# File produced by Open Asset Import Library (http://www.assimp.sf.net)
# (assimp v5.2.0)
mtllib white.mtl

mtllib arm_l_link3.mtl

# 2829 vertex positions
v  -0.0370157473 0.00210912991 -0.0591860972
v  -0.0390104353 -0.00120547134 -0.0541832
v  -0.0369974226 0.00211238489 -0.0542971529
v  -0.0390325673 -0.00120309182 -0.0593110025
v  0.0270269569 -0.00119946105 -0.0641179457
v  0.0250262488 0.00210738787 -0.0640084296
v  0.025005037 0.00210063346 -0.0591117144
v  0.0270150956 -0.00121613871 -0.0589893833
v  -0.0430074744 0.00211054832 -0.119191781
v  -0.0450090393 -0.00122311339 -0.114174217
v  -0.0430055894 0.00210833224 -0.114301756
v  0.041028332 -0.00119878748 -0.114187434
v  0.041009333 -0.00120097143 -0.119317025
v  0.0390086994 0.00211098976 -0.114309594
v  0.0390069187 0.00210797414 -0.119199246
v  -0.0450220592 -0.0011931425 -0.119306281
v  -0.0361866616 -0.0126224179 -0.0537366793
v  -0.0361866578 -0.0126224179 -0.0597633049
v  0.0240817461 -0.0156556647 -0.0646864921
v  0.0240674876 -0.0130808186 -0.0585584231
v  0.025821425 -0.00973069482 -0.0586594753
v  -0.0378999934 -0.00142240839 -0.0593722388
v  -0.0378999934 -0.0114224125 -0.0597214028
v  0.0258954503 -0.0128702447 -0.0645932555
v  0.0259000044 -0.00142240326 -0.0641901419
v  -0.0421866514 -0.0126224235 -0.113736689
v  -0.0421866514 -0.0126224253 -0.119763315
v  0.0381866731 -0.012622416 -0.113736674
v  0.0399000086 -0.00142240641 -0.11412774
v  0.0405722447 -0.0114459693 -0.113758564
v  -0.0438999869 -0.00142241421 -0.119372249
v  -0.0438999869 -0.0114224199 -0.119721413
v  0.0381866731 -0.0126224179 -0.1197633
v  -0.0378999971 -0.0114224125 -0.0537785813
v  -0.0438999869 -0.0114224181 -0.113778591
v  0.0399000086 -0.0114224125 -0.119721398
v  -0.0370577425 -0.00402208185 -0.0049996376
v  -0.0359094143 -0.00301992032 -0.00520768762
v  -0.0367512368 -0.00302241556 -0.00505921245
v  -0.0363169499 -0.00402478734 -0.00424274057
v  0.0364675298 -0.00402241107 -0.00501649082
v  0.0334833413 -0.00402241247 -0.0162238926
v  0.0364494175 -0.00302240928 -0.00503624231
v  0.034096837 -0.00302241021 -0.013877973
v  0.0342804641 -0.0250494592 -0.0131076053
v  0.0298965648 -0.00302241114 -0.021305155
v  0.0282699242 -0.0250282642 -0.0231542177
v  -0.0389042906 -0.00301776477 -0.0400766209
v  0.0237427372 -0.00402241014 -0.0293534882
v  0.0237133484 -0.00302241254 -0.0295268781
v  0.0227142442 -0.00302461162 -0.0297602676
v  0.0233753789 -0.0040125032 -0.0282331705
v  -0.038613908 -0.00402241992 -0.0280636288
v  0.0227045994 -0.00402032584 -0.0304177515
v  0.0260598511 -0.00402241619 -0.0492595583
v  0.0259083677 -0.00302241393 -0.0478255115
v  0.0246342383 -0.00305425725 -0.0467488132
v  -0.039676562 -0.00409182254 -0.046001073
v  -0.0398421697 -0.00417995499 -0.0474999622
v  -0.0493861064 -0.00302242488 -0.130166933
v  0.042105861 -0.00302241789 -0.108927831
v  0.0349503905 -0.0032019536 -0.0859839395
v  0.0295547806 -0.0040222723 -0.0667499378
v  0.0247167759 -0.00402542669 -0.0467624366
v  -0.0419945233 -0.00404221565 -0.0675000101
v  -0.0441369079 -0.0040224609 -0.0867500156
v  -0.0479843505 -0.00318320352 -0.12748602
v  -0.0419129208 -0.00406948384 -0.0660006106
v  0.047086563 -0.00402242132 -0.131329045
v  0.0449270755 -0.00318537652 -0.12601316
v  0.0403868109 -0.00404389435 -0.106378406
v  0.0352953151 -0.00402245158 -0.0875000879
v  -0.0482213385 -0.00402242877 -0.117764622
v  -0.0461278372 -0.00403599301 -0.105999932
v  -0.0462984517 -0.00407815306 -0.107498914
v  0.0484850183 -0.00302242022 -0.141973346
v  -0.0489591956 -0.00409944076 -0.146001816
v  -0.0489467345 -0.00335878902 -0.147508651
v  0.0488253459 -0.00302299531 -0.15608272
v  0.0479756892 -0.0040269806 -0.14712733
v  0.0506105348 -0.00402916595 -0.181124389
v  0.0505305268 -0.00302235829 -0.18118763
v  -0.0493207425 -0.0040549878 -0.165500224
v  -0.0493834317 -0.00308053009 -0.181202173
v  -0.0493186004 -0.00403615599 -0.164000064
v  -0.0505542643 -0.0040358426 -0.181169897
v  -0.0503098294 -0.00302239694 -0.18119362
v  0.0491787717 -0.00403186353 -0.165500402
v  0.0491202772 -0.00402626907 -0.164000124
v  0.0493534319 -0.00307165598 -0.181200206
v  0.0493132398 -0.00402453681 -0.176999956
v  -0.0493196622 -0.0040236949 -0.177000016
v  -0.0494618677 -0.00422947109 -0.178503096
v  0.0493052527 -0.00402242551 -0.178499967
v  0.0260181595 -0.00402789377 -0.0426452607
v  0.0247612353 -0.00402487582 -0.0291351639
v  -0.0365107432 -0.025012482 -0.00404240936
v  0.0364369191 -0.0250079222 -0.00399879366
v  0.0364983901 -0.00402241107 -0.00400000066
v  0.0371096246 -0.0247671828 -0.00502151996
v  -0.0376612023 -0.0179761015 -0.00502476841
v  -0.0379911736 -0.0040215319 -0.00502625853
v  -0.0366815887 -0.024955526 -0.00500110537
v  -0.0357820429 -0.013889065 -0.00758388638
v  0.0364128873 -0.00402261131 -0.010992296
v  0.0363123752 -0.0240609664 -0.0110294446
v  0.0319002643 -0.0040226467 -0.0208163448
v  0.0335380174 -0.0245509334 -0.017574653
v  -0.0400315598 -0.00405699061 -0.0305824019
v  -0.0365609713 -0.0102332234 -0.0188848116
v  0.0310036857 -0.0240645632 -0.0218807384
v  0.0272968728 -0.0243692454 -0.0263143033
v  0.0216466784 -0.0105803153 -0.0294771679
v  0.0216863323 -0.00804513972 -0.0314295515
v  0.022194434 -0.00889565051 -0.039998468
v  -0.050424207 -0.00402189139 -0.131559342
v  -0.0223955922 -0.00402241992 -0.0475000031
v  -0.0223955922 -0.00402241992 -0.0459999926
v  -0.0193203464 -0.0123992041 -0.0475000069
v  -0.0186719019 -0.0133573599 -0.0460000299
v  0.0223138575 -0.010915542 -0.0459979847
v  0.0227425657 -0.00421694666 -0.0460000075
v  0.0223955922 -0.00402241619 -0.0474999994
v  -0.047631558 -0.0103099812 -0.105563268
v  0.0235914122 -0.00872007385 -0.047499992
v  0.0204298981 -0.0100314878 -0.0474999994
v  0.0296054389 -0.00402959855 -0.0588239282
v  -0.0223955903 -0.00402242178 -0.0674999878
v  -0.0223955903 -0.00402242178 -0.0659999773
v  -0.0193203446 -0.0123992059 -0.0674999878
v  -0.0186719 -0.0133573618 -0.0659998804
v  0.0277784001 -0.0099136997 -0.0660007223
v  0.0227425676 -0.00421694852 -0.0660000518
v  0.022395594 -0.00402241806 -0.0674999878
v  0.0283853952 -0.00942975469 -0.0674999505
v  0.0204298999 -0.0100314897 -0.0674999878
v  0.0330822133 -0.0113566667 -0.085999921
v  0.0405628644 -0.00985969789 -0.103054821
v  0.0452305712 -0.00402170699 -0.11726959
v  -0.0427265875 -0.0161294602 -0.0859991014
v  -0.0223955885 -0.00402242364 -0.0860000178
v  -0.0223955885 -0.00402242364 -0.0874999687
v  -0.0193203427 -0.0123992078 -0.0874999687
v  -0.0204298869 -0.0100314952 -0.0860000178
v  0.0227425694 -0.00421695039 -0.0860000178
v  0.0223955959 -0.00402241945 -0.0874999687
v  -0.0436122678 -0.0113429036 -0.0874999389
v  0.033152923 -0.0127313659 -0.0874987394
v  0.0204299018 -0.0100314915 -0.0874999687
v  -0.0223955866 -0.00402242551 -0.107500009
v  -0.0223955866 -0.00402242504 -0.105999999
v  -0.0193203408 -0.0123992097 -0.107500009
v  -0.0186718963 -0.0133573655 -0.105999991
v  0.0378503278 -0.0139732603 -0.105999529
v  0.0227425713 -0.00421695225 -0.105999999
v  0.0223955978 -0.00402242132 -0.107500009
v  0.0387141183 -0.0126596764 -0.107501388
v  0.0186719149 -0.0133573636 -0.107500516
v  -0.0494638868 -0.0129212253 -0.135847583
v  0.0433947556 -0.0112443622 -0.125999108
v  0.0458681583 -0.0107183512 -0.126672864
v  -0.0479607545 -0.00411223853 -0.126000836
v  -0.0223955847 -0.0040224269 -0.127499983
v  -0.0223955847 -0.0040224269 -0.125999972
v  -0.019320339 -0.0123992097 -0.127499983
v  -0.0186718944 -0.0133573655 -0.126000002
v  0.0227425732 -0.00421695411 -0.125999972
v  0.0451764837 -0.0041047493 -0.127499312
v  0.0223955996 -0.00402242318 -0.127499983
v  -0.0460020714 -0.017216865 -0.127499476
v  0.0425133631 -0.0151585992 -0.127510056
v  0.0204299055 -0.0100314952 -0.127499983
v  0.0471919924 -0.00936338864 -0.145985782
v  0.0508982055 -0.00402453821 -0.155187875
v  0.0483610593 -0.0115618072 -0.142646343
v  -0.0500249341 -0.013317002 -0.157091826
v  -0.0223955829 -0.00402242877 -0.147499964
v  -0.0223955829 -0.00402242877 -0.145999953
v  -0.0466435216 -0.0172492042 -0.145999908
v  -0.0186718926 -0.0133573692 -0.145999953
v  -0.0193203371 -0.0123992115 -0.147499979
v  0.022742575 -0.00421695597 -0.145999953
v  0.043365974 -0.0203826204 -0.145999342
v  0.0223956015 -0.00402242504 -0.147499964
v  -0.0479884706 -0.0118741244 -0.147500068
v  0.0204299074 -0.0100314971 -0.147499964
v  0.0475166067 -0.00820646062 -0.147503376
v  0.0443400107 -0.0186476409 -0.147507459
v  -0.0511540547 -0.00402328419 -0.180684119
v  0.049941387 -0.0118604787 -0.161361605
v  -0.0350223035 -0.00402243156 -0.16549997
v  -0.0350223035 -0.00402243156 -0.16399996
v  -0.03222261 -0.0147953536 -0.16549997
v  -0.0332568735 -0.0117075555 -0.16399996
v  -0.0479805917 -0.0128156357 -0.163999036
v  0.0350223333 -0.00402242551 -0.16549997
v  0.0322226137 -0.0147954039 -0.163999945
v  0.0350223333 -0.00402242504 -0.16399996
v  0.0475686565 -0.0132466201 -0.163996696
v  0.0512516648 -0.00402685115 -0.18037498
v  -0.0468505993 -0.0171584617 -0.165500298
v  0.0473560914 -0.0138540436 -0.165499538
v  0.031602975 -0.0160782505 -0.165499985
v  0.0499929711 -0.0123622548 -0.180468112
v  -0.0350223035 -0.00402243249 -0.176999971
v  -0.0350223035 -0.00402243249 -0.178499982
v  -0.0453238189 -0.00402243342 -0.178499997
v  -0.0474658124 -0.00404056907 -0.178499997
v  -0.0480628535 -0.0121485498 -0.177000165
v  -0.0332568735 -0.0117075574 -0.176999971
v  -0.03222261 -0.0147953555 -0.178499982
v  0.0453238487 -0.00402242551 -0.178499967
v  0.035022337 -0.00402242644 -0.177214265
v  0.04804153 -0.011989899 -0.177000433
v  0.0322226137 -0.0147954058 -0.176999956
v  0.0474154353 -0.00403089821 -0.178499997
v  -0.0474141799 -0.00403932668 -0.182500005
v  -0.0453238189 -0.00402243389 -0.182500005
v  -0.0434698164 -0.0134620816 -0.18249999
v  -0.0434698164 -0.0134620797 -0.178499982
v  0.031602975 -0.0160782523 -0.178499967
v  0.0453238487 -0.00402242597 -0.182499975
v  0.0434698388 -0.0134620722 -0.178499967
v  0.0474599861 -0.00407608831 -0.182499975
v  0.0478057154 -0.0132397115 -0.178500652
v  0.0481842346 -0.0112008117 -0.181201011
v  0.0497634485 -0.0101381205 -0.181157023
v  -0.0434103645 -0.0198456105 -0.18249999
v  0.0416656248 -0.0188655593 -0.182499975
v  0.0240613203 -0.00913119316 -0.0296650939
v  0.023669472 -0.0084849447 -0.0316177756
v  -0.0505492538 -0.00946382992 -0.180538952
v  0.0235769767 -0.0122323204 -0.0444057509
v  0.0267144032 -0.0110714883 -0.0557702146
v  -0.042657014 -0.0214186329 -0.178499982
v  -0.0464991629 -0.0171937998 -0.178502783
v  0.0434104018 -0.0198456012 -0.178499997
v  0.0426570512 -0.0214186274 -0.182499975
v  -0.0376387723 -0.0152239222 -0.0107026175
v  0.0184121411 -0.0250416677 -0.031657923
v  -0.0479608662 -0.0120195225 -0.181167424
v  -0.0459153652 -0.0123806819 -0.113745362
v  -0.0465373024 -0.011422338 -0.119721368
v  -0.0403407812 -0.0167162623 -0.0674995109
v  -0.0472904742 -0.0186731648 -0.18112126
v  -0.0445966125 -0.0163967405 -0.107500263
v  -0.0441590659 -0.0179083124 -0.105999656
v  -0.0472659953 -0.015205346 -0.171085283
v  -0.0318138041 -0.00945963245 -0.169234231
v  -0.0320084803 -0.00898852851 -0.172288671
v  -0.0310855974 -0.0112169851 -0.171379447
v  0.0317720398 -0.00956067536 -0.169132441
v  0.0470467135 -0.015077753 -0.171512276
v  0.0319606252 -0.00910582766 -0.17328985
v  0.030962741 -0.0115130506 -0.172464013
v  0.0464751348 -0.0165533181 -0.168343872
v  0.0306999926 -0.012147693 -0.169951528
v  -0.0468696468 -0.0162756331 -0.174429104
v  -0.0312683918 -0.0107755344 -0.175094634
v  0.0195383169 -0.0122184791 -0.0342625864
v  -0.0469436795 -0.0163909867 -0.168678388
v  0.048309315 -0.017560821 -0.170247078
v  0.0393650308 -0.019351244 -0.112466946
v  0.0464342982 -0.0169763416 -0.174958616
v  0.0206645057 -0.0154530071 -0.0325396992
v  0.0212432034 -0.013411371 -0.0337377265
v  0.041983895 -0.0114225 -0.119721293
v  -0.0377716497 -0.0167351197 -0.0459999181
v  -0.0354812816 -0.0206079241 -0.0459926166
v  -0.0331994332 -0.0221715644 -0.0460000038
v  -0.0251950081 -0.0231594965 -0.0459991992
v  0.015168041 -0.0172384381 -0.0459999964
v  0.0173959006 -0.0169452038 -0.0459938571
v  -0.019813057 -0.0234728046 -0.0475085713
v  -0.0289710369 -0.0229934063 -0.0475113876
v  -0.0338631608 -0.0221024845 -0.0475001559
v  -0.0374789983 -0.0182207059 -0.0474990718
v  0.0202956107 -0.0142946076 -0.047500845
v  0.0142809385 -0.0179811381 -0.0475000031
v  -0.0392856337 -0.0194155611 -0.0659988299
v  -0.0353740044 -0.0240898803 -0.0659933463
v  -0.0312382486 -0.0256385114 -0.0659974143
v  0.0151680429 -0.01723844 -0.0660000145
v  0.0236876309 -0.0168178882 -0.0659974515
v  -0.0290948525 -0.0264505427 -0.0675036162
v  -0.0359286033 -0.0241315141 -0.0674979016
v  0.0244360864 -0.0165422317 -0.0674996674
v  0.0142809404 -0.0179811399 -0.0674999878
v  -0.0142809218 -0.0179811455 -0.0860000104
v  -0.038690336 -0.0245436318 -0.0859987363
v  -0.0346174128 -0.02813082 -0.0859983042
v  0.0151680447 -0.0172384419 -0.0860000178
v  0.0283162426 -0.0196647048 -0.0859999657
v  -0.0415360257 -0.0196034089 -0.0874999091
v  -0.0285553578 -0.0308649261 -0.0874974951
v  -0.0374161154 -0.0264174435 -0.0874984562
v  0.0142809413 -0.0179811418 -0.0874998719
v  -0.0402481519 -0.0261963718 -0.105999723
v  -0.0339264646 -0.032212805 -0.105997436
v  0.0151680466 -0.0172384437 -0.105999999
v  0.0322234891 -0.0233832747 -0.105999857
v  -0.041558668 -0.0245509688 -0.107500657
v  -0.0370832309 -0.0300378967 -0.107501812
v  0.0334518775 -0.0225458555 -0.107504547
v  -0.0452204905 -0.0192149505 -0.125999883
v  -0.0414110832 -0.0275293365 -0.125995934
v  -0.0381825566 -0.0315709524 -0.125998095
v  0.0151680484 -0.0172384456 -0.125999972
v  0.0391182154 -0.0217296164 -0.126000315
v  -0.0398559049 -0.0299427696 -0.127501294
v  0.0388470367 -0.0225855913 -0.127503082
v  0.0142809497 -0.0179811399 -0.127499834
v  -0.0437368788 -0.0250118002 -0.145996809
v  0.0151680503 -0.0172384474 -0.145999953
v  -0.0451734178 -0.0216813274 -0.147499844
v  0.0142809479 -0.0179811455 -0.147499904
v  0.0411017798 -0.0247568246 -0.147505254
v  -0.035929963 -0.0156970955 -0.0227245092
v  0.0206661709 -0.016745491 -0.0320272595
v  0.0304027665 -0.0128637496 -0.167348757
v  -0.0307268742 -0.0120825283 -0.172846958
v  -0.0302761178 -0.0131710898 -0.169951528
v  -0.0397654586 -0.0114224143 -0.0537785888
v  -0.0403571054 -0.0120228902 -0.0597423166
v  -0.0305398628 -0.0125325006 -0.167401493
v  0.0304877255 -0.0126590338 -0.175592065
v  -0.038958326 -0.0160454139 -0.035655614
v  -0.0331546292 -0.0114482008 -0.172966033
v  -0.0327902026 -0.0123278052 -0.172542438
v  -0.0332192034 -0.0112920403 -0.170226425
v  -0.0486989357 -0.0173319336 -0.17083776
v  0.0329192318 -0.012012789 -0.171334088
v  0.0331344567 -0.0114969723 -0.172991887
v  0.0331931226 -0.0113551356 -0.169912338
v  0.0482703894 -0.0177076142 -0.172870696
v  0.0321238562 -0.0139364246 -0.169951528
v  -0.0325477235 -0.0129130557 -0.169951528
v  -0.0395652801 -0.0126223266 -0.0537366495
v  0.0325869657 -0.0128183328 -0.172839403
v  0.0401843116 -0.0126224179 -0.113736674
v  -0.0463398062 -0.0126224142 -0.11976327
v  -0.0272431243 -0.0227016658 -0.163999945
v  -0.0440562665 -0.024175819 -0.164000064
v  0.0415815227 -0.0263635684 -0.164000005
v  0.0420754179 -0.0256801099 -0.165497273
v  -0.0453396961 -0.0200962573 -0.176997587
v  -0.0272431225 -0.0227016676 -0.176999986
v  0.0454090759 -0.0196404662 -0.176997244
v  -0.0367727056 -0.0272042863 -0.178499982
v  -0.0458495095 -0.0195690449 -0.167462692
v  0.0451257899 -0.0198926106 -0.167366952
v  -0.04536568 -0.0201854911 -0.175603196
v  -0.029605519 -0.0147826876 -0.17494376
v  -0.0323368385 -0.0134221129 -0.174053684
v  -0.0480663888 -0.0189342219 -0.173896357
v  0.0322776623 -0.0135652497 -0.174029946
v  0.047517471 -0.0196673013 -0.174034625
v  -0.0323294066 -0.013439985 -0.168946445
v  -0.0476980284 -0.0202409346 -0.168895856
v  0.0416118614 -0.0126223695 -0.119762912
v  -0.0300131217 -0.0138056334 -0.172464013
v  -0.0320845693 -0.0140311308 -0.172839418
v  0.0302490797 -0.0132361669 -0.172846958
v  -0.0485257767 -0.0170695856 -0.18036525
v  -0.0458777398 -0.0190387554 -0.106426857
v  0.0169375334 -0.015817143 -0.0363531932
v  0.0294552986 -0.0151526388 -0.168547496
v  0.0318972357 -0.0144838523 -0.169163048
v  0.0474012867 -0.0197160505 -0.168964952
v  0.0318814702 -0.0145217273 -0.172542423
v  0.0292476434 -0.0156557206 -0.173820823
v  0.0445565768 -0.0214419067 -0.174719572
v  0.0163593479 -0.016606506 -0.0342627726
v  -0.029331753 -0.0154507402 -0.168870583
v  -0.0317499042 -0.0148357078 -0.171334088
v  0.0298906788 -0.0141018759 -0.171379447
v  0.028910866 -0.016467141 -0.171362996
v  0.0439152606 -0.0213382859 -0.138108835
v  -0.0314369947 -0.0155976396 -0.170333475
v  -0.0377766415 -0.0257908329 -0.18249999
v  0.0377766825 -0.0257908218 -0.178499967
v  0.0149947442 -0.0197547711 -0.0333918072
v  -0.0289093647 -0.0164706223 -0.171573251
v  0.0239880159 -0.0188991055 -0.0642757565
v  -0.0363943204 -0.019594295 -0.0136719495
v  0.0171908233 -0.0173332691 -0.0475138091
v  0.017567357 -0.0179882534 -0.0357587263
v  -0.0315081254 -0.0154258944 -0.172801524
v  -0.0472300462 -0.0210086554 -0.173693001
v  0.031321153 -0.015874939 -0.17199415
v  0.0465495177 -0.0217957105 -0.172759086
v  0.0460023582 -0.021588454 -0.155693859
v  0.045761399 -0.0188128948 -0.181212842
v  0.0453285053 -0.0231327247 -0.181172192
v  -0.0448302962 -0.0210398547 -0.181126684
v  0.0471957177 -0.0205252655 -0.180268466
v  0.0466218032 -0.0217318926 -0.170221865
v  -0.0467888936 -0.0221939236 -0.171416894
v  -0.0447299965 -0.022062704 -0.169151619
v  0.0438965559 -0.0225643143 -0.170904189
v  0.0175783169 -0.0193604287 -0.0449230149
v  0.0193632934 -0.0217310004 -0.0599758849
v  -0.0442712046 -0.0228205509 -0.171697468
v  -0.00984420907 -0.0207480621 -0.0475000069
v  -0.00878696237 -0.0212179385 -0.0459999964
v  0.0109266071 -0.0213722754 -0.0460053012
v  -0.0098442072 -0.0207480639 -0.0674999878
v  -0.0087869605 -0.0212179404 -0.0659999773
v  -0.0220373739 -0.0272771399 -0.0659993067
v  0.0173517838 -0.0225992687 -0.0659998655
v  -0.018907601 -0.0277042873 -0.0675000176
v  0.0181956831 -0.022463847 -0.0674998611
v  -0.00984420534 -0.0207480658 -0.0874999687
v  -0.0240888577 -0.0316853337 -0.0859999582
v  0.0195242651 -0.0279018003 -0.085999161
v  -0.0163358729 -0.0331646204 -0.0875001177
v  0.0236297157 -0.0253739115 -0.0874991938
v  -0.00984420348 -0.0207480676 -0.107500009
v  -0.00878695771 -0.0212179441 -0.105999969
v  -0.0248906557 -0.0360892899 -0.105999552
v  0.0217251871 -0.0329863392 -0.10599947
v  -0.0320791602 -0.0335025676 -0.107501052
v  0.0276709925 -0.0288028196 -0.107503057
v  0.0208624192 -0.0339001827 -0.10750176
v  0.00878697913 -0.0212179441 -0.107500181
v  -0.00984420255 -0.0207480695 -0.127499983
v  -0.00878695585 -0.021217946 -0.125999972
v  -0.031372264 -0.0368844606 -0.125999689
v  0.0313498005 -0.0311373211 -0.125999868
v  0.0213815514 -0.0386837386 -0.125997275
v  -0.0246812366 -0.04050887 -0.127507105
v  -0.031415619 -0.0371428803 -0.127503648
v  0.028018862 -0.0347397998 -0.127501428
v  -0.0276433397 -0.0413012989 -0.146000192
v  -0.00878695399 -0.0212179478 -0.145999938
v  -0.0362441018 -0.0351449847 -0.145980462
v  -0.00984420069 -0.0207480714 -0.147499964
v  0.0349010676 -0.0325405523 -0.145991862
v  -0.0399340838 -0.0310740657 -0.147499233
v  -0.0314373076 -0.0390562862 -0.147503778
v  0.0357331969 -0.0318581089 -0.147504658
v  0.0256358124 -0.040268261 -0.147507608
v  -0.0347779989 -0.018215524 -0.0155043975
v  0.0341488197 -0.027334284 -0.1133966
v  0.0429060161 -0.0248057079 -0.178512335
v  -0.0356174707 -0.0207615122 -0.0175906643
v  -0.0366371907 -0.02030457 -0.03230929
v  -0.0466952212 -0.0233997311 -0.153159097
v  -0.0452055596 -0.0242748056 -0.120927542
v  -0.0342490859 -0.0207153149 -0.0129027963
v  0.0120777041 -0.0198385306 -0.0386455581
v  0.0135487188 -0.0194669832 -0.0350982547
v  0.0222117063 -0.0243670158 -0.0307088234
v  0.0122117149 -0.0207659621 -0.047519993
v  -0.0226345658 -0.0273026861 -0.1655
v  -0.0366522931 -0.0346570015 -0.163994119
v  0.0226346012 -0.0273026805 -0.163999945
v  -0.0423416086 -0.0268815551 -0.165499046
v  -0.0361526832 -0.0349458382 -0.165499911
v  0.0215201415 -0.0281901546 -0.165499955
v  -0.0406671092 -0.0286238156 -0.177000046
v  -0.0226345658 -0.027302688 -0.178499982
v  0.0226346031 -0.0273026824 -0.176999956
v  0.0396854058 -0.0297614709 -0.177001059
v  0.0215201434 -0.0281901564 -0.178499967
v  -0.0332880281 -0.020228792 -0.0208710879
v  0.0150978193 -0.0238450877 -0.0348624215
v  -0.0376844369 -0.0241892841 -0.00504998863
v  0.012951266 -0.0216719359 -0.0381002836
v  0.0110974405 -0.0207613055 -0.0365236625
v  0.0143763786 -0.025332585 -0.0614804551
v  0.0123929614 -0.0232630521 -0.0366087221
v  0.00376013131 -0.0226569604 -0.0459999926
v  0.00261439756 -0.0228177253 -0.0475000031
v  0.00376013271 -0.0226569623 -0.0659999773
v  0.00945344102 -0.0265117828 -0.065999642
v  0.00328608812 -0.028154783 -0.067499876
v  0.0105097732 -0.0265171565 -0.0674997196
v  0.00261439919 -0.0228177272 -0.0674999878
v  -0.00626107212 -0.0218938906 -0.0860000178
v  -0.0090855509 -0.0332632363 -0.0859996304
v  0.00376013503 -0.0226569641 -0.0860000178
v  0.0128769362 -0.0315755047 -0.0875011384
v  0.00261440245 -0.022817729 -0.0874998644
v  -0.013679862 -0.0385285094 -0.106000178
v  0.00376013643 -0.022656966 -0.105999999
v  -0.016697919 -0.0385443233 -0.107499927
v  -0.0212357808 -0.0414330103 -0.125997424
v  -0.0117769483 -0.043668665 -0.125995889
v  0.00376013829 -0.0226569679 -0.125999972
v  -0.0108932061 -0.0440818407 -0.127500087
v  0.0197775941 -0.0398392379 -0.127507478
v  0.00261440477 -0.0228177328 -0.127499938
v  -0.0140836919 -0.0465594456 -0.145996496
v  0.00376013969 -0.0226569697 -0.145999953
v  0.0214372482 -0.0425761156 -0.145999134
v  -0.0119519206 -0.0470396131 -0.147499904
v  -0.0232974906 -0.0436172709 -0.147507876
v  0.0026144064 -0.0228177346 -0.147499934
v  0.0142739937 -0.0458895154 -0.14749974
v  -0.0357113071 -0.0235930849 -0.0131130144
v  -0.0390168838 -0.0325551592 -0.181111529
v  -0.0326064117 -0.0212301165 -0.0349092782
v  0.0433766469 -0.0277635977 -0.180458158
v  -0.0322776325 -0.0221710578 -0.0171182305
v  -0.0311710984 -0.0215453375 -0.0210047252
v  0.0414101556 -0.0272254925 -0.181225479
v  -0.0449504294 -0.0250049829 -0.180526152
v  -0.0303374715 -0.0211690087 -0.025280904
v  -0.0339543372 -0.0223236904 -0.0207052045
v  0.00976659358 -0.022374671 -0.0354089215
v  0.00725635141 -0.0219477899 -0.0395435132
v  -0.0338034295 -0.0226280317 -0.0323786661
v  0.00926523097 -0.0249349251 -0.0504378453
v  -0.0329261161 -0.0250371303 -0.0157965496
v  -0.0415668525 -0.0271043163 -0.178503931
v  -0.0216583721 -0.0222339537 -0.0329429433
v  -0.0218583941 -0.0223812219 -0.0379129276
v  -0.0374489315 -0.0242245868 -0.0613978282
v  0.0273799486 -0.0340703018 -0.114310443
v  -0.0234387144 -0.022768151 -0.0280139372
v  -0.0291678701 -0.0225466304 -0.0219831169
v  0.00504796486 -0.0235052668 -0.0475010015
v  0.00948204007 -0.0233095158 -0.0391114317
v  -0.0339383036 -0.0246963222 -0.0161785632
v  -0.0034202789 -0.0235564467 -0.0459997058
v  0.00320201484 -0.0234174989 -0.0459989794
v  0.000815123436 -0.0277536269 -0.0659999251
v  0.00570881739 -0.0330686383 -0.0859980583
v  0.00337135349 -0.0338351913 -0.0875004902
v  1.05355866e-08 -0.0227724202 -0.107500009
v  -0.00236720941 -0.039316643 -0.105999291
v  0.00782225654 -0.038488742 -0.106000066
v  0.000117937452 -0.0398388132 -0.107506812
v  0.00785794482 -0.038961798 -0.107505247
v  0.00253320392 -0.0442901887 -0.125999972
v  0.0133828167 -0.0421142131 -0.125995949
v  0.0126683731 -0.0427808836 -0.127519995
v  0.0096594803 -0.0467084944 -0.145999938
v  0.00107745919 -0.0481208265 -0.147508293
v  -0.0159557238 -0.0228943024 -0.0329117551
v  0.00644506887 -0.022803897 -0.0359304287
v  0.0041557746 -0.0226667579 -0.0401018821
v  -0.0307314228 -0.023370903 -0.0246509872
v  0.00725340378 -0.0248983055 -0.0358516276
v  -0.0002886203 -0.0229409076 -0.0365387462
v  -0.0293231867 -0.0249127429 -0.0218367763
v  -0.0319540203 -0.03546758 -0.18249999
v  0.0302359741 -0.0343280174 -0.182499975
v  0.00822785217 -0.0244039297 -0.0568938702
v  0.038186755 -0.0301885977 -0.138657451
v  0.0082081221 -0.024325164 -0.0371499471
v  -0.00896693207 -0.0226475596 -0.0378825478
v  -0.00827674288 -0.0228255875 -0.0356044732
v  -0.0028603496 -0.023006985 -0.0402412675
v  0.0128721381 -0.0246689636 -0.0353022553
v  0.00285763177 -0.0256777685 -0.0578053594
v  -0.0222255494 -0.0248836745 -0.0290519893
v  0.00417129602 -0.0445590466 -0.127515897
v  -0.00346418982 -0.0479413047 -0.145988658
v  -0.0271822568 -0.0236501172 -0.0296850391
v  -0.0326357558 -0.0254941527 -0.0542229824
v  -0.0152685763 -0.0248968955 -0.0331981033
v  -0.00837226119 -0.0249895062 -0.0355554931
v  -0.00257039256 -0.0249259286 -0.0364909954
v  -0.0277739279 -0.0240696669 -0.0381924473
v  -0.0349404402 -0.0246523563 -0.0137589276
v  -0.0409355946 -0.0291359536 -0.108434431
v  0.00459038001 -0.0247468259 -0.0404598303
v  -0.0138402311 -0.0247713216 -0.0389851406
v  0.0400792062 -0.0313589126 -0.158195734
v  0.00014998042 -0.0260586534 -0.0487534069
v  -0.0376971848 -0.032158792 -0.181085512
v  -0.0271207038 -0.0268745422 -0.057429146
v  -0.0424792208 -0.0309293177 -0.155046865
v  -0.0346504711 -0.0325123221 -0.178499982
v  0.0319540463 -0.0354675874 -0.178499967
v  0.0306374971 -0.0366115496 -0.182499975
v  -0.0423546359 -0.0303979591 -0.133502185
v  -0.014720167 -0.0322691798 -0.164000064
v  0.0319659822 -0.0373868793 -0.163996994
v  0.0311611872 -0.0382723846 -0.165500045
v  -0.0347402804 -0.0355457105 -0.177000001
v  -0.0147201624 -0.0322691835 -0.176999971
v  0.0289305709 -0.0402414128 -0.176999986
v  -0.0270068888 -0.0366404206 -0.178499982
v  -0.019421421 -0.0280313566 -0.0604244247
v  0.00791274291 -0.0295111705 -0.068167381
v  -0.00015213259 -0.0287078526 -0.06168174
v  0.0185688324 -0.0370377898 -0.106222235
v  -0.0354969315 -0.0313697904 -0.0940936282
v  0.0370324925 -0.0329311937 -0.17850396
v  -0.0398663133 -0.0325377993 -0.180345699
v  -0.0297546592 -0.0348330624 -0.0980755761
v  0.0384489074 -0.0339645259 -0.18101415
v  0.0101926439 -0.0403462984 -0.107008651
v  -0.0116306376 -0.0332983993 -0.16549997
v  -0.0257396922 -0.0431179442 -0.164001167
v  0.011630686 -0.0332983956 -0.163999945
v  0.0193021856 -0.045358751 -0.163994521
v  -0.0293928292 -0.0405739285 -0.165500075
v  -0.0209411345 -0.0452653989 -0.1655
v  0.0173332766 -0.0460787565 -0.165500104
v  0.011630686 -0.0332983956 -0.165499955
v  -0.0260929689 -0.0424184389 -0.176999658
v  -0.0116306366 -0.033298403 -0.178499982
v  0.0116306869 -0.0332983993 -0.176999956
v  0.0150927771 -0.047301989 -0.177000433
v  -0.013460231 -0.0437249243 -0.178499982
v  0.0116306869 -0.0332983993 -0.178499967
v  0.0238439254 -0.0390423499 -0.178499967
v  -0.0230018571 -0.0377931222 -0.101858087
v  -0.023843905 -0.0390423462 -0.18249999
v  0.030723827 -0.0376928188 -0.139206082
v  0.0353193246 -0.0347196795 -0.181228697
v  -0.0372847021 -0.0356803462 -0.129823178
v  -0.0346321873 -0.0354892239 -0.178506374
v  -0.0116461711 -0.0410389937 -0.106496677
v  0.00193689321 -0.0441128649 -0.116101533
v  -0.0372132286 -0.0370293073 -0.157695487
v  -0.0225731079 -0.042068515 -0.178500026
v  -0.0278231669 -0.0411062315 -0.178496987
v  0.0343038328 -0.0373801775 -0.158081084
v  -0.0006148924 -0.0354761481 -0.165499955
v  0.000614914577 -0.0354761481 -0.164000049
v  -0.0123974141 -0.0481123626 -0.16399394
v  0.0097592352 -0.0483753979 -0.163984805
v  -0.0109341573 -0.0483306982 -0.165500164
v  -0.0144257862 -0.0474322215 -0.177000061
v  -0.00261693588 -0.0495946482 -0.176999688
v  0.000614916091 -0.0354761481 -0.176999986
v  -0.000614891178 -0.0354761481 -0.178499982
v  -0.0261933971 -0.0435005464 -0.181136176
v  0.032200221 -0.0402036458 -0.180338144
v  0.0199952908 -0.0433348008 -0.132694736
v  0.0300466828 -0.0409362093 -0.181182384
v  -0.0343843549 -0.0382547341 -0.18052575
v  -0.00260730693 -0.0494730696 -0.163992912
v  -0.00132223289 -0.0494128838 -0.165501982
v  0.00868242327 -0.0485475138 -0.165500283
v  0.00569537096 -0.0453947671 -0.178499967
v  -0.0309001077 -0.0404304191 -0.132126749
v  0.0272498745 -0.041385714 -0.178503871
v  0.0291511212 -0.0399863645 -0.181229532
v  -0.0267744064 -0.0417754315 -0.181112066
v  0.0277029723 -0.0425340161 -0.157589763
v  -0.0152319726 -0.0452485867 -0.18249999
v  0.0134602794 -0.0437249206 -0.182499975
v  -0.0309427325 -0.0421444885 -0.160100549
v  -0.0201415326 -0.0437652059 -0.124933869
v  -0.0203503948 -0.0451808833 -0.178500429
v  0.0152320452 -0.045248583 -0.178499967
v  0.0188809689 -0.0436086617 -0.182499975
v  -0.0276457407 -0.0433845185 -0.180527017
v  0.00940059312 -0.0472129807 -0.135170445
v  0.0215145797 -0.0446537584 -0.181230575
v  0.0253154635 -0.0447126292 -0.180851221
v  -0.0238970164 -0.0445799008 -0.138637573
v  -0.00569533277 -0.0453947671 -0.18249999
v  -0.00745937228 -0.0470838025 -0.130457461
v  0.0185232386 -0.0459596813 -0.17849949
v  0.0173245687 -0.0464028306 -0.144460529
v  -0.0236698687 -0.0462943874 -0.160668597
v  0.0112454714 -0.0500261486 -0.18110311
v  0.0181952156 -0.0480546057 -0.167747229
v  -0.00400008075 -0.0475768112 -0.178499982
v  -0.011636327 -0.0482003987 -0.178498045
v  0.00400010962 -0.0475768112 -0.182499975
v  -0.0158978812 -0.0472731926 -0.139631018
v  -0.0201608222 -0.0473387875 -0.180529624
v  0.0179906711 -0.0482644923 -0.180449903
v  -0.0120121483 -0.0481256098 -0.181167349
v  0.00206746184 -0.0497559197 -0.144802094
v  0.0105516268 -0.0484616645 -0.181214452
v  -0.0129689919 -0.0495928302 -0.181043461
v  -0.000702773104 -0.0495712198 -0.178502887
v  0.00907652266 -0.0486847311 -0.178499609
v  -0.0156895611 -0.049255196 -0.161092788
v  0.0107575115 -0.0499751605 -0.160644442
v  -0.00738456473 -0.0498996936 -0.148770362
v  -0.00221605645 -0.0494601391 -0.181196213
v  0.00278566242 -0.0507058799 -0.181174457
v  0.00211045425 -0.0514293201 -0.167228848
v  -0.00685968343 -0.0510756746 -0.16648896
v  -0.00595209841 -0.0511065498 -0.180547208
v  0.00171922776 -0.0514527597 -0.180471987
v  -0.00763125718 0.0507415421 -0.159558058
v  0.00219838368 0.0509705357 -0.158100873
v  -0.000846773561 0.0514527299 -0.177370906
v  0.000729358289 0.0514413752 -0.177106887
v  -0.000880501349 0.0499855503 -0.177219212
v  -0.00752812624 0.0508918166 -0.180595636
v  -0.00100458099 0.0513070077 -0.180978686
v  0.000947322813 0.0499854572 -0.177437067
v  0.00624230225 0.0509044789 -0.181058854
v  0.00100009888 0.0513843931 -0.180543751
v  0.00100251427 0.0504817292 -0.181223512
v  0.0132996663 0.0492276996 -0.158926234
v  0.0135254702 0.0497068241 -0.180578843
v  -0.00100254954 0.0499956198 -0.181226045
v  -0.00750569999 0.0487586744 -0.140367627
v  0.00254097744 0.048951827 -0.140221044
v  -0.0154792732 0.0488922521 -0.181092948
v  -0.0167668816 0.0488200486 -0.15940401
v  -0.0027838177 0.0493897088 -0.181195319
v  0.0210482217 0.0466044396 -0.181164324
v  0.00916722044 0.0486887619 -0.181212306
v  -0.0165287126 0.0471096784 -0.13987124
v  -0.00762660615 0.0488240048 -0.181179404
v  0.00231607072 0.0493816286 -0.178500026
v  0.00671168324 0.0491808355 -0.177000493
v  -0.00237357081 0.0494127832 -0.165501863
v  -0.00346164452 0.0494179092 -0.176999241
v  -0.00822398439 0.0488882363 -0.178512216
v  0.00339965778 0.0474496819 -0.178499281
v  -0.00492457394 0.0351112597 -0.176999971
v  0.00836877711 0.0485558845 -0.165500358
v  0.00824768469 0.03425752 -0.176999971
v  0.0118484106 0.04813217 -0.178502575
v  -0.00731605012 0.0469502881 -0.17850244
v  0.0210153591 0.0448706672 -0.181229249
v  0.00843636878 0.0471761711 -0.13377367
v  0.00824768376 0.03425752 -0.16549997
v  -0.00343061844 0.0352884941 -0.16549997
v  0.0134882601 0.0473885722 -0.163993031
v  0.00943013653 0.0470652469 -0.147513464
v  -0.00103121949 0.0494218357 -0.163986385
v  -0.00492457487 0.0351112597 -0.16399996
v  0.00824768376 0.03425752 -0.16399996
v  -0.0105663771 0.0484638251 -0.163991421
v  0.0233528931 0.0458904095 -0.180582896
v  -0.015193033 0.0472262949 -0.177000195
v  -0.00560649298 0.0479891524 -0.147500843
v  -0.0171166454 0.046687711 -0.165500253
v  0.0191641897 0.0438297465 -0.178498
v  0.0183963049 0.0451234765 -0.139777631
v  0.0243613459 0.0446174368 -0.158479497
v  -0.00149181741 0.0442617796 -0.116530463
v  -0.0238664877 0.0455410257 -0.180826515
v  -0.024912579 0.0455811173 -0.158711314
v  -0.0173216779 0.0463686436 -0.178531438
v  -0.0189623013 0.0457164273 -0.18113783
v  -0.0116042783 0.0438885354 -0.117898539
v  0.0185235273 0.0459037088 -0.176999897
v  0.0172999911 0.046098467 -0.165500417
v  0.00381889218 0.022616582 -0.147499993
v  -0.0266558044 0.0425303765 -0.131433129
v  -0.0063548889 0.0218303874 -0.145999953
v  0.0026546896 0.0227824859 -0.145999923
v  -0.00195221277 0.0479557961 -0.145987689
v  -0.0133207189 0.0466541462 -0.145990282
v  -0.0167477094 0.0468842499 -0.16399169
v  0.00380011764 0.0474775806 -0.18250227
v  -0.0135149062 0.0457638763 -0.182493716
v  0.00556593202 0.0453559346 -0.18249999
v  0.00796499848 0.0471681766 -0.14598681
v  -0.00891683437 0.0211334955 -0.147499993
v  0.0253506768 0.0425722077 -0.178509265
v  0.0191163681 0.0298624188 -0.176999971
v  -0.0193285383 0.0435424447 -0.178501695
v  -0.0093537597 0.044505734 -0.182500005
v  0.0219073445 0.0424408279 -0.18249926
v  0.0233545396 0.0392807797 -0.18249999
v  -0.0160374511 0.031376455 -0.176999986
v  -0.0210849419 0.0424705446 -0.120533213
v  0.0191163663 0.0298624188 -0.164000094
v  0.0221350975 0.0438736156 -0.163992882
v  -0.0219968036 0.0441421568 -0.147506893
v  -0.0271432623 0.0430370159 -0.181135386
v  0.002528643 0.0445693955 -0.127499923
v  -0.0172960237 0.0429478474 -0.127501577
v  0.00661038235 0.0410577357 -0.106982127
v  -0.0280265603 0.0406952091 -0.181108803
v  -0.0241106804 0.043311812 -0.178508043
v  0.0128069147 0.0442579761 -0.136020541
v  -0.016037453 0.031376455 -0.163999975
v  -0.0215418283 0.0441849642 -0.145989835
v  0.0131635666 0.0437599458 -0.178499982
v  -0.00556591153 0.0453559346 -0.178499997
v  0.00824768469 0.03425752 -0.178499982
v  -0.00343061751 0.0352884941 -0.178499982
v  0.0241050832 0.0411634259 -0.147500902
v  -0.016037453 0.031376455 -0.165499985
v  -0.0295785889 0.0406648628 -0.163998991
v  0.0157797039 0.0412786901 -0.116865575
v  0.0212572441 0.0425678045 -0.145992398
v  -0.0283706225 0.0412663221 -0.165499836
v  -0.0275328904 0.0413672924 -0.176999956
v  -0.0319091752 0.0403485186 -0.180460334
v  0.0163184386 0.0414966755 -0.127500102
v  0.0325874463 0.0399238877 -0.180590287
v  0.0203661136 0.0290248953 -0.16549997
v  0.00381889078 0.0226165839 -0.127499983
v  -0.00891683623 0.0211334992 -0.127499998
v  -0.0233545061 0.0392807759 -0.178499997
v  -0.0218831077 0.040118631 -0.182500005
v  0.0203661155 0.0290248953 -0.178499982
v  -0.03415443 0.0397942103 -0.157225817
v  0.0276778471 0.0390471816 -0.134299114
v  -0.0294863861 0.0403213501 -0.147504866
v  -0.0153627573 0.0170362853 -0.145999968
v  -0.0267870147 0.0392038971 -0.182500005
v  -0.00593422633 0.0396646447 -0.107500926
v  -0.00998066738 0.0437978655 -0.125995874
v  0.00333113805 0.0442332588 -0.12600027
v  -0.0419507809 0.0265938137 -0.125998616
v  -0.0455037132 0.0183562692 -0.125999957
v  -0.0475990325 0.00670775818 -0.125999987
v  -0.0439999886 -0.00261402177 -0.125999972
v  -0.0153627591 0.0170362871 -0.125999972
v  -0.0306718815 0.0372439213 -0.125999123
v  -0.00635488983 0.0218303893 -0.125999972
v  0.0026546875 0.0227824878 -0.125999972
v  0.0144692399 0.0178008396 -0.125999972
v  0.0400000103 -0.00141401798 -0.125999972
v  0.00419237185 0.0394781046 -0.107500151
v  -0.0320952646 0.0397206321 -0.13321647
v  0.0267598331 0.0411592349 -0.165500045
v  0.0277739838 0.0408937931 -0.176999986
v  0.016607197 0.0410047919 -0.125996649
v  -0.026595166 0.0234536789 -0.163999975
v  0.0153627638 0.0170363095 -0.147499964
v  0.0322039798 0.0372816063 -0.163994402
v  -0.0201104674 0.037735641 -0.107503034
v  -0.0203104839 0.041635219 -0.125999779
v  0.0144692427 0.0178008378 -0.145999938
v  0.0339171886 0.03780118 -0.158081591
v  -0.0328779928 0.0371461362 -0.178504825
v  -0.0255760662 0.0245603696 -0.165499985
v  0.0301195662 0.0392690115 -0.181230664
v  0.0139663285 0.0371634699 -0.107500039
v  -0.0312539637 0.0371877477 -0.127505779
v  -0.0320567265 0.038419228 -0.146000147
v  -0.0367020741 0.0354565829 -0.181106597
v  0.0333463475 0.0384623297 -0.181172371
v  -0.0193554442 0.0295751207 -0.0670058727
v  -0.0361367539 0.0377616994 -0.14578405
v  -0.0160374511 0.031376455 -0.178499997
v  0.0264801066 0.0369783267 -0.178499982
v  0.0197973382 0.0363016166 -0.105938807
v  0.0311837625 0.0361017287 -0.145994008
v  0.028823724 0.0339253508 -0.127499208
v  -0.027609447 0.0354157165 -0.107501686
v  -0.0339078419 0.0337483957 -0.17849794
v  0.0153627619 0.0170363113 -0.127499983
v  0.0371117368 0.0329203866 -0.178510785
v  0.0349731855 0.0324953608 -0.178498924
v  0.0372120366 0.0322906226 -0.165494934
v  0.037303634 0.0326097719 -0.176999897
v  -0.0366838947 0.0333821476 -0.18108961
v  -0.0170812346 0.0150124189 -0.147499964
v  -0.0265951641 0.0234536771 -0.176999927
v  -0.0464698784 -0.00118273334 -0.107500896
v  -0.0443009809 0.0176853985 -0.107499905
v  0.00381888892 0.0226165857 -0.107500009
v  -0.00891683623 0.0211335011 -0.107500017
v  -0.0170812383 0.0150124226 -0.107500017
v  -0.0439999886 -0.00141402381 -0.107500017
v  0.0408320315 -0.00137293839 -0.107494727
v  0.0153627601 0.0170363132 -0.107500009
v  -0.0386058204 0.0340226702 -0.180546999
v  0.0400502346 0.0323727019 -0.180730492
v  0.0371021554 0.0302731022 -0.147502154
v  -0.0170812365 0.0150124207 -0.127499983
v  -0.0387426168 0.027947966 -0.182499677
v  0.0380809903 0.0288179703 -0.182497576
v  0.0371950269 0.0265615173 -0.18249999
v  -0.0368641503 0.0342367664 -0.165499866
v  -0.0131952232 0.0384879932 -0.105999909
v  -0.0063548917 0.0218303911 -0.105999999
v  0.00124191586 0.0392731428 -0.106000111
v  0.00265468587 0.0227824897 -0.105999999
v  -0.0348145925 0.0362448506 -0.147503465
v  0.00410592556 0.0336746424 -0.0875000358
v  -0.0102248536 0.033650361 -0.0875003114
v  -0.0293539036 0.0289984643 -0.0705510154
v  -0.0380601548 0.0321282484 -0.176999509
v  -0.0391143858 0.0337265804 -0.127657324
v  0.015469281 0.0362568274 -0.105998993
v  -0.0347703397 0.0317792818 -0.107501477
v  -0.015362761 0.017036289 -0.106000006
v  0.0367181413 0.033136379 -0.181230515
v  0.0359540172 0.0316388942 -0.133717969
v  -0.0365823433 0.0332937911 -0.12751168
v  0.0288972128 0.0334420949 -0.126000643
v  0.0232997797 0.0322266817 -0.107503764
v  -0.0261101443 0.0314760655 -0.0875012949
v  -0.0239198301 0.0362766795 -0.105998807
v  0.0125915697 0.031666927 -0.0874999762
v  0.00502800755 0.0300310217 -0.0676620677
v  -0.0374071822 0.0298515446 -0.0931466147
v  -0.0255760644 0.0245603677 -0.178499997
v  -0.0371949971 0.0265615266 -0.178499997
v  -0.0335210152 0.0307442993 -0.182500005
v  0.036185123 0.0279206075 -0.178499982
v  -0.0404162854 0.030512359 -0.147498906
v  -0.0392474197 0.031532459 -0.163998932
v  -0.0417839736 0.0318610221 -0.155429006
v  -0.0397092886 0.031292405 -0.145995557
v  -0.0350242555 0.0266727004 -0.0675933287
v  0.0275304522 0.0307899266 -0.104991734
v  0.0409597568 0.0303332359 -0.181159809
v  0.0398112349 0.0314854942 -0.157944083
v  0.0144692389 0.0178008415 -0.106000058
v  -0.0323295072 0.0328852274 -0.1059995
v  0.0306855123 0.0259390958 -0.107501455
v  0.0202313941 0.0276658293 -0.0874998793
v  -0.0381388292 0.0315419622 -0.125998765
v  -0.0404813662 0.028667897 -0.178507119
v  0.00381888659 0.0226165876 -0.0874999687
v  -0.00891683809 0.0211335029 -0.0874999687
v  0.0183221363 0.0253739823 -0.068364054
v  0.0103327269 0.0320917107 -0.0859994888
v  0.00224480103 0.0281137712 -0.067500174
v  0.000266552437 0.0334262587 -0.085999921
v  -0.00381888682 0.0226165876 -0.0860000178
v  -0.045060426 0.0270734541 -0.146811962
v  0.0285630599 0.020643061 -0.176999971
v  0.0259528626 0.0296848267 -0.106000051
v  -0.0248759892 0.027242776 -0.0674996376
v  -0.020671485 0.0322442353 -0.0859977752
v  -0.0153627619 0.0170362908 -0.0860000178
v  0.00891688187 0.0211334936 -0.0860000178
v  0.0409252159 0.0272161141 -0.164000645
v  0.028563058 0.0206430629 -0.16399996
v  0.028563058 0.0206430629 -0.16549997
v  0.0362089276 0.026239045 -0.127505839
v  -0.0377978645 0.0291743726 -0.105998963
v  -0.0443133302 0.0261812694 -0.180535465
v  0.013224517 0.0254991781 -0.0674992949
v  -0.0170812402 0.0150124244 -0.0874999687
v  -0.0423168726 0.0273671206 -0.108833767
v  -0.0460321493 0.0217638202 -0.181147367
v  0.0447807163 0.0241364706 -0.156982824
v  -0.0428911634 0.0259855874 -0.165496886
v  0.0425558351 0.022207642 -0.146000683
v  -0.0422820114 0.0262578465 -0.127503574
v  0.0380308628 0.0234446358 -0.125998989
v  -0.0308624264 0.0296095572 -0.085998483
v  -0.0410421155 0.025158694 -0.107499823
v  -0.0353158824 0.0278462432 -0.0874991417
v  -0.0411566831 0.0198848881 -0.182500005
v  0.0285630599 0.020643061 -0.178499982
v  0.0153627582 0.0170363151 -0.0874999687
v  -0.0221116263 0.00613442296 -0.105999999
v  0.0268238764 0.0220694691 -0.0874999464
v  -0.0438349918 0.0246781874 -0.145999789
v  0.00765211508 0.0252834428 -0.050669834
v  0.0423724353 0.0226653907 -0.133102089
v  0.0425563082 0.0252610873 -0.181207195
v  0.0240700003 0.0244953316 -0.0859990269
v  0.046124775 0.0229404587 -0.180515692
v  -0.0204016119 0.0264218897 -0.0527180173
v  0.00183683704 0.0262785815 -0.0511518121
v  0.0339023583 0.0236934088 -0.103853792
v  0.0445052572 0.0217145719 -0.178501889
v  0.0436435305 0.023248814 -0.176999509
v  0.043931514 0.0224370994 -0.170150146
v  -0.0221116282 0.00613442389 -0.0860000178
v  -0.0356496684 0.0273388587 -0.0859993175
v  0.000809720368 0.0289859995 0.0337518454
v  -0.0120182317 0.0289859995 0.0331238881
v  0.00511325523 0.0289859995 0.03486377
v  -2.09547579e-08 0.0249859914 0.0349999815
v  0.0120182252 0.0249860063 0.0331238881
v  -0.0164129138 0.0289859995 0.0295035765
v  -0.0134768859 0.0249859598 0.0325577036
v  0.0178087987 0.0289859995 0.0286825821
v  0.0165853892 0.0289859995 0.0308208615
v  -0.000809762976 0.0229860023 0.0337518454
v  0.0164128579 0.0229860041 0.0295035914
v  -0.0178088564 0.0229860004 0.0286825672
v  -0.0262795798 0.0289859921 0.0234736726
v  0.0272957515 0.0289859995 0.0222838521
v  0.0262795705 0.0249859635 0.0234736502
v  -0.0291045401 0.0289859921 0.0171105787
v  0.0298915412 0.0289859995 0.0156952143
v  0.0291044973 0.0229860041 0.0171105936
v  -0.0272957608 0.0249859206 0.0222838745
v  -0.0298915785 0.0229859985 0.0156952068
v  -0.0330359377 0.0289859921 0.0115597844
v  0.0330359004 0.0289859995 0.0115597919
v  0.0330359004 0.0249859933 0.0115597919
v  -0.0337083265 0.0289859921 0.000600628555
v  -0.0351947583 0.0289896838 0.000167094171
v  0.0337082893 0.0289859995 -0.000600703061
v  0.0337082893 0.0229860041 0.000600636005
v  -0.0330359377 0.0249859858 0.0115597844
v  0.0351215042 0.0289877653 5.92619181e-05
v  0.0352422632 0.0249857996 -0.00139478594
v  -0.0337083265 0.0229859967 -0.000600710511
v  -0.0351605043 0.0249866676 -0.00227634609
v  -0.0314604789 0.0289860517 -0.0159381628
v  0.031177206 0.0289859995 -0.0122568533
v  0.0319683477 0.0289849453 -0.0148401484
v  -0.0311772395 0.0289859921 -0.0122568607
v  0.031177206 0.0229860023 -0.0122568533
v  -0.0303493366 0.0249837339 -0.0181231759
v  0.0235872436 0.0289859958 -0.0241554379
v  0.0320682004 0.0249831341 -0.0141868442
v  -0.0311772376 0.0229859967 -0.0122568607
v  -0.0247184876 0.0289859883 -0.022996556
v  0.0247184653 0.0229860004 -0.0229965374
v  -0.0204622112 0.0289838016 -0.0286577456
v  0.0210249163 0.0289853066 -0.0282955319
v  0.0250141826 0.0249834992 -0.0249609947
v  -0.023587266 0.0229859967 -0.0241554566
v  -0.0178749841 0.0249828938 -0.0304889493
v  0.0130066266 0.0289859921 -0.0308719762
v  -0.0130066583 0.0289859921 -0.0308719799
v  0.0130066276 0.0229859985 -0.0308719762
v  -0.00491140969 0.0289858319 -0.0349164866
v  0.00855189562 0.0289859921 -0.0339391157
v  0.0118543478 0.0249847993 -0.0331262313
v  -0.0130066574 0.0229859948 -0.0308719799
v  -0.000809753605 0.0289859921 -0.0337518901
v  0.00080972258 0.0229859967 -0.0337518901
v  -0.00233517215 0.0249422379 -0.0352337733
v  0.0130293332 0.0231545772 -0.0500877202
v  0.0439684987 0.0220713187 -0.165501818
v  0.0430097058 0.0202930365 -0.178496316
v  -0.032061249 0.023571739 -0.0386892222
v  0.0431141071 0.0210976321 -0.147503808
v  0.0475350656 0.0184062235 -0.181167483
v  0.00381888566 0.0226165894 -0.0674999654
v  -0.00891684089 0.0211335048 -0.0675000101
v  0.0221116487 0.00613442296 -0.147499964
v  -0.021767661 0.00725895865 -0.127499953
v  -0.0406984203 0.0219661053 -0.0874986053
v  -0.0355705358 0.0242594201 -0.0674995407
v  0.0217676852 0.00725896051 -0.145999908
v  -0.0353841297 0.0227148086 -0.0413814075
v  -0.00635489542 0.0218303949 -0.0659999773
v  0.00265468238 0.0227824934 -0.0659999847
v  -0.0171415936 0.02744684 -0.0659998655
v  0.00563565642 0.0274697151 -0.0659996718
v  0.00404106919 0.025716722 -0.0583943129
v  -0.0435408987 0.0233141966 -0.18110916
v  -0.0374549441 0.0221427716 -0.065999873
v  -0.0402534641 0.0160946567 -0.0659996346
v  -0.0379999951 -0.00241401675 -0.0659999847
v  -0.0153627638 0.0170362927 -0.0659999773
v  -0.0419808589 -0.00133991637 -0.0660002381
v  -0.0170812421 0.0150124263 -0.0674999878
v  -0.0198547989 0.0250225533 -0.0438859314
v  -0.0443359055 0.0221577864 -0.176999509
v  0.0332747698 0.0219195168 -0.106000252
v  -0.0456362255 0.0204973351 -0.163999856
v  0.00994463544 0.0240501538 -0.0576059818
v  0.0188695844 0.0130499452 -0.0860000104
v  0.042052947 0.0166676622 -0.127507046
v  -0.0188301001 0.0249485616 -0.0555469766
v  -0.027123699 0.0232440438 -0.0475007668
v  0.0461911522 0.0177069027 -0.181212395
v  0.0465940684 0.0215496924 -0.16981627
v  -0.0428685807 0.0206419006 -0.178498596
v  -0.0343602151 0.00878438354 -0.176999986
v  -0.0403750911 0.0223401189 -0.0859982446
v  -0.0329353996 0.0252850335 -0.0659965277
v  -0.0431286767 0.0208140705 -0.105999403
v  0.0153627563 0.0170363169 -0.0674999654
v  0.015332967 0.0238343459 -0.0659998283
v  0.0144692352 0.0178008452 -0.0659999773
v  0.0339562334 0.010233527 -0.176999986
v  -0.0476231202 0.019845603 -0.136279672
v  -0.045826342 0.0196789112 -0.107881397
v  -0.0467636809 0.0222094208 -0.171523094
v  -0.0217676666 0.00725896331 -0.0674999952
v  0.00077990687 0.0250743162 -0.040587116
v  -0.0167988073 0.0245229993 -0.0369745679
v  -0.0374565423 0.0187169537 -0.030843664
v  0.00804704335 0.0239155795 -0.0394503511
v  0.00907827541 0.0222893171 -0.0474997833
v  0.00396573078 0.0235264879 -0.0475000627
v  0.0343602486 0.00878435932 -0.16549997
v  -0.0475589633 0.0201802664 -0.174107403
v  0.0176011808 0.0199118946 -0.0486368649
v  -0.0134176547 0.0248762481 0.0351766944
v  0.00132915378 0.0249268096 0.0371542871
v  0.0140911927 0.0248913895 0.0344431102
v  0.00624256209 0.0245734248 0.0372695774
v  0.0241051931 0.0249127299 0.0284283906
v  -0.0291412994 0.024875775 0.0238453969
v  -0.0351532176 0.0248693656 0.0134991631
v  0.0314769745 0.0249470007 0.0195441991
v  -0.0371840075 0.0249571986 0.00103334337
v  0.0366636664 0.0249128938 0.00621526688
v  -0.0373163894 0.024907399 -0.00101096183
v  0.0369993933 0.0249439199 4.5709312e-05
v  -0.0340381563 0.0248419475 -0.0153220147
v  0.0358561389 0.024953302 -0.00980880857
v  -0.0308185611 0.0249408428 -0.0198874138
v  0.0301466919 0.0249196533 -0.021872513
v  -0.0245269407 0.0249275267 -0.0270465575
v  0.0188627224 0.024905242 -0.0321752764
v  -0.0167851299 0.0249473471 -0.0324524455
v  0.0118879657 0.0248290636 -0.0352589823
v  0.00621316954 0.0248950049 -0.0359686464
v  -0.0190759804 0.0246100239 0.0325384364
v  -0.00661242008 0.0242952798 0.0373009145
v  -0.024329884 0.0243019052 0.029013887
v  -0.0328670032 0.0243459735 0.0187252834
v  -0.0374798849 0.0242487863 -0.00556799024
v  -0.0350685567 0.021513477 -0.0474984534
v  -0.0455388874 0.0186372399 -0.127502263
v  -0.0460152179 0.0194227975 -0.147499889
v  0.00982717518 0.0236899629 -0.0375951417
v  -0.0229285844 0.0242511705 -0.0312349983
v  -0.0370006934 0.0223644394 -0.000904642045
v  -0.0370005071 0.0221640039 0.000824742019
v  0.0378615931 0.0242078584 -0.00202704966
v  0.0370509848 0.0240270905 -0.0082924962
v  0.0344719589 0.024224909 -0.01591786
v  0.0258179829 0.0242342837 -0.0277973637
v  0.0196371768 0.024256302 -0.0324570835
v  0.0135717662 0.0243123285 -0.0352752134
v  0.0221280139 0.0241303742 0.0308757126
v  0.0285374019 0.0242319126 0.0250736848
v  0.0360933729 0.0241729785 0.0115545765
v  0.0328189433 0.024030773 0.0191519111
v  -0.0389283597 0.0200236216 -0.0674997941
v  0.0361577943 0.0181198418 -0.107504331
v  -0.0373894051 0.0238932874 0.00651530921
v  -0.0358245485 0.0238680243 -0.0126251131
v  0.0165771488 0.017947508 -0.0475081392
v  0.0458558612 0.0180184525 -0.164001256
v  0.000920166611 0.0239877887 0.0379364341
v  0.0145490402 0.0238161683 0.0351159871
v  0.0378055871 0.0236335676 0.0042648688
v  0.0301489513 0.0238873456 -0.0231418796
v  -0.0320187286 0.0229621343 -0.024425853
v  -0.0456057154 0.0201877207 -0.167521179
v  -0.0442790389 0.0227943398 -0.17143935
v  -0.0345171615 0.0217522494 -0.0205582045
v  0.0244390704 0.0168525334 -0.0674983561
v  -0.0474830642 0.0149789359 -0.178491056
v  -0.0475616865 0.0139057487 -0.181169748
v  0.0142415315 0.0226202793 -0.0354565233
v  -0.0380246118 0.022452686 0.000873439014
v  0.0221116468 0.00613442482 -0.127499983
v  -0.0352767743 0.0223978851 -0.0155233815
v  -0.044726193 0.0216233991 -0.174316108
v  0.0467395335 0.021318363 -0.173455581
v  -0.048373431 0.0175352674 -0.180372745
v  0.00381888379 0.0226165913 -0.0474999882
v  -0.00891684182 0.0211335067 -0.0475000106
v  -0.0476134084 0.0146590583 -0.165500253
v  -0.0339561999 0.0102335513 -0.165499955
v  -0.0390679315 0.0127968732 -0.0474993102
v  -0.0379999988 -0.0014140181 -0.0475000069
v  -0.0397508778 -0.00141258864 -0.0475000218
v  -0.0170812439 0.0150124282 -0.0475000069
v  -0.00635489728 0.0218303967 -0.0459999964
v  0.00265468052 0.0227824952 -0.0460000001
v  0.00235798396 0.0235666484 -0.0460011847
v  -0.038007535 0.0220118556 -0.00062866509
v  -0.0370844528 0.020382693 -0.0084123984
v  3.4422148e-05 0.0156065896 0.038019225
v  0.00225527026 0.0140995812 0.0379427373
v  -0.00224880944 0.0142146554 0.0379191115
v  -0.00226080092 0.0118443985 0.0379367918
v  -0.0130747333 -0.0240616873 0.0356281698
v  -0.00665390491 -0.0243959483 0.0372973979
v  0.00225066184 0.0117837638 0.037940383
v  0.0125766965 -0.0243861042 0.0357536376
v  -0.0189619977 -0.0240861662 0.0328577608
v  0.0192444362 -0.024436038 0.0326291174
v  -0.0243208036 -0.0240673237 0.0291325673
v  0.0243781414 -0.0240751486 0.029075928
v  -0.0291371513 -0.0240616631 0.0243175402
v  0.0286786333 -0.0240745004 0.0248392522
v  -0.0328503773 -0.0240862239 0.0189747363
v  0.0328029767 -0.0240566134 0.0190915763
v  -0.0351182595 -0.024597045 0.01408007
v  0.035737507 -0.0244299099 0.0125929266
v  -0.037403103 -0.0243846662 0.00613987446
v  0.0373611972 -0.0240862295 0.00658228248
v  0.0378071778 -0.024559265 0.001040712
v  0.0376806222 -0.00401447061 -0.00503544509
v  -0.0378666446 0.0122661199 -0.00428918749
v  0.0347828344 -0.00400532875 -0.0151423365
v  0.0293439347 -0.00401400914 -0.024143979
v  0.0255756415 0.00647668773 -0.0282192528
v  0.0218393672 0.0138520598 -0.0312970802
v  0.0176949594 0.0190615356 -0.0338844247
v  -0.025008928 0.0231078323 -0.0459993146
v  -0.0467294492 0.00957627222 -0.182492554
v  0.0468610227 0.00934419595 -0.182493001
v  0.04472325 0.00943764858 -0.18250142
v  -0.0232243761 0.0220979061 -0.0362325571
v  -0.0153627656 0.0170362946 -0.0459999964
v  0.00105979154 0.0229021963 -0.0396209843
v  -0.0114757707 0.0227271281 -0.0396443978
v  -0.0360871889 0.0200536847 -0.0176484995
v  0.0329771563 0.0128943846 -0.08749865
v  0.00601192284 0.0223105662 -0.0402826779
v  -0.0444352403 0.0103565976 -0.178499997
v  0.044312235 0.0111773405 -0.178499982
v  0.0343602486 0.00878435746 -0.178499982
v  0.00886541046 0.0220845565 -0.0459991507
v  -0.0343602151 0.0087843854 -0.163999975
v  0.0221116431 0.00613442762 -0.0874999687
v  0.00891844369 0.0229860023 0.0353936702
v  0.00148517499 0.0162744708 0.0364902467
v  8.90577212e-09 0.0229860023 0.036499992
v  -0.00891841017 0.0229860023 0.0353936702
v  -0.00179329538 0.0160307046 0.0364613086
v  -0.00359923136 0.0131640509 0.0363195986
v  -0.0089184083 -1.39994081e-05 0.0353936702
v  -0.0205935538 0.0229860004 0.0304341763
v  0.00359928817 0.0127915163 0.0363199338
v  0.0172962211 0.0229860041 0.03214176
v  0.0205935985 -1.39973126e-05 0.0304341838
v  0.00891844556 -1.39977783e-05 0.0353936702
v  -0.017296182 -1.40003394e-05 0.03214176
v  0.0284656808 0.0229860041 0.0232387781
v  -0.0284656566 -1.40019692e-05 0.0232387632
v  -0.032556463 0.0229860004 0.0170414671
v  0.0325564928 -1.39973126e-05 0.0170414746
v  0.0344517566 0.0229860041 0.0120551661
v  0.0366687477 0.0229860041 -0.000554665923
v  -0.0344517231 -1.40035991e-05 0.0120551661
v  -0.0367410444 0.022990087 -0.000572279096
v  0.0366687514 -1.39984768e-05 0.00055462867
v  -0.0365863815 -1.40047632e-05 8.94367695e-05
v  -0.0365317538 -0.00401950208 -0.00386547297
v  -0.0360766686 -0.00290962472 -0.00516458601
v  -0.0358048528 0.0141469873 -0.00733134151
v  -0.0344517268 0.0229859948 -0.0120552182
v  -0.036469195 -0.0250003524 -0.00389350951
v  -0.0366850235 -0.00201509753 0.000131815672
v  0.0333888158 -1.40001066e-05 -0.0152879283
v  0.0326163396 0.0229865331 -0.0169028714
v  -0.0336929001 0.0213049259 -0.0141396448
v  -0.0313782804 0.0222164989 -0.018700894
v  -0.0304619074 0.0229859967 -0.0201077387
v  0.0246254969 0.0229859985 -0.0269413479
v  -0.0256899502 0.0228269808 -0.0259262063
v  0.0255972892 -1.33621506e-05 -0.0256461687
v  0.0172962267 0.0229859985 -0.0321417339
v  -0.0184243284 0.0228218511 -0.0315663517
v  0.0179085825 0.0164350439 -0.0318720825
v  0.0228444822 0.0073323776 -0.0284788646
v  0.0230199974 -0.00291407434 -0.0285516419
v  0.00967231113 0.022757981 -0.0352689177
v  -0.00913344789 0.0228590183 -0.0353576317
v  0.0132872472 0.0217128806 -0.0340174325
v  -0.00053082197 0.0229174457 -0.0364952832
v  0.0235085711 0.0164113585 -0.0564415269
v  -0.0221116319 0.00613442762 -0.0460000001
v  -0.0315585919 0.0209262688 -0.024244532
v  0.0153627545 0.0170363188 -0.0475000776
v  0.00832581613 0.0220320057 -0.0374269336
v  -0.0328228325 0.0210808273 -0.0333533771
v  -0.034662351 0.0215595197 -0.0459989831
v  -0.0309862029 0.0214751922 -0.0216190405
v  0.0246577375 0.0158088803 -0.0659989119
v  -0.0221116226 0.00613441924 -0.145999968
v  0.0148562435 0.0203403831 -0.0373801552
v  -0.0291476995 0.0158418193 -0.169305682
v  -0.0290218573 0.0161450934 -0.173126698
v  0.0456525348 0.0190176144 -0.175637648
v  0.044202175 0.0220529679 -0.173747838
v  0.0289250873 0.0163794793 -0.171511933
v  0.0112886205 0.0210330915 -0.0366203487
v  0.0339562334 0.010233527 -0.163999915
v  0.0295212548 0.0149403289 -0.174620464
v  -0.0378948487 0.000636724522 0.00297889113
v  -0.0217676591 0.00725895585 -0.147499964
v  0.0293778833 0.0152863339 -0.168725058
v  0.0471370518 0.0105860624 -0.147505119
v  0.0481338874 0.0117075443 -0.177001908
v  -0.0313366316 0.0157834124 -0.17239821
v  0.0314667597 0.0154719297 -0.172660261
v  0.0314989015 0.0153921507 -0.170157596
v  0.0385249518 0.0154142566 -0.102841638
v  -0.0347913057 0.0182368774 -0.0158825219
v  0.0128245596 0.0193810239 -0.0386299454
v  -0.0320043527 0.0141717214 -0.16896078
v  -0.0474277064 0.0208496936 -0.169189155
v  -0.0485796258 0.0178905446 -0.169691116
v  0.0144692333 0.0178008471 -0.0459999964
v  -0.0334802903 0.0200738013 -0.0221233256
v  0.0489648804 0.0155206062 -0.181183696
v  0.0478795245 0.0185229052 -0.169224381
v  0.0492431186 0.0133911502 -0.157012522
v  -0.0481749438 0.0111626815 -0.146000057
v  0.0455684997 0.0188221708 -0.167400002
v  0.015677467 0.0183549114 -0.0459731333
v  -0.0303854533 0.0128537156 -0.175566971
v  -0.0457700826 0.0191549677 -0.175564289
v  0.0323323756 0.0133798905 -0.174099788
v  0.0325439349 0.0128696878 -0.16884923
v  -0.0386829861 0.0119812991 -0.0234739073
v  0.0465841442 0.0125322361 -0.132603422
v  -0.0305330511 0.0124950111 -0.167368561
v  -0.0339561999 0.0102335513 -0.178499997
v  0.0471699871 0.0142168924 -0.165498987
v  0.0375691392 0.0145230554 -0.105999768
v  0.0217676815 0.00725896331 -0.106000014
v  0.0305932555 0.0123521723 -0.175579593
v  -0.0324489214 0.0130983461 -0.173876971
v  -0.0374773592 0.0159395151 -0.0106776059
v  0.0148906466 0.018518744 -0.0346030816
v  -0.0484618507 0.0110022593 -0.177006334
v  -0.0352570191 0.017840676 -0.0249183811
v  0.0180100128 0.0172971822 -0.0359786786
v  0.0479331687 0.0185915213 -0.173759907
v  0.0335118659 0.0108827986 -0.0859983116
v  0.0306701604 0.0121663734 -0.167423949
v  -0.0217676647 0.00725896144 -0.0874999836
v  -0.0414119102 0.0119619425 -0.0674996674
v  -0.0506260321 0.00894806162 -0.180877924
v  -0.0379712917 0.0160594638 -0.0459998846
v  -0.0332108326 0.0112586133 -0.172759801
v  -0.0484800078 0.0178071577 -0.172954559
v  0.0489198714 0.0085533075 -0.178508013
v  0.0469150022 0.00845675543 -0.178496584
v  0.0399389304 0.0090319179 -0.107500762
v  -0.0331308953 0.0114518479 -0.169990599
v  0.0218676589 0.0119743515 -0.047517512
v  0.0331541486 0.0113971047 -0.172868669
v  0.0178631525 0.0149177369 -0.0337095112
v  0.0178446565 0.0147699881 -0.0357060805
v  0.0484088138 0.017240651 -0.171604916
v  0.0332749039 0.0111039802 -0.170902133
v  -0.0466953032 0.0167580992 -0.174723983
v  -0.046937637 0.0164019633 -0.168645591
v  0.0469358563 0.0154960435 -0.173504665
v  -0.0503859408 0.0106801242 -0.148974448
v  -0.0476482064 0.0109369159 -0.106675789
v  0.0440068468 0.00954087265 -0.125999168
v  -0.0470073111 0.0082810726 -0.178499043
v  0.0210192855 0.013667617 -0.0336672515
v  0.046835687 0.0155740231 -0.169265568
v  -0.0485275798 0.0087930169 -0.147500128
v  -0.0484059006 0.010806771 -0.164000094
v  -0.0314528495 0.010277085 -0.174607009
v  0.0267836582 0.0104527157 -0.0550804287
v  -0.0364013799 0.0129848178 -0.0215854868
v  0.0319530107 0.00906927139 -0.17311053
v  -0.0316763557 0.00973760337 -0.168940872
v  0.0203164574 0.0126036201 -0.0414283797
v  -0.00159457582 0.0162413772 0.0339950472
v  0.00160078518 0.0161729399 0.0340001881
v  -0.000113928923 0.0146024581 0.0340000018
v  0.031833794 0.0093571227 -0.169308513
v  -0.0298714824 0.0140945669 -0.171673775
v  -0.047539413 0.00882357359 -0.127499849
v  -0.0472864397 0.0150842965 -0.171576768
v  0.0509936959 0.00741155213 -0.18055445
v  0.0238142908 0.0106321964 -0.0411296636
v  0.0298905931 0.0140487477 -0.171620086
v  -0.0439026058 0.0091738943 -0.0874999687
v  -0.0458489582 0.00841572694 -0.105999999
v  0.0302492697 0.0131824631 -0.170152858
v  0.0225958806 0.010482423 -0.0459996946
v  -0.0321076065 0.0139223356 -0.17299059
v  -0.0318618268 0.014515724 -0.170420378
v  0.031784039 0.0147046689 -0.170703143
v  -0.00362020195 0.0127971116 0.0339967906
v  0.00157567998 0.012632329 0.0340001509
v  0.0036202136 0.0131581351 0.0339967906
v  -0.0438049398 0.00868891738 -0.085999988
v  0.0486145876 0.00907813571 -0.18120119
v  -0.0320567004 0.00881890208 -0.171473294
v  -0.00250364072 0.0141388383 0.0360014886
v  -0.0010170954 0.0141555369 0.0359999985
v  0.00118968799 0.0153491143 0.0359984487
v  0.000734724803 0.0142701101 0.0360000283
v  0.048569113 0.00872147456 -0.163999498
v  -0.0303684529 0.0128947906 -0.170044005
v  0.0306999963 0.012094425 -0.173048437
v  -0.0217676684 0.00725896424 -0.0475000106
v  0.0217676759 0.00725896796 -0.0459999964
v  0.0221116394 0.00613443134 -0.0475000404
v  -0.0221116301 0.00613442576 -0.0659999773
v  0.0217676777 0.0072589661 -0.0659999773
v  0.0221116412 0.00613442948 -0.0675000027
v  -0.0217676628 0.00725895865 -0.107500009
v  0.022111645 0.00613442576 -0.107500009
v  -0.0221116245 0.0061344211 -0.125999972
v  0.0217676833 0.00725896144 -0.125999972
v  0.0321607478 0.0137941241 -0.172917113
v  0.0015583965 0.0127288774 0.0360003412
v  0.00257657445 0.0129727926 0.0359995216
v  -0.0451650023 0.00548860477 -0.182500005
v  0.047549054 0.00691807782 -0.145998612
v  0.0451045968 0.00484775985 -0.127505675
v  -0.0307161715 0.0120552946 -0.17299059
v  -0.00151894381 0.0126347858 0.0339995399
v  0.0232475605 0.00955350883 -0.0311240852
v  0.0327250138 0.0124317966 -0.170322001
v  -0.0394956321 0.00624386454 -0.0460113846
v  -0.000975217437 0.0115768649 0.0360000283
v  0.0212234296 0.00910185091 -0.0317086838
v  -0.0328251235 0.0121900886 -0.170612216
v  0.0328270495 0.0121855233 -0.172381848
v  0.0416306742 0.00554394117 -0.103533104
v  0.0309650097 0.0114547424 -0.170528933
v  -0.0310193896 0.0113232695 -0.170799851
v  -0.0512468219 0.0014626612 -0.181049168
v  0.00158843491 0.0109852403 0.0360002741
v  -0.00160109811 0.00978238694 0.0340001807
v  0.0404992849 0.00283724582 -0.105999693
v  -0.00118969462 0.0106060766 0.0359988362
v  4.68778308e-05 -0.0240832139 0.0379398763
v  0.00655546598 -0.0240947902 0.0373595953
v  0.024556227 0.00570189441 -0.0475032292
v  0.0293953028 0.00623911107 -0.0674999058
v  0.0224762782 0.00350448489 -0.0860000178
v  -6.99133961e-05 0.0114937592 0.0339999944
v  0.00159375579 0.00971340202 0.03399501
v  -0.00148435519 0.00968013704 0.0364865363
v  0.00179339293 0.0099245701 0.0364608541
v  0.0491833799 0.00427665096 -0.165499404
v  -5.45080402e-05 0.0103496909 0.0380250439
v  0.0290830079 0.00584878167 -0.0659995973
v  -0.0368543789 0.00279954821 -0.0179718621
v  0.0225512069 0.00446200836 -0.0312819667
v  -0.0493766852 0.00308806123 -0.181191951
v  0.0509729572 0.00254014973 -0.157796264
v  0.0493189208 0.00347693032 -0.140576825
v  0.0283299852 0.00490218354 -0.0545934141
v  0.0463220365 0.00359098008 -0.123208523
v  0.0252588689 0.00186725473 -0.0290111601
v  0.0245889388 0.00481596077 -0.0314003415
v  1.08848326e-08 -1.39984768e-05 0.036499992
v  0.0260000061 -0.00141401403 -0.0659999773
v  0.0296493508 -0.00140221138 -0.0660000518
v  -0.0510853641 0.00205872906 -0.148561388
v  -0.0485535786 0.00379097182 -0.110141233
v  -0.0495480448 -0.00287553342 -0.165500373
v  0.0261193793 0.00196145242 -0.0408236124
v  -0.0392527767 -0.00399324857 -0.0233360417
v  -0.0495123751 -0.00288053881 -0.164000183
v  0.0355961137 0.00170346256 -0.0875000656
v  0.049541261 -0.00280747213 -0.181203604
v  -0.0495319366 -0.00286580739 -0.178496718
v  0.0483642444 -0.00277219177 -0.147509426
v  0.0495746993 -0.00288642012 -0.176999897
v  0.0248973854 0.00225460436 -0.0459923856
v  0.029422408 0.00109174708 -0.0571316853
v  0.0225644223 -0.0029140152 -0.127249986
v  -0.0453978069 -0.0033132548 -0.178500056
v  0.0453995503 -0.00324628153 -0.178500056
v  0.0351305231 -0.00291401846 -0.178499982
v  -0.0453332514 -0.00391402794 -0.182500005
v  -0.0473403037 -0.00391402841 -0.182500005
v  0.0453332886 -0.00391402002 -0.182499975
v  0.0300304014 -0.00288388063 -0.0675004795
v  0.0351593383 -0.00290211663 -0.0861659721
v  -0.0351304859 -0.00291402359 -0.16549997
v  -0.0351304859 -0.00291402335 -0.16399996
v  0.0351305231 -0.0029140173 -0.16399996
v  0.0492955074 -0.00290472852 -0.163999885
v  0.0351305231 -0.00291401753 -0.16549997
v  -0.0495122299 -0.00289376639 -0.176997691
v  -0.0351304859 -0.00291402452 -0.177299976
v  0.0351305231 -0.00291401846 -0.176999971
v  0.0513452701 -0.00398396794 -0.180609703
v  0.0506258793 -0.0029098948 -0.181236267
v  -0.0478394628 -0.00141138339 -0.126000032
v  -0.047915943 -0.00291256141 -0.127499908
v  -0.0489806458 -0.00289839273 -0.1459997
v  -0.0442967862 -0.00291066943 -0.0874999166
v  -0.046192579 -0.00290880166 -0.105999902
v  -0.0490265787 -0.00290223211 -0.147500217
v  -0.0494122952 -0.00291033019 -0.181199551
v  -0.050319124 -0.00291427504 -0.181205392
v  -0.0420500115 -0.00291189644 -0.0675000101
v  -0.0441194326 -0.00291291159 -0.0860000253
v  0.0449414663 -0.00140536134 -0.125999704
v  0.0252102297 -0.00138696213 -0.0476281196
v  0.0494840331 -0.00289470493 -0.178506672
v  -0.0374864601 -0.00291087455 -0.0258383714
v  0.0225644186 -0.00291400799 -0.0671249852
v  0.0225644186 -0.00291401171 -0.0874999687
v  0.0480654538 -0.00291424338 -0.145995408
v  0.0452791788 -0.00287979376 -0.127517343
v  -0.0395611487 -0.00291367271 -0.0460001864
v  -0.0225644074 -0.00291401194 -0.0462500006
v  0.0229581948 -9.27620567e-06 -0.0311436355
v  0.0225644149 -0.00291400822 -0.0474999994
v  0.0225644149 -0.00291400799 -0.0459999889
v  -0.0379999988 -0.00291401357 -0.0475000069
v  -0.0225644056 -0.00291401381 -0.0674999878
v  -0.0225644056 -0.00291401381 -0.0659999773
v  0.0260000061 -0.00291400962 -0.0659999773
v  -0.0225644037 -0.00291401567 -0.0874999687
v  -0.0225644037 -0.00291401544 -0.0860000178
v  0.0225644186 -0.00291401148 -0.0860000178
v  -0.0225644019 -0.0029140173 -0.106375001
v  0.0225644205 -0.00291401334 -0.105999999
v  -0.0439999886 -0.00291401916 -0.107500017
v  0.0225644205 -0.00291401334 -0.107500009
v  -0.0225644 -0.00291401916 -0.127499983
v  -0.0225644 -0.00291401893 -0.125999972
v  0.0400000103 -0.00291401357 -0.125999972
v  -0.0225643981 -0.00291402079 -0.147499964
v  -0.0225643981 -0.00291402079 -0.145999953
v  0.0225644242 -0.00291401683 -0.145999953
v  0.0225644242 -0.00291401707 -0.147499964
v  0.0423261635 -0.00399527699 -0.105483904
v  0.0473920032 -0.00341351936 -0.178500056
v  0.0473403335 -0.00391402002 -0.182499975
v  -0.0474054925 -0.00324601447 -0.178500235
v  0.0507831201 -0.00399185345 -0.154473364
v  0.0492506362 -0.00291365851 -0.165499896
v  0.0473491661 -0.00400996162 -0.128733575
v  0.0267222263 -0.00401365105 -0.0473337471
v  0.0247234721 -0.0029153917 -0.0466945656
v  0.0054503493 -1.3998244e-05 0.0349945948
v  -0.0127772223 -1.39998738e-05 0.0330313817
v  0.017574979 -1.39975455e-05 0.0304408222
v  0.0127771925 -0.00201400183 0.0330313742
v  -0.00545038842 -0.00201400323 0.0349945948
v  0.0285988785 -1.39973126e-05 0.020890899
v  -0.0275810547 -1.40022021e-05 0.0222174078
v  -0.0175750125 -0.00201400463 0.0304408222
v  0.0275810305 -0.00201400137 0.0222173929
v  -0.0285989027 -0.00201400649 0.0208909214
v  0.0352128148 -1.3998244e-05 0.003792651
v  -0.0339523107 -1.40038319e-05 0.00909746438
v  0.0349945761 -0.0020140023 0.00545033813
v  -0.0351500064 -1.40047632e-05 7.4505806e-09
v  -0.0339523107 -0.00201400789 0.00909746438
v  -0.0351500064 -0.00201400882 7.4505806e-09
v  0.0323915258 -1.39998738e-05 -0.0143218786
v  0.0330313742 -0.00201400393 -0.0127771497
v  0.0248547886 -0.00201400579 -0.0248548239
v  0.0259400178 -0.00199439796 -0.0258540325
v  0.0248561241 -0.00401250413 -0.0292013697
v  -0.0381062217 -0.00402546162 -0.00504879653
v  -0.0483499914 -0.00401362171 -0.10823226
v  -0.0510068573 -0.00401385641 -0.148369402
v  -0.051132746 -0.0040142145 -0.180851698
v  0.0260137245 -0.00291316421 -0.0487560891
v  0.0400000103 -0.00291401194 -0.107500002
v  0.0412866324 -0.00291010807 -0.106021717
v  0.0503709689 -0.00401473651 -0.18124631
v  0.00776034594 -0.00201387284 0.035791032
v  -0.00552448165 -0.00201391056 0.0362791419
v  0.000315863406 -0.0250809509 0.036568597
v  0.00868660863 -0.025075458 0.0354646146
v  -0.0093873553 -0.0250215866 0.0352610052
v  -0.0171309486 -0.00201413152 0.0322690681
v  0.0176969152 -0.00201475061 0.0319807902
v  0.0173236392 -0.0250177607 0.0321051776
v  -0.0155161964 -0.0250615235 0.0333322436
v  -0.0243126135 -0.00201465469 0.0272914395
v  0.0247681197 -0.00201418437 0.0268572569
v  0.0247377958 -0.025067322 0.0269166231
v  -0.0255339909 -0.0250876117 0.0263179019
v  0.0303062033 -0.0251009408 0.0204933062
v  -0.0303667001 -0.00201431056 0.020313032
v  -0.030353155 -0.0250205211 0.0202099085
v  0.0327763259 -0.00201424351 0.0165570974
v  -0.0343369544 -0.00201486191 0.0125255957
v  0.0344533995 -0.0250147115 0.012045458
v  -0.0344390273 -0.0250153299 0.0120678172
v  0.0366147161 -0.00201331545 0.00267805159
v  0.0364355296 -0.0250116568 0.00308091193
v  -0.0364378579 -0.0250267144 0.00271522999
v  0.034157224 -0.00200132304 -0.0137988403
v  0.0364932939 -0.0250069648 -0.00388865173
v  0.0363163576 -0.00289367465 -0.00501739234
v  0.0363678187 -0.00401462475 -0.00389194489
v  0.0344421491 -0.00288501428 -0.0128382221
v  0.0303211063 -0.00288165524 -0.0207827799
v  -0.0503840111 -0.00401355 -0.181195647
v  -0.0369365104 -0.00401458191 -0.00498840958
v  -0.0370810404 -0.00291399937 -0.00499999523
v  0.0365956798 -0.00401400682 -0.00499660522
v  0.0345297009 -0.00401268713 -0.0137244612
v  -0.0385563374 -0.00291554118 -0.0277101733
v  0.0237313956 -0.00291347713 -0.0292509757
v  0.0237707905 -0.0040135989 -0.0291264839
v  -0.0389931314 -0.0040150783 -0.0321715772
v  0.0258168541 -0.00401130505 -0.04810654
v  -0.0473735631 -0.00291948766 -0.107392654
v  -0.0487458259 -0.00401873467 -0.12075229
v  0.0444864444 -0.00401659496 -0.118042052
v  0.0488545075 -0.00291778753 -0.14443332
v  -0.0499781966 -0.00291402359 -0.149786115
v  0.0496697128 -0.00401143776 -0.153194577
v  -0.0366692357 -0.0249481089 -0.00500041246
v  -0.0376328379 -0.023908142 -0.0049931705
v  0.0371235199 -0.0247125812 -0.00500952452
v  -0.0378308296 -0.0244073011 8.13156366e-05
v  -0.0064208461 -0.034571223 -0.163000479
v  0.000519294757 -0.0350321606 -0.171236113
v  0.00273578404 -0.0349543318 -0.163000032
v  -0.00356164225 -0.0275229272 -0.162998006
v  -0.00235619559 -0.0349557698 -0.176586345
v  -0.00296946079 -0.0350035205 -0.179998696
v  0.00126806973 -0.0350075103 -0.177244619
v  -7.30343163e-06 -0.0320221931 -0.177470803
v  -0.00277449796 -0.034924984 -0.172940195
v  -0.00251747016 -0.0320236944 -0.172608763
v  7.30401371e-06 -0.0320221931 -0.171329156
v  0.00251749065 -0.0320236944 -0.176191285
v  0.00288639986 -0.0320227779 -0.17303735
v  -0.00288637704 -0.0320227779 -0.175762653
v  0.00532800425 -0.0296460763 -0.180000469
v  0.00363085582 -0.034792874 -0.179998651
v  -0.00265901163 -0.0299356692 -0.179999664
v  0.00308651361 -0.0348831937 -0.174259901
v  0.011862292 -0.0330020413 -0.179999068
v  0.0115597779 -0.0330583379 -0.162999988
v  0.00929564238 -0.0247153603 -0.162885606
v  -0.015578175 -0.0260621868 -0.180001736
v  -0.014172079 -0.0320947319 -0.180000827
v  0.0201637037 -0.0286685433 -0.180000365
v  0.0230873656 -0.026425017 -0.16300419
v  -0.0192813799 -0.0292324852 -0.162999988
v  -0.0191854257 -0.0185010284 -0.162862763
v  0.0132721243 -0.0270177312 -0.179999977
v  -3.14096105e-05 -0.0320226848 -0.172717705
v  0.00156289176 -0.0320225395 -0.174366876
v  -0.00156286859 -0.0320225395 -0.174433187
v  -0.00154529838 -0.0299846809 -0.173876077
v  0.000524608884 -0.03002855 -0.172868207
v  0.00154532911 -0.029984694 -0.174923956
v  -0.000524637406 -0.0300285127 -0.175931782
v  3.14000645e-05 -0.0320226811 -0.176082268
v  -0.0233430304 -0.0262517259 -0.179991603
v  -0.00533205178 -0.0296452194 -0.168999434
v  0.00191269396 -0.0150342621 -0.16899924
v  0.00265588867 -0.0299359951 -0.169000342
v  -0.00523274112 -0.0141941756 -0.168999553
v  0.015576167 -0.0260629319 -0.168997824
v  0.0223751739 -0.026945645 -0.17394951
v  0.0253922511 -0.0242561866 -0.171307445
v  0.0191625711 -0.0182223395 -0.162868202
v  -0.0258341506 -0.0236358922 -0.162999988
v  -0.0255267024 -0.0241703149 -0.171311602
v  -0.0230671111 -0.0263477266 -0.172381982
v  -0.0225197673 -0.0268143881 -0.174753711
v  0.0197841097 -0.0225796252 -0.179996327
v  0.0238363538 -0.0256647486 -0.177217484
v  -0.0239506643 -0.0255959537 -0.177423984
v  -0.013272089 -0.0270177387 -0.169
v  0.0293949209 -0.0195989739 -0.180002719
v  0.00173198292 -0.0254215375 -0.162538648
v  0.00896331109 -0.0120947454 -0.169000894
v  0.0208447874 -0.0244323108 -0.176153481
v  0.0206699222 -0.0246070512 -0.172950476
v  -0.0203952733 -0.024878582 -0.175223783
v  -0.00849934388 -0.0245443601 -0.162723646
v  -0.0215357076 -0.0237414539 -0.171747074
v  -0.008801152 -0.012150662 -0.169000387
v  -0.0197875295 -0.0225771219 -0.169004276
v  -0.0022060289 -0.0240592323 -0.161526337
v  0.022601271 -0.0226755943 -0.177467883
v  -0.023298081 -0.0219784621 -0.177465454
v  0.0227081925 -0.0225690696 -0.171334267
v  -0.0235916283 -0.0216861144 -0.171672508
v  0.0128390742 -0.0203899238 -0.161525488
v  0.0260548349 -0.023390973 -0.176727474
v  0.0215186309 -0.0237588063 -0.174450397
v  -0.0215185862 -0.0237588175 -0.174349457
v  -0.0261438116 -0.0232675169 -0.176586449
v  0.022581365 -0.0226966329 -0.172725171
v  -0.022674188 -0.0226037744 -0.172725201
v  0.022674039 -0.022603957 -0.176074862
v  -0.0225815233 -0.0226964448 -0.176074862
v  -0.0200739522 -0.0223168936 -0.174501017
v  -0.0211526155 -0.0213252157 -0.172722846
v  0.0200740546 -0.022316806 -0.174298614
v  0.0211521704 -0.0213254951 -0.176077202
v  0.0212996807 -0.0211758278 -0.172722399
v  -0.021299988 -0.0211753398 -0.176077604
v  0.0244103353 -0.0208682846 -0.17621237
v  0.00446777884 -0.0221095663 -0.158952102
v  -1.48087856e-05 -0.0226630587 -0.159265175
v  0.0246624649 -0.020614095 -0.173005074
v  0.0260252282 -0.0234251712 -0.166499972
v  0.0324946828 -0.0134557132 -0.163014144
v  -0.0260251909 -0.0234251749 -0.166499972
v  -0.0324057564 -0.0137090404 -0.166507527
v  -0.0329591073 -0.0121807195 -0.163008183
v  0.0237847958 -0.0182495937 -0.17999956
v  -0.0239515211 -0.0181122571 -0.180001974
v  0.0330610238 -0.0121708829 -0.166505039
v  0.0300582368 -0.0136889983 -0.171543568
v  0.0304756742 -0.0126808751 -0.170451477
v  0.0349508598 -0.00187677937 -0.166499972
v  -0.0349508226 -0.00187678554 -0.166499972
v  -0.0305030737 -0.012614686 -0.170449212
v  -0.0300558601 -0.0136943795 -0.171496198
v  0.0101460293 -0.0201779511 -0.159057587
v  -0.0145632569 -0.0194019359 -0.161485717
v  -0.0044906456 -0.0220881719 -0.158909172
v  0.0265331957 -0.0221954957 -0.174198657
v  -0.0265358649 -0.0221880823 -0.174503073
v  -0.0248216838 -0.0204538256 -0.174221918
v  -0.0325626098 -0.0133062657 -0.17649518
v  -0.0326658897 -0.0134083647 -0.179994076
v  0.0326563194 -0.0131518599 -0.176496953
v  0.0349594429 -0.00185211503 -0.176627725
v  0.0304963496 -0.0126312878 -0.172546014
v  -0.0304827429 -0.0126640908 -0.172545046
v  -0.0350022502 -0.00163031113 -0.176742986
v  -0.0115410481 -0.0230299588 0.0332037657
v  -0.00679091737 -0.023020206 0.0316126794
v  -0.00357326749 -0.023020599 0.0342886224
v  0.00356764742 -0.0230182018 0.034293592
v  0.00557733979 -0.0230222642 0.0315942317
v  0.0077615818 -0.0230191257 0.0341337174
v  0.00327216019 -0.00922656246 0.0339999795
v  0.00275790994 -0.0164849088 0.0340000317
v  0.00257739471 -0.0197599456 0.0340005755
v  -0.000473062362 -0.0211717244 0.0339999795
v  -0.00292762462 -0.0187355708 0.0340005606
v  -0.00326720905 -0.00922979135 0.034000203
v  -0.00328309461 -0.00925176777 0.034867011
v  0.0135194901 -0.0230223536 0.0290940553
v  0.0152735654 -0.0230138749 0.0315394104
v  0.00655844156 -0.022021139 0.0316458195
v  -0.00569323264 -0.0220224578 0.0315727741
v  -0.021922756 -0.0230218433 0.023704432
v  -0.0230420157 -0.0230155569 0.0264844373
v  -0.0165443756 -0.0208853018 0.0308500081
v  -0.0135990493 -0.0220226701 0.0290583968
v  0.0205338225 -0.0230223332 0.0246497542
v  0.0226363055 -0.0230047144 0.026748009
v  -0.0228758901 -0.0197799969 0.0264952928
v  0.0216166582 -0.0220225062 0.0239834636
v  -0.0206019226 -0.0220227595 0.0245954096
v  -0.0247361306 -0.0211362205 0.0247565135
v  0.0282984506 -0.0230219457 0.0157424957
v  0.0291370451 -0.0230000503 0.0194916651
v  0.0248979274 -0.0211323537 0.0246022567
v  -0.0295598172 -0.0230272282 0.0188740343
v  -0.026228087 -0.0220228676 0.0184791014
v  -0.0266022049 -0.0196924023 0.022890985
v  -0.0309166536 -0.0230223779 0.00935741514
v  0.0321063995 -0.0229955073 0.013988018
v  0.0310333688 -0.0220228937 0.00924966484
v  -0.0331362151 -0.0229845792 0.0112593397
v  -0.0314845629 -0.0220217705 0.00724001229
v  0.0342812538 -0.0230285376 0.00741390884
v  -0.0341109149 -0.0230012164 0.00814394653
v  0.0349609703 -0.0198993832 0.0025126785
v  0.0322618522 -0.0230222754 -0.0012883544
v  -0.0347502381 -0.0230216086 0.00105703622
v  0.0350023918 -0.0230105147 -0.00274340808
v  0.0349817201 -0.0209960267 0.000600837171
v  -0.0314840376 -0.0230230726 -0.00724297017
v  -0.0349857211 -0.0208536144 0.000999622047
v  0.0349407308 -0.0200380217 -0.00256230682
v  -0.0341954231 -0.0230224133 -0.00102367252
v  -0.0339999944 -0.0208472256 0.00100043416
v  0.0319823474 -0.0220224839 -0.00252594799
v  -0.0309164915 -0.0220224485 -0.00935854018
v  -0.034487091 -0.0209065583 -0.00100768358
v  -0.033999484 -0.0230012592 -0.00835699588
v  0.0330916867 -0.0229983572 -0.0112735555
v  0.0273666698 -0.0230223816 -0.0171339661
v  0.0302605648 -0.0220224615 -0.0106560662
v  -0.0312094688 -0.0230064224 -0.0158987641
v  0.03041845 -0.0229654182 -0.0174161121
v  -0.0262264349 -0.023021996 -0.0184818842
v  0.0265088957 -0.0220224299 -0.0180695206
v  -0.0219247378 -0.0220229663 -0.0237025023
v  -0.0261781327 -0.0230166782 -0.0232237577
v  0.0254121833 -0.0230223276 -0.0241814367
v  -0.0206009671 -0.0230220836 -0.0245959312
v  -0.0268127192 -0.0181007981 -0.0224151909
v  0.015249664 -0.0230224449 -0.0284599699
v  0.0209808107 -0.0220224373 -0.0242703222
v  0.0242331978 -0.0211745519 -0.0252909437
v  -0.0201763082 -0.0229889955 -0.0285523236
v  -0.0252121352 -0.0210987814 -0.0243124776
v  0.0157396346 -0.0230317116 -0.0313829817
v  -0.0136004258 -0.0230221637 -0.0290580094
v  0.0140425172 -0.0220224056 -0.028845001
v  -0.0124205481 -0.0229900125 -0.0327503718
v  -0.0112787616 -0.0220226049 -0.0299684443
v  0.0159284491 -0.0192461126 -0.0312956497
v  -0.00553697627 -0.0230247211 -0.0316034928
v  -0.015960684 -0.0190056562 -0.0313346349
v  0.00259474479 -0.0230200998 -0.0319397189
v  0.00640452839 -0.0229958352 -0.0344714411
v  0.00524847582 -0.0219821036 -0.0316256955
v  -0.00475425646 -0.0230253469 -0.034727972
v  -0.00216912222 -0.0224093199 -0.0319663398
v  0.0111100329 -0.0213138647 -0.0340796746
v  -0.0110891396 -0.0214378573 -0.0339768976
v  -0.003794207 -0.0223884881 -0.0364340357
v  0.00487917475 -0.0221065786 -0.0367043577
v  -0.00347203552 -0.0147463754 -0.0298766606
v  -0.00536419544 -0.0218976177 -0.029652454
v  0.00184071646 -0.0225345902 -0.0299829394
v  0.000138048665 -0.0225909278 -0.0443297066
v  0.00375450193 -0.0219986886 -0.14433369
v  0.000765196863 -0.0223780796 -0.145300493
v  -0.00418076012 -0.0219932292 -0.0459311269
v  -0.00132447027 -0.0220192224 -0.0449337699
v  0.00398275256 -0.0220711492 -0.0456248485
v  -0.00391303562 -0.022064954 -0.144395545
v  0.023903314 -0.0181732476 -0.168993369
v  0.00400047563 -0.0144780576 -0.0297349766
v  0.00582386088 -0.021611942 -0.141992956
v  0.0112498989 -0.0197925586 -0.0361390263
v  -0.0103191491 -0.0201082658 -0.159062624
v  0.00743716024 -0.021592563 -0.0293173604
v  -0.0086468868 -0.0210210867 -0.0287663005
v  -0.0106028067 -0.0199777521 -0.037174508
v  -0.00242552161 -0.0219159797 0.0302405804
v  0.00575932115 -0.0218447186 0.0296259373
v  -0.0103195598 -0.0218974315 0.028557688
v  -0.00334631186 -0.0211938061 0.0298166126
v  0.0119698094 -0.0217918716 0.0276628435
v  -0.016900152 -0.0218227971 0.0251075998
v  0.0187251139 -0.0218070038 0.0236663297
v  -0.02367419 -0.0218016338 0.0186980069
v  0.0250350367 -0.0218277909 0.0169680268
v  -0.0275979973 -0.0219040103 0.0126686692
v  0.0283758957 -0.0218328349 0.0104010105
v  -0.0300970525 -0.0220214594 0.00554423779
v  -0.0299241189 -0.021091342 0.00220461935
v  0.0299586356 -0.021077605 0.00220315158
v  0.0307641122 -0.0220137723 -0.00108165294
v  -0.0301796831 -0.0220209714 -0.00556148589
v  -0.0294385515 -0.0210890956 -0.00556692481
v  0.0294728447 -0.0211501997 -0.00540341437
v  -0.0268722065 -0.0218919292 -0.0141506717
v  0.0270097312 -0.0218859892 -0.0136963129
v  0.0226798635 -0.0218105018 -0.0198399909
v  -0.0213451479 -0.0220337585 -0.0218986012
v  -0.0226488728 -0.0210672189 -0.0195898749
v  -0.0172478538 -0.0210468564 -0.0244071111
v  0.014879562 -0.0220184047 -0.0268458612
v  -0.0128050912 -0.0220394749 -0.0279096365
v  0.0174243506 -0.0210235231 -0.0242724083
v  0.00548913516 -0.0216820929 -0.0473523997
v  0.0012368043 -0.0150765721 -0.0449186899
v  -0.00115941593 -0.0150847677 -0.145090833
v  -0.00548608508 -0.0216810331 -0.142648429
v  -0.00587911345 -0.0215371475 -0.0483123176
v  -0.00351117738 -0.014625283 -0.0456627496
v  0.00362659502 -0.0145982895 -0.144287318
v  -0.0222944226 -0.0200964846 -0.174298674
v  -0.0237363763 -0.0215410311 -0.174450442
v  0.0222945455 -0.0200964082 -0.174500957
v  0.023736421 -0.0215410143 -0.174349397
v  -0.00436132681 -0.0143672395 -0.143739387
v  0.00432640593 -0.0143678766 -0.0462307706
v  0.00605039485 -0.0214068256 -0.0494012535
v  -0.00607671589 -0.0214490052 -0.140562803
v  0.015767796 -0.0162454154 -0.158894718
v  -0.00565128308 -0.0139290374 -0.0480274148
v  0.0056528952 -0.0139328726 -0.141969323
v  0.00592091121 -0.0138069894 -0.0489107147
v  -0.00592111144 -0.0138081126 -0.141088441
v  -0.0132228686 -0.0190179255 -0.0343838781
v  0.000929872855 -0.0196932945 0.0299942195
v  -0.00135922222 -0.0190950297 0.0299697891
v  -0.00682010595 0.0220078453 0.0293262824
v  -0.00110621937 0.0129509103 0.029979974
v  -6.95663621e-05 0.0119233504 0.0300038084
v  -0.00113572564 -0.0128265955 0.0299804881
v  -2.23776442e-05 -0.0140818991 0.0300166309
v  -0.00171075342 -0.0178667419 0.029951632
v  0.00164764025 -0.0173493288 0.029954657
v  0.00100516656 -0.0133347046 0.0299966335
v  -0.012444634 0.0223027207 0.0275219232
v  -0.017758131 0.0221178327 0.0242985785
v  0.0199191142 -0.018127773 0.0224317238
v  -0.0198932514 -0.0184150264 0.0224694461
v  0.0210071355 -0.0198025536 0.0214218274
v  -0.0211069919 -0.019742826 0.0213176981
v  -0.0222900752 -0.018891653 0.0200853571
v  -0.0220559966 -0.0166808572 0.0203326941
v  -0.0220313612 0.0222897772 0.0205396414
v  -0.0257583428 0.021956224 0.0155281499
v  0.0222980212 -0.0188478623 0.0200739056
v  0.0236358605 -0.0075209653 0.0184645802
v  -0.0282013472 0.0223010965 0.0108080432
v  -0.0297401007 0.0222724807 0.00499556959
v  0.0299829468 -0.0181237496 0.00176437199
v  -0.0299488176 -0.0183597896 0.00180574507
v  0.0300099291 -0.0198033042 0.000291623175
v  -0.0300014354 -0.0197378099 0.000243827701
v  -0.0299684368 -0.019182032 -0.00141486526
v  0.0299666543 -0.0189754087 -0.00147541612
v  0.0299713314 -0.016820183 -0.0014147833
v  0.0293546524 0.0222986527 -0.00715743005
v  -0.0293363538 0.0222967155 -0.00727774948
v  -0.0299664084 -0.0171273369 -0.00147750229
v  -0.0272724498 0.0221380591 -0.0128006414
v  0.0272937994 0.0221415963 -0.0127661899
v  0.0246753208 0.0222701374 -0.0173431337
v  -0.0246977098 0.02226354 -0.0172933415
v  0.022414336 -0.0181317497 -0.0199327208
v  0.0214423761 -0.0197995398 -0.021010045
v  -0.0213102568 -0.0199088119 -0.0211513117
v  -0.0224191826 -0.0174714569 -0.0199404918
v  0.0201467648 -0.0189761091 -0.022232797
v  0.0201912485 -0.0168192405 -0.0221905001
v  0.0165314563 0.0217926577 -0.0249981433
v  0.0149735548 -0.00180140766 -0.026004333
v  0.0124039464 -0.00849329121 -0.0272910818
v  -0.0123044178 -0.00873810612 -0.0273213238
v  -0.0149028683 -0.00239762617 -0.0260477215
v  -0.0167395826 0.0217603948 -0.0248240903
v  -0.0198778026 -0.0177520886 -0.0224647895
v  0.00882766582 -0.0121566206 -0.028680861
v  -0.00905810017 -0.0120128486 -0.0285689533
v  0.0148811415 -0.0173455905 -0.0337785855
v  0.00322947907 -0.00917450897 0.0347830355
v  0.0106126396 -0.0073723169 0.0333373547
v  -0.00718478952 -0.00766010256 0.0342098325
v  -0.00231837947 -0.0202546064 0.0319993347
v  0.00103488273 -0.0209240709 0.0320000052
v  -6.0960243e-05 -0.0199177451 0.032000348
v  0.0188506357 -0.00621977262 0.0294693261
v  -0.022610981 -0.0167526845 0.0266742408
v  0.0228400305 -0.0197302457 0.0265073106
v  0.0227087904 -0.0165684931 0.0266458914
v  0.0235871114 -0.020758843 0.0216676593
v  0.0216379203 -0.0208084676 0.0236155912
v  0.0265509002 -0.0196890067 0.0228502452
v  -0.0267432965 -0.0174483452 0.0225743279
v  -0.0293624308 -0.00583864842 0.0189745575
v  0.0267305765 -0.0173002835 0.0225839019
v  0.0310098771 -0.00888056308 0.0161313489
v  0.0341692939 -0.00752239674 0.0075802207
v  -0.0349307694 -0.0197909512 0.00258150697
v  -0.0348702334 -0.0173168983 0.00293752551
v  0.0348652713 -0.0165585 0.00277938694
v  0.0319997706 -0.0210901983 8.94069672e-08
v  -0.0349122211 -0.0198037494 -0.00255922973
v  -0.0349128209 -0.0166257583 -0.00283250958
v  0.0349065959 -0.0163284764 -0.00260169804
v  0.0325370692 0.0218294039 -0.0129031688
v  0.0295219664 -0.00607901905 -0.0187876672
v  -0.0272750836 -0.00745317386 -0.0218442455
v  0.0265457071 -0.0196854062 -0.0228505991
v  0.0267374571 -0.0172712151 -0.0225882679
v  -0.0228543133 -0.0197350066 -0.0265129656
v  -0.0227019247 -0.0165660288 -0.0266372338
v  -0.020189859 -0.01257235 -0.028786011
v  0.022424601 -0.0180111825 -0.0268685557
v  -0.032001283 -0.0210711583 -1.24126673e-05
v  -0.0258024763 -0.0156759936 -0.169002265
v  0.0225897394 -0.0199142173 0.0226669312
v  -0.0208549816 -0.019836504 0.0244020522
v  -0.0226576366 -0.0199215915 0.0225989744
v  -0.0226265267 -0.0210898165 0.0226279497
v  -0.0246622674 -0.0194068439 0.0205932409
v  0.0320012979 -0.0199144203 5.47617674e-05
v  0.0320003703 -0.0194058288 0.00287860632
v  0.0320009887 -0.0198347084 -0.00251576304
v  0.0226669628 -0.0199142229 -0.0225896873
v  0.0247059818 -0.019317599 -0.0205477029
v  0.0225005969 -0.0211120192 -0.0227525942
v  0.0204116721 -0.0189656634 -0.0248431601
v  -0.0320000984 -0.0198134258 0.0025614202
v  -0.0319999307 -0.0198215991 -0.00254444778
v  -0.012464596 -0.0083383983 -0.169000208
v  -0.0244520791 -0.0197678693 -0.02080274
v  -0.0225163251 -0.0210893955 -0.0227385163
v  -0.0320005044 -0.0199344493 8.12485814e-05
v  -0.0225989949 -0.0199214816 -0.0226572305
v  -0.0208189953 -0.0197569765 -0.0244356543
v  -0.015943449 -0.0160057582 -0.158952534
v  0.0198468622 -0.0136525054 -0.161525488
v  0.0213742703 -0.0179816689 0.0238807872
v  0.0204255972 -0.0170157831 0.0248277187
v  -0.0213743169 -0.0180583186 0.0238805711
v  0.0248198099 -0.0181764513 0.0204327106
v  0.0238808002 -0.0180683397 0.0213743448
v  -0.0238758698 -0.0180573612 0.0213784203
v  0.032000158 -0.0179814044 0.00177241862
v  0.0320000984 -0.0180656146 -0.00177422166
v  0.0238808189 -0.0179817174 -0.0213742517
v  0.0213728547 -0.0180655289 -0.023882132
v  0.0029275897 -0.0187356714 0.0319995433
v  0.00178706623 -0.018021252 0.0319999009
v  -0.0319998749 -0.0179983266 0.00176121294
v  -0.0238805283 -0.0180588979 -0.0213743895
v  0.0125170918 -0.00821795315 -0.16899994
v  -0.00177799887 -0.018014593 0.032000199
v  -0.0319998041 -0.0180573687 -0.00177629292
v  -0.0213782396 -0.0180571899 -0.0238760337
v  -0.0205791146 -0.0166149456 0.0246766657
v  0.0320006199 -0.0165876783 -0.00287172198
v  -0.0320003144 -0.0166228209 0.00288897753
v  -0.0246650968 -0.0166312717 -0.0205884352
v  -0.0205826163 -0.0166604482 -0.0246719345
v  -0.031999927 -0.0166692287 -0.00289398432
v  -0.00292762043 -0.0173092168 0.0319995433
v  -0.0160700791 -0.015921386 -0.0339893252
v  -0.0272672251 -0.0125335492 -0.17110768
v  0.0272499006 -0.0125240646 -0.171430781
v  0.0203335863 -0.0120941438 -0.0287200101
v  0.00231838925 -0.015790211 0.0319993347
v  -0.00257736165 -0.0162848271 0.0340003371
v  0.0220862608 -0.0167205967 0.0202838555
v  -0.0244131014 -0.0162347592 0.0208429471
v  0.0320008658 -0.0162347555 0.00252450258
v  0.0240455493 -0.0155547876 -0.0212154016
v  0.0277187862 -0.0115360506 -0.172551587
v  0.0281997491 -0.0104846917 -0.179995984
v  -0.000429914886 -0.0162285361 0.0300048515
v  -0.0226372238 -0.0160866156 0.0226181224
v  -3.95998359e-05 -0.016125733 0.0320003033
v  0.0226666108 -0.0161305182 0.0225900263
v  0.0232516043 -0.0149405338 0.0220022276
v  -0.0320007801 -0.0161120985 -4.46364284e-05
v  0.0320012942 -0.016130574 -5.45606017e-05
v  -0.0226205941 -0.0160860475 -0.0226346813
v  0.0225900803 -0.0161305144 -0.022666622
v  0.0215967409 -0.0153670181 -0.0236606225
v  0.0207146704 -0.0164073482 0.0217038244
v  0.021702705 -0.016407216 -0.0207139105
v  0.0300071165 -0.0164098572 0.000704184175
v  -0.0300089158 -0.0162590593 0.000334814191
v  -0.0206438974 -0.0164861307 0.0217668489
v  -0.00103489449 -0.0151207391 0.0320000052
v  -0.0256411526 -0.015185928 0.0238226205
v  0.0258097816 -0.0153627433 -0.0236422308
v  -0.0350497477 -0.0148667693 0.000587359071
v  -0.0251993947 -0.0148475617 -0.0243175849
v  0.00112216943 -0.0130619109 0.0340000764
v  0.0251822062 -0.0148706026 0.0243789032
v  0.0248901099 -0.00875416491 -0.162854642
v  -0.00112932152 -0.0130261071 0.0340000018
v  -0.0226277746 -0.0149546955 0.0226267427
v  -0.0319997631 -0.01495184 7.7933073e-06
v  0.0319997706 -0.0149546079 7.4505806e-09
v  -0.0226277206 -0.0149546508 -0.0226267651
v  0.0239218101 -0.0151814241 -0.0255641676
v  -0.021192681 -0.0162569303 -0.0212480463
v  -0.0279427152 -0.0109127052 -0.179999009
v  0.0198881496 0.0223154593 -0.0228074566
v  -0.0301805958 0.0222972333 -0.00148081779
v  -0.0196725018 0.0223083422 -0.0230385922
v  0.0279111005 -0.0109931361 -0.169005215
v  -0.0279421546 -0.0109835435 -0.172514856
v  0.0350473188 -0.0148800183 -0.000255167484
v  -0.0238904543 -0.0152740199 0.0255965292
v  -0.000154327368 -0.0149455909 0.0339999795
v  1.5051337e-05 -0.0140708797 0.0340000242
v  0.0199281219 -0.0105869351 -0.159043923
v  -0.0220363326 -0.00972109195 -0.161525235
v  -0.0197120197 -0.0110915527 -0.0309577957
v  0.023841735 -0.00525151473 -0.0256390087
v  0.0193698592 -0.0116221365 -0.031294506
v  -0.0239902586 -0.0054344004 -0.0254530385
v  -0.0202606097 -0.0099839028 -0.158808291
v  0.0341954418 -0.0010460862 -0.180000007
v  0.034367241 -0.0069913445 -0.180004552
v  0.0210800711 -0.0080916658 -0.0303863399
v  -0.0262726601 -0.00355460891 -0.16286169
v  0.000709447195 -0.0121775884 0.0299942717
v  0.0277435984 -0.0114353839 -0.170451716
v  0.0143474918 -0.00467743166 -0.168999627
v  -0.0279866997 -0.0108440872 -0.170675412
v  0.0236191303 -0.00469298335 -0.161525488
v  2.68658041e-05 -0.0119636841 0.0339999795
v  0.0309203397 -0.0116074104 -0.171496704
v  -0.0309179835 -0.0116132833 -0.171543971
v  0.0281115491 -0.0104706977 -0.171466321
v  0.0344765782 -0.00301850867 -0.17494078
v  -0.0344709568 -0.00303411344 -0.174756587
v  -0.0348068178 -0.00230623269 -0.17236349
v  0.0347350463 -0.00245250389 -0.172520265
v  0.0222112611 -0.00395351881 -0.158718079
v  -0.0149626965 -0.00192364142 -0.168999746
v  -0.0296544824 -0.0047452352 -0.168990314
v  0.0297641829 -0.00363381603 -0.180001825
v  -0.0297902767 -0.00370797375 -0.180003434
v  -0.0218715705 -0.00626225164 -0.0284440629
v  0.0220351964 -0.00610102573 -0.0280536674
v  0.029805636 -0.00354321883 -0.16899474
v  0.0220373888 -0.00391332479 -0.144400537
v  0.0216591265 -0.00550877023 -0.142649069
v  0.02138431 -0.00607268512 -0.140597612
v  0.0215703044 -0.00583112705 -0.0479949042
v  -0.0214267429 -0.00609943876 -0.0494367108
v  -0.0215734299 -0.00583721837 -0.141989797
v  -0.0222985968 -0.00320219202 -0.158863112
v  -0.0220443457 -0.00387432263 -0.0455821753
v  -0.0216606241 -0.00551428646 -0.0473540239
v  0.0220837407 -0.0036567545 -0.045481246
v  -0.0347540118 -0.00105847581 -0.179999709
v  0.0350000188 -2.24190298e-05 -0.162999988
v  -0.0349999815 -2.24250834e-05 -0.162999988
v  0.0137855867 -0.00594347809 -0.141088694
v  0.0145991761 -0.00365308579 -0.144399583
v  0.0150417201 -0.00162511924 -0.0448702648
v  0.0139999632 -0.00548439752 -0.0474836752
v  -0.0139680896 -0.00545349345 -0.142581135
v  -0.0137846945 -0.00594332162 -0.0489107333
v  -0.0146071445 -0.00359378615 -0.0455853008
v  0.0262763295 0.00397151429 -0.162863493
v  0.00327654113 0.00918366015 0.0348507985
v  -0.00328032882 0.00921233371 0.0348507687
v  -0.00353017286 0.0220165532 0.0348228738
v  0.00350227649 0.0217211284 0.0348032266
v  0.00779832061 0.0223864801 0.0338724554
v  -0.0130687971 0.0223437976 0.0322567821
v  0.0129251275 0.0219380111 0.0324558541
v  0.0182058755 0.0221633483 0.0297142863
v  -0.0185469761 0.0221475214 0.0295285657
v  0.00112491893 0.0129092671 0.0299776345
v  0.0021767132 0.0218820591 0.029911615
v  0.0229037665 0.0223523229 0.0261876807
v  0.00840575714 0.0223229248 0.0290866792
v  0.0126751922 0.0218885336 0.0272218585
v  0.0180594902 0.0223141797 0.0241991803
v  -0.0233290456 0.0219664834 0.0259756893
v  -0.02713608 0.0223741941 0.0218208209
v  0.0275617409 0.0219368078 0.0214673728
v  0.0222848877 0.0221103653 0.0202609152
v  0.0304446127 0.0223954059 0.0167194456
v  -0.0309454538 0.0223154128 0.015935488
v  0.0264107045 0.0223276857 0.0148067251
v  0.0331445597 0.0221488643 0.0108300298
v  0.0282372795 0.0219416954 0.0103281662
v  -0.0332970135 0.0219526365 0.0105363652
v  0.0344819874 0.0223109592 0.00483434647
v  0.0298142061 0.022288179 0.00472424179
v  -0.034393467 0.0223503802 0.0053865388
v  0.0301901214 0.0222915187 -0.00152629614
v  0.034894146 0.0219523367 -0.00146913528
v  -0.0347023346 0.0223851949 -0.00220716
v  0.034095265 0.0223602541 -0.00688734651
v  -0.0340585634 0.0219520796 -0.00773048401
v  -0.0322570726 0.0223610606 -0.013013415
v  -0.0284260679 0.02230631 -0.020164039
v  0.0286645815 0.0223488733 -0.0198340937
v  -0.0217603333 0.0103916116 -0.0275392868
v  -0.0240754355 -0.000216240762 -0.161525235
v  0.0231563766 0.00187213765 -0.0266207382
v  -0.0227354225 -0.000743843615 -0.0274858437
v  -0.0220307969 -0.00369594782 -0.144438043
v  -0.0149938529 -0.00170479889 -0.145139232
v  0.0300197136 8.23261216e-05 -0.172722563
v  0.0299590342 -0.00159245264 -0.174298629
v  -0.0300195608 8.28797929e-05 -0.176077455
v  -0.0299590211 -0.00159255858 -0.174501002
v  -0.0300196894 -0.000127174193 -0.172722563
v  0.0300196018 -0.000127730425 -0.17607747
v  0.0223843567 -0.000706116669 -0.0446346626
v  -0.0223418977 -0.00078347628 -0.145335421
v  0.0223419107 0.000738664996 -0.145335406
v  -0.0223776512 0.000654667849 -0.0446363986
v  0.0319979377 -0.00315605593 -0.175494269
v  -0.0320001021 -0.00159063924 -0.174349457
v  -0.0319957212 -0.00245139259 -0.176352546
v  -0.032000687 -0.00303595606 -0.173914954
v  -0.0298056342 0.00349824922 -0.16899474
v  0.0297902841 0.00366319995 -0.180003434
v  0.0347540453 0.00101363566 -0.179999709
v  0.014962716 0.00187879056 -0.168999746
v  0.0320001319 -0.00159062142 -0.174450397
v  0.0320002139 -0.00160448055 -0.171778485
v  -0.0319955572 -0.001577102 -0.17167297
v  0.0224562772 0.00194847072 -0.029145211
v  -0.0239696782 0.0115622617 -0.162858263
v  0.0230759047 0.00443893531 -0.161005378
v  0.0222986303 0.00315736048 -0.158863187
v  -0.0222112127 0.00390868261 -0.158717945
v  0.0320005231 -8.80933367e-05 -0.172725201
v  -0.0320004933 4.32301313e-05 -0.172725186
v  0.032001283 -3.84815503e-05 -0.177464575
v  0.0320005231 4.2966567e-05 -0.176074862
v  0.033999797 -0.000971285626 -0.177295789
v  -0.0320004933 -8.78304709e-05 -0.176074862
v  -0.0320020691 0.000949517824 -0.17742683
v  -0.0339980796 -0.00100458181 -0.177217036
v  0.0350076258 -0.000119176926 -0.1713278
v  -0.0350978002 0.000986384228 -0.171343789
v  0.0296545047 0.00470039016 -0.168990314
v  -0.0297641661 0.00358886877 -0.180001825
v  -0.0148661938 0.00205717189 -0.0450599268
v  0.0148721561 0.00205710204 -0.144939914
v  0.0344866477 0.000984839164 -0.177243367
v  -0.0341954082 0.00100123836 -0.180000007
v  0.0319997519 0.00135538261 -0.171617195
v  -0.0320003293 0.0014502611 -0.171742693
v  -0.0339997672 0.000926439185 -0.177295789
v  0.0349508598 0.00183194131 -0.166499972
v  0.0329587385 0.0121359788 -0.163007289
v  -0.0349508226 0.00183193525 -0.166499972
v  -0.0330601931 0.0121262912 -0.166502059
v  -0.0325219333 0.0134085007 -0.163008809
v  -0.0144576905 0.00401255395 -0.0262909308
v  0.0319952853 0.0024128058 -0.176349804
v  0.0347563252 0.00243391097 -0.172473311
v  -0.0220053513 0.00580088003 -0.028339345
v  0.01437476 0.0044257408 -0.0263420306
v  -0.0143474648 0.00463258708 -0.168999627
v  0.0299590454 0.00154773472 -0.174500942
v  -0.0299590062 0.0015476211 -0.174298689
v  -0.0320001021 0.00154578546 -0.174450472
v  0.0320001319 0.00154580642 -0.174349397
v  0.0220491327 0.00389676401 -0.0456029773
v  0.014490149 0.00390071981 -0.0458392315
v  -0.0144906864 0.00390813686 -0.144156203
v  -0.0220373645 0.0038684858 -0.144400537
v  -0.0349591002 0.00180869969 -0.176627174
v  -0.0343672521 0.00694631645 -0.180004567
v  0.0279427636 0.0108678043 -0.179999009
v  -0.0282039568 0.0104115382 -0.179996118
v  -0.0220802445 0.00360631011 -0.0454791747
v  0.0220610555 0.00357662747 -0.144529715
v  0.0347333215 0.00253422512 -0.176336467
v  -0.031998761 0.00308200112 -0.174221933
v  0.0319992565 0.00297517655 -0.173938379
v  0.0324053988 0.013665149 -0.166507542
v  0.0309181157 0.0115682166 -0.171543568
v  0.0305027422 0.0125707444 -0.170449525
v  0.0260252245 0.0233803298 -0.166499972
v  -0.0260251947 0.0233803261 -0.166499972
v  -0.0304752775 0.012636913 -0.170451224
v  -0.0309202261 0.011562774 -0.171496183
v  -0.0344371647 0.00306780683 -0.174503073
v  0.0331463963 0.0117921326 -0.179999292
v  0.0325623974 0.0132619422 -0.17649518
v  0.0304831993 0.012618199 -0.172544762
v  0.0261428338 0.0232221782 -0.176586747
v  -0.0304967519 0.0125853773 -0.172546357
v  -0.0260539856 0.0233471915 -0.17672801
v  -0.0326558575 0.0131079704 -0.176496953
v  -0.022189619 0.00932021998 -0.161525235
v  0.0227963999 0.00984107144 -0.162273467
v  0.0258025024 0.0156311672 -0.16900225
v  0.0216593053 0.0054648486 -0.0473516062
v  -0.0216590986 0.00546391914 -0.142649084
v  -0.0139545919 0.00539591676 -0.0474197753
v  0.0139642311 0.00541202584 -0.142555639
v  0.0204131883 0.00981202349 -0.0298957415
v  -0.0201974362 0.00978443585 -0.0316388085
v  -0.0216597915 0.00541529944 -0.047273811
v  0.0215734579 0.00579237891 -0.141989797
v  -0.027911108 0.0109481979 -0.169005215
v  0.0123491446 0.00856665522 -0.0273338258
v  -0.0124277528 0.00834906846 -0.169000342
v  0.0279866196 0.0107995663 -0.170675173
v  0.0279425476 0.0109376553 -0.172514111
v  -0.0277162995 0.0114823338 -0.17255269
v  -0.028111482 0.0104260389 -0.171465963
v  -0.0120980544 0.00904347003 -0.0274222232
v  0.0122987125 0.00861567818 -0.169000804
v  -0.0199124813 0.0105743576 -0.1590534
v  0.0137846693 0.00589845842 -0.0489106961
v  0.0214267224 0.00605455739 -0.049437657
v  -0.0137853725 0.0058985739 -0.141088903
v  -0.0213842764 0.00602782844 -0.140597656
v  0.0217168014 0.0101240408 -0.0275683254
v  0.0199634898 0.0104597565 -0.158973053
v  -0.0215116329 0.00614618091 -0.0496986285
v  -0.018716732 0.0132536795 -0.0308972709
v  -0.00729144365 0.0131925046 -0.0296786241
v  -0.0239032526 0.0181284472 -0.168993384
v  -0.00896177255 0.0120418649 -0.169000879
v  0.00330846081 0.0092280563 0.0340001136
v  -0.00331481639 0.00920452364 0.0340000913
v  0.00112322555 0.0130216628 0.0340000838
v  3.44106229e-05 0.0119241681 0.0339999944
v  -0.00112932385 0.0129738972 0.0340000093
v  -0.0277434941 0.0113906916 -0.170451611
v  -0.0293962844 0.0195524227 -0.180002719
v  0.00740788318 0.0130776446 -0.0295430161
v  0.00879667886 0.012104515 -0.169000402
v  0.0197877381 0.0225321315 -0.169004276
v  0.00350256287 0.0224797316 0.0340105146
v  -0.00351137808 0.0224785414 0.0340163559
v  0.0206675082 0.0224078838 -0.0280202441
v  0.0254567768 0.0223634616 -0.0236376189
v  -0.00822428055 0.0217393786 -0.0290678926
v  0.00821595732 0.0219445471 -0.0291091949
v  -0.0167841185 0.0151756722 -0.0330058783
v  0.0166247692 0.0153541267 -0.0335207433
v  0.0158531256 0.0160531309 -0.15895021
v  -0.0158471148 0.016104959 -0.15885821
v  -0.0155762965 0.0260180086 -0.168997824
v  -0.0150086498 0.0190142337 -0.161485717
v  0.0170524139 0.0171187818 -0.0308706686
v  0.0272670835 0.0124890357 -0.171107963
v  0.0171057861 0.0180635266 -0.162326545
v  -0.0272482671 0.0124787111 -0.171429604
v  0.0239517372 0.0180671848 -0.180001974
v  0.0300558191 0.0136497132 -0.171496674
v  -0.0300582796 0.013643939 -0.171543956
v  -0.0238469094 0.018130349 -0.180000156
v  0.00546363089 0.0139777921 -0.0474666916
v  0.00592096988 0.0137623735 -0.141089007
v  0.00682464801 0.0133404639 -0.0382821895
v  0.00436132867 0.0143224075 -0.143739417
v  0.00523279328 0.0141493231 -0.168999553
v  0.0132722287 0.0269728452 -0.169
v  -0.00353895989 0.014579691 -0.14432101
v  -0.0056513045 0.0138839539 -0.141972572
v  -0.00592117757 0.0137625802 -0.0489110425
v  -0.00677610841 0.0133672841 -0.0383029953
v  -0.0255083349 0.0219437983 -0.0238623209
v  -0.0211155992 0.0222915076 -0.0277215764
v  -0.0171180312 0.0180212576 -0.0306591131
v  -0.0019126687 0.0149894152 -0.16899924
v  -0.00717251282 0.0219454598 -0.0305823088
v  0.00718608499 0.0219773035 -0.0306114778
v  0.00714787375 0.0220004339 -0.0338732079
v  -0.00710766017 0.020517325 -0.0373355076
v  -0.007099065 0.0218738504 -0.0339675583
v  0.00701802876 0.0202580765 -0.0374621935
v  0.00533224642 0.0296003483 -0.168999434
v  0.0265494399 0.0221110191 -0.174296498
v  0.0147607569 0.0237836726 -0.16298762
v  -0.00667089876 0.0206380058 -0.0385267138
v  -0.0265041254 0.0222228728 -0.17475763
v  -0.0262162779 0.0230400544 -0.172291577
v  0.025459215 0.02417784 -0.171299532
v  4.37094131e-05 0.0140378941 0.030012764
v  -1.77851762e-05 0.0140266642 0.034000054
v  0.00624709763 0.020502517 -0.0389879495
v  -0.0053210808 0.0208747406 -0.0397530384
v  -0.00430213567 0.0145164337 -0.0400350243
v  0.00465308875 0.0142894592 -0.0399547927
v  0.00582463667 0.0215837974 -0.0479932167
v  -0.0058784429 0.0214905385 -0.141682923
v  -0.00593465753 0.0212068539 -0.0491975695
v  0.00605025515 0.0213618651 -0.140597686
v  -0.00363405934 0.0145827532 -0.0455933101
v  -0.00104898424 0.0222872887 0.030225493
v  0.00372939208 0.0219850875 -0.0456294231
v  -0.00406877697 0.0219403934 -0.144143179
v  0.00483797211 0.0211263467 -0.0399243347
v  -0.00588959642 0.0216037743 -0.047712896
v  0.00548610557 0.0216361936 -0.142648429
v  0.00232490222 0.0148385726 -0.0450859033
v  0.00115943328 0.0150399338 -0.145090848
v  0.00152575248 0.0222863983 -0.0402180552
v  -0.00265583233 0.0298911519 -0.169000342
v  -0.00383392395 0.0220113788 -0.0455514714
v  0.00391306728 0.0220201202 -0.144395545
v  0.000879472587 0.0223262813 -0.0447203927
v  -0.000841293484 0.0223281644 -0.14530392
v  -0.0139765153 0.0223627668 -0.162873268
v  -0.0230889712 0.0263789725 -0.16300422
v  0.0121241026 0.0192880109 -0.0352509804
v  -0.0120158521 0.0190496147 -0.0365471579
v  0.0267851483 0.0226318091 -0.179998353
v  0.0258341767 0.0235910472 -0.162999988
v  -0.0115752313 0.0198720172 -0.0351425521
v  -0.011963021 0.0210272241 -0.0336362645
v  0.0102825742 0.020060949 -0.159020081
v  -0.0102122054 0.0200706553 -0.158981338
v  -0.0222945083 0.0200515669 -0.174500972
v  -0.0212996565 0.0211309809 -0.172722399
v  0.022294458 0.0200516395 -0.174298689
v  0.0213000104 0.0211304985 -0.176077604
v  0.0211526453 0.0212803725 -0.172722846
v  -0.0211521387 0.0212806668 -0.176077187
v  -0.0197842959 0.022534607 -0.179996341
v  0.0113335513 0.0207203627 -0.0341959856
v  0.0130988248 0.0222101472 -0.0323912241
v  -0.0155237541 0.0219843742 -0.0312414728
v  0.00856056437 0.0233293157 -0.162304297
v  0.0155781806 0.0260173455 -0.180001736
v  -0.00813672319 0.0213681962 -0.0355782062
v  -0.00809871778 0.0209300816 -0.0374545939
v  0.00652446412 0.0214289445 -0.0398636609
v  0.00774280168 0.0209628418 -0.037244387
v  0.00785620697 0.0214880873 -0.0354963914
v  0.00449075829 0.0220433325 -0.158909306
v  -0.00451721437 0.0220896192 -0.159042314
v  -0.00548997242 0.021737162 -0.0403260775
v  -0.0237363894 0.0214961767 -0.174349427
v  0.0237364061 0.0214961916 -0.174450472
v  -0.022673998 0.022559097 -0.176074862
v  0.022674216 0.0225589108 -0.172725201
v  0.0225815494 0.0226516053 -0.176074862
v  -0.0225813389 0.0226517841 -0.172725201
v  -0.0244066715 0.0208275449 -0.176215202
v  -0.0246500894 0.0205888692 -0.173048973
v  -0.00261368789 0.0239929426 -0.161529779
v  0.0236753002 0.0215573423 -0.171704054
v  0.0248462856 0.0203829631 -0.175384551
v  0.00799732096 0.0224154182 -0.034144219
v  -0.0120050954 0.0223650094 -0.0327455103
v  -0.0227081552 0.0225242209 -0.171334296
v  0.0226775501 0.0225546584 -0.177470967
v  -0.0226012375 0.0226307455 -0.177467883
v  -0.00312715024 0.0262090694 -0.162863091
v  0.0192814041 0.0291876383 -0.162999988
v  -0.0076869186 0.0223625656 -0.0341266952
v  -0.00810820982 0.0224331692 -0.0297356732
v  0.00800577085 0.0224354174 -0.0298265256
v  0.0200739764 0.0222720485 -0.174501017
v  -0.0200740192 0.0222719647 -0.174298644
v  0.0215186141 0.023713978 -0.174349487
v  -0.0215185992 0.0237139631 -0.174450427
v  7.87863974e-06 0.022605544 -0.159247354
v  0.0215357244 0.0236966107 -0.171747088
v  -0.0246092658 0.0248777401 -0.171342254
v  0.0239506997 0.0255511086 -0.177423984
v  -0.0238363184 0.0256198999 -0.177217484
v  0.0166676752 0.0310214423 -0.180005714
v  -0.0206698943 0.0245622117 -0.172950476
v  0.0203953069 0.0248337444 -0.175223783
v  0.023067141 0.0263028946 -0.172381982
v  -0.0208447706 0.0243874844 -0.176153481
v  -0.0201636665 0.0286237039 -0.180000395
v  -0.0132722026 0.0269728433 -0.179999977
v  -0.0223751515 0.0269007981 -0.17394954
v  -0.0115597518 0.0330134965 -0.162999988
v  0.0225197971 0.0267695431 -0.174753726
v  0.00642067008 0.0345264524 -0.163000479
v  -0.00273559848 0.0349095166 -0.163000032
v  -0.0118622389 0.0329572074 -0.179999083
v  -0.00532809272 0.0296012051 -0.180000469
v  0.00265903817 0.0298908241 -0.179999664
v  0.00296943239 0.034958683 -0.179998696
v  -0.00363083952 0.0347480327 -0.179998651
v  -0.0015453205 0.0299398489 -0.174923912
v  -0.000524574076 0.029983703 -0.172868207
v  0.00154530606 0.0299398378 -0.173876032
v  0.000524673495 0.0299836658 -0.175931782
v  -0.00156286277 0.0319776982 -0.174366817
v  0.00156289758 0.0319776982 -0.174433127
v  3.14509962e-05 0.0319778435 -0.17271772
v  -3.13580967e-05 0.0319778398 -0.176082268
v  0.00251748809 0.031978853 -0.172608733
v  -7.27665611e-06 0.0319773518 -0.171329156
v  -0.000519266468 0.0349873416 -0.171236113
v  -0.00288637262 0.0319779366 -0.17303735
v  0.00277451007 0.0348801464 -0.172940135
v  -0.0030864703 0.0348383449 -0.174259916
v  0.00288640289 0.0319779366 -0.175762653
v  0.00235616625 0.0349109322 -0.176586434
v  -0.00251746248 0.031978853 -0.176191285
v  -0.00126803771 0.034962669 -0.177244619
v  7.30121974e-06 0.0319773518 -0.177470788
v  0.00492818467 -0.0212267656 0.0296405256
v  -0.00789943524 -0.021222407 0.0290453881
v  -0.00374398218 -0.0360232964 0.0301096588
v  0.00269625662 -0.031463448 0.0298814476
v  0.00625157729 -0.036021743 0.0293256119
v  0.00459043868 -0.0317046791 0.0296478793
v  0.005180832 -0.0302209519 0.0295518711
v  0.0190337989 -0.0360239483 0.0236417204
v  -0.0161310975 -0.0360195972 0.0253461376
v  -0.0115582496 -0.0360224061 0.025614664
v  -0.00963352155 -0.0360224061 0.026067324
v  0.00904044695 -0.0360223725 0.0251095071
v  0.0105408812 -0.0360225998 0.0263385773
v  0.0163454656 -0.0212224051 0.0252075568
v  -0.0239146352 -0.0360231139 0.0184877217
v  -0.0110616023 -0.0360224061 0.0238881558
v  -0.0164936092 -0.0212241989 0.0250852108
v  0.00915278401 -0.0299758483 0.0257672742
v  0.0110991281 -0.0300254468 0.026002638
v  -0.00973185152 -0.0299969725 0.0261841416
v  -0.0172324926 -0.0302211195 0.0245592594
v  -0.0179882254 -0.0319109373 0.0240109563
v  -0.0117125083 -0.029984396 0.0251580775
v  0.0116244527 -0.0360223725 0.0247800127
v  0.0253858864 -0.0360224023 0.0116442218
v  -0.00918852072 -0.0360224061 0.0241261274
v  -0.00332771544 -0.0360224061 0.00335866958
v  0.011512123 -0.0299758464 0.0241222158
v  -0.00956878345 -0.029937014 0.0236979276
v  0.0101240044 -0.0360225998 0.0235509425
v  0.00956578366 -0.0300254487 0.023886852
v  -0.0192728452 -0.0311095919 0.0229894817
v  0.000800544047 -0.0360224061 0.00448223948
v  0.0257721804 -0.036022827 0.0154766962
v  0.023857953 -0.0320101716 0.0181951299
v  0.0229972117 -0.0307019502 0.0192645863
v  0.023633562 -0.0212233756 0.018507041
v  0.0040581096 -0.0360224061 0.00218025595
v  0.0235003829 -0.0360224023 0.00996978581
v  -0.0237053856 -0.0212216079 0.0186827481
v  0.0245588329 -0.0302212574 0.0172320977
v  -0.0277207885 -0.0360224098 0.0114824399
v  -0.025974784 -0.0360223874 0.0111296102
v  -0.0244322028 -0.0360225253 0.0115697905
v  -0.0271959174 -0.021204764 0.0123245791
v  0.0282204188 -0.021222407 0.0104711279
v  0.030277051 -0.0360238105 0.00338027626
v  -0.0261243898 -0.0299758483 0.0111550167
v  -0.0239116084 -0.030018786 0.0112213865
v  0.0234932099 -0.0299373772 0.0101912245
v  0.0255453046 -0.0299969669 0.0115718469
v  -0.023660956 -0.0360223576 0.00980077684
v  -0.0292726047 -0.0360224098 0.00656619668
v  -0.0257830005 -0.0360225812 0.00919953734
v  0.0260887053 -0.0360224023 0.00951383263
v  0.0259591378 -0.0299848262 0.00936575979
v  -0.025711488 -0.0300254524 0.00927457213
v  -0.0241527744 -0.0300082173 0.00928136706
v  0.024382839 -0.0360224582 -0.00901993364
v  -0.0297461785 -0.0212243982 0.00412973762
v  -0.0299527999 -0.0360224098 0.00168211013
v  -0.0295508206 -0.0302210152 0.00518078357
v  -0.0296796877 -0.0318490379 0.0043830052
v  -0.0294234306 -0.0360224098 -0.00642051548
v  -0.0104553392 -0.0360224061 -0.0141872764
v  -0.000949033245 -0.0211224072 0.00445798784
v  0.00277294731 -0.0211224072 0.00365430117
v  -0.00428799447 -0.0211224072 0.00188648701
v  0.0301127434 -0.0212220661 0.000113062561
v  0.0046967594 -0.0211224072 -0.00019210577
v  -0.00438823737 -0.0360224061 -0.00122030824
v  -0.0298862178 -0.0311845709 0.00264003873
v  0.00439947937 -0.0360224061 -0.00111877918
v  -0.0295833256 -0.0212224126 -0.00571212173
v  -0.00393645372 -0.0211224072 -0.00230830163
v  0.0243774746 -0.0360225588 -0.0117020756
v  -0.0262146555 -0.0360224545 -0.0101078898
v  -0.0247363076 -0.0360225998 -0.00893869251
v  0.0292798132 -0.0360224135 -0.00653692335
v  0.0297346301 -0.0320101678 -0.00400399417
v  0.029883733 -0.0307019595 -0.00263936818
v  0.00246265321 -0.0360224061 -0.00385959446
v  -0.00157333713 -0.0360224061 -0.00443477929
v  0.00230825925 -0.0211224072 -0.00393649191
v  -0.00105498754 -0.0211224072 -0.00445009768
v  0.0177927464 -0.0360196792 -0.0242888369
v  -0.0236538909 -0.036022339 -0.0106967539
v  -0.0241171587 -0.0360208824 -0.018048659
v  0.0295508169 -0.0302210376 -0.00518077612
v  0.0292726103 -0.0212224089 -0.00656615943
v  0.026295701 -0.0360224098 -0.0101632997
v  0.0264959317 -0.0360224023 -0.0143182427
v  0.0267835427 -0.0212224089 -0.0137604624
v  -0.0253858715 -0.0360224098 -0.0116442218
v  -0.0260694474 -0.0212218575 -0.0150862858
v  0.0241526999 -0.0300082173 -0.00928139687
v  0.0261268225 -0.0299898293 -0.00959868729
v  -0.0255253781 -0.030022895 -0.00919312239
v  -0.0239115674 -0.0300187804 -0.0094434917
v  0.0237285737 -0.0300228931 -0.010727562
v  -0.0262453146 -0.0299856775 -0.0107071325
v  0.0250467081 -0.0300187822 -0.0116915703
v  -0.0243502352 -0.0299969725 -0.0115747824
v  0.00902604032 -0.0360225439 -0.0242003873
v  0.00383183663 -0.0360236838 -0.0300868005
v  -0.0244969726 -0.030038137 -0.0173193216
v  -0.0242204778 -0.0318639055 -0.0177162066
v  -0.0154272718 -0.0360224098 -0.0257797912
v  0.0223692749 -0.0212224089 -0.0199903846
v  0.0115865162 -0.0360224247 -0.0243231654
v  0.0192676149 -0.0310776755 -0.0229932107
v  -0.0111764064 -0.0360222943 -0.0238742046
v  -0.00907354988 -0.036022421 -0.0243325122
v  -0.022995187 -0.0310237911 -0.0192697421
v  -0.019213859 -0.021220902 -0.0234243721
v  0.010463994 -0.0360221826 -0.0263565294
v  -0.00636625383 -0.0360203162 -0.02929781
v  0.0177133493 -0.0318635404 -0.0242172442
v  0.0115798116 -0.0299959891 -0.0242797099
v  0.00952788815 -0.0300069265 -0.0239008032
v  -0.00908233412 -0.0299959294 -0.024284631
v  -0.0116556445 -0.0299302284 -0.0242965296
v  0.00910921395 -0.0300236922 -0.0253439508
v  -0.0107803596 -0.0360224098 -0.0263615362
v  -0.0102397073 -0.0300024915 -0.0262802467
v  0.0105027817 -0.0299967024 -0.0262983218
v  0.0174070988 -0.0297424607 -0.024436608
v  0.0164939296 -0.0212253891 -0.0250850506
v  0.00789930113 -0.0212224126 -0.0290454403
v  -0.00494189747 -0.0212295968 -0.0296375193
v  -0.00518084224 -0.0302210618 -0.0295518674
v  -0.00458981376 -0.0317048877 -0.0296467617
v  -0.00269633997 -0.0314635001 -0.0298822336
v  0.00379064796 -0.0317651555 0.0221300051
v  -0.003790644 -0.0317651629 -0.0221300088
v  -0.0172634032 -0.0315182544 -0.0144652128
v  -0.0180794429 -0.0318308659 -0.0133822858
v  -0.0172545817 -0.0306224078 -0.0132399201
v  0.0144645842 -0.0315156057 -0.0172625259
v  0.0133822765 -0.0318308659 -0.0180794261
v  0.0132399155 -0.0306224041 -0.017254591
v  0.00177369616 -0.0312296078 0.0224521458
v  0.00283881184 -0.0306224022 0.0215628743
v  -0.0137185119 -0.0320101716 0.0177844986
v  0.0171302594 -0.031229632 0.0146219134
v  0.0183297582 -0.0317695402 0.0129690543
v  0.0172545835 -0.0306224022 0.0132399276
v  -0.0221315771 -0.0317695402 0.00379060209
v  -0.0224521291 -0.031229645 0.00177372992
v  -0.0215628594 -0.0306224059 0.00283879042
v  0.0224521551 -0.0312296338 -0.00177370012
v  0.0221315678 -0.0317695178 -0.00379061699
v  0.0215628669 -0.0306224022 -0.00283878297
v  -0.00177369139 -0.0312296152 -0.0224521719
v  -0.00283879507 -0.0306224059 -0.0215628743
v  -0.0126722604 -0.0306447633 0.0186178535
v  -0.0132398978 -0.0306224041 0.017254591
v  -0.0147017585 -0.0301885866 0.0170717388
v  -0.0186003111 -0.0300483108 -0.012653999
v  0.0126538826 -0.0300480239 -0.0186000876
v  -0.017238494 -0.0296912026 -0.0144814402
v  0.0144790886 -0.0296963826 -0.0172374323
v  0.00205705827 -0.0296109281 0.0224305615
v  0.00388157531 -0.0296796337 0.0221889094
v  0.0173154604 -0.0296108946 0.0144062564
v  0.0184368156 -0.0297018457 0.0129343122
v  -0.0134377507 -0.0293119289 0.0180225372
v  -0.0221827459 -0.0297019035 0.00389092416
v  -0.0224306397 -0.0296110027 0.00205711275
v  0.0224305689 -0.0296108536 -0.00205715001
v  0.0221826788 -0.0297020841 -0.00389097631
v  -0.00388156227 -0.0296796635 -0.0221889094
v  -0.00205707364 -0.0296109151 -0.0224305876
v  0.00363416807 -0.0293103084 0.0297860429
v  -0.0184829719 -0.0293098632 0.0236398056
v  0.0236281659 -0.0293085836 0.018488884
v  -0.0297816414 -0.0293085855 0.00363409519
v  0.0297816265 -0.029308537 -0.00363413244
v  -0.0236282218 -0.0293085556 -0.0184888281
v  0.0187047105 -0.0294761881 -0.0234581791
v  -0.00363416597 -0.0293102991 -0.0297860354
v  0.0103324559 -0.029271327 0.0249447227
v  -0.0103324596 -0.0292713288 0.0249447227
v  -0.024944745 -0.0292713325 0.0103324652
v  0.024944745 -0.0292713288 0.0103324726
v  0.0249447469 -0.0292713307 -0.0103324577
v  -0.0249447431 -0.0292713344 -0.0103324652
v  0.0103324605 -0.0292713307 -0.0249447227
v  -0.0103324549 -0.0292713325 -0.0249447264
v  -0.00400723517 -0.0212030206 0.0288475156
v  0.00660414901 -0.0211980995 0.0284343138
v  -0.0130120702 -0.0211981703 0.02605474
v  0.0163067523 -0.0211995225 0.0241307616
v  -0.0206456687 -0.0211966932 0.0205399916
v  0.0231621768 -0.0211982224 0.0176545754
v  -0.0259159897 -0.0211944114 0.0132289529
v  0.0275866296 -0.0212001912 0.00933493674
v  -0.0290918015 -0.0211769547 -0.000601321459
v  0.0291223582 -0.0211950764 5.35473228e-05
v  -0.0273202658 -0.0211824123 -0.0100148618
v  0.0277028717 -0.0211919881 -0.0089155063
v  0.0246004574 -0.021172408 -0.0153563544
v  -0.0239448305 -0.0211724117 -0.0163598731
v  0.0201457255 -0.0211824086 -0.020996321
v  -0.0192609951 -0.0211824123 -0.0218107626
v  0.0122365942 -0.0211769529 -0.0263999961
v  -0.0111353248 -0.0211769566 -0.0268830806
v  0.00536340103 -0.0211724117 -0.0284997262
v  -0.0018031646 -0.0211769566 -0.02904208
v  0.00100052962 -0.0155224018 0.00448311865
v  0.00505771209 -0.0155223981 0.0295705795
v  -0.00373319886 -0.0155223999 0.0298829228
v  -7.71729392e-05 0.0477776043 0.0302999988
v  0.0155271012 -0.0155223981 0.0259620324
v  0.00965317059 0.0359775312 0.0283353329
v  -0.00288122776 -0.0155224018 0.00357737392
v  -0.0169507768 -0.0155224018 0.0251431167
v  -0.0157571081 0.0477776006 0.0259078741
v  0.0181744546 0.0359775946 0.0240127966
v  0.00412885286 -0.0155224018 0.00201290101
v  0.0265999641 -0.0155223981 0.0145583972
v  -0.0260968152 -0.0155224018 0.0150293559
v  -0.0255872775 0.0477775969 0.0158813298
v  0.0272513088 0.0359775983 0.0132992864
v  -0.00434666127 -0.0155224018 0.00116467476
v  -0.0289777741 -0.0155224036 0.00776457787
v  -0.0295113977 0.0477775969 0.00536429137
v  0.0300998874 -0.0155223981 0.000959999859
v  -0.0301929098 -0.0155225955 -0.00344810635
v  -0.0294085033 0.0359775573 0.005207479
v  -0.00256923842 0.0359775946 0.00380763412
v  0.00137508265 0.0359775946 0.00438275188
v  0.0301151685 0.0359775983 -3.26186419e-05
v  -0.0045072264 0.0359775946 0.000690571964
v  0.00428391155 0.0359775946 0.00165748596
v  -0.00408683717 -0.0155224018 -0.00238225609
v  -0.0300168581 0.0359775908 -0.00359747559
v  0.00434666127 -0.0155224018 -0.00116467476
v  -0.00373184169 0.0359775946 -0.00266765058
v  0.0289777759 -0.0155223999 -0.00776457787
v  0.0248887725 -0.0155224018 -0.0173221156
v  0.00336071639 -0.0155224018 -0.00309930742
v  0.00371732819 0.0359775946 -0.00286290795
v  -0.0234718975 -0.0155224055 -0.0191983208
v  -0.0125573026 -0.0155224055 -0.027372241
v  -0.000221071474 -0.0155224018 -0.00458640605
v  -0.000395180832 0.0359775946 -0.00457020849
v  0.0120418491 -0.0155224036 -0.0278298184
v  -0.00182127522 -0.0155224036 -0.0300600789
v  0.0270356871 0.0359775983 -0.0137323514
v  -0.0256216154 0.0359775908 -0.0158258602
v  -0.0181745049 0.0359775908 -0.024012778
v  0.0157571025 0.0359775908 -0.0259078927
v  -0.00827284809 0.0359775908 -0.0289566107
v  0.00274622743 0.0359775908 -0.0299897455
v  0.00971299969 0.0477776043 0.0281548426
v  0.00415690336 0.0359775946 0.00941243023
v  0.00413253065 0.0477776006 0.0094242692
v  -0.00102567114 0.0359775946 0.0100303218
v  -0.000528441102 0.0477776006 0.0100687593
v  -0.00731596537 0.0359775946 0.00715325773
v  -0.00679584313 0.0477776006 0.00764911622
v  -0.0101823872 0.0359775946 0.000978916883
v  -0.0102203246 0.0477776006 0.000942252576
v  -0.00390040129 0.0477776006 0.0218041465
v  -0.00645839144 0.0477776006 0.025578551
v  -0.0102327848 0.0477776006 0.0230205581
v  -0.00767479558 0.0507775918 0.025578551
v  -0.00390040176 0.0507775918 0.0230205581
v  -0.0102327848 0.0507775918 0.0218041465
v  -0.00767479464 0.0477776006 0.0192461461
v  -0.00645839144 0.0507775918 0.0192461461
v  0.00067525229 -0.0192666277 0.0300045162
v  -0.00852521509 -0.0211328492 0.0292178318
v  0.00243542879 -0.0211189482 0.0299156904
v  0.000980856246 -0.0211224072 0.00460223109
v  -0.00129440275 -0.0184304845 0.0299748182
v  -0.00168482703 -0.015528135 0.0299678743
v  -0.0147495521 -0.0155104976 0.0266142711
v  0.00115859462 -0.0173850395 0.0299807787
v  0.00535670388 -0.0155223981 0.029517889
v  0.0120422738 -0.0211224034 0.027576983
v  -0.00313857966 -0.0211224072 0.00332650542
v  0.015803311 -0.0155156218 0.0258864909
v  -0.0201018602 -0.0211178251 0.0222862735
v  0.0219901223 -0.0211149678 0.0205657929
v  -0.0202907138 -0.0179980006 0.0220979005
v  -0.0210089441 -0.0193346236 0.0214196891
v  0.0210856926 -0.0193410814 0.0213412046
v  0.0202846024 -0.0181104615 0.0221029297
v  -0.0221042838 -0.0184835922 0.0202858299
v  -0.0247871671 -0.0211224072 0.0168995857
v  0.0221882742 -0.0179802682 0.0201967657
v  0.0239367634 -0.0155179091 0.0183110908
v  0.00462727342 -0.0211224072 0.000854991376
v  -0.022978019 -0.0155251995 0.0193107575
v  -0.0276823472 -0.0155224036 0.0116788223
v  -0.0295533687 -0.0211253483 0.00642994791
v  0.0296758525 -0.0211304296 0.00661302358
v  -0.00462727295 -0.0211224072 -0.000854969025
v  0.0296680573 -0.0155167393 0.00621415675
v  -0.0298097674 -0.0155201498 0.00400676578
v  -0.00288837962 -0.0155224018 0.00354593247
v  0.00145153538 -0.0155224018 0.00447611511
v  -0.0299744643 -0.0176249444 0.00128832459
v  -0.029999068 -0.0193347353 0.000290066004
v  -0.0296754185 -0.0211304035 -0.00661442429
v  0.00438134186 -0.0155224018 0.00131158531
v  0.0295535643 -0.0211253446 -0.00642935932
v  0.0299990438 -0.0193345547 -0.000290043652
v  0.0299745053 -0.0184332058 0.00127971917
v  -0.0041915318 -0.0155224018 -0.00213862211
v  0.00313856942 -0.0211224072 -0.00332652777
v  -0.0299741849 -0.0184211675 -0.0012871623
v  -0.0296681467 -0.0155167375 -0.00621375442
v  -0.0219899658 -0.0211149268 -0.020565398
v  -0.000980870449 -0.0211224072 -0.00460223854
v  0.0299724527 -0.0179366786 -0.00128664076
v  0.0298098084 -0.0155201443 -0.00400655717
v  0.0247871671 -0.0211224072 -0.0168995783
v  0.0201023798 -0.0211178288 -0.0222856216
v  0.00288836984 -0.0155224018 -0.00354595482
v  -0.0120422477 -0.0211224128 -0.0275769979
v  0.00852526352 -0.0211328529 -0.0292177573
v  -0.00243542576 -0.0211189687 -0.0299157873
v  0.0276823398 -0.0155223999 -0.0116788596
v  -0.0239366982 -0.0155179128 -0.018311128
v  0.0221042968 -0.0184834022 -0.0202856883
v  0.022977585 -0.0155258495 -0.0193114355
v  -0.022188263 -0.0179803092 -0.0201966912
v  -0.0210858285 -0.0193409827 -0.0213405341
v  0.0210089665 -0.0193346199 -0.0214196667
v  -0.0158042442 -0.0155156367 -0.0258860961
v  -0.0202846099 -0.0181105193 -0.0221029371
v  0.0202907324 -0.0179979466 -0.0220978893
v  0.0147502366 -0.0155119542 -0.0266139321
v  -0.00535670388 -0.0155224036 -0.0295178927
v  -0.00116820377 -0.0174220931 -0.0299810208
v  -0.000675275573 -0.0192666221 -0.0300046057
v  0.00129440962 -0.0184304994 -0.0299747214
v  0.00168445241 -0.0155281369 -0.0299680308
v  -0.0166441947 -0.0188650787 0.0151581243
v  -0.0155165708 -0.0191767495 0.0163016617
v  -0.0153788123 -0.0180223994 0.0153788328
v  0.0225018077 -0.0190409292 -0.000867724419
v  0.0224791318 -0.0186618008 0.00124736875
v  0.0217489228 -0.0180223975 -7.4505806e-09
v  -0.0217489228 -0.0180224013 -7.4505806e-09
v  -0.0224885289 -0.0188675001 -0.00105085224
v  -0.0224756394 -0.0187456589 0.00123059005
v  0.0155165698 -0.0191767458 -0.0163016692
v  0.0166441873 -0.0188650992 -0.0151581541
v  0.0153788123 -0.0180223994 -0.0153788328
v  -0.00142278196 -0.0180082377 0.0224743858
v  0.000915356795 -0.0191499591 0.022444129
v  5.58793545e-09 -0.0180223975 0.0217489004
v  0.0150714573 -0.0186251048 0.0167417377
v  0.0165186636 -0.0191542972 0.0152243525
v  0.0153788105 -0.0180223957 0.0153788328
v  -0.0150714889 -0.0186253171 -0.0167417824
v  -0.0165186152 -0.0191543456 -0.0152244046
v  -0.0153788095 -0.0180224013 -0.0153788328
v  0.00142278732 -0.018008247 -0.022474397
v  -0.00091532286 -0.0191499852 -0.0224441364
v  9.37143341e-09 -0.0180224013 -0.0217489041
v  -0.0149910878 -0.0180127453 0.0168244243
v  0.0149911176 -0.0180127304 -0.0168244392
v  0.0225032214 -0.0174543243 -0.00121063739
v  0.000636766781 -0.0167796966 0.022457689
v  0.015285356 -0.0170133095 0.0165444687
v  -0.016659053 -0.0172815751 0.0151703209
v  0.0165636241 -0.0170770418 0.0152520165
v  -0.0156963114 -0.0167135429 0.0160848126
v  0.0224785563 -0.0167397857 0.000309810042
v  -0.0224783998 -0.0167116243 0.000307828188
v  -0.0225049332 -0.0172926113 -0.00105600059
v  0.0166590195 -0.017281495 -0.015170373
v  -0.0165636167 -0.017077012 -0.0152520686
v  0.0156963095 -0.0167135429 -0.01608482
v  -0.0152853681 -0.0170133095 -0.0165444762
v  -0.000638489844 -0.016777223 -0.0224593207
v  0.0300026387 -0.0166366417 9.97781754e-05
v  -0.000235843007 -0.0166857094 0.0300078467
v  0.0210069269 -0.0167103335 0.0214174986
v  -0.0212355219 -0.0166076869 0.021203585
v  0.0212355144 -0.0166077111 -0.021203611
v  -0.0210069232 -0.016710341 -0.0214174986
v  0.000220296555 -0.0166767333 -0.0300078988
v  -0.0300001539 -0.01670992 -0.000289827585

# 0 UV coordinates

# 6702 vertex normals
vn -0.854476392 0.51947844 0.00348858954
vn -0.854592383 0.519288838 0.00331672374
vn -0.854900479 0.518784106 0.00285950489
vn -0.854179323 0.519963682 0.00392853096
vn 0.855433464 0.517896533 0.00409710826
vn 0.855648816 0.517537892 0.00442049839
vn 0.855351508 0.518032789 0.00397415971
vn 0.855144322 0.518377006 0.00366357341
vn -0.855137408 0.518391073 0.0032938763
vn -0.855638206 0.517568171 0.0025473088
vn -0.85696274 0.515378058 0.000563839159
vn 0.853677511 0.520790875 -0.0033834998
vn 0.854741096 0.519051373 -0.00180806825
vn 0.854440928 0.519543707 -0.00225363136
vn 0.85553211 0.51774925 -0.000630798866
vn -0.853848875 0.520495117 0.00520576956
vn -0.00508358981 0.037824627 0.999271512
vn 0.000993293361 0.0376431197 0.999290764
vn -0.00557531044 0.0377030857 0.999273419
vn 0.998489678 0.054940518 8.2487702e-08
vn 0.998473346 0.0552286245 -0.000778972171
vn 0.998426914 0.0559970625 -0.00285731489
vn 0.998404682 0.056338273 -0.00378039409
vn -0.998015761 0.0588901639 -0.0222811792
vn -0.997774839 0.0606060587 -0.0277863946
vn -0.998453796 0.05481565 -0.00923086237
vn -0.998571634 0.0532587059 -0.00425230199
vn -0.0135919088 0.0372560173 0.999213398
vn -0.0123962024 0.0373389944 0.999225795
vn -0.000967446482 0.0381293818 0.999272346
vn 0.00249569537 0.0383678935 0.999260545
vn 0.030476924 0.044999402 -0.998521984
vn -0.0417136066 0.0630020872 -0.997141242
vn 0.000917381491 0.0498831756 -0.998754621
vn 0.00249722949 0.0369813591 -0.999312878
vn 0.00204011449 0.0378058143 -0.999283075
vn -0.00916146394 0.0384842902 -0.999217212
vn -0.00784922671 0.0385607667 -0.999225497
vn 0.00417804997 0.0504142009 -0.998719692
vn -0.0237389281 0.0455352888 -0.998680592
vn 0.0511911772 0.0639781281 -0.996637523
vn 4.81935422e-05 0.0383657441 0.999263763
vn 0.00140799105 0.0373682976 0.999300599
vn -0.000116102128 0.0383251272 0.999265373
vn 0.998458147 0.0555081218 8.24353208e-08
vn 0.998456717 0.0555355325 -7.40597025e-05
vn 0.998452544 0.055608619 -0.000271799072
vn 0.998450756 0.0556410588 -0.000359577476
vn -0.998448133 0.0556896888 0.000248814205
vn -0.998451889 0.0556227714 6.77818898e-05
vn -0.998446345 0.0557193942 0.000329168455
vn -0.0366330035 0.04214615 0.99843967
vn 0.0405546613 0.061557252 0.997279346
vn 4.43152348e-05 0.0487600155 0.99881053
vn -0.00850710645 0.0332913212 0.999409437
vn -0.00716820499 0.0331314392 0.999425232
vn 0.0245969836 0.0448005833 -0.998693109
vn -0.0458415039 0.0625081062 -0.996991098
vn -0.0030499585 0.049491331 -0.998769879
vn 0.00215406599 0.0366966613 -0.999324083
vn 0.00167917972 0.0372911729 -0.999302983
vn -0.998453319 0.0555976853 -9.21480705e-08
vn 0.00367039163 0.0381375626 -0.99926573
vn -0.00112897926 0.0375893228 -0.999292612
vn 0.00407948159 0.0380365588 -0.999268055
vn -0.190093622 -0.981765926 0.000364996871
vn -0.190093592 -0.981765866 0.000364996842
vn -0.190093607 -0.981765807 0.000364996842
vn 0.00168869412 0.037309777 0.999302328
vn -0.987532794 -0.0768464506 -0.137381345
vn -0.997316718 -0.0357385837 -0.0638912097
vn -0.972476065 -0.113747872 -0.203351498
vn 0.998074889 -0.0406309031 -0.0468561389
vn 0.988309741 -0.0908493847 -0.122434266
vn 0.968789935 -0.143643841 -0.202020675
vn 0.194234818 -0.98095125 -0.00274073496
vn 0.194234833 -0.98095125 -0.00274073519
vn 0.194234803 -0.98095119 -0.00274073472
vn -0.99999994 -8.74227695e-08 -8.74227695e-08
vn 0.999916136 -0.000852842408 0.0129255569
vn -0.200484082 -0.979683101 -0.0052126823
vn -0.200484037 -0.979683042 -0.0052126809
vn -0.200484067 -0.979683101 -0.00521268183
vn 0.0015009999 0.0370375365 0.999312818
vn -0.987584054 -0.0766894519 -0.137100682
vn -0.997316182 -0.0357424468 -0.0638981238
vn -0.972533286 -0.113631278 -0.203143075
vn 0.991795599 0.0624063425 -0.111566104
vn 0.99987191 0.00781257451 -0.0139666116
vn 0.993347824 -0.0562151 0.100498252
vn 0.972556353 -0.113583885 0.203058735
vn 0.194390342 -0.980924308 -0.000302334665
vn 0.194390327 -0.980924249 -0.000302334665
vn 0.194390327 -0.980924308 -0.000302334665
vn -0.00164170971 0.0372379906 -0.999305069
vn 0.173674315 0.0054383208 0.98478812
vn 0.1736743 0.00543832034 0.98478806
vn -0.513667762 0.693470478 0.505217016
vn -0.513667703 0.693470478 0.505217016
vn -0.513667643 0.693470478 0.505216956
vn 0.966255784 0.0124193802 -0.257284611
vn 0.966310143 0.0107946293 -0.257153779
vn 0.966259778 0.0123067405 -0.257275611
vn 0.966325104 0.0103354491 -0.257116705
vn -0.926265478 0.0102197845 0.376733243
vn -0.979560137 -0.00473434292 0.201095924
vn -0.964278579 -0.00211016787 0.264881611
vn -0.92329365 0.0103699565 0.383954942
vn 0.739535034 0.527422011 -0.418227166
vn 0.739534974 0.527421951 -0.418227136
vn -0.810707569 0.0270120073 0.584827662
vn -0.769199252 0.0185644682 0.638739228
vn -0.00276439288 0.999996126 0.000270098652
vn -0.00292110024 0.999995649 0.000312418066
vn -0.00290918583 0.999995649 0.000311685464
vn 0.794590414 -0.145346597 -0.589491785
vn 0.796594381 -0.0842148215 -0.598619521
vn 0.794712424 -0.143207267 -0.589850843
vn 0.796617985 -0.0804669857 -0.599103332
vn -0.971675634 0.0207258835 0.235407889
vn -0.802978218 0.206016347 0.559270442
vn -0.0027652781 0.999996066 0.000507050951
vn -0.00200029463 0.999997675 -0.000859872554
vn -0.00267022103 0.999994397 0.00200800947
vn -0.953011334 0.296032608 0.0642969832
vn -0.953011274 0.296032578 0.0642969832
vn -0.953011334 0.296032608 0.0642969906
vn -0.990621567 0.117429495 0.0698504671
vn 0.957405627 -0.180202246 0.225613818
vn 0.987567067 -0.0592223592 0.145616531
vn 0.992176056 0.0471698791 0.115593709
vn 0.992091477 0.0491799712 0.115481786
vn -0.0353318192 0.999312282 -0.0112555949
vn -0.0290025529 0.999565005 -0.00533943484
vn -0.967269123 0.00759239448 -0.25363937
vn 0.993573308 -0.0632684603 -0.0938562751
vn 0.992464304 -0.0143290702 -0.121693723
vn 0.969181955 -0.23137714 -0.0845632851
vn -0.904490948 -0.416595757 0.0913463086
vn -0.904490948 -0.416595757 0.091346316
vn -0.904490888 -0.416595727 0.0913463086
vn 0.147579134 0.988928258 -0.0155329369
vn 0.781829536 -0.590424061 0.20035474
vn -0.120067671 0.992330551 -0.0293918923
vn -0.162962258 0.985686719 -0.0431858264
vn -0.924880028 0.292450517 -0.243042618
vn -0.958102107 0.0603473447 -0.279997289
vn -0.950335562 0.176225871 -0.256528378
vn 0.993399024 0.0171155222 -0.113425121
vn 0.982490778 -0.15496695 -0.103427149
vn 0.985995889 -0.140740678 -0.089465484
vn 0.988892496 0.126884803 -0.0774073601
vn 0.689124584 -0.722870648 -0.0506505854
vn 0.689124584 -0.722870588 -0.0506505854
vn 0.689124584 -0.722870529 -0.0506505854
vn 0.145667091 0.98919034 -0.0168408733
vn 0.780594826 -0.592177689 0.199993312
vn -0.310510874 0.94868356 -0.0598550513
vn -0.899876118 -0.373967528 -0.224435583
vn -0.952334642 -0.182720408 -0.244278803
vn -0.956633687 0.13493219 -0.258157849
vn -0.981415749 0.160542831 0.105114579
vn -0.981415808 0.160542831 0.105114587
vn -0.981415808 0.160542831 0.105114579
vn 0.969972134 -0.224256396 -0.0941447392
vn 0.972768009 -0.209342301 -0.0994893014
vn 0.825335801 0.541697919 0.159324184
vn 0.825335741 0.541697919 0.159324184
vn -0.0537881888 0.998550653 -0.00188819051
vn 0.998886526 -0.00891503599 -0.0463265665
vn 0.992634356 -0.111773074 -0.0467307419
vn 0.989345968 0.133232787 -0.0586814992
vn 0.576593101 0.817030549 -0.00123876543
vn -0.0037052331 0.999993205 -0.000155580725
vn -0.943477511 -0.307377189 -0.123973936
vn -0.97495991 -0.177709669 -0.133688077
vn -0.992994785 -0.0523515716 -0.105928294
vn 0.995250285 0.0823514089 0.051914677
vn 0.995250225 0.0823514014 0.0519146696
vn 0.995250344 0.0823514089 0.0519146733
vn 0.839162409 -0.540620983 0.0594600029
vn 0.839162409 -0.540620923 0.0594600029
vn 0.83916235 -0.540620983 0.0594600029
vn -0.0414005108 0.999138713 -0.0027866615
vn 0.998524666 -0.0525052957 -0.0138433883
vn 0.993541241 0.0938116014 0.0638380796
vn 0.994395971 0.102322802 -0.0265848972
vn 0.929272771 -0.369393706 -0.00059200119
vn 0.585434616 0.810719132 -0.000892338518
vn -0.816327214 -0.576801717 0.0301578511
vn -0.816327274 -0.576801717 0.0301578529
vn -0.971879363 0.23482123 0.0175938029
vn -0.971879303 0.234821215 0.017593801
vn -0.971879303 0.234821215 0.0175938029
vn 0.0626183227 0.998036921 -0.0011330141
vn 0.0626183227 0.998036921 -0.00113301422
vn 0.0626183227 0.998036921 -0.00113301398
vn -0.995465934 -0.0937666222 -0.0159784909
vn -0.996656954 0.0678822026 -0.0454633385
vn -0.973482966 0.21961391 -0.0640372708
vn -0.990073979 0.123464189 -0.0671577826
vn -0.992536426 0.120827548 0.016496988
vn -0.999604404 0.0227821078 -0.0164945368
vn -0.0418140329 0.999121428 -0.00281474949
vn 0.99717778 0.0749469846 -0.00440984685
vn 0.998672664 -0.0507225394 -0.00895532127
vn -0.994362414 0.104320109 0.0189896636
vn -0.0169926044 -0.0129674058 -0.999771595
vn -0.263422757 -0.045206517 -0.963620722
vn -0.0105550308 -0.0208557956 -0.999726832
vn 0.00719712814 0.999973774 0.000853689737
vn 0.0025698829 0.999996543 -0.000702731078
vn 0.00280982116 0.999994338 -0.00181492628
vn -0.714582205 0.0132744741 0.699425459
vn -0.714582264 0.0132744759 0.699425459
vn -0.97444272 0.0122988466 0.224299073
vn -0.999535203 0.00292967795 0.0303454697
vn 0.835728467 -0.00241666404 0.549137533
vn 0.835728526 -0.00241666427 0.549137592
vn 0.835728526 -0.00241666404 0.549137592
vn 0.684976459 -0.721441746 -0.101631448
vn 0.999326646 0.0309359804 -0.0197343603
vn 0.999061167 0.0309303347 -0.0303310845
vn -0.0293263625 -0.000726168219 0.999569535
vn -0.0284988433 -0.000567690236 0.999593675
vn -0.0285082571 -0.000567282492 0.999593377
vn -0.048479218 -0.0034179003 0.998818278
vn -0.984516561 -0.0177029315 0.174395114
vn -0.984516621 -0.0177029334 0.174395114
vn -0.984516561 -0.0177029334 0.174395114
vn 0.967350125 0.0355924629 0.250932217
vn 0.993853211 0.047314465 0.100086018
vn 0.948782802 -0.0539855547 0.311282575
vn 0.994691372 -0.00273965928 0.102867641
vn 0.000137953146 1 -3.92902875e-05
vn 0.000368422276 0.999999881 -0.000173676264
vn 0.000129622102 1 -3.4625129e-05
vn 0.974134147 0.0147444215 -0.225488499
vn -0.0257872045 0.999666929 0.00100682222
vn -0.000228873469 1 -3.23486856e-05
vn 0.000590630458 0.999999821 -5.45011499e-05
vn 0.874674737 -0.417244643 -0.246679947
vn 0.000192961903 0.99999994 -0.000150692998
vn 0.720091879 -0.58478564 -0.373488486
vn 0.84095788 0.00235895882 -0.541095555
vn -0.0298933424 0.999548197 0.00310603227
vn 0.991871536 0.10787718 -0.0674775466
vn 0.748910606 -0.381250888 -0.542015612
vn 0.914607346 -0.119989961 -0.386129498
vn 0.59085089 -0.551063895 -0.589257002
vn -0.800038218 0.163125098 0.577346504
vn -0.954240799 0.282051891 0.0993530452
vn 0.00452491408 0.999989331 0.000890449563
vn -0.92163527 0.367082506 -0.125852749
vn 0.000791076105 0.999999762 -8.74051766e-05
vn 0.00197552028 0.999998093 -0.000270007062
vn -0.00429221103 0.999985635 -0.00318357209
vn -0.00901428238 0.998293042 -0.0577019751
vn -0.00875757821 0.998462558 -0.0547346324
vn -0.00401610462 0.999991953 -8.77731665e-08
vn 0.919017196 0.364342242 -0.150539368
vn 0.938740075 0.34462598 5.19391143e-08
vn 0.937579989 0.347330004 -0.0174788404
vn 0.91645807 0.365574181 -0.162665769
vn -2.53358139e-05 5.50245604e-05 1
vn 3.07799564e-05 6.2269457e-05 0.99999994
vn -6.22720327e-05 -2.87086059e-05 0.99999994
vn 0.0380998068 -0.00213653268 0.999271691
vn 0.362099349 -0.0228927433 0.931858361
vn 0.288548708 -0.018103417 0.957293987
vn -0.0426251516 0.98948878 0.138184622
vn -0.0426251478 0.98948878 0.138184607
vn -0.873917758 0.469359487 -0.126370162
vn -0.991061211 -0.120566942 0.0571083277
vn -0.988547266 -0.116415337 0.0960299149
vn -0.990515947 -0.111393355 0.080434002
vn 9.21131432e-05 0.000509572099 -0.999999821
vn -2.21677874e-05 -4.97621186e-05 -1
vn -2.47042112e-06 -5.81730944e-07 -1
vn 0.302026778 0.0768813342 -0.95019418
vn 0.0537184998 0.0137232151 -0.998461843
vn 0.214281708 0.0545451902 -0.97524786
vn -9.36158685e-05 0.000151977874 -0.99999994
vn -0.919818044 0.300891817 0.251791447
vn -0.919817984 0.300891817 0.251791418
vn 0.0083890995 0.999962032 0.00235898071
vn -0.897658527 0.380491078 -0.222341537
vn -0.0023428807 0.999996901 0.000890269235
vn -0.00100979244 0.999833226 0.0182379074
vn -0.00107594754 0.999848485 0.0173772443
vn -0.00241128053 0.999997079 -8.76333175e-08
vn 0.919019461 0.364340931 -0.150528073
vn 0.938740134 0.34462598 5.19391214e-08
vn 0.937580049 0.347330004 -0.0174786616
vn 0.916460574 0.3655729 -0.162653774
vn 2.74716149e-06 8.57943596e-05 0.99999994
vn 6.19706043e-05 7.37739538e-05 1
vn -3.25292895e-05 -2.4777728e-06 0.99999994
vn 0.0377237909 0.033229813 0.998735487
vn 0.106285833 0.09383858 0.989897788
vn 0.0440516248 0.0389862396 0.998268247
vn -0.0138229942 0.991186976 0.13174732
vn -0.0138229942 0.991186917 0.13174732
vn -0.908742487 0.356514335 -0.216990009
vn 4.74424314e-06 3.78784098e-05 -1
vn -1.03564344e-05 -3.10983123e-05 -1
vn 1.22745712e-06 3.31101347e-07 -0.99999994
vn 0.103507906 0.114650518 -0.987998724
vn 0.0383756422 0.0424862355 -0.99835974
vn 0.0406023823 0.0449689105 -0.998162925
vn 1.65417259e-05 -2.40465233e-05 -1
vn -0.919815779 0.300891072 0.251800179
vn -0.919815838 0.300891101 0.251800209
vn -0.898864448 0.352797151 -0.259955555
vn -0.89814496 0.351172596 -0.264600605
vn 0.933936656 -0.256159723 0.249288276
vn 0.95864445 -0.189408004 0.212427393
vn 0.931187451 -0.270740479 0.244109571
vn -0.000358533958 1 -9.21403189e-05
vn 0.957360148 0.267059773 -0.110184491
vn -0.0140776765 0.0237274636 0.999619305
vn -0.00978749059 0.0165114682 0.999815762
vn -0.0344183221 0.0578731522 0.997730494
vn -1.71521106e-06 1 -8.74229187e-08
vn -1.71521083e-06 1 -8.74229187e-08
vn 0.937095106 0.318401188 0.143085137
vn 0.939799249 0.340984941 0.022505749
vn 0.92972219 0.304133028 0.207652852
vn 4.13490998e-05 3.70755588e-05 0.99999994
vn -0.000498425157 -0.000708032981 0.999999642
vn -0.00117660523 -0.00169016479 0.999997914
vn -0.000374926371 -0.000532120059 0.999999762
vn -0.0717167407 0.870289028 -0.48729226
vn -0.0717167482 0.870289028 -0.48729232
vn 3.63231788e-06 0.991694808 0.128613457
vn 3.63231788e-06 0.991694808 0.128613472
vn 3.63231811e-06 0.991694808 0.128613472
vn 0.982394993 0.156414896 -0.102150053
vn -0.00595881836 0.0172663201 -0.999833167
vn -0.0151777305 0.043983452 -0.998916924
vn -0.0343031697 0.0994157195 -0.994454443
vn -2.62535414e-05 -3.86656538e-05 -1
vn -9.15419605e-06 -0.000152661683 -1
vn 4.10712455e-05 -8.39694039e-05 -1
vn 5.4519387e-05 -7.40117903e-05 -1
vn 8.48887285e-05 -5.57999701e-05 -0.99999994
vn -0.919816434 0.30089128 0.251797885
vn -0.919816375 0.30089125 0.251797885
vn -0.919816375 0.300891221 0.251797885
vn 0.0012521859 0.999999225 0.000113097994
vn -0.874853015 0.401904732 -0.270379215
vn -0.000642416649 0.999999166 -0.00111888244
vn -0.0023317982 0.999609411 -0.0278494805
vn -0.00226586033 0.999638021 -0.0268060472
vn -0.00057169958 0.999999821 -8.74727348e-08
vn 0.919017971 0.364341795 -0.150535643
vn 0.937579989 0.347330004 -0.0174787324
vn 0.916458964 0.365573704 -0.162661776
vn 7.92546871e-06 1.64955472e-05 1
vn 1.84896289e-05 2.73326914e-05 1
vn 3.05083859e-06 2.1374085e-06 1
vn 0.00921209529 0.0143125989 0.999855101
vn 0.0211095009 0.0327358395 0.999241173
vn 0.00583232846 0.0090633193 0.999941885
vn -0.00693246257 0.991465688 0.130183056
vn -0.00693246257 0.991465628 0.130183056
vn -0.0069324635 0.991465807 0.130183071
vn 2.85080228e-06 3.68316614e-05 -0.99999994
vn -1.53026522e-05 8.25332027e-05 -1
vn -4.6005076e-05 -1.70086878e-05 -0.99999994
vn 0.0619313344 0.117165901 -0.991179407
vn 0.0278399438 0.0528664738 -0.99821341
vn 0.0155081414 0.0294590518 -0.999445617
vn -0.000105038278 9.93892027e-05 -1
vn -0.898308992 0.358319163 0.25426051
vn -0.898308992 0.358319134 0.25426051
vn -0.898308992 0.358319134 0.25426048
vn -0.975955606 -0.213767111 0.0425952449
vn -0.947807014 0.228486493 -0.222386718
vn -0.945249319 0.224325523 -0.237026826
vn -0.953283429 0.199984908 -0.226399615
vn -0.959071875 0.184553221 -0.214758322
vn -0.959718227 0.182105765 -0.213959232
vn 0.950238526 -0.253486782 0.181083575
vn 0.996867716 -0.0187552683 -0.0768314302
vn 0.019975841 0.999800384 -0.000333520089
vn 0.0280893762 0.847660303 0.52979517
vn 0.0280893743 0.847660303 0.52979517
vn 0.028089378 0.847660363 0.52979517
vn -0.00351302163 0.999993801 -8.77293473e-08
vn -0.00351302186 0.999993861 -8.77293473e-08
vn 0.919017136 0.364342123 -0.150539294
vn 0.937579989 0.347330004 -0.0174787901
vn 0.91645807 0.365574092 -0.162665635
vn -1.4635868e-05 4.42574674e-05 1
vn 1.73537155e-05 2.8178154e-05 1
vn -3.38353639e-05 -1.65671281e-05 0.99999994
vn 0.000215224587 0.000755832647 0.999999702
vn 0.00051786087 0.00164522137 0.99999845
vn 8.17721811e-05 0.000263206195 0.999999881
vn -0.0396896489 0.846761703 -0.530489683
vn 0.00358039187 0.991794229 0.127793908
vn 0.00358039211 0.991794229 0.127793908
vn 3.80279471e-06 0.00012313624 -0.99999994
vn -0.000240054185 0.000431383931 -0.999999881
vn -0.000156089998 0.000240935376 -1
vn -0.000516504748 0.000885761983 -0.999999523
vn 3.30060757e-05 0.00096392649 -0.999999583
vn -0.000303207606 0.000148881081 -0.99999994
vn -0.000302092405 0.000358563469 -0.999999881
vn -0.000300117914 2.50446774e-05 -1
vn -0.919818759 0.300892055 0.251788497
vn -0.919818699 0.300892025 0.251788497
vn -0.91981864 0.300892025 0.251788497
vn -0.966540158 0.210474849 -0.146630585
vn -0.994383156 -0.0459595248 -0.0953399912
vn -0.000543127477 0.999999821 -0.000171320149
vn 0.963582873 -0.232200995 0.132630855
vn 0.985189557 -0.154703379 0.0739491284
vn -0.979098082 -0.203069329 0.0113930898
vn -0.00189878582 0.999841034 0.0177290756
vn 0.0222799666 0.897152126 0.441159487
vn 0.0214508213 0.904084742 0.426814437
vn -0.00289914105 0.999995887 -8.76758577e-08
vn -7.00281671e-05 0.000131685811 1
vn -5.27829579e-05 0.00022917286 0.99999994
vn -1.67893922e-05 3.4086017e-05 1
vn 0.000123131074 0.000126537634 1
vn 0.919017971 0.364341915 -0.150534838
vn 0.937579989 0.347330004 -0.0174787231
vn 0.916459024 0.365573883 -0.162660897
vn 0.0212977566 0.10391596 0.994358063
vn 0.0421780273 0.203068599 0.978255689
vn 0.00421637017 0.0209816303 0.999770939
vn -0.000325173285 -0.000193736938 0.99999994
vn -0.00170253881 0.991643667 0.128996387
vn -0.00170253858 0.991643608 0.128996372
vn -0.00170253858 0.991643548 0.128996372
vn -0.00313996198 0.999995053 -0.000143597368
vn 5.28224191e-05 -0.000158694238 -1
vn 0.00014239653 -0.000461983029 -0.999999881
vn 0.000302420609 -0.000972268463 -0.999999464
vn 3.34055107e-06 5.84069821e-05 -0.99999994
vn 0.0145250019 0.0880200043 -0.996012866
vn 0.00742114615 0.0453707576 -0.998942673
vn 0.00106572232 0.00787681062 -0.999968469
vn -0.000232754188 0.000107250889 -1
vn -0.000236298321 8.6255015e-05 -1
vn 0.980073154 0.197785974 -0.0183671266
vn 0.0206619613 0.999786496 -0.000335314893
vn 0.970167756 -0.23877646 0.0419545658
vn -0.978196859 0.193713695 -0.074872762
vn -0.902779162 -0.107765377 -0.416384846
vn -0.00104765536 0.999999166 -0.000835374172
vn -0.00227648951 0.99991864 -0.0125487065
vn -0.00218896684 0.999928892 -0.0117143914
vn -0.000960021047 0.999999464 -8.7506649e-08
vn 0.962439001 0.230044082 0.144191027
vn 0.967850208 0.251527339 6.26229451e-08
vn 0.968300641 0.249137506 0.0180041213
vn 0.953594387 0.219060168 0.206568345
vn -7.4949312e-06 0.000116070252 1
vn 3.80307501e-05 1.69289033e-05 1
vn 3.86910506e-05 4.80073213e-05 1
vn 3.86233733e-05 -1.02324684e-05 1
vn -0.967279315 0.253327817 0.013989999
vn -0.929002047 0.364507288 0.0639509708
vn -0.96784997 0.251528174 -1.06601433e-07
vn -0.000121883008 9.79429824e-05 1
vn 1.26974646e-05 0.000371258793 0.99999994
vn -0.000138189615 0.000166029204 1
vn -0.00012906862 -2.66501665e-05 1
vn 0.000272596139 0.999993026 -0.0037183729
vn 0.000299756764 0.99999398 -0.00346212485
vn 0.000640215003 0.999999762 -0.000250022014
vn 0.000666705891 0.999999821 -8.73644694e-08
vn -0.00344680436 0.99999404 -0.000140193893
vn -4.70174143e-07 -1.76317481e-05 -1
vn 2.87589082e-05 -4.52480599e-05 -1
vn 1.98481775e-05 7.07528488e-06 -1
vn 1.77834809e-05 8.93443121e-06 -1
vn 1.7689048e-05 -0.00010888985 -1
vn 8.71499869e-05 -0.000109690802 -1
vn 7.76254637e-06 -3.44124455e-05 -1
vn -3.15465404e-05 -8.37256521e-05 -1
vn -0.845955908 0.526238739 -0.0862051323
vn 0.875399292 -0.230591267 -0.424857527
vn 0.935984492 -0.137719631 -0.323984951
vn -8.82862878e-05 1 -8.7430486e-08
vn -8.24169547e-05 1 5.58572719e-05
vn -0.0570573844 0.995228171 -0.0791534185
vn -0.00342796696 0.999993503 -0.0011117867
vn -0.0208930336 0.999337435 -0.029802328
vn -0.0932659209 0.987587869 -0.126378775
vn -1.28664569e-05 0.000127169362 1
vn 5.24762327e-05 8.54860555e-05 1
vn -9.6978074e-06 -8.32869955e-06 1
vn -2.1700771e-06 -2.04089756e-05 1
vn -0.00175553141 0.999998093 -0.000804978714
vn 0.00178066653 0.99999845 -0.000121946214
vn 0.000131832319 0.999999464 0.00105688989
vn -0.00687263021 0.00617168983 0.999957323
vn -0.0149941649 0.00233410834 0.999884903
vn -0.00707526179 0.0152732264 0.999858379
vn -0.00123151578 0.00671962928 0.999976635
vn -0.00448339619 0.999988973 0.00143159402
vn 0.00504094874 0.999970257 -0.0058495691
vn -0.00820121542 0.999966383 6.28004054e-05
vn -0.00808088295 0.999967337 -8.81263631e-08
vn 0.951330245 0.308173209 5.62265825e-08
vn 0.981253028 0.192723975 6.89354067e-08
vn 0.981253028 0.19272396 6.89354138e-08
vn 0.950722635 0.309974521 -0.00650505861
vn 8.74227837e-08 -8.74227695e-08 -1
vn -0.951431453 0.250812769 0.178524867
vn -0.951431453 0.250812799 0.178524852
vn -0.951431394 0.250812769 0.178524852
vn -0.0648589507 0.0738167167 -0.99516052
vn -0.0200395063 0.0228072014 -0.999539018
vn -0.122635379 0.13957271 -0.98258841
vn -0.978470564 0.204370379 0.0287726186
vn -0.961898267 0.269343793 0.0469624214
vn -0.981252849 0.192724541 -1.0263237e-07
vn 0.0186533742 0.999796867 -0.00763618434
vn 0.0251116753 0.999624014 -0.0110135768
vn -0.962101221 0.270265728 0.0362978205
vn -0.000502582756 0.000247453456 -0.999999821
vn -3.19096398e-05 6.97547221e-05 -1
vn 7.65174627e-06 7.14313792e-05 -1
vn -0.981782317 0.189921543 0.00577963889
vn 0.0329289548 -0.00867435429 -0.999420047
vn 0.0107444571 -0.00144644454 -0.99994123
vn 0.048074957 -0.00636387104 -0.998823404
vn 0.453965187 -0.0736138225 -0.887973249
vn 8.74227766e-08 -8.74227624e-08 -0.99999994
vn -0.90996325 0.412496805 -0.0425822884
vn 0.823078334 -0.120779574 -0.554936409
vn 0.950088561 -0.30311048 -0.0738626868
vn 0.483160704 -0.0642984807 -0.873167455
vn -0.849330127 -0.164602593 -0.501542032
vn -0.972875595 0.231254265 -0.00588594889
vn 0.941879272 -0.303852111 0.143308192
vn -0.955491722 0.289394289 -0.0573275052
vn 0.855629861 -0.492300481 0.159805179
vn 0.891177952 -0.397063583 0.219413921
vn 0.975156069 0.221234277 0.0112236086
vn -0.896928132 0.363258898 -0.252116829
vn -0.969307065 -0.245530695 -0.0125882281
vn -0.920016885 -0.391708463 0.0115471343
vn -0.968554258 -0.248800069 0.00109316013
vn -0.878292859 -0.477468371 -0.0250107758
vn 0.00170639169 0.000940552738 -0.999998152
vn 0.00115340902 0.000364717765 -0.999999285
vn 0.00147534255 0.000321314321 -0.999998927
vn 0.00152954063 0.000325297384 -0.999998748
vn 0.919975877 -0.391809076 -0.0114047648
vn 0.968562305 -0.248770937 -0.000180578878
vn 0.969307959 -0.245474741 0.0135692069
vn -0.00407293485 0.00266587478 -0.999988139
vn 0.87696588 -0.480427295 0.0109761218
vn -0.990423799 -0.138053313 0.00141737028
vn -0.990562379 -0.0740944818 -0.115309313
vn -0.99703759 -0.0573408343 0.0512644984
vn -0.526349127 0.0339784995 0.849589288
vn -0.764099896 0.607376456 -0.21735996
vn -0.961238563 0.271736801 -0.04668428
vn 0.971642554 0.231312603 -0.0490437187
vn 0.972389817 0.233355701 -0.001760302
vn 0.951969743 0.306146592 0.0052833166
vn 0.956637144 0.285790235 -0.0562978759
vn 0.983850956 0.154353529 -0.0906228796
vn 0.98844856 0.138781697 -0.0609020479
vn 0.938674331 0.320243657 -0.127806887
vn 1.1208524e-06 -0.000115573581 -1
vn -0.0278079212 -0.00965273753 -0.999566674
vn -0.445014775 -0.187844023 -0.875600576
vn 0.963009119 0.25290823 -0.0930093303
vn -2.7030494e-06 8.09256744e-05 -1
vn 0.953339934 0.28836453 -0.0893801227
vn 1.12153421e-05 1.04590408e-05 1
vn -0.397395253 0.914532661 0.0755438581
vn -0.362241656 0.911631584 0.194187686
vn -0.356722713 0.9088462 -0.216211617
vn 0.923857987 0.38273558 -2.24526211e-05
vn 0.923868537 0.382709742 6.46024637e-05
vn 0.923895597 0.382644385 6.4180269e-05
vn 0.357472271 0.919726253 0.162225217
vn 0.365849286 0.840571225 0.399492741
vn 0.353507817 0.928014219 0.117566556
vn -0.923810959 0.382848948 3.45700028e-05
vn -0.923802435 0.382869452 -3.07749724e-05
vn -0.9237746 0.382936716 -8.7430235e-06
vn 0.364697456 0.817167997 0.446354419
vn -0.923846245 0.382763922 -7.83460709e-05
vn -0.369859576 0.85857141 -0.355047882
vn -0.295203447 0.7686975 -0.567414522
vn 0.923760891 0.382969677 0.000172398606
vn -0.839515984 0.542937756 0.0207736399
vn -0.358047217 0.817697823 0.450746566
vn 0.947596371 -0.31824261 0.0279752258
vn 0.86270082 -0.452993035 0.224821225
vn -0.861124933 0.48613134 -0.148795754
vn 0.369286925 0.784678876 -0.497901917
vn 0.342155874 0.749405086 -0.566852272
vn 0.198597535 0.53880173 -0.818688929
vn 0.814583182 -0.339265704 -0.470481634
vn 0.868807912 -0.490523547 -0.067523703
vn -0.877600253 -0.431209862 -0.209465668
vn -0.877600193 -0.431209803 -0.209465653
vn -0.877600253 -0.431209892 -0.209465668
vn -0.000135798633 0.000801664137 0.999999642
vn 0.000380799145 0.000139505792 0.99999994
vn 0.00111869874 -0.00184093206 0.999997675
vn -4.2736574e-05 0.000118522388 1
vn -0.735841334 0.428034037 -0.524713635
vn -0.735841393 0.428034097 -0.524713635
vn -0.735841334 0.428034067 -0.524713635
vn -0.0026215238 0.00139627233 0.999995649
vn -0.0026348487 0.00159758329 0.999995291
vn 0.000469524064 0.000861774141 -0.999999404
vn -0.00117088633 0.00214084121 -0.99999702
vn -0.000628985465 0.000958093617 -0.999999344
vn -6.47027118e-05 4.07488078e-05 -1
vn -0.000788796286 0.00111047633 -0.999999046
vn -0.00636677397 0.0111207841 -0.999917865
vn -0.780458808 0.603675723 0.162664503
vn -0.780458868 0.603675723 0.162664503
vn -0.780458748 0.603675663 0.162664488
vn -9.57744851e-05 0.000499080459 0.999999881
vn 0.000118516553 0.000424332888 0.999999881
vn 0.000585222966 -0.000398008182 0.999999762
vn -0.735835671 0.428029746 -0.52472508
vn -0.735835731 0.428029776 -0.52472508
vn -0.000180125004 3.39902035e-05 1
vn -0.000154393158 0.000127326013 1
vn -0.000250624114 0.000432541419 -0.999999881
vn -0.000222323186 0.000136943607 -1
vn 2.4467894e-05 -2.79460182e-05 -1
vn 1.87151491e-05 -2.34409581e-05 -1
vn -0.780458212 0.603675365 0.162667975
vn -0.780458272 0.603675425 0.16266799
vn -0.780458272 0.603675365 0.16266799
vn 0.739244282 0.571796656 -0.355761856
vn 0.739244282 0.571796656 -0.355761886
vn 5.77977971e-06 8.10101847e-05 1
vn 3.88608241e-05 4.06320614e-05 1
vn 3.83275728e-05 1.7787861e-05 1
vn -0.735834956 0.428030849 -0.524725139
vn -0.735835016 0.428030878 -0.524725199
vn -0.735835016 0.428030878 -0.524725139
vn -1.86049959e-07 2.83771024e-05 1
vn -1.06561574e-05 5.03139599e-05 1
vn 2.55392351e-05 -8.6847067e-05 -1
vn -8.08656841e-05 -9.35573626e-05 -1
vn 4.58009199e-05 -0.000166990663 -1
vn 5.53151913e-05 3.46849192e-05 -1
vn -0.780455709 0.603675485 0.162679806
vn -5.44867908e-05 0.000112397967 0.99999994
vn 3.04738114e-05 0.000110896326 0.99999994
vn -0.702174425 0.408450693 -0.583197236
vn -0.702174425 0.408450693 -0.583197296
vn -0.702174366 0.408450723 -0.583197236
vn -6.78062179e-06 2.05287524e-05 1
vn -1.34173179e-05 1.03056582e-05 1
vn -2.80468412e-05 0.000104741812 -1
vn 3.31290066e-05 6.88591244e-05 -1
vn -0.000157039787 0.000186654855 -0.99999994
vn -4.76926834e-05 0.000236202162 0.99999994
vn 0.000126130355 8.4615298e-05 1
vn 0.000259213994 -0.000172958869 1
vn -0.735843003 0.428035468 -0.524710059
vn -0.735843062 0.428035527 -0.524710119
vn -0.735843003 0.428035498 -0.524710059
vn -1.82074873e-05 -2.45292031e-05 1
vn 8.12003418e-06 6.91178284e-05 1
vn -7.55553847e-05 0.000163201577 -1
vn -0.000366678782 -0.000314258039 -0.999999881
vn -5.53093923e-05 0.00019840055 -0.999999881
vn -0.780455709 0.60367626 0.162677243
vn -0.780455768 0.60367626 0.162677243
vn -0.000249148317 0.000805519638 0.999999702
vn -8.97391947e-05 8.47039992e-05 1
vn 8.80158859e-06 -3.88068838e-05 -1
vn -0.780457616 0.603675961 0.162669227
vn -0.780457556 0.603675961 0.162669212
vn -0.780457497 0.603675961 0.162669227
vn -0.000274094724 -4.20821707e-05 -1
vn -0.000156813519 9.10159943e-05 -0.99999994
vn 0.968459249 0.242191598 -0.0585647859
vn 0.664766371 -0.13808006 -0.734179437
vn 0.146891639 0.395334244 0.906715989
vn 0.119891673 0.264155984 0.956999302
vn 0.151846051 0.420170605 0.894650578
vn -0.92387712 0.382689059 -0.000220333197
vn 0.923749804 0.382996321 0.000327469548
vn 0.923871458 0.382702887 -0.000127729203
vn -0.761511862 0.621105433 -0.185277641
vn -0.927287757 0.337616265 -0.1617181
vn 0.981675684 0.130654216 -0.138716847
vn 0.982080936 0.16827625 -0.0848534405
vn -0.149910063 0.328746021 0.932444572
vn -0.170583054 0.432165205 0.885513783
vn -0.174066499 0.450187981 0.875803411
vn 0.923859119 0.382732481 -0.000292335142
vn 0.165880919 0.486881077 -0.857572317
vn -0.923900068 0.382633954 6.04671623e-05
vn -0.956537485 -0.277330875 0.0901321769
vn -0.808045506 0.535969734 -0.244538143
vn -0.919482887 0.386530817 -0.0717311576
vn 0.894640267 0.43610701 -0.0971049592
vn 0.941174328 0.33414501 0.0503796451
vn -0.923853338 -0.382746577 2.639782e-05
vn -0.923857391 -0.382736892 1.51874819e-05
vn -0.923870504 -0.382705063 2.67712476e-05
vn 0.369321465 -0.812673807 0.450735927
vn 0.365574032 -0.923349023 0.11739745
vn 0.360691756 -0.930652022 0.0615493022
vn 0.923453271 -0.383710861 -7.21282122e-05
vn 0.923713863 -0.383082867 0.000539180299
vn 0.923676848 -0.383171916 -0.000592809229
vn -0.37823382 -0.923989594 0.0564135015
vn -0.378064483 -0.924003839 0.0573072247
vn -0.379336715 -0.923876822 0.0505503677
vn -0.3794806 -0.923859477 0.0497799255
vn 0.923900962 -0.382631809 -0.000200983428
vn -0.923931956 -0.382556766 -9.04747576e-05
vn 0.635444999 -0.738260269 -0.226233199
vn 0.635444999 -0.738260269 -0.226233214
vn 0.635444939 -0.73826021 -0.226233169
vn -0.0994035155 -0.962227583 -0.253449976
vn -0.0994035155 -0.962227643 -0.253449976
vn 0.88289237 0.447707742 -0.141629264
vn 0.96964258 0.199845016 -0.140908748
vn 0.17693159 -0.828220904 0.531737983
vn -0.472069055 -0.729689956 0.494674921
vn -0.472069085 -0.729689956 0.494674891
vn -0.472069085 -0.729690015 0.494674921
vn 4.76317666e-07 0.0349206589 0.999390125
vn -4.08194728e-06 0.034926977 0.999389827
vn -0.191843748 0.97957617 -0.0602202155
vn -0.058572147 0.99811393 -0.018385984
vn -8.74227695e-08 1 -8.74227766e-08
vn -0.236148402 0.968885422 -0.0741275474
vn -1.61394164e-05 0.0348737426 -0.999391735
vn -0.318643689 0.937265158 0.141422078
vn -0.0997200385 0.994030356 0.0442678295
vn -0.419398755 0.888514757 0.186134964
vn -7.05968123e-05 0.0347965024 0.999394417
vn 3.09882598e-05 1 -8.74200623e-08
vn -8.03608557e-08 0.0186035614 0.999826908
vn 4.21573131e-05 0.999992251 0.00394604914
vn 4.21573095e-05 0.999992251 0.00394604867
vn -1.44038486e-05 0.0348894112 -0.999391198
vn -1.57714312e-05 0.0348921865 -0.999391079
vn 9.878743e-05 0.034680441 -0.99939847
vn -0.0689561293 -0.607054353 -0.791662812
vn -0.0689561293 -0.607054353 -0.791662872
vn 0.93750304 0.336925298 -0.0870032236
vn -0.761364222 0.593444824 -0.261051685
vn 0.964317858 0.262568712 -0.0338940881
vn 0.819304705 0.448156804 -0.357624561
vn 0.819304764 0.448156804 -0.357624561
vn 0.819304705 0.448156834 -0.35762459
vn 3.34787433e-06 0.00016807155 1
vn 9.1597045e-05 0.000254219747 1
vn -7.8824989e-05 1.6108952e-05 1
vn 0.000100590165 -0.000102879552 -1
vn 5.72147583e-05 8.44902097e-05 1
vn 5.13410851e-05 -1.63192653e-05 1
vn 0.819303811 0.448157251 -0.35762617
vn 0.819303811 0.448157251 -0.35762614
vn 0.819303691 0.448157191 -0.35762611
vn -0.000161342119 0.000124035025 0.99999994
vn -0.145889506 0.3092435 0.939725876
vn 0.113980331 0.236251697 0.964983761
vn -0.0986146405 0.200416639 -0.974734962
vn -0.125874043 0.240589648 -0.962430537
vn 0.0204699151 0.0233525708 -0.999517679
vn 0.04786833 -0.0177380703 -0.998696148
vn 0.923736095 0.383028448 0.000781659852
vn -0.749527633 0.626523376 -0.213721395
vn -0.923942924 -0.382530153 0.000102547318
vn 0.158023819 -0.425510138 0.891049623
vn 0.158023834 -0.425510168 0.891049623
vn 0.158023834 -0.425510198 0.891049683
vn 0.366464734 -0.790885925 0.490105003
vn 0.923865259 -0.382717818 0.000298606727
vn 0.923888743 -0.382661015 7.08646185e-05
vn -0.156135514 -0.390642136 0.907204628
vn -0.186918825 -0.441078663 0.87778753
vn -0.159303352 -0.395859361 0.90438807
vn -0.190135032 -0.446313739 0.874444246
vn -0.923982203 -0.382435322 0.000203214338
vn 0.220175013 -0.482299358 -0.847885787
vn 0.223317251 -0.48687157 -0.844443917
vn 0.196901277 -0.448224038 -0.871966183
vn 0.192776218 -0.442146927 -0.87598139
vn -0.882921934 0.448592603 -0.138612494
vn -0.473216593 -0.376689911 -0.796348512
vn -0.473216504 -0.376689792 -0.796348393
vn -0.473216593 -0.376689881 -0.796348512
vn -0.91436249 0.361975014 -0.181426167
vn -0.911871254 0.358771712 -0.199433431
vn -0.933571517 0.296451628 -0.201396644
vn 0.000112648246 0.0346366279 -0.9993999
vn 0.978989303 0.199320674 -0.0430266894
vn -0.973234832 -0.0111627299 -0.229541659
vn 0.923820853 0.382824481 0.000683347927
vn -0.00371257705 0.00645610411 0.999972224
vn -0.191052526 0.136877567 0.971989512
vn -0.0325353704 0.0265351757 0.999118328
vn 0.157497093 -0.105937518 0.981820643
vn -0.923956633 0.382497162 5.27206139e-05
vn 0.00424283603 -0.0417696312 0.999118209
vn -0.00194022502 -0.00718925986 0.999972284
vn 0.0383075364 -0.23188062 0.971989632
vn -0.881383479 -0.289571524 -0.373244494
vn -0.947536469 -0.305254251 0.0948401466
vn 0.949173868 0.310097843 -0.0539298952
vn -0.730223298 0.682179928 -0.0374759026
vn -0.0962807834 -0.993890464 -0.0539608672
vn -2.74777667e-05 -1 8.74203678e-08
vn -0.0541823506 -0.998069406 -0.0303598698
vn -0.142233714 -0.986617386 -0.0797227845
vn -0.0401135497 -0.999078214 0.0152789485
vn -0.0228831582 -0.999400854 0.0259678457
vn -0.0646967515 -0.997904956 8.1583643e-08
vn 1.09102793e-05 -1 -1.64286507e-06
vn -3.78788343e-07 -1 -8.05933723e-06
vn 4.33735113e-06 -1 -5.37878122e-06
vn 1.39545282e-05 -0.99999994 8.74239845e-08
vn -1.94883933e-06 -0.999194264 0.0401367247
vn -0.957692981 -0.177072898 -0.22686848
vn -0.837148845 0.505457163 -0.209033713
vn -0.868991613 0.436530918 -0.233011872
vn -0.923895001 0.382646322 -9.73110291e-05
vn 0.923912525 -0.382603735 -8.8659297e-05
vn -0.181782186 -0.410178035 -0.893705368
vn -0.0582697242 -0.209616482 -0.976045907
vn -0.0729584843 -0.233840019 -0.969533861
vn -0.199108019 -0.437704831 -0.87679559
vn 0.923931837 -0.382557362 6.85894556e-05
vn -0.677729428 0.727635682 -0.105967328
vn -0.92394042 0.382536411 -8.24152303e-05
vn -0.0364584923 0.186276659 0.981820703
vn 0.0226003751 -0.0629141256 -0.997762978
vn -0.0099892104 -0.114679627 -0.993352354
vn -0.175561845 -0.371778131 -0.911569595
vn -0.781875134 0.576487422 0.237346798
vn -0.924095511 -0.38216117 0.000517799286
vn 0.923883617 0.382673591 -0.000111021771
vn 0.0682655349 0.600973368 -0.796348393
vn 0.0682655424 0.600973487 -0.796348453
vn 0.0682655349 0.600973427 -0.796348393
vn -0.92389524 0.382645577 -0.000133645721
vn -0.92387259 0.382700205 -0.000149617554
vn 0.478006244 0.380502313 -0.791661561
vn 0.478006244 0.380502284 -0.791661561
vn 0.478006244 0.380502284 -0.791661501
vn 0.87803334 -0.454030246 0.151374057
vn -0.924415708 -0.381385565 -0.000843630231
vn 0.834323585 0.551227808 -0.00722207827
vn 0.77882719 0.626581907 0.0286953729
vn -0.804273307 0.57985127 0.130065218
vn -0.565374792 0.245148808 0.787561715
vn -0.279890716 -0.646406472 0.709802687
vn -0.260410875 -0.69366163 0.671579957
vn -0.186950073 -0.393924892 0.899929345
vn 0.923844337 0.382768154 0.00034197449
vn 0.460532576 0.710739791 0.531750619
vn 0.460532546 0.710739791 0.531750619
vn -0.814640284 0.533312857 -0.227900699
vn 0.73196274 -0.632870853 0.252398729
vn -0.757126749 0.599321127 -0.259948879
vn -0.95290637 -0.29447484 -0.0724852905
vn -0.610115826 0.75067991 -0.253453046
vn -0.610115767 0.75067991 -0.253453046
vn -0.610115886 0.75067991 -0.253453046
vn -0.182156309 0.849767923 0.494685441
vn -0.182156295 0.849767864 0.494685411
vn -0.637086213 0.741329789 -0.211071998
vn 0.72385782 -0.687743485 -0.0551246069
vn -0.924404323 -0.381412715 0.000884397014
vn -0.0389316045 0.123568594 0.991572022
vn -0.210323647 0.454050064 0.86579591
vn -0.196061239 0.426860243 0.882808149
vn -0.0212466754 0.0890521929 0.995800257
vn 0.923932016 -0.382556498 9.11060579e-06
vn 0.188736126 0.461148292 0.867018461
vn 0.178386003 0.444844455 0.877662778
vn 0.254178613 0.562260807 0.786928236
vn 0.262358874 0.574637234 0.775215924
vn 0.0726923496 0.971356392 -0.226235434
vn 0.072692357 0.971356511 -0.226235434
vn 0.072692357 0.971356511 -0.226235449
vn -0.216700956 0.499135613 -0.838990152
vn -0.257425904 0.693031311 -0.673379183
vn -0.209103376 0.466132283 -0.859649062
vn 0.191765666 -0.475657195 0.858473182
vn 0.175846532 -0.397392511 0.900642574
vn 0.173197269 -0.384716541 0.906639874
vn -0.213983238 -0.429904342 -0.877150774
vn -0.924589813 -0.380963922 -0.000323583139
vn 0.894149601 -0.440746933 0.0789845064
vn 0.0414366983 -0.0134183867 -0.999051034
vn -0.920511484 0.38659507 -0.0565954298
vn 0.473697096 -0.23820591 -0.847861409
vn 0.89970392 0.436272591 -0.0141033549
vn -0.953662336 0.300754398 -0.00865888596
vn -0.937938273 0.344848871 -0.0367604308
vn -0.914910257 0.40361473 0.00588080799
vn -0.944209456 0.328786045 0.0191868842
vn 0.928533912 -0.367978901 0.0491568297
vn 0.917852759 0.379793644 -0.115338996
vn 0.942786157 0.330544561 0.0435287915
vn 0.949146569 0.310502529 0.052047383
vn 0.911210895 0.408798635 0.050777752
vn 0.94743973 -0.319772601 -0.0101688541
vn 0.921747863 -0.387474507 -0.0156390388
vn 0.866893768 -0.361165345 -0.343591303
vn 0.364875078 0.927033186 -0.0864624158
vn 0.365654767 0.824634254 -0.431595951
vn 0.362564027 0.805126309 -0.469381511
vn 0.170657739 0.472968489 -0.864393711
vn 0.170657769 0.472968549 -0.864393771
vn 0.170657754 0.472968489 -0.864393771
vn -0.261506081 0.71509409 -0.648270845
vn 0.194354653 -0.4887712 0.850487471
vn -0.27701059 -0.73611325 0.61757803
vn -0.348172933 -0.821805835 0.451010853
vn 0.639827967 -0.755533397 0.140675813
vn 0.605938613 -0.760429859 0.233634174
vn 0.292162299 -0.764918864 -0.574056029
vn 0.283878118 -0.756109893 -0.589670181
vn 0.329930037 -0.802658021 -0.496876448
vn 0.33917743 -0.811224937 -0.476311713
vn 0.867690861 0.476270467 -0.142403916
vn 0.925391614 0.373715162 0.0631453469
vn 0.615894616 0.769724607 -0.16792196
vn 0.649027407 0.736660004 0.189987868
vn 0.649444222 0.741635799 0.167924359
vn 0.611069739 0.768439591 -0.189985305
vn 2.92196655e-05 0.000156720896 1
vn 0.000914309756 -0.0021403844 0.999997258
vn 0.000401687634 0.00168639934 -0.99999851
vn -0.0074000312 0.0119297123 -0.999901414
vn 0.615893662 0.769725919 -0.167919695
vn 0.649029434 0.736662447 0.189971492
vn 0.649445832 0.741638005 0.167908087
vn 0.611068487 0.768440962 -0.189983934
vn 0.000126558254 1.29140535e-05 0.99999994
vn 2.67404139e-05 3.9192666e-05 0.99999994
vn -0.000118413191 -2.1706197e-05 0.99999994
vn 0.00016788936 5.04391937e-06 -1
vn 3.76648768e-06 -3.45521448e-06 -0.99999994
vn 1.58369094e-05 -1.45886306e-05 -1
vn 0.574007571 0.651511073 0.496032983
vn 0.574007511 0.651511014 0.496032953
vn 7.42235134e-05 -4.9290371e-05 1
vn -2.36086225e-06 0.00010513897 1
vn 3.8273788e-07 2.09930076e-05 -1
vn -9.62952618e-05 -4.01205568e-07 -1
vn 9.43785199e-05 2.84477574e-05 -1
vn 0.615894973 0.769725263 -0.167917922
vn 0.649028003 0.736660719 0.189983293
vn 0.64944464 0.741636455 0.167919472
vn 0.611070037 0.768440247 -0.189981505
vn 0.000123615566 -2.47757798e-05 1
vn 7.35658773e-07 1.60056043e-05 1
vn -1.30141261e-05 1.76459198e-05 1
vn 9.31915201e-05 -1.87149872e-05 -1
vn -5.07625773e-05 0.000136603965 -1
vn -0.000239576519 2.5249763e-05 -0.99999994
vn -3.01257933e-05 0.000139744967 -1
vn -8.82660174e-07 0.000217669891 -1
vn -0.540463984 0.679672301 0.495927632
vn -0.540463984 0.67967236 0.495927662
vn 0.615894675 0.769724667 -0.167921945
vn 0.649027526 0.736660242 0.189986989
vn 0.649444282 0.741635978 0.167923257
vn 3.76412354e-05 3.6509904e-05 1
vn 2.04303869e-05 7.18540541e-05 1
vn 7.37485389e-05 9.35556673e-05 0.99999994
vn 7.12350593e-05 0.00018360684 1
vn 7.67919046e-05 0.000168051207 -1
vn -0.000241291258 0.000266050454 -0.99999994
vn 0.000168650658 9.53481576e-05 -0.99999994
vn 0.000158930052 0.000225264128 -0.999999881
vn 0.000726497732 -0.000191793239 0.999999642
vn -2.55068589e-05 8.34321181e-05 0.99999994
vn 0.000778980553 0.000266328861 0.999999642
vn 0.615894675 0.769725144 -0.167919606
vn 0.649027944 0.736661017 0.189982563
vn 0.64944458 0.741636634 0.167918861
vn 0.611069739 0.768440068 -0.189983264
vn -0.000195574699 0.000275792874 0.999999881
vn -0.00014050788 0.000115208721 -1
vn 3.37681631e-05 0.000172778018 -1
vn -0.00020416257 0.000333560252 -0.99999994
vn -0.000103687809 0.000182031494 -1
vn -0.000368438603 0.000157821647 -0.99999994
vn 0.945743442 0.324371099 0.018786557
vn 0.923482001 0.383546621 -0.00854535867
vn -0.326790005 0.83021456 0.451610774
vn -0.398127884 0.914251029 0.0750948787
vn -0.393559515 0.912086546 0.11493098
vn -0.316836029 0.814706922 0.485661924
vn -0.79003638 0.568172395 -0.230266824
vn 0.360695511 0.93207401 -0.0337202586
vn 0.741718531 -0.631522059 0.225906223
vn 0.89248836 0.450747401 0.0170681756
vn -0.00644004205 -0.00479711313 -0.999967754
vn 0.359113276 -0.872576594 0.331131011
vn 0.359443158 -0.855459988 0.372812063
vn 0.359432667 -0.853134274 0.378113776
vn -0.34886229 -0.880360484 -0.321341902
vn -0.349937201 -0.875216484 -0.33397603
vn -0.3501499 -0.87413919 -0.336564213
vn -0.00379741355 0.00268041925 -0.999989212
vn 0.359006792 -0.874874294 0.325129509
vn -0.936857522 -0.3480739 -0.0338002741
vn -0.962176442 -0.271911114 -0.0167552643
vn -0.348702282 -0.881086826 -0.31951949
vn -0.848993897 -0.525292635 -0.0572451465
vn -0.787421048 -0.612617195 0.0683248192
vn -0.93326205 -0.359059781 -0.00989651587
vn -0.91592288 -0.401266485 0.00839236565
vn -0.906284034 -0.417483717 0.066003792
vn 0.963398814 0.17003414 0.207247198
vn -0.822140098 0.54388535 -0.168149829
vn -0.531480372 0.846845806 0.0195120201
vn -0.899222851 0.410677403 -0.150805995
vn -0.634587407 0.65526998 0.409780622
vn 0.725175917 0.682363272 -0.092195712
vn 0.501660645 -0.551853716 -0.666178703
vn 0.903361917 0.425809443 0.0512194075
vn -0.875536561 0.482778251 0.0189954489
vn -0.753109336 0.607556641 -0.252391398
vn -0.416260451 0.904738486 -0.0904189646
vn -0.00451672729 0.00991812907 -0.999940634
vn -0.878385782 0.477424353 0.022458395
vn -0.838076591 0.542802095 -0.0547140874
vn -0.635531545 0.718618155 -0.282290012
vn -0.836794555 0.544559956 -0.0568270683
vn 0.68884927 0.528066397 0.496620953
vn 0.68884933 0.528066456 0.496621013
vn 0.68884933 0.528066397 0.496620953
vn 0.000128105283 0.000207986886 0.99999994
vn -0.699962795 0.708956897 0.0862093568
vn -4.63358992e-05 0.000230745631 1
vn -5.44586946e-05 -3.08596791e-05 -1
vn -4.04486163e-05 1.0198125e-05 -1
vn -2.14485749e-06 1.44564615e-06 -0.99999994
vn 6.06671274e-05 9.23717926e-06 -1
vn -0.560545743 0.825650394 -0.0639526248
vn 5.3411608e-05 -0.000131245819 1
vn 0.688843608 0.528063178 0.496632487
vn 0.688843548 0.528063178 0.496632457
vn 0.688843548 0.528063118 0.496632427
vn 3.37696729e-05 -1.39135054e-05 1
vn -5.61626221e-05 -7.89520418e-05 1
vn -0.780670464 0.600744724 -0.172219455
vn -0.699962735 0.708957136 0.0862083659
vn -0.779329538 0.59743017 -0.189004496
vn -0.5605461 0.825650096 -0.0639515072
vn 0.63702172 0.768307567 0.0625051558
vn 0.866179287 0.492166907 -0.0866320878
vn 0.457389683 -0.374524623 -0.806551933
vn -0.0516291074 -0.00386054954 0.998658955
vn 0.560578227 -0.810612977 -0.169288784
vn -0.531435847 0.801209807 0.27502501
vn 0.881770313 0.470488846 -0.0334857292
vn 0.440353364 -0.867129624 0.232755303
vn -0.515419245 0.817924201 -0.255622834
vn -0.56893754 0.777045965 -0.269276023
vn -0.552339256 0.805743754 -0.213771626
vn 0.403574526 -0.595641077 -0.694506466
vn -0.42025885 0.891731501 -0.167921036
vn -0.380273908 0.909502268 0.167920977
vn -0.421227604 0.886833251 -0.18998462
vn 0.000428145373 0.000730826519 0.999999642
vn 8.87848801e-05 0.00295633636 -0.999995649
vn -0.37598896 0.906938851 0.18998456
vn -0.420258939 0.891730726 -0.167924657
vn -0.380273849 0.909502208 0.167921111
vn -0.421227694 0.886832416 -0.189988315
vn -2.1160271e-05 3.11438926e-05 1
vn -1.92819098e-05 4.38907227e-05 1
vn 1.30656381e-05 -1.66327245e-05 -0.99999994
vn 1.40002448e-05 -3.19030478e-05 -1
vn 8.87564784e-06 -2.43108116e-05 -1
vn 0.412441701 0.845371246 -0.339469105
vn 0.41244173 0.845371306 -0.339469135
vn 0.412441701 0.845371306 -0.339469105
vn -2.83911722e-05 5.72401659e-05 1
vn 9.09420214e-06 3.18831771e-05 1
vn -0.420257777 0.89172852 -0.167939723
vn -0.380272239 0.909499168 0.167941198
vn -0.421225965 0.886830032 -0.190002725
vn -3.5035413e-05 0.000125124716 0.99999994
vn 4.01336729e-06 7.64612778e-05 -1
vn -2.08469664e-05 6.83596008e-05 -1
vn -0.375987411 0.906935334 0.190004334
vn -7.87852241e-06 -9.76177489e-06 1
vn -0.372551918 0.784353912 -0.495977849
vn -0.372551918 0.784353912 -0.495977879
vn -0.372551858 0.784353852 -0.495977789
vn 3.10543328e-06 2.09863465e-05 1
vn -0.000139913842 4.92247673e-05 -1
vn -0.000124435872 0.000202713039 0.99999994
vn 8.85950358e-05 0.000170138039 1
vn -0.420257777 0.891728818 -0.167937711
vn -0.380274564 0.90950048 0.167928591
vn -0.421226114 0.886830389 -0.190001294
vn -6.27496993e-05 6.24163658e-05 1
vn -0.000129025546 0.000226633216 -0.999999881
vn 0.000605868001 0.0008704621 -0.999999464
vn -0.000184617995 0.000426506595 -0.99999994
vn -0.375990033 0.906936944 0.189991191
vn -0.000335554272 0.000337870588 0.999999821
vn 4.49717809e-05 0.000136777235 1
vn -0.00022515103 -3.64128791e-05 0.99999994
vn -0.420258373 0.891730368 -0.167927861
vn -0.380273879 0.909501374 0.167925149
vn -0.421226948 0.886832118 -0.189991459
vn -2.64968094e-05 -2.23312909e-07 -0.99999994
vn 0.000185586934 0.000236778651 -0.99999994
vn -0.37598905 0.906938016 0.189988464
vn -7.55149983e-07 0.000128035288 -1
vn 0.000113480834 0.000187903221 -1
vn -0.447011262 0.866276085 -0.223039702
vn 0.631320953 0.75814122 -0.163266271
vn 0.789908469 0.602290094 -0.115287147
vn -0.91091758 -0.293884546 -0.289587885
vn -0.883604467 -0.414486587 -0.217816442
vn -0.909514666 -0.412392229 -0.052111268
vn 0.875654459 -0.481719971 0.0342797376
vn -0.328592867 -0.279545724 -0.902153492
vn 0.251177698 0.966137409 -0.0590607114
vn 0.570062518 0.811672211 -0.1273458
vn 0.482687593 0.862648904 -0.151160583
vn 0.765523612 -0.500666082 -0.404112875
vn 0.854564071 0.368736833 0.365722835
vn 0.525999367 0.817715466 0.233807668
vn 0.0800963864 -0.0637538806 -0.994746268
vn 0.894976914 -0.445492715 -0.02350902
vn -0.735661507 -0.42011112 -0.531327426
vn 0.283201486 0.955652416 0.0807801262
vn 0.897861362 0.440150887 -0.0105956728
vn -0.670992136 -0.72592622 -0.150999114
vn 0.686591089 0.710979521 -0.151989371
vn 0.805524826 0.584311962 -0.0985362902
vn -0.432430714 0.504315078 0.747442365
vn -0.260270894 0.964146316 0.0517775714
vn -0.410932869 -0.909777701 0.0586413741
vn 0.303551018 -0.936812699 0.173892543
vn -0.827231824 0.561486065 -0.0205155388
vn -0.84266448 0.532987416 -0.0764266551
vn 0.907815397 0.0410891585 0.417352349
vn 0.354659438 0.929856539 -0.0978954062
vn 0.832964242 0.537576675 0.131079614
vn 0.00143543363 0.00104633253 -0.99999845
vn 0.104115173 0.992925286 0.0570923723
vn 0.0478180312 0.996043742 -0.0749025941
vn -0.645488381 -0.752697408 0.129581481
vn 0.592032552 -0.773057044 0.2277724
vn 0.562215686 0.600995421 0.56808275
vn 0.713533223 0.50260216 0.488120377
vn -0.888263166 -0.458307117 -0.0307124536
vn -0.00118817901 -0.00278785289 -0.99999541
vn -0.787397146 0.616091013 -0.0209170524
vn 0.38027212 -0.924284637 -0.0330314934
vn -0.871385157 0.490471184 -0.0112227537
vn -0.61140579 -0.758119881 -0.226797804
vn 0.820288002 0.569693208 0.0507663451
vn 0.876599312 0.478174359 0.0540648811
vn 0.115281478 0.97903657 -0.1679212
vn 0.160892501 0.968514025 0.189984441
vn 0.158613056 0.972956479 0.167920753
vn 0.11186742 0.975392997 -0.189984933
vn 1.48815507e-05 0.000213140578 1
vn 2.8354285e-05 0.00131153199 0.999999225
vn -5.43251554e-06 2.41082289e-05 1
vn 0.0820342079 0.988924444 -0.123688214
vn 0.154083192 0.927541733 0.340477198
vn 0.150335297 0.938201308 0.311732888
vn 0.0749145672 0.983830512 -0.162681758
vn -4.96849607e-05 0.000179007067 1
vn -3.98078846e-05 4.51317428e-05 -0.99999994
vn 0.113672651 0.94335258 -0.311711997
vn 0.198741406 0.966459155 0.162660614
vn 0.19329749 0.973315239 0.123666331
vn 0.107134894 0.934136152 -0.340458214
vn -1.93762673e-07 1.86358429e-05 1
vn 1.76473604e-05 4.02335843e-07 1
vn -7.79773545e-05 0.000270642806 -0.99999994
vn -2.8094712e-06 0.00039847591 -0.999999881
vn 0.000166019789 0.000277174142 -0.999999881
vn -0.163852826 0.92624563 0.33944279
vn -0.163852796 0.92624557 0.33944273
vn -0.163852796 0.926245511 0.33944273
vn 0.115281276 0.979035676 -0.167926535
vn 0.160891831 0.968514085 0.189984918
vn 0.15861252 0.972956598 0.167921618
vn 0.111867286 0.975391984 -0.189990357
vn -6.26326218e-05 6.25745161e-05 1
vn -0.000132237343 0.000141509197 1
vn 0.000341771753 0.0011766922 -0.999999225
vn 0.115281157 0.979036033 -0.167924553
vn 0.160892114 0.968514442 0.189982921
vn 0.158612713 0.972956836 0.167919531
vn 0.111867115 0.975392342 -0.189988375
vn 0.000380630721 9.40892569e-05 0.99999994
vn 4.14095157e-05 0.000205398581 -1
vn 0.343032897 0.654442072 0.673820555
vn 0.0669843853 0.992106736 -0.106006414
vn -0.134679794 0.613542318 0.778091967
vn -0.155759022 0.982089877 -0.106011935
vn -0.356951833 -0.92242825 -0.147348374
vn -0.17713888 0.0474306606 0.983042359
vn 0.849102736 0.527876198 0.0192666743
vn 0.84247303 0.532658339 -0.0807098672
vn -0.0136104841 0.704722762 0.709352195
vn 0.792638302 0.00109178212 0.609691262
vn -0.693935454 0.69721067 -0.179863945
vn -0.24044244 0.944451571 -0.224050909
vn -0.177740857 0.963267565 -0.20130527
vn 0.764956832 -0.625707448 0.152745903
vn 0.792633235 0.606053412 -0.0665713176
vn -0.133540347 0.986335218 -0.0964875892
vn 0.261705369 -0.910106063 -0.321274489
vn 0.0391174778 0.999203444 -0.00789737049
vn 0.168330416 0.718138814 0.675234437
vn -0.0160276294 0.995848417 -0.089605473
vn 0.210677087 -0.831654191 -0.513776779
vn -0.0862838179 0.973249793 -0.212932244
vn 0.595502079 -0.0368809886 0.802506804
vn -0.000829634606 0.000674542855 -0.999999464
vn -4.12878071e-05 0.000458581781 0.99999994
vn 0.000956605538 0.995382905 -0.0959796757
vn -0.172321051 -0.98122406 -0.0866299421
vn -0.278813601 -0.951755047 0.12816076
vn 0.397990763 0.00538825709 0.917373657
vn 0.230930045 -0.00404362148 0.972961903
vn 0.108910695 -0.101404615 0.988865793
vn -0.0885094255 -0.991157949 0.0988529027
vn -0.712329388 0.686197519 -0.147376493
vn 0.477011323 0.865470111 -0.153041095
vn 0.25140807 0.956689894 -0.146759138
vn 0.128396407 0.975489438 -0.178702772
vn -0.620761156 -0.752594471 -0.21967487
vn -0.769661844 -0.627943814 0.115357615
vn -0.287452132 0.931832075 -0.221495792
vn 0.141000986 -0.989531875 0.0307481252
vn 0.0253822189 0.978420079 -0.205060586
vn -0.366603106 -0.892501593 -0.26276055
vn -0.332541198 0.903468013 -0.270484507
vn -0.045840472 -0.998565257 0.0276760608
vn -0.0963831767 -0.99319309 -0.0654038712
vn 0.790183425 0.612845242 -0.00555426348
vn 0.0773204789 0.978229165 -0.192585558
vn 0.784641385 -0.616269529 0.0674511641
vn -0.196499735 -0.937300324 -0.287846833
vn 0.0600261427 -0.98785609 0.143308625
vn -0.510372877 0.823197544 -0.248727351
vn 0.0153556271 0.0144955311 -0.999777019
vn 0.763333201 0.645923555 -0.0102495607
vn 0.531280518 -0.828791559 -0.175629392
vn -0.27600354 -0.957119226 -0.0880052224
vn -0.106572784 -0.979675353 0.169936746
vn 0.128295287 -0.970683634 -0.203257322
vn -0.817052245 -0.576548994 -0.00410276838
vn -0.266156465 -0.954577684 -0.133948356
vn -0.661130965 -0.748566568 0.0505361445
vn -0.767561793 -0.639391124 -0.0450313985
vn 0.00215588487 0.00185278326 -0.999995887
vn 0.693467081 -0.720426798 -0.00941172708
vn -0.00170251483 0.0018210751 -0.999996841
vn 0.618905783 -0.785113811 0.0234913137
vn -0.0057097082 -0.998501956 -0.0544191152
vn 0.258671224 -0.964291573 -0.0568416305
vn 0.361794829 -0.886694968 -0.287882686
vn 0.253083676 -0.858230054 -0.446530998
vn -0.124284327 -0.990619421 -0.0568014979
vn 0.00758722425 -0.998493969 0.0543366931
vn -0.810804188 -0.584128857 0.0372850895
vn 0.526933014 0.689710677 -0.496629328
vn 0.526933014 0.689710736 -0.496629328
vn 0.526932955 0.689710736 -0.496629357
vn 2.77442632e-05 0.000205065749 1
vn -3.3084184e-06 0.000291164004 1
vn 6.10294119e-05 6.70555964e-05 -1
vn -4.99439329e-06 1.20463019e-05 1
vn 1.75429318e-06 8.15016574e-06 1
vn 0.526935577 0.689707279 -0.496631384
vn 0.526935518 0.689707279 -0.496631384
vn 0.526935518 0.689707339 -0.496631414
vn 1.64319736e-05 5.82239409e-06 1
vn -0.0570499562 -0.970715463 0.233359843
vn 0.237424746 0.94956255 -0.204842508
vn -0.0467464626 0.971032202 -0.234331667
vn 0.217460081 -0.940013409 0.262841821
vn 0.0482480302 -0.969658196 0.239656463
vn 0.4241575 -0.869472563 0.253195226
vn -0.524588048 -0.837445199 0.153273895
vn -0.673586905 0.707536757 -0.213711306
vn -0.651080668 0.725738347 -0.222256318
vn -0.171300858 0.951925695 -0.253955752
vn 0.523398817 0.838762462 -0.150103956
vn 0.676880956 0.729338348 -0.0994869471
vn -0.727291763 0.681127965 -0.0843290389
vn -0.750013113 0.661268055 0.0143141523
vn 0.191126138 0.957687497 -0.215187028
vn 0.0804881752 0.964140892 -0.252891481
vn -0.096933946 0.956578314 -0.274885237
vn -0.62727648 0.760064006 -0.169784635
vn -0.730687976 -0.578638673 -0.362315357
vn 0.0375867188 0.965478003 -0.257758439
vn 0.694044232 0.711813629 -0.107814565
vn -0.359407306 -0.914788306 0.184360117
vn 0.32953158 0.919926107 -0.212473512
vn 0.718043983 0.694924235 0.0386410132
vn -0.000542617287 -0.000482075673 -0.999999642
vn 0.718019009 0.695815861 0.0170012638
vn 0.689053476 0.723157167 -0.0474234372
vn 0.57234472 -0.507585585 -0.644032896
vn -0.353336364 0.892538011 -0.280230612
vn 0.239762917 -0.936286986 0.256671876
vn 0.446809083 0.820030093 0.357648373
vn 0.446809113 0.820030153 0.357648402
vn 0.446809083 0.820030093 0.357648402
vn 2.23346542e-05 -0.000124329206 1
vn -0.33057788 0.943752348 -0.00706645148
vn -1.04071141e-05 0.000703276834 0.999999821
vn 0.000285463553 0.000587353774 0.999999762
vn -1.12393127e-06 6.14352803e-06 -1
vn 1.83634256e-07 7.59132445e-06 -1
vn -1.29054638e-06 5.3356498e-06 -1
vn 1.77815798e-06 1.55378766e-05 -1
vn -2.92219897e-06 9.06316927e-06 -1
vn -0.328925699 0.944335878 0.00612960383
vn 7.77667174e-06 2.21075152e-05 1
vn 0.446813643 0.820036888 0.357627273
vn 0.446813613 0.820036829 0.357627243
vn 0.446813583 0.820036829 0.357627213
vn 1.09931116e-05 -3.12242191e-05 1
vn 1.00736461e-05 -1.43447596e-05 1
vn -0.330577523 0.943752348 -0.00706641423
vn -0.328925669 0.944335938 0.0061296327
vn -0.250199109 -0.944488823 0.21293509
vn 0.511896253 0.857517481 -0.0512449257
vn 0.640426934 0.766636491 0.0460640565
vn -0.669016242 0.703408718 -0.240069538
vn 0.618270695 -0.770881891 0.153240308
vn -0.646661162 0.759827793 -0.0670155957
vn -0.631762922 0.774280727 -0.0369437188
vn 0.0840954334 -0.0765950531 -0.993509531
vn -0.687546015 0.724968195 -0.0412506275
vn -0.481936932 0.845129728 -0.231284633
vn -0.482874572 0.843034029 -0.236908674
vn 0.283484906 0.93610853 -0.208175793
vn -0.651213884 -0.754253805 0.0837958977
vn 0.673239708 0.728627145 0.125900015
vn 0.00295622158 0.00216545444 -0.999993205
vn -0.103533357 -0.963766873 0.245833904
vn 0.691280901 0.720649123 0.0528725497
vn 0.0655026063 -0.969153941 0.23759225
vn -0.69491744 -0.719089627 4.65265512e-05
vn 0.471600354 0.86906147 -0.149416506
vn -0.511442423 -0.839106739 -0.185274616
vn -0.000494196429 -0.000340401573 -0.999999762
vn -0.000461685268 -0.000658454082 -0.999999702
vn 0.673943758 -0.735541046 0.069131434
vn 0.124780111 0.958874047 -0.254932463
vn 0.11897932 0.956489444 -0.266405612
vn -0.213150606 0.94203943 -0.259092122
vn -0.0969794542 0.952839494 -0.287562072
vn 0.503134966 0.853315711 -0.13677533
vn 0.555536747 0.826312065 -0.0926677808
vn 0.096600391 0.991850317 -0.0830750093
vn 0.187061936 0.946217239 -0.263970971
vn 0.190715611 0.951581657 -0.241080672
vn -0.0683273748 0.996452093 0.049140662
vn -0.000137115378 0.000408821186 0.999999881
vn -0.000221355192 0.00068853749 0.999999762
vn -2.37526601e-05 0.000857961539 0.999999642
vn -6.31496005e-05 6.10738061e-05 -1
vn 1.55819293e-06 6.37859775e-05 -0.99999994
vn -7.31811815e-06 -5.94932817e-06 1
vn 1.0205531e-05 9.16293448e-06 1
vn 1.64213106e-05 4.32154957e-06 1
vn 0.096596837 0.991851211 -0.083067365
vn 0.187062427 0.94622165 -0.263955057
vn 0.190715984 0.951585174 -0.241066203
vn -0.0683237463 0.99645257 0.049134735
vn -0.00216229632 0.961900771 -0.273390383
vn -0.193750188 -0.339099497 -0.920582712
vn 0.632586598 -0.774018228 0.0270220172
vn 0.422770709 -0.886552036 0.18785736
vn 0.0316298231 -0.0472395495 -0.998382688
vn 0.596783876 0.802121222 -0.0212246459
vn -0.575095296 0.817950368 -0.0149201453
vn -0.555985153 -0.628685355 -0.543723464
vn -0.000326630718 0.000585205329 0.999999762
vn -1.11272611e-05 0.000146962208 -1
vn 6.34678581e-05 7.00730889e-05 -1
vn -0.496060818 -0.861074805 0.111686952
vn -0.459881961 0.875789762 -0.146631554
vn 0.199288383 0.952590406 -0.229903355
vn 0.301306307 0.934066057 -0.19166398
vn 0.464685857 0.881310165 -0.085787259
vn -0.295083851 0.925563812 -0.237186015
vn -0.22803916 0.941451252 -0.248329878
vn -0.55136764 0.834126115 0.015079964
vn -0.000754619832 0.00116679817 -0.999999106
vn -0.615697205 0.787582099 -0.0251279324
vn -0.541507006 0.835323393 -0.0948945135
vn 0.0112675289 0.0177675635 -0.999778688
vn 0.530611098 0.846744239 0.0384201445
vn 0.535483956 -0.841071784 0.0765191317
vn 0.581881225 0.812878847 0.0253436342
vn 0.575096667 0.817644238 0.0268633459
vn 0.511411369 0.858459413 0.0388065726
vn 0.0212658942 -0.0295535158 -0.999336958
vn 0.341860056 0.92035085 0.189962879
vn -0.345972687 0.920843244 -0.179863021
vn -0.461129129 0.868912399 0.179864317
vn -0.47441113 0.846935868 0.240069792
vn 0.476732314 0.878961325 -0.0123808095
vn 0.125805363 0.966324866 -0.224475294
vn 0.460281283 -0.550020635 -0.696863353
vn 0.460167289 -0.616487741 -0.638896644
vn 0.459908813 -0.537217796 -0.707022667
vn -0.565206647 -0.824919403 0.00702844048
vn -0.448428094 0.877480268 -0.170119584
vn -0.280605108 -0.941030741 0.189002663
vn -0.490907609 -0.839277506 -0.233715698
vn 0.000262076268 0.000316281395 -0.999999881
vn 0.30910781 -0.949683428 -0.0505352728
vn 1.14910818e-05 -0.000244158815 -0.99999994
vn 0.450164855 -0.891809344 0.045029752
vn -0.0174025837 0.96967572 -0.243774801
vn -0.495319366 -0.749971867 -0.438407481
vn -0.418836266 0.905336022 -0.0703049675
vn 0.364222139 0.9226529 -0.126704201
vn 0.199409515 -0.962987542 0.181358397
vn 0.0870832205 -0.188459381 -0.978212416
vn -0.442045599 0.896625936 -0.0256403983
vn -0.0727134198 0.970729113 -0.228905693
vn 0.385446519 -0.702216148 -0.598601103
vn -0.38342917 -0.918436587 0.0972431302
vn 0.459652245 -0.630696774 -0.625253081
vn -0.292110205 0.941874862 -0.165963098
vn 0.320708543 0.916249394 0.240068972
vn -0.320708573 0.916249573 -0.240068644
vn 0.395984709 0.917004108 -0.0479544811
vn -0.305912822 0.947107017 -0.0969829783
vn -0.0821074843 -0.97822386 0.190621272
vn 0.146370471 0.973347723 -0.176550433
vn 0.229997888 0.963067889 -0.140004531
vn 0.394381315 0.918878317 0.0112333689
vn -0.353795379 0.934610367 0.0365006067
vn 0.358276069 -0.925743818 0.120981514
vn 0.393184304 0.903754115 0.169217348
vn -0.421004683 -0.906722903 0.0246704929
vn -0.387323439 0.921251953 -0.0357115231
vn -0.306433797 0.951889992 -0.0019498436
vn -2.19620815e-05 -0.000772704196 -0.999999702
vn 0.158208072 -0.725348294 -0.669955432
vn 0.368184388 -0.929111898 0.0345140882
vn -0.25937143 -0.949691653 0.17553395
vn -0.139497489 -0.974540472 -0.175531358
vn -0.276460052 -0.932173312 0.233714908
vn -0.000229619109 0.000795830216 -0.999999642
vn -0.000169838167 -0.00049819675 -0.99999994
vn 0.135763928 -0.973263979 0.185271502
vn 0.0209640879 0.986988902 -0.159416467
vn -0.212419122 0.96579361 -0.148730978
vn -0.232252508 -0.964584529 0.125041649
vn -0.34139654 -0.804586887 -0.485889345
vn -0.0631618947 0.981661677 0.17986387
vn 0.0631615594 0.981661737 -0.179863572
vn 0.0843034983 0.967088401 -0.240068808
vn -0.0843038112 0.967088342 0.240069062
vn -0.0919891521 0.980393112 -0.174261957
vn 0.321308434 -0.848373353 -0.420741647
vn 0.19464761 0.97761631 -0.0798669085
vn 0.233441383 0.970806003 -0.0551436804
vn -0.0173188504 -0.0700962767 -0.997389913
vn 0.247398198 0.968784273 0.015851127
vn 0.282153457 0.959120274 0.021857148
vn 0.0640157908 -0.989813089 0.127169475
vn -0.194760293 0.978221416 -0.0717732906
vn 0.0156495031 -0.0608841293 -0.998022079
vn -0.218669429 0.975672603 -0.0157085489
vn 0.222692177 0.974859834 -0.00750796776
vn -0.190662712 -0.718370616 -0.669022739
vn -0.11685349 -0.96525836 -0.233712226
vn 0.000103278173 0.00162744999 -0.999998689
vn 0.116853423 -0.965258539 0.233711928
vn 3.1525371e-05 -2.80741515e-05 -1
vn -0.267171413 -0.96293056 0.0372040868
vn -0.167353451 0.985891879 -0.00318566477
vn 0.027436832 0.996941447 -0.0731776953
vn 0.20584242 0.978555322 -0.00763659365
vn -0.154591709 0.987974405 -0.00281963195
vn 0.215380639 -0.974477947 0.0632763058
vn -0.0421007983 0.994793296 -0.09281037
vn -0.105375409 -0.989592195 0.0979964063
vn 0.0298887696 0.999522924 0.00779100461
vn 0.00584891485 0.999847293 -0.0164650735
vn 0.0572166182 0.998278975 0.0128530618
vn -0.0104043046 0.999038696 0.0425856747
vn 0.000129467764 -0.0239434764 -0.999713302
vn -0.0106093846 -0.060029313 -0.998140216
vn 0.0542652309 -0.998070776 0.0301652756
vn -0.115639873 -0.992980003 0.024857169
vn -0.125701398 -0.992056847 -0.00471958658
vn -0.0264482684 -0.655944467 -0.754345715
vn 0.035370212 -0.711016715 -0.702284932
vn 0.0644613355 -0.730980754 -0.67934674
vn 0.0515535064 -0.998670161 0.000244688534
vn -0.0266591515 -0.479955405 -0.876887679
vn -0.00594177423 -0.33627367 -0.941745639
vn -0.120434456 0.991229832 0.0543978252
vn 0.0647154674 0.99548763 0.0694005862
vn -0.0500261933 0.998741031 0.00371984788
vn 0.00448702509 0.072002925 -0.997394383
vn 0.030953398 0.0428295135 -0.998602808
vn 0.163564473 -0.10517785 -0.980910003
vn 0.0653789788 0.997751594 0.0147356335
vn -0.157249361 0.987534583 -0.00693212822
vn -0.0656593814 0.997140825 -0.0374037065
vn 0.999018252 -0.0194390453 -0.0398049429
vn 0.99945575 -4.72300508e-06 -0.0329882093
vn 0.998718381 -0.0273610987 -0.0425796509
vn -0.11587213 0.203157693 -0.972265661
vn 0.134145513 0.990831554 0.0160589721
vn 0.0902466625 0.99587512 -0.00940208603
vn -0.992169082 -0.106712118 -0.0649072155
vn -0.988511622 -0.130820796 -0.075701192
vn -0.999464571 -0.0199268218 -0.0259518493
vn -0.999879181 0.00755413529 -0.0135842534
vn -0.0234204065 0.601350367 -0.798642099
vn -0.0234204046 0.601350367 -0.798642039
vn -0.0234204046 0.601350307 -0.79864198
vn 0.26910004 0.960801721 0.0666719377
vn 0.263248086 0.964574933 0.0171951205
vn 0.999510407 0.00728747388 -0.0304268058
vn -0.0958962888 0.984645247 0.145868152
vn 0.0656317994 0.987443089 0.143696219
vn 0.0208733771 -0.0556264445 -0.998233497
vn -0.017698776 0.0559873022 -0.998274624
vn -0.0281027257 0.214645833 -0.976287484
vn -0.0835571736 0.540474117 -0.837201238
vn -0.289718062 0.956397295 0.0369824097
vn -0.00572852325 -0.0292723924 -0.999555111
vn -0.306298018 0.951817214 -0.0150154792
vn 0.0547885746 0.113997109 -0.991969228
vn 0.0293072574 0.118350938 -0.992539227
vn 0.138148099 0.496691555 -0.856862128
vn -0.0689795837 0.996887505 0.0381717309
vn -0.168127149 0.981725454 0.089154087
vn 0.00034912469 0.999996781 0.00250233966
vn -0.233974084 0.964431822 0.122993656
vn 0.000839175133 -0.00815242715 -0.999966443
vn 0.0326663218 0.108069003 -0.993606567
vn -0.252281427 0.959537268 0.125069112
vn -0.0104841273 0.0584606119 -0.99823463
vn -0.166171163 -0.986067593 -0.0076066521
vn -0.0506196991 -0.997224271 0.0546041876
vn 0.0405073017 -0.998375177 -0.0400774293
vn -0.148848355 -0.988721192 -0.0165715087
vn 0.0578330196 -0.998128831 -0.0198522042
vn 0.0867883563 -0.996189117 -0.00865741167
vn 0.190818533 -0.980495512 0.0470823124
vn 0.000678651559 -5.14681733e-06 -0.999999762
vn 0.000114032264 -0.000644067884 -0.999999821
vn 0.00209688186 -0.00378436339 -0.999990582
vn 2.23573534e-06 -6.41779707e-06 1
vn 2.10484232e-05 2.00602608e-06 1
vn 3.54117765e-05 -5.45787516e-05 1
vn -0.182001531 -0.982922256 -0.0271895826
vn -9.63521597e-06 1.93601936e-05 0.99999994
vn -0.269693524 -0.962213695 0.0375499651
vn -0.000413414062 -0.00168810261 -0.999998569
vn 0.00163640827 -0.00491137849 -0.999986649
vn 0.180386007 -0.98150903 0.0640384257
vn 0.0161995925 0.0389160849 -0.999111176
vn 0.191712782 0.964375913 0.182278141
vn 1.44934647e-05 -5.45551193e-05 -1
vn -2.70128148e-05 -9.89905093e-05 -0.99999994
vn -8.71732766e-08 -9.85974111e-05 -0.99999994
vn 7.04834456e-05 -2.7779728e-05 -1
vn -0.275644749 -0.957345307 -0.0866608545
vn -0.21616666 -0.97185421 -0.0936560035
vn -0.0192134548 -0.997412562 -0.0692745596
vn -4.00548997e-05 -0.000747811282 0.999999762
vn 1.97113945e-06 -0.000646915752 0.999999762
vn -9.06337009e-05 -0.00080992427 0.999999642
vn 6.27966583e-05 -0.000560332264 0.999999821
vn -0.000127334511 -0.000694248534 0.999999702
vn 0.447918415 0.894066751 0.00371933775
vn 0.347609311 0.895402908 -0.278247327
vn 0.294805586 -0.955549121 0.00398051227
vn -2.27696073e-05 -7.07187246e-06 1
vn 0.0882816687 -0.991884291 -0.0914971456
vn 0.186808512 -0.978767633 -0.0843598172
vn 0.322735935 -0.946455359 0.00798641797
vn -3.63256513e-05 -5.18650813e-05 -1
vn -0.00279615796 -0.00558996806 -0.99998045
vn 0.383623987 0.911221743 0.150025293
vn 0.483067006 0.872614741 0.0720409304
vn 0.0145549122 0.97197175 0.23464644
vn -0.458807528 0.887310266 -0.0466490537
vn -0.447537005 0.894030094 0.0205158237
vn 0.00330692506 -0.0122177713 -0.999919951
vn 0.418300748 -0.907610595 -0.03560118
vn 0.331121027 -0.942276955 0.0497301631
vn -0.396568179 -0.912347853 -0.101759456
vn -0.133422881 0.966032445 0.221313372
vn -0.377481759 -0.925789893 -0.0205099192
vn -0.359973758 -0.932676673 -0.0230903085
vn -1.3696178e-05 8.70750773e-06 1
vn -0.00746776117 0.0210486073 -0.999750614
vn -0.000138144693 -0.000519338355 -0.999999821
vn -4.33019122e-05 -0.000189463535 -1
vn -0.000182230491 -0.000182469405 -1
vn -2.65421818e-07 -2.56296898e-05 -1
vn -0.401207715 0.906905234 0.128667578
vn 8.25036404e-05 -0.000400732883 0.99999994
vn -4.60348019e-07 -0.000428698375 0.99999994
vn -0.000129098713 -0.00047512789 0.99999994
vn -2.07444123e-06 -0.000390650908 0.999999881
vn 0.317079782 -0.946321905 -0.0627323613
vn 0.0958331153 0.995302439 -0.0137452008
vn -0.124411784 0.989341259 -0.0756677911
vn 0.0809443966 0.996605039 0.0150434384
vn -0.273950279 0.961108088 0.034964487
vn -0.000466581056 -0.00133480958 -0.999998987
vn -0.00070841756 0.00229884963 -0.999997079
vn -0.000355936878 -0.00130956236 -0.999999046
vn 4.52670793e-05 -0.000547523203 0.999999881
vn 0.000100586571 -0.000108872271 -1
vn -0.517815053 -0.855038941 0.0278581828
vn -0.00264205388 -0.00370687176 -0.999989569
vn -1.22846961e-06 -2.16026092e-06 0.99999994
vn -0.42896077 0.901687205 -0.0543397516
vn -0.000344005297 0.00384806539 -0.999992549
vn 0.361727446 0.930497468 -0.0576861873
vn 0.501395226 0.865104377 0.0140513442
vn 0.000328372698 0.000352905656 -1
vn 0.000295084988 0.000373620045 -0.999999881
vn 3.33810385e-06 8.93966717e-06 1
vn -0.272322923 0.942146838 0.195447072
vn -0.000215145817 -0.000397332391 0.999999821
vn -0.000189879967 -0.000473764347 0.999999821
vn -3.81108948e-05 -0.000558561063 0.999999821
vn 0.363256156 -0.930585861 -0.0453317501
vn 0.000120143937 -0.000231691563 -0.99999994
vn -0.00613841228 0.0101450868 -0.999929726
vn -0.15852268 0.322553217 -0.933182657
vn 0.0021685306 -0.0106444424 -0.999941051
vn -0.190092117 -0.969667614 -0.153654441
vn -0.0625526085 -0.978290975 -0.197569937
vn 0.0217148606 -0.984173834 -0.175869659
vn 0.245661438 -0.955341518 -0.164234772
vn -0.451759249 -0.887289047 -0.0929076523
vn 0.185947806 -0.970331132 -0.154534474
vn 0.165502757 0.950569987 0.262726933
vn 0.564084172 -0.825618863 0.0127464356
vn 0.427784741 -0.873006523 0.23422201
vn 0.00150565838 -0.00375898508 -0.999991715
vn -0.274623364 -0.946363688 -0.170228153
vn -1.32027242e-06 -0.000360243692 0.999999881
vn -0.000213855688 -0.000425533712 0.99999994
vn -0.105911031 -0.987367332 -0.117850371
vn -0.300330549 -0.946526527 0.117851533
vn 0.112228267 -0.992558122 0.0472578406
vn 0.261827499 -0.964155972 -0.0430090167
vn -0.504853249 -0.856184244 -0.109871849
vn 0.000185771554 -0.00027907599 -0.99999994
vn -6.27325016e-06 -7.99409918e-06 -0.99999994
vn 0.563102305 -0.826376736 -0.00416157348
vn -8.42524823e-05 -0.000234032996 0.99999994
vn 0.352915376 0.907201052 0.228990868
vn -0.447284728 -0.880887568 -0.154833555
vn 5.38214772e-05 -0.000406805484 1
vn 0.543724179 -0.838644326 0.0322446488
vn 0.539856851 -0.840788841 0.0403562598
vn -1.33422336e-05 -2.08557572e-06 -1
vn -0.458768636 0.665401399 -0.588873863
vn -0.55561018 0.710394561 -0.432014823
vn -0.375572801 -0.906659007 -0.192132086
vn 0.357170761 0.501078606 -0.788257122
vn 0.361625433 0.560620904 -0.744937062
vn 1.92022308e-05 6.69077326e-06 1
vn 0.000157018265 1.06361458e-05 -1
vn 0.00935842097 -0.0148799466 -0.999845445
vn 0.37115708 -0.921048999 -0.117944419
vn -2.60985689e-06 -3.82792024e-07 -0.99999994
vn 0.000109976238 -6.33553427e-05 -1
vn 2.61003843e-05 -1.29426808e-05 -1
vn 0.000194882567 2.32850971e-06 -0.99999994
vn 0.443799973 -0.895717204 -0.0270570926
vn 0.52600503 -0.850446701 -0.00769515662
vn -0.000286298455 0.00137417903 -0.999999046
vn -0.502120733 -0.863505423 -0.0472573973
vn -0.625228882 0.780436993 -0.00258879294
vn 0.562720716 0.808195174 0.17368339
vn -6.43433305e-05 -0.000271859521 -1
vn 6.89357512e-06 -0.000195014465 1
vn -0.559898555 0.827041805 0.0501544997
vn -2.14454722e-05 0.000115351257 -1
vn 0.0577542968 -0.968630433 -0.241701052
vn 0.110833392 -0.968580484 -0.222638145
vn -0.101862043 -0.966912746 -0.233888358
vn 0.000105407453 -0.000173231761 1
vn 3.53246542e-05 -5.40733563e-05 0.99999994
vn -4.65260746e-05 -0.000161649325 1
vn 2.18124319e-06 -1.99812661e-07 1
vn -4.97967085e-06 9.97273901e-07 1
vn -1.20505638e-05 1.80285369e-05 1
vn 0.000345821871 -0.00158761826 0.999998689
vn 1.6944623e-05 1.97590471e-05 1
vn -6.96699726e-06 1.63647546e-05 0.99999994
vn 2.29619377e-06 1.3905611e-05 0.99999994
vn 9.88116335e-06 1.45896274e-05 1
vn -2.73212845e-05 -2.32956827e-05 0.99999994
vn -0.127784684 -0.962319076 -0.240026996
vn -0.540770829 0.835995018 0.0931625888
vn -0.556123972 -0.830412626 -0.0337774791
vn -0.571331739 -0.820238292 -0.0280924942
vn 8.73254749e-07 6.84264592e-07 1
vn 1.9609708e-05 -3.00075658e-06 -1
vn 0.000170169282 -9.58455421e-05 -1
vn -0.000199399001 -0.000188164369 0.999999881
vn 0.630895019 0.775395215 0.0270872414
vn 0.533430219 -0.845593274 -0.0205924734
vn 2.88756037e-05 -4.67270511e-05 1
vn -5.42708731e-05 -3.31758056e-05 -1
vn -0.651640832 -0.753769815 -0.0848259777
vn 0.223501027 -0.950492859 -0.215895042
vn 0.279361874 -0.941927671 -0.186357632
vn -0.000808774203 0.00205751578 0.999997497
vn -2.46737563e-05 -0.000211935767 1
vn 0.657338202 0.749830842 0.0752342641
vn 0.649008155 -0.755073249 0.0930208415
vn -9.1172391e-05 -2.57465854e-06 -1
vn 0.0284110028 0.0421989448 -0.998705149
vn -0.337366551 -0.910959423 -0.237353131
vn -0.368995368 -0.901021957 -0.22803925
vn -5.90366762e-05 -0.000390372821 0.999999881
vn 0.00176154263 -0.00256686518 -0.999995172
vn 0.503926873 -0.857733428 -0.101740338
vn 0.573910177 -0.816514671 -0.0626975819
vn -0.00015959458 -0.000116776471 1
vn -0.605162203 0.629043162 -0.487937868
vn 0.294793129 0.31605345 -0.90177995
vn -0.0778240263 0.969795883 0.231169477
vn -0.619851589 -0.776606858 -0.112542324
vn -0.656388164 0.753524065 0.036825072
vn -0.627646685 -0.777309477 0.0430082679
vn 0.451288164 0.854634285 0.256786078
vn -0.651297748 -0.742820263 -0.155013248
vn -0.61811614 -0.766157091 -0.175885767
vn 0.38078174 -0.908083498 -0.174326256
vn 3.01030086e-05 -0.000351550087 0.99999994
vn 0.00329779834 -0.00293872366 -0.999990284
vn -0.689690173 0.715379953 -0.112067528
vn -0.000134833987 -1.49564073e-06 -1
vn 0.000577609753 0.000148749139 -0.999999821
vn -0.750661969 -0.660384059 0.0199854765
vn 0.483750761 -0.864837706 -0.134317085
vn -0.00451247906 -0.00457408046 -0.999979377
vn -0.749265254 -0.661627114 -0.0291763563
vn -0.748416901 -0.66272223 -0.0259118825
vn -1.6917631e-05 8.50969263e-06 1
vn 0.0132852085 -0.00841639377 -0.999876261
vn 0.741990566 -0.669074178 -0.0423059985
vn 6.85350005e-06 -9.8277138e-05 -1
vn -0.00459311111 -0.00393518712 -0.999981761
vn 2.2778393e-05 -6.86491148e-06 1
vn 0.000160792391 -0.000160295545 -0.99999994
vn -7.46912337e-05 3.35445766e-05 -1
vn 5.93068216e-05 -7.55332803e-05 -1
vn 6.415588e-05 -2.51984675e-05 -1
vn 1.09237699e-05 -2.1902737e-05 -0.99999994
vn 2.94381007e-05 -5.42644848e-05 -1
vn 2.87029889e-05 -4.51472879e-05 -1
vn 0.000160125113 -0.000160463198 -0.99999994
vn -3.75271011e-05 0.00123393885 -0.999999285
vn 0.000266090879 0.000131469293 -0.99999994
vn 9.63641432e-05 0.000246088603 -0.99999994
vn -0.69367528 0.578114033 -0.429649413
vn 0.406975031 0.362454206 -0.838449955
vn -0.751661062 -0.652189493 -0.0982581005
vn 0.000137662137 -0.000170750252 -0.99999994
vn -0.820312202 0.568949878 0.0581719391
vn -0.000232957755 0.000113413676 -1
vn 0.68448621 0.722129762 -0.100036375
vn 0.809762001 0.58649689 0.0175157674
vn 0.001033201 0.000655024545 -0.999999225
vn 0.000980490004 0.000756712223 -0.999999285
vn 0.722884238 -0.689662099 0.0424793176
vn -0.000103901933 -0.000107537518 -1
vn 5.11430262e-05 -7.08947755e-06 1
vn 4.18268201e-06 -1.37400406e-07 1
vn -2.94910424e-05 1.31150489e-06 1
vn -2.4875495e-05 -1.5783311e-05 0.99999994
vn 0.676419318 -0.736310899 0.0174126513
vn -0.118539385 -0.953749418 -0.276243508
vn 0.0717175901 -0.958747149 -0.275064528
vn -0.0719798505 -0.961131573 -0.266542584
vn -0.00014426306 -0.000238572029 -0.999999881
vn -0.211415797 0.957351506 0.196929961
vn 0.760264695 -0.646958411 0.0586719662
vn 3.23626664e-05 -7.03302885e-06 1
vn 0.000148473177 -0.000335184217 -0.999999881
vn 0.114691608 -0.960763156 -0.252547145
vn -0.711521089 0.698090792 0.0800435767
vn -0.000213340987 -0.000342566986 -0.999999881
vn -0.360304862 -0.895543516 -0.261117011
vn -9.66177322e-06 -3.7570655e-05 0.99999994
vn 0.602114618 -0.786772609 -0.135818824
vn 2.94666697e-05 -1.845734e-05 1
vn 0.0384619012 0.0341238678 -0.998677254
vn 0.0061695287 -0.00812730193 -0.999947965
vn 0.729438066 0.66308552 0.16804029
vn -0.000139818527 7.52231517e-06 -1
vn -0.000198404858 0.000203995092 -0.999999881
vn 0.69121033 -0.719714582 -0.0651093796
vn -0.620376408 -0.755233467 -0.211555138
vn -0.545922101 -0.804234266 -0.2348966
vn 0.000318527455 0.000120814286 0.99999994
vn 0.270321369 -0.93703723 -0.22110568
vn 0.273017049 -0.938529074 -0.211245984
vn 2.20904876e-05 -5.23941162e-05 1
vn -0.738073945 -0.672603667 0.0533969812
vn -0.332101822 -0.902115762 -0.275491267
vn 0.161913157 0.954387069 0.250857323
vn -0.611263931 0.77952224 0.136753425
vn 0.701665998 -0.709225059 -0.0682986453
vn 0.809729278 -0.585879028 0.0329281911
vn -0.773143709 -0.633819044 0.0228488557
vn -0.00017543057 0.000210423896 -0.99999994
vn -0.831242383 -0.555855453 -0.00780394487
vn 0.806456685 -0.591090739 0.0154691776
vn 0.778830826 -0.627019405 0.0164077226
vn 3.41740015e-05 -7.35246722e-05 0.99999994
vn -0.000180513613 6.9500682e-05 -1
vn -0.788824737 0.614421129 -0.0155645963
vn -0.000164522644 -0.000178688133 -1
vn 0.769289732 -0.637864172 -0.0363684446
vn 7.3441799e-05 -0.000184777979 1
vn -0.280040771 0.94835192 0.149016261
vn 0.77905941 0.626458228 0.0248303283
vn 0.628121316 0.738287807 0.245753482
vn 0.396131694 0.254941165 -0.882091105
vn 0.778888464 0.622733414 0.0744028613
vn 1.04203746e-05 -2.9412693e-05 0.99999994
vn -0.000629483315 -0.00059757469 -0.999999642
vn 0.0266109556 -0.996221304 -0.082673423
vn -0.23305136 -0.972435713 -0.00746865291
vn 0.207220927 -0.974794507 0.0826752111
vn -0.234887466 -0.971993864 0.00746873952
vn 0.0266109612 -0.996221304 -0.0826734304
vn -0.233051866 -0.972435594 -0.00746862637
vn 0.207220927 -0.974794507 0.0826751664
vn -0.234887481 -0.971993804 0.00746870739
vn 0.000283363275 -0.000337765523 -0.999999881
vn 0.447414011 -0.878268361 -0.168717012
vn 2.36081378e-05 -6.5125696e-06 1
vn -0.71915251 -0.65485549 -0.232344821
vn -0.539568722 -0.796770573 -0.272070527
vn 0.699332952 -0.707968175 -0.0985617638
vn 6.52342496e-05 -2.01204148e-05 1
vn 0.820932984 -0.560802162 0.107565105
vn 0.00272668968 -0.00193695328 -0.999994397
vn 0.454110116 -0.890914261 0.0074688741
vn 0.455791384 -0.89005518 -0.00746863568
vn -0.476936519 -0.875039816 0.0826855451
vn -0.628030002 -0.773783743 -0.0826857015
vn 0.454109997 -0.890914202 0.00746887457
vn 0.455791473 -0.89005518 -0.00746859051
vn -0.476941407 -0.875038385 0.0826732814
vn -0.628027678 -0.773786783 -0.0826746523
vn 9.69021039e-06 -0.00011812395 -1
vn 1.2633699e-05 -6.47701881e-06 -1
vn 6.46170884e-06 -8.74691432e-06 -0.99999994
vn 3.81500795e-05 -1.88377562e-05 -0.99999994
vn 3.14421195e-05 -3.47137357e-05 -0.99999994
vn 6.27707414e-06 -1.8368753e-06 -1
vn 0.510526717 0.822424471 0.250959307
vn -0.293169677 -0.920520544 -0.258250475
vn -0.0910286531 -0.954256296 -0.284795582
vn -0.0374681987 -0.963398337 -0.265442491
vn -4.75549541e-06 -1.48556128e-05 0.99999994
vn -3.70323978e-05 -3.04373407e-05 1
vn 2.81330767e-06 -2.5190162e-05 0.99999994
vn -0.876608253 0.480795354 0.0198418926
vn -1.92485932e-05 -3.10646578e-06 0.99999994
vn -0.612500846 -0.749713361 -0.250544786
vn 3.64506996e-05 -3.58467041e-05 1
vn 0.168342128 -0.958370566 -0.230622739
vn 0.134986907 -0.963805258 -0.229908466
vn 5.87645154e-05 -7.5854281e-05 1
vn 3.16547339e-05 -0.000136786141 1
vn -7.43430137e-05 -0.000115259907 -1
vn -3.35499863e-05 -4.89383128e-05 0.99999994
vn -0.822870612 -0.564663708 -0.0635517985
vn 1.92947737e-05 -0.000170358704 0.99999994
vn 0.000159542993 -0.000195852612 0.999999881
vn 2.09340269e-05 0.000216523127 -0.999999881
vn -0.78008914 -0.604507864 -0.16134192
vn 3.13383098e-05 -7.67672282e-06 1
vn -0.736184776 0.454730451 -0.501250565
vn -0.412700683 -0.864577532 -0.286677122
vn -2.85555725e-05 -3.6330588e-05 -1
vn -0.822505474 0.560698569 0.095404081
vn -0.792595446 0.366730928 -0.487135202
vn 0.00805046037 -0.000356202247 -0.999967515
vn 0.872625232 0.48150757 0.0817048252
vn -0.000361134444 0.000121297875 -0.99999994
vn 0.590490043 -0.788990259 -0.169752017
vn 0.590483427 -0.786865115 -0.179366738
vn 0.590489864 -0.788991034 -0.16974923
vn 0.590483308 -0.78686595 -0.179363877
vn -9.41963517e-05 3.65711458e-05 -1
vn -0.867893159 -0.478287101 -0.134175479
vn 1.55970556e-05 -9.48374e-05 1
vn 0.858495057 -0.510411501 -0.0496628843
vn -0.822719097 -0.52794379 -0.21073316
vn -0.000226045158 -5.73742618e-05 1
vn 0.860146284 -0.509543717 0.0226624664
vn 0.320755213 -0.929422081 -0.182457179
vn -5.83857909e-05 -0.000113170463 1
vn -2.77274903e-05 -0.000256754429 -0.999999881
vn -0.00051003485 0.00023332733 -0.999999821
vn 0.570679307 -0.804050982 -0.166814655
vn 0.700576007 -0.704141021 -0.115666769
vn -0.000106999199 -0.000509641308 -0.999999881
vn 0.901809692 -0.415455669 -0.118893981
vn -0.00285008946 0.000887579343 -0.99999553
vn 2.47412072e-06 2.33346486e-06 -1
vn 0.00506169908 -0.0134661505 0.999896467
vn -0.717783809 -0.641827822 -0.269895434
vn -6.47029883e-05 -0.000251385936 0.99999994
vn 0.252871811 0.952408373 0.170217797
vn 0.858471572 0.486250639 0.163054854
vn 0.0496108383 0.0249437317 -0.998457134
vn 6.77952357e-06 5.25859559e-06 -1
vn -0.00010339047 -8.20908172e-05 -1
vn 0.838331044 -0.536732554 -0.0954951942
vn 0.857365489 -0.508208334 -0.0815403089
vn -0.645882308 -0.723217428 -0.244525611
vn -7.95070591e-05 -4.45363003e-05 1
vn 0.890177906 0.455456436 0.0119458968
vn -0.0345086977 0.983310461 0.178632572
vn 0.0672572702 0.981331944 0.18017824
vn 0.77101028 0.587633908 0.245416969
vn -0.843957186 -0.532395065 -0.06551186
vn -0.899714291 -0.436420798 0.00714173028
vn -0.866805494 -0.498636901 0.00308230938
vn -0.851063967 -0.524243832 -0.0292989425
vn 3.17073464e-05 -4.84466982e-05 1
vn 1.92105836e-05 -3.28523311e-05 1
vn 1.13668557e-05 -2.59796034e-05 1
vn -8.74227624e-08 0.99999994 -8.74227695e-08
vn -0.0543965138 0.0689215213 0.996138036
vn 0.354954571 0.0397378132 0.934038579
vn 0.13003923 -0.0397368297 0.990712225
vn -0.324215949 0.01201862 0.945906758
vn -0.425423771 0.0114772413 0.904921472
vn 0.51994139 -0.0689201355 0.851417005
vn 0.0455891192 0.00425192062 -0.998951256
vn 0.46713087 -0.00425224565 -0.884177864
vn -0.045588728 -0.00425218511 -0.998951256
vn -0.545723259 -0.00425240071 -0.83795464
vn -0.467130393 0.00425186986 -0.884178162
vn 0.545723736 0.00425191782 -0.837954342
vn -0.713632643 -0.0114765121 0.700426102
vn 0.724968731 -0.00690990733 0.688747048
vn 0.790333033 -0.00993386004 0.612596989
vn 0.849514663 -0.00353262038 -0.527553141
vn 7.62791933e-06 1 1.75977402e-05
vn -0.893340766 -0.00326346559 -0.44936803
vn -0.849514306 0.00353203691 -0.527553618
vn -0.782408357 0.00487736193 0.622746587
vn 0.893341005 0.0032630763 -0.449367613
vn -0.00060244702 0.999999762 0.000426538783
vn -0.942120492 0.00759958429 0.335188299
vn -5.35351755e-05 1 -3.04270748e-06
vn 0.945187986 -0.00761165936 0.326438099
vn 0.945688128 -0.00334964413 0.325058281
vn 0.998779893 -0.00416288571 -0.0492085181
vn 0.00253557647 0.999996722 -0.000314886885
vn 0.00232251617 0.999997318 -3.91384019e-05
vn -0.999924839 -0.00414012652 0.0115457848
vn -0.998779893 0.00416286197 -0.0492088273
vn -0.00126557657 0.999999225 0.000164653015
vn -0.944132268 -0.0108304424 0.329388529
vn -0.999384165 -0.0147946831 0.0318169892
vn -0.00120931875 0.999999285 3.52833376e-05
vn 0.997203469 0.043154195 -0.0610169321
vn 0.999401629 0.0198711287 0.0283096898
vn 0.999924779 0.00414011534 0.0115460157
vn -0.993494153 0.0331517234 -0.108951777
vn 7.39921452e-05 1 -8.56378028e-06
vn -0.910890102 -0.00271702139 -0.412639946
vn 0.000375017495 0.999999881 -0.000262085494
vn 0.000440857548 0.999999881 -0.000285854621
vn 0.906679511 -0.00176576525 -0.421816528
vn 0.930583537 -0.00581812439 0.366033077
vn 5.27988232e-05 1 1.20347268e-05
vn -0.928123057 -0.00794016104 0.372188866
vn -0.930583656 0.00581819331 0.366033047
vn -0.834374487 0.0398635678 -0.54975456
vn 0.000866237271 0.999999464 -0.000695436087
vn 0.922464848 -0.0396775827 -0.384036869
vn 0.928123057 0.00794022344 0.372188926
vn 0.741609752 0.00122985383 0.670830309
vn -0.00162034447 0.999997497 -0.00158150389
vn -0.68855828 0.00123022369 0.725179911
vn -0.741609931 -0.0012297486 0.670830131
vn -0.000568496529 0.999999464 -0.000835300889
vn -0.623082161 -0.0152926119 -0.782006919
vn 0.000212872503 0.99999994 -0.000296986429
vn 0.730679274 0.122470006 -0.671646416
vn 0.572211504 -0.0510105938 -0.818518043
vn 0.688557982 -0.00123011379 0.725180209
vn -0.469857603 0.0651496872 -0.880334795
vn 0.000143721016 1 -0.000210511877
vn 0.391695172 -0.0079441173 0.920060813
vn -0.000685218023 0.999998748 -0.0013841358
vn -0.38479349 -0.00794419739 0.922968507
vn -0.391695559 0.00794425607 0.920060515
vn -3.87683867e-05 1 -0.00012348032
vn -0.185341343 -0.00876463298 -0.982635081
vn 1.01169453e-05 1 -1.92919379e-05
vn 0.354634434 0.0497111306 -0.93368268
vn 0.214137152 0.00869981851 -0.976764858
vn 0.384793043 0.00794436038 0.922968686
vn 0.0379748344 0.00123004918 0.99927789
vn -4.64964796e-06 1 -0.00011290078
vn -0.0379750058 -0.001229877 0.99927789
vn -0.0371131375 0.0260319673 -0.998971999
vn 0.435612321 0.883225262 0.173652008
vn -0.875616908 -0.480604261 -0.0481088273
vn -2.87367566e-05 9.23483749e-05 -1
vn -0.0025628549 -0.00142138463 -0.999995708
vn -0.00236914982 -0.00159902964 -0.999995947
vn -0.202553481 0.975803494 0.0823380649
vn -0.887545764 -0.452959836 -0.0842014477
vn 0.905247629 -0.424255222 -0.0231125373
vn 0.499771148 0.276357651 -0.82088685
vn 0.316612333 0.159465209 -0.935054839
vn 4.37144845e-05 -2.21130335e-06 -0.99999994
vn -1.58691782e-05 6.18152671e-06 -0.99999994
vn 2.78555653e-05 -2.04093812e-05 -1
vn -1.64039138e-05 1.54310183e-05 -1
vn -0.000166259269 -8.94638652e-06 -0.99999994
vn 3.96674332e-05 -6.5783257e-05 -1
vn 0.878926456 -0.461065322 -0.122093998
vn 0.563698351 -0.808250725 -0.17022039
vn 0.573561251 -0.807643473 -0.1368922
vn -5.74414262e-05 5.45444127e-05 1
vn 8.34807652e-05 7.78232861e-05 -1
vn -0.545968354 0.829870939 0.115033314
vn 3.11822669e-06 -1.36544231e-05 0.99999994
vn -1.30116696e-05 -5.35516592e-05 1
vn 2.20129277e-05 -7.99248519e-05 0.99999994
vn -1.26860459e-05 -5.09813326e-05 1
vn -0.108387284 -0.968905866 -0.222426564
vn 0.0443442054 -0.977891386 -0.204357609
vn -0.166617543 -0.959576964 -0.226826787
vn 0.884648383 -0.463555962 -0.0501299016
vn 4.9805054e-05 -0.000190989158 1
vn 1.89903658e-05 -1.77509828e-05 1
vn -3.6256708e-05 2.25641652e-05 1
vn 6.32666615e-06 -8.65449329e-06 1
vn -2.60592751e-05 9.55680025e-06 0.99999994
vn -2.01056373e-05 1.6283986e-05 -0.99999994
vn -0.0345624872 0.992192268 0.119833268
vn 0.885416031 -0.458203733 0.0780241862
vn -0.777579248 -0.576100528 -0.251949608
vn -8.22247148e-06 1.59081646e-05 1
vn 0.923034012 -0.384599775 0.00955400337
vn 3.60578701e-06 -3.79546218e-05 1
vn 0.0228504892 -0.0120824836 -0.999665797
vn -0.343289822 -0.912966371 -0.220555231
vn -9.66330917e-05 -4.69612241e-05 1
vn -0.912796855 -0.377506346 -0.155855104
vn -0.00812259503 -0.975227177 -0.221056506
vn 0.118879683 -0.976437569 -0.180103347
vn 0.0283012316 0.0108366758 -0.999540687
vn 0.891173065 0.452463031 0.0329810269
vn -3.15108991e-05 3.73786715e-05 -1
vn -0.000212856641 4.18721393e-05 -1
vn -0.809723198 -0.586764574 -0.00746870087
vn -0.810829103 -0.585235059 0.00746867759
vn -0.809722662 -0.586765051 -0.00746870041
vn -0.810829103 -0.585235119 0.00746868271
vn -0.000454653986 -0.000801236311 -0.999999523
vn -0.901760757 0.411541283 -0.132141396
vn 0.00481138565 -0.00638319645 0.999968052
vn -0.000158488139 -0.000153724817 1
vn 8.61802546e-05 -1.25712531e-05 1
vn 0.345788151 -0.928573251 -0.134841487
vn 0.000445087353 -0.00170482846 0.99999845
vn 0.922564149 -0.374979943 -0.0909142196
vn -5.07073264e-06 -4.8158392e-05 1
vn 0.000147797036 0.000113780538 -1
vn 0.895909548 0.413260996 -0.162976757
vn -0.496183485 -0.842362225 -0.210303873
vn -7.29079111e-05 -3.36785197e-05 1
vn -3.41449959e-05 -1.97344052e-05 1
vn 5.28694254e-05 -5.92308015e-06 0.99999994
vn -0.948987722 0.311214656 0.0506722815
vn -0.943638682 0.320453942 0.0827961639
vn 4.49622457e-05 -9.08306174e-06 -1
vn -0.89263773 0.449305862 -0.036361739
vn -8.94207278e-06 1.14804698e-05 -1
vn 4.76416335e-06 3.08816489e-05 -1
vn 0.0488644429 0.99742496 0.0524933301
vn -0.050318215 0.998725295 0.00400100509
vn -0.893244863 0.442760706 0.077952221
vn 0.866585553 -0.486963898 -0.109066896
vn 0.296784103 0.954207063 -0.0375223979
vn -0.365834832 -0.910540104 -0.192565724
vn -0.11291974 -0.973961532 -0.196590975
vn 1.91796698e-05 -4.91440151e-05 -0.99999994
vn -0.915726364 0.398999363 -0.0473786853
vn 0.600947142 0.782985747 0.160610721
vn -0.00380788231 0.999531865 0.0303561017
vn -0.263328761 0.680592656 0.683704317
vn 0.00214705081 0.895909905 0.444230705
vn 0.0149615491 0.998918116 0.044031065
vn -0.0218096767 0.998873055 0.0421546698
vn 0.187607691 0.873536766 0.449151248
vn 0.164314985 0.575590014 0.801059723
vn 0.319090694 0.873341024 0.368044317
vn -0.0338454023 0.998976886 0.0299932342
vn -0.564511001 0.678013146 0.470771313
vn 0.0241086688 0.999424398 0.0238701012
vn -0.689276755 0.67814666 0.254979551
vn 0.341603398 0.915930092 0.210664168
vn -0.0382756442 0.999149024 0.0153685249
vn 0.0346103348 0.999340773 0.0109554632
vn -0.0396574959 0.999134123 -0.0125769349
vn -0.399632514 0.916544199 0.0155122746
vn 0.500597 0.861109257 0.0888452902
vn 0.0230542067 0.999734223 0.00014441146
vn -0.457114488 0.889135718 -0.0219994448
vn 0.391253412 0.920163572 0.0148258721
vn -0.488005728 0.851150215 -0.193374529
vn 0.440205097 0.888554275 -0.129193008
vn 0.0293746702 0.999395251 -0.0186056197
vn -0.0396510139 0.999109983 -0.0143936062
vn 0.0345170386 0.99867022 -0.0382917151
vn -0.293471962 0.941531479 -0.165507942
vn 0.400934547 0.873238325 -0.276958942
vn -0.155385494 0.97691977 -0.146571383
vn -0.0196805578 0.999409378 -0.0281715337
vn 0.208214372 0.905059814 -0.370828003
vn -0.0587272383 0.99610275 -0.0658052936
vn 0.0185213182 0.997816443 -0.0633988082
vn 0.187810048 0.875136077 -0.445941985
vn 0.00586813642 0.999723852 0.0227552392
vn 0.0764233395 0.990421951 -0.11499434
vn -0.404609412 0.606619298 0.684327662
vn -0.155021608 0.500689685 0.851632595
vn -0.564916551 0.474713326 0.674919605
vn -0.544916928 0.776602328 0.316155493
vn -0.544916987 0.776602328 0.316155523
vn -0.544916928 0.776602268 0.316155493
vn -0.849813759 0.508130193 -0.140072525
vn 0.273970217 -0.948046684 -0.161702871
vn 0.952428579 -0.301837236 -0.0421187356
vn 0.938286662 -0.345693499 -0.010685619
vn 7.37819937e-06 4.56270318e-05 -0.99999994
vn 0.352079153 0.825860858 -0.440447658
vn -0.304002225 0.899845183 -0.312828124
vn -0.995972097 -0.0869070366 0.0220605023
vn -0.99785763 -0.0650002509 -0.00742612267
vn -0.994326413 -0.0991319939 0.0385714956
vn -0.990486503 -0.120160088 0.067067422
vn 0.889984906 0.452354938 -0.0574625619
vn 0.911263406 0.361771345 -0.19677496
vn 0.790062189 0.489084512 -0.369591802
vn 0.59003967 0.506808579 -0.628488958
vn 0.49639824 0.405406952 -0.767615855
vn 0.215569437 0.470662922 -0.855573595
vn 0.510225236 0.427218765 0.746427715
vn 0.658457458 0.482140303 0.577905297
vn 0.824797928 0.490533501 0.281220943
vn 0.806715012 0.390659332 0.443391502
vn 0.881895483 -0.454332352 -0.125865906
vn -0.861490786 -0.458057284 -0.219127759
vn -0.913848221 0.366667747 0.17445986
vn -0.87451005 0.416511923 -0.248495534
vn -1.1977678e-06 -0.000205762655 -1
vn -0.606569827 -0.763162732 -0.222835153
vn -0.923264563 -0.379083753 -0.0622746088
vn 3.8655322e-05 8.3756895e-05 1
vn 0.00596039789 0.329591155 0.94410497
vn 0.360436171 0.293235689 0.885493398
vn 0.951468885 0.289112121 0.105456784
vn 0.754326284 0.300676435 -0.583597124
vn -0.380689025 0.919697642 -0.0960843489
vn 0.918133259 -0.390084177 -0.0697537586
vn 0.889753103 -0.454909593 0.0373714343
vn -0.698042572 0.706275523 -0.117946744
vn -0.750931144 -0.596929848 -0.282448769
vn 0.954450488 -0.289250374 -0.0732011348
vn 0.948975027 -0.310065806 0.0574950352
vn -0.00279865414 0.000839072745 -0.999995708
vn 0.964653134 -0.253176063 0.0731182992
vn 0.494245738 0.419201493 -0.761571586
vn -0.994726121 0.0891496763 0.0507173538
vn -0.0269175712 0.0726888552 -0.996991396
vn -0.0269175731 0.0726888552 -0.996991396
vn -0.0269175712 0.0726888478 -0.996991336
vn 0.567976773 -0.816818595 -0.101042718
vn -0.00087258924 -0.0112138567 -0.999936759
vn -0.000289711985 -0.000122003737 -0.99999994
vn -0.911261499 0.364236087 -0.192183718
vn 0.900579453 -0.432368577 0.0448803715
vn 0.92051971 0.39069581 0.000224437448
vn -0.866597891 0.295919329 -0.401795864
vn 0.959504068 -0.26845935 -0.0853319392
vn 2.98869672e-05 -6.55107724e-05 -1
vn -5.73988036e-05 1.42959516e-05 -1
vn 2.88345746e-05 -8.25165262e-05 -1
vn 2.46034597e-05 -0.000146909733 -1
vn 0.969020426 -0.246298522 -0.0183406025
vn -1.5755626e-05 8.23301816e-05 -1
vn 6.56579577e-05 0.00013492252 -0.99999994
vn -0.000199585862 8.877449e-05 -1
vn -0.000347216905 0.000257560838 -0.999999881
vn 7.38300105e-06 -1.95178709e-05 -1
vn -4.20922734e-05 -8.70366512e-06 -1
vn 3.26712834e-05 -4.3008582e-05 -0.99999994
vn 5.17181652e-05 0.000332404539 0.99999994
vn -5.02194525e-05 0.00134373258 0.999999106
vn -7.59335162e-05 0.0014100835 0.999998987
vn -0.00179950881 -0.000924302265 -0.999997973
vn 0.240704864 0.0703558922 0.968044996
vn 0.240704849 0.0703558922 0.968044996
vn 0.240704864 0.0703558922 0.968045056
vn -0.997915685 0.0525469817 -0.0374567546
vn -0.982667685 0.0821316168 -0.166188568
vn -0.0182373822 0.0175454412 0.999679685
vn 0.178147078 -0.00178690709 0.984002292
vn -0.102134533 0.0167849325 0.994628966
vn -0.116997972 -0.00244354643 0.993129075
vn -0.340412438 0.00301416288 0.940271437
vn -0.174856037 -0.00139342435 0.984593093
vn 0.175745174 0.00147127302 0.984434605
vn 0.337926865 0.00390813453 0.941164255
vn -0.499699831 0.00470791012 0.866185844
vn 0.497686476 -0.00434476417 0.867346168
vn -0.640749574 0.00275218068 0.767744899
vn 0.637372255 -0.00246406114 0.770552039
vn -0.767955005 0.00375299668 0.640492737
vn 0.75993222 -0.00118173345 0.650001287
vn -0.8673594 0.00335709751 0.497670978
vn -0.868316948 0.00350183202 0.495997339
vn 0.866972983 -0.000913170748 0.498354167
vn -0.937643886 0.00230808975 0.347590089
vn 0.941838443 0.00124289014 0.336063892
vn -0.987040639 -0.00845678058 0.160247654
vn 0.984843671 -0.000748453604 0.17344287
vn 0.99982965 -0.0138088847 -0.0122440681
vn 0.994214416 -0.00425360259 -0.107329421
vn -0.999447942 0.0327636227 -0.00551534118
vn 0.916028261 -0.0071584573 -0.401049882
vn 0.802176356 0.00127460063 -0.597085834
vn 0.767696619 0.0364362299 -0.639776766
vn 0.790493369 0.190404117 -0.582122386
vn 0.692695558 0.310901195 -0.650779068
vn 4.21431541e-05 -2.59318567e-05 1
vn -0.0001689536 -0.000157330636 -1
vn -0.975222409 0.219620585 -0.0266073328
vn -0.00279500126 0.000760803814 -0.999995828
vn 0.978182316 0.20772247 -0.00326547446
vn 0.00391185191 0.000915903249 -0.999991953
vn 0.00375188794 0.000698251126 -0.999992728
vn -0.0962652192 -0.990442634 -0.0987743214
vn 0.0789359733 -0.995889902 -0.0444123298
vn 0.0748151019 -0.992793024 -0.0936198011
vn 4.01738798e-05 -4.82300093e-05 1
vn -0.0648447722 -0.995263159 -0.0724325329
vn 0.0325919464 -0.999402583 -0.0115036145
vn -0.895532966 0.444152385 -0.0273771826
vn -0.885175467 -0.38079834 -0.267314494
vn -0.204192206 -0.978892148 -0.0087024197
vn 1.24744531e-07 3.09100778e-06 -1
vn 0.968758225 -0.242713943 0.0509640723
vn -0.957427919 -0.288342476 0.0137922177
vn -1.9255117e-06 1.22417384e-06 -1
vn -0.980693102 -0.195484325 -0.00519214431
vn -0.00090039213 -0.00130954839 0.999998808
vn -6.3503976e-06 -5.95761594e-06 1
vn 3.6394209e-05 2.40012214e-05 -1
vn -0.351408005 -0.93156445 -0.0932745486
vn -0.256548315 -0.00306727807 -0.966526568
vn -0.0561354496 -0.0324750692 -0.997894824
vn 0.0170599539 0.00522681372 -0.999840856
vn 0.260615647 -0.00597410416 -0.96542418
vn 8.74227695e-08 -1 8.74227766e-08
vn 0.0638245642 -0.087218225 -0.994142592
vn 0.146910295 -0.00188535219 -0.989148021
vn 0.254500449 0.0011656892 -0.96707195
vn 0.571743071 -0.0132737216 -0.820325375
vn -0.147087693 -0.000927197631 -0.989122987
vn -0.484892905 -0.00458681164 -0.874561548
vn -0.571743071 0.0132735716 -0.820325375
vn -0.258458376 0.00302203791 -0.966017723
vn 8.74227624e-08 -0.99999994 8.74227695e-08
vn 0.484893203 0.00458655832 -0.874561369
vn -0.768055677 -0.0124007827 -0.640262961
vn 0.768055916 0.0124006579 -0.640262723
vn 0.888394356 -0.0272768643 -0.458270073
vn -8.55290273e-05 -1 5.67734014e-06
vn -0.886211634 0.0261174664 -0.462543905
vn -0.947475255 -0.00962735433 -0.319684297
vn -0.00128764194 -0.999999225 -0.000106825668
vn 4.30476439e-06 -0.99999994 -1.18862135e-05
vn -7.12133169e-06 -1 -1.83849843e-05
vn 0.947793961 0.00626933668 -0.318821758
vn 0.97664386 -0.0202264283 -0.213910297
vn 0.493971348 -0.865435302 0.083750315
vn -0.999427676 -0.00719102053 0.0330558158
vn -0.999793828 0.0132895298 -0.015350258
vn 0.984456003 0.00156687049 -0.175624564
vn 0.999846578 -0.000516308763 -0.0175073575
vn 0.987850785 -0.0251755305 0.15335314
vn 0.994731784 -0.0600115471 0.0831109881
vn 0.689382553 -0.690194309 0.219962537
vn 0.996109724 0.0063781552 -0.0878903568
vn 0.999337435 -0.000576768129 -0.0363910832
vn 0.0668362528 -0.0244189054 -0.997465134
vn -0.0693204477 -0.00788145792 -0.997563303
vn 0.134162962 -0.0275917891 -0.990575135
vn -8.22937945e-05 -1 9.05951601e-05
vn -0.912316859 0.00727448286 0.409420401
vn -0.894455492 -0.0042598513 0.447136849
vn 0.000124689876 -1 -6.15624449e-05
vn 0.000201461677 -0.99999994 -5.17956432e-05
vn 0.929503858 -0.213932082 0.300425798
vn 0.81130904 -0.483519584 0.328613132
vn 0.62131393 -0.622608423 0.475739151
vn 0.0277051665 -0.998604476 0.0449611507
vn 5.6196568e-05 -1 -8.7705539e-06
vn 1.56153237e-05 -1 -2.78531815e-07
vn 0.24435766 -0.928110898 0.280890614
vn -0.746155202 -0.0326280892 0.664972126
vn -0.692023098 -0.00671826955 0.721844196
vn 0.0204774402 -0.996615648 0.0796101615
vn 0.00397090102 -0.99935168 0.0357829183
vn 0.00291228294 -0.999947429 0.00983830448
vn 0.0718001798 -0.995958984 0.0539507195
vn -0.551225007 -0.0133701414 0.834249496
vn -0.573576629 -0.015184572 0.819011152
vn -0.494722217 -0.025878381 0.868665814
vn -0.711159468 -0.00465452811 0.703015327
vn -0.00812353846 -0.999389768 0.0339727886
vn -0.168073401 -0.954443157 0.246555537
vn 0.0118709421 -0.999743819 0.0192695763
vn -0.368415922 -0.182814449 0.911509037
vn -0.386022866 -0.129987851 0.913285077
vn -0.0121286446 -0.999715686 0.0205301791
vn 2.7794913e-06 1.98750404e-05 -1
vn 0.761608124 0.610126674 0.218399584
vn -0.00043794504 -0.0117358454 0.999931097
vn 0.000138615404 0.000125869512 -1
vn -0.940064728 -0.334104419 -0.0682102293
vn 0.104190007 -0.96171397 0.253477663
vn 0.113430597 -0.974066973 0.195772961
vn 0.112713046 -0.973214746 0.200371534
vn 0.101132512 -0.957001388 0.271883488
vn 0.104190022 -0.961714447 0.253475428
vn 0.113430157 -0.974066794 0.195774063
vn 0.112712629 -0.973214626 0.200372428
vn 0.101132713 -0.957002282 0.27188012
vn -0.0996664166 -0.855866134 -0.50750345
vn -0.0996664092 -0.855866194 -0.50750345
vn 0.0996663421 -0.85586679 0.507502437
vn 0.0996663347 -0.85586673 0.507502437
vn 0.0996663347 -0.855866671 0.507502437
vn 0.104190029 -0.96171397 0.253477573
vn 0.11343091 -0.97406739 0.1957708
vn 0.112713337 -0.973215163 0.200369567
vn 0.101132378 -0.957001209 0.271884292
vn 0.104190007 -0.961714447 0.253475547
vn 0.113430686 -0.97406739 0.195770651
vn 0.112713113 -0.973215222 0.200369298
vn 0.10113243 -0.957001865 0.2718817
vn 0.104189537 -0.961715043 0.253473401
vn 0.113431238 -0.97406888 0.195763409
vn 0.112713583 -0.973216593 0.200362608
vn 0.101131536 -0.957001984 0.271881759
vn 0.328801125 -0.943508625 0.0410035327
vn -0.00385583099 -0.00323063391 -0.999987364
vn -0.750643015 -0.322273612 0.576779664
vn -0.750643075 -0.322273612 0.576779664
vn -0.750643075 -0.322273612 0.576779604
vn 0.379543424 -0.921353161 -0.0839938074
vn 0.559898913 -0.825264812 -0.0738311931
vn -1.90996961e-05 -8.13138249e-05 1
vn 0.426993936 -0.878601611 0.213858098
vn -0.788151801 -0.575852811 -0.217279047
vn -0.000104568106 -7.4028605e-05 1
vn 4.60760111e-06 3.93984948e-07 1
vn -0.375887483 -0.879870594 0.290751338
vn -0.39624384 -0.766905546 0.504823565
vn 0.640750229 0.746475875 -0.179479569
vn 0.405992299 0.909859955 0.0855862498
vn 0.402205378 0.915024757 0.0309923757
vn 0.344230354 0.875753343 -0.338469505
vn 0.259576261 0.717689931 0.646174371
vn 0.220484018 0.488256752 0.844388664
vn 0.264917791 0.759064376 0.594676197
vn -0.917130888 -0.365008235 0.160124525
vn -0.892738938 -0.450407356 -0.0122690666
vn -0.364794999 0.915564895 -0.169309393
vn -0.369743049 0.835074306 -0.407358557
vn -0.361505389 0.923839271 -0.125836745
vn 0.328781366 0.855775893 -0.399437398
vn -0.464790642 -0.808088601 0.361887515
vn 2.56103976e-05 4.87045872e-05 1
vn -0.368141472 0.814810157 -0.447834909
vn 0.249310598 0.929995775 -0.270096481
vn 0.249310628 0.929995775 -0.270096511
vn 0.249310642 0.929995775 -0.270096511
vn -0.973456383 0.0167852063 0.228256166
vn 3.47511195e-06 3.52048005e-06 -1
vn -0.301566839 0.947101414 0.109801359
vn -0.301566839 0.947101414 0.109801367
vn -0.301566839 0.947101355 0.109801359
vn -0.374837905 0.840751112 0.390684247
vn -0.374837875 0.840751052 0.390684158
vn -0.971858144 -0.222734123 -0.0766889602
vn -0.97615546 -0.216601834 0.0142855803
vn 0.000134101836 1.34935926e-05 0.99999994
vn -0.257701576 -0.686478734 0.679953575
vn -0.213122338 -0.449003369 0.867741168
vn -0.262530535 -0.718043923 0.644585669
vn 0.375906497 -0.926450551 -0.0195873082
vn 0.359871656 -0.930101812 0.0735054091
vn 0.361836344 -0.930106044 0.0630643293
vn 0.378142685 -0.925109923 -0.0343466699
vn 0.888807416 0.388828278 0.242557213
vn 0.919655561 -0.391676188 0.0286945552
vn -0.570929468 -0.819502831 0.0495451428
vn -0.364663035 -0.813842118 -0.45241797
vn -0.360843688 -0.809980035 -0.462303102
vn -0.332230657 -0.77939862 -0.531187773
vn -0.326749653 -0.773241401 -0.543444991
vn -0.920884609 0.389681399 -0.0109617766
vn -0.97078383 0.239533186 -0.0142283654
vn 0.437366247 -0.821788549 -0.365204364
vn 0.437366247 -0.821788609 -0.365204364
vn 0.437366277 -0.821788669 -0.365204364
vn -0.385373414 -0.906309843 -0.173463941
vn -0.425940126 -0.887969315 0.173452169
vn -0.381008893 -0.903606474 -0.195774108
vn -0.0123267462 -0.015317237 0.999806643
vn -0.426793158 -0.882907093 0.195761606
vn 0.437366933 -0.82178992 -0.365200669
vn 0.437366903 -0.821789861 -0.365200639
vn -0.385373145 -0.906309664 -0.173465952
vn -0.425940543 -0.88796705 0.173462853
vn -0.381008744 -0.903606355 -0.195775449
vn -0.426793516 -0.882904589 0.19577232
vn 0.37500456 -0.775766492 -0.507501781
vn 0.37500453 -0.775766373 -0.507501721
vn 0.37500456 -0.775766432 -0.507501721
vn -0.375003099 -0.775766194 0.507503211
vn -0.375003159 -0.775766194 0.507503211
vn -0.375003129 -0.775766194 0.507503152
vn 0.437366068 -0.821788371 -0.365205139
vn 0.437366098 -0.821788371 -0.365205139
vn 0.437366098 -0.82178843 -0.365205139
vn -0.385374099 -0.906309724 -0.173463434
vn -0.425940126 -0.887966275 0.173467368
vn -0.381009847 -0.903606474 -0.195772782
vn -0.426793039 -0.882903755 0.195777252
vn 0.437366605 -0.821789384 -0.365202218
vn 0.437366635 -0.821789443 -0.365202218
vn -0.385373533 -0.906310201 -0.173462048
vn -0.425940663 -0.887967587 0.173459768
vn -0.381009102 -0.903606951 -0.195771769
vn -0.426793754 -0.882905126 0.195769504
vn 0.437367707 -0.821790218 -0.365199029
vn 0.437367678 -0.821790159 -0.365199
vn -0.385374337 -0.906311214 -0.173454836
vn -0.425941139 -0.887967885 0.173457339
vn -0.381009847 -0.903608203 -0.195764631
vn -0.42679435 -0.882905364 0.195767567
vn 0.664185643 -0.747160077 0.0246846396
vn 0.955056727 0.29641524 0.00219876971
vn 0.931872427 0.360271156 0.0426410921
vn 0.960080802 0.270031571 0.0729916021
vn -0.167314127 0.442116678 -0.88121438
vn -0.139762968 0.31910792 -0.937356114
vn -0.171301097 0.460437149 -0.871007204
vn 0.984093428 -0.174435243 -0.0336503945
vn -0.00420835987 -0.00323838275 -0.999985874
vn -2.69340171e-06 4.36057098e-06 0.99999994
vn -0.155178189 0.366818637 0.917258799
vn -0.180652633 0.512653053 0.839375734
vn -0.185206458 0.540502012 0.820704699
vn -0.91981256 -0.382603973 -0.0869426206
vn -0.624269843 -0.776635885 -0.0844041258
vn -0.0144393519 -0.0169841703 0.999751508
vn 0.240943119 0.511640906 -0.824724138
vn 0.23220028 0.49881348 -0.835025847
vn 0.172785059 0.410272002 -0.895445228
vn 0.159889698 0.390761346 -0.906499207
vn 0.92131412 -0.354477584 0.159768969
vn 0.229739338 -0.48539871 0.843568563
vn 0.207908213 -0.447889239 0.86958003
vn 0.0353520475 -0.144406974 0.988886595
vn 0.163556874 -0.36677739 -0.915818453
vn 0.18063958 -0.392854095 -0.901684523
vn 0.0568870343 -0.201033235 -0.977931261
vn 0.900755703 -0.414047182 -0.131164208
vn 0.954831302 -0.276135057 -0.109756887
vn 0.899824142 -0.416362643 -0.130224928
vn -0.989563763 0.130013898 0.0621299669
vn 0.946162105 0.279451132 0.163353428
vn 0.207595766 0.424236894 0.881434619
vn 0.86656183 -0.460744232 -0.191795453
vn 0.844080806 -0.493724585 0.209197894
vn 0.848063648 -0.493967354 0.191792533
vn 0.864257574 -0.457486361 -0.209201127
vn -0.931543052 -0.354109257 0.0826689601
vn -0.980384767 -0.178916335 -0.0826717913
vn 0.866562366 -0.460743964 -0.191792905
vn 0.844081402 -0.493725359 0.209193572
vn 0.848064184 -0.49396807 0.191788182
vn 0.864258289 -0.457486063 -0.209198579
vn -0.9315418 -0.354111105 0.0826746374
vn 0.0206016768 -0.0173978601 -0.999636352
vn -0.980384767 -0.178914577 -0.0826766342
vn -0.112840056 0.0246756859 -0.993306756
vn -0.960240424 -0.27524662 -0.0466662981
vn 0.000130297689 -0.000126084371 -1
vn -0.896341264 -0.363090962 -0.254435331
vn -1.07903061e-05 9.71364534e-06 1
vn -2.67038267e-05 2.41384423e-05 1
vn -0.134214044 0.294991195 -0.946026862
vn -0.203923047 -0.40610534 0.890782654
vn -0.983040988 0.182698116 -0.0158702433
vn -0.680200756 -0.715440154 0.159601048
vn 0.982648849 -0.18519479 0.0101985689
vn -0.000429927342 0.000135960276 0.99999994
vn 0.8845402 -0.463509917 -0.0524149351
vn 0.107174858 0.290987581 -0.950704873
vn 0.0789610445 0.158662856 -0.984170377
vn 0.0745820031 0.138480663 -0.987552762
vn 0.77540046 0.62302649 -0.102917425
vn 0.0134433853 -0.105091073 0.994371712
vn 0.930595219 0.365398526 -0.0218222607
vn 0.0405062623 -0.175161421 -0.983706236
vn -0.694863856 -0.35397622 0.625991285
vn -0.694863796 -0.35397616 0.625991285
vn -0.694863856 -0.35397619 0.625991285
vn -0.909641981 -0.328733712 -0.253940523
vn 0.00299116084 -0.00469902717 0.999984562
vn -0.147959143 0.327834755 0.933076859
vn -1.93103824e-05 2.82477286e-05 -0.99999994
vn 9.83501086e-05 3.70545567e-05 -1
vn -0.804352343 -0.467694551 0.36644125
vn 0.966222227 -0.229704812 -0.116834112
vn 0.0444657579 0.0168641023 -0.998868585
vn 0.978838742 -0.17282708 -0.10956993
vn -0.985460162 0.167408556 -0.0290293396
vn 0.939006031 -0.335019618 -0.0776491314
vn -0.000320050254 -0.000522830989 0.999999762
vn 0.192105934 0.441351891 0.876529396
vn 0.196717113 0.448094815 0.872074246
vn 0.156741455 0.389189363 0.9077245
vn 0.152745277 0.383246571 0.910928547
vn -0.936167955 0.350568414 -0.0262989048
vn 0.558426499 -0.744838893 0.36520502
vn 0.558426559 -0.744838953 0.36520505
vn 0.558426499 -0.744838953 0.36520502
vn 0.558427393 -0.744838893 0.365203917
vn 0.558427393 -0.744838834 0.365203917
vn 0.558427334 -0.744838834 0.365203887
vn 0.5584234 -0.74483496 0.365217775
vn 0.5584234 -0.74483496 0.365217805
vn 0.55842346 -0.744835019 0.365217835
vn -0.543227732 -0.66883868 -0.507502079
vn -0.543227792 -0.668838739 -0.507502139
vn 0.55842638 -0.744838893 0.365205228
vn 0.55842638 -0.744838953 0.365205228
vn 0.55842638 -0.744838953 0.365205258
vn 0.558427036 -0.744838834 0.365204275
vn 0.558427095 -0.744838834 0.365204304
vn 0.558426738 -0.744837761 0.365207016
vn 0.558426738 -0.744837701 0.365207016
vn -0.98486656 -0.164200738 0.0554619469
vn -0.00540975574 -0.000899544219 -0.99998498
vn -0.00565907452 -0.0008610285 -0.999983609
vn -0.94799751 -0.237156004 -0.212268338
vn 0.111405626 0.311202377 -0.943791211
vn -0.826684415 -0.512957275 -0.231230527
vn -1.54486606e-05 6.30885143e-06 -1
vn -0.174616069 0.466143489 0.867305815
vn -0.300853282 0.766164005 0.56787318
vn -0.325449467 0.741270185 0.58702755
vn -0.826850533 -0.512849689 0.230875194
vn -0.761285245 -0.647434175 -0.0356911756
vn -0.341821045 0.778481185 0.526426971
vn 0.960000575 0.279724836 0.0123654967
vn -0.344659925 0.792329073 -0.503412604
vn -0.276457101 0.694453359 -0.664308667
vn -0.33731541 0.782412887 -0.523496389
vn -0.267800272 0.681255162 -0.681303501
vn -0.120856375 -0.30059278 -0.946064353
vn -0.118339501 -0.289248466 -0.949910998
vn -0.117986217 -0.287659019 -0.950437605
vn 0.945479631 -0.31802246 0.0702137724
vn -0.137094259 -0.263527006 0.954860508
vn -0.166475847 -0.40516749 0.898957729
vn -0.131878942 -0.239313468 0.961944282
vn 0.945450544 -0.324947923 0.0230675414
vn 0.199203342 -0.466854483 -0.861606002
vn 0.205262244 -0.519624412 -0.829371929
vn 0.197662354 -0.454146415 -0.868723631
vn -0.952505827 -0.304497868 0.00368457497
vn -0.984915972 0.171149358 0.0254626684
vn -0.98525095 0.145780265 0.0896023437
vn -0.94794637 -0.235059515 -0.214813575
vn -7.28535306e-05 -4.67501814e-05 1
vn -0.000275307713 0.000136599541 -0.99999994
vn -0.00433216337 0.000836305437 -0.999990284
vn -0.987911046 0.154295281 -0.0149946949
vn 0.393045872 0.919335604 -0.018356273
vn 0.38390404 0.920900822 -0.067523554
vn 0.394251257 0.918931484 -0.0114458092
vn -0.565796494 0.823654056 -0.0383171476
vn -0.565796554 0.823654115 -0.0383171551
vn -0.565796554 0.823654115 -0.0383171476
vn 0.847449005 0.513791919 -0.133596003
vn 0.382366866 0.92093724 -0.0753009319
vn 0.198422953 -0.4792476 0.85495621
vn 0.192573443 -0.439351887 0.877431095
vn 0.191408932 -0.431621403 0.881513238
vn -0.952149808 -0.304587901 -0.0252382532
vn -0.36462909 0.917452753 0.159141585
vn 0.990171134 -0.138531893 -0.0192378163
vn 0.984185576 -0.177098975 -0.00382899563
vn 6.44477404e-06 1.36738299e-05 -1
vn 0.986958861 0.159451902 0.0220770054
vn -0.12118502 -0.302076787 -0.945549548
vn 0.892499804 0.393140227 0.221099153
vn -1.15306948e-05 -1.30743356e-05 1
vn 0.983328283 -0.170104295 -0.0642648116
vn 0.206600532 -0.5320099 -0.821146548
vn -0.172036022 -0.433158666 0.884746909
vn -0.806539476 -0.579741359 -0.115732677
vn -0.0352065638 0.998923481 0.0302055888
vn -0.0746104941 0.994086146 0.0789048299
vn -0.0188210513 0.999773204 0.00997016393
vn 0.0214597043 0.998979807 -0.0397366546
vn 0.000136712202 -0.000549851742 -0.99999994
vn 0.0010967413 -0.000962527178 -0.999998927
vn 0.0016433564 -0.00153861521 -0.999997497
vn 0.199602157 -0.487528056 0.84998548
vn 0.923874795 -0.38269496 -9.73736314e-05
vn 0.923859239 -0.38273254 2.14411157e-05
vn 0.923846483 -0.382763386 3.89427405e-05
vn 0.991834342 -0.115178332 -0.0547583476
vn -1.08703452e-05 -0.000113912691 -0.99999994
vn -0.337303549 -0.823887646 -0.455450743
vn -0.337733239 -0.806463063 -0.485338658
vn -0.337767541 -0.803238273 -0.490633547
vn 0.950605214 -0.309280664 0.026364699
vn 0.989908457 0.141147003 0.0126019968
vn -0.000567144132 -0.000628790469 -0.999999702
vn 0.892866492 0.425112993 0.148554191
vn -0.923882127 -0.382677108 4.88010392e-06
vn -0.923881829 -0.382677853 -9.1770471e-06
vn -0.923867643 -0.382712096 -6.82023028e-06
vn -0.923883975 -0.382672489 -1.38823107e-05
vn 0.985206485 -0.13575916 -0.104582965
vn 3.24673579e-06 4.8103786e-05 -1
vn -0.0047164266 -0.00314968615 -0.999983966
vn -0.356749684 -0.838058472 0.412780434
vn -0.356381804 -0.857120991 0.37193507
vn -0.356744349 -0.835459709 0.41801995
vn 0.987920702 -0.119586386 -0.0985490456
vn -1.61248602e-06 -1.90470346e-05 1
vn -0.923885107 -0.382670015 -2.08306883e-05
vn -0.876934707 -0.463634878 -0.126602128
vn -0.0010702064 -0.000686243642 0.999999166
vn -0.923859298 0.382732421 -3.78769255e-05
vn -0.923865557 0.382717073 -1.21880794e-05
vn -0.923861086 0.38272813 -1.83125212e-05
vn 0.923795819 0.382885277 0.000334028766
vn 0.923860729 0.382728636 0.000230232734
vn 0.924026847 0.382327586 0.000130506291
vn 0.00139120768 -0.000716754934 -0.999998808
vn -0.855109274 0.515526474 -0.0549595021
vn -0.845381618 0.533687592 -0.0225282647
vn -0.851307571 0.5230003 -0.0417867787
vn -0.859751403 0.505596638 -0.0721083581
vn -0.00144950405 0.00102072977 -0.999998391
vn -0.00182217907 0.000694995804 -0.999998093
vn 0.839860916 0.541106939 0.0428579897
vn 0.84634316 0.528805137 0.0637832731
vn 0.830736041 0.556439996 0.0158814099
vn 0.986828506 -0.126217052 -0.101186879
vn -5.83274823e-06 -6.32864176e-05 1
vn -0.923880458 0.382681131 -2.30763162e-05
vn -0.979488313 -0.187203795 0.0745483264
vn -0.356258661 -0.859946787 0.365474015
vn -0.337178499 -0.827033818 -0.449806333
vn 0.000788794365 -0.000218651519 0.999999642
vn 0.000902594766 -0.000173751294 0.999999583
vn 0.000589226431 0.000967426458 0.999999344
vn 0.000637566322 0.00119508966 0.999999106
vn 0.369094729 -0.908380866 0.196502492
vn 0.433566034 -0.894912004 0.105608083
vn 0.298543453 -0.910327494 0.286663294
vn 0.0182598252 0.00200513843 -0.999831259
vn 0.853391945 0.513659418 0.0887480676
vn 0.521338344 -0.852608442 -0.035571374
vn 0.381358057 -0.920812488 0.0816729218
vn 0.383583367 -0.920635581 0.0727600306
vn 0.392797202 -0.918985069 0.0343038924
vn 0.394653976 -0.918455541 0.0262210369
vn -0.553540111 -0.804884493 -0.213902816
vn -0.553540111 -0.804884493 -0.213902801
vn -0.553540111 -0.804884434 -0.213902801
vn -0.983687997 -0.169987828 -0.058840014
vn -2.29939669e-05 5.46502342e-05 0.99999994
vn 0.923909187 -0.382611811 -0.000245702249
vn 0.923868299 -0.382710367 -0.000274201855
vn -0.92388624 -0.382667094 6.43940848e-06
vn 0.833342254 -0.515163064 -0.200368822
vn 0.823577344 -0.497794747 -0.271883875
vn 0.82654649 -0.502563596 -0.253477037
vn 0.833809257 -0.516174495 -0.19577004
vn -0.811409414 -0.558147728 -0.17345278
vn -0.835805595 -0.520905018 0.173455507
vn -0.806275904 -0.55820775 -0.195762634
vn -0.00154985848 0.000194894863 0.999998808
vn 0.0208384823 -0.0332507603 -0.999229789
vn -0.833810091 -0.516174912 0.195765704
vn -0.00211954303 -0.00198168634 -0.999995828
vn 0.833342314 -0.515163302 -0.200368315
vn 0.823577344 -0.497794688 -0.271883994
vn 0.82654655 -0.502563715 -0.253476977
vn 0.833809316 -0.516174734 -0.195769474
vn -8.74227837e-08 8.74227695e-08 1
vn -0.811407626 -0.558146656 -0.173464462
vn -0.835804641 -0.520905435 0.173459247
vn -0.806274056 -0.558206439 -0.195774347
vn -0.0281616487 -0.0117593491 0.99953419
vn -0.833808959 -0.516175508 0.195768893
vn 0.000298102445 -0.0173476711 -0.999849498
vn 0.833341122 -0.515162528 -0.200374871
vn 0.823574901 -0.497792959 -0.271894366
vn 0.826544583 -0.502562225 -0.253486365
vn 0.833808184 -0.516174018 -0.195776016
vn -0.73262918 -0.453538805 0.507500648
vn -0.73262924 -0.453538895 0.507500708
vn -0.73262924 -0.453538835 0.507500648
vn 0.833342254 -0.515163183 -0.200368866
vn 0.823577225 -0.497794807 -0.271883667
vn 0.82654649 -0.502563775 -0.253476858
vn 0.833809257 -0.516174614 -0.195770085
vn -0.811406672 -0.558146775 -0.173468232
vn -0.835804403 -0.52090466 0.173462629
vn -0.806273103 -0.558206558 -0.195778191
vn 0.0154115828 -0.0336808227 -0.999313831
vn -0.83380872 -0.516174734 0.195772231
vn 0.000348134752 0.000164167126 -0.99999994
vn 0.833341539 -0.515162826 -0.200372592
vn 0.823577166 -0.49779588 -0.271882206
vn 0.826546133 -0.502564311 -0.253477097
vn 0.833808541 -0.516174197 -0.195774153
vn -0.811407983 -0.558146954 -0.17346178
vn -0.835804641 -0.520904958 0.173460498
vn -0.806274593 -0.558206856 -0.195771575
vn -0.0191268902 -0.0342795812 0.999229193
vn -0.833809018 -0.516174912 0.195770353
vn 0.833341837 -0.515162945 -0.200370714
vn 0.823576748 -0.497794449 -0.2718862
vn 0.826545954 -0.502563417 -0.253479302
vn 0.833808839 -0.516174376 -0.195771933
vn -0.811408222 -0.55814743 -0.173459038
vn -0.835805357 -0.520905495 0.173455149
vn -0.806274772 -0.558207512 -0.195769027
vn -0.833809853 -0.516175449 0.195765063
vn 0.923911035 0.382607281 -6.70079098e-05
vn -0.923892796 0.382651597 -2.67846081e-05
vn 0.923990488 0.382415295 0.000146286489
vn 0.923894346 0.382647455 5.12854094e-05
vn -0.923879623 -0.382682949 -9.72492853e-06
vn 0.923862576 -0.382724196 4.09171025e-06
vn -0.0606568679 -0.971287906 0.230044425
vn -0.0606568716 -0.971287906 0.230044425
vn -0.0606568791 -0.971287966 0.230044469
vn 0.000563713431 0.000297514751 0.999999821
vn 0.000692267669 0.000470016821 0.999999702
vn -0.854211569 -0.498474598 0.147802725
vn -0.854211569 -0.498474568 0.147802725
vn -0.854211569 -0.498474598 0.14780274
vn 0.99392128 -0.10677281 -0.026835328
vn -0.00273984484 0.000658100122 -0.999996066
vn 0.123813324 -0.910134375 0.395380259
vn 0.123813339 -0.910134494 0.395380288
vn 0.123813324 -0.910134435 0.395380259
vn -0.975083292 -0.173073918 -0.138774127
vn -4.72698994e-05 0.000234690538 0.99999994
vn 0.0640775785 -0.979693294 -0.189986765
vn 0.064077571 -0.979693353 -0.189986765
vn 0.0640775859 -0.979693413 -0.189986795
vn 0.494852215 -0.68992734 -0.528319538
vn 0.494852245 -0.68992728 -0.528319538
vn 0.494852275 -0.689927399 -0.528319538
vn -0.981108129 -0.129045144 -0.144132808
vn -0.923885703 -0.382668436 -6.29791521e-06
vn -0.510817111 -0.380692542 0.770804107
vn -0.457404554 -0.340886086 0.821326792
vn -0.539749444 -0.402254701 0.739501059
vn 0.0010434587 -0.000436945207 -0.999999344
vn 0.791750014 -0.565402746 0.231196225
vn 0.791750073 -0.565402806 0.23119624
vn -0.813670635 -0.568138599 0.123120598
vn -0.810814202 -0.571366966 0.126965567
vn -0.742293537 -0.636585057 0.209188476
vn -0.51042527 -0.610804141 -0.60529691
vn -0.510425329 -0.6108042 -0.605296969
vn 0.414624512 -0.418758303 0.807915807
vn -0.881853521 -0.471280754 0.0151285594
vn 0.93102777 0.304501027 -0.201162905
vn -0.0724235103 -0.0141480025 -0.997273564
vn -0.0753720552 -0.0239639785 -0.996867418
vn -0.131813169 -0.216776267 -0.967281401
vn 0.923907578 0.382615566 -0.000123921578
vn 0.923875093 -0.382694274 -1.34916118e-05
vn 0.992841184 -0.0742633566 -0.09354835
vn 0.00486089801 -0.00461336924 0.999977529
vn -0.000396359304 -0.000841350935 0.999999523
vn -0.986402571 0.00212988607 -0.164333522
vn -0.986402512 0.00212988607 -0.164333522
vn -0.986402571 0.00212988607 -0.164333507
vn 0.991298616 -0.00599599909 -0.131495789
vn 0.991298616 -0.00599599956 -0.131495789
vn 0.991298556 -0.00599599862 -0.131495789
vn -0.922529399 -0.363650382 0.129220903
vn -0.943005681 -0.223084658 0.24692817
vn 0.966942906 0.0157003179 -0.254509151
vn 0.966942847 0.0157003198 -0.254509181
vn 0.966942847 0.0157003179 -0.254509181
vn -0.923889577 0.382659227 -1.63268996e-05
vn -0.923890829 0.382656246 -4.84515249e-06
vn 0.17433466 0.173739597 -0.969237864
vn 0.171511292 0.182664767 -0.968100011
vn 0.229317814 -0.0147108557 -0.973240435
vn 0.923802912 0.382868141 0.000451278844
vn 0.923771501 0.382943958 0.000345564651
vn -0.301062763 0.186483249 0.935192466
vn -0.301062822 0.186483279 0.935192585
vn 0.958243549 0.150283113 0.243278384
vn 0.991213858 -0.102877073 -0.0831351355
vn -0.00259324559 0.211664274 -0.97733897
vn -0.606648862 -0.452112287 0.653889596
vn -0.923881531 -0.382678598 -6.27969303e-06
vn 0.923865855 -0.382716507 -7.5930875e-05
vn -0.0982530564 0.00620864704 -0.995142043
vn -0.157246828 0.0356167406 -0.98691684
vn 0.0965857729 0.398637533 -0.912008345
vn 5.41939517e-05 -0.000221943483 1
vn -0.000220027447 0.000371494825 -0.999999881
vn -0.946987689 -0.16997233 -0.272623956
vn 0.000525567506 -0.00169093267 0.99999845
vn 0.89893198 0.334128499 0.283336341
vn 0.898932099 0.334128559 0.283336401
vn 0.89893198 0.334128529 0.283336341
vn -0.000503120769 -0.0011167397 0.999999285
vn -0.888790131 0.441920072 0.121486321
vn -0.888790071 0.441920042 0.121486329
vn -0.888790011 0.441920012 0.121486314
vn 0.923869133 -0.38270843 -3.4589495e-05
vn -0.923904955 0.382622182 -2.09260052e-05
vn 0.923864961 0.382718652 5.91882126e-05
vn -0.00542291952 -0.00404381379 0.999977112
vn 0.181936502 0.00591217773 0.98329246
vn 0.438608468 0.851475835 0.287422419
vn 0.409842432 0.859504998 0.305418044
vn 0.394177735 0.863388419 0.314935535
vn 0.351153016 0.872365654 0.340102285
vn -0.469872981 0.873447835 -0.127703726
vn -0.469873041 0.873447835 -0.127703741
vn -0.941776276 -0.245401055 -0.229860276
vn -0.121372819 0.958962858 0.256239861
vn -0.121372811 0.958962858 0.256239831
vn 0.923823297 -0.382819265 -5.62789282e-05
vn -0.923886597 -0.38266626 5.97642656e-06
vn -0.938693821 -0.221210077 -0.264424056
vn 0.00630391017 -0.00337881828 0.99997443
vn 0.600512922 0.762707949 0.240126625
vn 0.600512922 0.762707949 0.24012661
vn 0.600512922 0.762708008 0.240126625
vn -0.472506315 0.869517863 -0.143793508
vn -0.482996851 0.860520124 -0.161923215
vn -0.413442075 0.909292579 -0.0474637561
vn -0.000848944415 0.000928983151 -0.999999285
vn -0.54619503 0.789462388 -0.280036002
vn -0.00155119761 0.00158380461 -0.999997437
vn -0.839852691 -0.541104376 0.0430514477
vn -0.85332793 -0.513746262 0.0888616443
vn -0.846319199 -0.528820157 0.0639777631
vn -0.830767453 -0.556385994 0.0161261838
vn 0.855077863 -0.515573382 -0.0550087914
vn 0.851296961 -0.523008227 -0.0419039503
vn 0.859694123 -0.505700707 -0.0720618814
vn -0.923888803 -0.382661253 -1.29792961e-05
vn 0.0542943552 0.029437352 -0.998090982
vn 0.990793049 -0.0917080641 -0.0995929316
vn 0.845405579 -0.533640385 -0.0227453224
vn -0.0632734075 0.06159712 -0.996093452
vn -0.994762301 -0.101562485 -0.011537578
vn 0.923877954 -0.382687062 1.65720394e-05
vn -0.007464075 -0.00673634 0.999949396
vn 0.554250062 0.805798054 -0.208557889
vn 0.554250062 0.805797994 -0.208557874
vn 0.554250062 0.805798054 -0.208557874
vn -0.525400937 0.834845901 -0.164274454
vn -0.525400996 0.834845901 -0.164274469
vn -0.525400937 0.834845901 -0.164274439
vn -0.0126697263 -0.0144769941 -0.999814987
vn -0.944080114 -0.234845638 -0.231431216
vn -6.72603201e-05 -7.89180922e-05 1
vn 0.99682653 -0.0328842476 -0.0724951401
vn 0.992262244 -0.0772261545 -0.0972199142
vn 3.2009968e-05 4.55677182e-05 -1
vn -0.982955098 -0.172244772 0.0642725155
vn 0.984372973 -0.101744086 -0.143728331
vn -0.13267155 0.97133702 0.197237641
vn -0.13267155 0.97133702 0.197237656
vn -0.132671535 0.971336961 0.197237656
vn -0.0876197815 0.0133044366 -0.996065199
vn 0.996140897 0.0709159002 0.0517138727
vn -0.0054524634 -0.00322952378 -0.999979913
vn 0.988970757 0.0735770613 0.128542975
vn 0.952357113 0.211088926 0.22013025
vn 0.97579664 0.085098587 0.201442838
vn 0.999780476 0.0161439776 -0.0133527387
vn 0.960455775 0.26925692 0.0708911195
vn 0.0187719278 -0.99977529 0.00984317157
vn 0.0352539606 -0.998921394 0.0302170124
vn 0.0747503191 -0.994062006 0.0790769532
vn -0.0119040273 -0.00321076601 -0.999923944
vn 8.66308346e-06 4.35758284e-06 1
vn -1.73934841e-05 -2.42633741e-05 1
vn -0.870831132 -0.329037905 -0.365222037
vn -0.870831192 -0.329037935 -0.365222067
vn -0.0216351617 -0.99896282 -0.0400661938
vn -0.00763054658 0.000296210754 -0.999970973
vn -0.99879986 0.0349052176 0.0343559869
vn -0.995738387 0.041774869 0.0822187886
vn 0.995787382 -0.0904435515 -0.0150824953
vn 2.55396226e-05 1.46766786e-06 -0.99999994
vn -0.999515057 0.0309331529 0.00357138854
vn 0.984470606 0.124647528 0.123614572
vn -0.996564031 0.0306466762 0.0769475251
vn 0.997755051 -0.0656783208 -0.0130837392
vn -1.27367621e-05 -2.6432117e-06 1
vn -0.961357832 -0.0896549076 -0.260294408
vn 0.0416738987 -0.117539674 -0.992193401
vn -0.0287967045 0.000180058778 -0.999585211
vn -0.998561084 -0.0533658825 -0.00527480897
vn -0.00182404649 0.000204514741 -0.999998212
vn -0.994475007 -0.0799196959 -0.068059653
vn 0.999190271 -0.0350201875 -0.0198053699
vn -0.997743905 -0.0667035505 0.00759654026
vn 6.09926392e-05 7.84781878e-05 0.99999994
vn -0.987504542 -0.100747541 -0.121180467
vn 0.0416942462 -0.0201866291 0.998926461
vn 0.968394458 0.0404621661 0.246119842
vn -0.972797275 -0.0834335387 -0.216111884
vn -0.00383159425 -0.0218068995 -0.999754846
vn 0.0682534203 -0.057641238 -0.996001542
vn 0.999475002 -0.0308843683 -0.00978963729
vn -0.998677731 -0.0508371778 0.00764530757
vn -5.15284637e-06 3.32705508e-06 -0.99999994
vn -8.43928228e-06 5.46844512e-06 -1
vn -0.000353510899 8.17176115e-05 -0.99999994
vn 0.999662817 -0.0178876985 0.0188204739
vn 0.000391151931 0.000481968367 -0.999999762
vn -0.998666346 -0.0456266217 0.0241603944
vn -0.965757906 -0.0850932747 -0.245093778
vn -0.958292961 -0.111326881 -0.263212681
vn 0.00925386976 -0.00758175645 0.999928415
vn 0.997604489 -0.0675802305 0.0147709185
vn 0.97988075 -0.087518923 0.179371938
vn 0.981690705 -0.0864052474 0.169757113
vn 0.997839332 -0.0657017156 9.29777215e-08
vn -1.56266306e-05 1.11058614e-06 1
vn -0.997604489 -0.0675809011 -0.0147709455
vn -5.34474293e-06 -3.78228083e-06 0.99999994
vn -1.96350393e-05 -2.04665976e-05 1
vn 2.79894484e-05 -1.4461333e-06 -1
vn -0.997839332 -0.0657023937 -8.14900076e-08
vn 2.93275643e-05 2.15151103e-05 -1
vn 0.00902703963 -0.0115158297 0.99989295
vn 0.0209692642 -0.0270105693 0.9994151
vn 0.97807157 -0.0694355816 0.196353287
vn 0.978071749 -0.0694355965 0.196353331
vn 0.97807157 -0.069435589 0.196353301
vn -4.21543564e-06 8.52102971e-07 0.99999994
vn -0.99760443 -0.0675809085 -0.0147709595
vn 0.119367987 -0.100812569 -0.987718642
vn 0.607782781 -0.0550592653 -0.792192161
vn 0.46664986 -0.00983774848 -0.884387493
vn 0.456250846 0.0424573682 -0.888837695
vn 0.99970597 0.0220934134 0.00999700278
vn 0.996862829 -0.029519381 -0.0734378323
vn -1.71776937e-05 -4.91242554e-06 0.99999994
vn 0.997834861 -0.0320131294 -0.0574522167
vn 0.997724056 -0.0481133908 -0.0472420566
vn -3.45313242e-06 4.61943955e-06 -1
vn 3.39724215e-06 2.10656672e-05 1
vn 0.994199991 -0.0316421129 -0.102786757
vn 0.994337142 -0.0301719531 -0.101898186
vn 0.00370195811 -0.00984727684 0.999944687
vn 0.998657346 -0.0426091775 -0.0294586737
vn 6.97212727e-06 6.37345238e-06 -1
vn -0.0151530933 0.0280144475 -0.999492705
vn -0.227733925 -0.00363758858 -0.973716557
vn -1.66782979e-06 -3.52525763e-06 -1
vn 0.992400587 -0.0370128043 -0.1173499
vn 0.993441463 -0.026928883 -0.111125313
vn 7.66478593e-07 -2.81321809e-06 1
vn -0.972875953 -0.0830563307 -0.215902925
vn -5.42732014e-05 -5.35460786e-05 1
vn -0.968030095 -0.082931675 -0.236727744
vn -7.43566579e-06 1.63799214e-05 -1
vn 0.997150362 -0.0753709674 0.00322580989
vn 0.991663277 -0.0476560295 -0.119720504
vn -0.998528659 -0.0492105745 -0.0227802303
vn -0.00344648072 0.000108593078 -0.999994099
vn 0.996055484 0.00650169654 -0.0884936675
vn -0.996500432 -0.0622586571 -0.0557749607
vn -0.0285027996 -0.0196650662 -0.999400318
vn -0.0502163395 -0.00343310996 -0.998732448
vn -0.969253719 -0.0756894872 -0.234133303
vn 0.0221421234 -0.062511526 -0.997798622
vn -0.987502694 -0.0519126244 -0.148806766
vn -0.989906728 -0.0313623846 -0.138207301
vn -7.81103954e-05 0.00023928631 0.99999994
vn 0.0146961128 0.00111765601 0.9998914
vn 0.0039212876 -0.0188010316 0.999815583
vn -0.996325076 -0.0641908571 -0.0567074753
vn -0.0418654531 0.0093042329 -0.999079943
vn -0.0555398241 0.0124657173 -0.998378634
vn 0.981355965 -0.0542008057 0.184398606
vn 0.981355846 -0.054200802 0.184398592
vn 0.981355965 -0.0542008094 0.184398621
vn -0.984997451 -0.0750497431 -0.155394718
vn -0.998441517 -0.0529062524 -0.017765101
vn -0.982835054 -0.0769749954 -0.167660698
vn 0.213922471 -0.0979891419 0.97192353
vn 0.0800566599 -0.127741277 -0.988571227
vn 0.0287772007 -0.0459181368 -0.998530686
vn -0.998750448 -0.049976632 -8.2944446e-08
vn 0.998441458 -0.0529060178 0.0177651681
vn 0.982834637 -0.0769745559 0.167663664
vn 0.984997094 -0.0750493333 0.155397534
vn 0.998750448 -0.0499764644 9.16826295e-08
vn -8.74227766e-08 8.74227624e-08 0.99999994
vn -0.981555462 -0.0566836149 -0.182581335
vn -0.981555402 -0.0566836111 -0.182581335
vn -0.981555402 -0.0566836149 -0.182581335
vn -0.308621705 -0.128397748 0.942479014
vn -0.234691635 -0.0976401567 0.967153668
vn 1.23442339e-06 -9.096442e-07 -1
vn 0.998441458 -0.0529058985 0.0177651569
vn 0.982833564 -0.0769743398 0.167669371
vn 0.98499614 -0.0750492439 0.155403435
vn 0.998750389 -0.0499764569 9.16826224e-08
vn -4.33075883e-07 1.047189e-07 1
vn -0.988720596 -0.0249955375 0.147670448
vn -0.998671114 -0.0461807065 0.0228748471
vn -0.97675693 -0.0134131331 0.213929787
vn 0.0131748803 0.000181012147 0.999913216
vn -2.65543508e-06 -1.33738365e-06 -1
vn -0.998750389 -0.0499766283 -8.29444389e-08
vn 0.981555045 -0.0566829629 0.182583421
vn 0.981555045 -0.0566829592 0.182583421
vn 0.981555045 -0.0566829592 0.182583407
vn 0.0158495549 -0.0421947911 0.998983622
vn -0.984996736 -0.0750498846 -0.155399606
vn -0.998441517 -0.0529061817 -0.0177651159
vn -0.98283422 -0.0769751072 -0.167665824
vn 0.000204381009 -0.000690646062 0.999999702
vn 0.0520706922 -0.113796711 -0.992138624
vn 0.0143200355 -0.0312953219 -0.999407649
vn -0.998750448 -0.0499766357 -8.2944446e-08
vn 0.00027309038 0.000191564046 -0.99999994
vn 0.998441517 -0.0529060252 0.0177652072
vn 0.982833982 -0.0769751221 0.16766724
vn 0.984996557 -0.0750498772 0.155400947
vn -0.981355965 -0.0542009361 -0.184398651
vn -0.0709296092 -0.127122045 0.989347696
vn -0.0231745671 -0.0415339619 0.998868287
vn -2.85130182e-06 3.07229266e-06 -1
vn 0.998441458 -0.0529059805 0.0177651253
vn 0.98283422 -0.0769746453 0.167666003
vn 0.984996736 -0.0750494301 0.155399755
vn 0.998750448 -0.0499764569 9.16826224e-08
vn 1.00668849e-05 1.22613278e-06 0.99999994
vn -0.98499769 -0.0750490203 -0.155394137
vn -0.998441458 -0.0529061779 -0.0177651178
vn -0.982835233 -0.0769741982 -0.167660043
vn -0.00017772564 -1.82194071e-05 1
vn 9.65998697e-06 -8.37138543e-07 -1
vn -0.000254787301 8.19224515e-05 -0.99999994
vn 0.97094202 0.0147004928 0.238863096
vn 0.998999357 -0.00598660903 0.0443198681
vn -0.998884737 0.0369272381 -0.0294209458
vn 0.999206185 0.0368523262 -0.015128742
vn 0.999195039 0.0361321419 -0.0174282771
vn 8.73766908e-08 0.000527030439 -0.999999821
vn -0.000368838082 0.000289515796 -0.999999881
vn -0.00161842827 0.0001579448 -0.999998689
vn -0.999160945 0.0345162861 -0.0220492501
vn -0.996818185 -0.0638195574 -0.0477536358
vn -0.00320304628 0.000163687335 -0.999994874
vn 0.997174501 -0.00496215513 0.0749560818
vn -0.999558866 -0.00934779085 -0.0281891488
vn 5.36225662e-06 6.83509497e-05 -1
vn 0.984408557 -0.0104860133 0.17558445
vn -0.0117711332 0.00124373822 -0.999929905
vn 0.979425907 -0.0823375955 0.184242636
vn 0.288233519 -0.564310312 -0.773611903
vn 0.288233548 -0.564310312 -0.773611903
vn 0.288233548 -0.564310312 -0.773611844
vn 0.303225189 -0.138255134 0.942836225
vn -0.992515445 0.0302359741 -0.118316747
vn -0.0924860239 0.504081964 -0.858689547
vn -0.0924860165 0.504081964 -0.858689547
vn 0.0924859345 -0.504080892 -0.858690202
vn 0.092485927 -0.504080892 -0.858690202
vn -0.329845995 -0.346284688 -0.878230333
vn -0.329845995 -0.346284658 -0.878230274
vn -0.329845995 -0.346284658 -0.878230333
vn 0.329845935 0.346286416 -0.878229618
vn 0.329845965 0.346286416 -0.878229737
vn 0.329845965 0.346286416 -0.878229678
vn 0.553377569 -0.346257031 -0.757548273
vn 0.553377569 -0.346257001 -0.757548273
vn -0.645712316 -0.165748566 -0.745374501
vn -0.553377271 0.346258521 -0.757547796
vn -0.553377211 0.346258461 -0.757547796
vn 0.645712078 0.165746331 -0.745375097
vn 0.842958927 -0.0653336793 -0.533996046
vn 0.73872894 0.0687398016 -0.670488179
vn 0.9610852 -0.00828900002 -0.276127666
vn -0.915024221 -0.193521425 -0.353949308
vn -0.917640388 -0.173253432 -0.357658297
vn -0.901772201 0.173251867 -0.39596799
vn -0.897299647 0.193519831 -0.396740735
vn 0.96146667 6.00196728e-08 -0.274921566
vn 0.991444945 7.52639693e-08 -0.130525336
vn -0.0719199702 -0.0105248801 -0.997354925
vn 0.991444945 7.52639764e-08 -0.130525321
vn -0.0855526775 -9.45815017e-08 -0.996333599
vn 1.3073246e-05 1 1.34988313e-05
vn -0.969408572 -0.193523243 0.150982708
vn -0.973528743 -0.173254982 0.149078712
vn -0.97894156 0.173252195 0.107967272
vn -0.975454628 0.193520367 0.105061792
vn 2.16322605e-05 1 2.23346269e-05
vn 3.45133303e-05 0.99999994 3.56322416e-05
vn -0.760235727 0.462572753 0.45614481
vn -0.768685818 0.437029064 0.467041373
vn -0.815219522 0.189069137 0.547421038
vn -0.816626072 0.165747464 0.552855849
vn -0.693098128 0.111838087 0.712114513
vn -0.676421165 -0.0398572907 -0.735435784
vn 0.958792925 -0.0358217545 -0.281838208
vn -0.99792546 -0.0422092862 0.0486126021
vn 0.994721293 -0.00724172313 -0.102357596
vn -0.99598527 -0.00410846388 0.0894226059
vn -0.999268115 -0.012128572 0.0362760909
vn -0.389030546 -0.00846216362 -0.92118609
vn 0.0370590761 0.999305248 -0.00397167588
vn 0.244296387 0.968477547 -0.0486882739
vn 0.000816367741 0.999992311 0.00382974674
vn 0.2601493 0.9641608 -0.0521167852
vn 1 8.74227766e-08 8.74227766e-08
vn -0.846400619 -0.0540440567 -0.529797256
vn -0.846400678 -0.0540440567 -0.529797256
vn -0.999613523 -0.0277521554 -0.00161755621
vn -0.903337359 -0.427380294 -0.0364370458
vn -0.895487368 -0.443475187 -0.0378425494
vn -0.00323418691 0.999993443 -0.00161148806
vn -0.00323418691 0.999993503 -0.00161148817
vn -0.999999702 -8.73532002e-08 0.000795462867
vn 0.121381924 0.992289782 -0.0250498392
vn 0.280975848 0.957949817 -0.0581766739
vn 0.0932257399 0.995459735 -0.019205885
vn 0.298339397 0.952458203 -0.0617810711
vn 0.99999994 8.74227695e-08 8.74227695e-08
vn -0.00175173441 0.999996245 -0.00214112992
vn -0.00175173429 0.999996185 -0.00214113016
vn -0.00175173429 0.999996126 -0.00214112992
vn -0.99959141 0.0284920894 0.00231008395
vn -0.890736341 0.453033686 0.0367323048
vn -0.879346609 0.474624783 0.0384829342
vn 8.71226007e-08 0.00342767313 -0.999994099
vn -1 -8.74227766e-08 -8.74227766e-08
vn 0.00116070639 -0.00367287383 0.999992669
vn -0.947606087 -0.128695235 -0.29237029
vn -0.964514077 -0.0137881571 -0.263671458
vn 0.101204783 -0.285645694 -0.952976406
vn 0.545757771 -0.11838834 -0.82953763
vn -1.09998e-05 -1 7.07469953e-05
vn -5.29731096e-06 -0.99999994 3.7580241e-05
vn -6.26286328e-06 -1 6.50290749e-05
vn -0.206210032 -0.00841860753 -0.978471458
vn -0.00282765226 0.00867860299 -0.999958456
vn 0.150029242 -0.012326316 -0.988604724
vn -0.250641793 0.00446436508 -0.968069553
vn 0.231281787 -0.00155685726 -0.972885609
vn -0.000200290742 -0.99999994 -0.000321919011
vn 0.00012115352 -1 -0.000104931736
vn 7.19036252e-05 -1 -8.6890228e-05
vn 0.456670582 -0.00600658776 -0.889615595
vn -0.000248404453 -0.999999821 -0.000450388034
vn -0.476435721 -0.000258329819 -0.87920928
vn -0.470147043 0.00285660313 -0.882583499
vn 0.434732258 -0.0104177883 -0.900499523
vn 0.000207910125 -1 -0.000235021987
vn 0.667799354 0.00111761072 -0.744340539
vn 0.000252098806 -0.99999994 -0.000223762923
vn -0.000225437543 -0.999999881 -0.000171253734
vn -7.07025683e-05 -1 -9.626877e-05
vn -0.671055913 0.00138272287 -0.741405547
vn -0.690868974 -0.00865478627 -0.722928286
vn 0.690865338 -0.00606691651 -0.722957969
vn -0.829582572 0.00537269237 -0.558358073
vn 0.000194433916 -1 -6.82446916e-05
vn 0.840247869 -0.00325518195 -0.542192757
vn 0.829097509 0.00299419998 -0.559096038
vn -7.71114646e-05 -1 -4.08438464e-05
vn -0.896476746 -0.00848681107 -0.443009585
vn 0.000475310342 -0.999999881 -0.000186305624
vn 0.944959283 -0.0022769291 -0.327179939
vn 0.000809606339 -0.999999642 -0.000154518973
vn 0.000521449256 -0.999999881 -4.67385507e-05
vn -0.948681176 -0.00715793017 -0.316153228
vn 0.944023788 0.00237582973 -0.329868525
vn -0.000536374631 -0.999999762 -0.000561179942
vn -0.992361128 -0.00516059948 -0.123259395
vn -0.992339075 -0.000139568147 -0.123544097
vn 0.000715127215 -0.999999702 -9.64493593e-05
vn 0.99382031 0.00296139205 -0.110960662
vn 0.000701262499 -0.999999762 -9.2223403e-05
vn 0.00895501766 -0.999956071 -0.0027431217
vn 0.00753448159 -0.999965131 -0.00362279895
vn -0.973033488 -0.00722821662 -0.230550766
vn -0.717734694 -0.68811661 0.106547654
vn -0.717734694 -0.68811655 0.106547661
vn -0.717734754 -0.68811661 0.106547669
vn -0.981377602 -0.174169898 0.0810119808
vn -0.998000681 -0.0366296321 -0.0515068397
vn -0.944273591 -0.151312947 0.292321235
vn -0.899994612 0.153367609 0.408029497
vn -0.878866017 -0.140758976 0.455830604
vn 0.0108095044 -0.999914527 -0.00736096129
vn 0.0111291884 -0.999909699 -0.00753431348
vn -0.62544626 -0.653746724 0.425948709
vn -0.6254462 -0.653746665 0.42594865
vn -0.62544626 -0.653746724 0.42594865
vn -0.696843147 0.295202196 0.65365535
vn -0.417389989 0.0165701695 -0.908576369
vn -0.999778509 -0.0206843968 0.00387489493
vn -0.161502481 -0.0315921642 -0.986366451
vn -0.161502481 -0.0315921679 -0.98636651
vn 0.73884964 -0.617841959 -0.269021362
vn 0.73884964 -0.617842019 -0.269021362
vn 0.73884964 -0.617841959 -0.269021332
vn -0.984452188 -0.162116975 -0.0676170662
vn -0.863840401 -0.350584686 0.361759752
vn 0.99035567 0.122525848 -0.0646756962
vn 0.994110465 -0.0755322203 -0.077712968
vn 0.989523292 0.12926887 -0.0642902106
vn 0.00494904816 -0.999987602 -0.00035960594
vn 0.00433329446 -0.999990523 -0.000214172615
vn 0.00432054652 -0.999990761 -0.000212770465
vn 0.00485817343 -0.999988139 -0.000283713191
vn 0.00209072023 -0.99999696 0.00127281819
vn 0.0016011846 -0.99999845 0.000758924056
vn 0.00256861653 -0.999995232 0.00175896054
vn -0.788487136 0.0377159342 0.613893807
vn -0.785568297 -0.0139888879 0.618616819
vn -0.78571409 -0.012076851 0.61847192
vn -0.788606882 0.0411869399 0.613516867
vn -0.162434787 -0.986129224 -0.0341175161
vn -0.0342344567 -0.999351919 -0.0111236107
vn -0.196071342 -0.979769826 -0.0400896519
vn 0.993397593 0.0407274254 -0.107250333
vn 0.00177342701 -0.99999845 -0.000146265505
vn 0.00207683141 -0.999997735 0.000227876342
vn -0.976013601 0.0495855659 -0.211987391
vn -0.983738184 0.0774020255 -0.162074402
vn -0.993316412 -0.0422799997 -0.107400857
vn -0.993108273 -0.0476784073 -0.107063524
vn 0.00209179916 -0.999997735 0.000228727629
vn 0.990075052 0.0886979401 -0.109013073
vn 0.0242824964 -0.999662101 -0.00927773584
vn 0.00560155464 -0.999983728 -0.00108548359
vn -1.68865899e-05 -1 0.000209689271
vn 0.0377897955 -0.999123335 0.0180144645
vn -0.000640799815 -0.999999821 8.73667361e-08
vn -0.000640799932 -0.999999821 8.73667361e-08
vn -0.000640799874 -0.999999821 8.73667361e-08
vn 0.037379425 -0.974230289 0.222436547
vn -0.966135025 0.00800209306 -0.257913113
vn 0.00524821319 -0.99996829 -0.00598176057
vn -0.018079346 -0.999817848 -0.00611087773
vn 0.000616638863 -0.999998748 -0.00143012439
vn -0.0110054584 -0.999936163 -0.00253507262
vn -0.00168684323 -0.999788463 0.0205010083
vn -0.00010867104 -1 8.74132695e-08
vn 0.00349776447 -0.999936879 -0.0106828902
vn 0.0169904288 -0.999839723 0.00564549677
vn 0.00438314956 -0.999989927 -0.000990782166
vn 0.990059733 0.0888759643 -0.109008767
vn 0.0359036773 -0.999338984 -0.00569979055
vn -0.00014946569 -1 -6.52236558e-05
vn -0.000153973218 -1 8.74093047e-08
vn 0.000944429543 -0.999999523 8.75052919e-08
vn 0.000944429601 -0.999999583 8.7505299e-08
vn 0.00704301242 -0.999961674 -0.00519831944
vn -0.966135204 0.00792487059 -0.257914662
vn -0.00636630179 -0.999962747 -0.00582705857
vn -0.000169455336 -0.999994755 0.00323050283
vn 0.0209110677 -0.990696609 0.134472996
vn 0.000198131296 -1 0.000132550515
vn 0.00115079456 -0.999998868 0.000957181852
vn 0.000208590485 -0.99999994 8.74409949e-08
vn 0.00156165496 -0.999998033 0.0012816228
vn 0.0032910509 -0.999934852 -0.0109341657
vn -0.789086223 -0.594314814 -0.155347317
vn -0.789086223 -0.594314873 -0.155347303
vn -0.789086223 -0.594314933 -0.155347317
vn -0.0953928754 -0.995237291 -0.0200733021
vn -0.00798267871 -0.999944925 -0.00681026606
vn 0.892763913 -0.447166175 -0.054908637
vn 0.892763972 -0.447166204 -0.0549086407
vn 0.892763972 -0.447166264 -0.0549086407
vn 0.0170873627 -0.999852777 -0.001610126
vn 0.022884611 -0.999632537 0.0145310136
vn -0.000581814558 -0.999960482 0.00886199996
vn -5.74967671e-05 -0.99999994 8.74177388e-08
vn 0.00129391113 -0.999836326 -0.0180465542
vn 0.0669637546 -0.995515585 -0.0668175817
vn 0.0147764795 -0.999890804 -0.000338432437
vn -0.90863049 0.395545304 -0.133920208
vn -0.908630431 0.395545274 -0.133920193
vn 0.00510926452 -0.99998486 0.0020708018
vn -0.000450760359 -0.999999881 9.30089154e-05
vn -0.000445492158 -0.999999881 8.73838175e-08
vn 0.000197636924 -0.999993861 -0.00350036938
vn -8.88760951e-06 -1 8.7421995e-08
vn -0.146088749 -0.988587976 -0.0367675535
vn 0.0355017893 -0.999368489 -0.00154429488
vn -0.0120720584 -0.999926388 0.00115382404
vn 0.92684865 0.37459597 -0.0250880569
vn 0.998748004 -0.0487566814 -0.0111970585
vn 0.928660095 0.370091617 -0.0249537826
vn 0.998198271 -0.0590169132 -0.0108307851
vn 0.0145261912 -0.99981463 0.0126375286
vn -0.940159678 -0.337706268 -0.0453235656
vn -0.940159738 -0.337706268 -0.0453235656
vn -0.0766553953 -0.99671793 -0.0260255802
vn 0.147888362 -0.988981485 -0.00668373238
vn -0.00264711888 -0.999996424 -0.000216482309
vn -0.00266965665 -0.999996424 8.71890649e-08
vn 0.000613421726 -0.999999762 0.000399891142
vn 0.000655761396 -0.999999821 8.74800818e-08
vn 0.033603806 -0.999423623 0.00481354445
vn -0.0226048119 -0.999350905 0.0280506387
vn 0.0282983817 -0.99959141 -0.00403762143
vn -0.974063337 0.224958271 -0.0243768431
vn -0.974063456 0.224958271 -0.0243768431
vn -0.974063456 0.224958286 -0.0243768431
vn 0.0217021108 -0.999628723 -0.0164716113
vn -0.00802633166 -0.972760797 0.231671825
vn 0.00454285741 -0.959858239 0.280448914
vn -0.0518353321 -0.987044871 0.151840657
vn -0.000345946697 -0.999763966 0.0217247959
vn -0.045680318 -0.947693586 0.315895826
vn 0.00191067765 -0.999998212 8.75896475e-08
vn -0.0517464764 -0.960250676 0.274301022
vn -0.0696510971 -0.943477154 0.324036717
vn 0.240666926 -0.970564723 -0.00914508011
vn 0.076397866 -0.997073531 -0.00278947991
vn 0.00424177153 -0.99985224 0.0166580696
vn -0.0949798003 -0.994891763 -0.0341954231
vn -0.00965956133 -0.9881621 0.153108835
vn 7.34681933e-08 -0.988907993 0.148529828
vn -0.0242748391 -0.990354419 0.136414275
vn 7.58920038e-08 -0.992262363 0.124159016
vn -0.0165245384 -0.999861538 0.0019301119
vn 0.00933640171 -0.999956131 -0.000688121363
vn 0.00835437141 -0.999964893 -0.000656012446
vn -0.0446483046 -0.999002099 0.00115612883
vn -0.00481389323 -0.999988258 0.000565967464
vn 0.0232932102 -0.999712765 0.0056200223
vn -0.000222056173 -0.999999642 -0.000679910125
vn 0.0170695614 -0.999843657 0.0046208431
vn 0.983021617 0.00349102775 -0.183456525
vn 0.940701067 0.0122049358 -0.339017123
vn -0.00556727545 0.000434100599 -0.999984443
vn 0.0515714101 -0.0015662153 -0.998668075
vn 0.0497973412 -0.00150409702 -0.998758197
vn -0.00699281925 0.000483996118 -0.999975383
vn 6.94868504e-05 -1 -0.000230443387
vn -0.00042917853 -0.999999881 -4.96110588e-05
vn 0.993393183 -0.0268775634 -0.111569144
vn -0.035776142 -0.000288299372 -0.999359846
vn -0.035776142 -0.000288299343 -0.999359787
vn -0.035776142 -0.000288299343 -0.999359727
vn 0.000853966747 -0.999999642 7.34666464e-05
vn -0.00445653452 -0.99998337 0.00365702389
vn -0.00215019309 -0.999995649 0.00202858355
vn 0.000935856719 -0.999999583 7.98851761e-06
vn -0.0020872294 -0.999997675 -0.000512737664
vn -0.0018928427 -0.999997973 -0.000639148115
vn -0.0113032106 -0.999935806 0.000757239701
vn 0.0203911755 -0.999789 0.00244255853
vn 0.0186550114 -0.999825537 0.000980680226
vn -0.00169072323 -0.999998569 -3.63170329e-05
vn 0.000790378428 -0.999999702 5.66323979e-06
vn 0.0308025498 -0.999525368 0.000380123151
vn 0.000891020871 -0.999999642 7.57284215e-06
vn 0.0313216485 -0.999509335 0.000372118346
vn -0.999525726 -0.0237427838 0.0196092837
vn -0.680883288 0.730987251 0.0453383997
vn -0.680883288 0.730987251 0.045338396
vn -0.680883288 0.730987191 0.0453383997
vn -0.868992746 -0.021851657 -0.494342119
vn -0.651896179 -0.755195081 -0.0686421767
vn -0.442388654 -0.896816015 -0.00361959543
vn -0.730537057 -0.676229537 -0.0950217322
vn 0.0186995249 -0.822537422 0.568403363
vn 0.0741678998 -0.844096899 0.531036198
vn 0.0132656107 -0.807301342 0.589990139
vn -0.067040287 -0.914175212 0.399736375
vn -0.201042175 -0.801694393 0.562910259
vn -0.27572459 -0.765109956 0.581878603
vn 0.104947329 -0.850814223 0.514879823
vn 0.138070017 -0.926219225 0.350791574
vn -0.300441682 -0.835566163 0.459960729
vn -0.435693175 -0.783275366 0.443453699
vn -0.336155117 -0.829697311 0.445647866
vn -0.413368642 -0.857689381 0.305770069
vn 0.398431808 -0.816651225 0.417531788
vn 0.417389154 -0.832799673 0.363635689
vn 0.378340483 -0.81560421 0.437776536
vn 0.20409666 -0.921419561 0.330651939
vn -0.380975693 -0.884636164 0.268843114
vn -0.394770563 -0.876199424 0.276461363
vn 0.50193125 -0.79142791 0.348864794
vn 0.503935874 -0.812889755 0.291991472
vn 0.38656491 -0.912765801 0.132008523
vn 0.349017859 -0.936920762 0.0191303343
vn 0.596758366 -0.794020534 0.115804896
vn -0.35779804 -0.933649063 0.0167335384
vn 0.384024024 -0.923137426 -0.0185163431
vn 0.392199159 -0.919640243 -0.0210129805
vn -0.123977393 -0.889543116 0.439707339
vn 0.173552483 -0.910687923 0.374869317
vn -0.774738789 0.155085668 0.612966776
vn -0.774738729 0.155085653 0.612966776
vn -0.774738789 0.155085653 0.612966776
vn -0.32398501 -0.942101955 0.0864732489
vn -0.239354655 -0.963550389 0.119498558
vn -0.265382171 -0.957897007 0.10957095
vn -0.365890801 -0.927957296 0.07084544
vn -0.43624571 -0.899095297 0.0362969227
vn 0.370192826 -0.921157479 0.120108925
vn 0.416947633 -0.905443072 0.0795463696
vn -0.210891485 -0.97734803 0.0177644789
vn 0.0035971764 -0.999960244 0.00815274753
vn 0.0909981728 -0.99581331 0.00867265183
vn -0.0109191295 -0.0686331987 0.997582257
vn 0.0016140138 -0.00363921677 0.999992073
vn -0.00248725759 -0.00649010902 0.99997586
vn 0.00812097173 -0.99988848 0.0125325592
vn -0.111198038 -0.993680418 -0.0153059149
vn 0.0457813218 -0.998741388 -0.0204842146
vn 0.333761603 0.0169203356 0.942505658
vn 0.359173447 -0.00621724315 0.93325007
vn 0.178755909 0.150040895 0.972385764
vn -0.0529124327 -0.998485208 0.0150858322
vn 0.45645979 0.0555894412 -0.888005853
vn 0.451501966 0.0492602661 -0.890909255
vn 0.455985695 0.0549825728 -0.888287067
vn 0.460217953 0.0604130812 -0.885748029
vn -0.448582977 -0.124587603 0.885014832
vn -0.448582947 -0.124587603 0.885014832
vn -0.448582977 -0.12458761 0.885014892
vn -0.50702703 -0.112659663 -0.854535758
vn -0.66585511 0.0797430724 -0.741807342
vn -0.636889398 0.0401391275 -0.769909561
vn 0.504681408 -0.147647068 0.850586295
vn 2.87977637e-05 -0.000291983422 -0.999999881
vn 2.18127243e-05 -0.000360469159 -0.99999994
vn 2.91104607e-05 -0.000213496372 -1
vn 7.38941526e-06 -0.000191656203 -1
vn 0.13695173 -0.990472019 -0.0144746052
vn 0.122467346 -0.992467821 -0.00307321805
vn -0.749677062 0.215058714 -0.6258865
vn -0.945609868 0.0305752661 0.323862791
vn -0.942846179 0.0361244008 0.331264317
vn -0.844101429 0.174472794 0.507003069
vn 0.998595893 0.0513085164 0.0131749995
vn 0.990465224 -0.0745091215 -0.115875252
vn 0.999475181 0.0316017941 -0.00712337997
vn -0.986248136 -0.118317224 0.11539378
vn 0.9829247 0.146356538 0.111529723
vn 0.341757983 -0.939781666 0.00343834562
vn 0.35094884 -0.936332285 0.0108137559
vn 0.00480183773 -0.0124054281 0.999911547
vn 0.0529542901 -0.179946303 0.982250154
vn 3.62332539e-05 -0.000209361926 -0.99999994
vn -0.000870992721 -0.000560390006 -0.999999523
vn -0.000237462882 -0.000206134631 -0.999999881
vn -0.400529116 -0.916254878 -0.00730676437
vn 0.560263872 -0.828046143 -0.0210673697
vn 0.642428219 -0.764400363 0.0545728691
vn 0.00994106196 -0.0114914794 0.999884605
vn -0.526533723 -0.849860013 0.0223676842
vn -0.155349314 -0.136524558 0.978380084
vn -0.00697458582 -0.0127233593 0.999894679
vn 2.0258316e-05 4.99057314e-05 -0.99999994
vn 0.000204196127 -1 0.000134578208
vn -0.000198605267 -0.99999994 0.000134283502
vn 0.000215092587 -0.999999881 0.00034823094
vn 0.000436345261 -0.999999881 -0.000225045689
vn -0.000333289092 -1 0.000210560072
vn 0.00033344439 -0.99999994 -0.000210968326
vn 0.426965088 -0.185839668 -0.884965837
vn 0.426965028 -0.185839668 -0.884965777
vn 0.734747291 0.172979072 -0.655915141
vn 0.73474735 0.172979087 -0.655915141
vn 0.73474735 0.172979072 -0.655915141
vn -0.810820937 0.0175067373 -0.585032284
vn -0.822383463 -0.000613916724 -0.568933189
vn -0.71122402 0.146417618 -0.687547982
vn 0.000199636619 -0.999999881 -0.000134065427
vn -0.887112141 -0.128806278 -0.443216562
vn -0.000437238486 -0.999999881 0.000225480719
vn 0.810823083 0.0175025687 0.585029602
vn 0.887118399 -0.128811285 0.443202466
vn 0.822380841 -0.00060952222 0.568937004
vn 0.711211741 0.146422893 0.687559605
vn -0.000204041819 -1 -0.000132922447
vn -0.734722853 0.172980949 0.655941963
vn -0.734722972 0.172980949 0.655942023
vn -0.000214836531 -1 -0.000345380831
vn -0.426944375 -0.185829058 0.884978056
vn -0.426944375 -0.185829043 0.884978116
vn -0.000233892613 0.000451973174 -0.999999762
vn -0.00135415443 -0.00117900316 -0.999998391
vn -0.66368562 -0.747141123 -0.0360769965
vn -7.574758e-06 2.25174517e-05 -1
vn 3.05562253e-06 -5.5432396e-05 -0.99999994
vn 2.17667675e-05 7.49909595e-05 -1
vn 0.0003315715 0.999747396 -0.0224785805
vn 0.195403591 0.980707347 0.00552318338
vn -0.125922769 0.99148339 -0.033227317
vn 0.000185476412 0.999772131 0.0213451739
vn -0.194916099 0.980802715 -0.00580749614
vn 0.125500023 0.991551399 0.0327947587
vn 0.0602598228 0.998024702 -0.0177662112
vn -0.059845183 0.998058796 0.0172388181
vn 0.000109116678 -4.0164563e-05 -1
vn 0.000282456167 -5.73814441e-06 -1
vn -0.494563162 0.868839741 -0.0229088049
vn 0.49513334 0.868513107 0.0229749829
vn 0.633764505 -0.773498476 -0.00652020425
vn 0.812945485 -0.582338095 -0.00148118124
vn 0.159903526 -0.157243982 0.974528193
vn -0.753939152 -0.656425357 0.0261044726
vn -0.817674816 -0.575552642 0.0121232467
vn -0.63605988 -0.771394014 0.0194699205
vn -0.640479386 -0.7677719 0.0176807661
vn -0.0126397517 -0.0103543876 0.999866486
vn -0.000522249262 0.000506467593 -0.999999762
vn 0.678694069 -0.728460014 -0.0933815017
vn -0.7026335 -0.711385131 0.0154082607
vn 0.000283568545 -9.34891214e-05 -0.999999881
vn 0.425164878 0.905054927 -0.0105109988
vn -0.425148308 0.905062854 0.0104894834
vn -0.00075784215 0.000470479106 -0.999999642
vn 0.82938534 -0.549873888 0.098785609
vn 0.0529190153 -0.545544446 0.836409569
vn 0.000202040945 -0.000173710345 -0.99999994
vn 0.820802987 0.566173434 0.0756981745
vn 0.820802927 0.566173434 0.0756981745
vn -0.715899646 0.594859004 -0.365554899
vn -0.714304447 0.598983288 -0.36192286
vn -0.678892255 0.674779773 -0.289443612
vn -0.309865266 -0.624979317 0.716508448
vn 0.475745469 0.725622952 0.497129232
vn 0.475745529 0.725623071 0.497129291
vn 0.475745529 0.725623071 0.497129321
vn -0.484213322 0.668488443 0.564500451
vn -0.484213293 0.668488324 0.564500391
vn -0.736105144 0.533882558 -0.416075319
vn 0.254272133 0.487937391 -0.835022688
vn 0.258786201 0.469625294 -0.844086349
vn 0.244313776 0.526126802 -0.814555883
vn -0.121233515 0.128800496 -0.984232128
vn -0.121609345 0.132898554 -0.983640671
vn -0.135924235 0.309161723 -0.941245735
vn 0.000227508121 3.20164036e-05 -0.999999881
vn 0.000266535877 5.51760058e-05 -1
vn 0.661406696 0.749176621 -0.0357145779
vn -0.654188931 0.755729854 0.0301554725
vn -0.0980262011 -0.761627734 0.640557587
vn 0.412655681 0.244019821 0.87759304
vn -0.53870368 0.106760621 0.835703552
vn -0.53870368 0.106760629 0.835703611
vn 0.270853907 0.417112648 -0.867557049
vn -0.101299524 -0.0653139725 -0.992709696
vn 0.388001472 -0.616098464 0.685476184
vn 0.803366303 -0.595474482 -0.0035900136
vn -0.240524262 -0.172576129 0.955178261
vn -0.242127359 -0.18268238 0.952891111
vn -0.210638419 -0.0051445202 0.977550566
vn 0.706932306 -0.707281172 -0.000135578288
vn 0.706922412 -0.707291067 2.51158986e-06
vn 0.706912518 -0.707301021 9.20863604e-05
vn -0.706724644 -0.707488775 0.000145540194
vn -0.706240058 -0.707972348 -0.000249460281
vn -0.706132948 -0.70807898 -0.000583659916
vn -0.836830914 -0.542448282 -0.0739173666
vn 0.313663304 -0.0457111448 0.94843334
vn 0.313663334 -0.0457111485 0.948433459
vn 0.313663244 -0.0457111411 0.94843328
vn 0.707118154 -0.707095206 0.000275863946
vn 0.707158804 -0.707054794 0.000364666252
vn -0.707043827 -0.707169771 0.000129044303
vn 0.706951022 -0.707262337 -0.000557642896
vn 0.706956685 -0.707256794 -0.000287520961
vn -0.706626475 -0.707585931 -0.00112231344
vn -0.707189143 -0.707024038 -0.000720334938
vn 0.654406846 0.756053567 0.0116033982
vn 0.723607302 0.689604461 -0.0289536081
vn -0.654176235 0.756249487 -0.0118397614
vn -0.71437031 0.699555457 0.0172412731
vn -0.700890779 0.71119684 -0.0543259904
vn 0.7015239 0.710727274 0.0522571094
vn -0.265830666 -0.356202096 0.895798028
vn 0.217485204 -0.930272043 0.295455784
vn 0.0164320376 -0.958270788 0.285389364
vn -0.51219362 0.529181302 -0.676479757
vn -0.577627182 0.51187706 -0.635868549
vn -0.522962809 0.526613474 -0.670214951
vn -0.453793496 0.541348577 -0.7078228
vn 0.512296915 0.529301941 0.676307142
vn 0.577834845 0.511963785 0.635609925
vn 0.523078024 0.526730895 0.670032799
vn 0.453795344 0.541488886 0.70771426
vn -0.27493754 -0.450902671 -0.849173725
vn -0.27493754 -0.450902641 -0.849173725
vn -0.27493757 -0.4509027 -0.849173784
vn 0.821289539 -0.56791091 0.0544134565
vn 0.911601484 -0.410538137 0.0210037716
vn 0.0161757451 -0.00755147869 0.999840677
vn -0.849211693 -0.528052568 0.000124504018
vn -0.907019377 -0.419934183 0.0311638359
vn -0.945360661 -0.325895756 0.0092275776
vn -0.014827555 -0.00597568648 0.999872208
vn -0.000527308031 0.00014834461 -0.999999821
vn -0.00146451558 -0.00118247233 -0.999998212
vn 0.510880828 0.512079835 -0.690488994
vn 0.513055205 0.50172317 -0.696454108
vn 0.497611225 0.567545116 -0.655954063
vn -0.510900795 0.51200211 0.69053179
vn -0.513080955 0.50162071 0.696509004
vn -0.497618377 0.567503691 0.655984402
vn 0.946664035 -0.320352435 0.0346634239
vn 0.922637939 -0.385666221 0.000902101921
vn 0.923881948 -0.382677644 2.68244385e-05
vn 0.985359192 -0.168467954 0.0261892732
vn -0.00214019208 0.00088644505 -0.999997258
vn -0.00214019208 0.00088644505 -0.999997318
vn -0.00214019208 0.000886445108 -0.999997258
vn -0.985113382 -0.170878991 0.0187663492
vn -0.923877537 -0.382688284 2.38948487e-05
vn -0.923309088 -0.384050399 0.00233074557
vn 0.00320671243 0.00132813933 -0.99999398
vn 0.00320671266 0.00132813945 -0.99999398
vn 0.523769021 0.442748725 -0.727763414
vn -0.523801982 0.442616463 0.727820098
vn 0.422437191 -0.867640436 0.262196481
vn -0.409416795 -0.591671824 0.694480002
vn -0.244340479 -0.944259524 0.220616475
vn 0.918905139 -0.392645448 0.0379868522
vn -0.71085608 -0.40910846 -0.572113514
vn -0.71085608 -0.40910843 -0.572113514
vn -0.918613911 -0.393498033 0.036163792
vn 0.627406597 -0.550382733 -0.55085361
vn 0.610000968 -0.557037115 -0.563567758
vn 0.623379707 -0.551958203 -0.553840995
vn 0.640314579 -0.545182228 -0.541085541
vn -0.925023913 -0.377969921 0.0383339673
vn -0.923906863 -0.382512897 0.00894067343
vn 0.927147746 -0.365926355 -0.0805922225
vn -0.07705459 0.0272397343 0.996654689
vn -0.0770545825 0.0272397343 0.996654749
vn -0.0770545825 0.0272397343 0.996654689
vn -0.707282841 -0.706930697 6.4201573e-05
vn 0.92410326 -0.38214165 0.00102248287
vn 0.983954668 -0.164727569 -0.0685408711
vn -0.674670875 -0.692814112 0.254613191
vn -0.679594517 -0.683749437 0.265778005
vn -0.727942884 -0.556354523 0.400710344
vn -0.925240874 -0.379380137 0.000335673132
vn -0.967084885 -0.247428134 -0.0593824312
vn 0.0695703104 0.0356951877 0.996938169
vn 0.069570303 0.0356951877 0.996938169
vn 0.0695703104 0.0356951915 0.996938288
vn 0.515762091 -0.684454858 0.515277684
vn 0.519588351 -0.678023934 0.519914806
vn 0.480600834 -0.738421619 0.473028898
vn -0.229943633 -0.669651151 0.706182182
vn 0.0011539479 -0.999998152 -0.00156628317
vn -0.0655421689 -0.886254489 0.458538055
vn 0.0387777016 -0.886397362 0.461297959
vn -9.45541797e-06 -0.999999225 0.00124563719
vn 0.124473162 -0.667903244 0.733765543
vn -0.013333614 0.00094055722 0.999910653
vn -0.165692434 0.0115826856 0.986109555
vn -0.0627593622 0.088772811 0.994072735
vn -0.173407927 0.0358072557 0.984198928
vn 0.0100137806 0.110844694 0.993787408
vn 0.0622726195 0.088585034 0.994120181
vn 0.261575043 0.0224921722 0.964921057
vn 0.0131708216 0.00045599154 0.999913096
vn 0.999604225 -0.0218125824 0.0177663025
vn 0.999604166 -0.0218125824 0.0177663025
vn 0.00136774639 -0.999996662 0.00220957538
vn 0.32506907 -0.680674136 0.656515658
vn -0.21088092 0.252938569 -0.944219887
vn -0.0782254636 0.127610192 -0.988734722
vn 0.217799306 -0.274699211 -0.936538219
vn 0.076720804 -0.123973317 -0.989315212
vn -0.000735032489 -0.999999046 0.00119615393
vn -0.474988848 -0.675623536 0.563842654
vn -0.486805111 -0.0749986023 0.870285034
vn -0.283988774 0.324795812 -0.902140856
vn 0.2841129 -0.348297656 -0.893290818
vn 0.0040098154 -0.999984384 0.00391485402
vn 0.459434092 -0.678093851 0.573680222
vn 0.345730394 0.665332615 -0.661666811
vn 0.345730424 0.665332675 -0.66166687
vn -0.599651515 0.0181452017 0.800055444
vn -0.340149075 -0.661518753 -0.668349802
vn -0.340149105 -0.661518812 -0.668349802
vn -0.682405889 0.292692125 -0.669816136
vn -0.583562374 0.0945229679 -0.806548476
vn -0.53513968 0.0167235844 -0.844598114
vn 0.575662732 -0.0324157178 -0.817044497
vn 0.53697902 0.0414934456 -0.842574537
vn 0.67561388 -0.287921786 -0.678709686
vn -0.739856362 -0.059762951 0.670105219
vn 0.00707743131 -0.999966085 0.00422738492
vn 0.667418659 -0.625918925 0.403457284
vn 0.730000615 -0.0867661312 0.677916467
vn -0.705482841 -0.598745883 0.379206032
vn -0.704998672 0.353993714 -0.614544868
vn 0.690417886 -0.346398979 -0.635083377
vn -0.810963333 -0.0468787216 0.583215892
vn -0.00872465502 -0.999955416 0.0036155812
vn 0.638226449 0.657702744 -0.400117695
vn 0.63822639 0.657702744 -0.400117695
vn 0.638226449 0.657702684 -0.400117666
vn 0.679729819 -0.672072291 0.293745458
vn -0.0985640436 -0.990973592 -0.0908654407
vn -0.113242425 -0.992836833 -0.0380934551
vn -0.541276693 -0.766392529 -0.345922172
vn -0.697245836 -0.669355452 0.256537646
vn 0.846045732 -0.357220918 -0.395726949
vn 0.846045792 -0.357220948 -0.395726979
vn 0.846045852 -0.357220918 -0.395726979
vn 0.769577742 -0.601216316 0.215149164
vn -0.769536734 -0.602499545 0.211677507
vn 0.987932205 -0.041132234 0.149325728
vn 0.00303784688 -0.999994159 -0.00158321252
vn -0.625660419 0.766383946 -0.145618185
vn -0.625660419 0.766384006 -0.1456182
vn -0.625660479 0.766383946 -0.145618185
vn -0.473204494 -0.879893959 0.0431761444
vn 0.736285627 -0.672179699 -0.0778335258
vn 0.995382011 -0.0792217627 0.0542089865
vn -0.00620895578 -0.999978185 -0.00227199402
vn 0.895723283 0.443555146 -0.0306334756
vn 0.895723343 0.443555146 -0.0306334775
vn 0.895723403 0.443555206 -0.0306334812
vn -0.990890324 -0.0986477062 0.0916784555
vn 0.988325715 0.0184606221 -0.151232988
vn -0.528267086 -0.848460317 0.032389801
vn -0.918445528 0.310519785 -0.245020986
vn -0.918445587 0.310519814 -0.245021015
vn -0.918445528 0.310519814 -0.245021001
vn 0.000994559843 -0.0263654776 -0.999651909
vn 0.000994559727 -0.0263654739 -0.999651909
vn 0.000994559727 -0.0263654757 -0.999651849
vn -0.932345629 -0.353672504 -0.0751487613
vn -0.984758675 -0.0947971642 0.145821244
vn -0.956092238 -0.292365015 -0.0202583577
vn 0.895864904 -0.443266243 0.0306781866
vn 0.895864844 -0.443266243 0.0306781866
vn 0.895864964 -0.443266213 0.0306781866
vn -0.962082803 -0.134415448 0.237337828
vn -0.97812134 -0.183578536 0.0978655145
vn -0.741630733 -0.637422323 -0.208989605
vn 0.696834922 -0.680284917 -0.227230087
vn 0.0137311146 -0.999888837 -0.0058091348
vn -0.978160083 -0.017032057 0.207153618
vn -0.726912677 0.648976386 0.224560946
vn -0.726912677 0.648976326 0.224560931
vn -0.666336 -0.673214734 -0.320590258
vn 0.642954469 -0.673045337 -0.365540087
vn -0.0032873007 -0.999993742 -0.00132438529
vn 0.846086144 0.357003689 0.395836323
vn 0.846086264 0.357003748 0.395836383
vn -0.844003558 -0.324390352 0.427117079
vn -0.77910167 -0.0875506476 0.620753944
vn -0.835360765 -0.267059207 0.480470479
vn 0.638402343 -0.657471538 0.400217056
vn 0.638402343 -0.657471538 0.400217086
vn -0.551302016 -0.690768003 -0.467873722
vn 0.576767921 -0.643589616 -0.503121555
vn -0.00348031358 -0.999966085 -0.00746869342
vn 0.575620294 0.0320054181 0.817090631
vn 0.673857629 0.266206473 0.689238787
vn 0.690272331 0.346645445 0.63510716
vn -0.809355736 -0.00495543191 -0.587297738
vn -0.00191376137 -0.999996901 0.00159306277
vn -0.746319532 -0.0177035965 0.665352285
vn -0.519570827 0.648900926 0.555853903
vn -0.519570827 0.648901045 0.555853903
vn -0.519570827 0.648900986 0.555853903
vn 0.650517464 -0.0580083914 -0.75727278
vn -0.414886177 -0.696404457 -0.585568368
vn -0.701798558 -0.0465943776 -0.71085
vn 0.374412239 -0.700738966 -0.607272923
vn -0.00515199546 -0.999935448 -0.0101281041
vn 0.475404114 -0.354660511 0.805112839
vn -0.520677447 -0.324463546 0.789695144
vn -0.356199443 -0.0712525472 0.931689382
vn -0.479151309 -0.242123887 0.843676567
vn -0.298537046 -0.764440894 -0.571406722
vn 0.472062767 -0.365942538 0.802024186
vn 0.633186877 -0.177893206 -0.753278494
vn -0.00261375867 -0.999995112 -0.00171841681
vn 0.296865225 0.166867614 0.940226614
vn 0.296865255 0.166867614 0.940226674
vn 0.296865255 0.166867629 0.940226734
vn -0.605213344 -0.175826669 -0.776403248
vn 0.0022566577 -0.999984324 -0.00512859365
vn 0.133739501 -0.942911088 -0.305012167
vn -0.249716327 0.348499715 0.903432131
vn -0.247286081 0.360067636 0.899555981
vn -0.100023113 -0.959964633 -0.261654615
vn 0.174927145 -0.43714568 0.882215559
vn 0.174927145 -0.43714565 0.8822155
vn 0.174927145 -0.43714568 0.8822155
vn 0.0386246331 0.342173249 0.938842773
vn 0.0386246294 0.342173219 0.938842714
vn 0.0386246257 0.342173189 0.938842654
vn -0.0326421559 -0.212032214 0.976717412
vn -0.0326421559 -0.212032199 0.976717353
vn 0.426423013 -0.589146435 -0.686345398
vn -0.433968902 -0.594727695 -0.676734805
vn -0.132075027 -0.967480659 -0.215724856
vn 0.17597945 -0.957469344 -0.228656515
vn -0.000978941214 -0.0005522141 -0.999999404
vn 0.11849118 -0.0113254488 0.992890537
vn 0.162613347 -0.0197411682 0.986492276
vn -0.0377147608 -0.00153718796 0.999287367
vn -0.00648160093 -0.98225683 0.187429249
vn -0.0484649949 -0.995642543 0.0796679109
vn 0.0599707365 -0.991669357 -0.113997348
vn 0.0994462222 -0.994960427 0.0128143877
vn 0.00653389189 -0.999942422 -0.00851084851
vn 0.150606945 -0.988482296 0.0148459664
vn 0.0287944041 -0.999522865 0.0111809997
vn 0.578595996 -0.0107368911 -0.815543592
vn 0.217158929 -0.0696035177 -0.973651528
vn 0.324356884 -0.156024605 -0.932978451
vn -0.241403133 -0.970387518 -0.00851234794
vn 0.546278 -0.629527509 0.552517354
vn -0.59981209 -0.792548597 0.109964155
vn -0.0825125948 -0.815838933 -0.572362244
vn -0.0825126022 -0.815838933 -0.572362244
vn 0.232133701 -0.972681761 -0.00204542209
vn -0.192030519 -0.981370389 -0.00604549376
vn -2.04693915e-05 -0.000644812535 -0.999999762
vn -0.79957813 0.599702716 -0.0321182273
vn 0.802810848 0.595179856 0.0354354046
vn -0.116889596 -0.0254993495 0.992817521
vn 0.707017839 -0.707195699 0.000168645827
vn 0.291264594 -0.956638098 0.00292322971
vn 0.50782305 -0.830403447 -0.229228675
vn -0.409262031 -0.891982615 0.192020282
vn -0.0975775346 -0.959499896 0.264269829
vn 0.286051601 -0.0553153567 0.956616223
vn 0.707280636 -0.706932843 0.000272935198
vn -0.482433885 -0.854225338 -0.193795696
vn -0.268880248 0.00445829891 0.963163316
vn 0.00990660489 -0.998052359 -0.0615901537
vn 0.00225577014 -0.997176051 -0.0750650764
vn -0.0133225219 -0.995885909 -0.0896304026
vn -0.00637958152 -0.996402681 -0.0845036805
vn 0.0242110994 -0.996762574 -0.0766695142
vn 0.0312026441 -0.996472538 -0.0779032186
vn 0.323447466 -0.0202091541 -0.946030259
vn 0.201674715 -0.162894353 -0.965811908
vn 0.140348867 -0.161493987 -0.97684288
vn -0.0842296481 -0.982023478 -0.168924183
vn 0.0627766252 -0.99333334 -0.0966848731
vn 0.0670044199 -0.994746864 -0.0773887262
vn -0.0640800297 -0.993783414 -0.091041103
vn 0.0894045308 -0.993364334 -0.072346434
vn 0.0905285254 -0.99447608 -0.0531219617
vn -0.164168522 -0.980748653 -0.105738916
vn 0.0815001354 -0.99600023 -0.0366241634
vn 0.0159155801 -0.999860644 0.0050477609
vn -0.0852610767 -0.99583143 -0.0324080661
vn 0.00432118261 -0.999985039 0.00335224322
vn 0.580265164 -0.791837752 -0.190487191
vn 0.580265105 -0.791837752 -0.190487176
vn -0.987519741 -0.0544814095 -0.147772253
vn -0.996462107 -0.0840425715 -0.000368242007
vn -0.943223953 -0.0184362475 -0.33164531
vn -0.0139179509 -0.999903202 7.66609737e-05
vn -0.00620557088 -0.99998045 0.000798623019
vn 0.78535372 -0.599601984 0.153938651
vn 0.972933352 -0.231044799 -0.00436025904
vn 0.978097856 -0.208017632 -0.00728664408
vn 0.00547316717 -0.99998486 -0.000685399573
vn 0.0297735017 -0.999556661 0.000151593937
vn 0.771551967 -0.612623394 0.171464846
vn -0.664516568 -0.745628595 0.0495551974
vn -0.0470739752 -0.998862028 0.00766349398
vn 0.752005517 -0.596440792 0.280617446
vn -0.971127212 0.00911053177 0.238387778
vn -0.899832606 0.00543882931 0.436201364
vn -0.0732712969 -0.996717393 0.0344344266
vn 0.108628802 -0.991842449 0.0666959286
vn -0.0770267323 -0.995974183 0.0458524637
vn -0.0806835815 -0.994076014 0.0728222951
vn -0.0059310752 -0.999982178 -0.000642818981
vn -0.016364323 -0.99986589 -0.000723939505
vn 0.546358943 -0.599529922 0.584855258
vn 0.769264758 -0.150373161 0.620982826
vn 0.887471855 -0.0115451459 0.460717261
vn -0.0320556015 -0.997852862 0.0571146011
vn 0.557314813 -0.144752562 0.817586005
vn -0.105519019 -0.962906599 0.248348162
vn -0.00243270514 -0.999950349 -0.00966536719
vn 0.382226706 -0.204631984 0.901126325
vn -0.742907166 -0.00280076545 0.669388592
vn -0.599354625 -0.0878572688 0.795647562
vn -0.647584736 -0.225950092 0.727722824
vn -0.00514832651 -0.999978065 0.00415703654
vn 0.304741204 -0.742198646 0.596886992
vn 0.304741174 -0.742198646 0.596886933
vn 0.0154413478 -0.99955231 0.0256283805
vn -0.224756181 -0.813306689 0.536672056
vn 0.329806626 -0.943991601 -0.0103656044
vn -0.127897203 -0.0333145484 -0.991227806
vn -0.471430957 0.0032802287 -0.881896794
vn 0.126542419 -0.0490517244 0.990747631
vn 0.479253054 -0.00589034613 0.877657056
vn -0.0661838353 -0.00961152464 0.99776119
vn -0.313768893 -0.949498296 0.00140885613
vn -0.30447498 -0.952510953 0.0042282301
vn 0.499917895 -0.0425158851 -0.86502862
vn -0.197124764 -0.0549730696 0.978836
vn 0.511532307 -0.511000752 -0.690806031
vn 0.441423744 -0.523983002 -0.728413939
vn 0.501002014 -0.513206184 -0.696861804
vn 0.567546964 -0.49761191 -0.655951738
vn -0.707646012 -0.706567109 -0.000219614318
vn -0.511470497 -0.511021376 0.690836549
vn -0.441324174 -0.52401495 0.728451252
vn -0.50091821 -0.513232112 0.69690299
vn -0.567509174 -0.497621983 0.655976832
vn 0.707164943 -0.707048476 0.000316756254
vn -0.528658271 -0.512366235 -0.676757932
vn -0.526108384 -0.523054361 -0.670540094
vn -0.540750265 -0.454429746 -0.707871914
vn 0.528781772 -0.512469888 0.676582992
vn 0.526228786 -0.523169637 0.670355678
vn 0.540893853 -0.454428673 0.707762897
vn -0.306412935 -0.0112602534 0.951832116
vn 0.701236069 -0.0283447299 0.712365448
vn 0.874464989 -0.0627298951 0.481015325
vn -0.700166106 -0.0284166113 -0.713414311
vn -0.878445923 -0.0670943409 -0.473107785
vn 0.306403846 -0.951892138 -0.0042633852
vn -0.308163673 -0.951331854 0.00167484512
vn -0.707743168 -0.706469774 -0.00018042291
vn -0.511493742 -0.577296078 -0.636477351
vn 0.511582911 -0.577507079 0.636214137
vn 0.680470407 -0.698816359 0.220489934
vn 0.755841255 -0.0321688876 -0.653964221
vn 0.813897491 -0.00261583016 -0.581002653
vn -0.74753654 -0.0186863728 0.663957775
vn -0.749581754 -0.0175371785 0.661679506
vn -0.748243392 -0.018289689 0.663172066
vn -0.750340641 -0.0171095356 0.660829902
vn -0.938450336 -0.0783169791 -0.336418688
vn 0.937700808 -0.0749568045 0.339261919
vn -0.860914648 0.0181485694 -0.508425653
vn 0.863324106 0.0171150323 0.504359424
vn 0.999776721 -0.0210169721 -0.00220347126
vn 0.999565125 -0.0293461699 -0.0028972677
vn 0.999787271 -0.0205090139 -0.00216115871
vn -0.999844253 -0.0174728651 0.00250757369
vn -0.999753654 -0.0220033117 0.00288735749
vn -0.999849141 -0.0171954427 0.00248431694
vn 0.999550879 -0.0298222713 -0.00293692411
vn -0.999747872 -0.0222671647 0.00290947547
vn -0.669802189 -0.574581623 -0.470341325
vn -0.063307479 -0.01314261 -0.99790746
vn -0.223626018 -0.082645379 -0.971164882
vn 0.0586934388 -0.0533163585 -0.996851265
vn 0.223298669 0.0181612577 -0.974580944
vn 0.0804267526 -0.0105857998 -0.99670434
vn 0.00358775444 0.00118061353 -0.999992847
vn 0.0580254532 0.000245530071 -0.998315036
vn 0.00236087129 0.0100210356 -0.999947071
vn 0.363636404 -0.142702028 -0.920545876
vn -0.104122236 -0.0287475642 -0.99414897
vn -0.138237417 0.00301391538 -0.990394533
vn 0.413333327 0.00775177777 -0.91054672
vn -0.397876203 -0.0334355235 -0.916829586
vn 0.569589734 0.00606270134 -0.821906686
vn 0.590583682 0.00166873634 -0.806974769
vn -0.603280783 -0.0248925854 -0.797140241
vn -0.585960567 -0.0708057806 -0.807240188
vn 0.668741584 0.00789631438 -0.743453026
vn -0.718043387 0.0314782932 -0.695286095
vn -0.830861688 -0.0135061946 -0.556314945
vn 0.778247774 0.00524151837 -0.627935529
vn 0.691150963 0.0387553051 -0.721670628
vn 0.708471239 -0.000514614221 -0.705739498
vn 0.707550406 0.00342176808 -0.706654549
vn 0.733967185 -0.00234858436 -0.67918092
vn 0.850676596 0.00243614311 -0.525683939
vn -0.743085027 0.0129844891 -0.669070959
vn -0.797962606 0.00434796419 -0.602691293
vn 0.933096826 0.00453608576 -0.359596968
vn 0.917923689 -0.00173489365 -0.396753281
vn 0.986614823 0.00238756742 -0.163050741
vn 0.993555784 0.0334229395 -0.108303681
vn -0.990789652 -0.00424793037 -0.135343984
vn 0.998517632 0.000414781593 -0.0544258021
vn -0.995657206 0.0860767215 0.0354605354
vn 0.99272126 0.113803037 0.0394138247
vn 0.979294598 0.0202502683 0.20142509
vn 0.992676318 0.0791520104 0.0912616402
vn -0.993999064 0.0496440791 0.0974746421
vn -0.996145725 -0.00350491423 0.0876430944
vn -0.97026813 0.00566127663 0.241966441
vn 0.96879971 0.0108009251 0.247609586
vn 0.995278895 -0.00157775707 0.0970442072
vn 0.907790363 0.00156983361 0.419421136
vn -0.907014132 -0.00304384064 0.4210895
vn -0.812628627 -0.0019622189 0.582778633
vn 0.812113166 -0.00281679793 0.583493054
vn -0.624532878 -0.020333495 0.780733705
vn -0.671509385 0.0272655692 0.740494311
vn 0.681139529 0.128579199 0.720774889
vn 0.78111583 0.00569808204 0.624360144
vn -0.623381078 0.0516636856 0.780209541
vn -0.63176316 0.00203279615 0.775158703
vn -0.502290726 -0.147718459 0.851987839
vn -0.550689995 0.00423560012 0.834699154
vn -0.461009055 0.0176880676 0.887219071
vn 0.453137517 0.0171115156 0.89127636
vn 0.550012052 0.00368317356 0.835148633
vn 0.498107404 -0.0507422015 0.865629375
vn 0.623757958 0.0143808387 0.7814852
vn -0.309149474 -0.0185813718 0.95083195
vn 0.31438607 -0.00644473219 0.949273288
vn 0.741961896 -0.590771854 -0.316987455
vn -0.998344958 -0.0225162152 -0.052918382
vn -0.998344839 -0.0225162115 -0.0529183745
vn 0.304688811 0.00170586642 0.952450395
vn 0.135715008 -0.0125139486 0.990668893
vn -0.113750041 -0.0161849763 0.993377507
vn -0.246286049 -0.00528233312 0.969182789
vn 0.189010635 0.946990967 0.259775043
vn 0.18901065 0.946990907 0.259775043
vn 0.189010635 0.946990907 0.259775043
vn -0.0001549968 -0.000407179439 0.999999881
vn -0.000461272633 -0.000346298038 0.999999821
vn 0.000118774384 -0.000213974025 1
vn 0.531197369 0.00536037702 0.84723115
vn -0.456936836 0.204044864 0.865779698
vn 0.592135131 0.00481456285 0.805824339
vn 0.59631145 0.00453836052 0.802740395
vn 0.069846794 0.993005753 0.0951893032
vn 0.0698467866 0.993005812 0.0951893032
vn 0.80910778 -0.0183209535 0.587374628
vn -0.732749641 0.0452255011 0.678993881
vn -0.840808213 -0.00256925705 0.541327059
vn 0.827004313 0.0156700704 0.561977208
vn 0.882738113 0.00582384691 0.469829202
vn 0.970524549 -0.000821449386 0.241001219
vn -0.987830579 -0.0360351875 0.151302084
vn -0.909919143 0.229206875 0.345704317
vn 0.995015264 0.0146602076 0.0986386091
vn -0.0129893739 0.930122197 0.367020369
vn -0.0150981667 0.930914462 0.364925355
vn -0.0884748548 0.952996492 0.289775491
vn -0.983498454 -0.170368299 -0.0608721115
vn -0.981189013 0.0098788105 -0.192796692
vn 0.985224426 0.0157479551 -0.170542747
vn 0.931747675 -0.00356568908 -0.363088816
vn 0.842624664 0.00397458486 -0.538486719
vn -0.790201068 0.00571400998 -0.612820983
vn 0.787903905 -0.081109412 -0.610433161
vn 0.802474082 0.00389105803 -0.596674263
vn -0.631593466 -0.0343733765 -0.774537444
vn -0.646382272 0.00130082516 -0.763012588
vn -0.768979609 -0.160428673 -0.618815839
vn 0.592956901 -0.054437913 -0.803391933
vn -0.00893895701 0.918042958 -0.396379977
vn -0.0319676064 0.960768282 -0.275503904
vn 0.0860115215 0.995025456 -0.0502628163
vn 0.854206204 0.519451737 -0.0223992951
vn -0.810679793 0.585167289 0.0194271784
vn 0.707564294 -0.000712176319 0.706648648
vn 0.706908166 -0.00110217254 0.707304358
vn 0.706394196 -0.00099293096 0.707817852
vn -0.707356274 0.00028444815 0.706857145
vn -0.707289398 -0.000688215601 0.706923723
vn -0.707303703 -0.00130224158 0.706908584
vn -0.326935381 0.888349652 -0.322409958
vn -0.326957285 0.888638556 -0.321590722
vn -0.327347994 0.894347787 -0.304934919
vn -0.707003891 0.000101662859 0.707209706
vn 0.328986019 0.870006859 0.367227703
vn 0.330293894 0.869576812 0.367072284
vn 0.34904772 0.863202274 0.364757031
vn 0.999999702 -0.000782259449 0.00018154431
vn 1 -9.71717163e-05 0.000118328804
vn 0.999999106 -0.00130714395 0.000176525093
vn 0.0777987391 0.8623873 -0.500235558
vn 0.0783339217 0.862641811 -0.499712825
vn 0.0742860809 0.860703468 -0.503657699
vn 1 9.3026174e-05 8.37256521e-05
vn 0.0687884092 0.892640769 0.445489198
vn 0.70726645 -0.00156062306 -0.7069453
vn 0.707369447 -0.000853997248 -0.706843495
vn 0.707084477 -0.00203625415 -0.707126141
vn -0.312511116 0.894705296 -0.319122702
vn -0.331423163 0.8893013 -0.315122008
vn -0.405321419 0.86425668 -0.2979514
vn 0.706950009 -0.000397557742 -0.70726335
vn 0.477683455 0.726194561 0.494428992
vn 0.464765519 0.692130089 0.552221954
vn 0.501717925 0.802591443 0.32268557
vn 0.00254356 0.830046117 -0.557688773
vn -0.0628077537 0.866548419 -0.495125234
vn -0.000177870315 0.832455814 -0.554091275
vn -0.116976582 0.890614986 0.439455867
vn -0.0681608096 0.863665879 0.499435008
vn -0.0539432615 0.854783237 0.516174197
vn 0.00205906853 0.815347254 0.578968585
vn 0.00010160324 0.000171569583 -1
vn -0.000278882886 0.000452722656 -0.999999881
vn 0.308687687 0.876442492 0.36954084
vn 0.223131597 0.894456923 -0.387503743
vn 0.223131552 0.894456863 -0.387503684
vn 0.223131582 0.894456923 -0.387503713
vn -0.411478192 0.88917309 -0.200142443
vn -0.411478221 0.889173031 -0.200142428
vn -0.411478221 0.889173031 -0.200142443
vn -1 0.00022901647 2.68375115e-05
vn -0.999999881 0.000521378883 -2.08329839e-05
vn -0.999999762 0.000688178465 -4.03648773e-05
vn -1 0.000231844329 -0.000124085112
vn -0.267422736 0.89909637 0.346570104
vn -0.270506859 0.898191988 0.346521795
vn -0.205660492 0.915118277 0.346788704
vn -0.235440761 0.912743509 -0.333866566
vn -0.707414806 -2.77652725e-05 -0.706798613
vn -0.707097888 -0.000497056055 -0.707115471
vn -0.7070629 -0.000831901503 -0.707150102
vn -0.342027277 0.874318957 0.344359815
vn -0.706914008 4.57208407e-05 -0.707299411
vn 0.0829705149 0.864825845 -0.495168805
vn 0.214272186 0.882716537 -0.418209136
vn 0.214272171 0.882716537 -0.418209136
vn 0.214272156 0.882716477 -0.418209136
vn -0.326437682 0.882345438 -0.338976562
vn -0.712476194 -0.663808167 0.227455944
vn -0.75950557 0.650487125 0.004204561
vn 0.764045775 0.64500159 -0.0143815139
vn -0.463053137 0.73457706 0.495962083
vn -0.466783226 0.709375978 0.528108895
vn -0.427408427 0.853013039 0.299484044
vn 0.595478475 -0.391198099 0.701690435
vn 0.706313074 -0.00028681822 0.707899451
vn 0.706362426 0.000261896057 0.707850277
vn 0.717496395 0.231740832 -0.656882823
vn 0.736247182 0.27126193 -0.619965494
vn 0.782618344 0.402050704 -0.475251257
vn -0.707509756 0.000287433795 0.706703484
vn 0.708101809 0.000155866786 0.706110418
vn 0.708048403 0.000221889015 0.706163824
vn -0.473251522 0.553601742 0.68524313
vn -0.706761301 -1.48124773e-05 0.70745194
vn 0.99999994 -0.000106296386 -8.83996108e-05
vn 1 8.74532707e-05 0.000260082365
vn 0.706777453 -0.00114073197 -0.707435071
vn 0.707149267 -0.000278867461 -0.707064211
vn 0.692831695 0.611624241 -0.381968468
vn 0.692831755 0.611624241 -0.381968468
vn -0.741290271 0.6411708 0.198466271
vn -0.741290212 0.6411708 0.198466256
vn -0.741290152 0.64117074 0.198466241
vn 0.670041144 0.675178468 -0.308510661
vn 0.670041203 0.675178468 -0.308510691
vn 0.670041203 0.675178528 -0.308510691
vn 0.00035850791 8.31849757e-05 0.99999994
vn 0.000333347707 3.18092752e-05 1
vn -1 -9.0856076e-05 -8.90346564e-05
vn -0.707458377 0.000230706908 -0.706754982
vn 0.419814467 0.58576721 0.693276703
vn -0.118170634 0.942250431 0.313368648
vn -0.118170626 0.942250311 0.313368618
vn -0.118170626 0.942250371 0.313368648
vn 0.0558544546 0.703327119 -0.708668709
vn 0.067724511 0.69533211 -0.71549058
vn -0.0200163927 0.75005585 -0.661071479
vn 0.244056717 0.943046868 0.226050779
vn 0.244056717 0.943046749 0.226050764
vn 0.244056717 0.943046808 0.226050794
vn 0.225875139 0.889389396 0.397450775
vn 0.477432311 0.786368906 0.392023504
vn 0.463106036 0.794316351 0.393185019
vn -0.428204328 0.741270006 -0.516875029
vn -0.42427066 0.732747734 -0.532048106
vn -0.447133422 0.783313215 -0.431847274
vn -0.448458582 0.807759643 0.382634789
vn -0.477482378 0.792415321 0.379589826
vn -0.246013284 0.886377156 0.392190099
vn 0.366851985 0.814638138 0.449204266
vn 0.365618974 0.803474665 0.469841719
vn 0.367484272 0.903812468 0.219267637
vn -0.0608851351 0.812606394 0.579623878
vn -0.075232856 0.802190185 0.592309773
vn 0.100295819 0.901913941 0.42010954
vn 2.09193968e-06 -0.000193045416 -0.99999994
vn -0.000517656386 -8.5691936e-05 0.999999881
vn -1 -3.7347836e-05 -7.08330044e-05
vn -0.707075477 3.65192354e-05 -0.707138121
vn -0.690475583 0.672767818 -0.265757203
vn -0.690475643 0.672767818 -0.265757233
vn -0.690475643 0.672767818 -0.265757203
vn -0.404567719 0.690817475 -0.599246264
vn -0.631151736 0.689816058 0.354684889
vn 0.130761057 0.649722576 -0.748840451
vn -0.205662236 0.688183606 0.695777535
vn 0.494854718 0.613317549 -0.615597606
vn 0.511680722 0.642087817 -0.570881724
vn 0.542170703 0.696635008 -0.469840914
vn 0.346442968 0.688184202 0.637479305
vn -0.570346713 0.673736572 0.46987614
vn -0.569423378 0.672297001 0.473047316
vn -0.567387402 0.66913271 0.479930073
vn 0.492873549 0.662558913 -0.563995838
vn 0.492743105 0.662310362 -0.564401746
vn 0.492145866 0.66117394 -0.566252232
vn -0.564801753 0.659451842 -0.496107072
vn -0.566536844 0.658379495 -0.495552689
vn -0.57465297 0.653303206 -0.492918819
vn 0.458953112 0.553901732 -0.694661677
vn -0.0475160927 0.661228716 -0.748677969
vn -0.048495423 0.660597146 -0.749172628
vn -0.0526461825 0.657907784 -0.751256108
vn 0.870980382 0.485014498 -0.0784474239
vn 0.833063543 0.540879071 -0.115994908
vn 0.727600455 0.656431854 -0.199235588
vn 0.493394107 0.663550913 -0.562372208
vn 0.649782181 0.665309429 0.367622614
vn -0.0438470095 0.663585246 -0.746814549
vn 0.254289001 0.680227518 0.687479138
vn 0.254289001 0.680227518 0.687479079
vn -0.557756186 0.663760185 -0.498327523
vn -0.572513819 0.677126229 0.462307304
vn -0.707381606 2.94445763e-05 0.706831813
vn -0.707288384 0.112209417 -0.69796288
vn -0.706643045 0.111280188 -0.69876492
vn -0.712613702 0.119943999 -0.691227257
vn 0.99999994 2.75715229e-05 2.60097913e-05
vn -0.031186657 0.0628807843 0.997533679
vn -0.0438893884 0.0520695075 0.997678638
vn 0.0232686941 0.108946286 0.993775249
vn 0.614602983 0.0599862188 -0.786552489
vn -0.0257437639 -0.00893089455 -0.999628663
vn -0.0129967211 -0.0217583533 -0.999678791
vn -0.109827176 0.0759705976 -0.991043091
vn -0.0270780101 0.12134473 -0.992241025
vn -0.0261757206 0.120522186 -0.99236542
vn -0.00603471184 0.102123931 -0.99475342
vn -1 -6.50835718e-05 -5.01009197e-07
vn 0.606408715 0.0951212868 -0.789443195
vn 0.606408715 0.0951212794 -0.789443135
vn 0.606408656 0.0951212719 -0.789443135
vn -0.709597945 0.107306235 0.696387947
vn -0.692884982 0.0830657184 0.716247499
vn -0.694564402 0.0854501873 0.714337766
vn -0.677212775 0.0613183305 0.73322773
vn -0.707472622 0.000318592589 -0.706740737
vn -0.766795218 0.127813265 0.629037976
vn -0.766795278 0.127813265 0.629037976
vn -0.66472739 -0.0807163715 -0.742712796
vn -0.681446314 -0.249925524 -0.687872052
vn -0.764558494 0.129339889 -0.631443977
vn 0.686326981 -0.00638683327 0.72726506
vn 0.697413623 0.0162994061 0.716483474
vn 0.748159707 0.138602585 0.648880959
vn -0.00436931988 0.110204138 0.993899465
vn 0.00974099524 0.0972345769 0.995213866
vn 0.00824528839 0.0986112058 0.995091796
vn 0.0222997516 0.0856581703 0.996075034
vn -0.0514180027 0.143477872 -0.988316894
vn -0.700874805 0.103051633 -0.705800772
vn 0.99971807 0.0193376075 0.0137862433
vn 0.997685134 0.0553738587 0.0394733995
vn 0.969222248 0.200469404 0.142899513
vn -0.000547509291 3.74050833e-05 0.999999881
vn -0.99999994 2.92508344e-06 -0.000177271111
vn -0.993824244 -0.105498813 0.0344021283
vn -0.998394847 -0.0377045274 -0.0422613621
vn -0.98792851 0.0544290878 -0.145033777
vn -0.707071245 -3.63357358e-05 -0.707142413
vn -0.747269094 -0.654298007 -0.116115592
vn -0.943087399 0.291492969 0.160055295
vn -0.943087459 0.291493028 0.160055324
vn -0.943087459 0.291492999 0.16005531
vn 0.157627121 -0.0281119477 0.987098455
vn 0.157627091 -0.028111944 0.987098396
vn 0.157627106 -0.0281119477 0.987098396
vn 0.809612393 -0.0281947814 0.5862872
vn 0.809612513 -0.0281947833 0.58628726
vn 0.809612334 -0.0281947814 0.5862872
vn 0.959929764 0.2754879 0.0513932556
vn 0.904604077 0.426070988 0.0124468869
vn -0.874338567 0.485133618 -0.0133210253
vn 0.773762047 -0.183889285 -0.606198847
vn -0.969167531 -0.200439751 0.143312186
vn 0.000249225879 4.31942099e-05 0.999999881
vn 0.984942615 -0.140778229 -0.100346655
vn 0.000381789199 0.000238389664 0.99999994
vn -0.587611139 -0.137196109 0.797427416
vn -0.587611139 -0.137196079 0.797427356
vn -0.587611198 -0.137196109 0.797427356
vn 0.575830221 -0.150865003 0.803529322
vn 0.575830221 -0.150865003 0.803529263
vn -0.706812918 -0.000293913472 0.707400382
vn 0.629062653 -0.10999015 0.769533932
vn -0.733988166 -0.0106572472 -0.679078698
vn 1 -5.59363543e-05 1.54509617e-05
vn 0.0756717548 -0.110670626 -0.990972161
vn -0.158839718 0.0302405525 0.986841142
vn -0.158839718 0.0302405506 0.986841142
vn -0.158839732 0.0302405525 0.986841202
vn -0.0933762789 0.0097128218 0.995583534
vn 0.706411481 -0.00171639852 -0.707799375
vn -0.605061591 -0.396871328 -0.690212846
vn -0.921981394 0.386066884 0.0300445501
vn -0.937075377 0.348945647 -0.011260828
vn -0.00118470716 0.000417600793 -0.999999225
vn 0.757034361 -0.649613082 -0.0700135157
vn 0.761703908 -0.644890904 -0.0626318157
vn 0.787950039 -0.615459502 -0.0185551438
vn 0.0187896453 0.00191911263 -0.999821723
vn -0.520685971 -0.573215425 -0.63270092
vn -0.532661498 -0.588916838 -0.607822895
vn -0.591323316 -0.668012679 -0.45176962
vn -0.707058251 0.000224871372 0.707155228
vn -0.592859566 -0.80527252 -0.00731792441
vn -0.622134268 -0.781579435 -0.0456355438
vn -0.708831906 -0.683046937 -0.176080078
vn 0.00016393463 0.000356245058 0.999999881
vn -0.687774777 -0.642685115 0.337522596
vn -0.687774837 -0.642685175 0.337522626
vn 0.707516611 0.00127297128 0.706695497
vn 0.706874311 0.00167314894 0.707337201
vn 0.0171858575 -0.626080573 -0.779568911
vn -0.0131083876 -0.642623723 -0.76606977
vn -0.105601758 -0.687708437 -0.718265414
vn -0.999999821 0.000553758175 -9.10635426e-05
vn -0.265415072 -0.640366554 0.720753491
vn -0.265415072 -0.640366495 0.720753431
vn 0.999999702 0.000769671751 -9.71719783e-05
vn 0.495803058 -0.7566787 -0.426165164
vn 0.526968062 -0.739148617 -0.419480681
vn 0.644787848 -0.659082055 -0.3871167
vn -0.707201421 0.000368912704 -0.707012117
vn 0.322255105 -0.640559018 0.697019279
vn 0.322255105 -0.640559018 0.697019339
vn 0.707009077 -0.000982908532 -0.707203805
vn 0.706646979 -0.00161689671 -0.707564354
vn 0.48995629 -0.629139483 -0.603428781
vn 0.505881846 -0.618912637 -0.600858331
vn 0.624069154 -0.531075239 -0.573146403
vn -0.725716054 0.00139272178 0.68799293
vn -0.602563381 -0.625911295 -0.495128661
vn -0.599887431 -0.615463316 -0.511214137
vn -0.569943905 -0.522466123 -0.634186924
vn -0.0805128068 -0.628158987 -0.773908257
vn -0.065914765 -0.61676532 -0.784382403
vn 0.04050963 -0.526051402 -0.849487484
vn 0.999945343 -0.00519629475 -0.00907710753
vn 0.113447517 -0.567689359 -0.815388501
vn 0.0271202158 -0.797079861 0.60326463
vn 0.190758899 -0.652642965 0.733258665
vn 0.0449086577 -0.783939898 0.619210362
vn 0.683892667 -0.64469409 0.341555804
vn 0.683892608 -0.64469403 0.341555774
vn 0.683892608 -0.64469409 0.341555774
vn -0.47022301 -0.722430706 0.506936133
vn -0.438863277 -0.660358429 0.609365046
vn -0.463512957 -0.708862066 0.531667471
vn 0.691442072 -0.000370992086 -0.722431719
vn -0.425449967 -0.451293975 -0.784427285
vn 0.731472671 -0.673199773 -0.108395971
vn -0.000100453792 0.000272589386 0.99999994
vn 0.377413243 -0.692321301 -0.615020692
vn -0.169913605 -0.692238331 -0.701381028
vn -0.614928544 -0.692330062 -0.377547473
vn -0.519679964 -0.62171185 0.586009502
vn -0.527087092 -0.638981462 0.560251594
vn -0.491963953 -0.561238945 0.665569305
vn 0.657814205 -0.583335757 0.47644493
vn 0.657814264 -0.583335817 0.47644496
vn 0.657814205 -0.583335757 0.4764449
vn -0.632194281 -0.58675015 -0.5060184
vn 0.662873209 -0.484752417 0.570626259
vn 0.635484397 -0.507257223 0.582107902
vn 0.735230386 -0.417568564 0.533922315
vn -0.996420622 0.0155247133 0.0830953121
vn 0.0062555219 -0.790996194 -0.611789167
vn 0.0257375278 -0.778025687 -0.627704978
vn 0.151903436 -0.678379655 -0.718836844
vn -0.723120689 0.00564907817 -0.690698624
vn 0.720425725 -0.579801798 -0.380547941
vn 0.720425725 -0.579801738 -0.380547911
vn 0.720425725 -0.579801798 -0.380547911
vn -0.737967849 0.0550492592 0.672586739
vn 0.605373979 -0.795932889 0.00361615466
vn 0.654186428 -0.753449976 0.0659785867
vn 0.741294086 -0.64115715 0.198496282
vn -1.43868078e-06 6.36390178e-06 1
vn -0.548685551 -0.694026053 0.466124475
vn 0.737028658 0.0309546273 0.675152302
vn 0.213502243 -0.078732267 0.973764837
vn -0.46779269 -0.873235881 0.136488616
vn 9.7453194e-05 2.87119383e-05 1
vn -0.7070508 0.000516916974 0.707162559
vn -0.999999642 0.000879352854 -6.44585671e-05
vn 0.999999225 0.00130017544 -9.55133073e-05
vn -0.707195401 0.000492305262 -0.707018018
vn 0.681384325 -0.000726718863 -0.731925488
vn 0.546708405 -0.571392894 0.612062156
vn -0.146799877 -0.893407285 0.424585849
vn 0.701222658 -0.00566712907 0.712919831
vn 0.33831054 -0.826347947 -0.45021683
vn -0.491611987 -0.767356813 0.411680967
vn -0.000902392727 -0.000406214938 -0.999999464
vn 0.754207194 0.0168369617 -0.656420529
vn -0.651884496 -0.0097990958 0.758254886
vn -0.499848664 -0.146829963 -0.853576183
vn 0.0280983597 -0.970082641 0.241143569
vn 0.0280983597 -0.970082581 0.241143599
vn 0.0280983597 -0.970082581 0.241143584
vn 0.999112308 0.00640935311 0.04163507
vn -0.999996722 -0.00191084051 0.00166967604
vn 0.204230025 -0.96170783 0.182779387
vn 0.204230025 -0.961707771 0.182779402
vn 0.273763567 -0.961723804 -0.0118703078
vn 0.273763537 -0.961723745 -0.0118703069
vn 0.273763567 -0.961723745 -0.0118703078
vn -0.0971648991 -0.968980074 0.227236822
vn -0.0971649066 -0.968980193 0.227236837
vn -0.0971648842 -0.968980014 0.227236807
vn 0.639056861 0.00241713994 0.7691558
vn -0.000172637956 0.000100157471 -0.99999994
vn -0.932764649 0.358708113 -0.0357580595
vn 0.92944181 0.36895287 0.0034224526
vn 0.938449562 0.344828129 0.0201448034
vn 0.999645591 0.0192281865 -0.018418083
vn -0.642901659 0.0292516463 0.765389919
vn -0.0373845845 -0.88154608 -0.470615387
vn -0.0359831266 -0.882242203 -0.469418705
vn -0.0553614572 -0.872306824 -0.485814631
vn 0.046418149 -0.860408962 0.507485807
vn 0.0461651795 -0.860293269 0.507704854
vn 0.0272579007 -0.851352572 0.52388531
vn 9.61276892e-05 -6.4078682e-05 1
vn -0.290405929 -0.955863059 0.0446104407
vn -0.374634206 -0.924309134 -0.0728136301
vn -0.457843184 -0.866201103 -0.200188309
vn 4.48040082e-05 -1.56501792e-05 1
vn 0.479290038 -0.867199004 -0.135080948
vn -0.436137795 -0.814356089 -0.382894278
vn -0.435018271 -0.821748078 -0.368088722
vn -0.440770715 -0.745634198 -0.499751002
vn 0.375566274 -0.888161898 -0.264798492
vn 0.374738365 -0.887223005 -0.269084543
vn 0.377434969 -0.890246689 -0.254958123
vn -0.318290979 -0.879652798 0.353414357
vn -0.315953255 -0.875897467 0.364660054
vn -0.326867074 -0.892925739 0.309582859
vn 0.0290791877 -0.877029896 0.479555011
vn 0.0375173055 -0.873610735 0.48517698
vn -0.00362131558 -0.889320076 0.457271069
vn 0.373171329 -0.885420918 -0.277079105
vn -0.425347745 -0.862681031 -0.273606867
vn 0.228945136 -0.884817779 0.4058097
vn 0.228945151 -0.884817839 0.40580973
vn -0.0160363913 -0.891771555 -0.452201813
vn -0.11862044 -0.858927608 -0.498169243
vn 0.0625454783 -0.867563963 0.493376851
vn 0.0725872144 -0.858307064 0.507976294
vn 0.258037031 -0.856654346 -0.446721613
vn 0.258037031 -0.856654286 -0.446721643
vn 0.258037031 -0.856654406 -0.446721673
vn -0.305778563 -0.85898006 0.410673499
vn 0.87733227 -0.421944767 0.228584275
vn -0.71218133 -0.311137855 0.629278123
vn -0.899537146 -0.380230606 -0.215076029
vn 0.775219023 -0.0168316998 -0.631468236
vn 0.864730239 -0.452906996 -0.217064112
vn -0.77364254 -0.0185641553 -0.633350134
vn 0.000856779458 -0.996332228 -0.0855646431
vn 0.00111136795 -0.996331334 -0.0855718106
vn -0.00886417739 -0.996316969 -0.0852867365
vn -0.192914769 -0.966451168 0.169575602
vn 0.0407789797 -0.995136976 -0.0896635279
vn 0.0407789759 -0.995136917 -0.0896635205
vn 0.00928120036 -0.996269226 -0.0857989416
vn -0.868237376 -0.435322344 0.238029778
vn -0.260933012 0.96523881 -0.015106244
vn -0.0769641101 0.997033715 -0.000453760411
vn 0.233496413 0.972314775 -0.00913019199
vn 0.260934442 0.965249538 -0.0143685276
vn -0.258488655 0.965960205 0.0102272257
vn -0.140620872 0.989984095 0.0125371376
vn 0.0727033466 0.997346699 -0.00371419569
vn 0.321700692 0.946839452 0.00189652946
vn -0.328346968 0.944455862 -0.0138347978
vn 0.323709995 0.946097493 0.0105467374
vn -0.604469419 0.796627343 -0.00127545802
vn 0.612339437 0.79058373 -0.0042019044
vn 0.60274291 0.797934771 0.00101352413
vn -0.577276528 0.816533267 0.00503023947
vn 0.000101325262 -7.62177649e-07 -1
vn -0.00176546723 0.000664288877 -0.999998271
vn 0.454004467 0.89096123 -0.00825034827
vn -0.45298931 0.891501009 0.00515961554
vn -0.470659196 0.88230443 -0.00435185619
vn 0.474533737 0.880231142 0.00328999385
vn -0.657176971 0.753724813 -0.00417245086
vn -0.608298361 0.793202877 -0.0283252187
vn -0.673579216 0.739102602 0.00428445032
vn -0.588175178 0.807846963 -0.0378568433
vn 0.731136382 0.681861877 0.0224491078
vn 0.693376482 0.720573604 0.00169541815
vn 0.674213946 0.738488555 -0.00837804843
vn 0.747310638 0.663715601 0.0317534693
vn 0.982738435 -0.184520364 0.0133160958
vn 0.928284347 -0.348971218 -0.128481314
vn 0.28134957 0.640347838 0.714700639
vn 0.29799813 0.650779903 0.698342741
vn 0.258185893 0.62533921 0.736403942
vn 0.240370899 0.613418579 0.752289414
vn -0.167182073 0.649790108 -0.741500676
vn -0.167182043 0.649789989 -0.741500556
vn -0.167182058 0.649790049 -0.741500616
vn -0.215248644 -0.0328305475 0.976007164
vn -0.351393104 0.55681479 0.752648711
vn -0.38801083 0.573621154 0.721391857
vn -0.367334634 0.564257741 0.739377141
vn -0.335229486 0.549076676 0.765595257
vn 0.258346528 0.60351032 -0.754342437
vn 0.251872927 0.638254523 -0.727455318
vn 0.246744365 0.663241088 -0.706561089
vn -0.967895091 -0.247268602 0.0451361202
vn -0.96789515 -0.247268602 0.0451361202
vn 0.262891293 0.576523066 -0.773633718
vn 2.20806196e-05 0.000286875438 -1
vn -0.916440248 0.399846613 -0.0161259454
vn -0.200671703 0.161757901 -0.966211855
vn -0.200671718 0.161757901 -0.966211855
vn -0.200671703 0.161757886 -0.966211796
vn 0.71305722 -0.134324983 0.688117981
vn -0.705621779 -0.703750849 -0.0826593935
vn -0.705621839 -0.703750849 -0.082659401
vn -0.705621779 -0.703750908 -0.082659401
vn 1.36266626e-05 -8.36400432e-06 0.99999994
vn -0.253185034 -0.640422463 0.725090563
vn -0.252794623 -0.642038643 0.723796427
vn -0.253488332 -0.639161825 0.726096332
vn 0.923764467 -0.382961214 -3.52773823e-05
vn 0.368014842 -0.612406075 -0.699659705
vn 0.368014872 -0.612406135 -0.699659824
vn 0.368014842 -0.612406135 -0.699659824
vn -0.924024761 -0.382326901 -0.00206896593
vn 0.41711238 -0.905851603 0.0738249794
vn 0.590799212 -0.806815326 0.0023267325
vn 0.67614007 -0.735813081 -0.0376000367
vn -0.821589589 0.570064604 -0.00412044814
vn -0.272040159 -0.635790646 -0.722332597
vn -0.275277168 -0.619931817 -0.734783709
vn -0.277457625 -0.608766139 -0.74325031
vn 0.361684233 -0.560168624 0.745248675
vn 0.361684203 -0.560168624 0.745248675
vn 0.361684263 -0.560168624 0.745248795
vn 0.329223782 -0.938260376 0.10620328
vn 0.00948160235 0.000702065357 -0.99995482
vn -0.252501637 -0.64324671 0.722825468
vn 0.923488975 -0.383612335 -0.003095272
vn -0.269615501 -0.647154152 -0.713091135
vn -0.920417488 -0.390195012 -0.0240712725
vn -0.953895509 -0.300052285 -0.00721147656
vn 0.948513925 -0.316631734 -0.00809582975
vn 0.231022924 -0.969726443 0.07911437
vn 0.231022954 -0.969726503 0.0791143775
vn 0.231022924 -0.969726443 0.0791143626
vn 0.840541422 0.541706502 0.0066409721
vn 0.847093046 0.5314219 -0.00491079362
vn 0.954807937 -0.17088221 0.243189216
vn 0.940628827 0.310288548 -0.137617201
vn -0.000327516609 0.000127615349 -0.99999994
vn 0.985105634 0.167991251 -0.0366852656
vn -0.961824 0.273519933 0.00902217347
vn -0.990540922 0.136502743 0.013991964
vn 0.990215361 0.138073415 0.0202292483
vn -0.927453816 -0.197909936 -0.317271262
vn 0.928259552 -0.161215737 -0.335176855
vn -0.991104066 0.131152019 -0.02262461
vn -0.000668450841 0.000137986368 -0.999999762
vn 0.980950594 -0.194162786 -0.0060449522
vn 0.939369798 -0.342834353 0.00700927805
vn 0.949053824 -0.315106153 0.00219378085
vn 0.944592655 -0.328078151 0.0104586948
vn -0.945676684 -0.325108737 -0.00014116602
vn -0.957988918 -0.286799759 0.0017698257
vn -0.964777827 -0.177275434 0.194363803
vn -0.980513394 -0.196200833 0.00994421635
vn -0.947162092 -0.320736736 0.0034647889
vn -0.857302427 0.514807999 -0.0022914391
vn 0.975800872 -0.218556613 0.00675481558
vn 0.000366106775 0.000808311393 -0.999999583
vn -0.000706859166 -0.000164099853 -0.999999762
vn -0.00105209765 -0.000565279799 -0.999999344
vn 0.0115344953 -0.999617517 -0.0251331776
vn 0.0107028354 -0.999776721 -0.0182200242
vn 0.00139094703 -0.998259902 0.0589516982
vn 0.000495023793 -0.997795999 0.0663541555
vn 0.998448372 -0.00545690488 0.0554175377
vn 0.016645683 -0.000247028191 0.999861419
vn -0.998296261 0.00504659628 0.0581284389
vn -0.0162122101 0.000352359115 0.999868512
vn -0.887910724 0.460007042 0.00284801237
vn -0.96915102 0.246373489 0.00679978216
vn -0.958083987 0.286479563 -0.00212681433
vn -0.992583454 0.120350935 -0.0171337482
vn -0.908861578 0.416985124 -0.00970130321
vn 0.909846485 0.414944023 0.000824836083
vn 0.893800199 0.448453754 -0.00323025486
vn 0.968499124 0.248927191 -0.00668143434
vn 0.227449983 0.0328855328 0.973234355
vn 0.297735542 -0.00305937836 0.954643428
vn -0.105924286 -0.000238231369 0.994374216
vn -0.250519514 0.0108536426 0.968050778
vn 0.213464126 -0.00252318755 0.976947606
vn 0.236795112 0.00273252069 0.971555769
vn -0.356023222 0.00804518163 0.934442401
vn 0.369653851 -0.00121987332 0.92916882
vn 0.529636264 -0.000314481469 0.848224759
vn -0.523337841 0.00352239213 0.852118015
vn -0.0477067381 -0.000984133105 -0.998860955
vn -0.113719843 -0.0788894892 -0.990375757
vn 0.656741202 0.00751624862 0.754078567
vn -0.262793452 -0.0028190075 -0.964847982
vn -0.445722371 -0.00183960656 -0.895169437
vn -0.59128195 0.000699968135 -0.806464612
vn -0.669882059 0.00253923493 0.742463231
vn -0.790712774 0.00702191098 0.612147093
vn 0.7940135 -0.00324628013 0.607891381
vn -0.742289364 0.000741700875 -0.670079052
vn 0.880614877 -0.00126434315 0.473831147
vn -0.881536901 0.00665356824 0.47206822
vn -0.867512047 -0.00027700729 -0.49741593
vn 0.947486162 0.00791010726 0.319699228
vn -0.947728455 0.00479185442 -0.319041938
vn -0.953664958 -0.00252485718 0.300859749
vn 0.989911914 0.00781378895 0.141468763
vn -0.985609412 0.00825066771 -0.168837622
vn -0.991590858 0.000798033085 0.12940982
vn -0.998834431 0.0069841193 0.0477586873
vn 0.999052167 0.00272281864 -0.0434437804
vn -0.999240696 0.00972749479 -0.0377283618
vn 0.978961229 -0.011256299 -0.20373565
vn -0.974766254 0.00155057071 -0.223222703
vn -0.917708993 0.00407262519 -0.397232383
vn -0.82863009 -0.0089573646 -0.559724867
vn 0.816600621 0.000284877431 -0.577202976
vn -0.762389064 0.0769474357 -0.642527878
vn 0.988679647 0.149729759 -0.00967086852
vn 0.990827858 0.134931862 0.00732286694
vn -0.728129148 0.0181555282 0.685199559
vn 0.871069312 0.0242834818 -0.490559518
vn -0.980663836 -0.165858313 -0.103871994
vn -0.991970062 0.126450211 -0.00240253424
vn 0.000903292908 -0.000806262717 -0.999999285
vn -0.958240211 0.00326100178 -0.285945863
vn 0.0171719678 0.999849021 -0.00264263642
vn 0.018697504 0.999821305 -0.0027701715
vn 0.0440106057 0.999019086 -0.00488594314
vn 0.0454153046 0.998955607 -0.00500333076
vn -0.0485180542 0.998808861 0.00519849733
vn -0.0206214506 0.999783278 0.00286525534
vn -0.0222191606 0.999748588 0.00299891038
vn -0.0499772318 0.998736203 0.00532051641
vn -0.120109282 0.915841818 -0.383154601
vn -0.0176664032 0.830324113 -0.557000577
vn 0.0227129087 0.819144547 -0.573137164
vn 0.116352789 0.918833315 0.377104014
vn 0.0161970295 0.835358083 0.549467444
vn -0.0224919077 0.824766278 0.565026283
vn 0.113499671 0.875278533 0.470112085
vn -0.119348586 0.873316228 -0.472307652
vn -0.0491696484 0.610012114 0.790865004
vn -0.00380304805 0.526584864 0.850114048
vn 0.013040158 0.75386256 0.65690273
vn 0.0584490038 0.608531833 -0.791373968
vn 0.0116640637 0.517200708 -0.855784714
vn -0.00942222588 0.757221818 -0.653089881
vn 0.990516186 -0.126270741 -0.0541608296
vn 0.994384944 0.105820939 0.000713649788
vn -0.986264169 -0.164688781 0.0126728024
vn 0.025845129 0.736235082 0.6762321
vn -0.0278451834 0.730594158 -0.682243943
vn -0.0501377545 0.208665431 0.976701081
vn 0.0574858412 0.200913683 -0.97792083
vn -0.999281704 -0.0119125936 -0.0359748341
vn -0.997529805 0.0702240691 0.0016847779
vn 0.999580681 -0.00637551537 0.028247023
vn 0.997386098 0.0721672028 -0.00357892201
vn 0.999281704 0.0119139226 -0.0359714478
vn -0.999580622 0.0063749915 0.0282490328
vn 0.0300739855 0.0159346517 -0.999420643
vn -0.0230917912 0.0286296085 0.999323308
vn 0.999799132 0.0170904342 0.0104685705
vn -0.999894321 0.0122698033 -0.00779294828
vn -0.999721408 -0.0208406337 0.0110766497
vn 0.999775827 -0.0178204011 -0.0114368638
vn 0.116163127 0.937283993 -0.328640878
vn -0.00326865353 0.973804772 -0.227362111
vn 0.0971528739 0.944796801 -0.31292218
vn -0.999999762 -0.000592676806 -0.000235592757
vn -0.999998093 -0.001384845 -0.00139482948
vn -0.999999881 0.000404074905 -1.76280321e-06
vn -0.0351197533 0.752995014 0.657088399
vn 0.055429887 0.907130837 0.417182446
vn -0.0784330443 0.969469309 0.232330471
vn 0.00712221395 0.909780383 -0.41502887
vn -0.00226235599 0.903318882 -0.428963572
vn 0.0952301547 0.956018686 -0.27741611
vn -0.000365927059 -0.000808487355 -0.999999642
vn 0.991104484 -0.131148964 -0.022622928
vn -0.990215361 -0.13807258 0.0202334188
vn 0.000573826313 7.46713413e-05 -0.999999762
vn 0.00105227961 0.000565117516 -0.999999285
vn -0.990311682 -0.138573065 0.00896419212
vn 0.000348206202 -0.000143883852 -1
vn 0.999999404 -0.00102911377 -0.000289029093
vn 1 -0.000345894223 0.00013746247
vn 0.999999404 -0.0010324422 -0.000191663086
vn 0.178666934 0.907895863 -0.379213691
vn -0.999997675 -0.00106203428 0.00187019014
vn -0.0831917152 0.835357726 -0.543375075
vn 0.106053844 0.716295481 0.689690709
vn 0.987433314 0.0876058266 -0.131532371
vn -0.189484775 0.0965012833 0.977129996
vn -0.0464015119 0.713286757 0.699334681
vn 0.00739759207 0.688751578 0.724959671
vn -0.164281487 0.832730114 0.52874589
vn -0.0213671196 -0.0309261456 -0.999293327
vn -0.0501837321 0.129404187 -0.990321219
vn -0.00810033549 0.20384033 -0.978970587
vn 0.019979855 -0.0336667523 0.999233365
vn 0.0466098487 0.128901199 0.990561426
vn 0.00700320303 0.19657667 0.980463445
vn 0.725366592 0.153810322 0.670958817
vn 0.967192531 0.136261612 0.214409813
vn -0.958866835 0.175840706 0.222832665
vn 0.99999994 0.000107309083 0.000255069695
vn -0.99999845 -0.00112161809 0.00142229162
vn 0.999999523 0.000792054634 0.000500518247
vn 0.999999702 0.000761369593 -6.17561818e-05
vn 0.101522908 0.575881243 0.811205208
vn 0.175145805 0.525854826 0.832346439
vn -0.999999046 -0.00143529719 -0.000165680583
vn -0.999999702 -0.000724010693 0.000341439911
vn -0.036711812 0.371696591 0.927627981
vn -0.068353124 0.175262928 0.982146025
vn 0.999761462 -0.00842866115 -0.0201501288
vn -0.98424834 0.176724881 -0.00486195926
vn 0.0283521991 0.237235248 -0.971038401
vn 0.00806687307 0.275356174 -0.96130836
vn -0.0959546641 0.461838901 -0.881758213
vn 0.0115404036 0.141084239 -0.989930391
vn 0.022077376 0.153573766 -0.987890542
vn 0.151948586 0.304624856 -0.94027406
vn 0.0117670996 0.736246407 -0.676611185
vn -0.0465094782 0.770147979 -0.636167288
vn 0.00236973586 0.742024064 -0.670369029
vn 0.0614746213 0.703694642 -0.707838237
vn -0.0117830997 0.7364043 0.676439166
vn 0.0465925485 0.770356715 0.635908544
vn -0.00237502786 0.742188096 0.670187473
vn -0.0615778938 0.703793287 0.707730949
vn -0.000627422181 0.723199368 -0.690638959
vn 0.00830196124 0.717365861 -0.696647167
vn -0.0494499579 0.753178 -0.655955374
vn 0.000560825225 0.723166406 0.69067353
vn -0.0083890548 0.717320204 0.696693063
vn 0.0494130254 0.753158152 0.655981123
vn -0.0579062253 0.683005154 0.728114545
vn 0.0577979572 0.683062375 -0.728069484
vn 0.000668503053 -0.000137522991 -0.999999762
vn -0.985106289 -0.167986393 -0.0366899557
vn 0.99051708 -0.136672884 0.0140112257
vn -0.000895760313 0.000793512852 -0.999999285
vn 0.991427481 -0.130486831 0.00667982642
vn -0.0679007694 -0.268864691 -0.960781634
vn 0.0662271753 -0.268147439 0.96109885
vn -0.991665184 -0.128811702 -0.00277794269
vn 0.665486634 0.745902598 0.0275145043
vn 0.665486634 0.745902538 0.0275145043
vn -0.485620737 0.866553783 0.115139119
vn -0.485620767 0.866553724 0.115139127
vn -0.485620707 0.866553724 0.115139112
vn 0.969911575 -0.226965338 0.0880804956
vn 0.967055917 -0.242740914 0.076679036
vn 0.994105637 -0.102116801 0.036417827
vn -0.000102875834 -2.59592002e-06 -1
vn -0.982706904 0.109994516 0.148957849
vn -0.969517052 0.160949454 0.184748292
vn -0.934724927 0.253537536 0.24901399
vn 0.999999881 0.000366652821 0.000272678852
vn 0.12183933 0.0540252104 -0.991078377
vn -0.999999821 -0.000143022509 0.000633256161
vn -0.124299817 -0.0230420399 -0.991977096
vn 0.0649325028 0.0407197699 0.997058511
vn -0.997386992 0.00207341928 0.0722148493
vn 0.00894722715 -0.330319792 0.943826616
vn 0.0173626076 -0.251361728 0.967737496
vn -0.0865451992 -0.00515825488 0.996234596
vn 0.986166477 0.164870679 0.0171264876
vn 0.945361972 0.325889766 0.00930263475
vn 0.00980662461 0.0068934029 0.999928176
vn -0.98171556 0.188406035 0.0271592364
vn -0.947083533 0.319739699 0.0282692425
vn -0.912150681 0.409585238 0.0148707516
vn -0.0161408931 0.00675337715 0.999846876
vn 0.50916934 -0.00566632207 0.860647678
vn 0.970669746 -0.240214452 -0.0098545393
vn 0.999997675 0.00183811155 -0.00117345143
vn 0.948716938 0.316125989 -0.000747322163
vn -0.117239311 -0.416120917 -0.901719689
vn -0.117239311 -0.416120887 -0.90171963
vn -0.965468347 0.170520648 -0.196961075
vn 0.0613139682 -0.450400889 0.890718579
vn -0.503127694 -0.00439304719 0.86420083
vn -0.965771794 -0.259392321 0.00074107328
vn 0.958664477 -0.28452152 -0.00313482457
vn -3.97743097e-05 -0.000325368892 -1
vn -0.997385919 -0.0721708685 -0.00357874297
vn 0.00838389248 -0.717327595 0.696685553
vn -0.000567508396 -0.723174512 0.690665066
vn 0.0578972846 -0.683016717 0.728104353
vn 0.997530103 -0.0702202171 0.00168666581
vn -0.00830091257 -0.717375934 -0.696636736
vn 0.000631313887 -0.72321105 -0.6906268
vn -0.0577992462 -0.683072507 -0.728059888
vn 0.0494555719 -0.753188908 -0.655942559
vn -0.999999762 0.000564458081 0.000275750004
vn -0.0494158119 -0.753162503 0.655975938
vn 0.999998927 0.0010804038 -0.000890725583
vn 0.04598343 -0.188524336 -0.980991364
vn -0.962360024 -0.271547049 -0.0111896507
vn 0.0306979883 -0.169661805 -0.985024095
vn 0.964226365 -0.264910817 0.00946954079
vn -0.042369511 -0.183711588 0.982066631
vn -0.0309991427 -0.169730887 0.985002756
vn -0.666181087 -0.745279789 0.0275812671
vn -0.666181087 -0.745279849 0.0275812689
vn -0.666181028 -0.745279729 0.0275812652
vn -0.0504279844 -0.788429379 0.613054812
vn -0.0685300156 -0.795819104 0.60164398
vn 0.0606645904 -0.560143888 0.826171041
vn -0.982740641 0.18450579 0.0133576989
vn -0.976360559 -0.0283858497 -0.214276418
vn -0.983095825 0.170534968 -0.0666360259
vn 0.000119702294 -0.000117959476 -1
vn 0.00114521955 -0.000412093155 -0.999999166
vn 0.00174056052 -0.000661806553 -0.999998271
vn -0.97954011 0.201204047 0.00427377457
vn 0.985939384 0.166709557 0.0114653325
vn -0.0117718941 -0.736227453 -0.676631808
vn -0.00237518176 -0.742004991 -0.670390248
vn -0.0614828952 -0.703671515 -0.707860351
vn 0.0117788464 -0.73638469 0.676460564
vn 0.00237185904 -0.742168069 0.670209587
vn 0.0615749881 -0.703771114 0.707753301
vn 0.981539667 0.191235751 0.00295119127
vn 0.0182968136 -0.507238507 0.861611485
vn 0.0465075113 -0.770132601 -0.636186242
vn -0.0465973504 -0.77033931 0.635929227
vn -0.999999583 0.000845850096 0.000181770039
vn 0.999999344 0.000839202548 -0.000788109086
vn 0.981691897 0.190473989 -0.000823935203
vn -0.980896175 0.194433525 -0.0061849081
vn 0.907013476 0.419940472 0.0312504359
vn 0.922848701 0.385146976 0.00345802004
vn 0.923877299 0.382688731 2.33663832e-05
vn 0.844958365 0.534827292 -0.00228471239
vn -0.00321285822 -0.00133093318 -0.99999398
vn -0.00321285846 -0.00133093318 -0.99999404
vn -0.807792485 0.587225795 0.051352039
vn -0.92388171 0.38267836 2.56591866e-05
vn -0.924896598 0.380218834 9.57740995e-05
vn 0.000872774457 -0.000361565821 -0.999999523
vn 0.000872774574 -0.000361565821 -0.999999583
vn 0.000872774515 -0.000361565792 -0.999999464
vn 0.141670421 -0.811781228 -0.566516399
vn 0.0599945746 -0.836590171 -0.544534087
vn 0.0615177713 -0.837238789 -0.543366194
vn 0.0542206429 -0.834101856 -0.548939288
vn -0.0778982416 -0.837041438 0.541565657
vn -0.0589259602 -0.831068516 0.55303961
vn -0.926334441 0.376124948 0.0208491161
vn 0.0670448393 -0.839564025 -0.539107978
vn 0.95067364 0.310053796 0.0092910286
vn 0.915988147 0.401204139 -0.000922694977
vn 0.92350626 0.38345629 0.00986357033
vn 0.825592816 0.563230753 0.0341700613
vn 0.0126651647 0.0173542872 0.999769211
vn 0.0126651656 0.0173542853 0.999769211
vn -0.92409426 0.382163465 0.00101551192
vn -0.800349057 0.599523365 -0.00363096083
vn 0.0770546645 -0.0271929484 0.996656001
vn 0.0770546645 -0.0271929484 0.996655941
vn 0.0770546645 -0.0271929465 0.996655941
vn -0.927161515 0.365913063 -0.0804935843
vn -0.634830773 0.257364482 0.728528202
vn 0.709750175 0.302222013 0.636330545
vn -0.0892645866 -0.992727697 0.0807684585
vn -0.0787601694 -0.992572725 0.0927160829
vn -0.180052251 -0.9833529 -0.0244625211
vn 0.0420439877 -0.973021805 0.226850182
vn 6.50799557e-05 -2.76358423e-05 -0.99999994
vn -0.0196335129 -0.488849044 -0.872147322
vn 0.00984487683 -0.513125062 0.858257413
vn 0.000302457629 -0.000449210289 -0.999999821
vn 0.0915794447 -0.876580715 -0.472460926
vn 0.0205531158 -0.742056787 -0.670021892
vn 0.0120025212 -0.847205102 -0.531130314
vn -0.0902590677 -0.875586689 0.474553615
vn -0.0179944951 -0.737209082 0.675424993
vn -0.0111081358 -0.846983314 0.531503439
vn 0.912968218 -0.408030778 0.000331249816
vn -0.077863574 -0.894072294 -0.44110325
vn -0.909712374 -0.41523844 0.00070526026
vn 0.0491830185 -0.622832775 0.780807555
vn 0.910589457 0.308148801 -0.275447041
vn -0.906243861 0.420272261 -0.0457532108
vn -0.966989875 0.254071772 0.0194441006
vn 0.951615691 0.307288468 0.00117326318
vn 0.000150680848 -0.000105075502 -1
vn -0.821450472 -0.570274413 0.0025182704
vn 0.817512989 -0.575891197 -0.00468131527
vn -0.940615058 -0.310306847 -0.137670308
vn -0.938468754 -0.344776362 0.020137351
vn 0.933494389 -0.358301282 0.0144383358
vn 0.961612821 -0.274241537 0.00961077865
vn 0.938440502 -0.345336288 -0.00850865711
vn 0.817697108 -0.575643241 -0.00250895647
vn -0.832575202 -0.553884566 0.00551387342
vn -0.842285156 0.480065048 0.245139524
vn -0.0122261504 -0.845990241 -0.533058286
vn -0.0110744359 -0.754563451 0.656133652
vn 0.952588916 0.304162025 -0.0077457265
vn -0.939303041 0.34302038 0.00685067661
vn -8.98992439e-05 -0.000166886646 -0.99999994
vn -0.890258312 -0.45544675 -0.00290896394
vn -0.0202016477 -0.840226471 -0.54185909
vn 0.0991802216 -0.926379263 -0.363297254
vn 0.888842762 -0.458202869 0.00295884162
vn 0.0206643306 -0.840840757 0.540888011
vn -0.0997086987 -0.927802026 0.359501719
vn 0.932710886 -0.358862609 -0.0356125757
vn -0.929439187 -0.368959367 0.00341662369
vn 0.767502069 0.0961214006 -0.633799076
vn 0.846765816 0.447162926 0.288154423
vn 0.451764822 -0.0160663147 0.89199245
vn -0.0586280338 -0.990492284 -0.124449775
vn -0.944947898 0.327209383 0.00271304953
vn 0.96034193 0.278802007 -0.00360583141
vn -0.949361324 0.314181864 0.00168892881
vn -0.448930055 -0.0121875349 0.893483758
vn 0.0221938007 -0.999749184 0.00299654528
vn 0.0480907634 -0.998829663 0.00516253477
vn 0.020619398 -0.999783218 0.00286483858
vn 0.0495308451 -0.998758554 0.0052829585
vn -0.0213490613 -0.999771655 0.000903836335
vn -0.0169245899 -0.999855876 0.0012781159
vn -1.11918907e-05 0.000204018274 -0.999999881
vn -0.854205191 -0.519453108 -0.0224014744
vn -0.83868897 0.344994843 -0.421401501
vn 0.645707786 -0.763581574 0.00213628751
vn 9.788856e-06 0.000669893459 -0.999999702
vn 0.573521137 -0.819182992 0.0035556911
vn -0.000190548351 0.000199920207 -0.99999994
vn -0.0035484652 0.99864167 0.0519834906
vn 0.00370812276 0.999984264 -0.00420824206
vn -0.00291668368 0.998886168 0.0470943935
vn 0.00437277835 0.999946713 -0.00935897417
vn -0.000870355521 -0.000593173318 0.999999404
vn -1.30115868e-05 1.01951146e-05 0.99999994
vn -0.000468270329 -0.000246878015 0.999999821
vn 0.000719462987 -0.000388435088 0.999999642
vn 0.00132724096 -0.000896919461 0.999998748
vn 0.91600883 -0.400819749 -0.0164717622
vn 0.000693641952 -0.000427729188 -0.999999583
vn -0.829391003 0.549852431 0.0988569632
vn -0.665590286 -0.746317327 3.23957138e-05
vn -0.604698718 -0.796434641 -0.00559378974
vn -0.000262786663 6.20691708e-06 -0.99999994
vn -0.000261801062 -3.76093922e-05 -0.999999881
vn -0.999761283 0.0177966449 0.0126836095
vn -0.999217689 0.0146647412 -0.0367271975
vn -0.999290764 0.0147986906 -0.0346273445
vn -0.999693573 0.0180635899 0.0169257727
vn 0.999101877 0.0192189515 -0.0377627648
vn 0.999455035 0.0149084926 0.0294504277
vn 0.99898386 0.0194041952 -0.0406781919
vn 0.000351858907 -0.00139688479 0.999999046
vn 0.00106285862 -0.00150895154 0.999998271
vn 0.999387026 0.0147600286 0.031744469
vn 0.609704256 0.0543384738 -0.790764213
vn 0.73287946 -0.00545352744 -0.680336654
vn 0.586628497 0.284835845 0.758113146
vn -0.435694516 -0.0151767386 0.899966657
vn 0.476577282 -0.010799773 0.879066229
vn -0.41337049 -0.00687680673 0.910536885
vn -0.231066972 0.969777226 0.0783599541
vn -0.231066957 0.969777226 0.0783599466
vn -0.797415614 0.527264416 -0.29346329
vn 0.793295622 0.570995152 -0.211297259
vn 0.275253028 0.619659185 -0.735022664
vn 0.271995515 0.635638416 -0.722483397
vn 0.269554466 0.647089124 -0.713173151
vn 0.254134029 0.643933237 0.721641004
vn 0.254767448 0.641296327 0.723762691
vn 0.253659189 0.645896912 0.720051527
vn 0.678867102 0.671339095 0.297394216
vn -0.709835291 0.667889833 0.223734349
vn -0.000282400753 5.63497952e-06 -1
vn -0.367857695 0.611791193 -0.70028013
vn -0.367857695 0.611791134 -0.70028007
vn 0.277446508 0.608409047 -0.743546903
vn -0.361761928 0.560499787 0.744961977
vn -0.361761928 0.560499787 0.744961917
vn -0.468882173 0.562758207 0.680773556
vn 0.255255342 0.639251471 0.725397885
vn 0.685268342 0.264285266 -0.678646147
vn -0.904605269 -0.426067203 0.0124961296
vn 0.200699955 -0.1620235 -0.96616143
vn 0.20069994 -0.162023485 -0.96616137
vn 0.200699955 -0.1620235 -0.966161489
vn 0.518456101 0.437124789 0.734931946
vn 0.874262333 -0.484943807 -0.0222485568
vn -0.251769394 -0.638644755 -0.727148533
vn -0.25831461 -0.603408813 -0.754434466
vn -0.262900054 -0.576051056 -0.773982406
vn -0.802817047 -0.59517163 0.0354336128
vn 0.387727201 -0.572997332 0.722039819
vn 0.367093056 -0.563643634 0.7399652
vn 0.351194352 -0.55621475 0.753185034
vn 0.335064024 -0.548487127 0.766090035
vn -0.297672391 -0.649168968 0.699979126
vn -0.258787245 -0.624335945 0.737043917
vn -0.281380862 -0.638961017 0.715928495
vn -0.241341382 -0.612683475 0.752577841
vn 0.167251363 -0.650087535 -0.74122411
vn 0.167251378 -0.650087595 -0.74122411
vn 0.167251378 -0.650087535 -0.741224051
vn -0.654175699 0.756301582 0.00786811113
vn -0.636262834 0.771298051 0.0163972452
vn -0.693365335 0.720494092 -0.0115261078
vn -0.709766269 0.704153895 -0.0199743882
vn -0.246587187 -0.663931429 -0.705967307
vn 0.696111262 0.717922151 -0.00412939768
vn 0.67750597 0.735390484 -0.013655548
vn 0.669695795 0.742427409 -0.0175766461
vn 0.703985155 0.710214674 -1.50911928e-05
vn 0.799477935 -0.599810302 -0.0325976051
vn 0.811069489 -0.584606647 0.0200329367
vn -0.397646159 -0.917531669 0.0036295543
vn -0.478470713 -0.878098845 0.00285985554
vn -0.427615732 -0.903960407 0.000619729282
vn -0.324065149 -0.94597584 0.0105506256
vn -0.322098166 -0.946704388 0.001882602
vn -0.000110353576 4.0874249e-05 -1
vn -0.000283435511 9.39341553e-05 -0.999999881
vn 0.256846994 -0.966396987 0.0103220232
vn 0.451464444 -0.892271996 0.0055159172
vn 0.422204852 -0.906489849 0.00436263345
vn 0.383045554 -0.923725963 0.00251605571
vn -0.743892908 -0.02883338 -0.667676508
vn -0.60610944 0.0547946543 -0.793491602
vn -0.641389251 0.205459833 -0.739192963
vn 0.655026734 0.449411154 -0.60742867
vn 0.655026793 0.449411154 -0.60742867
vn 0.141233012 -0.989898264 0.0124449227
vn -3.68299152e-06 5.49924553e-05 -0.99999994
vn 0.801822484 0.152886331 0.577673256
vn 0.000457263319 0.000349259266 -0.999999881
vn 0.923119187 0.384506851 0.00232860772
vn -0.924266577 0.381747156 0.000650562986
vn -0.811601698 0.166400343 0.560012102
vn -0.814982474 0.142073914 0.561799407
vn -0.823388755 0.047371015 0.56549722
vn -0.999656558 -0.0235276446 0.0115443543
vn -0.999433577 -0.00255938666 0.0335552655
vn -0.99854672 -0.00298426952 0.0538093671
vn -0.909375966 0.0151438154 0.415699422
vn 0.900317609 0.0420586653 0.433196545
vn 0.986354411 0.00251921779 0.164616719
vn 0.999216437 0.0120768426 0.0376921743
vn 0.999795914 -0.0161843337 0.0120864846
vn 0.999695361 -0.0113193998 0.0219292156
vn -0.977769613 0.00247994228 0.209667459
vn 7.74827186e-06 -2.26919128e-05 -1
vn 0.918263912 0.393901497 0.0404091403
vn 0.0474513993 0.0727940127 0.996217608
vn 0.816444635 0.00595211657 0.577393115
vn -0.923979044 0.382441968 -0.000939500867
vn -0.884001732 0.46748358 -0.000264202594
vn 0.81384182 0.580955982 0.0123187499
vn 0.015541533 -0.0062747011 -0.999859512
vn -0.675769389 -0.737096786 -0.00490466086
vn -0.70833689 -0.705774307 0.0118956212
vn -0.721686542 -0.691958427 0.0190310609
vn -0.660915554 -0.750359356 -0.0123063345
vn 0.000344414584 -0.00122407777 0.999999166
vn -0.712693453 -0.00182201201 0.701473296
vn 0.374557197 -0.00484564388 0.927191138
vn 0.686985672 -0.726624608 0.00820890255
vn 0.687426031 -0.72620523 0.0084503917
vn 0.68679285 -0.726807952 0.00810324214
vn 0.687626421 -0.726014197 0.00856032688
vn 0.255929857 -0.966552854 -0.0165985841
vn 0.302188307 0.0253442917 0.952911139
vn -0.267912179 -0.962972403 -0.03011919
vn -0.594478071 0.0274594575 0.803642869
vn -0.998948872 0.0455791764 -0.00486301677
vn -0.999819994 0.018792402 -0.00261343317
vn -0.998879373 0.0470648408 -0.00498776231
vn 0.999604821 0.0279667005 0.00281485985
vn 0.999691963 0.00773323281 -0.0235850029
vn 0.999994218 0.003325884 0.000737687864
vn 0.999553502 0.0297354832 0.0029374212
vn -0.999849498 0.0171699189 -0.00247715111
vn 0.201550499 -0.979397833 0.0125395386
vn 0.825485468 -0.0202157479 -0.564061224
vn 0.825485408 -0.0202157479 -0.564061224
vn -0.939142644 0.0757814348 0.33506465
vn -0.70148176 0.0279924441 0.712137401
vn -0.863363862 -0.0179136992 0.504263818
vn 0.035832379 0.0226739775 -0.999100506
vn -0.529911637 -0.00073804491 -0.848052561
vn -0.749163747 -0.0102902725 -0.662304938
vn -0.638575733 0.03805447 -0.76861757
vn 0.510114789 0.0462989546 0.858859301
vn 0.577492416 0.00619986048 0.816372514
vn 0.756354392 0.0275208931 0.653582931
vn 0.80541867 0.00148098334 0.592704415
vn -0.549995065 0.0111528244 0.835093439
vn 0.970559418 0.223709956 -0.0892650336
vn 0.955652237 0.275977731 -0.102786064
vn -0.874962032 0.0629459396 0.480082452
vn 0.000450176012 -4.59987423e-05 -0.99999994
vn -0.118784159 -0.992492259 -0.0291450471
vn -0.29389295 0.0542952642 -0.95429498
vn -0.0744135678 -0.997221291 -0.00350608071
vn -0.0267961249 0.0457618497 0.998592913
vn -2.2128379e-05 -7.5192489e-05 -0.99999994
vn 0.722213864 0.0233245548 -0.691276491
vn 0.722213924 0.0233245548 -0.691276431
vn 0.722213864 0.0233245529 -0.691276431
vn -0.478619128 0.00551062217 0.878005385
vn -0.128940344 0.0490297303 0.990439534
vn -0.0466133393 0.0719965249 0.996315002
vn -0.00906552747 -0.00420948723 0.999950111
vn -0.0551006235 0.0140637625 -0.998381793
vn 0.0813468471 0.00570315169 0.99666959
vn 0.114893109 0.044899486 -0.992362559
vn 0.172974095 0.0102011189 -0.984873474
vn -0.103467681 0.197126254 0.974902987
vn -0.0104144486 0.0116513064 0.99987787
vn 0.579971313 0.774087727 -0.253813952
vn -0.574087083 0.811086476 -0.112083182
vn 0.000449445768 0.000290777476 -0.999999821
vn 0.784488142 0.620139182 -0.0024208664
vn 0.753848433 0.656542599 0.0257735271
vn 0.00112322834 0.000368645269 0.999999225
vn -0.64430052 0.763164461 0.0495671891
vn -0.543056607 0.707360029 -0.452472508
vn -0.501987696 0.491547048 -0.711610734
vn 0.4468427 0.844262302 0.295892954
vn -0.419023454 0.886163414 0.197822005
vn 0.759438515 -0.650564671 0.00433332752
vn 0.700892925 -0.711194873 -0.054320693
vn -0.76404506 -0.645002544 -0.0143801384
vn -0.701523304 -0.710727632 0.0522617884
vn -0.723607183 -0.68960464 -0.028948931
vn -0.661411285 -0.749172747 -0.0357109085
vn 0.71456933 -0.69934541 0.0175081324
vn 0.654413283 -0.755530119 0.0302923992
vn 0.000514066371 -0.000479488401 -0.999999702
vn 0.449272364 0.59478569 -0.666621566
vn 0.510140419 0.285450369 -0.811341345
vn -0.459903985 0.443715721 -0.769158363
vn 0.172802299 0.596170425 0.784040987
vn 0.494566888 -0.868837595 -0.0229080599
vn -0.495133609 -0.868512869 0.0229768194
vn -0.000149400701 -0.000493742584 -0.999999821
vn -0.259190261 0.896726668 -0.358749956
vn -0.400823355 0.911957026 -0.0876075327
vn 0.291397691 0.956600547 0.00164400111
vn 0.393283755 0.914375663 -0.0961514488
vn 0.191707343 0.981431425 -0.00636896957
vn 0.341079801 0.939986587 0.00948400516
vn 0.301185906 0.953563571 0.00185684511
vn 0.237829074 0.97130692 0.000481612544
vn -0.278230846 0.960510612 -0.00264174771
vn -0.295764416 0.955251217 -0.00431093434
vn -0.218911171 0.975743651 -0.00146682258
vn 0.416651726 0.795775175 -0.439480454
vn 0.181958959 0.94894731 0.257662207
vn -0.236189991 0.938262641 0.252739847
vn -0.685639858 0.58452934 0.433847487
vn -0.680068195 0.59680748 0.425826311
vn -0.690346956 0.573736668 0.440734923
vn 0.510508001 0.542992413 0.666738987
vn 0.534126103 0.518827677 0.667478323
vn 0.581114531 0.466876715 0.666582346
vn 0.526112676 0.523057997 -0.670533836
vn 0.528662562 0.512369812 -0.676751792
vn 0.511497736 0.577299714 -0.636470914
vn -0.526222646 0.523165882 0.670363367
vn -0.528775513 0.512466431 0.676590502
vn -0.51157707 0.577504396 0.636221409
vn 0.441309899 0.524016559 0.728458881
vn 0.50091058 0.513233066 0.696907818
vn 0.511463821 0.511022151 0.6908409
vn 0.567507982 0.497621775 0.655978084
vn -0.44142139 0.523987949 -0.728411674
vn -0.501005828 0.513209701 -0.696856499
vn -0.511538029 0.511003792 -0.690799534
vn -0.567557812 0.497612953 -0.655941725
vn -0.540887296 0.454423964 0.707771063
vn 0.540754914 0.454433262 -0.707866192
vn -0.387604594 0.834251285 -0.392157495
vn -0.658236206 0.731671035 -0.177151278
vn -0.560701251 0.788085878 -0.254037201
vn -0.454815388 0.867834985 -0.200013608
vn -0.705876708 0.708334267 -0.000821250142
vn -0.706420183 0.707792759 -0.000102919475
vn -0.705738425 0.708471954 -0.000964931853
vn 0.656811893 0.703348815 0.271842986
vn 0.727945685 0.675580978 0.11698474
vn 0.700293422 0.709164977 -0.0816965178
vn -0.071804449 0.694736898 0.715670943
vn -0.677605689 0.602074564 0.422323287
vn 0.707915723 0.706296861 -0.000296245358
vn 0.707388937 0.706824601 0.000142167861
vn 0.707945645 0.70626682 -0.000414228911
vn -0.589742422 0.615989685 -0.522264957
vn -0.564352393 0.669754744 -0.482633322
vn -0.511024594 0.758399487 -0.404578805
vn 0.767093718 0.576867342 -0.280697763
vn 0.691570103 0.547927618 0.470644176
vn 0.35216552 0.909409404 0.221255168
vn 0.35216552 0.909409523 0.221255168
vn 0.35216552 0.909409463 0.221255183
vn -0.15107505 0.702562749 0.695400596
vn -0.151075035 0.70256263 0.695400536
vn 0.592669487 0.453227878 0.665828288
vn 0.395934403 0.851432383 -0.343946069
vn 0.395934373 0.851432383 -0.343946069
vn 0.395934403 0.851432323 -0.34394604
vn 0.349446952 0.706577361 -0.615333617
vn -0.117031872 0.966588497 -0.228057668
vn -0.376317173 0.554902852 -0.741935372
vn 0.707077742 0.707135797 0.000202019015
vn -0.62625587 0.516477108 -0.583999157
vn -0.706484914 0.707727849 0.000493320287
vn -0.706525326 0.707687736 7.32910412e-05
vn 0.293936789 0.344177127 -0.891708076
vn 0.294120669 0.349084377 -0.889737666
vn 0.296073914 0.449573815 -0.842747569
vn 0.707014084 0.707199216 -0.000564177288
vn 0.707128525 0.707084835 -0.000476209272
vn -0.76689893 0.513311684 0.385197788
vn -0.76689887 0.513311625 0.385197759
vn -0.290843964 0.311558485 0.904622018
vn -0.288954854 0.292597622 0.91153264
vn -0.302791148 0.48552686 0.82011044
vn -0.706909716 0.707303762 -0.000256145664
vn -0.706908762 0.707304597 -0.000544048438
vn 0.242102072 0.182680741 0.952897847
vn 0.240452573 0.172307536 0.955244839
vn 0.265861988 0.356137246 0.895814538
vn -0.216402903 0.976281404 0.00666555669
vn -0.0534877814 0.0988682434 0.99366194
vn -0.0555474125 0.544999957 0.836593986
vn -0.0555474162 0.545000017 0.836594045
vn -0.0555474125 0.544999957 0.836594045
vn -0.0258303806 0.227064267 0.973537207
vn 0.00093237526 0.00150872103 0.999998331
vn 0.0535366088 0.99850899 0.0106584728
vn -0.344549567 0.920465112 -0.184471235
vn 0.611845374 0.55125314 -0.567243636
vn 0.611845315 0.55125308 -0.567243576
vn -0.134952202 0.990809262 0.00922587421
vn -0.166384712 0.836764336 -0.521671832
vn 0.599754989 0.490390867 0.63230592
vn -0.281273097 0.751551628 0.596703947
vn -0.281273127 0.751551688 0.596703947
vn -0.281273097 0.751551628 0.596703887
vn -0.65440619 -0.756054163 0.0116046509
vn 0.513082981 -0.501616955 0.696509957
vn 0.510903418 -0.511996746 0.690533996
vn 0.523802996 -0.442618072 0.72781837
vn 0.654179096 -0.756246984 -0.0118389679
vn -0.513055384 -0.501723945 -0.696453214
vn -0.510880828 -0.512081385 -0.690487862
vn -0.523769617 -0.442749292 -0.727762699
vn 0.0378765278 0.721954167 0.690903485
vn 0.0378765278 0.721954167 0.690903425
vn 0.037876524 0.721954107 0.690903425
vn 0.204324126 0.97848171 0.0287227351
vn 0.577620924 -0.511883318 -0.635869145
vn 0.522958636 -0.526619315 -0.670213699
vn 0.512188971 -0.529187202 -0.676478565
vn 0.45379141 -0.54135412 -0.707819998
vn -0.577831268 -0.511961639 0.635614872
vn -0.523074508 -0.526728392 0.670037508
vn -0.512293458 -0.529299438 0.676311851
vn -0.453791618 -0.541486025 0.707718909
vn 0.0276660323 0.962177217 0.271015644
vn 0.706739664 0.707473755 0.000178256567
vn 0.127467781 -0.124054223 -0.984054208
vn 0.126911044 -0.118851252 -0.984767973
vn 0.102893837 0.082968466 -0.991226077
vn 0.287458241 0.22905089 -0.930001915
vn -0.2635701 0.0969385728 0.95975709
vn 0.210541978 0.0051030349 0.977571487
vn -0.497610807 -0.567546844 -0.655952752
vn 0.49762246 -0.567493856 0.655989766
vn 0.356562912 0.934256077 -0.00533645507
vn 0.126332268 0.991987228 0.0012130104
vn 0.500269711 0.865376115 0.0292325988
vn 0.639665842 0.768649518 -0.00238114945
vn -0.102874249 0.864151597 0.492604256
vn -0.102874242 0.864151597 0.492604256
vn -0.102874257 0.864151657 0.492604285
vn 0.094393529 0.978429317 0.183755383
vn 0.0103542916 0.999937057 0.00431169244
vn 0.203285009 0.863002241 0.462495863
vn -0.0033793929 0.999990225 0.0028420405
vn -0.305069417 0.8792696 0.36581102
vn -0.118401259 0.979866624 0.160756275
vn 0.412487984 0.848161161 0.332379788
vn 0.412488014 0.848161161 0.332379788
vn 0.412487954 0.848161161 0.332379788
vn -0.535558939 0.82557112 0.17778863
vn -0.535558999 0.825571179 0.177788645
vn 0.527538121 0.849418759 -0.0138322646
vn 0.527538121 0.849418819 -0.0138322655
vn -0.565485179 0.814483941 -0.129778296
vn -0.56548506 0.814483941 -0.129778296
vn -0.56548512 0.814484 -0.129778296
vn 0.468795627 0.86096698 -0.197399452
vn 0.468795657 0.86096704 -0.197399452
vn -0.430720896 0.79973942 -0.418206036
vn -0.430720896 0.79973948 -0.418206096
vn -0.385177791 -0.523686886 -0.759862006
vn -0.385177791 -0.523686886 -0.759861946
vn -0.385177791 -0.523686826 -0.759861887
vn -0.736896873 -0.629544973 -0.246284425
vn -0.736896873 -0.629545033 -0.246284455
vn -0.736896873 -0.629545033 -0.24628444
vn -0.486560464 -0.305581301 0.818461359
vn 0.121664435 -0.846895397 -0.517654359
vn 0.121664442 -0.846895397 -0.517654419
vn 0.121664435 -0.846895337 -0.517654359
vn 0.498317659 -0.807010889 -0.316879958
vn 0.498317599 -0.807010829 -0.316879928
vn -0.737431705 0.436924785 0.515064299
vn -0.144263849 0.989538491 -0.00128417695
vn -0.47995317 0.877292931 -0.00141541124
vn 0.0164178368 0.999826908 0.00874404889
vn -0.0269761141 0.999574482 0.0110977245
vn -0.000394797156 -0.000709183107 -0.999999642
vn -0.0113959145 0.999935031 0.000134400034
vn -0.000214250031 0.999979436 0.00642095227
vn 0.00508154975 0.999986887 0.000606399903
vn -0.00013328217 0.999990642 -0.00433192495
vn 0.279827029 0.955984354 0.0882648677
vn -0.269819558 -0.932199955 -0.24124819
vn -0.269819558 -0.932199895 -0.241248205
vn -0.269819528 -0.932199836 -0.241248176
vn -0.262280613 -0.957098484 0.123171739
vn -0.262280643 -0.957098544 0.123171754
vn -0.262280643 -0.957098484 0.123171754
vn 0.190747425 -0.946541607 -0.260143071
vn 0.19074744 -0.946541548 -0.260143101
vn 0.190747425 -0.946541488 -0.260143071
vn 0.271052837 -0.953922331 0.128695846
vn 0.271052867 -0.953922391 0.128695846
vn 0.00153011107 0.999970973 0.00746053364
vn 0.131359264 0.953687131 -0.270602077
vn 0.00484214025 0.99899596 -0.0445374176
vn 0.00400360301 0.999169469 -0.0405503325
vn 0.0149154346 0.99752903 -0.0686538666
vn -0.00592597527 0.99988395 -0.014030735
vn 0.000240423149 0.99992007 -0.0126462532
vn -0.00540583907 0.99994874 -0.00856205169
vn 0.0106122717 0.99986428 -0.0126054594
vn 0.00598451495 0.999976099 -0.00345768244
vn -0.0125638694 0.999881387 -0.00890317839
vn 0.00806808099 0.999967456 -0.000334839337
vn 0.0046502687 0.999982059 0.00377915171
vn -0.00567897409 0.999973178 -0.0046222005
vn 0.0437131636 0.998939037 -0.0144833
vn 0.0181173328 0.999834299 0.00173854339
vn -0.0104916506 0.999939203 0.00341709238
vn -0.0127657065 0.999909997 0.00413300563
vn 0.0190324858 0.999815464 0.00259776879
vn -0.0136037059 0.99989903 0.00412051054
vn 0.0175471269 0.999842882 0.00250539579
vn 0.0152298678 0.999881446 0.00227868813
vn -0.0135936579 0.99986577 0.0091473069
vn -0.0128132869 0.999874294 0.00933129899
vn 0.00847197697 0.999949634 0.00536820898
vn -0.00772760995 0.999862432 0.0146762049
vn -0.00425722869 0.999858141 0.0163004324
vn -0.00396603253 0.999991953 -0.000625845452
vn 0.00692945998 0.999972761 0.00255429582
vn -0.0058462359 0.999981344 -0.00179292727
vn -0.0100424737 0.999915898 -0.0082119992
vn -0.706916511 0.707297027 9.45569263e-05
vn 0.706176877 0.70803535 -0.000425577135
vn 0.14553985 -0.314059377 -0.938181579
vn -0.369876772 -0.435836494 -0.820510626
vn -0.365859091 -0.468209833 -0.804317653
vn -0.38050139 -0.310310096 -0.871163726
vn 0.536000431 -0.432078451 0.725266635
vn 0.529860377 -0.478485852 0.70021379
vn 0.545445025 -0.244322956 0.801745594
vn -0.706943154 0.707270503 -0.000127931926
vn -0.412660658 -0.244021177 0.877590477
vn -0.412660629 -0.244021147 0.877590418
vn -0.412660599 -0.244021162 0.877590358
vn -0.70693028 0.707283258 7.24233996e-06
vn 0.706241786 0.7079705 -0.000246454874
vn 0.000234050589 -0.000452139851 -0.999999881
vn 0.644359469 0.758719444 -0.09563265
vn 0.527055919 0.849388123 0.027418714
vn -0.72026974 0.693664134 0.00643677264
vn -0.425170332 -0.905052423 -0.0105115417
vn 0.425151229 -0.905061603 0.0104891211
vn -2.00826489e-05 -5.0079896e-05 -1
vn 0.714304805 -0.598984778 -0.361920059
vn 0.715900004 -0.594860375 -0.365552068
vn 0.736106277 -0.533882022 -0.416074276
vn -0.348942637 -0.571675181 -0.74258101
vn -0.47574544 -0.725623906 0.49712792
vn -0.47574544 -0.725623906 0.497127891
vn -0.475745499 -0.725623965 0.49712792
vn -0.678695023 0.728454709 -0.0934170708
vn -0.0056992243 0.014202999 0.999882936
vn -0.560266256 0.828044534 -0.0210700389
vn 0.678891063 -0.674783349 -0.289438188
vn 0.484213561 -0.668486416 0.564502537
vn -0.820801318 -0.566175461 0.0756993741
vn -0.820801377 -0.566175461 0.0756993815
vn -0.820801377 -0.566175461 0.0756993741
vn 0.00463863229 0.00859393366 0.999952316
vn 0.636369884 0.771133006 0.019676581
vn -0.634056389 0.773258626 -0.00661983155
vn 0.452779502 0.891385198 -0.020571107
vn 0.602122366 0.798284113 -0.0138245113
vn -0.00116677757 0.0157902334 0.999874651
vn -3.60591985e-05 0.000209187434 -0.99999994
vn -0.195407048 -0.980706632 0.00552332914
vn 0.194919154 -0.980802119 -0.00580817647
vn -2.86238537e-05 0.000291807431 -0.99999994
vn 0.125921831 -0.991483569 -0.0332279764
vn -0.12549825 -0.991551638 0.0327956453
vn -7.21639753e-06 0.000191481173 -1
vn -9.16062636e-05 0.0001241633 -1
vn 0.211826235 0.977206886 0.0140148187
vn -0.350953996 0.936330199 0.0108169867
vn -2.16378103e-05 0.000360292703 -0.999999881
vn 0.0598469749 -0.998058677 0.0172402076
vn -0.000333441159 -0.999747276 -0.0224797409
vn -0.0602606013 -0.998024583 -0.0177683346
vn -0.000183636046 -0.999772131 0.0213462207
vn -0.341757596 0.939781725 0.00343834283
vn 0.822369814 0.000611150579 -0.568953037
vn 0.810809016 -0.0175057333 -0.585048974
vn 0.887103975 0.128804773 -0.443233371
vn -0.822393477 0.0006099905 0.568918645
vn -0.810834527 -0.0175048616 0.585013688
vn -0.88712728 0.128812522 0.443184614
vn -0.73473686 -0.172970429 -0.655929148
vn -0.73473686 -0.172970429 -0.655929089
vn -0.734736919 -0.172970444 -0.655929089
vn 0.734730303 -0.172989771 0.655931413
vn 0.734730244 -0.172989741 0.655931354
vn 0.71120584 -0.146418303 -0.687566698
vn -0.711226702 -0.146425605 0.687543571
vn -0.426955014 0.185831562 -0.884972334
vn -0.426955014 0.185831577 -0.884972394
vn 0.426955074 0.185830072 0.884972632
vn 0.426955074 0.185830057 0.884972572
vn 0.426955104 0.185830057 0.884972632
vn -0.000436350587 0.99999994 -0.000225223717
vn -0.000204199081 1 0.000134396338
vn -0.000215095351 1 0.000348050235
vn -0.455976784 -0.054978516 -0.888291955
vn -0.456450552 -0.0555850267 -0.888010859
vn -0.451494873 -0.0492586792 -0.890913069
vn 0.00019860483 0.999999881 0.000134111382
vn 0.665857494 -0.0797462687 -0.741804779
vn 0.636891901 -0.0401424579 -0.769907355
vn 0.50702709 0.112658493 -0.854535818
vn -0.000333453907 0.999999881 -0.000211153034
vn -0.460207254 -0.060406629 -0.885754108
vn 0.000333277218 1 0.000210373648
vn 0.749680698 -0.215064019 -0.62588048
vn -0.000199637027 1 -0.000134236718
vn -0.999474943 -0.031607978 -0.00712169707
vn -0.998595297 -0.0513189957 0.0131807085
vn -0.990465164 0.0745080113 -0.11587663
vn -0.982922018 -0.146369174 0.111535892
vn 0.000437231181 0.999999881 0.000225295182
vn 0.942846537 -0.0361269452 0.331263334
vn 0.945609808 -0.0305784624 0.323862612
vn 0.986248612 0.118312798 0.115394115
vn 0.000204037831 0.99999994 -0.000133104884
vn 0.844101667 -0.174474284 0.507002115
vn 0.000214841348 0.999999881 -0.000345566048
vn -0.359159768 0.00623458764 0.933255255
vn -0.333749741 -0.0169007126 0.942510247
vn -0.504673243 0.147665441 0.850587904
vn 0.448583007 0.124587111 0.885014832
vn 0.448583007 0.124587126 0.885014892
vn -0.178735822 -0.150025621 0.972391784
vn 0.12239562 0.992324591 -0.0176401064
vn -0.0909987167 0.995813251 0.00867170561
vn -0.136951998 0.990471959 -0.0144738276
vn -0.122436225 0.992471576 -0.00307524856
vn -0.0457825586 0.998741448 -0.0204833224
vn -0.00812208932 0.999888539 0.0125325089
vn 0.0529050417 0.998485684 0.0150829423
vn -0.0036023953 0.999960423 0.00814902037
vn 0.185274482 0.0171224959 0.982537687
vn -0.253682792 0.0174878892 0.96712935
vn -0.143875703 -0.00831419323 0.989560843
vn 0.05828017 -0.0149463462 0.998188436
vn 0.267783135 -0.0117967585 0.96340698
vn 0.149101943 -0.0164328218 0.98868525
vn 0.174010575 -0.00497595128 0.984731257
vn 0.59324795 -0.00503513915 0.80500406
vn -0.000383068516 -0.999999642 0.000746542821
vn -0.000599905616 -0.999999702 0.000458439958
vn -5.01318245e-05 -1 6.25659013e-05
vn -7.56465715e-06 -1 -0.000209940292
vn -0.510803103 -0.0302650351 0.859164834
vn 6.52688104e-05 -1 0.000193499436
vn 0.000108178472 -0.99999994 0.000222754956
vn -0.000158005336 -1 2.63039801e-05
vn -0.000226907476 -0.99999994 -0.000239717032
vn 0.507638574 0.00105526694 0.861569524
vn 1.44300921e-05 -1 2.76695755e-05
vn -0.000194376247 -1 0.000207135745
vn -0.540878832 0.0151137952 0.840964615
vn 0.118115693 -0.0664931983 -0.990771115
vn 0.118115701 -0.0664931983 -0.990771115
vn 0.281490088 0.00536537496 -0.959549189
vn 0.415236026 -0.0399680771 -0.908835292
vn 0.228876889 0.0226027258 -0.97319299
vn -0.584250212 0.000242273469 0.811573565
vn -0.613334119 -0.0206496734 0.789553583
vn 0.459002465 -0.0553253889 -0.886710644
vn 0.63203615 0.0721930861 -0.771568835
vn 0.63203609 0.0721930787 -0.771568775
vn -0.000136218223 -1 -0.000168130282
vn -0.000233527171 -1 -7.41722033e-05
vn -0.958406627 -0.0260099974 -0.284218937
vn -0.860066354 0.0285105594 -0.509384751
vn -0.820257902 0.0444102511 -0.570267141
vn -7.64779979e-05 -1 -1.9567382e-05
vn -4.78647598e-06 -1 -1.25055994e-05
vn -0.993559301 -0.0559334829 -0.0985458419
vn -0.98230058 -0.0251806956 -0.185611129
vn -0.974651396 -0.0115738669 -0.22342962
vn -0.975646555 -0.0415555947 -0.215376318
vn -0.995512724 -0.066915527 -0.0669084415
vn 0.00010835845 -1 0.000128876665
vn 0.958406329 -0.0260108411 0.284219652
vn 0.975646019 -0.0415563025 0.215378687
vn 0.860068917 0.0285093021 0.509380698
vn 0.820261419 0.0444089398 0.570262194
vn 0.960037172 0.0454102531 0.276164353
vn 0.960037112 0.0454102494 0.276164353
vn 0.960037112 0.0454102531 0.276164353
vn -0.632032454 0.0721961558 0.771571398
vn -0.632032573 0.0721961632 0.771571457
vn -0.632032573 0.0721961632 0.771571517
vn 0.561094582 -0.112005666 0.820138812
vn 0.561094522 -0.112005666 0.820138812
vn -0.125794142 0.0618101135 0.990128994
vn -0.125794128 0.061810106 0.990128934
vn -0.125794142 0.0618101172 0.990128994
vn -0.118116058 -0.0664901063 0.990771234
vn -0.118116073 -0.0664901137 0.990771234
vn -0.118116066 -0.0664901063 0.990771174
vn -0.672838092 -0.0187441669 0.739552259
vn -0.791296661 -0.0107171591 0.611338615
vn 7.34210835e-06 -1 -2.57193551e-05
vn -4.24126119e-05 -1 -0.000106440508
vn 0.868813753 -0.0279986579 0.494346827
vn 0.784627438 -0.0330526754 0.619085908
vn 0.750859916 -0.009248822 0.660396755
vn 0.785386801 0.0271152426 0.618411183
vn -8.72664657e-07 -0.99999994 6.5450314e-07
vn -4.73038462e-08 -1 1.49497737e-06
vn -0.785690188 0.0124958754 0.618493974
vn 0.824728608 0.00328968861 0.565519214
vn -1.72531509e-05 -1 -1.12463285e-05
vn -3.40474594e-06 -1 -1.02900931e-05
vn -1.68508832e-05 -1 -8.37279731e-05
vn -0.918724239 0.011494942 0.394732326
vn -0.921899736 0.010645017 0.387282044
vn 0.936806142 0.017666854 0.349402636
vn -0.00026018708 -0.999999881 -5.4365978e-06
vn 0.991623759 -0.0129092121 0.128514275
vn 0.070321925 -0.0486643165 -0.996336699
vn 0.0287548173 -0.060394682 -0.997760296
vn 0.222214013 -0.0046922043 -0.974986613
vn 0.274384856 0.010829092 -0.961558938
vn 0.585489392 -0.011447411 -0.810599148
vn 0.55754596 -0.0247184206 -0.829777896
vn 0.638997853 0.0151145793 -0.769059956
vn 0.663756609 0.027981583 -0.74742496
vn 2.53315811e-05 -1 -3.72802642e-05
vn 2.49735945e-06 -1 -1.03508337e-05
vn 9.66321531e-05 -1 -0.000166512473
vn -0.972604692 0.000673010247 0.232464477
vn -0.915222526 0.0562057085 -0.399009496
vn -0.915222585 0.0562057123 -0.399009496
vn -0.915222466 0.0562057048 -0.399009466
vn -0.000396074174 -0.99999994 -0.000112944494
vn -0.97677213 -0.0150823696 -0.213749602
vn -0.958564699 0.0107829925 -0.284670502
vn -0.949439883 0.0213577375 -0.313221872
vn 0.992414176 0.0166379176 0.121808223
vn 0.981433332 -0.00658152718 0.191690356
vn 0.994808257 0.024198385 0.098847717
vn -0.982508779 -0.0256082043 -0.184446886
vn 0.976551473 -0.0143326651 0.214806139
vn -0.989949167 -0.0703597963 0.122678317
vn -0.989949286 -0.0703597963 0.122678317
vn -0.989949226 -0.0703597963 0.12267831
vn -1.52561131e-06 -1 -4.92103163e-06
vn -0.0628888533 0.00346774259 0.99801445
vn -0.230077475 0.0491400696 0.971930921
vn -0.272103429 0.0606889762 0.960352361
vn 0.280520052 -0.0182293989 0.959675014
vn 0.31665957 -0.0341224261 0.947925389
vn 0.21088694 0.0119052185 0.977437973
vn 0.173419118 0.0278655849 0.984453797
vn -0.0042212503 -0.012460283 0.999913454
vn -0.989792943 0.0156640541 0.141649231
vn 8.16835563e-06 -1 2.48791338e-07
vn -0.981475711 0.000332681695 0.191586539
vn -0.989054322 -0.0112329507 0.147123083
vn -0.999477029 -0.00807571597 0.0313121863
vn -3.85788444e-05 -1 -2.0561054e-05
vn -1.17077307e-05 -1 -3.25816086e-06
vn 0.324001819 0.0180623662 -0.945883989
vn 0.216085121 -0.029414678 -0.975931406
vn -0.173259899 0.028014468 -0.98447752
vn -0.611107469 -0.026926823 -0.791089594
vn -0.863657236 0.0250835735 -0.503454924
vn 0.609705746 -0.0389260575 -0.791671395
vn 0.999466658 0.0278530158 0.0170455649
vn -0.914595008 -0.025058046 -0.403593689
vn 0.984240174 0.0297258589 -0.174320623
vn 0.999580443 -0.0122021148 0.0262685101
vn 0.973414361 0.0404595211 -0.225449339
vn -0.999292552 0.00682303822 0.0369833857
vn -0.994346619 0.0262379125 -0.102890737
vn -3.62482024e-06 -0.99999994 2.77370873e-06
vn -0.981929123 0.00798024517 -0.189080864
vn -0.971514285 -0.0144940605 -0.236537397
vn 0.996217191 -0.024110144 0.0834872425
vn -2.29212474e-05 -1 -7.73370339e-05
vn -0.000102889069 -1 -7.73999491e-05
vn 5.80581982e-05 -1 0.000161703967
vn 6.52353192e-05 -1 -0.000112537928
vn 0.972454667 -0.0186861362 -0.232341886
vn 0.992067814 -0.0258117821 -0.12302462
vn 0.996701896 -0.00962154381 -0.0805772617
vn -0.839356005 -0.00793008041 0.543524206
vn -0.821538508 -0.017092986 0.569896817
vn -0.816511571 -0.0195942521 0.576996565
vn 1.31370098e-05 -1 -5.91472781e-05
vn 0.731118441 0.0186220836 0.681996346
vn 0.625351191 -0.0121746417 0.780248463
vn 0.752076447 0.0252863821 0.658590615
vn -0.843063831 -0.00596036436 0.537780523
vn 0.596434951 -0.0199241024 0.802414119
vn 8.05669188e-05 -1 -4.15826253e-05
vn -0.149288267 0.00582435401 0.988776505
vn -0.142518133 0.00402697176 0.989784062
vn -0.141087502 0.00364737539 0.989990413
vn -0.150958315 0.00626798486 0.988520265
vn -1.02288623e-05 -1 -0.000190818566
vn -9.33509364e-05 -1 -0.000115157636
vn 0.983696461 0.000581255998 -0.179835826
vn 0.972608089 0.00706939818 -0.23234345
vn 2.02970314e-05 -1 -5.36846483e-06
vn -6.25148314e-05 -0.99999994 -0.000102294434
vn 0.867691457 -0.0171493907 -0.496807277
vn 0.890345812 0.00191608234 -0.4552809
vn -0.000178812217 -1 -0.000268625357
vn -0.870757163 0.0058293934 -0.491678625
vn -0.806236744 -0.0288285259 -0.590890169
vn -0.158053845 -0.048922915 -0.986217737
vn -0.239477515 -0.023886444 -0.970607996
vn -0.446419418 0.0433099233 -0.893775105
vn -0.152859122 -0.0619301498 -0.986305535
vn -0.152859122 -0.0619301535 -0.986305594
vn -0.152859136 -0.0619301535 -0.986305654
vn -0.511947632 0.065830566 -0.856490493
vn 0.676493287 0.0344440974 -0.73564291
vn 0.864681482 -0.022830857 -0.501801491
vn 0.619604051 0.0482660793 -0.783429086
vn -0.849294424 0.0727027282 -0.522889376
vn -0.849294364 0.0727027282 -0.522889316
vn -0.849294364 0.0727027282 -0.522889376
vn 0.97607398 0.0459518731 -0.212527707
vn 0.959229469 0.0244644545 -0.281567574
vn 0.994374156 0.0952460617 -0.0463494137
vn 0.994165421 0.107848451 -0.00199233298
vn 0.902077913 -0.038091924 -0.429889083
vn 0.878935456 0.0515302606 0.47414881
vn 0.878935397 0.0515302606 0.47414881
vn 0.878935397 0.0515302569 0.47414878
vn -0.838340998 -0.0359386243 0.543960214
vn -0.624279857 0.0682261437 0.778215826
vn -0.696882665 0.0373384878 0.716212511
vn -0.886214137 -0.0677030459 0.45830211
vn -0.976203263 -0.083664 0.200068563
vn -0.976203322 -0.0836640075 0.200068563
vn -0.976203382 -0.0836640075 0.200068563
vn 0.589125097 -0.0670780838 0.80525285
vn 0.589125097 -0.0670780763 0.80525285
vn -0.478676021 0.0721896887 0.875018775
vn -0.478675991 0.0721896887 0.875018716
vn 0.414492786 -0.0816874057 0.906378984
vn 0.414492786 -0.0816873983 0.906378984
vn 0.414492786 -0.0816874132 0.906379044
vn 0.000242744209 -0.99999994 0.000414854265
vn 1.96001238e-05 -1 -2.76802002e-05
vn -0.768912315 0.024550736 -0.638882697
vn -0.758115828 0.0332429223 -0.651271939
vn -5.6658504e-05 -1 -4.74743792e-05
vn 0.582671463 -0.027881287 -0.812229455
vn 0.744903624 -0.000435586204 -0.667171955
vn 0.000418821233 -0.999990761 0.00427503977
vn 0.849967599 -0.115063161 -0.514116228
vn -5.52419533e-06 -1 3.94112249e-06
vn -3.47999812e-05 -1 -0.000145895508
vn -0.755950332 0.0109610446 -0.654537201
vn -0.606231749 0.0166914649 -0.795112848
vn -0.503473938 -0.00393472146 -0.864001453
vn 0.000391007401 -0.99999994 -0.000288936426
vn -0.000242632508 -0.999999702 -0.000586155162
vn 0.661593974 0.0255479757 -0.749426842
vn -0.14763321 0.0495583974 -0.987799764
vn -0.0478952862 0.00714898342 -0.998826742
vn -0.0769824386 0.0195008852 -0.996841729
vn -0.181546614 0.0640149042 -0.981296599
vn -0.0434699394 -0.0528398268 -0.997656405
vn -0.212939993 0.00745278876 -0.977036893
vn -0.159605637 -0.0117661888 -0.987110734
vn 0.00285287295 -0.0689336509 -0.997617185
vn 0.958502054 -0.0661521479 -0.277304173
vn 0.958502114 -0.0661521554 -0.277304202
vn 0.958502054 -0.0661521554 -0.277304173
vn 2.83158697e-05 -0.99999994 -0.000492060382
vn 0.963369012 0.0490412302 0.263657331
vn 0.872973442 -0.0393713526 0.486176133
vn 0.983707905 0.0882423148 0.156627432
vn -0.880690515 -0.000179805604 0.473692119
vn -0.877048016 -0.00316338125 0.480392337
vn -0.875447929 -0.00445893267 0.483291894
vn -0.840150297 0.0506257452 0.539985716
vn -0.790921032 0.0120053086 0.611800551
vn -0.765238643 -0.00623022253 0.643716574
vn 0.791570783 0.0764360726 0.606278121
vn 0.638426006 0.0142864706 0.769550622
vn 0.828279614 0.0938211456 0.552404165
vn 0.809890687 -0.0805827528 0.581019282
vn -0.882273316 0.00113197579 0.470736146
vn -0.862980247 0.0707492158 0.500259519
vn 0.565152466 -0.0116067287 0.824904799
vn 0.706241369 0.0219933707 -0.707629442
vn 0.53202486 0.00466489093 -0.846715868
vn 0.258663654 0.00863951445 -0.965928793
vn 0.156268701 -0.0122667653 -0.987638414
vn -0.185615003 0.0366195291 -0.981939971
vn -0.244282022 -0.0149892569 -0.969588399
vn -0.178093866 -0.00495639862 -0.98400104
vn -0.149496034 -0.0183991175 -0.988591075
vn -0.055621773 -0.0165514946 -0.998314738
vn 0.123738848 0.99208945 -0.0211447999
vn 0.235070378 0.97196734 -0.00464318274
vn 0.146873787 0.98899585 -0.0177580658
vn -0.123847105 0.992076457 0.0211228821
vn -0.235094532 0.971961439 0.00463644601
vn -0.146976024 0.988981009 0.0177375488
vn -0.1454501 0.967161298 0.20843035
vn -0.195086077 0.927504838 0.318866938
vn -0.133019626 0.974435508 0.181055933
vn -0.735980868 0.549025595 -0.396109879
vn -0.735980868 0.549025595 -0.396109819
vn -0.735980868 0.549025595 -0.396109849
vn -0.205846265 0.96784544 -0.144577265
vn -0.300822586 0.935105562 -0.187305793
vn -0.182568163 0.974017262 -0.134012103
vn 0.395694852 0.549083054 -0.736161232
vn 0.256419599 0.966564536 -0.00141869136
vn 0.279507279 0.60344249 0.746815085
vn 0.279507279 0.60344255 0.746815085
vn 0.27950725 0.60344255 0.746815085
vn 0.369782567 0.897782207 0.239265174
vn 0.369782627 0.897782266 0.239265189
vn 0.369782627 0.897782326 0.239265189
vn 0.233485699 0.943928719 -0.233416006
vn 0.362812668 0.777812123 -0.513201118
vn 0.201611564 0.96480304 -0.168843165
vn 0.72634846 0.602809191 0.330210537
vn 0.726348519 0.602809191 0.330210567
vn 0.0209935717 0.941250026 0.337057114
vn 0.0179598965 0.934957683 0.354304463
vn 0.0325911157 0.962407231 0.269648015
vn 0.0353646055 0.966773748 0.253175139
vn -0.747104704 0.602805793 0.280106336
vn -0.747104764 0.602805793 0.280106336
vn -0.747104764 0.602805734 0.280106336
vn 6.11508294e-05 0.943929553 -0.330147207
vn -0.106340453 0.777809501 -0.619438469
vn 0.0231863279 0.964804649 -0.261943251
vn 0.74709928 0.60281086 -0.280110478
vn 0.747099221 0.6028108 -0.280110478
vn -0.256420016 0.966564417 0.00141612429
vn -0.279515952 0.603448987 -0.746806622
vn -0.279515952 0.603449047 -0.746806681
vn -0.279515952 0.603449047 -0.746806622
vn -0.203130946 0.919348896 0.336950004
vn -0.316462517 0.928496957 -0.194281071
vn -0.666382015 0.519441068 -0.534898043
vn -0.601895213 0.668887496 -0.43624714
vn -0.584388256 0.699174702 -0.411879838
vn -0.834067643 0.42291224 0.3542265
vn -0.834067702 0.42291227 0.35422653
vn -0.834067643 0.42291227 0.35422653
vn 0.615966141 0.552288294 0.561750412
vn 0.615966082 0.552288234 0.561750352
vn -0.00996003579 0.359699279 0.933015168
vn -0.00996003393 0.359699219 0.933015049
vn -0.00996003486 0.359699249 0.933015049
vn 0.387705088 0.722768903 -0.572092474
vn -0.130374938 0.722787321 -0.678661108
vn 0.587689161 0.288453877 -0.75592047
vn 0.528876901 0.419658035 -0.737683117
vn 0.513642848 0.448845118 -0.731238067
vn -0.273171544 0.294350713 -0.915824711
vn -0.273171544 0.294350713 -0.915824771
vn 0.759104967 0.220903963 0.612340629
vn 0.740980625 0.402993828 0.537162542
vn 0.731286943 0.448774993 0.513634384
vn 0.915805519 0.294369489 -0.27321592
vn 0.915805459 0.294369489 -0.27321592
vn -0.94094938 0.320314288 0.109603412
vn -0.982450664 0.0839742497 0.166550323
vn -0.922796309 0.373349488 0.0951685533
vn -0.677636981 0.482994795 -0.55454874
vn -0.560015619 0.551994503 0.617806315
vn -0.560015559 0.551994443 0.617806256
vn -0.0924589187 0.382373542 -0.919370294
vn -0.161914617 0.105099961 -0.981191933
vn -0.0747666582 0.443570137 -0.89311558
vn 0.0408449695 0.551992953 0.832847834
vn 0.0408449695 0.551992953 0.832847774
vn 0.0408449695 0.551992893 0.832847834
vn 0.940887928 0.320510387 -0.109557427
vn 0.982448161 0.0840137005 -0.16654484
vn 0.922699094 0.373606145 -0.095103994
vn 0.600121737 0.255646974 -0.757956862
vn 0.759011805 0.174461901 0.627267182
vn -0.641528249 0.0155580966 0.766941667
vn -0.641528189 0.0155580956 0.766941547
vn -0.641528189 0.0155580956 0.766941607
vn -0.999903619 0.0136076948 -0.00275032828
vn -0.99990356 0.0136076938 -0.00275032804
vn -0.999903679 0.0136076938 -0.00275032804
vn -0.773441136 -0.047377944 -0.632095039
vn -0.758731127 -0.355335355 -0.54595232
vn -0.766888678 0.0149672423 -0.641605556
vn 0.00355695933 0.0137678077 -0.999898851
vn 0.00355695933 0.0137678087 -0.999898851
vn 0.00355695956 0.0137678087 -0.999898851
vn 0.97679019 -0.172684476 -0.126731798
vn 0.966687679 -0.216379225 -0.136728987
vn 0.913437665 -0.369648904 -0.170268357
vn -0.983597398 0.0379031599 0.176350713
vn 0.672707558 -0.108001873 0.731983721
vn 0.672707558 -0.108001873 0.731983662
vn 0.672707498 -0.108001865 0.731983721
vn -0.513493955 -0.00184822665 0.858091116
vn -0.513493955 -0.00184822665 0.858091235
vn -0.513493955 -0.00184822653 0.858091176
vn 0.081136018 -0.612086356 0.786617577
vn 0.0811360255 -0.612086415 0.786617637
vn 0.081136018 -0.612086356 0.786617517
vn 0.620708942 -0.172898546 -0.764739513
vn 0.606047153 -0.231958568 -0.760856152
vn 0.487862051 -0.534061432 -0.690484703
vn -0.571564615 0.0433614329 0.819410622
vn -0.571564555 0.0433614291 0.819410682
vn -0.571564555 0.0433614291 0.819410622
vn -0.255654812 -0.517230213 0.816770136
vn -0.870018065 -0.340367913 0.356676936
vn -0.870018005 -0.340367913 0.356676936
vn 0.993262053 -0.108061157 0.0418734811
vn 0.993261933 -0.108061142 0.0418734737
vn 0.993261993 -0.108061165 0.0418734774
vn 0.608496666 -0.614953041 0.501562238
vn 0.608496666 -0.614953041 0.501562297
vn 0.608496606 -0.614952981 0.501562238
vn 0.247758955 0.00345042394 0.968815506
vn 0.247758955 0.00345042371 0.968815506
vn 0.247758999 0.00345042441 0.968815625
vn -0.17524083 0.0433860309 -0.983569145
vn -0.86025399 0.00344899227 -0.509854198
vn -0.86025393 0.00344899227 -0.509854138
vn -0.784895957 -0.614996314 0.0756169483
vn -0.784895837 -0.614996254 0.0756169409
vn -0.731941223 -0.108062901 0.672743917
vn -0.731941223 -0.108062908 0.672743976
vn 0.112973593 -0.172802359 0.97845608
vn 0.123041704 -0.224904239 0.966580987
vn 0.160431311 -0.431214154 0.887871742
vn -0.109461457 -0.231961116 -0.966546535
vn -0.143273294 -0.534073114 -0.833209872
vn -0.101839304 -0.172897592 -0.979660749
vn 0.731952488 -0.10803622 -0.672736108
vn 0.731952429 -0.10803622 -0.672735989
vn 0.784931958 -0.614963412 -0.0755105615
vn 0.784931958 -0.614963412 -0.075510554
vn 0.784931898 -0.614963353 -0.075510554
vn 0.860281825 0.00347980158 0.509806931
vn 0.860281765 0.00347980135 0.509806931
vn 0.175232396 0.0434133299 0.983569443
vn 0.175232396 0.0434133336 0.983569503
vn 0.17523241 0.0434133299 0.983569443
vn -0.516439676 -0.681816041 -0.518089771
vn -0.516439736 -0.681816041 -0.518089831
vn 0.517135859 -0.682443738 -0.516566575
vn 0.517135859 -0.682443798 -0.516566575
vn -0.0811327994 -0.612095714 -0.786610544
vn -0.0811328068 -0.612095773 -0.786610603
vn -0.672724903 -0.108012326 -0.731966257
vn -0.672724962 -0.108012326 -0.731966257
vn 0.513492107 -0.00184919802 -0.858092308
vn 0.513492107 -0.00184919802 -0.858092248
vn 0.983596921 0.0378995128 -0.176353961
vn -0.966685951 -0.216387883 0.136727691
vn -0.913433909 -0.369659603 0.170264781
vn -0.97678858 -0.172694236 0.126731515
vn 0.11573007 -0.000645336637 0.99328053
vn 0.899509013 -0.39964962 -0.176532552
vn -0.638649523 0.0168084279 0.76931411
vn 0.724238276 -0.49231714 0.4828071
vn 0.724238336 -0.49231717 0.482807159
vn 0.724238276 -0.49231714 0.48280713
vn 0.789246202 -0.0019062222 0.614073992
vn 0.461149246 -0.58179754 -0.669964731
vn -0.992223978 -0.00327581842 0.124421977
vn 0.166781545 -0.46889928 0.867362261
vn 0.992466509 0.00745961443 -0.122289181
vn -0.147652283 -0.581806064 -0.799812734
vn -0.777871609 0.0176702049 -0.628174782
vn -0.480341941 -0.504063904 0.717768192
vn -0.480341971 -0.504063964 0.717768312
vn 0.64385587 0.0149378125 -0.765000999
vn -0.746220946 -0.413708478 -0.521535754
vn -0.116083525 -0.000531029655 -0.993239343
vn -0.899502754 -0.399664938 0.176529422
vn -0.626854479 -0.63451165 -0.452159733
vn -0.661413252 -0.587894917 -0.465738177
vn -0.42009142 -0.833127022 -0.359753609
vn 0.0528823473 -0.794640958 -0.604772091
vn 0.0528823473 -0.794640899 -0.604772031
vn 0.0528823473 -0.794641018 -0.604772091
vn 0.298699856 -0.753381073 -0.585828781
vn 0.298699856 -0.753381133 -0.585828781
vn 0.298699826 -0.753381073 -0.585828722
vn -0.581443012 -0.799864113 -0.148799881
vn -0.581443012 -0.799864173 -0.148799881
vn -0.581443012 -0.799864233 -0.148799881
vn -0.712735891 -0.698543787 -0.0635939389
vn -0.712735891 -0.698543847 -0.0635939389
vn 0.581445575 -0.799861848 0.148801938
vn 0.581445575 -0.799861908 0.148801953
vn 0.581445575 -0.799861908 0.148801938
vn 0.434522659 -0.65645963 0.616644919
vn 0.434522659 -0.65645963 0.616644859
vn 0.434522629 -0.65645957 0.6166448
vn -0.052884832 -0.79462707 0.604790032
vn -0.0528848283 -0.794627011 0.604789972
vn -0.0528848283 -0.794627011 0.604790032
vn 0.00459645642 -0.762736857 -0.646692514
vn 0.00459645689 -0.762736976 -0.646692574
vn 0.00459645642 -0.762736976 -0.646692634
vn 0.381668746 -0.705020785 -0.597724617
vn 0.381668717 -0.705020726 -0.597724617
vn 0.381668687 -0.705020726 -0.597724617
vn -0.648106694 -0.751102328 -0.125709891
vn -0.648106694 -0.751102328 -0.125709906
vn -0.648106754 -0.751102269 -0.125709891
vn -0.625315011 -0.776903272 0.0735012814
vn -0.62531507 -0.776903331 0.0735012889
vn -0.625315011 -0.776903331 0.0735012889
vn 0.581440628 -0.799871206 0.148770675
vn 0.581440687 -0.799871266 0.148770675
vn 0.229190409 -0.652631819 0.722179651
vn 0.229190409 -0.652631819 0.722179592
vn 0.229190424 -0.652631879 0.722179651
vn 0.0065114582 -0.816493094 0.57731837
vn 0.00651145913 -0.816493154 0.57731843
vn -0.091910392 -0.781467915 -0.617138922
vn -0.091910392 -0.781467974 -0.617138922
vn -0.0878078789 -0.810368538 -0.579303503
vn 0.521980941 -0.809722245 -0.268114924
vn 0.555224478 -0.817216516 -0.154540956
vn -0.65045017 -0.748989224 0.126213565
vn -0.65045017 -0.748989165 0.126213565
vn -0.65045017 -0.748989105 0.126213565
vn -0.632711411 -0.697606504 0.33618632
vn -0.63271147 -0.697606623 0.336186349
vn -0.63271147 -0.697606564 0.336186349
vn 0.347527981 -0.81036377 0.471735895
vn 0.347528011 -0.81036377 0.471735895
vn 0.347528011 -0.81036377 0.471735924
vn 0.25939703 -0.774719477 0.576647997
vn 0.25939703 -0.774719477 0.576648057
vn -0.111977115 -0.769616544 -0.62861079
vn -0.111977115 -0.769616604 -0.62861079
vn -0.0141700283 -0.686620593 -0.726877809
vn -0.0141700273 -0.686620593 -0.726877809
vn -0.0141700264 -0.686620593 -0.726877809
vn 0.553167105 -0.819278002 -0.150962278
vn -0.597492397 -0.735669017 0.319051921
vn -0.597492337 -0.735668957 0.319051921
vn -0.597492397 -0.735668957 0.319051892
vn -0.601382971 -0.717663825 0.351136684
vn -0.60138303 -0.717663884 0.351136714
vn -0.601382971 -0.717663944 0.351136714
vn 0.342281461 -0.809571028 0.476904571
vn 0.34228152 -0.809571087 0.476904631
vn 0.342281491 -0.809571028 0.476904571
vn 0.561936557 -0.708502471 0.426909268
vn 0.561936557 -0.708502531 0.426909238
vn 0.561936557 -0.708502471 0.426909238
vn -0.440542728 -0.897254229 0.029272344
vn -0.101800457 -0.993786752 0.0449965857
vn -0.504328847 -0.863134086 0.0255363807
vn -0.378156006 -0.861309409 -0.339328855
vn -0.290414363 -0.896386981 0.334887624
vn -0.0454768911 -0.992578983 0.112777241
vn -0.337540239 -0.862715542 0.376547962
vn -0.031457819 -0.896429181 -0.442069113
vn -0.0475954525 -0.99258405 -0.111855015
vn -0.0275935791 -0.862766385 -0.504849195
vn 0.0314806364 -0.896401346 0.44212392
vn 0.0476187356 -0.992565334 0.112011768
vn 0.0276161171 -0.862743616 0.504886866
vn 0.235317931 -0.918019593 -0.319163829
vn 0.074640803 -0.97923857 -0.188468754
vn 0.27696684 -0.894076705 -0.352017403
vn 0.440587848 -0.897231936 -0.0292751305
vn 0.101830386 -0.993783414 -0.0450008325
vn 0.5043751 -0.863106847 -0.0255388021
vn 0.361553848 -0.873852253 0.325055569
vn -0.0313024372 -0.998379946 0.047515709
vn 0.0052994648 -0.997825801 0.065692693
vn -0.0502049886 -0.997826755 -0.0426748246
vn 0.0502284318 -0.997818172 0.0428505726
vn 0.0421127751 -0.986006975 -0.161297247
vn 0.151227579 -0.986169815 0.0678184479
vn 0.143588275 -0.987519026 0.0647200719
vn 0.14957498 -0.986467659 0.0671482235
vn 0.142350897 -0.98773092 0.0642181635
vn 0.0313252024 -0.998378992 -0.047520224
vn -0.00145423634 0.999580741 0.028918134
vn -0.00464059785 0.999835253 0.0175471995
vn 0.00218742667 0.999624312 0.0273219738
vn 0.00909327436 0.999602199 0.0266974121
vn 0.0125965755 0.999693036 0.0213362537
vn -0.00985272694 0.999728501 0.021111846
vn -0.0131604876 0.999732554 0.0190193933
vn 0.00948730763 0.999875546 0.0126053505
vn 0.021082215 0.999617696 0.0178869721
vn -0.0142833842 0.99976927 0.0160427727
vn -0.015627984 0.999802768 0.0122581702
vn 0.0137026329 0.999856889 0.00993064325
vn -0.00948688667 0.999945581 0.00434793998
vn 0.0204432849 0.999755025 0.00848524645
vn -0.00694907689 0.999974132 0.00184527482
vn 0.0145521145 0.999886453 0.00392739801
vn 0.0271725208 0.999630392 0.000843975635
vn -0.04085356 0.999165118 -0.00020128215
vn -0.0298975222 0.99953568 0.00588806532
vn 0.0162479654 0.999867737 0.000542791269
vn -0.0327192955 0.999442577 -0.00663225632
vn 0.0261980966 0.999646842 -0.00446513994
vn -0.0319309086 0.999422491 -0.0116287339
vn 0.0220217276 0.99973613 -0.00652869837
vn 0.0338294134 0.999313772 -0.0150821311
vn -0.0355135091 0.999192834 -0.0187775139
vn 0.029621914 0.999303818 -0.0226804614
vn -0.0237531271 0.999547184 -0.0184758212
vn 0.020292569 0.999526799 -0.0231164116
vn 0.0276264939 0.999390721 -0.0213266127
vn -0.0191910118 0.999506891 -0.0248554386
vn -0.0134343049 0.999806225 -0.0143882809
vn 0.0216103271 0.999277055 -0.0312806927
vn 0.0176459849 0.999160707 -0.0369657613
vn -0.00232558814 0.999983013 -0.00533834007
vn -0.269168198 0.737551451 -0.619327307
vn -0.269168168 0.737551451 -0.619327247
vn 0.0120811099 0.999047756 -0.0419231616
vn 0.00325002894 0.999359906 -0.0356270932
vn 0.00139898981 0.998357534 -0.0572735369
vn -0.00847384986 0.999010921 -0.0436506681
vn -0.000614574587 0.999995947 0.00278745522
vn 0.00175862934 0.999996006 0.00222440576
vn -0.00212992099 0.999996901 0.00131285202
vn 0.00248191017 0.999996901 0.000328050199
vn -0.00182034611 0.999997854 -0.0010499286
vn 0.00107920868 0.999998033 -0.00165155437
vn -0.000588013092 0.999997854 -0.00195388752
vn 0.183384001 -0.00688680308 0.983017266
vn -0.0297047943 0.00920566265 0.999516308
vn -0.154978856 -0.00569837261 0.98790133
vn 0.535138428 -0.00757683907 0.844730377
vn 0.289353639 0.00768825132 0.957191348
vn -0.510250449 0.00636497047 0.860002279
vn -0.556866109 -0.0035604951 0.830594659
vn 0.62109369 0.00675475318 0.783707261
vn 0.872717202 -0.00718057668 0.488173336
vn -0.844231427 0.00345999096 0.535967648
vn -0.850715399 0.0014255367 0.525624692
vn 0.897629142 0.00421379227 0.440731227
vn -0.940324247 0.00272597466 0.340268791
vn -0.969979942 0.00169397192 0.243179336
vn 0.998134613 -0.00371863926 0.0609382614
vn 6.12776284e-06 -0.99999994 4.1227122e-06
vn 6.68910707e-06 -1 4.28467956e-06
vn 4.49949584e-06 -1 1.65534657e-05
vn -0.999749422 -0.00472517731 0.0218787901
vn -0.989532471 -0.0064901039 -0.144164577
vn 0.148370534 -0.00268664258 -0.988928199
vn 0.144282818 -0.00297790626 -0.989532053
vn 0.223203242 0.00268617971 -0.974768221
vn 0.227229044 0.00297744595 -0.973836839
vn -0.680682182 -0.00268650427 -0.732573867
vn -0.622955203 0.00268628355 -0.782252848
vn -0.619717121 0.00297754793 -0.784819663
vn 0.999972641 0.00700895581 -0.00236094603
vn 0.849430978 -0.00276056281 -0.527692616
vn 0.849238157 -0.00278403331 -0.528002679
vn 0.854450226 -0.00214447756 -0.519528806
vn 0.854694366 -0.00211425591 -0.51912719
vn -0.683702946 -0.00297776866 -0.729754448
vn 4.04477078e-06 -1 -1.15346415e-06
vn -0.990423739 0.00298542366 -0.138029128
vn 0.99682653 0.00339157041 0.0795321688
vn 0.975836396 -0.00506815035 0.218443677
vn 0.997320652 0.00378196128 0.073056899
vn -0.993114531 -0.00761601888 0.116898999
vn -0.979873717 0.00310390582 0.199594229
vn -0.997655809 0.0025318379 -0.0683847219
vn 0.974350631 -0.0054696044 0.224968702
vn -0.991036177 -0.00771254301 0.133371383
vn -0.890961826 0.00408523669 0.454059988
vn 3.76327898e-06 -0.99999994 -4.14999477e-06
vn 0.965472519 -0.00534640439 -0.260449708
vn 0.495331496 0.00139981532 0.868703008
vn 0.49533239 0.00139972358 0.868702352
vn 0.49531582 0.00140131637 0.868711829
vn 0.495314986 0.001401396 0.868712366
vn -0.383421034 -0.00158652884 0.923572242
vn -0.383445859 -0.00158428366 0.923561931
vn -0.383447409 -0.00158414652 0.923561394
vn -0.383419722 -0.00158664898 0.923572779
vn 0.885810494 0.0129368529 -0.46386686
vn 0.800219476 -0.0108907148 -0.599608362
vn -0.858715296 0.00600068737 -0.512417912
vn -0.786525071 -0.0115155587 -0.617451012
vn -0.602582037 0.00949393585 -0.798000455
vn 0.408797443 -0.0128358817 -0.912534833
vn 0.533777714 0.0124612087 -0.845533013
vn -0.428586781 -0.0101346327 -0.903443813
vn -0.27467984 0.00845991354 -0.961498499
vn -0.0438885652 -0.00997946132 -0.998986602
vn 0.103748605 0.00982343499 -0.994555056
vn 0.214015543 0.01385477 0.976731896
vn -2.5474842e-06 1 2.27443866e-06
vn -6.48632806e-07 1 4.51384921e-07
vn -5.37933147e-06 1 4.99324415e-06
vn 0.959045112 -0.00167681638 -0.283248484
vn 0.959638 -0.0052263448 -0.281189531
vn 0.960271895 -0.00913504045 -0.278916597
vn 0.958367169 0.00226605171 -0.285529912
vn 0.111079589 -0.00468096603 -0.993800461
vn -0.122879386 0.00640807534 -0.992400944
vn 0.151659548 0.00915094465 -0.988390446
vn 0.37893936 -0.00144621613 -0.925420284
vn 0.415856212 0.0198765788 -0.909213066
vn -0.136970401 0.000711484172 -0.990574837
vn -1.75477396e-07 1 2.94213265e-07
vn 0.896152914 -0.0128975781 -0.443557829
vn 0.890440762 -0.0201436747 -0.454653263
vn 0.901272953 -0.0061893668 -0.433207422
vn 0.907021165 0.00160771247 -0.42108205
vn -5.04783316e-07 1 1.72145235e-06
vn -9.80229629e-07 1 3.78207551e-06
vn -0.223418623 0.0110041657 -0.974660516
vn -0.217771038 0.00133673125 -0.975998938
vn -0.220481917 0.00597128132 -0.975372791
vn -0.214802876 -0.00372527796 -0.976650298
vn -0.54704535 -0.221809953 0.807181299
vn -0.54704535 -0.221809939 0.807181358
vn -0.54704535 -0.221809953 0.807181418
vn 0.547045231 0.221810058 0.807181358
vn 0.547045231 0.221810058 0.807181418
vn 0.547045231 0.221810073 0.807181299
vn 0.807182252 -0.221810609 0.547043741
vn 0.807182252 -0.221810594 0.547043741
vn -0.807182372 0.221810699 0.547043502
vn -0.807182372 0.221810684 0.547043502
vn -0.807182848 -0.221810549 -0.547043025
vn -0.807182729 -0.22181052 -0.547042966
vn 0.807182848 0.22181046 -0.547042847
vn 0.807182848 0.221810445 -0.547042847
vn 0.807182968 0.22181049 -0.547042906
vn 0.547046483 -0.221810415 -0.807180464
vn 0.547046423 -0.2218104 -0.807180464
vn -0.547046304 0.221810251 -0.807180583
vn -0.547046304 0.221810251 -0.807180643
vn -0.547046304 0.221810237 -0.807180524
vn -0.0133875748 -0.0611623861 0.998038054
vn -0.274231166 0.0442659482 0.960644484
vn 0.0992318988 -0.0425159372 0.994155645
vn 0.000171878157 -1 -0.00027053451
vn 0.000270582852 -1 -7.57325543e-05
vn 0.00048800683 -0.999999881 0.000108620807
vn -0.0716238692 -0.0589967892 0.995685399
vn -0.0803051293 0.0586919449 0.995040894
vn -0.487967044 -0.0422885381 0.87183708
vn 0.077837199 0.0544035658 0.995480657
vn 0.205896452 0.00781249627 0.978542566
vn 0.386802703 -0.0226740539 0.921883762
vn 0.000125188584 -1 -6.01437278e-05
vn -4.44462603e-06 -1 -0.000165316873
vn 0.522058547 -0.0385227837 0.852039218
vn -0.655636787 -0.0557546914 0.753015161
vn -0.000282211637 -0.99999994 -1.08099357e-05
vn 0.742580891 -0.0531545244 0.667643905
vn 4.4776345e-05 -1 0.000265413488
vn -0.647854149 0.0265893172 0.761300206
vn -0.71655947 -0.0257550888 0.697050333
vn 0.753751397 0.10041824 0.649442136
vn 0.644722581 -0.00713559752 0.764383435
vn -0.75637567 -0.037049789 0.653087318
vn -0.840242386 -0.0165730398 0.541957617
vn 0.000240272682 -0.99999994 0.000383174542
vn 0.711810589 0.0296203848 0.701746702
vn 0.829451203 -0.0275657084 0.557898462
vn -7.17404546e-05 -1 0.000158628187
vn -0.780503333 0.0430186503 0.623669744
vn -0.908575654 -0.0252790991 0.416954875
vn -0.97377032 -0.032103803 0.225256935
vn 0.0001796875 -0.99999994 0.00028210404
vn 0.966243088 -0.0205686502 0.256809801
vn -0.000368476438 -0.999999881 0.000209834121
vn 7.12717665e-05 -1 -0.000159468007
vn 0.971087635 0.032560464 0.236492336
vn -0.961363018 0.0336810313 0.273215771
vn -0.99294287 0.0340761952 0.113592349
vn 0.245628193 -0.0131163159 -0.969275355
vn 0.209408015 -0.0396040715 -0.977026045
vn 0.259556353 -0.00282295537 -0.965723753
vn 0.295737237 0.0242054649 -0.954962611
vn -0.725296736 0.0333280973 -0.687629163
vn -0.72344774 0.0355622172 -0.689462602
vn -0.7159729 0.0444869362 -0.696709096
vn 0.964471698 -0.015587898 -0.263725996
vn 0.852659881 -0.0176353063 -0.522168696
vn 0.919225931 0.0474133156 -0.390865445
vn 0.975603402 0.0295691825 -0.217539981
vn -0.998506486 0.00208006776 0.0545928627
vn -0.99132514 -0.130264461 0.0174774248
vn -0.966226339 -0.0205954779 -0.256870478
vn 0.000367913628 -0.999999881 -0.00021186925
vn -0.73360014 0.0231601018 -0.679186642
vn 0.973742068 -0.0321753994 -0.225368559
vn 0.990953386 -0.133206949 -0.0163453147
vn 0.998875022 -0.00954142213 0.0464505516
vn -0.000179789567 -0.99999994 -0.000283109315
vn 0.996666431 -0.0668225363 0.0468055569
vn 4.62752496e-06 -1 0.000165489299
vn -0.998888671 -0.0450081453 0.0139895827
vn -0.95804143 -0.00663097063 0.286552906
vn -0.966015995 0.0434875041 0.254797459
vn -0.91922611 0.0474137999 0.39086476
vn -0.99884063 -0.0104891472 -0.0469825603
vn -0.971103311 0.0325831994 -0.236424804
vn -4.67695754e-05 -1 -0.000265319541
vn -0.000271237659 -0.999999881 7.57496309e-05
vn 0.637495756 0.0267545022 0.769989312
vn 0.618983448 0.00938400626 0.785347939
vn 0.712835133 0.103534058 0.693647444
vn 0.998282135 -0.00610205205 -0.058271911
vn 0.992885232 0.0343613327 -0.114009842
vn -0.000239930931 -0.99999994 -0.000382734288
vn 0.000282276334 -1 1.10909441e-05
vn -0.852660477 -0.0176352207 0.522167683
vn -0.000127535401 -0.99999994 6.15324388e-05
vn 0.523369193 -0.0734099001 0.848937988
vn -0.000171209598 -1 0.000270865014
vn -0.308229595 0.0336406156 0.950717032
vn -0.303034365 0.0297116432 0.952516437
vn -0.295733839 0.0242058542 0.954963684
vn -0.00048774248 -0.999999881 -0.000107862375
vn -0.317059249 0.0403391905 0.947547436
vn 0.961362123 0.0336854123 -0.273218155
vn 0.908576488 -0.0252850559 -0.416952759
vn -0.829445779 -0.0275976546 -0.557904959
vn -0.74258095 -0.0532117859 -0.667639256
vn 0.840240598 -0.0165725686 -0.541960478
vn 0.655654073 -0.0557971373 -0.752996862
vn 0.756365597 -0.0370730683 -0.653097808
vn 0.780490577 0.0429769866 -0.623688519
vn -0.711835504 0.0295390077 -0.701724708
vn -0.754047096 0.100711972 -0.649053276
vn 0.716594994 -0.0258385204 -0.697010815
vn -0.522087634 -0.0385725908 -0.852019191
vn -0.386806369 -0.022678975 -0.921882033
vn -0.644745469 -0.00721995672 -0.76436317
vn 0.647850513 0.0265565366 -0.761304438
vn 0.274239123 0.0442782417 -0.960641623
vn 0.487985015 -0.0423620008 -0.87182343
vn -0.205931485 0.0078285411 -0.978535116
vn -0.0992464125 -0.0425660983 -0.994152069
vn -0.0785086155 0.0518520214 -0.995563984
vn 0.0136521282 -0.0613901801 -0.99802053
vn 0.0715487152 -0.0589205883 -0.995695293
vn 0.0804615095 0.0586873516 -0.995028555
vn 0.151493296 0.972206473 0.178505942
vn 0.326142639 0.898210943 0.294699907
vn 0.115187407 0.981351912 0.153884009
vn -0.49733454 0.577162325 0.647720635
vn -0.49733454 0.577162325 0.647720575
vn -0.49733451 0.577162325 0.647720635
vn -0.0111010158 0.894996107 -0.445935875
vn 0.0520362481 0.983075142 -0.175657466
vn 0.0409312174 0.973333836 -0.225712299
vn 0.753122985 0.64891386 -0.108242951
vn 0.753122926 0.64891386 -0.108242951
vn 0.753123045 0.64891386 -0.108242951
vn -0.731928885 0.680619001 -0.0322136283
vn -0.731929004 0.680619061 -0.032213632
vn -0.731928945 0.680619061 -0.0322136283
vn -0.0713902116 0.996050477 -0.0527911708
vn -0.0713902041 0.996050477 -0.0527911671
vn -0.0713902116 0.996050537 -0.0527911708
vn -0.32618925 0.898184001 -0.294730604
vn -0.115178235 0.981354356 -0.153875515
vn -0.15149653 0.972205937 -0.1785063
vn 0.497334719 0.577165663 -0.647717655
vn 0.497334689 0.577165604 -0.647717595
vn 0.497334659 0.577165604 -0.647717595
vn 0.430304319 0.902155757 0.0308719426
vn 0.400293648 0.915448785 0.0414549187
vn 0.438906312 0.898102701 0.0277979374
vn 0.33937043 0.677711844 0.652329981
vn 0.33937043 0.677711785 0.652329981
vn 0.3393704 0.677711725 0.652329981
vn 0.215817004 0.967526138 -0.131591082
vn 0.21581699 0.967526138 -0.131591082
vn 0.21581699 0.967526078 -0.131591082
vn 0.666975856 0.614072919 0.421968788
vn 0.666975915 0.614072919 0.421968758
vn -0.215740055 0.967544973 0.131578401
vn -0.215740085 0.967545033 0.131578416
vn -0.215740114 0.967545092 0.131578431
vn -0.666978598 0.614036322 -0.422017694
vn -0.666978598 0.614036322 -0.422017664
vn -0.430309445 0.902153552 -0.0308664069
vn -0.400282532 0.915453672 -0.041455064
vn -0.438916057 0.898098171 -0.0277907308
vn -0.339376509 0.677703202 -0.652335882
vn -0.339376479 0.677703142 -0.652335823
vn 0.389786333 0.919799924 0.0451095961
vn 0.357197315 0.879333854 0.314931631
vn -0.0242860075 0.866788685 -0.498083889
vn -0.357251704 0.879298925 -0.314967543
vn -0.389768898 0.919807076 -0.0451118723
vn 0.0357216671 0.864525497 0.501318038
vn 0.0357216597 0.864525437 0.501317978
vn -0.512615621 0.75665009 0.405839741
vn -0.512615621 0.75665015 0.405839741
vn 0.512653828 0.756585777 -0.405911475
vn 0.512653768 0.756585717 -0.405911446
vn 0.500955522 0.667269409 -0.551175892
vn 0.500955582 0.667269468 -0.551175952
vn 0.500955641 0.667269468 -0.551176012
vn -0.500775814 0.667512357 0.551045358
vn -0.500775754 0.667512298 0.551045299
vn -0.568671167 0.587506056 -0.575716615
vn -0.58114922 0.545108318 -0.604253769
vn -0.583303273 0.537015736 -0.609402537
vn -0.920197785 0.305491 0.244767517
vn -0.920197845 0.305491 0.244767532
vn -0.920197845 0.305491 0.244767517
vn 0.568673611 0.587495863 0.575724781
vn 0.581151307 0.545096993 0.604261935
vn 0.583305299 0.537003994 0.609410882
vn 0.920208335 0.305476844 -0.244745821
vn 0.920208275 0.305476815 -0.244745821
vn 0.0684311464 0.502286315 -0.861989439
vn 0.068431139 0.502286255 -0.861989319
vn -0.566525638 0.594147921 -0.570996344
vn -0.0320042744 0.536454022 0.843322515
vn 0.0149030825 0.264947206 0.964147806
vn -0.0400195383 0.579540789 0.813959956
vn 0.566528201 0.594137967 0.57100445
vn -0.983264089 0.181862161 -0.0108543178
vn -0.997172713 -0.0593551584 0.0460824408
vn -0.968285143 0.248393431 -0.0269179363
vn 0.0235813707 0.211173564 0.97716409
vn 0.981744528 0.189909041 0.0105982311
vn 0.997209132 -0.0581735857 -0.0467955805
vn 0.965838253 0.257767677 0.0266890675
vn 0.815871894 0.121458463 0.565332472
vn 0.815871954 0.121458463 0.565332472
vn -0.991372585 -0.116861075 0.0593618862
vn -0.665188372 -0.082428731 0.742111862
vn -0.665188313 -0.0824287236 0.742111742
vn -0.665188313 -0.0824287161 0.742111802
vn 0.714002371 -0.177641198 -0.677232862
vn 0.698974371 -0.235722706 -0.67518115
vn 0.574932635 -0.531557798 -0.62201184
vn 0.360522538 -0.594619572 0.718645334
vn 0.360522479 -0.594619513 0.718645215
vn 0.360522509 -0.594619513 0.718645275
vn 0.684601128 0.000809539168 0.72891736
vn 0.684601188 0.000809539226 0.72891748
vn 0.684601188 0.000809539226 0.72891742
vn 0.978955925 -0.10878361 0.172659621
vn 0.978955925 -0.108783603 0.172659606
vn 0.978955984 -0.10878361 0.172659621
vn 0.548068643 -0.610144496 0.572140098
vn 0.548068702 -0.610144556 0.572140217
vn 0.548068702 -0.610144556 0.572140157
vn 0.118864559 -0.0157941319 0.992784798
vn 0.118864566 -0.0157941338 0.992784858
vn -0.416642159 -0.507783294 0.75403285
vn -0.416642159 -0.507783234 0.75403285
vn -0.416642159 -0.507783234 0.75403291
vn -0.165901124 -0.00915184617 0.986099899
vn -0.165901139 -0.00915184617 0.986099958
vn -0.903735399 -0.351234317 0.244738013
vn -0.903735459 -0.351234317 0.244738027
vn -0.659862339 0.00427571777 0.751374364
vn -0.65986228 0.00427571777 0.751374364
vn 0.811159134 -0.524115384 0.259468496
vn 0.811159253 -0.524115443 0.259468555
vn 0.811159194 -0.524115384 0.259468526
vn 0.755140603 -0.28722921 -0.589289427
vn 0.755140543 -0.28722918 -0.589289367
vn 0.755140603 -0.28722924 -0.589289486
vn -0.8247962 -0.514232934 0.235108092
vn -0.82479614 -0.514232874 0.235108063
vn -0.82479614 -0.514232934 0.235108063
vn -0.815238416 -0.00659863045 0.579088032
vn -0.815238357 -0.00659863092 0.579088032
vn -0.815238297 -0.00659862999 0.579087913
vn -0.748487592 -0.274812341 -0.603526771
vn -0.748487651 -0.274812341 -0.603526771
vn -0.748487532 -0.274812311 -0.603526711
vn -0.0313774608 0.00294064754 0.999503374
vn -0.0313774571 0.0029406473 0.999503314
vn -0.0313774571 0.00294064754 0.999503314
vn -0.684587061 0.000787356461 -0.728930771
vn -0.684586942 0.000787356345 -0.728930712
vn -0.684587002 0.000787356345 -0.728930712
vn 0.165872857 -0.00916235521 -0.986104608
vn 0.165872887 -0.00916235521 -0.986104608
vn 0.165872857 -0.00916235428 -0.986104548
vn 0.659851909 0.00428880239 -0.751383364
vn 0.659851968 0.00428880285 -0.751383424
vn 0.659851909 0.00428880285 -0.751383483
vn -0.118823238 -0.0157953594 -0.992789745
vn -0.118823253 -0.0157953613 -0.992789865
vn 0.416654676 -0.507785439 -0.754024386
vn 0.416654706 -0.507785499 -0.754024386
vn 0.903742313 -0.351227432 -0.244722128
vn 0.903742433 -0.351227492 -0.244722173
vn 0.903742373 -0.351227462 -0.244722158
vn -0.548067093 -0.610148668 -0.572137356
vn -0.548067093 -0.610148728 -0.572137356
vn -0.978964269 -0.108758524 -0.172628433
vn -0.978964329 -0.108758517 -0.172628433
vn -0.978964269 -0.108758517 -0.172628433
vn -0.698977232 -0.23570928 0.675182998
vn -0.574941933 -0.531536818 0.622021258
vn -0.714005291 -0.177625224 0.677233756
vn -0.360471249 -0.594788313 -0.71853143
vn -0.360471278 -0.594788313 -0.718531489
vn -0.360471249 -0.594788253 -0.71853137
vn 0.665147781 -0.0823529959 -0.742156625
vn 0.665147722 -0.0823529959 -0.742156565
vn 0.665147722 -0.0823530033 -0.742156625
vn 0.991436541 -0.116055243 -0.0598717295
vn 0.013299129 -0.529913485 -0.847947419
vn 0.0203510392 -0.54907304 -0.835526645
vn -0.012054638 -0.458706945 -0.888505816
vn -0.0190760214 -0.438344866 -0.898604393
vn 0.0301249027 0.0688084587 0.997174978
vn 0.577645183 -0.814630032 0.0520003401
vn 0.804364264 -0.593710124 -0.0225039106
vn 0.854502439 -0.517600536 -0.0437648296
vn 0.677584231 0.138858691 0.722217321
vn 0.546460807 -0.578415394 -0.605653465
vn -0.674727321 0.135402516 0.725540578
vn 0.630776584 -0.556622148 0.54064101
vn 0.630776525 -0.556622148 0.54064101
vn 0.991517544 0.12949121 0.0111830244
vn 0.674716175 0.13539204 -0.725552976
vn -0.630730093 -0.55670464 -0.540610254
vn -0.630730033 -0.55670464 -0.540610254
vn -0.630730033 -0.55670464 -0.540610194
vn -0.677612782 0.138790637 -0.722203612
vn -0.546467066 -0.57840091 0.605661809
vn -0.0308862329 0.0694455579 -0.997107506
vn -0.57796818 -0.814420581 -0.0516904481
vn -0.802250445 -0.596559167 0.0226152968
vn -0.852315962 -0.52117902 0.0439298041
vn 0.0491880476 -0.502367735 0.863253891
vn 0.0491880476 -0.502367735 0.863253951
vn 0.0491880439 -0.502367735 0.863253832
vn -0.991834462 0.126561373 -0.015705958
vn -0.0686044171 -0.412239075 -0.908488989
vn -0.0686044246 -0.412239134 -0.908489108
vn -0.0686044171 -0.412239075 -0.908488929
vn -0.519689858 -0.674234211 -0.524719596
vn -0.536341488 -0.628724933 -0.563065529
vn -0.516088784 -0.683106303 -0.516738057
vn -0.0312499944 -0.757820249 0.651714563
vn 0.0145036299 -0.883466303 0.468270242
vn -0.040082112 -0.728445232 0.683930635
vn 0.519687295 -0.674240768 0.524713576
vn 0.536342204 -0.628724098 0.563065827
vn 0.516085565 -0.683114052 0.516730905
vn -0.539777219 -0.618244052 -0.571327388
vn 0.539778233 -0.618242085 0.571328461
vn -0.448555529 -0.892826438 -0.0407275222
vn -0.448555619 -0.892826557 -0.0407275297
vn -0.464203596 -0.79908675 0.382067442
vn -0.464203596 -0.79908669 0.382067442
vn 0.464204907 -0.799086154 -0.382066905
vn 0.464204937 -0.799086213 -0.382066965
vn 0.47318396 -0.879956126 0.0421189256
vn 0.473184019 -0.879956186 0.0421189256
vn 0.473184019 -0.879956186 0.0421189293
vn 0.0396662876 -0.864141941 -0.50168258
vn 0.0396662839 -0.864141941 -0.50168258
vn 0.0396662802 -0.864141941 -0.50168258
vn 0.0242795739 -0.904621542 0.42552346
vn 0.511458755 -0.856470346 0.069773607
vn 0.258401513 -0.918722987 0.298624873
vn 0.258401543 -0.918722987 0.298624873
vn 0.258401483 -0.918722868 0.298624843
vn -0.0313747674 -0.919327259 0.392241091
vn -0.0313747711 -0.919327199 0.39224112
vn -0.0313747674 -0.919327199 0.392241091
vn -0.258381784 -0.918737233 -0.298597932
vn -0.258381784 -0.918737173 -0.298597932
vn -0.258381754 -0.918737173 -0.298597932
vn -0.511866748 -0.856238127 -0.0696325675
vn 0.00593731739 -0.998462796 0.0551074743
vn 0.00593731739 -0.998462737 0.0551074781
vn 0.00593731785 -0.998462796 0.0551074743
vn -0.00594646158 -0.998463392 -0.0550953522
vn -0.000713915797 0.999999762 0.000111231377
vn 1.96640704e-05 1 -0.000134179951
vn 0.00024398134 0.99999994 0.000254919374
vn 0.000113441813 0.99999994 -0.000345699344
vn -0.000301157852 1 -0.000114770548
vn -4.44071156e-05 0.999999881 -0.000296290265
vn -0.000394383766 0.999999821 -0.000325088156
vn -0.00011590722 1 -0.000157501636
vn -0.000129569104 1 -8.32943406e-05
vn 4.58298091e-05 0.99999994 0.000139896118
vn -0.000189728671 1 -0.00017637125
vn 9.3919014e-05 0.99999994 4.91353057e-05
vn 0.000156634778 0.99999994 0.000437688606
vn 0.000151619199 0.999999821 0.000566088129
vn 0.000119647142 1 0.000143142097
vn 0.000193493965 0.99999994 0.000180347852
vn -0.000153089772 0.999999881 -0.00044075746
vn -9.37846853e-05 1 -4.58894901e-05
vn -0.000151911328 0.999999821 -0.000566700706
vn -5.66843373e-05 1 -0.000172628803
vn 2.97775168e-05 1 0.000240910318
vn 0.000101035017 1 0.000154249821
vn 0.000368398061 0.999999821 0.000250707119
vn -0.000100679201 0.999999881 0.000322933833
vn 0.000286501832 1 9.1545e-05
vn -2.20909315e-05 1 0.000140584394
vn -0.000164305326 1 -0.000238296911
vn 0.000703725615 0.999999821 -0.000145065758

# Mesh 'arm_l_link3' with 5788 faces
g arm_l_link3
usemtl white
f  1//1 2//2 3//3
f  4//4 2//2 1//1
f  5//5 6//6 7//7
f  8//8 5//5 7//7
f  9//9 10//10 11//11
f  12//12 13//13 14//14
f  13//13 15//15 14//14
f  16//16 10//10 9//9
f  2//17 17//18 3//19
f  17//20 18//21 3//22
f  18//21 1//23 3//22
f  19//24 20//25 7//26
f  6//27 19//24 7//26
f  20//28 21//29 7//30
f  21//29 8//31 7//30
f  22//32 4//33 1//34
f  23//35 22//32 1//34
f  18//36 23//35 1//34
f  24//37 19//38 6//39
f  25//40 24//37 6//39
f  5//41 25//40 6//39
f  10//42 26//43 11//44
f  26//45 27//46 11//47
f  27//46 9//48 11//47
f  15//49 28//50 14//51
f  29//52 12//53 14//54
f  30//55 29//52 14//54
f  28//56 30//55 14//54
f  31//57 16//58 9//59
f  32//60 31//57 9//59
f  27//61 32//60 9//59
f  33//62 28//50 15//49
f  13//63 33//64 15//65
f  4//66 22//67 2//68
f  34//69 17//18 2//17
f  22//70 34//71 2//72
f  21//73 25//74 8//75
f  25//76 5//77 8//78
f  23//79 34//71 22//70
f  21//73 24//80 25//74
f  16//81 31//82 10//83
f  35//84 26//43 10//42
f  31//85 35//86 10//87
f  30//88 36//89 29//90
f  36//89 13//91 29//90
f  13//92 12//93 29//94
f  32//79 35//86 31//85
f  36//95 33//64 13//63
f  37//96 38//96 39//97
f  37//98 40//99 38//100
f  41//101 42//102 43//103
f  42//102 44//104 43//103
f  45//105 41//106 43//107
f  44//108 45//105 43//107
f  42//109 46//109 44//110
f  46//111 47//112 44//108
f  47//112 45//105 44//108
f  48//113 39//114 38//115
f  42//116 49//117 46//118
f  49//117 50//119 46//118
f  51//120 52//121 46//111
f  52//121 47//112 46//111
f  50//122 51//123 46//124
f  53//125 37//126 39//127
f  54//128 52//121 51//120
f  55//129 56//130 50//131
f  49//132 55//129 50//131
f  56//133 57//134 50//122
f  57//134 51//123 50//122
f  57//135 54//128 51//120
f  58//136 59//137 48//138
f  60//139 53//140 39//141
f  48//113 60//142 39//114
f  55//129 61//143 56//130
f  61//144 62//145 56//133
f  62//145 57//134 56//133
f  63//146 64//147 57//135
f  62//148 63//146 57//135
f  65//149 66//150 48//138
f  66//150 67//151 48//138
f  59//137 68//152 48//138
f  68//153 65//154 48//155
f  67//156 60//142 48//113
f  55//129 69//157 61//143
f  70//158 62//145 61//144
f  70//159 71//160 62//148
f  71//160 72//161 62//148
f  73//162 53//163 60//164
f  66//150 74//165 67//151
f  74//165 75//166 67//151
f  69//167 76//168 61//168
f  76//169 70//158 61//144
f  77//170 78//171 67//172
f  78//173 60//142 67//156
f  79//174 70//158 76//169
f  79//175 80//176 70//177
f  81//178 82//179 76//180
f  69//181 81//182 76//183
f  82//184 79//174 76//169
f  83//185 84//186 78//187
f  85//188 83//185 78//187
f  84//189 60//142 78//173
f  86//190 73//191 60//191
f  87//192 86//193 60//194
f  84//195 87//196 60//197
f  88//198 89//199 79//200
f  89//199 80//201 79//200
f  90//202 91//203 79//200
f  91//203 88//198 79//200
f  82//184 90//204 79//174
f  83//185 92//205 84//186
f  92//205 93//206 84//186
f  94//207 91//203 90//202
f  84//208 86//209 87//210
f  95//211 49//212 96//213
f  37//214 97//214 40//215
f  41//106 98//216 99//217
f  98//218 100//219 99//220
f  100//221 41//222 99//223
f  101//224 37//225 102//226
f  101//224 103//227 37//225
f  103//228 97//229 37//230
f  97//231 104//232 40//233
f  104//232 38//234 40//233
f  45//105 98//216 41//106
f  105//235 42//236 41//237
f  100//221 105//238 41//222
f  53//239 102//240 37//241
f  100//221 106//242 105//238
f  105//235 107//243 42//236
f  106//242 108//244 105//238
f  108//244 107//245 105//238
f  53//239 109//246 102//240
f  104//232 110//247 38//234
f  107//243 49//212 42//236
f  108//244 111//248 107//245
f  96//213 49//212 107//243
f  111//248 96//249 107//245
f  111//248 112//250 96//249
f  113//251 47//112 52//121
f  54//128 113//251 52//121
f  114//252 113//251 54//128
f  95//211 55//253 49//212
f  114//252 54//128 57//135
f  115//254 114//252 57//135
f  38//234 58//136 48//138
f  64//147 115//254 57//135
f  73//255 116//256 53//239
f  116//256 109//246 53//239
f  117//257 59//258 58//259
f  118//260 117//257 58//259
f  119//261 117//262 118//263
f  120//264 119//261 118//263
f  58//265 120//266 118//267
f  121//268 64//269 122//270
f  64//271 123//271 122//272
f  121//273 115//254 64//147
f  116//274 124//275 109//276
f  119//277 59//278 117//279
f  64//280 125//281 123//282
f  125//281 126//283 123//282
f  126//284 122//285 123//284
f  127//286 55//253 95//211
f  63//146 125//287 64//147
f  128//288 65//289 68//290
f  129//291 128//288 68//290
f  130//292 128//293 129//294
f  131//295 130//292 129//294
f  68//296 131//297 129//298
f  132//299 63//300 133//301
f  63//302 134//303 133//303
f  132//304 125//287 63//146
f  130//305 65//306 128//307
f  63//308 135//309 134//310
f  135//309 136//311 134//310
f  136//312 133//313 134//313
f  137//314 135//315 63//146
f  62//148 137//314 63//146
f  138//316 139//317 127//318
f  139//319 55//253 127//286
f  65//149 140//320 66//150
f  140//321 141//322 66//323
f  141//324 142//325 66//324
f  143//326 142//293 141//327
f  144//328 143//326 141//327
f  140//321 144//329 141//322
f  137//330 62//331 145//332
f  62//333 72//334 145//333
f  72//335 146//336 145//337
f  147//338 74//165 66//150
f  142//339 147//340 66//341
f  143//342 147//340 142//339
f  72//343 148//344 146//345
f  148//344 149//346 146//345
f  149//347 145//348 146//349
f  139//319 69//350 55//253
f  71//160 148//351 72//161
f  150//352 75//353 74//354
f  151//355 150//352 74//354
f  152//356 150//293 151//357
f  153//358 152//356 151//357
f  74//359 153//360 151//361
f  154//362 71//363 155//364
f  71//365 156//366 155//367
f  152//368 75//369 150//370
f  71//371 157//372 156//373
f  157//372 158//374 156//373
f  158//375 155//376 156//377
f  159//378 124//275 116//274
f  30//379 157//380 71//381
f  160//382 30//379 71//381
f  70//383 160//382 71//381
f  138//316 161//384 139//317
f  75//166 162//385 67//151
f  86//386 116//256 73//255
f  163//387 67//388 162//389
f  164//390 163//391 162//390
f  165//392 163//293 164//393
f  166//394 165//392 164//393
f  162//395 166//396 164//397
f  160//398 70//399 167//400
f  70//401 168//401 167//401
f  168//402 169//402 167//403
f  165//404 170//405 163//406
f  170//405 67//407 163//406
f  168//408 171//409 169//410
f  171//409 172//411 169//410
f  172//412 167//413 169//414
f  70//177 173//415 168//416
f  139//319 174//417 69//350
f  175//418 174//419 139//317
f  161//384 175//418 139//317
f  80//176 173//415 70//177
f  176//420 159//378 116//274
f  177//421 78//422 77//423
f  178//424 177//421 77//423
f  77//425 179//426 178//427
f  179//426 180//428 178//427
f  181//429 177//262 178//430
f  180//431 181//429 178//430
f  173//432 80//433 182//434
f  183//435 173//432 182//434
f  80//436 184//437 182//438
f  174//417 81//439 69//350
f  177//440 185//441 78//442
f  181//443 185//441 177//440
f  186//412 182//413 184//414
f  80//444 187//445 184//446
f  187//445 188//447 184//446
f  188//447 186//448 184//446
f  185//449 85//188 78//187
f  189//450 116//256 86//386
f  175//418 190//451 174//419
f  89//199 187//452 80//201
f  189//453 176//420 116//274
f  191//454 83//455 85//456
f  192//457 191//454 85//456
f  193//458 191//459 192//460
f  194//461 193//458 192//460
f  85//462 195//463 192//464
f  195//463 194//465 192//464
f  196//466 197//467 198//468
f  199//469 89//470 198//471
f  197//472 199//469 198//471
f  89//473 88//474 198//475
f  88//474 196//476 198//475
f  174//417 200//477 81//439
f  193//478 201//479 191//480
f  201//479 83//481 191//480
f  202//482 203//483 196//484
f  88//485 202//482 196//484
f  203//486 197//467 196//466
f  190//451 204//487 174//419
f  204//487 200//488 174//419
f  205//489 206//490 92//491
f  206//490 207//492 92//491
f  208//493 93//494 92//491
f  207//492 208//493 92//491
f  209//495 210//496 205//497
f  92//498 209//495 205//497
f  211//458 206//459 205//460
f  210//461 211//458 205//460
f  91//499 212//500 213//501
f  214//502 91//503 213//504
f  215//505 214//502 213//504
f  94//506 216//507 91//499
f  216//507 212//500 91//499
f  207//492 217//508 208//493
f  218//509 217//508 207//492
f  219//510 218//511 207//512
f  220//513 219//510 207//512
f  206//514 220//514 207//514
f  211//514 220//514 206//514
f  221//515 215//516 213//517
f  212//518 221//519 213//520
f  222//521 223//522 212//523
f  216//507 222//524 212//500
f  223//514 221//519 212//518
f  224//525 222//524 216//507
f  90//202 225//526 94//207
f  225//527 216//528 94//529
f  226//530 225//526 90//202
f  226//531 90//532 82//533
f  227//534 226//531 82//533
f  219//535 228//514 218//514
f  228//514 217//514 218//514
f  224//514 229//535 222//535
f  229//536 223//522 222//521
f  230//537 231//538 96//249
f  81//539 227//534 82//533
f  204//487 227//534 81//539
f  86//209 232//540 189//453
f  200//488 204//487 81//539
f  232//540 176//420 189//453
f  214//541 88//198 91//203
f  231//538 95//542 96//249
f  199//543 187//452 89//199
f  231//538 233//544 95//542
f  233//544 234//545 95//542
f  83//185 209//546 92//205
f  234//545 127//318 95//542
f  234//545 138//316 127//318
f  154//547 148//351 71//160
f  217//548 228//549 208//550
f  228//549 235//551 208//550
f  235//552 236//553 208//554
f  236//553 93//555 208//554
f  237//556 224//557 216//558
f  225//527 237//559 216//528
f  238//514 229//535 224//514
f  237//556 238//560 224//557
f  239//561 101//562 102//563
f  109//276 239//561 102//563
f  240//564 47//112 113//251
f  110//247 58//136 38//234
f  132//304 21//565 125//287
f  214//541 202//566 88//198
f  241//567 84//186 93//206
f  185//449 195//568 85//188
f  201//569 209//546 83//185
f  170//570 77//170 67//172
f  242//571 243//572 75//166
f  243//572 162//385 75//166
f  244//573 140//320 65//149
f  130//305 244//574 65//306
f  112//250 230//537 96//249
f  241//575 86//209 84//208
f  245//576 232//540 86//209
f  246//577 242//571 75//166
f  152//368 246//578 75//369
f  247//579 74//165 147//338
f  247//580 153//360 74//359
f  248//581 249//582 250//583
f  249//584 251//585 250//586
f  252//587 253//588 254//589
f  255//590 252//591 254//592
f  256//593 253//588 252//587
f  255//590 257//594 252//591
f  258//595 248//581 250//583
f  259//596 258//595 250//583
f  251//585 259//597 250//586
f  260//598 113//251 114//252
f  248//581 261//599 249//582
f  262//600 204//487 190//451
f  263//601 138//316 234//545
f  132//304 24//602 21//565
f  253//603 264//604 254//605
f  265//606 266//607 231//538
f  115//254 260//598 114//252
f  230//537 265//606 231//538
f  160//608 267//609 30//610
f  266//607 233//544 231//538
f  58//265 268//611 120//266
f  268//611 269//612 120//266
f  269//612 270//613 120//266
f  270//613 271//614 120//266
f  126//615 272//616 122//617
f  272//618 273//619 122//270
f  273//619 121//268 122//270
f  274//620 275//621 119//277
f  276//622 277//623 119//277
f  277//623 59//278 119//277
f  275//621 276//622 119//277
f  125//281 278//624 126//283
f  278//624 279//625 126//283
f  279//626 272//627 126//628
f  280//629 281//630 131//297
f  281//630 282//631 131//297
f  68//296 280//629 131//297
f  136//632 283//633 133//632
f  283//634 284//635 133//301
f  284//635 132//299 133//301
f  285//636 286//637 130//305
f  286//637 244//574 130//305
f  135//309 287//638 136//311
f  287//638 288//639 136//311
f  288//640 283//641 136//642
f  289//643 143//644 144//644
f  140//321 290//645 144//329
f  290//645 291//646 144//329
f  291//646 289//647 144//329
f  149//648 292//649 145//650
f  293//651 137//330 145//332
f  292//652 293//651 145//332
f  294//653 147//340 143//342
f  295//654 296//655 143//342
f  296//655 294//653 143//342
f  148//344 297//656 149//346
f  297//657 292//657 149//657
f  247//580 298//658 153//360
f  298//658 299//659 153//360
f  158//660 300//661 155//662
f  300//663 301//664 155//364
f  301//664 154//362 155//364
f  302//665 246//578 152//368
f  303//666 302//665 152//368
f  157//372 304//667 158//374
f  162//395 305//668 166//396
f  305//668 306//669 166//396
f  306//669 307//670 166//396
f  172//671 308//672 167//673
f  309//674 160//398 167//400
f  308//675 309//674 167//400
f  310//676 170//405 165//404
f  171//409 311//677 172//411
f  311//677 312//678 172//411
f  312//679 308//680 172//679
f  179//426 313//681 180//428
f  314//682 183//435 182//434
f  186//671 314//672 182//673
f  315//683 185//441 181//443
f  316//684 314//685 186//686
f  188//447 317//687 186//448
f  317//687 316//688 186//448
f  121//273 260//598 115//254
f  104//232 318//689 110//247
f  319//690 265//606 230//537
f  320//691 256//692 252//693
f  257//594 320//694 252//591
f  251//585 321//695 259//597
f  322//696 251//585 249//584
f  21//565 278//697 125//287
f  173//415 171//698 168//416
f  323//699 324//700 59//137
f  324//700 68//152 59//137
f  261//701 325//702 249//703
f  325//704 322//696 249//584
f  264//604 326//705 254//605
f  326//706 255//590 254//592
f  327//707 239//561 109//276
f  20//708 278//697 21//565
f  199//543 188//709 187//452
f  324//700 280//710 68//152
f  93//206 236//711 241//567
f  328//712 329//713 330//714
f  331//715 328//716 330//717
f  332//718 333//719 334//720
f  335//721 262//722 334//723
f  333//724 335//721 334//723
f  124//275 327//707 109//276
f  336//725 332//718 334//720
f  329//713 337//726 330//714
f  337//727 329//728 251//729
f  332//730 257//731 255//731
f  277//732 338//733 59//137
f  338//733 323//699 59//137
f  329//734 321//734 251//734
f  339//735 332//736 255//737
f  338//738 34//69 323//739
f  338//738 17//18 34//69
f  23//740 323//741 34//742
f  23//740 324//743 323//741
f  18//36 324//744 23//35
f  35//745 243//746 242//747
f  242//748 26//43 35//84
f  32//749 243//746 35//745
f  28//56 340//750 30//55
f  267//751 36//751 30//752
f  27//61 341//753 32//60
f  341//753 243//754 32//60
f  267//755 33//64 36//95
f  322//756 337//756 251//757
f  110//247 268//758 58//136
f  137//314 287//759 135//315
f  170//570 179//760 77//170
f  342//761 193//762 194//763
f  195//463 343//764 194//465
f  343//764 342//765 194//465
f  344//766 199//469 197//472
f  202//482 345//767 203//483
f  209//495 346//768 210//496
f  346//768 347//769 210//496
f  347//770 211//771 210//772
f  348//773 214//502 215//505
f  349//514 220//514 211//514
f  261//701 350//774 325//702
f  351//775 256//692 320//691
f  352//776 258//777 259//778
f  353//779 352//776 259//778
f  321//695 353//780 259//597
f  284//781 24//602 132//304
f  354//782 329//713 328//712
f  355//783 354//784 328//785
f  331//715 355//786 328//716
f  332//718 339//787 333//719
f  339//787 356//788 333//719
f  356//789 357//790 333//791
f  357//790 335//792 333//791
f  337//726 358//793 330//714
f  359//794 331//795 330//796
f  358//797 359//794 330//796
f  183//798 171//698 173//415
f  332//799 336//800 257//801
f  160//802 360//803 267//804
f  360//805 33//64 267//755
f  341//806 162//385 243//572
f  340//807 157//380 30//379
f  241//575 245//576 86//209
f  263//601 161//384 138//316
f  361//808 353//780 321//695
f  362//809 361//810 321//811
f  329//812 362//809 321//811
f  326//706 363//813 255//590
f  363//814 339//815 255//816
f  245//576 364//817 232//540
f  365//818 327//707 124//275
f  364//817 176//420 232//540
f  341//806 305//819 162//385
f  121//273 366//820 260//598
f  277//732 280//710 338//733
f  18//821 17//822 338//823
f  280//710 324//700 338//733
f  324//824 18//821 338//823
f  242//825 27//826 26//827
f  360//828 340//829 28//830
f  33//831 360//828 28//830
f  246//577 341//806 242//571
f  341//832 27//826 242//825
f  360//833 157//380 340//807
f  309//834 157//835 360//803
f  246//577 305//819 341//806
f  160//802 309//834 360//803
f  367//836 320//694 257//594
f  159//378 365//818 124//275
f  368//837 336//725 334//720
f  369//838 368//839 334//840
f  262//841 369//838 334//840
f  339//787 370//842 356//788
f  273//843 366//820 121//273
f  326//706 371//844 363//813
f  370//845 339//815 363//814
f  264//846 372//847 326//848
f  318//689 268//758 110//247
f  366//820 373//849 260//598
f  373//849 113//251 260//598
f  354//782 362//850 329//713
f  325//704 374//851 322//696
f  375//852 337//853 322//854
f  376//855 377//856 257//594
f  377//856 367//836 257//594
f  336//857 376//858 257//859
f  378//860 175//418 161//384
f  263//601 378//860 161//384
f  379//861 358//793 337//726
f  380//862 219//510 220//513
f  349//863 380//862 220//513
f  229//536 381//864 223//522
f  381//514 221//519 223//514
f  380//514 228//514 219//535
f  373//849 382//865 113//251
f  367//866 351//867 320//868
f  383//869 353//780 361//808
f  371//844 376//855 363//813
f  376//870 370//870 363//871
f  112//250 319//690 230//537
f  19//872 24//602 284//781
f  384//873 234//545 233//544
f  137//314 293//874 287//759
f  327//707 385//875 239//561
f  374//851 383//869 322//696
f  383//869 361//808 322//696
f  361//876 375//877 322//878
f  362//879 375//879 361//880
f  371//844 377//856 376//855
f  19//872 284//781 20//708
f  284//781 386//881 20//708
f  386//881 278//697 20//708
f  265//606 387//882 266//607
f  388//883 362//850 354//782
f  389//884 388//885 354//886
f  355//887 389//884 354//886
f  370//842 390//888 356//788
f  391//889 357//890 356//891
f  390//892 391//889 356//891
f  336//893 370//894 376//895
f  379//896 359//897 358//898
f  382//865 240//564 113//251
f  350//899 374//900 325//901
f  372//847 371//902 326//848
f  375//903 379//861 337//726
f  392//904 190//451 175//418
f  378//860 392//904 175//418
f  388//883 375//903 362//850
f  227//534 393//905 226//531
f  393//906 225//526 226//530
f  394//907 393//905 227//534
f  395//908 241//567 236//711
f  387//882 233//544 266//607
f  253//909 256//910 202//566
f  214//541 253//909 202//566
f  368//837 390//888 336//725
f  390//888 370//842 336//725
f  388//883 379//861 375//903
f  348//911 264//912 214//541
f  264//912 253//909 214//541
f  369//913 262//600 190//451
f  392//904 369//913 190//451
f  204//487 394//907 227//534
f  294//914 247//579 147//338
f  248//915 258//916 209//546
f  258//916 346//917 209//546
f  201//569 248//915 209//546
f  335//918 204//487 262//600
f  335//918 357//919 204//487
f  357//919 396//920 204//487
f  396//920 394//907 204//487
f  397//921 390//922 368//923
f  369//924 397//925 368//926
f  398//927 359//897 379//896
f  350//899 399//928 374//900
f  400//929 351//867 367//866
f  377//930 400//929 367//866
f  387//882 401//931 233//544
f  401//931 402//932 233//544
f  403//933 352//934 353//935
f  383//936 403//933 353//935
f  350//937 261//938 201//569
f  261//938 248//915 201//569
f  404//939 119//940 120//941
f  405//942 404//939 120//941
f  271//614 405//943 120//266
f  406//944 273//619 272//618
f  404//945 274//620 119//277
f  278//624 386//946 279//625
f  407//947 130//948 131//949
f  408//950 407//947 131//949
f  409//951 408//952 131//297
f  282//631 409//951 131//297
f  410//953 284//635 283//634
f  411//954 285//636 130//305
f  407//955 411//954 130//305
f  287//638 412//956 288//639
f  413//957 143//958 289//957
f  291//646 414//959 289//647
f  415//960 293//651 292//652
f  413//961 416//962 143//342
f  416//962 295//654 143//342
f  148//344 417//963 297//656
f  418//964 152//965 153//966
f  419//967 418//964 153//966
f  299//659 420//968 153//360
f  420//968 419//969 153//360
f  421//970 301//664 300//663
f  422//971 303//666 152//368
f  418//972 422//971 152//368
f  304//667 423//973 158//374
f  423//973 424//974 158//374
f  424//974 425//975 158//374
f  425//976 300//976 158//977
f  426//978 165//979 166//980
f  427//942 426//978 166//980
f  307//670 428//981 166//396
f  428//981 427//982 166//396
f  429//983 309//674 308//675
f  430//984 429//983 308//675
f  431//985 432//986 165//404
f  426//987 431//985 165//404
f  432//986 310//676 165//404
f  311//677 433//988 312//678
f  434//989 435//990 180//428
f  313//681 436//991 180//428
f  436//991 434//989 180//428
f  437//992 181//993 180//994
f  435//995 437//992 180//994
f  438//996 183//435 314//682
f  439//997 315//683 181//443
f  437//998 440//999 181//443
f  440//999 439//997 181//443
f  317//687 441//1000 316//688
f  441//1000 442//1001 316//688
f  104//232 443//1002 318//689
f  315//1003 195//568 185//449
f  398//1004 379//1005 388//1006
f  389//1007 398//1004 388//1006
f  309//834 304//1008 157//835
f  397//921 391//1009 390//922
f  444//1010 263//601 234//545
f  384//873 444//1010 234//545
f  315//1003 343//1011 195//568
f  395//1012 245//576 241//575
f  399//1013 383//1014 374//1015
f  372//1016 377//1017 371//1018
f  225//527 445//1019 237//559
f  399//1013 403//1020 383//1014
f  402//932 384//873 233//544
f  355//1021 331//1022 364//817
f  331//1022 176//420 364//817
f  372//1016 400//1023 377//1017
f  327//707 446//1024 385//875
f  447//1025 446//1024 327//707
f  359//1026 448//1027 176//420
f  331//1022 359//1026 176//420
f  448//1027 159//378 176//420
f  159//378 449//1028 365//818
f  104//232 450//1029 443//1002
f  183//798 311//1030 171//698
f  273//843 451//1031 366//820
f  451//1031 373//849 366//820
f  448//1027 449//1028 159//378
f  351//1032 202//566 256//910
f  385//875 101//562 239//561
f  452//1033 382//865 373//849
f  451//1031 452//1033 373//849
f  269//1034 318//689 443//1002
f  112//250 453//1035 319//690
f  269//1034 268//758 318//689
f  352//1036 346//917 258//916
f  393//906 445//1037 225//526
f  154//547 301//1038 148//351
f  406//1039 451//1031 273//843
f  454//1040 279//625 386//946
f  372//1041 264//912 348//911
f  344//1042 188//709 199//543
f  301//1038 417//1043 148//351
f  345//1044 202//566 351//1032
f  455//1045 193//1046 342//1047
f  343//764 456//1048 342//765
f  203//486 457//1049 197//467
f  457//1050 344//766 197//472
f  458//1051 201//479 193//478
f  459//1052 458//1051 193//478
f  455//1053 459//1052 193//478
f  345//767 460//1054 203//483
f  460//1055 457//1049 203//486
f  346//768 461//1056 347//769
f  462//1057 211//1058 347//1059
f  463//1060 464//1061 215//505
f  464//1061 348//773 215//505
f  221//1062 463//1063 215//1064
f  462//535 349//514 211//514
f  465//1065 463//1063 221//1062
f  381//514 465//514 221//519
f  450//1029 466//1066 443//1002
f  466//1066 269//1034 443//1002
f  302//1067 305//819 246//577
f  467//1068 265//606 319//690
f  365//818 447//1025 327//707
f  468//1069 103//227 101//224
f  469//1070 401//931 387//882
f  451//1031 470//1071 452//1033
f  97//231 450//1029 104//232
f  313//1072 179//760 170//570
f  471//1073 402//932 401//931
f  293//874 415//1074 287//759
f  415//1074 412//1075 287//759
f  410//1076 386//881 284//781
f  472//1077 469//1070 387//882
f  265//606 472//1077 387//882
f  279//1078 473//1079 272//1080
f  473//1081 406//944 272//618
f  454//1040 474//1082 279//625
f  474//1083 473//1079 279//1078
f  288//1084 475//1085 283//1086
f  475//1087 476//1088 283//634
f  476//1088 410//953 283//634
f  477//1089 411//954 407//955
f  412//956 478//1090 288//639
f  478//1090 479//1091 288//639
f  479//1083 475//1085 288//1084
f  480//1092 413//1093 289//1094
f  414//959 481//1095 289//647
f  481//1095 480//1096 289//647
f  297//1097 482//1098 292//1099
f  482//1100 415//960 292//652
f  483//1101 484//1102 297//656
f  417//963 483//1101 297//656
f  484//1103 482//1098 297//1097
f  420//968 485//1104 419//969
f  425//1105 486//1106 300//1107
f  486//1108 421//970 300//663
f  487//1109 422//971 418//972
f  428//981 488//1110 427//982
f  488//1110 489//1111 427//982
f  312//1112 490//1113 308//1114
f  490//1115 430//984 308//675
f  491//1116 431//985 426//987
f  492//1117 493//1118 312//678
f  433//988 492//1117 312//678
f  493//1119 490//1113 312//1112
f  434//989 494//1120 435//990
f  495//1121 496//1122 314//682
f  496//1122 438//996 314//682
f  316//1123 495//1124 314//1125
f  497//1126 498//1127 437//998
f  498//1127 440//999 437//998
f  499//1128 495//1124 316//1123
f  442//1001 500//1129 316//688
f  500//1129 499//1130 316//688
f  410//1076 454//1131 386//881
f  286//1132 290//1133 244//573
f  290//1133 140//320 244//573
f  385//875 501//1134 101//562
f  501//1134 468//1135 101//562
f  364//817 389//1136 355//1021
f  397//1137 369//913 392//904
f  395//1012 502//1138 245//576
f  503//1139 269//1034 466//1066
f  281//1140 280//710 277//732
f  276//1141 281//1140 277//732
f  467//1068 472//1077 265//606
f  449//1028 447//1025 365//818
f  504//1142 394//907 396//920
f  505//1143 466//1066 450//1029
f  505//1143 506//1144 466//1066
f  507//1145 393//905 394//907
f  504//1142 396//920 357//919
f  391//1146 504//1142 357//919
f  508//1147 364//817 245//576
f  508//1147 389//1136 364//817
f  506//1144 509//1148 466//1066
f  201//569 399//1149 350//937
f  466//1066 509//1148 503//1139
f  447//1025 510//1150 446//1024
f  296//1151 298//1152 294//914
f  298//1152 247//579 294//914
f  470//1071 511//1153 452//1033
f  511//1153 382//865 452//1033
f  406//1039 512//1154 451//1031
f  513//1155 510//1150 447//1025
f  469//1070 514//1156 401//931
f  514//1156 471//1073 401//931
f  453//1035 467//1068 319//690
f  507//1157 445//1037 393//906
f  344//1042 317//1158 188//709
f  512//1154 470//1071 451//1031
f  97//231 515//1159 450//1029
f  503//1139 270//1160 269//1034
f  236//711 516//1161 395//908
f  235//552 516//1162 236//553
f  517//1163 518//1164 509//1148
f  518//1164 503//1139 509//1148
f  519//1165 513//1155 447//1025
f  520//1166 444//1010 384//873
f  402//932 520//1166 384//873
f  521//1167 517//1163 509//1148
f  506//1144 522//1168 509//1148
f  508//1147 398//1169 389//1136
f  511//1153 240//564 382//865
f  398//1169 448//1027 359//1026
f  512//1154 511//1153 470//1071
f  515//1159 505//1143 450//1029
f  523//1170 474//1082 454//1040
f  348//911 464//1171 372//1041
f  524//1172 514//1156 469//1070
f  400//1173 345//1044 351//1032
f  522//1168 521//1167 509//1148
f  525//1174 501//1134 385//875
f  446//1024 525//1174 385//875
f  397//1137 504//1142 391//1146
f  461//1175 346//917 352//1036
f  403//1176 461//1175 352//1036
f  474//1177 404//1178 405//1179
f  473//1180 474//1177 405//1179
f  526//1181 473//1081 405//943
f  271//614 526//1181 405//943
f  527//1182 406//944 473//1081
f  523//1170 274//620 404//945
f  474//1082 523//1170 404//945
f  479//1177 407//1178 408//1179
f  475//1180 479//1177 408//1179
f  528//1183 475//1087 408//952
f  409//951 528//1183 408//952
f  479//1091 477//1089 407//955
f  478//1090 477//1089 479//1091
f  484//1184 413//1185 480//1186
f  482//1187 484//1184 480//1186
f  481//1095 482//1100 480//1096
f  529//1188 415//960 482//1100
f  530//1189 416//962 413//961
f  484//1102 530//1189 413//961
f  483//1101 530//1189 484//1102
f  531//1190 418//1191 419//1192
f  486//1193 531//1190 419//1192
f  532//1194 486//1108 419//969
f  485//1104 532//1194 419//969
f  533//1195 421//970 486//1108
f  534//1196 487//1109 418//972
f  531//1197 534//1196 418//972
f  535//1198 534//1196 425//975
f  534//1196 531//1197 425//975
f  424//974 535//1198 425//975
f  531//1199 486//1200 425//1201
f  493//1202 426//1203 427//1204
f  490//1205 493//1202 427//1204
f  489//1111 536//1206 427//982
f  536//1206 490//1115 427//982
f  537//1207 430//984 490//1115
f  536//1206 537//1207 490//1115
f  493//1118 491//1116 426//987
f  492//1117 538//1208 493//1118
f  494//1120 495//1121 435//990
f  499//1209 437//1210 435//1211
f  495//1212 499//1209 435//1211
f  539//1213 496//1122 495//1121
f  499//1130 540//1214 437//998
f  540//1214 497//1126 437//998
f  521//1167 541//1215 517//1163
f  505//1143 522//1168 506//1144
f  271//1216 270//1160 503//1139
f  518//1164 271//1216 503//1139
f  512//1154 542//1217 511//1153
f  449//1028 519//1165 447//1025
f  406//1039 543//1218 512//1154
f  508//1147 448//1027 398//1169
f  513//1155 544//1219 510//1150
f  545//1220 240//564 511//1153
f  458//1221 399//1149 201//569
f  306//1222 305//819 302//1067
f  546//1223 542//1217 512//1154
f  543//1218 546//1223 512//1154
f  515//1159 547//1224 505//1143
f  548//535 228//514 380//514
f  238//514 549//514 229//535
f  549//1225 381//864 229//536
f  458//1221 403//1176 399//1149
f  464//1171 400//1173 372//1041
f  547//1224 522//1168 505//1143
f  550//1226 523//1227 454//1131
f  551//1228 378//860 263//601
f  444//1010 551//1228 263//601
f  310//1229 313//1072 170//570
f  527//1230 543//1218 406//1039
f  464//1171 345//1044 400//1173
f  552//1231 524//1172 469//1070
f  472//1077 552//1231 469//1070
f  553//1232 518//1164 517//1163
f  541//1215 553//1232 517//1163
f  542//1217 545//1220 511//1153
f  554//1233 555//1234 553//1232
f  541//1215 554//1233 553//1232
f  547//1224 521//1167 522//1168
f  467//1068 556//1235 472//1077
f  550//1226 557//1236 523//1227
f  458//1221 461//1175 403//1176
f  543//1218 555//1234 554//1233
f  546//1223 543//1218 554//1233
f  547//1224 558//1237 521//1167
f  510//1150 525//1174 446//1024
f  526//1181 527//1182 473//1081
f  528//1183 476//1088 475//1087
f  481//1095 529//1188 482//1100
f  532//1194 533//1195 486//1108
f  538//1208 559//1238 493//1118
f  559//1238 491//1116 493//1118
f  494//1120 560//1239 495//1121
f  560//1239 539//1213 495//1121
f  500//1129 540//1214 499//1130
f  526//1240 518//1164 553//1232
f  513//1155 561//1241 544//1219
f  519//1165 562//1242 513//1155
f  558//1237 541//1215 521//1167
f  555//1234 526//1240 553//1232
f  558//1237 563//1243 541//1215
f  546//1223 545//1220 542//1217
f  564//1244 554//1233 541//1215
f  563//1243 564//1244 541//1215
f  565//1245 545//1220 546//1223
f  564//1244 546//1223 554//1233
f  564//1244 565//1245 546//1223
f  527//1230 555//1234 543//1218
f  526//1240 271//1216 518//1164
f  566//1246 561//1241 513//1155
f  183//798 438//1247 311//1030
f  527//1230 526//1240 555//1234
f  291//1248 290//1133 286//1132
f  282//1249 276//1141 275//1250
f  525//1174 567//1251 501//1134
f  568//1252 519//1165 449//1028
f  513//1155 562//1242 566//1246
f  476//1253 454//1131 410//1076
f  476//1253 550//1226 454//1131
f  552//1231 569//1254 524//1172
f  544//1219 525//1174 510//1150
f  282//1249 281//1140 276//1141
f  523//1227 557//1236 274//1255
f  547//1256 525//1174 544//1219
f  556//1235 552//1231 472//1077
f  415//1074 478//1257 412//1075
f  569//1254 514//1156 524//1172
f  566//1246 570//1258 561//1241
f  570//1258 563//1259 561//1241
f  439//1260 343//1011 315//1003
f  502//1138 508//1147 245//576
f  409//1261 282//1249 275//1250
f  561//1241 547//1256 544//1219
f  571//1262 392//904 378//860
f  551//1228 571//1262 378//860
f  567//1251 468//1135 501//1134
f  563//1259 558//1263 561//1241
f  558//1263 547//1256 561//1241
f  566//1246 572//1264 570//1258
f  301//1038 421//1265 417//1043
f  573//1266 502//1138 395//1012
f  516//1161 573//1267 395//908
f  100//221 45//1268 106//242
f  45//1268 108//244 106//242
f  108//244 112//250 111//248
f  453//1035 556//1235 467//1068
f  567//1251 103//1269 468//1135
f  562//1242 574//1270 566//1246
f  571//1262 397//1137 392//904
f  545//1271 569//1254 552//1231
f  572//1264 514//1156 569//1254
f  575//1272 448//1027 508//1147
f  556//1235 545//1271 552//1231
f  574//1270 572//1264 566//1246
f  515//1273 567//1251 525//1174
f  228//549 548//1274 235//551
f  548//1274 576//1275 235//551
f  576//1276 516//1162 235//552
f  577//1277 238//560 237//556
f  445//1019 577//1278 237//559
f  578//514 549//514 238//514
f  577//1277 578//1279 238//560
f  564//1280 563//1259 570//1258
f  100//221 98//1281 45//1268
f  45//1268 47//1282 108//244
f  47//1282 112//250 108//244
f  47//1282 240//1283 112//250
f  240//1283 453//1035 112//250
f  240//1283 556//1235 453//1035
f  97//1284 103//1269 567//1251
f  515//1273 97//1284 567//1251
f  547//1256 515//1273 525//1174
f  545//1271 565//1285 569//1254
f  579//1286 568//1252 449//1028
f  240//1283 545//1271 556//1235
f  565//1285 572//1264 569//1254
f  557//1236 409//1261 274//1255
f  580//1287 455//1288 342//1289
f  456//1048 580//1290 342//765
f  581//1291 344//766 457//1050
f  345//767 582//1292 460//1054
f  461//1056 583//1293 347//769
f  583//1293 584//1294 347//769
f  584//1295 462//1296 347//1297
f  585//1298 464//1061 463//1060
f  586//514 349//514 462//535
f  571//1262 504//1142 397//1137
f  572//1264 565//1285 570//1258
f  565//1285 564//1280 570//1258
f  574//1270 587//1299 572//1264
f  575//1272 579//1286 448//1027
f  579//1286 449//1028 448//1027
f  274//1255 409//1261 275//1250
f  476//1253 557//1236 550//1226
f  285//1300 291//1248 286//1132
f  476//1253 528//1301 557//1236
f  588//1302 471//1073 514//1156
f  572//1264 589//1303 514//1156
f  528//1301 409//1261 557//1236
f  587//1299 589//1303 572//1264
f  590//1304 520//1166 402//932
f  471//1073 590//1304 402//932
f  519//1165 591//1305 562//1242
f  429//1306 423//1307 304//1008
f  309//834 429//1306 304//1008
f  415//1074 529//1308 478//1257
f  296//1151 299//1309 298//1152
f  568//1252 591//1305 519//1165
f  303//1310 306//1222 302//1067
f  589//1303 588//1302 514//1156
f  344//1042 441//1311 317//1158
f  591//1305 574//1270 562//1242
f  507//1157 592//1312 445//1037
f  414//1313 285//1300 411//1314
f  478//1257 529//1308 477//1315
f  438//1247 433//1316 311//1030
f  414//1313 291//1248 285//1300
f  502//1138 593//1317 508//1147
f  481//1318 414//1313 411//1314
f  593//1317 575//1272 508//1147
f  303//1310 307//1319 306//1222
f  477//1315 481//1318 411//1314
f  529//1308 481//1318 477//1315
f  591//1305 594//1320 574//1270
f  295//1321 299//1309 296//1151
f  459//1322 461//1175 458//1221
f  592//1323 577//1278 445//1019
f  439//1260 456//1324 343//1011
f  436//1325 313//1072 310//1229
f  595//1326 507//1145 394//907
f  421//1265 483//1327 417//1043
f  594//1320 587//1299 574//1270
f  504//1142 595//1326 394//907
f  596//1328 590//1304 471//1073
f  588//1302 596//1328 471//1073
f  571//1262 595//1326 504//1142
f  597//1329 455//1330 580//1331
f  456//1048 598//1332 580//1290
f  460//1055 599//1333 457//1049
f  599//1334 600//1335 457//1050
f  600//1335 581//1291 457//1050
f  601//1336 459//1052 455//1053
f  597//1337 602//1338 455//1053
f  602//1338 601//1336 455//1053
f  582//1292 603//1339 460//1054
f  603//1339 604//1340 460//1054
f  604//1341 599//1333 460//1055
f  583//1293 605//1342 584//1294
f  606//1343 462//1344 584//1345
f  607//1346 608//1347 463//1060
f  608//1347 585//1298 463//1060
f  465//1065 607//1348 463//1063
f  606//514 609//514 462//535
f  609//514 586//514 462//535
f  610//1349 607//1348 465//1065
f  381//514 611//514 465//514
f  611//514 610//514 465//514
f  594//1320 612//1350 587//1299
f  613//1351 380//862 349//863
f  586//1352 613//1351 349//863
f  549//1225 611//1353 381//864
f  613//514 548//535 380//514
f  614//1354 551//1228 444//1010
f  520//1166 614//1354 444//1010
f  581//1355 441//1311 344//1042
f  582//1356 345//1044 464//1171
f  595//1326 615//1357 507//1145
f  615//1358 592//1312 507//1157
f  429//1306 430//1359 423//1307
f  430//1359 424//1360 423//1307
f  420//1361 299//1309 295//1321
f  579//1286 616//1362 568//1252
f  616//1362 591//1305 568//1252
f  617//1363 573//1267 516//1161
f  576//1276 617//1364 516//1162
f  618//1365 589//1303 587//1299
f  612//1350 618//1365 587//1299
f  459//1322 583//1366 461//1175
f  619//1367 596//1328 588//1302
f  589//1303 619//1367 588//1302
f  575//1272 616//1362 579//1286
f  593//1317 620//1368 575//1272
f  422//1369 307//1319 303//1310
f  620//1368 616//1362 575//1272
f  618//1365 619//1367 589//1303
f  548//1274 621//1370 576//1275
f  621//1371 622//1372 576//1276
f  622//1372 617//1364 576//1276
f  623//1373 571//1262 551//1228
f  614//1354 623//1373 551//1228
f  485//1374 295//1321 416//1375
f  483//1327 533//1376 530//1377
f  422//1369 428//1378 307//1319
f  432//1379 436//1325 310//1229
f  624//1380 597//1381 580//1382
f  625//1383 624//1380 580//1382
f  598//1332 626//1384 580//1290
f  626//1384 625//1385 580//1290
f  604//1341 625//1383 599//1333
f  625//1385 627//1386 599//1334
f  627//1386 600//1335 599//1334
f  628//1387 602//1338 597//1337
f  624//1388 628//1387 597//1337
f  603//1339 624//1388 604//1340
f  624//1380 625//1383 604//1341
f  629//1389 630//1390 584//1294
f  630//1390 631//1391 584//1294
f  605//1342 629//1389 584//1294
f  632//1392 606//1393 584//1394
f  631//1395 632//1392 584//1394
f  631//1391 608//1347 607//1346
f  610//1349 631//1395 607//1348
f  632//535 609//514 606//514
f  632//1392 631//1395 610//1349
f  611//514 632//535 610//514
f  616//1362 594//1320 591//1305
f  532//1396 485//1374 416//1375
f  633//1397 502//1138 573//1266
f  530//1377 532//1396 416//1375
f  623//1373 634//1398 571//1262
f  634//1398 595//1326 571//1262
f  590//1304 635//1399 520//1166
f  636//1400 615//1357 595//1326
f  440//1401 456//1324 439//1260
f  485//1374 420//1361 295//1321
f  585//1402 582//1356 464//1171
f  637//1403 593//1317 502//1138
f  637//1403 620//1368 593//1317
f  421//1265 533//1376 483//1327
f  626//1384 638//1404 625//1385
f  638//1404 627//1386 625//1385
f  639//1405 628//1387 624//1388
f  603//1339 640//1406 624//1388
f  640//1406 639//1405 624//1388
f  630//1390 608//1347 631//1391
f  641//514 609//514 632//535
f  611//514 641//514 632//535
f  616//1362 642//1407 594//1320
f  496//1408 433//1316 438//1247
f  487//1409 488//1410 422//1369
f  432//1379 434//1411 436//1325
f  537//1412 535//1413 424//1360
f  430//1359 537//1412 424//1360
f  615//1358 643//1414 592//1312
f  643//1415 577//1278 592//1323
f  644//1416 643//1414 615//1358
f  581//1355 442//1417 441//1311
f  645//1418 633//1397 573//1266
f  617//1363 645//1419 573//1267
f  646//1420 623//1373 614//1354
f  622//1421 645//1419 617//1363
f  533//1376 532//1396 530//1377
f  601//1422 605//1423 583//1366
f  459//1322 601//1422 583//1366
f  636//1400 644//1424 615//1357
f  609//1425 613//1351 586//1352
f  647//514 548//535 613//514
f  578//514 648//514 549//514
f  648//1426 611//1427 549//1428
f  642//1407 612//1350 594//1320
f  440//1401 598//1429 456//1324
f  488//1410 428//1378 422//1369
f  633//1397 637//1403 502//1138
f  635//1399 614//1354 520//1166
f  620//1368 642//1407 616//1362
f  646//1420 634//1398 623//1373
f  489//1430 488//1410 487//1409
f  634//1431 636//1432 595//1433
f  637//1403 649//1434 620//1368
f  496//1408 492//1435 433//1316
f  649//1434 642//1407 620//1368
f  642//1407 650//1436 612//1350
f  596//1328 635//1399 590//1304
f  548//1274 647//1437 621//1370
f  651//1438 622//1372 621//1371
f  652//1439 578//1279 577//1277
f  643//1415 652//1440 577//1278
f  653//514 648//514 578//514
f  652//1439 653//1441 578//1279
f  534//1442 489//1430 487//1409
f  650//1436 618//1365 612//1350
f  635//1399 646//1420 614//1354
f  654//1443 637//1403 633//1397
f  581//1355 600//1444 442//1417
f  431//1445 434//1411 432//1379
f  655//1446 635//1399 596//1328
f  654//1443 649//1434 637//1403
f  636//1400 656//1447 644//1424
f  656//1448 643//1414 644//1416
f  537//1412 536//1449 535//1413
f  657//1450 634//1398 646//1420
f  658//1451 650//1436 642//1407
f  619//1367 655//1446 596//1328
f  634//1431 657//1452 636//1432
f  496//1408 538//1453 492//1435
f  659//1454 613//1351 609//1425
f  648//1426 641//1455 611//1427
f  659//514 647//514 613//514
f  498//1456 598//1429 440//1401
f  536//1449 534//1442 535//1413
f  600//1444 500//1457 442//1417
f  650//1436 660//1458 618//1365
f  491//1459 494//1460 431//1445
f  602//1461 605//1423 601//1422
f  660//1458 619//1367 618//1365
f  649//1434 658//1451 642//1407
f  656//1448 661//1462 643//1414
f  536//1449 489//1430 534//1442
f  662//1463 646//1420 635//1399
f  651//1464 645//1419 622//1421
f  663//1465 658//1451 649//1434
f  585//1402 603//1466 582//1356
f  431//1445 494//1460 434//1411
f  654//1443 663//1465 649//1434
f  608//1467 603//1466 585//1402
f  661//1468 652//1440 643//1415
f  664//1469 656//1447 636//1400
f  657//1450 664//1469 636//1400
f  662//1463 665//1470 646//1420
f  647//1471 666//1472 621//1473
f  666//1474 667//1475 621//1371
f  667//1475 651//1438 621//1371
f  668//514 648//514 653//514
f  652//1439 668//1476 653//1441
f  560//1477 494//1460 491//1459
f  655//1446 662//1463 635//1399
f  496//1408 539//1478 538//1453
f  665//1470 657//1450 646//1420
f  658//1451 669//1479 650//1436
f  670//1480 654//1443 633//1397
f  641//1481 659//1482 609//1483
f  668//514 647//514 659//514
f  668//514 659//514 648//514
f  659//1482 641//1481 648//1484
f  560//1477 491//1459 559//1485
f  665//1470 671//1486 657//1450
f  670//1480 663//1465 654//1443
f  539//1478 559//1485 538//1453
f  497//1487 626//1488 498//1456
f  672//1489 633//1397 645//1418
f  651//1464 672//1490 645//1419
f  626//1488 598//1429 498//1456
f  669//1479 660//1458 650//1436
f  602//1461 629//1491 605//1423
f  619//1367 673//1492 655//1446
f  600//1444 627//1493 500//1457
f  539//1478 560//1477 559//1485
f  664//1469 674//1494 656//1447
f  674//1495 661//1462 656//1448
f  663//1465 669//1479 658//1451
f  667//1496 672//1490 651//1464
f  675//1497 670//1480 633//1397
f  660//1458 673//1492 619//1367
f  647//1471 668//1498 666//1472
f  676//1499 667//1475 666//1474
f  666//1500 668//1476 652//1439
f  677//1501 666//1474 652//1440
f  661//1468 677//1501 652//1440
f  678//1502 669//1479 663//1465
f  671//1486 664//1469 657//1450
f  608//1467 640//1503 603//1466
f  638//1504 626//1488 497//1487
f  628//1505 629//1491 602//1461
f  674//1495 677//1506 661//1462
f  655//1446 679//1507 662//1463
f  670//1480 678//1502 663//1465
f  672//1489 675//1497 633//1397
f  627//1493 540//1508 500//1457
f  540//1508 638//1504 497//1487
f  677//1501 676//1499 666//1474
f  669//1479 680//1509 660//1458
f  630//1510 629//1491 628//1505
f  679//1507 665//1470 662//1463
f  680//1509 673//1492 660//1458
f  638//1504 540//1508 627//1493
f  678//1502 680//1509 669//1479
f  675//1497 678//1502 670//1480
f  673//1492 679//1507 655//1446
f  639//1511 630//1510 628//1505
f  681//1512 672//1490 667//1496
f  676//1513 681//1512 667//1496
f  608//1467 630//1510 640//1503
f  630//1510 639//1511 640//1503
f  674//1495 676//1513 677//1506
f  664//1469 682//1514 674//1494
f  665//1470 664//1469 671//1486
f  682//1514 675//1497 672//1489
f  679//1507 664//1469 665//1470
f  682//1514 681//1515 674//1494
f  681//1512 676//1513 674//1495
f  681//1515 682//1514 672//1489
f  673//1492 683//1516 679//1507
f  684//1517 680//1509 678//1502
f  675//1497 684//1517 678//1502
f  685//1518 684//1517 675//1497
f  686//1519 682//1520 664//1521
f  683//1516 664//1469 679//1507
f  684//1517 673//1492 680//1509
f  683//1516 686//1522 664//1469
f  682//1520 686//1519 675//1523
f  686//1519 685//1524 675//1523
f  684//1517 683//1516 673//1492
f  685//1518 683//1516 684//1517
f  686//1522 683//1516 685//1518
f  687//1525 688//1526 689//1527
f  690//1528 691//1529 689//1530
f  688//1526 690//1531 689//1527
f  692//1532 687//1525 689//1527
f  693//1533 692//1532 689//1527
f  691//1534 693//1535 689//1536
f  694//1537 691//1529 690//1528
f  690//1531 695//1538 696//1539
f  694//1540 690//1541 696//1542
f  688//1526 695//1538 690//1531
f  697//1543 694//1540 696//1542
f  695//1544 697//1545 696//1546
f  688//1526 698//1547 695//1538
f  698//1547 699//1548 695//1538
f  691//1534 700//1549 693//1535
f  687//1525 701//1550 688//1526
f  701//1550 702//1551 688//1526
f  700//1552 703//1553 693//1554
f  703//1553 692//1555 693//1554
f  692//1532 704//1556 687//1525
f  702//1551 698//1547 688//1526
f  705//1557 703//1553 700//1552
f  703//1558 704//1556 692//1532
f  706//1559 695//1560 699//1561
f  694//1562 700//1563 691//1564
f  697//1565 700//1563 694//1562
f  697//1566 705//1557 700//1552
f  707//1567 705//1557 697//1566
f  695//1560 707//1567 697//1566
f  704//1556 708//1568 687//1525
f  708//1568 701//1550 687//1525
f  705//1557 709//1569 703//1553
f  707//1570 710//1571 705//1572
f  711//1573 712//1574 713//1575
f  705//1572 710//1571 714//1576
f  710//1577 715//1578 714//1579
f  716//1580 711//1581 713//1582
f  711//1573 717//1583 712//1574
f  716//1580 718//1584 711//1581
f  707//1570 719//1585 710//1571
f  719//1586 715//1578 710//1577
f  715//1578 720//1587 714//1579
f  714//1576 709//1588 705//1572
f  706//1559 721//1589 695//1560
f  721//1589 707//1567 695//1560
f  702//1551 722//1590 698//1547
f  723//1591 724//1592 712//1593
f  717//1594 723//1591 712//1593
f  725//1595 726//1596 727//1597
f  728//1598 729//1599 727//1600
f  729//1599 725//1601 727//1600
f  730//1602 728//1598 727//1600
f  731//1603 706//1604 699//1548
f  712//1574 732//1605 713//1575
f  732//1606 716//1580 713//1582
f  726//1596 733//1607 727//1597
f  733//1607 730//1608 727//1597
f  734//1609 732//1605 712//1574
f  724//1592 734//1610 712//1593
f  698//1547 731//1603 699//1548
f  735//1611 715//1578 719//1586
f  736//1612 698//1547 722//1590
f  737//1613 731//1603 698//1547
f  701//1550 738//1614 702//1551
f  739//1615 740//1616 704//1556
f  703//1558 739//1615 704//1556
f  720//1587 741//1617 714//1579
f  742//1618 709//1588 714//1576
f  741//1619 742//1618 714//1576
f  721//1620 719//1585 707//1570
f  743//1621 738//1614 701//1550
f  744//1622 745//1623 711//1573
f  745//1623 717//1583 711//1573
f  718//1584 744//1624 711//1581
f  709//1569 742//1625 703//1553
f  738//1614 722//1590 702//1551
f  726//1626 746//1627 733//1628
f  745//1629 723//1591 717//1594
f  740//1616 747//1630 704//1556
f  747//1630 708//1568 704//1556
f  748//1631 749//1632 750//1633
f  751//1634 748//1631 750//1633
f  736//1612 737//1613 698//1547
f  708//1568 743//1621 701//1550
f  733//1607 752//1635 730//1608
f  753//1636 720//1637 715//1638
f  754//1639 720//1637 753//1636
f  755//1640 754//1641 753//1642
f  749//1632 756//1643 750//1633
f  746//1627 757//1644 733//1628
f  721//1620 758//1645 719//1585
f  758//1646 735//1611 719//1586
f  718//1584 759//1647 744//1624
f  760//1648 720//1637 754//1639
f  755//1640 761//1649 754//1641
f  715//1638 735//1650 753//1636
f  735//1650 762//1651 753//1636
f  763//1652 755//1640 753//1642
f  762//1653 763//1652 753//1642
f  764//1654 716//1580 732//1606
f  765//1655 743//1621 708//1568
f  729//1599 766//1656 725//1601
f  766//1656 767//1657 725//1601
f  752//1658 728//1598 730//1602
f  768//1659 752//1635 733//1607
f  757//1644 768//1660 733//1628
f  703//1553 769//1661 739//1662
f  720//1587 760//1663 741//1617
f  756//1664 770//1665 750//1666
f  770//1665 771//1667 750//1666
f  767//1668 726//1596 725//1595
f  742//1625 769//1661 703//1553
f  771//1667 751//1669 750//1666
f  738//1614 772//1670 722//1590
f  773//1671 742//1618 741//1619
f  774//1672 773//1671 741//1619
f  760//1663 774//1673 741//1617
f  775//1674 770//1665 756//1664
f  776//1675 728//1598 752//1658
f  747//1630 765//1655 708//1568
f  777//1676 748//1631 751//1634
f  755//1677 778//1678 779//1679
f  780//514 781//535 779//535
f  778//514 780//514 779//535
f  761//1680 755//1677 779//1679
f  767//1668 782//1681 726//1596
f  782//1682 746//1627 726//1626
f  724//1592 783//1683 734//1610
f  768//1659 784//1684 752//1635
f  784//1685 776//1675 752//1658
f  722//1590 785//1686 736//1612
f  786//1687 775//1674 756//1664
f  749//1632 786//1688 756//1643
f  772//1670 785//1686 722//1590
f  787//1689 788//1690 734//1609
f  788//1690 732//1605 734//1609
f  783//1683 787//1691 734//1610
f  769//1692 789//1693 739//1615
f  790//1694 770//1665 775//1674
f  791//1695 706//1559 731//1696
f  788//1697 764//1654 732//1606
f  792//1698 723//1591 745//1629
f  773//1699 769//1661 742//1625
f  771//1667 777//1700 751//1669
f  793//1701 794//1702 770//1703
f  794//1702 771//1704 770//1703
f  781//535 795//514 779//535
f  796//1705 761//1680 779//1679
f  795//1706 796//1705 779//1679
f  797//514 780//514 778//514
f  796//1707 754//1641 761//1649
f  763//1708 778//1678 755//1677
f  789//1693 798//1709 740//1616
f  739//1615 789//1693 740//1616
f  799//1710 737//1613 736//1612
f  757//1644 800//1711 768//1660
f  801//1712 748//1631 777//1676
f  802//1713 760//1648 754//1639
f  796//1707 802//1714 754//1641
f  803//1715 804//1716 805//1717
f  806//1718 807//1719 805//1720
f  808//1721 809//1722 805//1720
f  809//1722 810//1723 805//1720
f  807//1719 808//1721 805//1720
f  804//1724 811//1725 805//1720
f  811//1725 806//1718 805//1720
f  810//1723 812//1726 805//1720
f  812//1726 813//1727 805//1720
f  813//1727 814//1728 805//1720
f  814//1728 815//1729 805//1720
f  816//1730 803//1715 805//1717
f  798//1709 817//1731 740//1616
f  817//1731 747//1630 740//1616
f  818//1732 745//1623 744//1622
f  819//1733 818//1732 744//1622
f  759//1647 819//1734 744//1624
f  790//1735 793//1701 770//1703
f  786//1687 790//1694 775//1674
f  818//1736 792//1698 745//1629
f  815//1729 820//1737 805//1720
f  737//1613 791//1738 731//1603
f  768//1659 800//1739 784//1684
f  821//1740 776//1675 784//1685
f  822//1741 746//1627 782//1682
f  823//1742 782//1681 767//1668
f  824//1743 825//1744 804//1716
f  825//1745 811//1725 804//1724
f  749//1632 826//1746 786//1688
f  785//1686 799//1710 736//1612
f  827//1747 791//1738 737//1613
f  828//1748 773//1671 774//1672
f  783//1683 829//1749 787//1691
f  830//1750 721//1589 706//1559
f  831//1751 816//1730 820//1752
f  816//1730 805//1717 820//1752
f  799//1710 827//1747 737//1613
f  766//1656 823//1753 767//1657
f  760//1663 828//1754 774//1673
f  832//1755 833//1756 777//1700
f  833//1757 801//1712 777//1676
f  834//1758 789//1693 769//1692
f  835//1759 706//1559 791//1695
f  743//1621 836//1760 738//1614
f  830//1761 758//1645 721//1620
f  837//1762 817//1731 798//1709
f  771//1667 832//1755 777//1700
f  803//1715 824//1743 804//1716
f  781//535 838//535 795//514
f  763//1708 839//1763 778//1678
f  839//514 797//514 778//514
f  840//1764 799//1710 785//1686
f  835//1759 830//1750 706//1559
f  841//1765 842//1766 786//1687
f  842//1766 790//1694 786//1687
f  824//1743 843//1767 825//1744
f  826//1746 841//1768 786//1688
f  844//1769 828//1754 760//1663
f  802//1713 844//1770 760//1648
f  845//1771 793//1701 790//1735
f  794//1702 832//1772 771//1704
f  765//1655 836//1760 743//1621
f  830//1761 846//1773 758//1645
f  843//1767 811//1774 825//1744
f  847//1775 735//1611 758//1646
f  848//1776 818//1732 819//1733
f  849//1777 848//1776 819//1733
f  759//1647 849//1778 819//1734
f  850//1779 769//1661 773//1699
f  828//1748 850//1780 773//1671
f  757//1644 851//1781 800//1711
f  846//1782 847//1775 758//1646
f  852//1783 764//1654 788//1697
f  853//1784 854//1785 803//1786
f  816//1787 855//1788 803//1786
f  855//1788 856//1789 803//1786
f  856//1789 857//1790 803//1786
f  857//1790 858//1791 803//1786
f  858//1791 853//1784 803//1786
f  859//1792 860//1793 816//1787
f  860//1793 855//1788 816//1787
f  848//1794 792//1698 818//1736
f  789//1693 861//1795 798//1709
f  834//1758 861//1795 789//1693
f  862//1796 835//1759 791//1695
f  863//1797 782//1681 823//1742
f  794//1702 864//1798 832//1772
f  865//1799 844//1770 802//1713
f  796//1707 865//1800 802//1714
f  735//1650 847//1801 762//1651
f  847//1801 866//1802 762//1651
f  867//1803 763//1652 762//1653
f  866//1804 867//1803 762//1653
f  868//1805 788//1690 787//1689
f  829//1749 868//1806 787//1691
f  869//1807 870//1808 871//1809
f  870//1808 872//1810 871//1809
f  873//1811 784//1684 800//1739
f  874//1812 875//1813 871//1814
f  831//1815 859//1792 816//1787
f  876//1816 836//1760 765//1655
f  868//1805 877//1817 788//1690
f  877//1818 852//1783 788//1697
f  854//1785 824//1819 803//1786
f  871//1814 875//1813 869//1820
f  878//1821 817//1731 837//1762
f  851//1781 873//1822 800//1711
f  879//1823 874//1812 871//1814
f  872//1810 879//1824 871//1809
f  843//1767 880//1825 811//1774
f  881//1826 870//1808 869//1807
f  882//1827 830//1750 835//1759
f  850//1779 834//1828 769//1661
f  883//1829 827//1747 799//1710
f  863//1830 822//1741 782//1682
f  842//1831 845//1771 790//1735
f  884//1832 833//1756 832//1755
f  885//1833 886//1834 820//1752
f  815//1729 885//1835 820//1737
f  875//1813 887//1836 869//1820
f  887//1836 888//1837 869//1820
f  888//1838 881//1826 869//1807
f  882//1839 846//1773 830//1761
f  889//1840 874//1812 879//1823
f  747//1630 876//1816 765//1655
f  886//1834 831//1751 820//1752
f  890//1841 772//1670 738//1614
f  836//1760 890//1841 738//1614
f  878//1821 891//1842 817//1731
f  891//1842 747//1630 817//1731
f  892//514 893//514 795//514
f  838//535 892//514 795//514
f  894//1843 796//1705 795//1706
f  893//1844 894//1843 795//1706
f  763//1708 895//1845 839//1763
f  895//514 797//514 839//514
f  894//1846 865//1800 796//1707
f  867//1847 895//1845 763//1708
f  896//1848 784//1684 873//1811
f  896//1848 897//1849 784//1684
f  897//1850 821//1740 784//1685
f  854//1785 843//1851 824//1819
f  861//1795 898//1852 798//1709
f  898//1852 837//1762 798//1709
f  898//1852 878//1821 837//1762
f  851//1781 896//1853 873//1822
f  884//1832 899//1854 833//1756
f  899//1855 801//1712 833//1757
f  890//1841 785//1686 772//1670
f  900//1856 876//1816 747//1630
f  827//1747 862//1857 791//1738
f  840//1764 901//1858 799//1710
f  901//1858 883//1829 799//1710
f  902//1859 835//1759 862//1796
f  903//1860 862//1857 827//1747
f  872//1810 904//1861 879//1824
f  883//1829 903//1860 827//1747
f  886//1862 859//1792 831//1815
f  724//1863 729//1864 728//1865
f  723//1866 729//1864 724//1863
f  781//1867 718//1868 716//1869
f  780//1870 718//1868 781//1867
f  902//1859 882//1827 835//1759
f  890//1841 840//1764 785//1686
f  864//1798 884//1871 832//1772
f  887//1836 905//1872 888//1837
f  905//1873 881//1826 888//1838
f  906//1874 886//1834 885//1833
f  907//1875 889//1840 879//1823
f  880//1825 908//1876 811//1774
f  908//1877 806//1718 811//1725
f  909//1878 850//1780 828//1748
f  844//1769 909//1879 828//1754
f  891//1842 900//1856 747//1630
f  783//1880 724//1863 728//1865
f  776//1881 783//1880 728//1865
f  723//1866 766//1882 729//1864
f  792//1883 766//1882 723//1866
f  838//1884 781//1867 716//1869
f  764//1885 838//1884 716//1869
f  780//1870 759//1886 718//1868
f  797//1887 759//1886 780//1870
f  854//1785 880//1888 843//1851
f  874//1889 910//1890 875//1891
f  910//1890 911//1892 875//1891
f  889//1893 910//1890 874//1889
f  890//1841 912//1894 840//1764
f  913//1895 914//1896 915//1897
f  916//1898 913//1899 915//1900
f  917//1901 878//1821 898//1852
f  759//1647 918//1902 849//1778
f  919//1903 907//1875 879//1823
f  904//1861 919//1904 879//1824
f  914//1896 920//1905 915//1897
f  920//1905 921//1906 915//1897
f  922//1907 916//1898 915//1900
f  921//1908 922//1907 915//1900
f  911//1892 887//1909 875//1891
f  916//1898 923//1910 913//1899
f  924//1911 863//1797 823//1742
f  925//1912 924//1913 823//1753
f  766//1656 925//1912 823//1753
f  926//1914 792//1698 848//1794
f  927//1915 842//1766 841//1765
f  928//1916 881//1826 905//1873
f  834//1758 929//1917 861//1795
f  929//1917 898//1852 861//1795
f  930//1918 914//1896 913//1895
f  911//1892 931//1919 887//1909
f  917//1901 932//1920 878//1821
f  932//1920 891//1842 878//1821
f  933//1921 929//1917 834//1758
f  850//1779 933//1922 834//1828
f  934//1923 862//1857 903//1860
f  927//1924 845//1771 842//1831
f  829//1925 783//1880 776//1881
f  821//1926 829//1925 776//1881
f  892//1927 838//1884 764//1885
f  852//1928 892//1927 764//1885
f  829//1749 935//1929 868//1806
f  912//1894 901//1858 840//1764
f  936//1930 927//1915 841//1765
f  826//1746 936//1931 841//1768
f  884//1832 937//1932 899//1854
f  938//1933 906//1874 885//1833
f  815//1729 938//1934 885//1835
f  935//1935 877//1817 868//1805
f  883//1829 934//1923 903//1860
f  920//1905 939//1936 921//1906
f  939//1937 922//1907 921//1908
f  906//1938 859//1792 886//1862
f  854//1785 940//1939 880//1888
f  941//1940 928//1941 905//1872
f  887//1836 941//1940 905//1872
f  864//1798 937//1942 884//1871
f  942//1943 894//1843 893//1844
f  943//535 797//514 895//514
f  942//1944 865//1800 894//1846
f  944//1945 910//1890 889//1893
f  945//1946 881//1826 928//1916
f  946//1947 907//1875 919//1903
f  947//1948 801//1712 899//1855
f  948//1949 912//1894 890//1841
f  949//1950 934//1923 883//1829
f  950//1951 882//1827 902//1859
f  907//1952 944//1945 889//1893
f  931//1919 941//1953 887//1909
f  880//1825 940//1954 908//1876
f  940//1954 806//1955 908//1876
f  951//1956 930//1918 913//1895
f  923//1910 951//1957 913//1899
f  934//1923 952//1958 862//1857
f  929//1917 917//1901 898//1852
f  836//1760 953//1959 890//1841
f  953//1959 954//1960 890//1841
f  955//1961 883//1829 901//1858
f  950//1962 956//1963 846//1773
f  882//1839 950//1962 846//1773
f  954//1960 948//1949 890//1841
f  957//1964 958//1965 849//1777
f  958//1965 848//1776 849//1777
f  918//1902 957//1966 849//1778
f  959//1967 922//1907 939//1937
f  960//1968 959//1967 939//1937
f  961//1969 962//742 963//742
f  964//1970 965//1971 963//1972
f  962//1973 964//1970 963//1972
f  961//1969 966//1969 962//742
f  967//1974 964//1970 962//1973
f  968//742 961//1969 963//742
f  969//1969 968//742 963//742
f  965//1971 969//1975 963//1972
f  970//1976 966//1977 961//1978
f  968//1979 971//1980 961//1978
f  971//1980 970//1976 961//1978
f  970//1976 972//1981 966//1977
f  973//742 962//742 966//1969
f  973//1982 967//1974 962//1973
f  974//742 968//742 969//1969
f  975//1983 974//1984 969//1975
f  965//1971 975//1983 969//1975
f  972//1981 976//1985 966//1977
f  976//1986 973//742 966//1969
f  977//1987 978//1988 968//1979
f  978//1988 971//1980 968//1979
f  974//742 977//742 968//742
f  979//1989 967//1974 973//1982
f  972//1981 980//1990 976//1985
f  981//1991 973//742 976//1986
f  981//1992 979//1989 973//1982
f  982//1993 977//742 974//742
f  983//1994 982//1995 974//1984
f  975//1983 983//1994 974//1984
f  980//1990 984//1996 976//1985
f  984//1997 985//1998 976//1986
f  985//1998 981//1991 976//1986
f  986//1999 987//2000 977//1987
f  987//2000 978//1988 977//1987
f  982//1993 986//2001 977//742
f  988//2002 979//1989 981//1992
f  985//2003 988//2002 981//1992
f  989//2004 986//2001 982//1993
f  990//2005 989//2006 982//1995
f  983//1994 990//2005 982//1995
f  980//1990 991//2007 984//1996
f  992//2008 988//2002 985//2003
f  984//1997 993//2009 985//1998
f  993//2010 992//2008 985//2003
f  994//2011 986//2001 989//2004
f  995//2012 994//2011 989//2004
f  990//2005 995//2013 989//2006
f  991//2007 996//2014 984//1996
f  996//2015 993//2009 984//1997
f  994//2016 997//2017 986//1999
f  997//2017 987//2000 986//1999
f  998//2018 992//2008 993//2010
f  999//2019 994//2011 995//2012
f  990//2005 1000//2020 995//2013
f  991//2007 1001//2021 996//2014
f  1001//2021 1002//2022 996//2014
f  1002//2023 993//2009 996//2015
f  999//2024 1003//2025 994//2016
f  1003//2025 997//2017 994//2016
f  1002//2023 1004//2026 993//2009
f  1004//2027 998//2018 993//2010
f  1005//2028 999//2019 995//2012
f  1000//2020 1006//2029 995//2013
f  1006//2029 1005//2030 995//2013
f  1001//2021 1007//2031 1002//2022
f  1008//2032 998//2018 1004//2027
f  1009//2033 999//2019 1005//2028
f  1007//2031 1010//2034 1002//2022
f  1010//2035 1004//2026 1002//2023
f  1009//2036 1011//2037 999//2024
f  1011//2037 1003//2025 999//2024
f  1010//2035 1012//2038 1004//2026
f  1012//2039 1008//2032 1004//2027
f  1013//2040 1009//2033 1005//2028
f  1006//2029 1014//2041 1005//2030
f  1014//2041 1013//2042 1005//2030
f  1007//2031 1015//2043 1010//2034
f  1015//2043 1016//2044 1010//2034
f  1016//2045 1012//2038 1010//2035
f  1016//2044 1017//2046 1009//2036
f  1017//2046 1011//2037 1009//2036
f  1013//2040 1016//2045 1009//2033
f  1015//2043 1017//2046 1016//2044
f  1013//2040 1012//2038 1016//2045
f  1018//2047 1008//2032 1012//2039
f  1018//2047 1012//2039 1013//2042
f  1014//2041 1018//2047 1013//2042
f  948//1949 1019//2048 912//1894
f  958//1965 1020//2049 848//1776
f  1020//2050 926//1914 848//1794
f  1021//2051 847//1775 846//1782
f  956//2052 1021//2051 846//1782
f  953//1959 836//1760 876//1816
f  1022//2053 953//1959 876//1816
f  924//1911 1023//2054 863//1797
f  955//1961 949//1950 883//1829
f  937//1932 947//2055 899//1854
f  952//2056 902//1859 862//1796
f  952//2056 1024//2057 902//1859
f  1025//2058 1026//2059 914//2060
f  1026//2059 920//2061 914//2060
f  1027//2062 822//1741 863//1830
f  864//1798 1028//2063 937//1942
f  941//1940 1029//2064 928//1941
f  939//1936 1030//2065 960//2066
f  826//1746 1031//2067 936//1931
f  930//2068 1025//2058 914//2060
f  932//1920 1032//2069 891//1842
f  1032//2069 900//1856 891//1842
f  1033//2070 1034//2071 1035//2072
f  1034//2071 1036//2073 1035//2072
f  1037//2074 1035//2075 1036//2076
f  1038//2077 850//1780 909//1878
f  1039//2078 1040//2079 1035//2072
f  1041//2080 1042//2081 1035//2072
f  1040//2079 1043//2082 1035//2072
f  1043//2082 1041//2080 1035//2072
f  1042//2081 1033//2070 1035//2072
f  1026//2059 1044//2083 920//2061
f  953//1959 1045//2084 954//1960
f  1046//2085 877//1817 935//1935
f  1047//2086 946//1947 919//1903
f  904//1861 1047//2087 919//1904
f  920//1905 1030//2065 939//1936
f  896//1848 1048//2088 897//1849
f  1048//2089 821//1740 897//1850
f  1038//2090 933//1922 850//1779
f  1049//2091 1037//2074 1036//2076
f  923//1910 1050//2092 951//1957
f  1051//2093 927//1915 936//1930
f  1052//2094 1053//2095 1035//2075
f  1054//2096 950//1951 902//1859
f  1024//2057 1054//2096 902//1859
f  934//1923 1055//2097 952//1958
f  931//1919 1029//2098 941//1953
f  1023//2099 1027//2062 863//1830
f  792//1883 925//2100 766//1882
f  926//2101 925//2100 792//1883
f  797//1887 918//2102 759//1886
f  943//2103 918//2102 797//1887
f  1056//2104 909//1879 844//1769
f  865//1799 1056//2105 844//1770
f  1057//2106 852//1783 877//1818
f  1046//2107 1057//2106 877//1818
f  1058//2108 959//1967 960//1968
f  1053//2095 1059//2109 1035//2075
f  1059//2110 1039//2078 1035//2072
f  900//1856 1032//2069 876//1816
f  1032//2069 1022//2053 876//1816
f  1037//2074 1052//2094 1035//2075
f  1029//2064 1060//2111 928//1941
f  1060//2112 945//1946 928//1916
f  1061//2113 1025//2058 930//2068
f  1021//2114 866//1802 847//1801
f  1062//2115 1049//2091 1036//2076
f  1034//2071 1063//2116 1036//2073
f  1063//2116 1062//2117 1036//2073
f  918//1902 1064//2118 957//1966
f  1065//2119 1066//2120 917//1901
f  1066//2120 932//1920 917//1901
f  946//2121 944//1945 907//1952
f  912//1894 955//1961 901//1858
f  929//1917 1067//2122 917//1901
f  1068//2123 1030//2124 920//2061
f  1044//2083 1068//2123 920//2061
f  1045//2084 1069//2125 954//1960
f  1069//2125 948//1949 954//1960
f  1070//2126 1069//2125 1045//2084
f  932//1920 1071//2127 1032//2069
f  1030//2065 1058//2128 960//2066
f  1022//2053 1045//2084 953//1959
f  1069//2125 1072//2129 948//1949
f  1049//2091 1073//2130 1037//2074
f  1073//2130 1074//2131 1037//2074
f  1074//2131 1053//2095 1037//2074
f  1075//2132 926//1914 1020//2050
f  1076//2133 1067//2122 929//1917
f  1019//2048 1077//2134 912//1894
f  964//2135 1078//2136 1079//2137
f  1079//2137 965//2138 964//2135
f  967//2139 1078//2136 964//2135
f  965//2138 1079//2137 1080//2140
f  1079//2137 1081//2141 1080//2140
f  965//2138 1080//2140 1082//2142
f  979//2143 1083//2144 967//2139
f  1083//2144 1078//2136 967//2139
f  1082//2142 975//2145 965//2138
f  1084//2146 1083//2144 979//2143
f  975//2145 1082//2142 1085//2147
f  988//2148 1084//2146 979//2143
f  1085//2147 983//2149 975//2145
f  992//2150 1086//2151 988//2148
f  1086//2151 1084//2146 988//2148
f  1085//2147 1087//2152 983//2149
f  1087//2152 990//2153 983//2149
f  992//2150 1088//2154 1086//2151
f  1087//2152 1089//2155 990//2153
f  992//2150 1090//2156 1088//2154
f  1091//2157 1000//2158 990//2153
f  1089//2155 1091//2157 990//2153
f  998//2159 1090//2156 992//2150
f  1091//2157 1006//2160 1000//2158
f  1092//2161 1090//2156 998//2159
f  1091//2157 1093//2162 1006//2160
f  1094//2163 1092//2161 998//2159
f  1008//2164 1094//2163 998//2159
f  1093//2162 1095//2165 1006//2160
f  1096//2166 1094//2163 1008//2164
f  1095//2165 1014//2167 1006//2160
f  1095//2165 1097//2168 1014//2167
f  1018//2169 1096//2166 1008//2164
f  1098//2170 1018//2169 1014//2167
f  1097//2168 1098//2170 1014//2167
f  1083//2144 1099//2171 1078//2136
f  1069//2125 1096//2166 1018//2169
f  1070//2126 1096//2166 1069//2125
f  1098//2170 1069//2125 1018//2169
f  1100//2172 1079//2137 1078//2136
f  1101//2173 1099//2171 1083//2144
f  1102//2174 1083//2175 1084//2176
f  1090//2156 1103//2177 1088//2154
f  1072//2129 1069//2125 1098//2170
f  1053//2095 1104//2178 1059//2109
f  1105//2179 947//2055 937//1932
f  1106//2180 1048//2088 896//1848
f  851//1781 1106//2181 896//1853
f  1053//2095 1052//2094 1037//2074
f  1107//2182 1072//2129 1098//2170
f  1070//2126 1108//2183 1096//2166
f  1109//2184 1110//2185 1086//2186
f  1088//2187 1109//2184 1086//2186
f  1108//2183 1094//2163 1096//2166
f  1089//2155 1111//2188 1091//2157
f  1112//2189 1113//2190 1091//2157
f  1111//2188 1112//2189 1091//2157
f  1113//2190 1093//2162 1091//2157
f  1114//2191 1095//2165 1093//2162
f  1114//2191 1115//2192 1095//2165
f  1116//2193 1097//2168 1095//2165
f  1080//2140 1117//2194 1082//2142
f  1082//2142 1118//2195 1085//2147
f  1119//2196 1087//2152 1085//2147
f  1118//2195 1120//2197 1085//2147
f  1120//2197 1119//2196 1085//2147
f  1108//2183 1092//2161 1094//2163
f  1030//2065 1121//2198 1058//2128
f  938//1933 1122//2199 906//1874
f  1123//2200 1084//2146 1086//2151
f  1124//2201 1103//2177 1090//2156
f  1097//2168 1107//2182 1098//2170
f  1028//2063 1105//2202 937//1942
f  1125//2203 1049//2091 1062//2115
f  1126//2204 1023//2054 924//1911
f  925//1912 1126//2205 924//1913
f  1127//2206 1081//2141 1079//2137
f  1128//2207 1080//2140 1081//2141
f  1128//2207 1117//2194 1080//2140
f  1117//2194 1118//2195 1082//2142
f  1129//2208 1087//2152 1119//2196
f  1111//2188 1089//2155 1087//2152
f  1129//2208 1111//2188 1087//2152
f  1130//2209 1114//2191 1093//2162
f  1113//2190 1130//2209 1093//2162
f  1115//2192 1116//2193 1095//2165
f  1100//2172 1127//2206 1079//2137
f  1108//2183 1131//2210 1092//2161
f  1132//2211 1133//2212 935//1935
f  1133//2212 1046//2085 935//1935
f  1134//2213 1090//2156 1092//2161
f  1072//2129 1019//2048 948//1949
f  1135//2214 930//1918 951//1956
f  940//1954 807//2215 806//1955
f  1066//2120 1071//2127 932//1920
f  1136//2216 1038//2077 909//1878
f  1056//2104 1136//2217 909//1879
f  1136//2216 1137//2218 1038//2077
f  1116//2193 1138//2219 1097//2168
f  1138//2219 1107//2182 1097//2168
f  1022//2053 1131//2210 1045//2084
f  1131//2210 1070//2126 1045//2084
f  1086//2151 1139//2220 1123//2200
f  1110//2221 1139//2222 1086//2223
f  1104//2178 1039//2224 1059//2109
f  1140//2225 845//1771 927//1924
f  1051//2226 1140//2225 927//1924
f  1070//2126 1131//2210 1108//2183
f  1141//2227 1124//2201 1090//2156
f  1134//2213 1141//2227 1090//2156
f  1138//2219 1116//2193 1115//2192
f  1133//2212 1142//2228 1046//2085
f  1055//2097 1143//2229 952//1958
f  933//1921 1144//2230 929//1917
f  854//2231 807//2215 940//1954
f  1145//2232 1053//2233 1074//2234
f  1145//2232 1146//2235 1053//2233
f  1147//2236 1132//2211 935//1935
f  829//1749 1148//2237 935//1929
f  1148//2237 1147//2238 935//1929
f  1149//2239 1104//2240 1053//2233
f  1150//2241 1151//2242 1053//2233
f  1151//2242 1149//2239 1053//2233
f  1152//2243 1150//2241 1053//2233
f  1146//2235 1152//2243 1053//2233
f  1153//2244 1154//2245 1155//2246
f  1122//2247 859//1792 906//1938
f  1156//2248 1109//2249 1088//2250
f  1103//2177 1156//2251 1088//2154
f  1157//2252 1103//2177 1124//2201
f  1100//2172 1158//2253 1127//2206
f  1158//2253 1159//2254 1127//2206
f  1159//2254 1081//2141 1127//2206
f  1160//2255 1158//2253 1100//2172
f  1161//2256 1160//2255 1100//2172
f  1078//2136 1162//2257 1100//2172
f  1162//2257 1163//2258 1100//2172
f  1163//2258 1161//2256 1100//2172
f  1159//2254 1128//2207 1081//2141
f  1159//2254 1164//2259 1128//2207
f  1164//2259 1165//2260 1128//2207
f  1099//2171 1166//2261 1078//2136
f  1166//2261 1162//2257 1078//2136
f  1167//2262 1117//2194 1128//2207
f  1165//2260 1167//2262 1128//2207
f  1101//2173 1168//2263 1099//2171
f  1168//2263 1166//2261 1099//2171
f  1169//2264 1118//2195 1117//2194
f  1167//2262 1169//2264 1117//2194
f  1083//2144 1170//2265 1101//2173
f  1170//2265 1168//2263 1101//2173
f  1169//2264 1171//2266 1118//2195
f  1171//2266 1120//2197 1118//2195
f  1102//2267 1172//2268 1083//2144
f  1172//2268 1170//2265 1083//2144
f  1171//2266 1173//2269 1120//2197
f  1084//2146 1174//2270 1102//2267
f  1174//2270 1172//2268 1102//2267
f  1173//2269 1175//2271 1120//2197
f  1175//2271 1119//2196 1120//2197
f  1123//2200 1176//2272 1084//2146
f  1176//2272 1174//2270 1084//2146
f  1175//2271 1129//2208 1119//2196
f  1139//2220 1176//2272 1123//2200
f  1175//2271 1177//2273 1129//2208
f  1178//2274 1179//2275 1129//2208
f  1177//2273 1178//2274 1129//2208
f  1179//2275 1111//2188 1129//2208
f  1180//2276 1156//2251 1103//2177
f  1157//2252 1180//2276 1103//2177
f  1179//2275 1112//2189 1111//2188
f  1181//2277 1113//2190 1112//2189
f  1179//2275 1181//2277 1112//2189
f  1181//2277 1130//2209 1113//2190
f  1181//2277 1182//2278 1130//2209
f  1182//2278 1183//2279 1130//2209
f  1183//2279 1184//2280 1130//2209
f  1184//2280 1114//2191 1130//2209
f  1184//2280 1115//2192 1114//2191
f  1184//2280 1185//2281 1115//2192
f  1185//2281 1138//2219 1115//2192
f  1186//2282 1153//2244 1155//2246
f  1073//2283 1145//2232 1074//2234
f  1187//2284 1056//2105 865//1799
f  942//1944 1187//2285 865//1800
f  1021//2114 1188//2286 866//1802
f  1189//2287 867//1803 866//1804
f  1188//2288 1189//2287 866//1804
f  1125//2203 1073//2130 1049//2091
f  1155//2289 1190//2290 1186//2291
f  1191//2292 1153//2244 1186//2282
f  1192//2293 1193//2294 1155//2289
f  1193//2294 1190//2290 1155//2289
f  1194//2295 1141//2227 1134//2213
f  1195//2296 946//1947 1047//2086
f  1155//2289 1196//2297 1192//2293
f  1134//2213 1022//2053 1032//2069
f  892//514 1197//2298 893//514
f  1197//2299 942//1943 893//1844
f  867//1847 1198//2300 895//1845
f  1199//514 943//535 895//514
f  1198//2301 1199//514 895//514
f  1189//2302 1198//2300 867//1847
f  1154//2245 1200//2303 1155//2246
f  1201//2304 821//1740 1048//2089
f  1131//2210 1134//2213 1092//2161
f  1202//2305 944//1945 946//2121
f  1200//2306 1196//2297 1155//2289
f  1203//2307 1204//2308 1205//2309
f  1204//2308 1206//2310 1205//2309
f  970//2311 1203//2311 1205//2311
f  1206//2311 970//2311 1205//2311
f  1204//2308 1207//2312 1206//2310
f  1207//2312 1208//2313 1206//2310
f  1208//2313 1209//2314 1206//2310
f  1209//2314 1210//2315 1206//2310
f  972//2311 970//2311 1206//2311
f  1210//2311 972//2311 1206//2311
f  1211//2316 1204//2308 1203//2307
f  1212//2317 1213//2318 1203//2307
f  1213//2318 1214//2319 1203//2307
f  1214//2319 1211//2316 1203//2307
f  970//2311 1212//2311 1203//2311
f  971//2320 1212//2311 970//2311
f  1209//2314 1215//2321 1210//2315
f  1216//2322 1213//2318 1212//2317
f  971//2320 1216//2311 1212//2311
f  1215//2321 1217//2323 1210//2315
f  1217//2323 1218//2324 1210//2315
f  980//2311 972//2311 1210//2311
f  1218//2325 980//2311 1210//2311
f  1219//2326 1213//2318 1216//2322
f  978//2311 1216//2311 971//2320
f  1220//2327 1219//2326 1216//2322
f  978//2311 1220//2311 1216//2311
f  1218//2325 991//2328 980//2311
f  987//2329 1221//2330 978//2311
f  1221//2330 1220//2311 978//2311
f  1217//2323 1222//2331 1218//2324
f  1222//2331 1223//2332 1218//2324
f  1223//2333 991//2328 1218//2325
f  1221//2334 1224//2335 1220//2327
f  1224//2335 1219//2326 1220//2327
f  1222//2331 1225//2336 1223//2332
f  1226//2337 1227//2338 1223//2333
f  1227//2338 1228//2339 1223//2333
f  1228//2339 1229//2340 1223//2333
f  1230//2341 1226//2337 1223//2333
f  1231//2342 1230//2341 1223//2333
f  1225//2343 1231//2344 1223//2345
f  1001//2346 991//2328 1223//2333
f  1229//2340 1001//2346 1223//2333
f  1232//2347 1224//2335 1221//2334
f  1233//2348 1232//2347 1221//2334
f  987//2329 1233//2349 1221//2330
f  997//2350 1233//2349 987//2329
f  1234//2351 1235//2352 1229//2340
f  1235//2352 1236//2353 1229//2340
f  1228//2339 1234//2351 1229//2340
f  1007//2354 1001//2346 1229//2340
f  1236//2353 1007//2354 1229//2340
f  1003//2355 1233//2349 997//2350
f  1237//2356 1233//2349 1003//2355
f  1235//2352 1238//2357 1236//2353
f  1238//2357 1007//2354 1236//2353
f  1239//2358 1232//2347 1233//2348
f  1237//2359 1239//2358 1233//2348
f  1238//2357 1015//2360 1007//2354
f  1011//2361 1240//2362 1003//2355
f  1240//2362 1237//2356 1003//2355
f  1241//2363 1015//2360 1238//2357
f  1242//2364 1243//2365 1237//2359
f  1240//2366 1242//2364 1237//2359
f  1244//2367 1239//2358 1237//2359
f  1243//2365 1244//2367 1237//2359
f  1241//2363 1017//2368 1015//2360
f  1017//2368 1245//2369 1011//2361
f  1245//2369 1240//2362 1011//2361
f  1246//2370 1017//2368 1241//2363
f  1245//2371 1247//2372 1240//2366
f  1247//2372 1242//2364 1240//2366
f  1246//2370 1248//2373 1017//2368
f  1248//2373 1245//2369 1017//2368
f  1068//2123 1121//2374 1030//2124
f  1246//2370 1192//2293 1248//2373
f  1196//2297 1245//2369 1248//2373
f  1192//2293 1196//2297 1248//2373
f  912//1894 1249//2375 955//1961
f  1250//2376 1191//2292 1186//2282
f  1141//2227 1157//2252 1124//2201
f  1135//2377 1061//2113 930//2068
f  1246//2370 1193//2294 1192//2293
f  1054//2378 956//1963 950//1962
f  1146//2379 1145//2380 1154//2381
f  1153//2382 1146//2379 1154//2381
f  1026//2383 1025//2384 1034//2385
f  1033//2386 1026//2383 1034//2385
f  910//2387 923//2388 916//2387
f  911//2389 910//2390 916//2391
f  856//2392 855//2393 872//2394
f  870//2395 856//2392 872//2394
f  794//2396 793//2397 813//2398
f  812//2399 794//2396 813//2398
f  757//2400 746//2401 749//2402
f  748//2403 757//2400 749//2402
f  1251//2404 1241//2363 1238//2357
f  1252//2405 1145//2232 1073//2283
f  1196//2406 1253//2407 1245//2408
f  1254//2409 1255//2410 1186//2291
f  1255//2411 1250//2376 1186//2282
f  1241//2363 1193//2294 1246//2370
f  1235//2352 1256//2412 1238//2357
f  1256//2412 1251//2404 1238//2357
f  1134//2213 1131//2210 1022//2053
f  1257//2413 1125//2203 1062//2115
f  1063//2116 1257//2414 1062//2117
f  1077//2134 1249//2375 912//1894
f  1258//2415 801//1712 947//1948
f  1253//2416 1247//2417 1245//2369
f  1259//2418 1072//2129 1107//2182
f  1138//2219 1259//2418 1107//2182
f  1241//2363 1190//2290 1193//2294
f  1260//2419 1261//2420 1133//2421
f  1132//2422 1260//2423 1133//2424
f  1262//2425 1263//2426 957//1964
f  1263//2426 958//1965 957//1964
f  1263//2427 1264//2428 958//2429
f  1261//2420 1142//2430 1133//2421
f  1190//2290 1254//2409 1186//2291
f  1265//2431 1247//2417 1253//2416
f  925//1912 1266//2432 1126//2205
f  1267//2433 1264//2428 1263//2427
f  1259//2418 1019//2048 1072//2129
f  1110//2434 1156//2435 1139//2436
f  1268//2437 1176//2272 1139//2220
f  1156//2251 1268//2437 1139//2220
f  851//1781 1269//2438 1106//2181
f  1110//2439 1109//2440 1156//2441
f  1264//2442 1270//2443 958//2442
f  1126//2204 1271//2444 1023//2054
f  1180//2276 1268//2437 1156//2251
f  1272//2445 1262//2425 957//1964
f  1064//2118 1272//2446 957//1966
f  1196//2297 1265//2431 1253//2416
f  1076//2447 1273//2448 1067//2449
f  1274//2450 1143//2451 1055//2452
f  1275//2453 1274//2450 1055//2452
f  1251//2404 1190//2290 1241//2363
f  1276//2454 949//1950 955//1961
f  1277//2455 1235//2352 1234//2351
f  1278//2456 1196//2297 1200//2306
f  1185//2281 1259//2418 1138//2219
f  1259//2418 1077//2134 1019//2048
f  1071//2127 1134//2213 1032//2069
f  1273//2457 1279//2458 1067//2459
f  1279//2458 1280//2460 1067//2459
f  1280//2461 917//1901 1067//2122
f  1280//2461 1281//2462 917//1901
f  1281//2462 1065//2119 917//1901
f  1191//2463 1146//2464 1153//2465
f  1145//2466 1282//2467 1154//2468
f  1282//2469 1200//2303 1154//2245
f  1252//2470 1282//2467 1145//2466
f  1042//2471 1026//2471 1033//2472
f  1025//2473 1063//2474 1034//2475
f  1061//2476 1063//2474 1025//2473
f  922//2477 911//2478 916//2479
f  944//2480 923//2481 910//2482
f  881//2483 856//2484 870//2485
f  855//2486 904//2487 872//2488
f  860//2489 904//2487 855//2486
f  810//2490 794//2491 812//2491
f  793//2492 814//2493 813//2494
f  845//2495 814//2493 793//2492
f  801//2496 757//2496 748//2497
f  746//2498 826//2499 749//2500
f  822//2501 826//2499 746//2498
f  1235//2352 1283//2502 1256//2412
f  1251//2404 1254//2409 1190//2290
f  1284//2503 952//1958 1143//2229
f  1285//2504 1055//2097 934//1923
f  1286//2505 1285//2504 934//1923
f  1278//2456 1265//2431 1196//2297
f  1283//2502 1251//2404 1256//2412
f  1071//2127 1194//2295 1134//2213
f  1262//2506 1267//2507 1263//2508
f  1287//2509 947//2055 1105//2179
f  1125//2510 1252//2405 1073//2283
f  1287//2511 1258//2415 947//1948
f  949//1950 1286//2505 934//1923
f  1270//2512 1288//2513 958//2514
f  1288//2515 1020//2049 958//1965
f  1277//2455 1283//2502 1235//2352
f  1289//2516 1278//2456 1200//2306
f  1282//2469 1289//2517 1200//2303
f  1261//2518 1290//2519 1142//2520
f  1290//2519 1291//2521 1142//2520
f  1291//2522 1046//2085 1142//2228
f  1274//2523 1292//2524 1143//2525
f  1293//2526 1275//2527 1055//2528
f  1144//2230 1076//2133 929//1917
f  1104//2529 1040//2530 1039//2531
f  1294//2532 1071//2127 1066//2120
f  1295//2533 1286//2505 949//1950
f  1296//2534 1260//2423 1132//2422
f  1251//2404 1283//2502 1254//2409
f  1148//2535 829//2536 821//2537
f  1201//2538 1148//2535 821//2537
f  926//2101 1266//2539 925//2100
f  1075//2540 1266//2539 926//2101
f  1297//2541 892//2542 852//2543
f  1057//2544 1297//2541 852//2543
f  943//2103 1064//2545 918//2102
f  1297//2546 1197//2298 892//514
f  1199//2547 1064//2545 943//2103
f  1137//2548 933//1922 1038//2090
f  1288//2515 1298//2549 1020//2049
f  1298//2550 1075//2132 1020//2050
f  1299//2551 1195//2296 1047//2086
f  1300//2552 1299//2553 1047//2087
f  904//1861 1300//2552 1047//2087
f  1301//2554 1267//2507 1262//2506
f  1302//2555 1273//2448 1076//2447
f  1303//2556 1157//2252 1141//2227
f  1194//2295 1303//2556 1141//2227
f  1278//2456 1304//2557 1265//2431
f  1291//2522 1305//2558 1046//2085
f  1305//2559 1057//2106 1046//2107
f  1306//2560 1255//2410 1254//2409
f  1283//2502 1306//2560 1254//2409
f  1279//2561 1281//2562 1280//2563
f  1259//2418 1307//2564 1077//2134
f  1292//2524 1308//2565 1143//2525
f  1308//2566 1284//2503 1143//2229
f  1285//2567 1293//2526 1055//2528
f  1265//2568 1242//2569 1247//2570
f  1309//2571 1135//2214 951//1956
f  1050//2092 1309//2572 951//1957
f  1270//2512 1310//2573 1288//2513
f  1307//2564 1259//2418 1185//2281
f  1228//2339 1277//2455 1234//2351
f  931//1919 1311//2574 1029//2098
f  1195//2575 1202//2305 946//2121
f  1304//2557 1242//2576 1265//2431
f  1303//2556 1194//2295 1071//2127
f  1277//2455 1306//2560 1283//2502
f  1149//2577 1040//2530 1104//2529
f  1276//2454 1295//2533 949//1950
f  1249//2375 1276//2454 955//1961
f  1284//2578 1024//2057 952//2056
f  1307//2564 1249//2375 1077//2134
f  1121//2198 1312//2579 1058//2128
f  1313//2580 1144//2230 933//1921
f  1306//2560 1314//2581 1255//2410
f  1314//2582 1250//2376 1255//2411
f  1315//2583 1302//2584 1076//2585
f  1316//2586 1315//2583 1076//2585
f  1144//2230 1316//2587 1076//2133
f  1152//2588 1146//2589 1191//2590
f  1044//2591 1026//2592 1042//2593
f  931//2594 911//2595 922//2596
f  944//2597 1050//2598 923//2597
f  857//2599 856//2600 881//2601
f  864//2602 794//2603 810//2602
f  851//2604 757//2605 801//2604
f  1054//2378 1317//2606 956//1963
f  1318//2607 1021//2051 956//2052
f  1317//2608 1318//2607 956//2052
f  938//1933 1319//2609 1122//2199
f  1279//2561 1320//2610 1281//2562
f  1257//2413 1321//2611 1125//2203
f  1068//2123 1312//2612 1121//2374
f  1292//2613 1322//2614 1308//2615
f  1323//2616 1304//2557 1278//2456
f  1289//2516 1324//2617 1278//2456
f  1324//2617 1323//2616 1278//2456
f  1322//2614 1325//2618 1308//2615
f  1325//2619 1284//2503 1308//2566
f  1184//2280 1307//2564 1185//2281
f  1286//2505 1325//2619 1285//2504
f  1325//2620 1326//2621 1285//2622
f  1326//2621 1293//2623 1285//2622
f  1290//2624 1327//2625 1291//2626
f  1327//2627 1305//2558 1291//2522
f  1328//2628 1296//2629 1132//2630
f  1147//2236 1328//2631 1132//2211
f  1329//2632 1301//2633 1262//2634
f  1272//2445 1329//2635 1262//2425
f  1281//2462 1330//2636 1065//2119
f  1330//2636 1331//2637 1065//2119
f  1331//2637 1066//2120 1065//2119
f  1332//2638 1319//2609 938//1933
f  815//1729 1332//2639 938//1934
f  1271//2640 1027//2062 1023//2099
f  1333//2641 1136//2217 1056//2104
f  1187//2284 1333//2642 1056//2105
f  1281//2643 1315//2644 1316//2645
f  1144//2646 1281//2647 1316//2648
f  1303//2556 1180//2276 1157//2252
f  1144//2230 1330//2636 1281//2462
f  1184//2280 1334//2649 1307//2564
f  1320//2650 1315//2644 1281//2643
f  1310//2651 1335//2652 1288//2653
f  1335//2654 1298//2549 1288//2515
f  1322//2614 1326//2655 1325//2618
f  1286//2505 1284//2503 1325//2619
f  1336//2656 1337//2657 1106//2180
f  1337//2657 1048//2088 1106//2180
f  1269//2438 1336//2658 1106//2181
f  1318//2659 1188//2286 1021//2114
f  1294//2532 1303//2556 1071//2127
f  1290//2624 1338//2660 1327//2625
f  1323//2616 1242//2576 1304//2557
f  1331//2637 1294//2532 1066//2120
f  1339//2661 1276//2454 1249//2375
f  1337//2662 1201//2304 1048//2089
f  1340//2663 1314//2581 1306//2560
f  1341//2664 1301//2633 1329//2632
f  1342//2665 1296//2629 1328//2628
f  1343//2666 1324//2617 1289//2516
f  1340//2663 1306//2560 1277//2455
f  1228//2339 1340//2663 1277//2455
f  1344//2667 1207//2668 1204//2669
f  1345//2670 1344//2667 1204//2669
f  1345//2671 1346//2672 1344//2673
f  1310//2651 1347//2674 1335//2652
f  1260//2675 1348//2676 1261//2677
f  1349//2678 1287//2509 1105//2179
f  1028//2063 1349//2679 1105//2202
f  1338//2680 1350//2681 1327//2682
f  1350//2683 1305//2558 1327//2627
f  1351//2684 1284//2503 1286//2505
f  1319//2685 859//1792 1122//2247
f  1334//2649 1352//2686 1307//2564
f  1352//2686 1249//2375 1307//2564
f  1267//2687 1353//2688 1264//2689
f  1353//2688 1270//2690 1264//2689
f  1354//2691 1060//2111 1029//2064
f  1311//2574 1354//2692 1029//2098
f  1321//2693 1252//2405 1125//2510
f  1350//2694 1342//2695 1328//2696
f  1147//2236 1350//2683 1328//2631
f  1354//2691 1355//2697 1060//2111
f  1355//2698 945//1946 1060//2112
f  1353//2688 1356//2699 1270//2690
f  1357//2700 1343//2666 1289//2516
f  1282//2469 1357//2701 1289//2517
f  1358//2702 1359//2703 1273//2704
f  1275//2705 1360//2706 1274//2707
f  1346//2672 1361//2708 1344//2673
f  1208//2709 1207//2710 1344//2711
f  1361//2712 1208//2709 1344//2711
f  1362//2713 1346//2672 1345//2671
f  1363//2714 1362//2713 1345//2671
f  1204//2715 1363//2716 1345//2717
f  1312//2579 1364//2718 1058//2128
f  1364//2719 959//1967 1058//2108
f  1359//2703 1279//2720 1273//2704
f  1365//2721 1317//2606 1054//2378
f  1366//2722 1342//2695 1350//2694
f  1338//2680 1366//2723 1350//2681
f  1367//2724 1368//2725 1369//2726
f  1368//2725 1370//2727 1369//2726
f  1158//2728 1367//2729 1369//2730
f  1024//2057 1365//2731 1054//2096
f  1211//2732 1363//2716 1204//2715
f  1158//2728 1160//2733 1367//2729
f  1347//2734 1341//2735 1335//2736
f  1341//2735 1329//2737 1335//2736
f  1329//2635 1298//2549 1335//2654
f  1147//2236 1305//2558 1350//2683
f  1369//2738 1159//2739 1158//2740
f  1371//2741 1271//2444 1126//2204
f  1266//2432 1371//2742 1126//2205
f  1272//2445 1298//2549 1329//2635
f  1372//2743 1348//2676 1260//2675
f  1296//2744 1372//2743 1260//2675
f  1373//2745 1353//2688 1267//2687
f  1374//2746 1152//2747 1191//2748
f  1250//2749 1374//2746 1191//2748
f  1252//2750 1375//2751 1282//2752
f  1375//2753 1357//2701 1282//2469
f  1374//2754 1150//2241 1152//2243
f  1376//2755 1375//2751 1252//2750
f  1321//2693 1376//2756 1252//2405
f  1068//2757 1044//2758 1042//2759
f  1377//2760 1068//2757 1042//2759
f  1041//2080 1377//2761 1042//2081
f  1061//2762 1378//2763 1063//2764
f  1378//2765 1257//2414 1063//2116
f  1379//2766 1378//2763 1061//2762
f  1135//2377 1379//2767 1061//2113
f  1311//2768 931//2769 922//2770
f  959//2771 1311//2768 922//2770
f  1202//2772 1050//2773 944//2774
f  1380//2775 857//2776 881//2777
f  945//2778 1380//2775 881//2777
f  860//2779 1300//2780 904//2781
f  1380//2782 858//1791 857//1790
f  1381//2783 1300//2780 860//2779
f  859//1792 1381//2784 860//1793
f  1028//2785 864//2786 810//2787
f  1382//2788 1028//2785 810//2787
f  809//1722 1382//2761 810//1723
f  845//2789 1383//2790 814//2791
f  1383//2792 815//1729 814//1728
f  1140//2793 1383//2790 845//2789
f  1269//2794 851//2795 801//2796
f  1258//2797 1269//2794 801//2796
f  822//2798 1031//2799 826//2800
f  1027//2801 1031//2799 822//2798
f  1293//2802 1360//2706 1275//2705
f  1302//2803 1358//2702 1273//2704
f  1384//2804 1292//2805 1274//2707
f  1360//2706 1384//2804 1274//2707
f  1356//2699 1310//2806 1270//2690
f  1348//2676 1290//2807 1261//2677
f  1358//2808 1348//2809 1359//2810
f  1370//2727 1385//2811 1369//2726
f  1385//2811 1386//2812 1369//2726
f  1386//2813 1159//2814 1369//2815
f  1387//2816 942//1943 1197//2299
f  1387//2817 1187//2285 942//1944
f  1352//2686 1339//2661 1249//2375
f  1353//2818 1384//2819 1360//2820
f  1388//2821 1051//2093 936//1930
f  1031//2067 1388//2822 936//1931
f  1346//2823 1370//2824 1368//2825
f  1356//2826 1353//2827 1360//2828
f  1388//2821 1389//2829 1051//2093
f  1301//2830 1373//2745 1267//2687
f  1390//2831 1348//2832 1358//2833
f  1346//2672 1391//2834 1361//2708
f  1368//2835 1391//2836 1346//2835
f  1362//2837 1370//2838 1346//2839
f  1348//2840 1372//2840 1359//2841
f  1353//2842 1373//2842 1384//2842
f  1362//2837 1385//2843 1370//2838
f  1184//2280 1392//2844 1334//2649
f  1393//2845 1356//2846 1360//2847
f  1293//2802 1393//2848 1360//2706
f  1334//2649 1392//2844 1352//2686
f  1348//2676 1390//2849 1290//2807
f  1340//2663 1394//2850 1314//2581
f  1394//2851 1250//2376 1314//2582
f  1395//2852 1368//2725 1367//2724
f  1164//2853 1159//2854 1386//2855
f  1161//2856 1367//2857 1160//2858
f  1323//2616 1396//2859 1242//2576
f  1396//2859 1243//2860 1242//2576
f  1395//2861 1391//2862 1368//2863
f  1320//2864 1279//2720 1359//2703
f  1397//2865 1320//2864 1359//2703
f  1372//2866 1397//2867 1359//2868
f  1398//2869 1322//2870 1384//2804
f  1322//2870 1292//2805 1384//2804
f  1373//2871 1398//2872 1384//2872
f  1294//2532 1180//2276 1303//2556
f  1399//2873 1295//2533 1276//2454
f  854//2231 808//2874 807//2215
f  1400//2875 1356//2846 1393//2845
f  1302//2876 1390//2831 1358//2833
f  1144//2230 1313//2580 1330//2636
f  1324//2617 1396//2859 1323//2616
f  1400//2877 1310//2806 1356//2699
f  1401//2878 1372//2743 1296//2744
f  1402//2879 1313//2880 933//1922
f  1137//2548 1402//2879 933//1922
f  1372//2866 1401//2881 1397//2867
f  1403//2882 1386//2812 1385//2811
f  1404//2883 1361//2708 1391//2834
f  1405//2884 1195//2296 1299//2551
f  1300//2552 1405//2885 1299//2553
f  1343//2666 1396//2859 1324//2617
f  1406//2886 1367//2887 1161//2888
f  1406//2889 1395//2852 1367//2724
f  1403//2890 1164//2891 1386//2892
f  1338//2893 1290//2807 1390//2849
f  1183//2279 1392//2844 1184//2280
f  1315//2894 1320//2864 1397//2865
f  1326//2895 1322//2870 1398//2869
f  1407//2896 1408//2897 1164//2259
f  1408//2897 1165//2260 1164//2259
f  1293//2802 1326//2895 1393//2848
f  1315//2894 1397//2865 1302//2803
f  1397//2898 1401//2899 1302//2900
f  1401//2899 1390//2901 1302//2900
f  1398//2902 1400//2902 1393//2903
f  1326//2895 1398//2869 1393//2848
f  1257//2413 1409//2904 1321//2611
f  1373//2905 1400//2906 1398//2906
f  1296//2744 1342//2907 1401//2878
f  1301//2830 1341//2908 1373//2745
f  1410//2909 1135//2214 1309//2571
f  1050//2092 1411//2910 1309//2572
f  1412//2911 1391//2912 1395//2913
f  1362//2914 1395//2915 1385//2916
f  1395//2852 1403//2882 1385//2811
f  1412//2917 1404//2883 1391//2834
f  1412//2918 1395//2915 1362//2914
f  1363//2714 1413//2919 1362//2713
f  1413//2919 1412//2917 1362//2713
f  1414//2920 1208//2921 1361//2922
f  1404//2923 1414//2920 1361//2922
f  1211//2924 1413//2925 1363//2926
f  1339//2661 1399//2873 1276//2454
f  1347//2927 1310//2806 1400//2877
f  1414//2928 1209//2314 1208//2313
f  853//2929 808//2874 854//2231
f  1415//2930 1413//2925 1211//2924
f  1214//2319 1415//2931 1211//2316
f  1416//2932 1298//2549 1272//2445
f  1406//2889 1403//2882 1395//2852
f  1413//2919 1404//2883 1412//2917
f  1342//2907 1366//2933 1401//2878
f  1341//2908 1400//2877 1373//2745
f  1401//2878 1366//2933 1390//2849
f  1366//2933 1338//2893 1390//2849
f  1163//2258 1417//2934 1161//2256
f  1417//2935 1406//2936 1161//2937
f  1341//2908 1347//2927 1400//2877
f  1417//2934 1407//2896 1164//2259
f  1403//2938 1417//2939 1164//2940
f  1410//2941 1379//2767 1135//2377
f  1418//2942 1409//2904 1257//2413
f  1378//2765 1418//2943 1257//2414
f  1419//2944 1394//2850 1340//2663
f  1294//2532 1268//2437 1180//2276
f  1228//2339 1419//2944 1340//2663
f  1149//2577 1043//2945 1040//2530
f  1416//2946 1075//2132 1298//2550
f  1420//2947 1396//2859 1343//2666
f  1357//2700 1420//2947 1343//2666
f  1421//2948 1137//2218 1136//2216
f  1406//2949 1417//2950 1403//2951
f  1421//2952 1402//2879 1137//2548
f  1422//2953 1351//2684 1286//2505
f  1389//2954 1140//2225 1051//2226
f  1163//2258 1407//2896 1417//2934
f  1423//2955 1422//2953 1286//2505
f  1295//2533 1423//2955 1286//2505
f  1424//2956 1399//2873 1339//2661
f  1425//2957 1423//2955 1295//2533
f  1426//2958 1427//2959 1392//2844
f  1284//2578 1365//2731 1024//2057
f  1414//2960 1413//2961 1415//2962
f  1214//2319 1414//2928 1415//2931
f  1428//2963 1209//2314 1414//2928
f  1429//2964 1430//2965 1378//2765
f  1430//2965 1418//2943 1378//2765
f  1202//2966 1411//2967 1050//2967
f  1413//2961 1414//2960 1404//2968
f  1399//2873 1425//2957 1295//2533
f  1396//2859 1420//2947 1243//2860
f  1214//2319 1428//2963 1414//2928
f  1409//2969 1376//2756 1321//2693
f  1352//2686 1424//2956 1339//2661
f  1431//2970 1432//2971 1330//2636
f  1432//2971 1331//2637 1330//2636
f  1433//2972 1305//2558 1147//2236
f  1148//2237 1433//2973 1147//2238
f  1402//2974 1431//2970 1330//2636
f  1313//2580 1402//2974 1330//2636
f  1427//2959 1434//2975 1352//2686
f  1392//2844 1427//2959 1352//2686
f  1434//2975 1424//2956 1352//2686
f  1432//2971 1435//2976 1331//2637
f  1435//2976 1294//2532 1331//2637
f  1336//2656 1436//2977 1337//2657
f  1436//2978 1201//2304 1337//2662
f  1405//2884 1437//2979 1195//2296
f  1437//2980 1202//2305 1195//2575
f  1426//2958 1392//2844 1183//2279
f  1284//2578 1438//2981 1365//2731
f  1438//2982 1317//2606 1365//2721
f  1439//2983 1136//2217 1333//2641
f  1371//2741 1440//2984 1271//2444
f  1439//2985 1421//2948 1136//2216
f  1435//2976 1268//2437 1294//2532
f  1441//2986 1416//2932 1272//2445
f  1064//2118 1441//2987 1272//2446
f  1442//2988 1420//2947 1357//2700
f  1375//2753 1442//2989 1357//2701
f  1443//2990 1399//2873 1424//2956
f  1332//2638 859//2991 1319//2609
f  1444//2992 1140//2225 1389//2954
f  1297//2546 1445//2993 1197//2298
f  1445//2994 1387//2816 1197//2299
f  1189//2302 1446//2995 1198//2300
f  1447//2996 1199//514 1198//2301
f  1446//2997 1447//2996 1198//2301
f  1448//535 1449//2998 1387//2817
f  1449//2998 1187//2285 1387//2817
f  1445//2994 1448//2999 1387//2816
f  1188//2288 1450//3000 1189//2287
f  1450//3001 1446//2995 1189//2302
f  1451//3002 1410//2909 1309//2571
f  1452//3003 1451//3002 1309//2571
f  1411//2910 1452//3004 1309//2572
f  1453//3005 1148//3006 1201//3007
f  1454//3008 1453//3005 1201//3007
f  1436//2978 1454//3009 1201//2304
f  1075//2540 1455//3010 1266//2539
f  1455//3011 1456//3012 1266//2432
f  1456//3012 1371//2742 1266//2432
f  1453//3013 1433//2973 1148//2237
f  1457//3014 1455//3010 1075//2540
f  1416//2946 1457//3015 1075//2132
f  1305//2559 1458//3016 1057//2106
f  1458//3016 1459//3017 1057//2106
f  1459//3018 1297//3019 1057//3020
f  1460//3021 1441//2987 1064//2118
f  1199//2547 1460//3022 1064//2545
f  1459//3023 1445//2993 1297//2546
f  1447//3014 1460//3022 1199//2547
f  1461//3024 1462//3025 1351//3026
f  1462//3025 1284//2578 1351//3026
f  1462//3025 1438//2981 1284//2578
f  1422//2953 1461//3027 1351//2684
f  853//2929 1463//3028 808//2874
f  1463//3029 809//1722 808//1721
f  1464//3030 1465//3031 1349//2678
f  1465//3031 1287//2509 1349//2678
f  1028//2063 1464//3032 1349//2679
f  1465//3033 1258//2415 1287//2511
f  1354//2691 1466//3034 1355//2697
f  1466//3034 1467//3035 1355//2697
f  1467//3036 945//1946 1355//2698
f  1468//3037 1436//2977 1336//2656
f  1269//2438 1468//3038 1336//2658
f  1421//2952 1469//3039 1402//2879
f  1469//3039 1470//3040 1402//2879
f  1311//2574 1466//3041 1354//2692
f  1312//2579 1471//3042 1364//2718
f  1471//3042 1472//3043 1364//2718
f  1472//3044 959//1967 1364//2719
f  1473//3045 859//2991 1332//2638
f  815//1729 1473//3046 1332//2639
f  1418//2942 1474//3047 1409//2904
f  1068//2123 1471//3048 1312//2612
f  1433//2972 1458//3049 1305//2558
f  1149//2577 1151//3050 1043//2945
f  1438//2982 1475//3051 1317//2606
f  1475//3052 1318//2607 1317//2608
f  1419//2944 1476//3053 1394//2850
f  1456//3054 1440//2984 1371//2741
f  1477//3055 1379//2767 1410//2941
f  1451//3056 1477//3055 1410//2941
f  1227//2338 1419//2944 1228//2339
f  1430//3057 1474//3047 1418//2942
f  1478//3058 1202//2305 1437//2980
f  1479//3059 1480//3060 1388//2821
f  1480//3060 1389//2829 1388//2821
f  1031//2067 1479//3061 1388//2822
f  1481//3062 1482//3063 1394//2851
f  1482//3063 1250//2376 1394//2851
f  1442//2988 1483//3064 1420//2947
f  1484//3065 1376//2756 1409//2969
f  1474//3066 1484//3065 1409//2969
f  1482//3067 1374//3068 1250//3069
f  1376//3070 1485//3071 1375//3072
f  1485//3073 1442//2989 1375//2753
f  1482//3074 1486//3075 1374//2754
f  1486//3075 1150//2241 1374//2754
f  1484//3076 1485//3071 1376//3070
f  1487//3077 1068//3078 1377//3079
f  1488//3080 1487//3077 1377//3079
f  1041//2080 1488//3081 1377//2761
f  1379//3082 1477//3083 1378//3084
f  1477//3085 1489//3086 1378//2765
f  1489//3086 1429//2964 1378//2765
f  1487//3087 1471//3048 1068//2123
f  1490//3088 1311//3089 959//3090
f  1491//3091 1490//3088 959//3090
f  1472//3044 1491//3092 959//1967
f  1202//3093 1492//3094 1411//3095
f  1492//3096 1452//3004 1411//2910
f  1490//3097 1466//3041 1311//2574
f  1478//3098 1492//3094 1202//3093
f  1493//3099 1380//3100 945//3101
f  1467//3036 1493//3102 945//1946
f  1381//3103 1494//3104 1300//3105
f  1494//3106 1405//2885 1300//2552
f  1493//3107 1495//3108 1380//2782
f  1495//3108 858//1791 1380//2782
f  1496//3109 1494//3104 1381//3103
f  859//1792 1496//3110 1381//2784
f  1497//3111 1028//3112 1382//3113
f  1498//3080 1497//3111 1382//3113
f  809//1722 1498//2761 1382//2761
f  1140//3114 1444//3114 1383//3114
f  1444//3115 1499//3116 1383//2792
f  1499//3116 815//1729 1383//2792
f  1497//3117 1464//3032 1028//2063
f  1500//3118 1269//3119 1258//3120
f  1501//3121 1500//3118 1258//3120
f  1465//3033 1501//3122 1258//2415
f  1027//3123 1502//3124 1031//3125
f  1502//3126 1479//3061 1031//2067
f  1500//3127 1468//3038 1269//2438
f  1503//3109 1502//3124 1027//3123
f  1271//2640 1503//3128 1027//2062
f  1443//2990 1504//3129 1399//2873
f  1439//2985 1469//3130 1421//2948
f  1449//3131 1333//2642 1187//2284
f  1505//3132 1506//3133 1188//2286
f  1318//2659 1505//3132 1188//2286
f  1506//3134 1450//3000 1188//2288
f  1440//3135 1503//3128 1271//2640
f  1507//3136 1439//2983 1333//2641
f  1449//3131 1507//3137 1333//2642
f  1434//2975 1443//2990 1424//2956
f  1420//2947 1483//3064 1243//2860
f  1483//3064 1244//3138 1243//2860
f  1426//2958 1434//2975 1427//2959
f  1475//3052 1505//3139 1318//2607
f  1508//3140 1461//3027 1422//2953
f  1423//2955 1508//3140 1422//2953
f  1509//3141 1416//2932 1441//2986
f  1509//3142 1457//3015 1416//2946
f  1510//3143 1508//3140 1423//2955
f  1425//2957 1510//3143 1423//2955
f  1480//3144 1444//2992 1389//2954
f  1504//3129 1510//3143 1425//2957
f  1399//2873 1504//3129 1425//2957
f  1443//2990 1511//3145 1504//3129
f  1434//2975 1511//3145 1443//2990
f  1512//3146 1484//3147 1474//3148
f  1485//3073 1512//3149 1442//2989
f  1512//3150 1483//3064 1442//2988
f  1426//2958 1511//3145 1434//2975
f  1512//3150 1244//3138 1483//3064
f  1513//742 1209//742 1428//742
f  1214//742 1513//742 1428//742
f  1514//742 1215//742 1209//742
f  1513//742 1514//742 1209//742
f  1515//742 1513//742 1214//742
f  1213//742 1515//742 1214//742
f  1516//3151 1517//3152 1513//3152
f  1517//3153 1514//3153 1513//3154
f  1515//3155 1516//3156 1513//3157
f  1514//742 1217//742 1215//742
f  1518//742 1515//742 1213//742
f  1519//742 1217//742 1514//742
f  1517//3158 1520//3159 1514//3160
f  1520//3161 1519//3162 1514//3161
f  1518//3163 1521//3163 1515//3163
f  1521//3164 1516//3164 1515//3165
f  1219//1969 1518//742 1213//742
f  1520//3166 1522//3167 1519//3168
f  1519//742 1222//742 1217//742
f  1523//1969 1518//742 1219//1969
f  1524//1969 1222//742 1519//742
f  1522//3167 1524//3169 1519//3168
f  1523//3170 1525//3171 1518//3172
f  1525//3171 1521//3173 1518//3172
f  1524//1969 1225//1969 1222//742
f  1224//742 1523//1969 1219//1969
f  1526//742 1225//1969 1524//1969
f  1522//3167 1527//3174 1524//3169
f  1527//3174 1526//3175 1524//3169
f  1526//3176 1231//2344 1225//2343
f  1527//3174 1528//3177 1526//3175
f  1528//3178 1231//2344 1526//3176
f  1224//742 1529//3179 1523//1969
f  1529//3180 1530//3181 1523//3182
f  1530//3181 1525//3183 1523//3182
f  1232//3184 1529//3179 1224//742
f  1232//3184 1239//3185 1529//3179
f  1239//3186 1531//3187 1529//3188
f  1531//3187 1530//3189 1529//3188
f  1244//2367 1532//3190 1239//2358
f  1532//3191 1531//3191 1239//3191
f  1183//2279 1533//3192 1426//2958
f  1534//3193 1268//2437 1435//2976
f  1227//2338 1476//3053 1419//2944
f  1476//3053 1481//3194 1394//2850
f  1432//2971 1535//3195 1435//2976
f  1536//3196 1535//3195 1432//2971
f  1431//2970 1536//3196 1432//2971
f  1402//2974 1536//3196 1431//2970
f  1470//3040 1537//3197 1402//2879
f  1182//2278 1533//3192 1183//2279
f  1150//3198 1043//3199 1151//3200
f  1041//3201 1043//3199 1150//3198
f  1486//3202 1041//3202 1150//3202
f  1538//3203 1512//3204 1474//3203
f  1429//3205 1538//3206 1474//3207
f  1430//3208 1429//3209 1474//3209
f  1489//3210 1538//3206 1429//3205
f  858//3211 1463//3212 853//3213
f  809//3214 1463//3212 858//3211
f  1495//3202 809//3202 858//3215
f  1473//3216 815//3217 859//3218
f  815//3219 1539//3220 859//3221
f  1539//3222 1496//3110 859//1792
f  1499//3223 1539//3220 815//3219
f  1494//3106 1540//3224 1405//2885
f  1540//3225 1452//3226 1405//2884
f  1452//3226 1437//2979 1405//2884
f  1452//3227 1478//3058 1437//2980
f  1461//3024 1541//3228 1462//3025
f  1517//3229 1542//3230 1543//3231
f  1542//3232 1544//3233 1543//3234
f  1545//3235 1544//3233 1542//3232
f  1544//3233 1546//3236 1543//3234
f  1517//3229 1516//3237 1542//3230
f  1520//3238 1517//3229 1543//3231
f  1547//3239 1520//3238 1543//3231
f  1546//3236 1547//3240 1543//3234
f  1516//3237 1548//3241 1542//3230
f  1548//3242 1545//3235 1542//3232
f  1549//3243 1545//3235 1548//3242
f  1546//3236 1550//3244 1547//3240
f  1551//3245 1520//3238 1547//3239
f  1550//3244 1551//3246 1547//3240
f  1551//3245 1522//3247 1520//3238
f  1521//3248 1552//3249 1516//3237
f  1552//3249 1548//3241 1516//3237
f  1553//3250 1549//3243 1548//3242
f  1552//3251 1553//3250 1548//3242
f  1550//3244 1554//3252 1551//3246
f  1555//3253 1553//3250 1552//3251
f  1556//3254 1522//3247 1551//3245
f  1554//3252 1557//3255 1551//3246
f  1557//3255 1556//3256 1551//3246
f  1558//3257 1552//3249 1521//3248
f  1558//3258 1555//3253 1552//3251
f  1559//3259 1522//3247 1556//3254
f  1557//3255 1559//3260 1556//3256
f  1559//3259 1527//3261 1522//3247
f  1525//3262 1558//3257 1521//3248
f  1560//3263 1555//3253 1558//3258
f  1557//3255 1561//3264 1559//3260
f  1525//3262 1562//3265 1558//3257
f  1563//3266 1560//3263 1558//3258
f  1562//3267 1563//3266 1558//3258
f  1231//3268 1527//3261 1559//3259
f  1564//3269 1231//2342 1559//3260
f  1561//3264 1564//3269 1559//3260
f  1231//3268 1528//3270 1527//3261
f  1564//3269 1230//2341 1231//2342
f  1530//3271 1565//3272 1525//3262
f  1565//3272 1562//3265 1525//3262
f  1566//3273 1563//3266 1562//3267
f  1565//3274 1567//3275 1562//3276
f  1567//3277 1568//3278 1562//3267
f  1568//3278 1566//3273 1562//3267
f  1569//3279 1567//3277 1565//3280
f  1570//3281 1569//3279 1565//3280
f  1532//3282 1565//3272 1530//3271
f  1531//3283 1532//3282 1530//3271
f  1532//3284 1570//3285 1565//3286
f  1244//2367 1570//3287 1532//3190
f  1533//3192 1511//3145 1426//2958
f  1571//3288 1537//3197 1470//3040
f  1537//3289 1536//3196 1402//2974
f  1227//3290 1572//3291 1573//3291
f  1226//3292 1572//3293 1227//3294
f  1574//3295 1568//3278 1567//3277
f  1575//3296 1574//3295 1567//3277
f  1569//3279 1575//3296 1567//3277
f  1572//3297 1576//3298 1573//3299
f  1576//3300 1227//3301 1573//3302
f  1576//3300 1476//3303 1227//3301
f  1570//3281 1575//3296 1569//3279
f  1244//3304 1577//3305 1570//3306
f  1578//3307 1181//3308 1570//3309
f  1577//3310 1578//3307 1570//3309
f  1181//3311 1575//3312 1570//3313
f  1572//3297 1579//3314 1576//3298
f  1576//3300 1481//3315 1476//3303
f  1512//3316 1577//3305 1244//3304
f  1538//3317 1580//3318 1577//3319
f  1580//3318 1578//3320 1577//3319
f  1512//3316 1538//3321 1577//3305
f  1579//3314 1581//3322 1576//3298
f  1581//3323 1481//3315 1576//3300
f  1486//3324 1482//3325 1481//3315
f  1471//3326 1486//3324 1481//3315
f  1581//3323 1471//3326 1481//3315
f  1484//3327 1512//3328 1485//3329
f  1471//3326 1041//3330 1486//3324
f  1540//3331 1580//3318 1538//3317
f  1489//3332 1451//3333 1538//3334
f  1451//3333 1540//3335 1538//3334
f  1471//3326 1488//3336 1041//3330
f  1471//3326 1487//3337 1488//3336
f  1477//3338 1451//3333 1489//3332
f  1452//3339 1540//3335 1451//3333
f  1581//3323 1472//3340 1471//3326
f  1579//3314 1582//3341 1581//3322
f  1466//3342 1491//3343 1472//3340
f  1581//3323 1466//3342 1472//3340
f  1466//3342 1490//3344 1491//3343
f  1478//3345 1452//3346 1492//3345
f  1581//3323 1467//3347 1466//3342
f  1583//3348 1580//3318 1540//3331
f  1495//3349 1493//3350 1467//3347
f  809//3351 1495//3349 1467//3347
f  1581//3323 809//3351 1467//3347
f  1496//3352 1540//3353 1494//3354
f  1496//3352 1539//3355 1540//3353
f  1499//3356 1540//3353 1539//3355
f  1584//3357 1583//3358 1540//3359
f  1499//3356 1480//3360 1540//3353
f  1480//3360 1584//3361 1540//3353
f  1582//3362 1585//3363 1581//3364
f  1585//3365 1464//3366 1581//3323
f  1464//3366 809//3351 1581//3323
f  1464//3366 1498//3367 809//3351
f  1464//3366 1497//3368 1498//3367
f  1444//3369 1480//3360 1499//3356
f  1479//3370 1584//3361 1480//3360
f  1585//3365 1465//3371 1464//3366
f  1586//3372 1583//3372 1584//3373
f  1468//3374 1501//3375 1465//3371
f  1585//3365 1468//3374 1465//3371
f  1468//3374 1500//3376 1501//3375
f  1503//3377 1479//3370 1502//3378
f  1503//3377 1440//3379 1479//3370
f  1440//3379 1584//3361 1479//3370
f  1585//3365 1436//3380 1468//3374
f  1456//3381 1584//3361 1440//3379
f  1582//3382 1571//3383 1585//3384
f  1571//3383 1470//3385 1585//3384
f  1470//3386 1436//3380 1585//3365
f  1462//3387 1586//3388 1584//3388
f  1456//3381 1462//3389 1584//3361
f  1433//3390 1454//3391 1436//3380
f  1470//3386 1433//3390 1436//3380
f  1433//3390 1453//3392 1454//3391
f  1457//3393 1456//3381 1455//3394
f  1457//3393 1509//3395 1456//3381
f  1509//3395 1462//3389 1456//3381
f  1470//3386 1458//3396 1433//3390
f  1441//3397 1462//3389 1509//3395
f  1541//3398 1586//3399 1462//3400
f  1470//3386 1439//3401 1458//3396
f  1445//3402 1459//3403 1458//3396
f  1507//3404 1445//3402 1458//3396
f  1439//3401 1507//3404 1458//3396
f  1447//3405 1441//3406 1460//3407
f  1447//3405 1446//3408 1441//3406
f  1446//3408 1505//3409 1441//3406
f  1505//3410 1475//3411 1441//3397
f  1475//3411 1462//3389 1441//3397
f  1470//3386 1469//3412 1439//3401
f  1438//3413 1462//3389 1475//3411
f  1449//3414 1445//3402 1507//3404
f  1449//3414 1448//3415 1445//3402
f  1450//3416 1505//3409 1446//3408
f  1450//3416 1506//3417 1505//3409
f  1534//3193 1176//2272 1268//2437
f  1579//3418 1572//3419 1534//3420
f  1435//3421 1579//3418 1534//3420
f  1535//3422 1579//3418 1435//3421
f  1583//3423 1510//3424 1504//3425
f  1230//2341 1587//3426 1226//2337
f  1587//3426 1572//3427 1226//2337
f  1574//3295 1566//3273 1568//3278
f  1588//3428 1534//3429 1572//3430
f  1587//3431 1588//3428 1572//3430
f  1575//3312 1179//3432 1574//3433
f  1178//2274 1589//3434 1179//2275
f  1589//3435 1574//3436 1179//3437
f  1575//3312 1181//3311 1179//3432
f  1533//3438 1182//3439 1181//3440
f  1578//3441 1533//3438 1181//3440
f  1511//3442 1533//3438 1578//3441
f  1580//3443 1511//3442 1578//3441
f  1535//3422 1582//3444 1579//3418
f  1504//3425 1511//3442 1580//3443
f  1583//3423 1504//3425 1580//3443
f  1586//3445 1508//3446 1583//3423
f  1508//3446 1510//3424 1583//3423
f  1535//3422 1536//3447 1582//3444
f  1536//3447 1571//3448 1582//3444
f  1541//3449 1508//3446 1586//3445
f  1536//3447 1537//3450 1571//3448
f  1541//3449 1461//3451 1508//3446
f  1588//3452 1176//2272 1534//3193
f  1590//3453 1176//3454 1588//3455
f  1574//3295 1589//3456 1566//3273
f  1587//3457 1590//3458 1588//3459
f  1544//3460 1408//3461 1407//3462
f  1163//3463 1544//3460 1407//3462
f  1162//3464 1550//3465 1163//3463
f  1544//3460 1545//3466 1408//3461
f  1545//3466 1165//3467 1408//3461
f  1166//3468 1550//3465 1162//3464
f  1554//3469 1550//3465 1166//3468
f  1168//3470 1554//3469 1166//3468
f  1170//3471 1554//3469 1168//3470
f  1553//3472 1171//3473 1169//3474
f  1167//3475 1553//3472 1169//3474
f  1172//3476 1174//3477 1170//3471
f  1174//3477 1554//3469 1170//3471
f  1553//3472 1555//3478 1171//3473
f  1555//3478 1173//3479 1171//3473
f  1555//3478 1175//3480 1173//3479
f  1175//3480 1178//3481 1177//3482
f  1230//3483 1590//3458 1587//3457
f  1178//3481 1566//3484 1589//3485
f  1163//3463 1546//3486 1544//3460
f  1550//3465 1546//3486 1163//3463
f  1545//3466 1167//3475 1165//3467
f  1545//3466 1549//3487 1167//3475
f  1549//3487 1553//3472 1167//3475
f  1174//3488 1557//3489 1554//3490
f  1561//3491 1557//3492 1174//3493
f  1176//3494 1564//3495 1174//3493
f  1564//3495 1561//3491 1174//3493
f  1555//3478 1560//3496 1175//3480
f  1560//3496 1178//3481 1175//3480
f  1590//3458 1564//3495 1176//3494
f  1560//3496 1563//3497 1178//3481
f  1230//3483 1564//3495 1590//3458
f  1563//3497 1566//3484 1178//3481
f  1591//3498 1592//3499 1593//3500
f  1594//3501 1591//3502 1593//3503
f  1595//3504 1596//3505 1597//3506
f  1598//3507 1595//3508 1597//3509
f  1591//3498 1599//3510 1592//3499
f  1600//3511 1601//3512 1592//3513
f  1599//3514 1600//3511 1592//3513
f  1602//3515 1598//3516 1597//3517
f  1601//3518 1603//3519 1592//3520
f  1598//3507 1604//3521 1595//3508
f  1605//3522 1606//3523 1596//3524
f  1607//3525 1605//3522 1596//3524
f  1606//3526 1597//3506 1596//3505
f  1608//3527 1593//3500 1592//3499
f  1603//3519 1608//3528 1592//3520
f  1606//3526 1608//3527 1597//3506
f  1608//3529 1602//3530 1597//3531
f  1604//3532 1600//3533 1599//3534
f  1603//3535 1602//3530 1608//3529
f  1599//3510 1596//3505 1595//3504
f  1604//3532 1599//3534 1595//3536
f  1606//3526 1593//3500 1608//3527
f  1591//3498 1596//3505 1599//3510
f  1609//3537 1610//3538 1593//3500
f  1606//3526 1609//3537 1593//3500
f  1610//3539 1611//3540 1593//3503
f  1611//3540 1594//3501 1593//3503
f  1605//3522 1609//3541 1606//3523
f  1612//3542 1607//3525 1596//3524
f  1613//3543 1612//3542 1596//3524
f  1591//3498 1613//3544 1596//3505
f  1614//3545 1615//3546 1610//3538
f  1609//3537 1614//3545 1610//3538
f  1615//3547 1611//3540 1610//3539
f  1616//3548 1613//3544 1591//3498
f  1594//3501 1617//3549 1591//3502
f  1617//3549 1616//3550 1591//3502
f  1605//3522 1618//3551 1609//3541
f  1619//3552 1603//3553 1601//3554
f  1600//3555 1619//3552 1601//3554
f  1619//3552 1620//3556 1603//3553
f  1621//3557 1619//3552 1600//3555
f  1622//3558 1623//3558 1619//3559
f  1621//3560 1622//3561 1619//3562
f  1623//3563 1620//3564 1619//3565
f  1604//3566 1621//3557 1600//3555
f  1623//3563 1624//3567 1620//3564
f  1620//3556 1602//3568 1603//3553
f  1625//3569 1622//3570 1621//3571
f  1626//3572 1625//3569 1621//3571
f  1604//3566 1626//3573 1621//3557
f  1624//3574 1626//3574 1620//3575
f  1626//3573 1602//3568 1620//3556
f  1604//3566 1598//3576 1626//3573
f  1624//3577 1625//3577 1626//3578
f  1598//3576 1602//3568 1626//3573
f  1618//3551 1614//3579 1609//3541
f  1627//3580 1612//3542 1613//3543
f  1616//3548 1627//3581 1613//3544
f  1628//3582 1629//3583 1630//3584
f  1623//3585 1628//3586 1630//3587
f  1625//3588 1605//3589 1607//3590
f  1622//3591 1628//3586 1623//3585
f  1624//3592 1605//3589 1625//3588
f  1630//3587 1624//3592 1623//3585
f  1607//3590 1622//3591 1625//3588
f  1630//3587 1605//3589 1624//3592
f  1607//3590 1628//3586 1622//3591
f  1631//3593 1629//3583 1628//3582
f  1629//3583 1632//3594 1630//3584
f  1632//3595 1605//3589 1630//3587
f  1612//3596 1628//3586 1607//3590
f  1633//3597 1634//3598 1615//3546
f  1614//3545 1633//3597 1615//3546
f  1635//3599 1611//3540 1615//3547
f  1636//3600 1637//3601 1616//3548
f  1637//3601 1638//3602 1616//3548
f  1638//3602 1639//3603 1616//3548
f  1639//3603 1627//3581 1616//3548
f  1617//3549 1636//3604 1616//3550
f  1618//3551 1640//3605 1614//3579
f  1641//3606 1633//3597 1614//3545
f  1639//3603 1642//3607 1627//3581
f  1643//3608 1631//3593 1628//3582
f  1612//3596 1643//3609 1628//3586
f  1632//3595 1618//3610 1605//3589
f  1640//3605 1644//3611 1614//3579
f  1644//3612 1641//3606 1614//3545
f  1611//3540 1645//3613 1594//3501
f  1629//3583 1646//3614 1632//3594
f  1647//3615 1648//3616 1633//3616
f  1638//3617 1649//3618 1639//3619
f  1645//3613 1650//3620 1594//3501
f  1641//3621 1647//3622 1633//3623
f  1650//3620 1617//3549 1594//3501
f  1649//3624 1642//3625 1639//3624
f  1651//3626 1649//3618 1638//3617
f  1648//3627 1634//3628 1633//3629
f  1637//3630 1651//3631 1638//3632
f  1652//3633 1631//3593 1643//3608
f  1653//3634 1652//3633 1643//3608
f  1612//3596 1653//3635 1643//3609
f  1632//3595 1640//3636 1618//3610
f  1654//3637 1650//3620 1645//3613
f  1655//3638 1647//3638 1641//3638
f  1649//3639 1656//3639 1642//3640
f  1648//3627 1657//3641 1634//3628
f  1658//3642 1651//3631 1637//3630
f  1659//3643 1645//3613 1611//3540
f  1644//3612 1660//3644 1641//3606
f  1660//3645 1655//3646 1641//3647
f  1647//3648 1661//3649 1648//3650
f  1651//3651 1662//3652 1649//3653
f  1663//3654 1627//3581 1642//3607
f  1656//3655 1663//3656 1642//3657
f  1664//3658 1657//3659 1648//3650
f  1661//3649 1664//3658 1648//3650
f  1665//3660 1662//3652 1651//3651
f  1655//3661 1666//3662 1647//3648
f  1666//3662 1661//3649 1647//3648
f  1667//3663 1656//3664 1649//3653
f  1662//3652 1667//3663 1649//3653
f  1668//3665 1669//3666 1653//3635
f  1612//3596 1668//3665 1653//3635
f  1670//3667 1671//3668 1640//3636
f  1632//3595 1670//3667 1640//3636
f  1672//3669 1670//3667 1632//3595
f  1673//3670 1668//3665 1612//3596
f  1674//3671 1655//3646 1660//3645
f  1645//3613 1675//3672 1654//3637
f  1675//3672 1676//3673 1654//3637
f  1669//3674 1668//3675 1662//3676
f  1665//3677 1669//3674 1662//3676
f  1671//3678 1670//3679 1661//3680
f  1666//3681 1671//3678 1661//3680
f  1657//3682 1677//3683 1634//3684
f  1678//3685 1679//3686 1615//3546
f  1634//3598 1678//3685 1615//3546
f  1679//3687 1635//3599 1615//3547
f  1680//3688 1637//3601 1636//3600
f  1681//3689 1680//3688 1636//3600
f  1682//3690 1681//3689 1636//3600
f  1617//3549 1682//3691 1636//3604
f  1640//3605 1683//3692 1644//3611
f  1684//3693 1612//3542 1627//3580
f  1670//3694 1664//3695 1661//3696
f  1668//3697 1667//3698 1662//3699
f  1685//3700 1679//3686 1678//3685
f  1686//3701 1687//3702 1678//3685
f  1687//3702 1688//3703 1678//3685
f  1634//3598 1686//3701 1678//3685
f  1688//3704 1685//3705 1678//3706
f  1689//3707 1690//3708 1680//3688
f  1690//3708 1691//3709 1680//3688
f  1691//3709 1637//3601 1680//3688
f  1681//3710 1689//3711 1680//3711
f  1670//3694 1672//3712 1664//3695
f  1668//3697 1673//3713 1667//3698
f  1659//3643 1692//3714 1645//3613
f  1692//3714 1675//3672 1645//3613
f  1693//3715 1650//3620 1654//3637
f  1676//3673 1694//3716 1654//3637
f  1694//3716 1693//3715 1654//3637
f  1695//3717 1686//3701 1634//3598
f  1677//3718 1695//3719 1634//3719
f  1691//3709 1696//3720 1637//3601
f  1697//3721 1658//3722 1637//3723
f  1696//3724 1697//3721 1637//3723
f  1635//3599 1659//3643 1611//3540
f  1693//3715 1617//3549 1650//3620
f  1698//3725 1699//3726 1663//3654
f  1699//3726 1627//3581 1663//3654
f  1644//3612 1700//3727 1660//3644
f  1700//3728 1701//3729 1660//3730
f  1658//3731 1665//3660 1651//3651
f  1702//3732 1686//3701 1660//3644
f  1686//3701 1695//3717 1660//3644
f  1701//3733 1702//3732 1660//3644
f  1695//3734 1674//3735 1660//3736
f  1691//3709 1703//3737 1663//3654
f  1696//3720 1691//3709 1663//3654
f  1703//3737 1704//3738 1663//3654
f  1704//3739 1698//3740 1663//3741
f  1656//3742 1696//3743 1663//3744
f  1705//3745 1706//3746 1707//3747
f  1708//3748 1709//3749 1710//3750
f  1711//3751 1712//3752 1708//3753
f  1712//3752 1713//3754 1708//3753
f  1713//3754 1714//3755 1708//3753
f  1714//3755 1707//3756 1708//3753
f  1707//3747 1706//3746 1708//3748
f  1706//3746 1709//3749 1708//3748
f  1714//3755 1715//3757 1707//3756
f  1715//3757 1716//3758 1707//3756
f  1716//3759 1717//3760 1707//3760
f  1709//3749 1718//3761 1710//3750
f  1718//3761 1719//3762 1710//3750
f  1720//3763 1709//3764 1706//3765
f  1721//3766 1720//3763 1706//3765
f  1722//3767 1706//3746 1705//3745
f  1723//3768 1722//3767 1705//3745
f  1724//3769 1723//3768 1705//3745
f  1720//3763 1718//3770 1709//3764
f  1725//3771 1721//3766 1706//3765
f  1718//3761 1726//3772 1719//3762
f  1726//3772 1727//3773 1719//3762
f  1722//3774 1725//3775 1706//3774
f  1724//3769 1728//3776 1723//3768
f  1720//3777 1729//3777 1718//3778
f  1729//3779 1726//3780 1718//3781
f  1730//3782 1725//3783 1722//3784
f  1728//3776 1731//3785 1723//3768
f  1726//3772 1732//3786 1727//3773
f  1732//3786 1733//3787 1727//3773
f  1733//3787 1734//3788 1727//3773
f  1735//3789 1722//3767 1723//3768
f  1731//3785 1735//3789 1723//3768
f  1729//3779 1732//3790 1726//3780
f  1736//3791 1730//3782 1722//3784
f  1731//3785 1737//3792 1735//3789
f  1738//3793 1722//3767 1735//3789
f  1738//3794 1736//3795 1722//3796
f  1732//3786 1739//3797 1733//3787
f  1729//3798 1740//3799 1732//3800
f  1741//3801 1738//3793 1735//3789
f  1737//3792 1741//3801 1735//3789
f  1742//3802 1736//3803 1738//3804
f  1732//3786 1743//3805 1739//3797
f  1744//3806 1738//3793 1741//3801
f  1745//3807 1739//3797 1743//3805
f  1746//3808 1743//3805 1732//3786
f  1740//3809 1746//3810 1732//3811
f  1744//3806 1747//3812 1738//3793
f  1746//3808 1748//3813 1743//3805
f  1749//3814 1745//3807 1743//3805
f  1748//3813 1749//3814 1743//3805
f  1747//3812 1750//3815 1738//3793
f  1750//3816 1742//3817 1738//3818
f  1744//3806 1751//3819 1747//3812
f  1752//3820 1749//3814 1748//3813
f  1753//3821 1750//3815 1747//3812
f  1754//3822 1753//3823 1747//3824
f  1751//3825 1754//3826 1747//3827
f  1740//3828 1755//3829 1746//3830
f  1756//3831 1742//3832 1750//3833
f  1754//3834 1757//3835 1753//3821
f  1758//3836 1750//3815 1753//3821
f  1757//3835 1758//3836 1753//3821
f  1746//3808 1759//3837 1748//3813
f  1759//3837 1752//3820 1748//3813
f  1760//3838 1759//3837 1746//3808
f  1755//3829 1761//3839 1746//3830
f  1761//3840 1760//3841 1746//3840
f  1762//3842 1750//3815 1758//3836
f  1763//3843 1759//3837 1760//3838
f  1762//3842 1764//3844 1750//3815
f  1764//3845 1756//3845 1750//3846
f  1761//3847 1765//3848 1760//3849
f  1766//3850 1756//3851 1764//3851
f  1767//3852 1764//3844 1762//3842
f  1768//3853 1763//3843 1760//3838
f  1767//3852 1769//3854 1764//3844
f  1769//3855 1766//3856 1764//3857
f  1762//3842 1770//3858 1767//3852
f  1771//3859 1768//3853 1760//3838
f  1765//3848 1772//3860 1760//3849
f  1772//3861 1771//3862 1760//3863
f  1773//3864 1763//3843 1768//3853
f  1774//3865 1769//3854 1767//3852
f  1775//3866 1774//3865 1767//3852
f  1776//3867 1768//3853 1771//3859
f  1774//3865 1777//3868 1769//3854
f  1777//3869 1766//3856 1769//3855
f  1776//3867 1773//3864 1768//3853
f  1772//3870 1778//3871 1771//3872
f  1774//3865 1779//3873 1777//3868
f  1780//3874 1766//3856 1777//3869
f  1781//3875 1773//3864 1776//3867
f  1779//3873 1782//3876 1777//3868
f  1782//3877 1780//3878 1777//3879
f  1783//3880 1779//3873 1774//3865
f  1784//3881 1785//3882 1771//3859
f  1785//3882 1776//3867 1771//3859
f  1778//3871 1786//3883 1771//3872
f  1786//3883 1784//3884 1771//3872
f  1779//3873 1787//3885 1782//3876
f  1788//3886 1780//3887 1782//3888
f  1787//3885 1785//3882 1784//3881
f  1787//3885 1784//3881 1782//3876
f  1784//3889 1788//3890 1782//3891
f  1786//3892 1788//3893 1784//3893
f  1789//3894 1781//3875 1776//3867
f  1785//3882 1789//3894 1776//3867
f  1790//3895 1787//3885 1779//3873
f  1790//3895 1791//3896 1787//3885
f  1791//3896 1792//3897 1785//3882
f  1787//3885 1791//3896 1785//3882
f  1699//3898 1684//3693 1627//3580
f  1793//3899 1794//3900 1795//3901
f  1794//3902 1788//3903 1795//3904
f  1786//3905 1795//3904 1788//3903
f  1796//3906 1792//3897 1791//3896
f  1675//3672 1797//3907 1798//3908
f  1676//3673 1675//3672 1798//3908
f  1694//3716 1676//3673 1798//3908
f  1799//3909 1800//3910 1796//3911
f  1791//3896 1799//3912 1796//3906
f  1656//3742 1697//3913 1696//3743
f  1677//3914 1674//3735 1695//3734
f  1800//3915 1801//3916 1796//3916
f  1801//3917 1792//3897 1796//3906
f  1802//3918 1694//3716 1798//3908
f  1646//3614 1803//3919 1632//3594
f  1803//3920 1672//3669 1632//3595
f  1684//3921 1673//3670 1612//3596
f  1804//3922 1793//3899 1795//3901
f  1792//3897 1789//3894 1785//3882
f  1655//3661 1674//3923 1666//3662
f  1783//3880 1790//3895 1779//3873
f  1805//3924 1797//3907 1675//3672
f  1806//3925 1792//3897 1801//3917
f  1807//3926 1694//3716 1802//3918
f  1786//3905 1808//3927 1795//3904
f  1793//3899 1809//3928 1794//3900
f  1664//3658 1677//3929 1657//3659
f  1807//3926 1693//3715 1694//3716
f  1791//3896 1810//3930 1799//3912
f  1808//3931 1804//3922 1795//3901
f  1721//3932 1811//3933 1720//3934
f  1811//3933 1812//3935 1720//3934
f  1813//3936 1811//3933 1721//3932
f  1725//3937 1813//3936 1721//3932
f  1813//3938 1814//3939 1811//3940
f  1812//3935 1815//3941 1720//3934
f  1816//3942 1813//3936 1725//3937
f  1815//3941 1729//3798 1720//3934
f  1730//3943 1816//3942 1725//3937
f  1817//3944 1729//3798 1815//3941
f  1818//3945 1816//3942 1730//3943
f  1736//3946 1818//3945 1730//3943
f  1819//3947 1729//3798 1817//3944
f  1820//3948 1818//3945 1736//3946
f  1819//3947 1740//3799 1729//3798
f  1742//3949 1820//3948 1736//3946
f  1821//3950 1740//3799 1819//3947
f  1742//3949 1822//3951 1820//3948
f  1823//3952 1820//3952 1822//3953
f  1824//3954 1825//3955 1821//3956
f  1825//3957 1740//3799 1821//3950
f  1825//3957 1755//3958 1740//3799
f  1826//3959 1823//3960 1822//3961
f  1742//3949 1826//3962 1822//3951
f  1756//3963 1826//3962 1742//3949
f  1827//3964 1823//3960 1826//3959
f  1824//3965 1828//3965 1825//3965
f  1825//3957 1761//3966 1755//3958
f  1829//3967 1827//3964 1826//3959
f  1828//3968 1830//3969 1825//3955
f  1830//3970 1761//3966 1825//3957
f  1756//3963 1829//3971 1826//3962
f  1830//3970 1765//3972 1761//3966
f  1831//3973 1765//3972 1830//3970
f  1766//3974 1829//3971 1756//3963
f  1766//3974 1832//3975 1829//3971
f  1832//3976 1833//3977 1829//3978
f  1831//3973 1772//3979 1765//3972
f  1834//3980 1833//3977 1832//3976
f  1835//3981 1772//3979 1831//3973
f  1766//3974 1836//3982 1832//3975
f  1836//3983 1834//3980 1832//3976
f  1831//3984 1837//3985 1835//3986
f  1778//3987 1772//3979 1835//3981
f  1809//3988 1834//3989 1836//3988
f  1780//3990 1836//3982 1766//3974
f  1837//3991 1808//3927 1835//3981
f  1808//3927 1786//3905 1835//3981
f  1786//3905 1778//3987 1835//3981
f  1780//3990 1794//3902 1836//3982
f  1794//3900 1809//3928 1836//3983
f  1780//3990 1788//3903 1794//3902
f  1838//3992 1806//3925 1801//3917
f  1839//3993 1801//3994 1800//3910
f  1840//3995 1802//3996 1798//3997
f  1841//3998 1807//3926 1802//3918
f  1810//3930 1842//3999 1799//3912
f  1843//4000 1839//3993 1800//3910
f  1844//4001 1840//3995 1798//3997
f  1845//4002 1669//4003 1665//4004
f  1846//4005 1845//4002 1665//4004
f  1658//3731 1846//4006 1665//3660
f  1847//4007 1671//4008 1666//4009
f  1848//4010 1847//4007 1666//4009
f  1674//3923 1848//4011 1666//3662
f  1672//4012 1848//4013 1664//4014
f  1848//4011 1677//3929 1664//3658
f  1673//4015 1846//4016 1667//4017
f  1846//4006 1656//3664 1667//3663
f  1675//3672 1692//3714 1805//3924
f  1799//3909 1843//4000 1800//3910
f  1797//4018 1844//4001 1798//3997
f  1849//4019 1841//4020 1802//3996
f  1840//3995 1849//4019 1802//3996
f  1850//4021 1838//4022 1801//3994
f  1839//3993 1850//4021 1801//3994
f  1851//4023 1806//3925 1838//3992
f  1852//4024 1807//3926 1841//3998
f  1806//3925 1789//3894 1792//3897
f  1790//3895 1810//3930 1791//3896
f  1658//3731 1697//4025 1846//4006
f  1674//3923 1677//3929 1848//4011
f  1672//4012 1847//4026 1848//4013
f  1673//4015 1845//4027 1846//4016
f  1697//4025 1656//3664 1846//4006
f  1810//3930 1807//3926 1852//4024
f  1842//3999 1810//3930 1852//4024
f  1805//3924 1806//3925 1851//4023
f  1692//3714 1806//3925 1805//3924
f  1853//4028 1692//3714 1659//3643
f  1854//4029 1843//4000 1799//3909
f  1842//4030 1854//4029 1799//3909
f  1805//4031 1855//4032 1797//4033
f  1855//4032 1844//4034 1797//4033
f  1850//4021 1851//4035 1838//4022
f  1849//4019 1852//4036 1841//4020
f  1850//4021 1856//4037 1851//4035
f  1849//4019 1857//4038 1852//4036
f  1857//4039 1842//4040 1852//4041
f  1856//4042 1805//4043 1851//4044
f  1857//4039 1854//4045 1842//4040
f  1856//4042 1855//4046 1805//4043
f  1858//4047 1810//3930 1790//3895
f  1859//4048 1812//4049 1811//3940
f  1814//3939 1860//4050 1811//3940
f  1860//4050 1859//4048 1811//3940
f  1861//4051 1862//4052 1814//3939
f  1863//4053 1864//4054 1814//3939
f  1862//4052 1863//4053 1814//3939
f  1864//4054 1865//4055 1814//3939
f  1865//4055 1866//4056 1814//3939
f  1866//4056 1860//4050 1814//3939
f  1859//4048 1867//4057 1812//4049
f  1867//4057 1865//4055 1812//4049
f  1865//4055 1868//4058 1812//4049
f  1869//4059 1861//4051 1814//3939
f  1813//3938 1869//4059 1814//3939
f  1868//4058 1815//4060 1812//4049
f  1816//4061 1870//4062 1813//3938
f  1870//4062 1869//4059 1813//3938
f  1871//4063 1817//4064 1815//4060
f  1872//4065 1870//4062 1816//4061
f  1871//4063 1873//4066 1817//4064
f  1873//4066 1819//4067 1817//4064
f  1818//4068 1874//4069 1816//4061
f  1874//4069 1872//4065 1816//4061
f  1875//4070 1874//4069 1818//4068
f  1876//4071 1875//4070 1818//4068
f  1877//4072 1876//4071 1818//4068
f  1878//4073 1877//4072 1818//4068
f  1873//4066 1879//4074 1819//4067
f  1879//4074 1880//4075 1819//4067
f  1880//4075 1821//3956 1819//4067
f  1881//4076 1878//4073 1818//4068
f  1820//4077 1881//4076 1818//4068
f  1882//4078 1881//4076 1820//4077
f  1823//4079 1882//4078 1820//4077
f  1821//3956 1883//4080 1824//3954
f  1884//4081 1882//4078 1823//4079
f  1883//4080 1885//4082 1824//3954
f  1886//4083 1884//4081 1823//4079
f  1885//4082 1828//3968 1824//3954
f  1827//4084 1887//4085 1823//4079
f  1887//4085 1886//4083 1823//4079
f  1885//4082 1888//4086 1828//3968
f  1888//4086 1889//4087 1828//3968
f  1889//4087 1890//4088 1828//3968
f  1891//4089 1892//4090 1827//4084
f  1892//4090 1887//4085 1827//4084
f  1890//4088 1830//3969 1828//3968
f  1893//4091 1891//4089 1827//4084
f  1829//3978 1893//4091 1827//4084
f  1890//4088 1894//4092 1830//3969
f  1895//4093 1831//3984 1830//3969
f  1894//4092 1895//4093 1830//3969
f  1896//4094 1893//4091 1829//3978
f  1833//3977 1896//4094 1829//3978
f  1897//4095 1898//4096 1831//3984
f  1895//4093 1897//4095 1831//3984
f  1899//4097 1900//4098 1833//3977
f  1900//4098 1896//4094 1833//3977
f  1898//4096 1837//3985 1831//3984
f  1834//3980 1899//4097 1833//3977
f  1898//4096 1901//4099 1837//3985
f  1901//4099 1902//4100 1837//3985
f  1902//4100 1903//4101 1837//3985
f  1903//4101 1904//4102 1837//3985
f  1904//4102 1905//4103 1837//3985
f  1906//4104 1907//4105 1834//3980
f  1907//4105 1908//4106 1834//3980
f  1909//4107 1899//4097 1834//3980
f  1908//4106 1909//4107 1834//3980
f  1905//4103 1808//3931 1837//3985
f  1809//3928 1906//4104 1834//3980
f  1905//4103 1910//4108 1808//3931
f  1911//4109 1906//4104 1809//3928
f  1793//3899 1911//4109 1809//3928
f  1910//4108 1804//3922 1808//3931
f  1912//4110 1781//3875 1789//3894
f  1913//4111 1711//4112 1708//4111
f  1914//4113 1913//4114 1708//3748
f  1710//3750 1914//4113 1708//3748
f  1717//4115 1915//4116 1707//3747
f  1915//4116 1705//3745 1707//3747
f  1915//4116 1724//3769 1705//3745
f  1719//3762 1914//4113 1710//3750
f  1916//4117 1714//4118 1917//4119
f  1918//4120 1916//4121 1917//4122
f  1919//4123 1914//4113 1719//3762
f  1920//4124 1728//3776 1724//3769
f  1921//4125 1922//4126 1719//3762
f  1727//3773 1921//4125 1719//3762
f  1922//4126 1919//4123 1719//3762
f  1734//3788 1921//4125 1727//3773
f  1923//4127 1924//4128 1734//4127
f  1733//3787 1925//4129 1734//3788
f  1739//3797 1925//4129 1733//3787
f  1926//4130 1927//4131 1737//3792
f  1927//4131 1741//3801 1737//3792
f  1928//4132 1925//4129 1739//3797
f  1929//4133 1928//4132 1739//3797
f  1745//3807 1930//4134 1739//3797
f  1930//4134 1929//4133 1739//3797
f  1931//4135 1744//3806 1741//3801
f  1932//4136 1931//4135 1741//3801
f  1933//4137 1930//4134 1745//3807
f  1931//4135 1751//3819 1744//3806
f  1752//4138 1934//4139 1749//4140
f  1757//3835 1935//4141 1758//3836
f  1935//4141 1936//4142 1758//3836
f  1936//4142 1762//3842 1758//3836
f  1937//4143 1752//3820 1759//3837
f  1938//4144 1937//4143 1759//3837
f  1763//3843 1939//4145 1759//3837
f  1940//4146 1770//3858 1762//3842
f  1941//4147 1942//4148 1763//3843
f  1942//4148 1939//4145 1763//3843
f  1773//3864 1941//4147 1763//3843
f  1775//3866 1767//3852 1770//3858
f  1775//3866 1943//4149 1774//3865
f  1943//4149 1944//4150 1774//3865
f  1944//4150 1945//4151 1774//3865
f  1945//4151 1783//3880 1774//3865
f  1946//4152 1773//3864 1781//3875
f  1754//4153 1947//4154 1757//4155
f  1783//3880 1858//4047 1790//3895
f  1948//4156 1653//3635 1669//3666
f  1683//4157 1640//3636 1671//3668
f  1923//4158 1949//4159 1924//4160
f  1950//4161 1951//4162 1952//4163
f  1731//4164 1950//4165 1952//4166
f  1951//4162 1953//4167 1952//4163
f  1953//4168 1731//4169 1952//4170
f  1954//4171 1955//4172 1934//4173
f  1955//4174 1749//4175 1934//4176
f  1956//4177 1954//4171 1934//4173
f  1752//4138 1956//4178 1934//4139
f  1957//4179 1958//4180 1959//4181
f  1958//4182 1773//4183 1959//4184
f  1960//4185 1957//4179 1959//4181
f  1773//4186 1960//4187 1959//4188
f  1931//4189 1961//4190 1751//4191
f  1961//4190 1754//4153 1751//4191
f  1961//4190 1947//4154 1754//4153
f  1947//4192 1962//4193 1757//4194
f  1962//4193 1935//4195 1757//4194
f  1963//4196 1652//3633 1653//3634
f  1948//4197 1963//4196 1653//3634
f  1953//4168 1737//4198 1731//4169
f  1964//4199 1965//4200 1775//4201
f  1713//4202 1917//4203 1714//4204
f  1961//4205 1966//4206 1947//4207
f  1966//4206 1962//4208 1947//4207
f  1965//4209 1943//4210 1775//4211
f  1958//4182 1941//4212 1773//4183
f  1964//4213 1967//4214 1965//4215
f  1968//4216 1943//4210 1965//4209
f  1967//4214 1968//4217 1965//4215
f  1955//4174 1745//4218 1749//4175
f  1924//4219 1921//4220 1734//4221
f  1728//4222 1950//4165 1731//4164
f  1969//4223 1693//3715 1807//3926
f  1847//4224 1683//4157 1671//3668
f  1845//4225 1948//4156 1669//3666
f  1925//4226 1923//4227 1734//4228
f  1970//4229 1659//3643 1635//3599
f  1806//3925 1912//4110 1789//3894
f  1803//3920 1847//4224 1672//3669
f  1684//3921 1845//4225 1673//3670
f  1949//4159 1971//4230 1924//4160
f  1971//4230 1972//4231 1924//4160
f  1972//4232 1921//4233 1924//4234
f  1973//4235 1951//4162 1950//4161
f  1974//4236 1975//4237 1923//4158
f  1975//4237 1949//4159 1923//4158
f  1925//4226 1974//4238 1923//4227
f  1951//4162 1976//4239 1953//4167
f  1954//4171 1977//4240 1955//4172
f  1978//4241 1954//4171 1956//4177
f  1957//4179 1979//4242 1958//4180
f  1980//4243 1957//4179 1960//4185
f  1803//3920 1683//4157 1847//4224
f  1684//3921 1948//4156 1845//4225
f  1770//4244 1964//4245 1775//4245
f  1981//4246 1917//4247 1713//4248
f  1916//4249 1715//4250 1714//4251
f  1982//4252 1918//4120 1917//4122
f  1981//4253 1982//4252 1917//4122
f  1983//4254 1966//4206 1961//4205
f  1984//4255 1967//4214 1964//4213
f  1853//4028 1806//3925 1692//3714
f  1810//3930 1969//4223 1807//3926
f  1946//4256 1960//4187 1773//4186
f  1887//4257 1966//4258 1886//4259
f  1966//4260 1884//4261 1886//4262
f  1860//4263 1918//4264 1859//4265
f  1874//4266 1875//4267 1951//4268
f  1951//4269 1872//4270 1874//4271
f  1949//4272 1879//4273 1873//4274
f  1957//4275 1901//4276 1898//4277
f  1954//4278 1888//4279 1885//4280
f  1646//3614 1985//4281 1803//3919
f  1918//4120 1986//4282 1916//4121
f  1966//4206 1987//4283 1962//4208
f  1967//4214 1988//4284 1968//4217
f  1982//4285 1859//4286 1918//4287
f  1973//4288 1872//4270 1951//4269
f  1975//4289 1879//4273 1949//4272
f  1983//4290 1884//4261 1966//4260
f  1978//4291 1888//4279 1954//4278
f  1984//4292 1899//4293 1967//4294
f  1980//4295 1901//4276 1957//4275
f  1909//4296 1967//4297 1899//4298
f  1871//4299 1949//4300 1873//4301
f  1897//4302 1957//4303 1898//4304
f  1984//4292 1900//4305 1899//4293
f  1883//4306 1954//4307 1885//4308
f  1860//4309 1986//4310 1918//4311
f  1871//4299 1971//4312 1949//4300
f  1875//4267 1976//4313 1951//4268
f  1883//4306 1977//4314 1954//4307
f  1887//4315 1987//4315 1966//4316
f  1897//4302 1979//4317 1957//4303
f  1909//4296 1988//4318 1967//4297
f  1970//4229 1853//4028 1659//3643
f  1989//4319 1973//4235 1950//4161
f  1728//4320 1989//4321 1950//4322
f  1990//4323 1978//4241 1956//4177
f  1752//4324 1990//4325 1956//4326
f  1972//4232 1922//4327 1921//4233
f  1955//4328 1933//4329 1745//4330
f  1931//4331 1991//4332 1961//4333
f  1991//4334 1983//4254 1961//4205
f  1992//4335 1964//4336 1770//4337
f  1968//4338 1993//4339 1943//4340
f  1993//4339 1944//4341 1943//4340
f  1992//4342 1984//4255 1964//4213
f  1928//4343 1974//4344 1925//4344
f  1958//4345 1942//4346 1941//4347
f  1953//4348 1926//4349 1737//4350
f  1962//4351 1994//4352 1935//4353
f  1994//4352 1936//4354 1935//4353
f  1932//4355 1991//4332 1931//4331
f  1920//4356 1989//4321 1728//4320
f  1995//4357 1715//4358 1916//4359
f  1986//4282 1995//4360 1916//4121
f  1987//4283 1994//4361 1962//4208
f  1712//4362 1981//4363 1713//4364
f  1988//4284 1993//4365 1968//4217
f  1853//4028 1912//4110 1806//3925
f  1858//4047 1996//4366 1810//3930
f  1996//4366 1969//4223 1810//3930
f  1982//4367 1867//4368 1859//4369
f  1978//4370 1889//4371 1888//4372
f  1980//4373 1902//4374 1901//4375
f  1866//4376 1986//4310 1860//4309
f  1684//3921 1997//4377 1948//4156
f  1803//3920 1998//4378 1683//4157
f  1999//4379 1946//4152 1781//3875
f  2000//4380 1981//4363 1712//4362
f  2001//4381 1716//3758 1715//3757
f  1995//4357 2001//4382 1715//4358
f  2000//4383 1982//4252 1981//4253
f  2002//4384 1879//4385 1975//4386
f  1875//4387 1876//4388 1976//4388
f  1976//4239 2003//4389 1953//4167
f  2003//4390 1926//4349 1953//4348
f  2002//4391 1880//4075 1879//4074
f  1977//4240 2004//4392 1955//4172
f  2004//4393 1933//4329 1955//4328
f  1892//4394 1987//4395 1887//4396
f  1937//4397 1990//4325 1752//4324
f  1979//4242 2005//4398 1958//4180
f  2005//4399 1942//4346 1958//4345
f  1998//4378 2006//4400 1683//4157
f  2006//4400 2007//4401 1683//4157
f  2007//4402 1644//3611 1683//3692
f  2008//4403 1986//4404 1866//4405
f  1865//4055 2008//4406 1866//4056
f  2009//4407 1872//4408 1973//4409
f  1989//4319 2009//4410 1973//4235
f  2010//4411 1867//4412 1982//4413
f  2000//4383 2010//4414 1982//4252
f  2011//4415 2002//4416 1975//4416
f  2012//4417 2011//4418 1975//4237
f  1974//4236 2012//4417 1975//4237
f  2013//4419 1884//4420 1983//4421
f  1991//4334 2013//4422 1983//4254
f  2014//4423 1889//4424 1978//4424
f  1990//4323 2014//4425 1978//4241
f  2015//4426 1900//4427 1984//4428
f  1992//4342 2015//4429 1984//4255
f  2016//4430 1902//4431 1980//4430
f  2017//4432 2016//4433 1980//4243
f  1960//4185 2017//4432 1980//4243
f  2018//4434 1971//4435 1871//4436
f  1895//4093 2019//4437 1897//4095
f  2019//4438 1979//4439 1897//4440
f  2020//4441 1977//4442 1883//4443
f  2021//4444 1882//4078 1884//4081
f  2013//4419 2021//4445 1884//4420
f  2013//4446 1987//4447 1892//4448
f  2009//4449 1976//4450 1876//4451
f  2015//4452 1988//4453 1909//4454
f  2022//4455 1870//4062 1872//4065
f  2009//4407 2022//4456 1872//4408
f  2009//4410 2003//4389 1976//4239
f  2008//4403 2010//4457 1986//4404
f  2010//4414 2023//4458 1986//4282
f  2023//4458 1995//4360 1986//4282
f  2018//4434 2011//4459 1971//4435
f  2011//4418 1972//4231 1971//4230
f  2020//4441 2014//4460 1977//4442
f  2014//4425 2004//4392 1977//4240
f  2013//4422 1994//4361 1987//4283
f  2019//4438 2016//4461 1979//4439
f  2016//4433 2005//4398 1979//4242
f  2015//4429 1993//4365 1988//4284
f  1945//4151 1858//4047 1783//3880
f  1912//4110 1999//4379 1781//3875
f  1928//4462 2012//4463 1974//4464
f  2024//4465 1926//4466 2003//4467
f  2025//4468 1942//4346 2005//4399
f  1946//4469 2017//4470 1960//4471
f  1741//3801 2026//4472 1932//4136
f  2026//4473 1991//4474 1932//4475
f  1940//4146 2027//4476 1770//3858
f  2027//4477 1992//4478 1770//4479
f  2024//4480 1927//4131 1926//4130
f  2023//4481 2001//4482 1995//4483
f  1711//3751 2028//4484 1712//3752
f  2029//4485 2012//4463 1928//4462
f  1929//4133 2029//4486 1928//4132
f  2030//4487 1970//4229 1635//3599
f  2008//4406 1865//4055 1867//4057
f  2010//4411 2008//4488 1867//4412
f  2031//4489 1716//3758 2001//4381
f  1989//4319 2032//4490 2009//4410
f  1991//4334 2033//4491 2013//4422
f  1990//4323 2034//4492 2014//4425
f  1992//4342 2035//4493 2015//4429
f  1999//4379 2036//4494 1946//4152
f  2036//4495 2017//4470 1946//4469
f  1891//4089 2021//4444 1892//4090
f  2021//4496 2013//4446 1892//4448
f  2037//4497 1896//4094 1900//4098
f  2015//4426 2037//4498 1900//4427
f  1908//4106 2037//4497 1909//4107
f  2037//4499 2015//4452 1909//4454
f  2030//4487 1635//3599 1679//3687
f  2038//4500 1684//3693 1699//3898
f  2025//4501 1939//4145 1942//4148
f  1895//4093 2039//4502 2019//4437
f  2018//4503 1880//4075 2002//4391
f  2011//4504 2018//4505 2002//4506
f  2040//4507 1882//4078 2021//4444
f  2020//4508 1890//4088 1889//4087
f  2014//4509 2020//4510 1889//4509
f  2039//4502 1903//4101 1902//4100
f  2019//4437 2039//4502 1902//4100
f  2016//4511 2019//4512 1902//4513
f  2000//4383 2023//4458 2010//4414
f  2017//4432 2005//4398 2016//4433
f  1876//4514 2022//4515 2009//4516
f  2012//4417 1972//4231 2011//4418
f  2032//4490 2003//4389 2009//4410
f  2034//4492 2004//4392 2014//4425
f  2033//4491 1994//4361 2013//4422
f  2035//4493 1993//4365 2015//4429
f  1891//4089 2040//4507 2021//4444
f  1877//4072 2022//4455 1876//4071
f  1908//4106 2041//4517 2037//4497
f  2041//4517 1896//4094 2037//4497
f  1877//4072 1870//4062 2022//4455
f  1985//4281 2042//4518 1803//3919
f  2042//4519 1998//4378 1803//3920
f  2038//4520 2043//4521 1684//3921
f  2043//4521 1997//4377 1684//3921
f  1871//4063 1880//4075 2018//4503
f  1945//4151 1996//4366 1858//4047
f  1938//4144 2044//4522 1937//4143
f  1724//3769 2045//4523 1920//4124
f  2004//4524 2044//4525 1933//4526
f  2044//4527 1990//4528 1937//4529
f  2028//4484 2046//4530 1712//3752
f  2046//4531 2000//4532 1712//4533
f  2046//4530 2047//4534 2001//4381
f  2047//4534 2031//4489 2001//4381
f  2023//4481 2046//4535 2001//4482
f  2045//4536 1989//4537 1920//4538
f  1972//4539 2029//4540 1922//4541
f  2029//4486 1919//4123 1922//4126
f  2027//4476 1945//4151 1944//4150
f  1993//4542 2027//4543 1944//4544
f  1994//4545 2026//4546 1936//4547
f  2012//4548 2029//4540 1972//4539
f  2045//4536 2032//4549 1989//4537
f  2032//4550 2024//4551 2003//4551
f  2034//4552 2044//4525 2004//4524
f  2026//4473 2033//4553 1991//4474
f  2044//4527 2034//4554 1990//4528
f  2033//4555 2026//4546 1994//4545
f  2027//4556 2035//4557 1992//4558
f  2035//4559 2027//4543 1993//4542
f  2048//4560 1853//4028 1970//4229
f  2049//4561 1617//3549 1693//3715
f  1969//4223 2049//4561 1693//3715
f  1945//4151 2050//4562 1996//4366
f  1999//4379 2051//4563 2036//4494
f  2052//4564 1999//4379 1912//4110
f  2028//4484 2047//4534 2046//4530
f  2053//4565 1945//4151 2027//4476
f  2051//4563 1939//4145 2025//4501
f  2036//4494 2051//4563 2025//4501
f  2005//4566 2036//4567 2025//4568
f  1940//4146 2053//4565 2027//4476
f  2045//4523 1927//4131 2024//4480
f  2023//4569 2000//4532 2046//4531
f  2024//4570 2032//4571 2045//4571
f  2017//4572 2036//4567 2005//4566
f  2054//4573 1969//4223 1996//4366
f  1804//4574 1839//4575 1793//4576
f  1843//4577 1793//4576 1839//4575
f  1844//4578 1629//4579 1840//4580
f  1629//4579 1631//4581 1840//4580
f  2054//4573 2049//4561 1969//4223
f  2050//4562 2054//4573 1996//4366
f  1804//4574 1850//4582 1839//4575
f  1631//4581 1849//4583 1840//4580
f  2048//4560 2052//4564 1912//4110
f  1853//4028 2048//4560 1912//4110
f  1804//4574 1910//4584 1850//4582
f  1631//4581 1652//4585 1849//4583
f  1911//4586 1793//4576 1843//4577
f  1646//4587 1629//4579 1844//4578
f  2055//4588 2056//4589 2007//4402
f  2056//4589 1644//3611 2007//4402
f  1854//4590 1911//4586 1843//4577
f  1855//4591 1646//4587 1844//4578
f  1910//4584 1856//4592 1850//4582
f  1652//4585 1857//4593 1849//4583
f  2028//4594 1865//4595 2047//4596
f  2028//4594 1868//4597 1865//4595
f  1865//4598 2031//4599 2047//4600
f  1864//4601 2031//4599 1865//4598
f  1910//4584 1855//4591 1856//4592
f  1857//4593 1911//4586 1854//4590
f  1910//4584 1646//4587 1855//4591
f  1652//4585 1911//4586 1857//4593
f  2056//4602 1700//3727 1644//3612
f  2052//4564 2057//4603 1999//4379
f  2006//4604 1998//4605 1686//4606
f  1702//4607 2006//4604 1686//4606
f  1690//4608 1997//4609 1691//4610
f  2058//4611 1682//3691 1617//3549
f  2043//4612 1703//4613 1691//4614
f  1997//4615 2043//4612 1691//4614
f  1998//4616 1687//4617 1686//4618
f  2028//4619 2059//4620 1868//4620
f  1998//4616 2060//4621 1687//4617
f  1985//4281 2061//4622 2042//4518
f  2060//4623 1998//4378 2042//4519
f  2062//4624 1997//4625 1690//4626
f  2063//4627 1970//4229 2030//4487
f  2049//4561 2058//4611 1617//3549
f  2064//4628 2059//4629 2028//4630
f  1711//3751 2064//4631 2028//4484
f  2065//4632 2006//4633 1702//4634
f  1701//3733 2065//4635 1702//3732
f  2066//4636 2062//4637 1690//4638
f  1689//3707 2066//4639 1690//3708
f  1864//4640 2064//4641 2031//4642
f  2064//4631 1716//3758 2031//4489
f  1985//4643 1646//4587 1910//4584
f  2060//4644 2065//4645 1687//4646
f  2065//4635 1688//3703 1687//3702
f  2043//4647 2066//4648 1703//4649
f  2066//4639 1704//3738 1703//3737
f  2059//4650 2064//4641 1864//4640
f  1863//4053 2059//4651 1864//4054
f  1711//3751 1716//3758 2064//4631
f  2067//4652 2006//4633 2065//4632
f  1701//3733 2068//4653 2065//4635
f  2060//4644 2067//4654 2065//4645
f  2069//4655 1704//3738 2066//4639
f  1689//3707 2070//4656 2066//4639
f  2068//4653 2071//4657 2065//4635
f  2043//4658 2062//4659 2066//4660
f  2071//4657 1688//3703 2065//4635
f  2070//4656 2069//4655 2066//4639
f  1963//4661 1911//4586 1652//4585
f  1963//4661 1906//4662 1911//4586
f  2063//4627 2072//4663 1970//4229
f  2072//4663 2048//4560 1970//4229
f  2062//4664 1948//4156 1997//4377
f  2073//4665 1963//4196 1948//4197
f  2074//4666 1948//4156 2062//4664
f  2067//4667 2075//4668 2006//4400
f  2075//4668 2007//4401 2006//4400
f  2038//4520 2076//4669 2043//4521
f  2042//4519 2067//4667 2060//4623
f  2053//4565 2077//4670 1945//4151
f  2078//4671 2051//4563 1999//4379
f  2042//4519 2079//4672 2067//4667
f  2074//4673 2073//4665 1948//4197
f  2043//4521 2074//4666 2062//4664
f  2079//4672 2075//4668 2067//4667
f  2076//4669 2074//4666 2043//4521
f  2077//4670 2050//4562 1945//4151
f  2072//4663 2080//4674 2048//4560
f  2080//4674 2081//4675 2048//4560
f  2081//4675 2082//4676 2048//4560
f  2082//4676 2083//4677 2048//4560
f  2083//4677 2052//4564 2048//4560
f  2084//4678 2085//4679 2054//4573
f  2085//4679 2086//4680 2054//4573
f  2050//4562 2084//4678 2054//4573
f  2087//4681 2088//4682 2050//4562
f  2088//4682 2084//4678 2050//4562
f  2057//4603 2078//4671 1999//4379
f  1905//4683 1985//4643 1910//4584
f  2077//4670 2087//4681 2050//4562
f  2083//4677 2089//4684 2052//4564
f  2089//4684 2057//4603 2052//4564
f  2061//4622 2079//4685 2042//4518
f  2090//4686 2076//4687 2038//4500
f  1699//3898 2090//4686 2038//4500
f  1717//4688 1716//4689 1913//4690
f  1716//4689 1711//4691 1913//4690
f  1685//3700 2091//4692 1679//3686
f  2091//4693 2030//4487 1679//3687
f  2092//4694 1689//3707 1682//3690
f  1689//3707 1681//3689 1682//3690
f  2058//4611 2092//4695 1682//3691
f  1688//3703 2091//4692 1685//3700
f  2056//4602 1701//3733 1700//3727
f  1704//3738 1699//3726 1698//3725
f  2093//4696 2094//4697 1985//4643
f  2094//4697 2061//4698 1985//4643
f  1905//4683 2093//4696 1985//4643
f  2095//4699 2096//4700 1905//4683
f  2096//4700 2093//4696 1905//4683
f  2097//4701 2098//4702 1906//4662
f  2098//4702 2099//4703 1906//4662
f  1963//4661 2097//4701 1906//4662
f  2100//4704 2063//4627 2030//4487
f  1913//4114 2101//4705 1717//4115
f  2101//4705 2102//4706 1717//4115
f  2102//4706 1915//4116 1717//4115
f  2102//4706 2103//4707 1915//4116
f  2104//4708 2101//4705 1913//4114
f  2105//4709 2104//4708 1913//4114
f  1914//4113 2105//4709 1913//4114
f  2103//4707 2106//4710 1915//4116
f  2106//4710 1724//3769 1915//4116
f  2107//4711 2105//4709 1914//4113
f  1919//4123 2108//4712 1914//4113
f  2108//4712 2107//4711 1914//4113
f  2106//4710 2109//4713 1724//3769
f  2109//4713 2045//4523 1724//3769
f  1863//4053 1868//4058 2059//4651
f  1863//4053 2110//4714 1868//4058
f  2110//4714 2111//4715 1868//4058
f  2112//4716 2108//4712 1919//4123
f  2111//4715 2113//4717 1868//4058
f  2113//4717 1815//4060 1868//4058
f  2113//4717 2114//4718 1815//4060
f  2029//4486 2112//4716 1919//4123
f  2114//4718 2115//4719 1815//4060
f  2115//4719 1871//4063 1815//4060
f  2109//4713 2116//4720 2045//4523
f  2116//4720 2117//4721 2045//4523
f  2117//4721 1927//4131 2045//4523
f  2118//4722 2112//4716 2029//4486
f  2115//4719 2119//4723 1871//4063
f  2119//4723 1880//4075 1871//4063
f  1929//4133 2120//4724 2029//4486
f  2120//4724 2118//4722 2029//4486
f  2117//4721 2121//4725 1927//4131
f  2121//4725 1741//3801 1927//4131
f  2119//4723 2122//4726 1880//4075
f  2122//4726 1821//3956 1880//4075
f  2123//4727 2120//4724 1929//4133
f  1930//4134 2123//4727 1929//4133
f  2122//4726 2124//4728 1821//3956
f  2124//4728 1883//4080 1821//3956
f  2121//4725 2125//4729 1741//3801
f  2125//4729 2026//4472 1741//3801
f  1933//4137 2126//4730 1930//4134
f  2126//4730 2123//4727 1930//4134
f  2124//4728 2127//4731 1883//4080
f  2044//4522 2126//4730 1933//4137
f  2125//4729 2128//4732 2026//4472
f  2129//4733 2020//4508 1883//4080
f  2127//4731 2129//4733 1883//4080
f  2130//4734 2126//4730 2044//4522
f  2129//4733 1890//4088 2020//4508
f  2128//4732 2131//4735 2026//4472
f  2131//4735 1936//4142 2026//4472
f  2132//4736 2130//4734 2044//4522
f  1938//4144 2132//4736 2044//4522
f  2131//4735 2133//4737 1936//4142
f  2133//4737 1762//3842 1936//4142
f  1939//4145 1938//4144 1759//3837
f  2133//4737 2134//4738 1762//3842
f  2135//4739 1940//4146 1762//3842
f  2134//4738 2135//4739 1762//3842
f  2136//4740 1938//4144 1939//4145
f  2051//4563 2136//4740 1939//4145
f  2137//4741 2053//4565 1940//4146
f  2135//4739 2137//4741 1940//4146
f  2099//4703 1907//4742 1906//4662
f  2073//4743 2097//4701 1963//4661
f  2138//4744 2058//4611 2049//4561
f  2054//4573 2138//4744 2049//4561
f  2139//4745 2051//4563 2078//4671
f  1704//3738 2090//4746 1699//3726
f  1904//4747 2095//4699 1905//4683
f  2086//4680 2138//4744 2054//4573
f  2075//4748 2055//4588 2007//4402
f  2053//4565 2140//4749 2077//4670
f  2089//4684 2078//4671 2057//4603
f  2082//4750 2093//4751 2083//4752
f  2093//4751 2096//4753 2083//4752
f  2085//4754 2084//4755 2098//4756
f  2097//4757 2085//4754 2098//4756
f  2084//4758 2099//4759 2098//4760
f  2082//4761 2094//4762 2093//4763
f  2081//4764 2094//4762 2082//4761
f  2088//4765 2099//4759 2084//4758
f  2097//4766 2141//4767 2085//4768
f  2096//4769 2089//4770 2083//4771
f  2055//4772 1701//3733 2056//4602
f  2142//4773 2097//4701 2073//4743
f  2141//4774 2086//4680 2085//4679
f  2080//4775 2094//4762 2081//4764
f  2087//4776 2099//4759 2088//4765
f  2097//4766 2142//4777 2141//4767
f  2095//4778 2089//4770 2096//4769
f  2143//4779 2144//4780 2079//4672
f  2144//4780 2075//4668 2079//4672
f  2145//4781 2146//4782 2076//4669
f  2146//4782 2074//4666 2076//4669
f  2146//4782 2147//4783 2074//4666
f  2144//4780 2148//4784 2075//4668
f  2095//4778 2149//4785 2089//4770
f  2142//4777 2150//4786 2141//4767
f  2151//4787 2080//4674 2072//4663
f  2152//4788 2087//4681 2077//4670
f  2150//4789 2086//4680 2141//4774
f  2149//4790 2078//4671 2089//4684
f  2071//4791 2068//4792 2153//4793
f  2154//4794 2155//4795 2156//4796
f  2155//4797 2069//4798 2156//4799
f  2070//4800 2156//4801 2069//4802
f  2157//4803 2073//4665 2074//4673
f  2147//4783 2157//4804 2074//4666
f  2148//4784 2158//4805 2075//4668
f  2159//4806 2055//4588 2075//4748
f  2158//4807 2159//4806 2075//4748
f  2094//4697 2160//4808 2061//4698
f  2160//4809 2079//4685 2061//4622
f  2161//4810 2162//4811 2153//4812
f  2162//4813 2071//4791 2153//4793
f  2163//4814 2154//4794 2156//4796
f  2070//4800 2163//4815 2156//4801
f  1704//4816 2069//4798 2155//4797
f  2149//4790 2164//4817 2078//4671
f  2164//4817 2139//4745 2078//4671
f  2140//4749 2152//4788 2077//4670
f  2091//4693 2100//4704 2030//4487
f  2165//4818 2092//4695 2058//4611
f  1701//4819 2153//4820 2068//4821
f  2152//4822 2099//4823 2087//4824
f  2151//4825 2094//4826 2080//4827
f  2166//4828 2063//4627 2100//4704
f  2166//4828 2167//4829 2063//4627
f  2167//4829 2072//4663 2063//4627
f  2168//4830 2138//4744 2086//4680
f  2167//4829 2151//4787 2072//4663
f  2150//4789 2168//4830 2086//4680
f  2161//4810 2169//4831 2162//4811
f  2170//4832 2154//4794 2163//4814
f  2171//4833 2172//4834 2153//4812
f  2172//4834 2161//4810 2153//4812
f  1701//4819 2173//4835 2153//4820
f  2173//4835 2171//4836 2153//4820
f  2174//4837 2175//4838 2155//4795
f  2154//4794 2174//4837 2155//4795
f  2176//4839 1704//4816 2155//4797
f  2175//4840 2176//4839 2155//4797
f  2071//4657 2177//4841 1688//3703
f  2177//4841 2091//4692 1688//3703
f  2178//4842 2070//4656 1689//3707
f  2092//4694 2178//4842 1689//3707
f  2162//4843 2177//4844 2071//4845
f  2178//4846 2163//4847 2070//4848
f  2147//4849 2146//4850 2154//4851
f  2170//4852 2147//4849 2154//4851
f  2148//4853 2144//4854 2161//4855
f  2172//4856 2148//4853 2161//4855
f  2144//4857 2169//4858 2161//4859
f  2146//4860 2174//4861 2154//4862
f  2145//4863 2174//4861 2146//4860
f  2143//4864 2169//4858 2144//4857
f  2160//4809 2179//4865 2079//4685
f  2179//4866 2143//4779 2079//4672
f  2180//4867 2145//4781 2076//4669
f  2090//4686 2180//4868 2076//4687
f  2181//4869 1907//4742 2099//4703
f  2152//4822 2181//4870 2099//4823
f  2182//4871 2094//4826 2151//4825
f  2182//4872 2160//4808 2094//4697
f  2055//4873 2173//4874 1701//4874
f  2090//4875 1704//4876 2176//4877
f  2183//4878 2173//4879 2055//4772
f  2159//4880 2183//4878 2055//4772
f  2184//4881 2180//4868 2090//4686
f  2176//4882 2184//4883 2090//4884
f  2169//4831 2185//4885 2162//4811
f  2185//4886 2177//4844 2162//4843
f  2186//4887 2170//4832 2163//4814
f  2178//4846 2186//4888 2163//4847
f  2187//4889 2176//4839 2175//4840
f  2187//4890 2184//4883 2176//4882
f  2183//4891 2171//4892 2173//4893
f  2177//4841 2188//4894 2091//4692
f  2188//4894 2189//4895 2091//4692
f  2189//4896 2100//4704 2091//4693
f  2190//4897 2178//4842 2092//4694
f  2191//4898 2190//4897 2092//4694
f  2192//4899 2191//4898 2092//4694
f  2165//4818 2192//4900 2092//4695
f  2193//4901 1908//4106 1907//4105
f  2181//4869 2193//4902 1907//4742
f  2171//4833 2194//4903 2172//4834
f  2195//4904 2188//4894 2177//4841
f  2185//4905 2195//4906 2177//4905
f  2196//4907 2152//4788 2140//4749
f  2194//4908 2171//4892 2183//4891
f  1903//4101 2197//4909 1904//4102
f  2197//4910 2095//4699 1904//4747
f  2198//4911 2142//4773 2073//4743
f  2157//4803 2198//4912 2073//4665
f  2053//4565 2196//4907 2140//4749
f  2139//4745 2136//4740 2051//4563
f  2199//4913 2158//4805 2148//4784
f  2172//4914 2199//4915 2148//4916
f  2200//4917 2157//4804 2147//4783
f  2170//4918 2200//4919 2147//4920
f  2201//4921 2200//4919 2170//4918
f  2186//4887 2201//4922 2170//4832
f  2202//4923 2199//4915 2172//4914
f  2194//4903 2202//4924 2172//4834
f  2095//4778 2203//4925 2149//4785
f  2197//4910 2204//4926 2095//4699
f  2204//4927 2203//4925 2095//4778
f  2198//4911 2205//4928 2142//4773
f  2206//4929 2150//4786 2142//4777
f  2205//4930 2206//4929 2142//4777
f  2207//4931 2184//4932 2187//4933
f  2175//4934 2207//4935 2187//4936
f  2208//4937 2184//4938 2207//4939
f  2158//4807 2209//4940 2159//4806
f  2210//4941 2180//4868 2184//4881
f  2208//4942 2210//4941 2184//4881
f  2196//4907 2211//4943 2152//4788
f  2167//4829 2212//4944 2151//4787
f  2143//4945 2202//4946 2169//4947
f  2202//4924 2185//4885 2169//4831
f  2145//4948 2201//4949 2174//4950
f  2201//4922 2175//4838 2174//4837
f  2159//4880 2213//4951 2183//4878
f  2213//4952 2194//4908 2183//4891
f  2179//4866 2199//4913 2143//4779
f  2199//4953 2202//4946 2143//4945
f  2180//4867 2200//4917 2145//4781
f  2200//4954 2201//4949 2145//4948
f  2186//4887 2214//4955 2201//4922
f  2194//4903 2215//4956 2202//4924
f  2215//4956 2185//4885 2202//4924
f  2214//4955 2175//4838 2201//4922
f  2179//4866 2158//4805 2199//4913
f  2180//4867 2157//4804 2200//4917
f  2203//4957 2164//4817 2149//4790
f  2206//4958 2168//4830 2150//4789
f  2137//4741 2196//4907 2053//4565
f  2216//4959 2189//4895 2188//4894
f  2217//4960 2218//4961 2188//4894
f  2218//4961 2219//4962 2188//4894
f  2195//4904 2217//4960 2188//4894
f  2219//4963 2216//4964 2188//4964
f  2220//4965 2221//4966 2190//4897
f  2221//4966 2222//4967 2190//4897
f  2222//4967 2178//4842 2190//4897
f  2191//4968 2220//4969 2190//4970
f  2215//4971 2195//4971 2185//4971
f  2178//4972 2214//4973 2186//4974
f  2223//4975 2207//4935 2175//4934
f  2214//4976 2223//4975 2175//4934
f  2222//4967 2223//4977 2178//4842
f  2223//4978 2214//4973 2178//4972
f  2159//4880 2224//4979 2213//4951
f  2224//4979 2225//4980 2213//4951
f  2226//4981 2217//4960 2213//4951
f  2227//4982 2226//4981 2213//4951
f  2225//4983 2227//4983 2213//4984
f  2222//4967 2228//4985 2207//4939
f  2228//4985 2229//4986 2207//4939
f  2223//4977 2222//4967 2207//4939
f  2229//4987 2230//4988 2207//4989
f  2230//4990 2208//4937 2207//4939
f  2231//4991 2138//4744 2168//4830
f  2165//4818 2058//4611 2138//4744
f  2231//4991 2165//4818 2138//4744
f  2100//4704 2232//4992 2166//4828
f  2213//4951 2217//4960 2195//4904
f  2215//4993 2213//4994 2195//4995
f  2215//4993 2194//4996 2213//4994
f  2209//4940 2224//4997 2159//4806
f  2211//4998 2181//4870 2152//4822
f  2212//4999 2182//4871 2151//4825
f  2233//5000 2179//4865 2160//4809
f  2234//5001 2203//5002 2204//5003
f  2235//5004 2206//5005 2205//5006
f  2236//5007 2193//4902 2181//4869
f  2211//4998 2236//5008 2181//4870
f  2237//5009 2160//4808 2182//4872
f  2212//4999 2237//5010 2182//4871
f  2238//5011 2164//4817 2203//4957
f  2239//5012 2240//5013 2211//4943
f  2196//4907 2239//5012 2211//4943
f  2167//4829 2241//5014 2212//4944
f  2157//4803 2242//5015 2198//4912
f  2197//4910 2243//5016 2204//4926
f  2198//4911 2244//5017 2205//4928
f  2245//5018 2246//5019 2179//4866
f  2246//5019 2158//4805 2179//4866
f  2247//5020 2248//5021 2180//4867
f  2210//5022 2247//5020 2180//4867
f  2248//5021 2157//4804 2180//4867
f  2249//5023 2193//4902 2236//5007
f  2250//5024 2160//4808 2237//5009
f  2251//5025 2168//4830 2206//4958
f  2240//5026 2236//5008 2211//4998
f  2241//5027 2237//5010 2212//4999
f  2164//4817 2238//5011 2139//4745
f  2234//5028 2238//5011 2203//4957
f  2235//5029 2251//5025 2206//4958
f  2250//5030 2233//5000 2160//4809
f  2243//5016 2252//5031 2204//4926
f  2252//5032 2253//5033 2204//5003
f  2253//5033 2234//5001 2204//5003
f  2244//5017 2254//5034 2205//4928
f  2254//5035 2255//5036 2205//5006
f  2255//5036 2235//5004 2205//5006
f  2248//5021 2242//5037 2157//4804
f  2246//5019 2209//5038 2158//4805
f  2238//5011 2256//5039 2139//4745
f  2167//4829 2257//5040 2241//5014
f  2249//5041 1908//4106 2193//4901
f  2258//5042 2236//5008 2240//5026
f  2239//5012 2258//5043 2240//5013
f  2253//5044 2238//5011 2234//5028
f  2255//5045 2251//5025 2235//5029
f  1903//4101 2243//5046 2197//4909
f  2252//5047 2241//5048 2253//5049
f  2243//5016 2237//5009 2252//5031
f  2237//5050 2241//5048 2252//5047
f  2254//5034 2249//5023 2236//5007
f  2258//5042 2254//5051 2236//5008
f  2255//5052 2254//5051 2258//5042
f  2243//5016 2250//5024 2237//5009
f  2244//5017 2249//5023 2254//5034
f  2242//5015 2244//5053 2198//4912
f  2241//5014 2257//5040 2253//5044
f  2257//5040 2238//5011 2253//5044
f  2251//5025 2255//5045 2258//5043
f  2239//5012 2251//5025 2258//5043
f  2256//5039 2136//4740 2139//4745
f  2166//4828 2257//5040 2167//4829
f  2233//5054 2245//5018 2179//4866
f  2251//5025 2231//4991 2168//4830
f  2232//4992 2257//5040 2166//4828
f  2259//5055 2239//5012 2196//4907
f  2260//5056 2249//5023 2244//5017
f  2242//5015 2261//5057 2244//5053
f  2137//4741 2259//5055 2196//4907
f  2262//5058 2260//5056 2244//5017
f  2261//5057 2262//5059 2244//5053
f  2263//5060 2264//5061 2101//5062
f  2264//5061 2102//5063 2101//5062
f  2265//5064 2266//5065 2263//5066
f  2266//5065 2264//5067 2263//5066
f  2266//5065 2267//5068 2264//5067
f  2248//5021 2268//5069 2242//5037
f  2269//5070 2210//4941 2208//4942
f  2230//4990 2269//5071 2208//4937
f  2243//5016 2270//5072 2250//5024
f  2270//5072 2271//5073 2250//5024
f  2271//5074 2272//5075 2250//5030
f  2272//5075 2233//5000 2250//5030
f  2273//5076 2263//5077 2101//5078
f  2104//5079 2273//5076 2101//5078
f  2264//5080 2103//5081 2102//5082
f  2273//5083 2265//5064 2263//5066
f  2267//5068 2274//5084 2264//5067
f  2274//5085 2103//5081 2264//5080
f  2275//5086 2276//5087 2256//5039
f  2276//5087 2136//4740 2256//5039
f  2277//5088 1908//4106 2249//5041
f  1903//4101 2278//5089 2243//5046
f  2260//5090 2277//5088 2249//5041
f  2278//5089 2270//5091 2243//5046
f  2245//5092 2217//5093 2246//5093
f  2259//5055 2279//5094 2239//5012
f  2279//5094 2251//5025 2239//5012
f  2257//5040 2280//5095 2238//5011
f  2222//5096 2268//5097 2248//5098
f  2247//5099 2222//5100 2248//5101
f  2281//5102 2280//5095 2257//5040
f  2279//5094 2282//5103 2251//5025
f  2261//5057 2283//5104 2262//5059
f  2218//5105 2217//5106 2245//5105
f  2222//5096 2221//5107 2268//5097
f  2217//5108 2226//5108 2246//5109
f  2284//5110 2231//4991 2251//5025
f  2282//5103 2284//5110 2251//5025
f  2232//4992 2281//5102 2257//5040
f  2228//5111 2222//5100 2247//5099
f  2280//5095 2285//5112 2238//5011
f  2233//5054 2286//5113 2245//5018
f  2286//5114 2218//5115 2245//5116
f  2284//5110 2165//4818 2231//4991
f  2287//5117 2281//5102 2232//4992
f  2288//5118 2242//5037 2268//5069
f  2221//5119 2288//5120 2268//5121
f  2289//5122 2209//5038 2246//5019
f  2286//5113 2289//5122 2246//5019
f  2226//5123 2290//5124 2246//5125
f  2290//5124 2286//5126 2246//5125
f  2285//5112 2256//5039 2238//5011
f  2210//5022 2288//5118 2247//5020
f  2288//5127 2291//5128 2247//5129
f  2291//5128 2228//5130 2247//5129
f  2290//5131 2218//5132 2286//5133
f  2110//5134 1863//5135 2266//5136
f  2265//5137 2110//5134 2266//5136
f  2221//5119 2291//5138 2288//5120
f  1863//5139 2267//5140 2266//5141
f  1862//5142 2267//5140 1863//5139
f  2261//5143 2242//5037 2288//5118
f  2210//5022 2292//5144 2288//5118
f  2293//5145 2294//5146 2271//5073
f  2295//5147 2293//5145 2271//5073
f  2294//5146 2296//5148 2271//5073
f  2296//5148 2297//5149 2271//5073
f  2270//5072 2295//5147 2271//5073
f  2297//5150 2298//5151 2271//5074
f  2298//5151 2272//5075 2271//5074
f  2299//5152 2300//5153 2262//5058
f  2300//5153 2301//5154 2262//5058
f  2301//5154 2302//5155 2262//5058
f  2302//5155 2260//5056 2262//5058
f  2233//5054 2289//5122 2286//5113
f  2135//4739 2303//5156 2137//4741
f  2292//5144 2261//5143 2288//5118
f  2303//5156 2304//5157 2137//4741
f  2305//5158 2259//5055 2137//4741
f  2100//5159 2287//5160 2232//5160
f  2306//5161 2299//5152 2262//5058
f  2283//5104 2306//5162 2262//5059
f  2307//5163 2277//5088 2260//5090
f  2289//5164 2224//4997 2209//4940
f  2227//4982 2290//5165 2226//4981
f  2220//4965 2291//5166 2221//4966
f  2290//5165 2219//4962 2218//4961
f  2291//5166 2229//4986 2228//4985
f  2278//5167 2308//5168 2270//5169
f  2304//5157 2305//5158 2137//4741
f  2308//5170 2309//5171 2270//5172
f  2309//5171 2295//5173 2270//5172
f  2302//5174 2310//5175 2260//5176
f  2310//5175 2311//5177 2260//5176
f  2311//5177 2307//5178 2260//5176
f  2309//5171 2312//5179 2295//5173
f  2313//5180 2298//5151 2297//5150
f  2227//4982 2314//5181 2290//5165
f  2315//5182 2287//5117 2100//4704
f  2189//4896 2315//5182 2100//4704
f  2285//5112 2275//5086 2256//5039
f  2316//5183 2310//5175 2302//5174
f  2317//5184 2229//4986 2291//5166
f  2220//4965 2318//5185 2291//5166
f  2319//5186 2219//4962 2290//5165
f  2318//5185 2317//5184 2291//5166
f  2314//5181 2319//5186 2290//5165
f  2320//5187 2111//4715 2110//4714
f  2265//5188 2320//5189 2110//5190
f  2321//5191 2320//5189 2265//5188
f  2273//5083 2321//5192 2265//5064
f  2312//5179 2322//5193 2295//5173
f  2323//5194 2316//5183 2302//5174
f  1861//4051 2320//5187 1862//4052
f  2320//5195 2267//5196 1862//5197
f  2320//5195 2321//5198 2267//5196
f  2321//5192 2274//5084 2267//5068
f  2301//5154 2324//5199 2302//5155
f  2324//5200 2323//5194 2302//5174
f  2325//5201 2293//5145 2295//5147
f  2322//5193 2325//5202 2295//5173
f  2326//5203 2294//5204 2293//5205
f  2327//5206 2328//5207 2301//5208
f  2300//5209 2327//5206 2301//5208
f  2326//5203 2329//5210 2294//5204
f  2330//5211 2324//5199 2301//5154
f  2328//5212 2330//5213 2301//5212
f  2329//5214 2296//5215 2294//5216
f  2331//5217 2111//4715 2320//5187
f  1861//4051 2331//5217 2320//5187
f  2273//5083 2274//5084 2321//5192
f  2332//5218 2326//5219 2293//5220
f  2299//5221 2333//5222 2300//5223
f  2333//5222 2327//5224 2300//5223
f  2322//5193 2334//5225 2325//5202
f  2328//5207 2335//5226 2330//5227
f  2329//5214 2336//5228 2296//5215
f  2269//5070 2292//5229 2210//4941
f  2337//5230 2293//5145 2325//5201
f  2337//5231 2332//5218 2293//5220
f  2296//5148 2338//5232 2297//5149
f  2338//5232 2306//5161 2297//5149
f  2306//5162 2313//5180 2297//5150
f  2339//5233 2323//5194 2324//5200
f  2338//5232 2299//5152 2306//5161
f  2283//5104 2340//5234 2306//5162
f  2335//5235 2341//5236 2330//5237
f  2336//5228 2342//5238 2296//5215
f  2342//5238 2338//5239 2296//5215
f  2324//5199 2337//5230 2325//5201
f  2334//5240 2324//5200 2325//5241
f  2343//5242 2332//5218 2337//5231
f  2344//5243 2333//5222 2299//5221
f  2338//5239 2344//5243 2299//5221
f  2305//5158 2279//5094 2259//5055
f  2340//5234 2313//5180 2306//5162
f  2337//5230 2324//5199 2330//5211
f  2343//5242 2337//5231 2330//5244
f  2341//5245 2343//5242 2330//5244
f  2342//5238 2344//5243 2338//5239
f  2334//5240 2339//5233 2324//5200
f  2345//5246 2165//4818 2284//5110
f  2346//5247 2192//4900 2165//4818
f  2347//5248 2280//5095 2281//5102
f  2279//5094 2348//5249 2282//5103
f  2349//5250 2224//4997 2289//5164
f  2349//5251 2225//4980 2224//4979
f  2216//4959 2350//5252 2189//4895
f  2350//5253 2315//5182 2189//4896
f  2220//4965 2191//4898 2192//4899
f  2346//5254 2220//4965 2192//4899
f  2219//4962 2350//5252 2216//4959
f  2349//5251 2227//4982 2225//4980
f  2229//4986 2269//5071 2230//4990
f  2347//5248 2285//5112 2280//5095
f  2351//5255 2348//5249 2279//5094
f  2352//5256 2351//5255 2279//5094
f  2305//5158 2352//5256 2279//5094
f  2353//5257 2347//5248 2281//5102
f  2348//5249 2354//5258 2282//5103
f  2345//5246 2346//5247 2165//4818
f  2354//5258 2284//5110 2282//5103
f  2287//5117 2353//5257 2281//5102
f  2355//5259 2356//5260 2261//5143
f  2292//5144 2355//5259 2261//5143
f  2233//5054 2357//5261 2289//5122
f  2357//5261 2358//5262 2289//5122
f  2359//5263 2357//5261 2233//5054
f  2272//5264 2359//5263 2233//5054
f  2360//5265 2355//5259 2292//5144
f  2361//5266 2360//5265 2292//5144
f  2269//5070 2361//5267 2292//5229
f  2347//5248 2362//5268 2285//5112
f  2362//5268 2363//5269 2285//5112
f  2364//5270 2352//5256 2305//5158
f  2365//5271 2353//5257 2287//5117
f  2356//5260 2283//5272 2261//5143
f  2358//5262 2366//5273 2289//5122
f  2366//5274 2349//5250 2289//5164
f  2304//5157 2364//5270 2305//5158
f  2363//5269 2275//5086 2285//5112
f  2351//5255 2367//5275 2348//5249
f  2367//5275 2368//5276 2348//5249
f  2368//5276 2354//5258 2348//5249
f  2369//5277 2370//5278 2347//5248
f  2353//5257 2369//5277 2347//5248
f  2342//5279 2336//5280 2353//5257
f  2336//5280 2329//5281 2353//5257
f  2329//5281 2326//5282 2353//5257
f  2326//5282 2369//5277 2353//5257
f  2335//5283 2327//5284 2354//5258
f  2368//5276 2335//5283 2354//5258
f  2327//5284 2333//5285 2354//5258
f  2370//5278 2371//5286 2347//5248
f  2371//5286 2362//5268 2347//5248
f  2372//5287 2342//5279 2353//5257
f  2333//5285 2373//5288 2354//5258
f  2370//5289 2322//5290 2312//5291
f  2323//5292 2374//5293 2316//5294
f  2375//5295 2356//5296 2355//5297
f  2376//5298 2358//5299 2357//5300
f  2360//5301 2377//5302 2355//5303
f  2377//5302 2375//5304 2355//5303
f  2359//5305 2378//5306 2357//5307
f  2378//5306 2376//5308 2357//5307
f  2376//5298 2379//5309 2358//5299
f  2375//5295 2380//5310 2356//5296
f  2371//5311 2370//5312 2312//5313
f  2309//5314 2371//5311 2312//5313
f  2315//5182 2365//5271 2287//5117
f  2375//5315 2381//5316 2382//5317
f  2381//5318 2317//5319 2382//5320
f  2383//5321 2284//5110 2354//5258
f  2373//5288 2383//5321 2354//5258
f  2365//5271 2372//5287 2353//5257
f  2352//5256 2367//5275 2351//5255
f  2369//5322 2322//5290 2370//5289
f  2376//5323 2384//5324 2385//5325
f  2384//5326 2314//5327 2385//5328
f  2317//5319 2318//5329 2382//5320
f  2229//5330 2317//5319 2381//5318
f  2316//5331 2368//5332 2310//5333
f  2369//5334 2334//5335 2322//5334
f  2374//5293 2368//5336 2316//5294
f  2368//5337 2311//5338 2310//5339
f  2386//5340 2362//5268 2371//5286
f  2367//5275 2311//5341 2368//5276
f  2364//5270 2387//5342 2352//5256
f  2335//5226 2328//5207 2327//5206
f  2376//5323 2378//5343 2384//5324
f  2319//5344 2314//5327 2384//5326
f  2388//5345 2380//5346 2382//5317
f  2380//5346 2375//5315 2382//5317
f  2318//5347 2388//5348 2382//5349
f  2379//5350 2376//5323 2385//5325
f  2389//5351 2379//5350 2385//5325
f  2314//5352 2227//5352 2385//5353
f  2227//5354 2389//5355 2385//5356
f  2377//5357 2390//5358 2381//5316
f  2375//5315 2377//5357 2381//5316
f  2390//5359 2229//5360 2381//5361
f  2387//5342 2367//5275 2352//5256
f  2386//5340 2363//5269 2362//5268
f  2374//5362 2335//5283 2368//5276
f  2369//5363 2339//5233 2334//5240
f  2339//5364 2374//5365 2323//5366
f  2391//5367 2345//5246 2284//5110
f  2383//5321 2391//5367 2284//5110
f  2350//5253 2392//5368 2315//5182
f  2326//5282 2339//5369 2369//5277
f  2309//5314 2386//5370 2371//5311
f  2393//5371 2311//5372 2367//5372
f  2341//5373 2335//5283 2374//5362
f  2387//5342 2393//5374 2367//5275
f  2307//5163 2394//5375 2277//5088
f  2395//5376 2278//5377 1903//5378
f  2394//5375 1908//4106 2277//5088
f  2396//5379 2366//5273 2358//5262
f  2379//5380 2396//5381 2358//5382
f  2397//5383 2283//5272 2356//5260
f  2380//5384 2397//5385 2356//5386
f  2105//5387 2273//5388 2104//5389
f  2332//5390 2339//5369 2326//5282
f  2272//5264 2396//5379 2359//5263
f  2396//5391 2398//5392 2359//5393
f  2398//5392 2378//5394 2359//5393
f  2361//5266 2397//5383 2360//5265
f  2397//5395 2399//5396 2360//5397
f  2399//5396 2377//5398 2360//5397
f  2400//5399 2383//5321 2373//5288
f  2365//5271 2400//5399 2372//5287
f  2378//5343 2401//5400 2384//5324
f  2401//5401 2319//5402 2384//5403
f  2318//5347 2402//5404 2388//5348
f  2227//5354 2403//5405 2389//5355
f  2404//5406 2229//5360 2390//5359
f  2380//5384 2399//5407 2397//5385
f  2379//5380 2398//5408 2396//5381
f  2393//5409 2394//5410 2307//5411
f  2311//5412 2393//5409 2307//5411
f  2274//5413 2106//5414 2103//5415
f  2108//5416 2105//5417 2107//5418
f  2117//5419 2116//5420 2109//5421
f  2120//5422 2112//5423 2118//5424
f  2128//5425 2125//5425 2121//5426
f  2132//5427 2126//5427 2130//5428
f  2131//5429 2134//5430 2133//5431
f  2136//5432 2132//5433 1938//5432
f  2135//5434 2304//5435 2303//5434
f  2387//5342 2364//5270 2304//5157
f  2331//5217 2113//4717 2111//4715
f  2113//5436 2115//5437 2114//5438
f  2122//5439 2127//5440 2124//5441
f  2039//4502 2395//5442 1903//4101
f  1869//5443 2331//5444 1861//5445
f  1881//5446 1877//5446 1878//5447
f  2394//5375 2041//4517 1908//4106
f  2395//5448 2308//5168 2278//5167
f  2395//5449 2386//5370 2308//5450
f  2386//5370 2309//5314 2308//5450
f  2339//5369 2343//5451 2374//5362
f  2343//5451 2341//5373 2374//5362
f  2400//5399 2344//5452 2372//5287
f  2344//5452 2342//5279 2372//5287
f  2344//5452 2400//5399 2373//5288
f  2333//5285 2344//5452 2373//5288
f  2272//5264 2366//5273 2396//5379
f  2361//5266 2283//5272 2397//5383
f  2343//5451 2339//5369 2332//5390
f  2405//5453 2349//5250 2366//5274
f  2106//5454 2117//5419 2109//5421
f  2112//5455 2105//5417 2108//5416
f  2126//5456 2120//5457 2123//5458
f  2115//5459 2122//5460 2119//5461
f  1890//5462 1895//5463 1894//5464
f  1870//5465 1877//5466 1869//5467
f  1896//5468 1891//5469 1893//5468
f  2386//5370 2275//5470 2363//5471
f  2331//5472 2274//5473 2273//5474
f  2105//5417 2331//5472 2273//5474
f  2113//5475 2331//5472 2105//5417
f  2331//5472 1869//5476 2274//5473
f  1869//5476 2106//5454 2274//5473
f  2112//5455 2115//5477 2105//5417
f  2115//5477 2113//5475 2105//5417
f  1877//5478 2117//5419 2106//5454
f  1869//5476 1877//5478 2106//5454
f  2120//5457 2115//5477 2112//5455
f  1877//5478 2121//5479 2117//5419
f  2122//5480 2115//5477 2120//5457
f  1881//5481 2121//5479 1877//5478
f  2128//5482 2121//5479 1881//5481
f  2127//5483 2122//5480 2120//5457
f  2126//5456 2127//5483 2120//5457
f  1882//5484 2131//5485 1881//5481
f  2131//5485 2128//5482 1881//5481
f  2129//5486 2127//5483 2126//5456
f  2132//5487 2129//5486 2126//5456
f  2040//5488 2131//5485 1882//5484
f  1890//5489 2129//5486 2132//5487
f  1891//5490 2131//5485 2040//5488
f  2134//5491 2131//5485 1891//5490
f  2136//5492 1890//5489 2132//5487
f  2136//5492 1895//5493 1890//5489
f  1896//5494 2134//5491 1891//5490
f  2276//5495 1895//5493 2136//5492
f  2276//5495 2039//5496 1895//5493
f  2041//5497 2135//5498 1896//5494
f  2135//5498 2134//5491 1896//5494
f  2304//5499 2135//5498 2041//5497
f  2276//5495 2275//5470 2039//5496
f  2394//5410 2387//5500 2041//5497
f  2387//5500 2304//5499 2041//5497
f  2275//5470 2395//5449 2039//5496
f  2275//5470 2386//5370 2395//5449
f  2393//5409 2387//5500 2394//5410
f  2365//5271 2383//5321 2400//5399
f  2388//5345 2406//5501 2380//5346
f  2389//5351 2407//5502 2379//5350
f  2408//5503 2319//5402 2401//5401
f  2402//5504 2406//5505 2388//5506
f  2403//5507 2407//5508 2389//5509
f  2377//5357 2409//5510 2390//5358
f  2409//5511 2404//5512 2390//5513
f  2406//5501 2399//5514 2380//5346
f  2407//5502 2398//5515 2379//5350
f  2398//5515 2401//5400 2378//5343
f  2399//5514 2409//5510 2377//5357
f  2319//5186 2350//5252 2219//4962
f  2346//5254 2318//5185 2220//4965
f  2269//5070 2410//5516 2361//5267
f  2403//5517 2227//4982 2349//5251
f  2319//5186 2392//5518 2350//5252
f  2402//5519 2318//5185 2346//5254
f  2407//5502 2401//5400 2398//5515
f  2406//5501 2409//5510 2399//5514
f  2365//5271 2391//5367 2383//5321
f  2298//5520 2366//5273 2272//5264
f  2411//5521 2283//5272 2361//5266
f  2410//5516 2411//5522 2361//5267
f  2407//5523 2408//5524 2401//5525
f  2402//5504 2412//5526 2406//5505
f  2412//5527 2404//5528 2409//5529
f  2404//5530 2269//5071 2229//4986
f  2413//5531 2346//5247 2345//5246
f  2404//5530 2410//5532 2269//5071
f  2414//5533 2408//5524 2407//5523
f  2403//5507 2414//5534 2407//5508
f  2406//5535 2412//5536 2409//5537
f  2391//5367 2413//5531 2345//5246
f  2392//5368 2415//5538 2315//5182
f  2315//5182 2391//5367 2365//5271
f  2408//5539 2392//5518 2319//5186
f  2346//5254 2412//5540 2402//5519
f  2405//5541 2403//5517 2349//5251
f  2405//5541 2414//5542 2403//5517
f  2412//5540 2410//5532 2404//5530
f  2414//5542 2392//5518 2408//5539
f  2416//5543 2413//5531 2391//5367
f  2415//5538 2391//5367 2315//5182
f  2405//5541 2392//5518 2414//5542
f  2346//5254 2410//5532 2412//5540
f  2415//5538 2416//5543 2391//5367
f  2410//5516 2417//5544 2411//5522
f  2313//5545 2366//5273 2298//5520
f  2418//5546 2283//5272 2411//5521
f  2417//5544 2418//5547 2411//5522
f  2418//5546 2340//5548 2283//5272
f  2313//5545 2419//5549 2366//5273
f  2419//5550 2420//5551 2366//5274
f  2420//5551 2405//5453 2366//5274
f  2405//5541 2415//5552 2392//5518
f  2413//5553 2410//5532 2346//5254
f  2417//5544 2421//5554 2418//5547
f  2422//5555 2423//5556 2340//5548
f  2418//5546 2422//5555 2340//5548
f  2424//5557 2425//5558 2419//5549
f  2313//5545 2424//5557 2419//5549
f  2423//5556 2424//5557 2313//5545
f  2340//5548 2423//5556 2313//5545
f  2425//5558 2422//5555 2418//5546
f  2419//5549 2425//5558 2418//5546
f  2421//5554 2420//5551 2418//5547
f  2420//5551 2419//5550 2418//5547
f  2413//5553 2417//5559 2410//5532
f  2426//5560 2423//5561 2422//5562
f  2427//5563 2425//5564 2424//5565
f  2428//5566 2427//5567 2424//5568
f  2429//5569 2426//5570 2422//5570
f  2426//5560 2428//5571 2423//5561
f  2427//5563 2429//5572 2425//5564
f  2423//5573 2428//5574 2424//5574
f  2425//5575 2429//5576 2422//5577
f  2430//5578 2428//5579 2431//5580
f  2432//5581 2430//5582 2431//5583
f  2428//5579 2433//5584 2431//5580
f  2433//5585 2432//5586 2431//5587
f  2427//5588 2428//5579 2430//5578
f  2432//5581 2434//5589 2430//5582
f  2428//5579 2426//5590 2433//5584
f  2435//5591 2432//5586 2433//5585
f  2436//5592 2427//5588 2430//5578
f  2434//5593 2436//5594 2430//5595
f  2434//5593 2437//5596 2436//5594
f  2426//5590 2438//5597 2433//5584
f  2438//5598 2435//5599 2433//5600
f  2436//5592 2429//5601 2427//5588
f  2429//5601 2438//5597 2426//5590
f  2439//5602 2435//5599 2438//5598
f  2436//5592 2440//5603 2429//5601
f  2440//5603 2438//5597 2429//5601
f  2437//5604 2440//5605 2436//5606
f  2440//5607 2439//5608 2438//5607
f  2437//5604 2439//5609 2440//5605
f  2420//5610 2415//5552 2405//5541
f  2416//5611 2417//5559 2413//5553
f  2416//5611 2421//5612 2417//5559
f  2416//5611 2435//5613 2421//5612
f  2435//5613 2439//5614 2421//5612
f  2439//5614 2420//5610 2421//5612
f  2437//5615 2434//5616 2420//5610
f  2434//5616 2415//5552 2420//5610
f  2432//5617 2416//5611 2415//5552
f  2434//5616 2432//5617 2415//5552
f  2432//5617 2435//5613 2416//5611
f  2420//5610 2439//5614 2437//5615
f  2441//5618 2442//5619 2443//5620
f  2444//5621 2441//5618 2443//5620
f  2445//5622 2444//5621 2443//5620
f  2446//5623 2444//5621 2445//5622
f  2447//5624 2446//5623 2445//5622
f  2448//5625 2441//5618 2445//5622
f  2441//5618 2447//5624 2445//5622
f  2449//5626 2450//5627 2443//5628
f  2450//5627 2451//5629 2443//5628
f  2442//5619 2449//5630 2443//5620
f  2443//5628 2452//5631 2445//5632
f  2452//5631 2453//5633 2445//5632
f  2453//5633 2448//5634 2445//5632
f  2454//5635 2441//5618 2448//5625
f  2455//5636 2456//5637 2449//5626
f  2456//5637 2450//5627 2449//5626
f  2442//5619 2457//5638 2449//5630
f  2458//5639 2459//5640 2453//5640
f  2450//5641 2460//5642 2451//5643
f  2461//5644 2462//5645 2449//5630
f  2457//5638 2461//5644 2449//5630
f  2463//5646 2460//5642 2450//5641
f  2452//5647 2458//5647 2453//5648
f  2453//5633 2464//5649 2448//5634
f  2464//5649 2465//5650 2448//5634
f  2459//5651 2464//5652 2453//5653
f  2466//5654 2467//5655 2443//5628
f  2451//5629 2466//5654 2443//5628
f  2460//5656 2466//5657 2451//5658
f  2459//5651 2468//5659 2464//5652
f  2460//5656 2469//5660 2466//5657
f  2443//5628 2470//5661 2452//5631
f  2471//5662 2458//5663 2452//5664
f  2470//5665 2471//5662 2452//5664
f  2456//5666 2463//5667 2450//5668
f  2470//5661 2465//5650 2464//5649
f  2468//5669 2470//5670 2464//5671
f  2469//5672 2463//5673 2456//5672
f  2443//5628 2465//5650 2470//5661
f  2455//5636 2466//5654 2456//5637
f  2466//5674 2469//5675 2456//5676
f  2468//5677 2471//5678 2470//5679
f  2462//5645 2472//5680 2449//5630
f  2472//5680 2455//5681 2449//5630
f  2473//5682 2465//5650 2443//5628
f  2467//5655 2473//5682 2443//5628
f  2465//5650 2474//5683 2448//5634
f  2474//5684 2475//5685 2448//5625
f  2475//5685 2476//5686 2448//5625
f  2477//5687 2454//5635 2448//5625
f  2476//5686 2477//5687 2448//5625
f  2478//5688 2479//5689 2465//5650
f  2473//5682 2478//5688 2465//5650
f  2472//5680 2480//5690 2455//5681
f  2481//5691 2475//5685 2474//5684
f  2477//5687 2481//5691 2474//5684
f  2482//5692 2483//5693 2455//5636
f  2483//5693 2484//5694 2455//5636
f  2485//5695 2482//5696 2455//5681
f  2480//5690 2485//5695 2455//5681
f  2486//5697 2477//5687 2474//5684
f  2465//5650 2487//5698 2474//5683
f  2487//5699 2486//5697 2474//5684
f  2488//5700 2489//5701 2484//5702
f  2483//5703 2488//5700 2484//5702
f  2490//5704 2491//5705 2465//5706
f  2479//5707 2490//5704 2465//5706
f  2484//5694 2492//5708 2455//5636
f  2492//5708 2466//5654 2455//5636
f  2493//5709 2494//5710 2482//5692
f  2494//5710 2483//5693 2482//5692
f  2485//5695 2493//5711 2482//5696
f  2489//5712 2492//5713 2484//5714
f  2495//5715 2487//5698 2465//5650
f  2491//5716 2495//5717 2465//5718
f  2494//5719 2488//5720 2483//5721
f  2491//5716 2496//5722 2495//5717
f  2497//5723 2488//5720 2494//5719
f  2489//5724 2498//5725 2492//5726
f  2499//5727 2487//5698 2495//5715
f  2498//5728 2494//5729 2492//5730
f  2499//5727 2495//5715 2479//5689
f  2478//5688 2499//5727 2479//5689
f  2496//5731 2490//5732 2479//5733
f  2495//5734 2496//5731 2479//5733
f  2493//5709 2492//5708 2494//5710
f  2498//5728 2497//5735 2494//5729
f  2485//5695 2500//5736 2493//5711
f  2501//5737 2492//5708 2493//5709
f  2502//5738 2503//5739 2493//5711
f  2503//5739 2501//5740 2493//5711
f  2500//5736 2502//5738 2493//5711
f  2501//5737 2504//5741 2492//5708
f  2505//5742 2466//5654 2492//5708
f  2504//5741 2505//5742 2492//5708
f  2467//5743 2506//5744 2473//5745
f  2507//5746 2478//5747 2473//5745
f  2506//5744 2507//5746 2473//5745
f  2508//5748 2506//5744 2467//5743
f  2509//5749 2486//5697 2487//5699
f  2507//5746 2510//5750 2478//5747
f  2511//5751 2508//5752 2467//5753
f  2466//5654 2511//2311 2467//5655
f  2503//5739 2512//5754 2501//5740
f  2512//5754 2500//5736 2501//5740
f  2505//5742 2511//2311 2466//5654
f  2510//5750 2513//5755 2478//5747
f  2513//5756 2499//5727 2478//5688
f  2500//5736 2514//5757 2501//5740
f  2514//5757 2504//5758 2501//5740
f  2515//5759 2508//5752 2511//5751
f  2516//5760 2499//5727 2513//5756
f  2517//5761 2518//5762 2504//5741
f  2518//5762 2505//5742 2504//5741
f  2499//5727 2519//5763 2487//5698
f  2519//5764 2520//5765 2487//5699
f  2520//5765 2521//5766 2487//5699
f  2521//5766 2509//5749 2487//5699
f  2510//5767 2522//5768 2513//5769
f  2522//5770 2516//5760 2513//5756
f  2523//5771 2515//5772 2511//5773
f  2505//5742 2523//2311 2511//2311
f  2510//5767 2524//5774 2522//5768
f  2525//5775 2515//5772 2523//5771
f  2526//5776 2516//5760 2522//5770
f  2505//5742 2526//5776 2522//5770
f  2524//5777 2523//5778 2522//5779
f  2523//2311 2505//5742 2522//5770
f  2524//5777 2525//5780 2523//5778
f  2518//5762 2527//5781 2505//5742
f  2527//5781 2528//5782 2505//5742
f  2529//5783 2520//5765 2519//5764
f  2530//5784 2529//5783 2519//5764
f  2499//5727 2531//5785 2519//5763
f  2531//5785 2532//5786 2519//5763
f  2532//5787 2533//5788 2519//5764
f  2533//5788 2530//5784 2519//5764
f  2534//5789 2517//5761 2504//5741
f  2528//5782 2534//5789 2504//5741
f  2535//5790 2528//5791 2504//5758
f  2514//5757 2535//5790 2504//5758
f  2536//5792 2537//5793 2499//5794
f  2538//5795 2539//5796 2518//5797
f  2537//5793 2531//5798 2499//5794
f  2517//5799 2538//5800 2518//5801
f  2539//5802 2527//5803 2518//5804
f  2540//5805 2536//5806 2499//5807
f  2516//5808 2540//5805 2499//5807
f  2541//5809 2538//5800 2517//5799
f  2534//5810 2541//5811 2517//5812
f  2516//5760 2532//5786 2531//5785
f  2542//5813 2516//5814 2531//5815
f  2537//5816 2542//5813 2531//5815
f  2539//5817 2543//5818 2527//5819
f  2542//5820 2540//5821 2516//5820
f  2534//5789 2528//5782 2527//5781
f  2543//5822 2534//5822 2527//5823
f  2543//5824 2541//5825 2534//5826
f  2544//5827 2526//5776 2505//5742
f  2545//5828 2544//5827 2505//5742
f  2526//5776 2532//5786 2516//5760
f  2546//5829 2547//5830 2528//5791
f  2535//5790 2546//5829 2528//5791
f  2548//5831 2505//5742 2528//5782
f  2526//5832 2549//5833 2532//5787
f  2549//5833 2533//5788 2532//5787
f  2544//5827 2550//5834 2526//5776
f  2551//5835 2549//5833 2526//5832
f  2552//5836 2553//5837 2505//5742
f  2553//5837 2545//5828 2505//5742
f  2548//5831 2552//5836 2505//5742
f  2547//5830 2554//5838 2528//5791
f  2554//5838 2555//5839 2528//5791
f  2555//5839 2548//5840 2528//5791
f  2556//5841 2544//5827 2545//5828
f  2553//5837 2557//5842 2545//5828
f  2558//5843 2551//5835 2526//5832
f  2559//5844 2550//5845 2544//5846
f  2560//5847 2559//5844 2544//5846
f  2561//5848 2553//5849 2552//5850
f  2562//5851 2561//5848 2552//5850
f  2563//5852 2560//5853 2544//5854
f  2548//5831 2564//5855 2552//5836
f  2564//5856 2562//5857 2552//5858
f  2556//5841 2526//5776 2550//5834
f  2559//5859 2556//5860 2550//5861
f  2564//5855 2557//5842 2553//5837
f  2561//5862 2564//5863 2553//5864
f  2556//5865 2563//5866 2544//5867
f  2565//5868 2562//5857 2564//5856
f  2545//5828 2526//5776 2556//5841
f  2559//5859 2566//5869 2556//5860
f  2561//5862 2565//5870 2564//5863
f  2566//5871 2563//5866 2556//5865
f  2548//5831 2557//5842 2564//5855
f  2567//5872 2558//5843 2526//5832
f  2568//5873 2567//5872 2526//5832
f  2569//5874 2568//5873 2526//5832
f  2545//5875 2569//5874 2526//5832
f  2570//5876 2557//5877 2548//5840
f  2555//5839 2570//5876 2548//5840
f  2571//5878 2572//5879 2557//5877
f  2570//5876 2571//5878 2557//5877
f  2572//5879 2573//5880 2557//5877
f  2573//5880 2545//5875 2557//5877
f  2570//5876 2569//5874 2545//5875
f  2573//5880 2570//5876 2545//5875
f  2446//5881 2574//5882 2444//5883
f  2572//5884 2575//5885 2573//5886
f  2576//5887 2547//5888 2577//5889
f  2578//5890 2576//5891 2577//5892
f  2579//5893 2558//5894 2580//5895
f  2581//5896 2579//5896 2580//5896
f  2582//5897 2444//5883 2574//5882
f  2583//5898 2582//5899 2574//5900
f  2472//5901 2462//5902 2584//5903
f  2585//5904 2475//5905 2586//5906
f  2587//5907 2585//5908 2586//5907
f  2512//5909 2503//5910 2588//5911
f  2589//5912 2512//5909 2588//5911
f  2590//5913 2589//5914 2588//5915
f  2591//5916 2520//5917 2592//5918
f  2593//5919 2591//5920 2592//5919
f  2594//5921 2573//5886 2575//5885
f  2595//5922 2594//5923 2575//5924
f  2576//5887 2554//5925 2547//5888
f  2579//5893 2551//5926 2558//5894
f  2462//5927 2596//5928 2584//5929
f  2596//5930 2597//5931 2584//5932
f  2598//5933 2472//5934 2584//5934
f  2597//5935 2598//5936 2584//5937
f  2476//5938 2475//5905 2585//5904
f  2521//5939 2520//5917 2591//5916
f  2547//5940 2599//5941 2577//5942
f  2599//5943 2578//5944 2577//5944
f  2558//5945 2600//5946 2580//5947
f  2600//5948 2581//5949 2580//5948
f  2447//5950 2574//5951 2446//5952
f  2461//5953 2596//5928 2462//5927
f  2481//5954 2586//5955 2475//5955
f  2502//5956 2588//5957 2503//5958
f  2529//5959 2592//5960 2520//5961
f  2571//5962 2575//5963 2572//5964
f  2546//5965 2599//5941 2547//5940
f  2567//5966 2600//5946 2558//5945
f  2601//5967 2554//5968 2576//5969
f  2578//5970 2601//5971 2576//5972
f  2602//5973 2551//5974 2579//5975
f  2581//5976 2602//5977 2579//5978
f  2582//5979 2603//5980 2444//5981
f  2604//5982 2574//5951 2447//5950
f  2583//5983 2603//5984 2582//5985
f  2604//5986 2583//5987 2574//5988
f  2604//5989 2603//5990 2583//5991
f  2585//5992 2605//5993 2476//5994
f  2606//5995 2586//5996 2481//5997
f  2607//5998 2598//5998 2597//5998
f  2596//5999 2607//6000 2597//5999
f  2587//6001 2605//6002 2585//6003
f  2606//6004 2605//6005 2587//6006
f  2586//6007 2606//6008 2587//6009
f  2608//6010 2588//5957 2502//5956
f  2608//6011 2590//6012 2588//6012
f  2608//6013 2609//6014 2590//6013
f  2609//6015 2589//6016 2590//6016
f  2589//6017 2609//6018 2512//6019
f  2610//6020 2521//6021 2591//6022
f  2593//6023 2610//6023 2591//6024
f  2611//6025 2610//6026 2593//6027
f  2592//6028 2611//6029 2593//6028
f  2529//6030 2611//6031 2592//6032
f  2599//6033 2601//6034 2578//6033
f  2600//6035 2602//6035 2581//6036
f  2612//6037 2613//6038 2595//6038
f  2613//6039 2594//6040 2595//6040
f  2575//6041 2612//6042 2595//6041
f  2571//5962 2612//6043 2575//5963
f  2613//6044 2573//6045 2594//6046
f  2614//6047 2441//5618 2444//5621
f  2603//5980 2614//6048 2444//5981
f  2615//6049 2480//5690 2472//5680
f  2598//6050 2615//6051 2472//6052
f  2616//6053 2477//5687 2476//5686
f  2605//5993 2616//6054 2476//5994
f  2617//6055 2500//5736 2512//5754
f  2609//6018 2617//6056 2512//6019
f  2618//6057 2509//5749 2521//5766
f  2610//6020 2618//6058 2521//6021
f  2619//6059 2555//5839 2554//5838
f  2601//6060 2619//6061 2554//6060
f  2620//6062 2549//5833 2551//5835
f  2602//5973 2620//6063 2551//5974
f  2621//6064 2570//5876 2573//5880
f  2613//6044 2621//6065 2573//6045
f  2607//6066 2596//6067 2461//6068
f  2458//6069 2622//6070 2459//6071
f  2463//6072 2623//6073 2460//6074
f  2622//6075 2468//6076 2459//6077
f  2623//6078 2469//6079 2460//6078
f  2471//6080 2622//6081 2458//6082
f  2469//6083 2623//6084 2463//6085
f  2622//6086 2471//6087 2468//6088
f  2488//6089 2624//6090 2489//6091
f  2490//6092 2625//6093 2491//6094
f  2625//6095 2496//6096 2491//6097
f  2624//6098 2498//6099 2489//6100
f  2497//6101 2624//6102 2488//6102
f  2496//6103 2625//6104 2490//6105
f  2624//6106 2497//6107 2498//6106
f  2536//6108 2626//6108 2537//6109
f  2538//6110 2627//6110 2539//6110
f  2541//6111 2627//6111 2538//6111
f  2540//6112 2626//6112 2536//6112
f  2627//6113 2543//6114 2539//6115
f  2626//6116 2542//6117 2537//6118
f  2542//6119 2626//6120 2540//6121
f  2543//6122 2627//6122 2541//6123
f  2560//6124 2628//6124 2559//6125
f  2562//6126 2629//6127 2561//6128
f  2563//6129 2628//6129 2560//6129
f  2628//6130 2566//6131 2559//6132
f  2629//6133 2565//6134 2561//6135
f  2566//6136 2628//6137 2563//6138
f  2565//6139 2629//6140 2562//6141
f  2457//5638 2480//5690 2615//6049
f  2568//5873 2549//5833 2620//6062
f  2441//5618 2614//6047 2447//5624
f  2614//6142 2604//6143 2447//6144
f  2457//5638 2615//6049 2461//5644
f  2615//6145 2607//6066 2461//6068
f  2477//5687 2616//6053 2481//5691
f  2616//6146 2606//6147 2481//6148
f  2500//5736 2617//6055 2502//5738
f  2617//6149 2608//6150 2502//6151
f  2530//5784 2618//6057 2529//5783
f  2618//6152 2611//6153 2529//6154
f  2535//5790 2619//6059 2546//5829
f  2619//6155 2599//6156 2546//6157
f  2570//5876 2621//6064 2571//5878
f  2621//6158 2612//6159 2571//6160
f  2607//6161 2615//6161 2598//6161
f  2535//5790 2555//5839 2619//6059
f  2603//6162 2604//6143 2614//6142
f  2605//6163 2606//6147 2616//6146
f  2609//6164 2608//6150 2617//6149
f  2530//5784 2509//5749 2618//6057
f  2610//6165 2611//6153 2618//6152
f  2601//6166 2599//6156 2619//6155
f  2568//5873 2620//6062 2567//5872
f  2620//6167 2602//6168 2567//6169
f  2602//6168 2600//6170 2567//6169
f  2613//6171 2612//6159 2621//6158
f  2630//6172 2442//6173 2441//6174
f  2631//6175 2630//6172 2441//6174
f  2454//6176 2631//6175 2441//6174
f  2632//6177 2457//6178 2442//6173
f  2630//6172 2632//6177 2442//6173
f  2633//6179 2631//6175 2454//6176
f  2477//6180 2633//6179 2454//6176
f  2634//6181 2457//6178 2632//6177
f  2634//6181 2480//6182 2457//6178
f  2477//6180 2635//6183 2633//6179
f  2636//6184 2480//6182 2634//6181
f  2486//6185 2635//6183 2477//6180
f  2636//6184 2485//6186 2480//6182
f  2486//6185 2637//6187 2635//6183
f  2509//6188 2637//6187 2486//6185
f  2638//6189 2500//6190 2485//6186
f  2509//6188 2639//6191 2637//6187
f  2514//6192 2500//6190 2638//6189
f  2530//6193 2639//6191 2509//6188
f  2640//6194 2514//6192 2638//6189
f  2530//6193 2641//6195 2639//6191
f  2533//6196 2641//6195 2530//6193
f  2535//6197 2514//6192 2640//6194
f  2533//6196 2642//6198 2641//6195
f  2643//6199 2535//6197 2640//6194
f  2533//6196 2644//6200 2642//6198
f  2549//6201 2644//6200 2533//6196
f  2555//6202 2535//6197 2643//6199
f  2645//6203 2555//6202 2643//6199
f  2568//6204 2644//6200 2549//6201
f  2568//6204 2646//6205 2644//6200
f  2647//6206 2555//6202 2645//6203
f  2570//6207 2555//6207 2647//6208
f  2569//6209 2646//6205 2568//6204
f  2569//6209 2648//6210 2646//6205
f  2649//6211 2570//6212 2647//6206
f  2569//6209 2649//6211 2648//6210
f  2569//6209 2570//6212 2649//6211
f  2631//6175 2506//6213 2630//6172
f  2507//6214 2506//6213 2631//6175
f  2506//6213 2632//6177 2630//6172
f  2633//6179 2507//6214 2631//6175
f  2506//6213 2634//6181 2632//6177
f  2635//6183 2507//6214 2633//6179
f  2506//6213 2508//6215 2634//6181
f  2508//6215 2636//6184 2634//6181
f  2637//6187 2510//6216 2635//6183
f  2510//6216 2507//6214 2635//6183
f  2508//6215 2485//6186 2636//6184
f  2639//6191 2510//6216 2637//6187
f  2508//6215 2638//6189 2485//6186
f  2515//6217 2638//6189 2508//6215
f  2639//6191 2641//6195 2510//6216
f  2642//6198 2524//6218 2510//6216
f  2641//6195 2642//6198 2510//6216
f  2640//6194 2638//6189 2515//6217
f  2643//6199 2640//6194 2515//6217
f  2644//6200 2646//6205 2524//6218
f  2642//6198 2644//6200 2524//6218
f  2645//6203 2643//6199 2515//6217
f  2525//6219 2647//6206 2515//6217
f  2647//6206 2645//6203 2515//6217
f  2648//6210 2525//6219 2524//6218
f  2646//6205 2648//6210 2524//6218
f  2649//6211 2647//6206 2525//6219
f  2648//6210 2649//6211 2525//6219
f  2650//2311 2651//2311 2652//2311
f  2651//6220 2653//6221 2652//6222
f  2650//2311 2654//2311 2651//2311
f  2654//6223 2655//6224 2651//6220
f  2655//6224 2653//6221 2651//6220
f  2656//2311 2650//2311 2652//2311
f  2657//2311 2656//2311 2652//2311
f  2653//6221 2658//6225 2652//6222
f  2658//6225 2657//6226 2652//6222
f  2659//6227 2655//6224 2654//6223
f  2650//2311 2660//2311 2654//2311
f  2660//2311 2661//2311 2654//2311
f  2661//6228 2659//6227 2654//6223
f  2662//2311 2656//2311 2657//2311
f  2658//6225 2663//6229 2657//6226
f  2663//6229 2662//6230 2657//6226
f  2664//6231 2659//6227 2661//6228
f  2665//2311 2656//2311 2662//2311
f  2666//2311 2665//2311 2662//2311
f  2663//6229 2667//6232 2662//6230
f  2667//6232 2666//6233 2662//6230
f  2660//2311 2668//2311 2661//2311
f  2668//6234 2664//6231 2661//6228
f  2669//6235 2665//6236 2666//6237
f  2670//6238 2669//6239 2666//6233
f  2667//6232 2670//6238 2666//6233
f  2671//6240 2672//6241 2650//6242
f  2656//6243 2671//6240 2650//6242
f  2672//6244 2660//6245 2650//6246
f  2673//6247 2664//6231 2668//6234
f  2674//6248 2671//6249 2656//6250
f  2665//6251 2674//6248 2656//6250
f  2672//6244 2675//6252 2660//6245
f  2676//6253 2665//6236 2669//6235
f  2670//6238 2677//6254 2669//6239
f  2676//6255 2674//6256 2665//6257
f  2678//2311 2668//2311 2660//2311
f  2675//6258 2678//6259 2660//6260
f  2679//6261 2674//6256 2676//6255
f  2680//2311 2668//2311 2678//2311
f  2681//2311 2680//2311 2678//2311
f  2682//2311 2681//2311 2678//2311
f  2683//6262 2682//6263 2678//6259
f  2675//6258 2683//6262 2678//6259
f  2669//6235 2684//6264 2676//6253
f  2680//6265 2673//6247 2668//6234
f  2685//2311 2686//2311 2676//6253
f  2684//6264 2685//2311 2676//6253
f  2687//6266 2679//6267 2676//6268
f  2686//6269 2687//6266 2676//6268
f  2688//2311 2681//2311 2682//2311
f  2686//2311 2688//2311 2682//2311
f  2683//6270 2686//6271 2682//6272
f  2685//2311 2689//2311 2686//2311
f  2689//2311 2688//2311 2686//2311
f  2683//6270 2687//6273 2686//6271
f  2690//6274 2673//6247 2680//6265
f  2681//6275 2690//6274 2680//6265
f  2677//6254 2691//6276 2669//6239
f  2691//6276 2684//6277 2669//6239
f  2691//6276 2692//6278 2684//6277
f  2688//6279 2693//6280 2681//6275
f  2693//6280 2690//6274 2681//6275
f  2692//6278 2685//6281 2684//6277
f  2692//6278 2694//6282 2685//6281
f  2694//6282 2689//6283 2685//6281
f  2689//6283 2695//6284 2688//6279
f  2695//6284 2693//6280 2688//6279
f  2694//6282 2695//6284 2689//6283
f  2696//6285 2653//6221 2655//6224
f  2659//6286 2697//6287 2655//6288
f  2697//6289 2696//6290 2655//6291
f  2672//742 2697//6287 2659//6286
f  2664//1969 2675//742 2659//6286
f  2675//742 2672//742 2659//6286
f  2698//6292 2696//6290 2697//6289
f  2697//6287 2672//742 2699//742
f  2700//6293 2697//6294 2699//6295
f  2672//742 2671//742 2699//742
f  2671//742 2701//742 2699//742
f  2702//6296 2700//6293 2699//6295
f  2701//6297 2702//6296 2699//6295
f  2700//6293 2698//6298 2697//6294
f  2673//742 2675//742 2664//1969
f  2671//742 2674//742 2701//742
f  2674//742 2703//6299 2701//742
f  2704//6300 2702//6301 2701//6302
f  2703//6303 2704//6300 2701//6302
f  2703//6299 2677//6304 2670//6305
f  2667//6306 2704//6307 2670//6308
f  2704//6307 2703//6309 2670//6308
f  2674//742 2679//1969 2703//6299
f  2679//1969 2691//742 2703//6299
f  2691//742 2677//6304 2703//6299
f  2673//742 2683//742 2675//742
f  2673//742 2690//742 2683//742
f  2690//742 2693//1969 2683//742
f  2687//742 2692//742 2679//1969
f  2692//742 2691//742 2679//1969
f  2693//1969 2687//742 2683//742
f  2694//742 2692//742 2687//742
f  2693//1969 2695//742 2687//742
f  2695//742 2694//742 2687//742
f  2705//742 2706//742 2653//742
f  2696//742 2705//742 2653//742
f  2706//742 2658//742 2653//742
f  2706//742 2707//742 2658//742
f  2698//742 2705//742 2696//742
f  2708//6310 2707//6311 2706//6312
f  2709//6313 2708//6314 2706//6315
f  2705//6316 2709//6317 2706//6316
f  2708//6318 2710//6318 2707//6319
f  2707//742 2663//742 2658//742
f  2710//6320 2711//6321 2707//6320
f  2711//742 2663//742 2707//742
f  2712//6322 2709//6323 2705//6324
f  2711//6325 2712//6325 2705//6326
f  2700//742 2711//742 2705//742
f  2698//742 2700//742 2705//742
f  2710//6327 2712//6328 2711//6329
f  2667//1969 2663//742 2711//742
f  2704//742 2667//1969 2711//742
f  2700//742 2702//742 2711//742
f  2702//742 2704//742 2711//742
f  2709//1969 2710//742 2708//742
f  2709//1969 2712//742 2710//742
f  2713//6330 2714//6331 2715//6332
f  2714//6333 2716//6334 2715//6335
f  2713//6330 2717//6336 2714//6331
f  2717//6336 2718//6337 2714//6331
f  2718//6337 2719//6338 2714//6331
f  2720//6339 2713//6330 2715//6332
f  2721//6340 2720//6339 2715//6332
f  2722//6341 2721//6340 2715//6332
f  2716//6334 2722//6342 2715//6335
f  2723//6343 2716//6334 2714//6333
f  2724//6344 2721//6340 2722//6341
f  2719//6338 2725//6345 2714//6331
f  2725//6346 2723//6343 2714//6333
f  2726//6347 2724//6344 2722//6341
f  2716//6334 2726//6348 2722//6342
f  2727//6349 2728//6350 2725//6345
f  2719//6338 2727//6349 2725//6345
f  2729//6351 2730//6352 2726//6347
f  2730//6352 2724//6344 2726//6347
f  2728//6350 2731//6353 2725//6345
f  2731//6353 2732//6354 2725//6345
f  2732//6355 2723//6343 2725//6346
f  2733//6356 2729//6351 2726//6347
f  2734//6357 2733//6356 2726//6347
f  2716//6334 2735//6358 2726//6348
f  2731//6353 2736//6359 2732//6354
f  2736//6359 2737//6360 2732//6354
f  2737//6360 2738//6361 2732//6354
f  2738//6362 2723//6343 2732//6355
f  2739//6363 2734//6357 2726//6347
f  2735//6358 2739//6364 2726//6348
f  2740//6365 2723//6343 2738//6362
f  2741//6366 2734//6357 2739//6363
f  2737//6360 2666//6367 2738//6361
f  2666//6367 2742//6368 2738//6361
f  2743//6369 2744//6370 2716//6371
f  2723//6372 2743//6369 2716//6371
f  2744//6373 2735//6374 2716//6375
f  2665//6376 2743//6377 2723//6378
f  2740//6379 2665//6376 2723//6378
f  2745//6380 2746//6381 2738//6361
f  2746//6381 2747//6382 2738//6361
f  2742//6368 2745//6380 2738//6361
f  2747//6383 2740//6365 2738//6362
f  2744//6373 2748//6384 2735//6374
f  2749//6385 2750//6386 2739//6363
f  2750//6386 2751//6387 2739//6363
f  2751//6387 2741//6366 2739//6363
f  2735//6358 2749//6388 2739//6364
f  2752//6389 2665//6376 2740//6379
f  2753//6390 2749//6388 2735//6358
f  2748//6391 2678//6392 2735//6393
f  2678//6392 2753//6394 2735//6393
f  2746//6381 2754//6395 2747//6382
f  2754//6395 2755//6396 2747//6382
f  2756//6397 2757//6398 2740//6365
f  2747//6383 2756//6397 2740//6365
f  2757//6399 2752//6400 2740//6401
f  2758//6402 2750//6386 2749//6385
f  2759//6403 2758//6402 2749//6385
f  2760//6404 2749//6388 2753//6390
f  2761//6405 2760//6404 2753//6390
f  2678//6392 2762//6406 2753//6394
f  2756//6397 2763//6407 2757//6398
f  2686//6408 2752//6400 2757//6399
f  2757//6398 2764//6409 2753//6390
f  2764//6409 2761//6405 2753//6390
f  2762//6410 2757//6411 2753//6412
f  2763//6407 2765//6413 2757//6398
f  2765//6413 2764//6409 2757//6398
f  2762//6410 2686//6414 2757//6411
f  2680//6415 2759//6403 2749//6385
f  2766//6416 2680//6415 2749//6385
f  2767//6417 2756//6418 2747//6382
f  2755//6396 2767//6417 2747//6382
f  2760//6419 2766//6416 2749//6385
f  2761//6420 2768//6421 2760//6419
f  2768//6421 2769//6422 2760//6419
f  2769//6422 2766//6416 2760//6419
f  2770//6423 2771//6424 2756//6418
f  2767//6417 2770//6423 2756//6418
f  2772//6425 2768//6421 2761//6420
f  2773//6426 2763//6427 2756//6418
f  2771//6424 2774//6428 2756//6418
f  2774//6428 2773//6426 2756//6418
f  2775//6429 2772//6425 2761//6420
f  2764//6430 2776//6431 2761//6420
f  2776//6431 2775//6429 2761//6420
f  2777//6432 2765//6433 2763//6427
f  2773//6426 2777//6432 2763//6427
f  2778//6434 2779//6435 2765//6433
f  2777//6432 2778//6434 2765//6433
f  2765//6433 2779//6435 2764//6430
f  2779//6435 2780//6436 2764//6430
f  2780//6436 2781//6437 2764//6430
f  2781//6437 2776//6431 2764//6430
f  2782//6438 2728//6439 2783//6440
f  2784//6441 2782//6442 2783//6443
f  2750//6444 2785//6445 2786//6446
f  2785//6447 2787//6448 2786//6449
f  2788//6450 2789//6451 2790//6452
f  2789//6453 2746//6454 2790//6455
f  2772//6456 2791//6457 2792//6458
f  2791//6459 2793//6460 2792//6461
f  2794//6462 2713//6463 2795//6464
f  2796//6465 2794//6466 2795//6467
f  2797//6468 2729//6469 2798//6470
f  2799//6471 2797//6472 2798//6471
f  2800//6473 2771//6474 2801//6475
f  2802//6476 2800//6476 2801//6477
f  2803//6478 2779//6479 2804//6480
f  2805//6481 2803//6482 2804//6482
f  2794//6462 2717//6483 2713//6463
f  2782//6438 2731//6484 2728//6439
f  2786//6446 2751//6485 2750//6444
f  2792//6458 2768//6486 2772//6456
f  2803//6478 2780//6487 2779//6479
f  2789//6488 2754//6489 2746//6489
f  2733//6490 2798//6491 2729//6491
f  2770//6492 2801//6493 2771//6493
f  2730//6494 2729//6495 2797//6496
f  2774//6497 2771//6498 2800//6498
f  2728//6499 2806//6500 2783//6501
f  2806//6502 2784//6503 2783//6504
f  2772//6505 2807//6506 2791//6507
f  2807//6508 2793//6508 2791//6509
f  2745//6510 2790//6511 2746//6510
f  2727//6512 2806//6500 2728//6499
f  2758//6513 2785//6514 2750//6515
f  2775//6516 2807//6506 2772//6505
f  2720//6517 2795//6518 2713//6519
f  2808//6520 2785//6514 2758//6513
f  2778//6521 2804//6522 2779//6523
f  2808//6524 2787//6525 2785//6525
f  2720//6517 2809//6526 2795//6518
f  2809//6527 2796//6528 2795//6529
f  2797//6530 2810//6531 2730//6532
f  2809//6533 2794//6534 2796//6535
f  2782//6536 2811//6537 2731//6538
f  2799//6539 2810//6540 2797//6541
f  2812//6542 2810//6543 2799//6544
f  2798//6545 2812//6546 2799//6545
f  2813//6547 2811//6548 2784//6549
f  2811//6550 2782//6550 2784//6551
f  2806//6552 2813//6553 2784//6552
f  2733//6554 2812//6554 2798//6555
f  2808//6556 2814//6557 2787//6558
f  2814//6559 2786//6560 2787//6561
f  2815//6562 2816//6563 2788//6564
f  2816//6565 2789//6566 2788//6567
f  2790//6568 2815//6569 2788//6570
f  2816//6571 2754//6572 2789//6573
f  2817//6574 2768//6575 2792//6576
f  2793//6577 2817//6578 2792//6579
f  2770//6580 2818//6581 2801//6582
f  2818//6583 2802//6584 2801//6583
f  2819//6585 2817//6586 2793//6586
f  2807//6587 2819//6588 2793//6589
f  2818//6590 2820//6591 2802//6591
f  2820//6592 2800//6593 2802//6594
f  2820//6595 2774//6596 2800//6597
f  2821//6598 2803//6599 2805//6600
f  2804//6601 2821//6602 2805//6603
f  2778//6521 2821//6604 2804//6522
f  2822//6605 2751//6606 2786//6607
f  2814//6608 2822//6605 2786//6607
f  2823//6609 2718//6337 2717//6336
f  2794//6610 2823//6611 2717//6612
f  2824//6613 2724//6344 2730//6352
f  2810//6531 2824//6614 2730//6532
f  2825//6615 2736//6359 2731//6353
f  2811//6616 2825//6617 2731//6616
f  2822//6618 2741//6366 2751//6387
f  2826//6619 2769//6422 2768//6421
f  2817//6620 2826//6621 2768//6622
f  2827//6623 2773//6426 2774//6428
f  2820//6595 2827//6624 2774//6596
f  2828//6625 2781//6437 2780//6436
f  2803//6626 2828//6627 2780//6628
f  2816//6629 2829//6630 2754//6631
f  2829//6632 2755//6396 2754//6395
f  2815//6633 2790//6634 2745//6635
f  2719//6338 2825//6615 2727//6349
f  2825//6636 2806//6637 2727//6638
f  2759//6403 2822//6618 2758//6402
f  2822//6639 2808//6640 2758//6641
f  2776//6431 2826//6619 2775//6429
f  2826//6642 2807//6643 2775//6644
f  2825//6636 2813//6645 2806//6637
f  2826//6642 2819//6646 2807//6643
f  2721//6340 2823//6609 2720//6339
f  2823//6647 2809//6647 2720//6648
f  2734//6357 2824//6613 2733//6356
f  2824//6649 2812//6650 2733//6650
f  2767//6417 2827//6623 2770//6423
f  2827//6651 2818//6652 2770//6651
f  2777//6432 2828//6625 2778//6434
f  2828//6653 2821//6654 2778//6655
f  2829//6656 2815//6657 2745//6658
f  2742//6368 2829//6632 2745//6380
f  2822//6639 2814//6659 2808//6640
f  2809//6660 2823//6611 2794//6610
f  2813//6661 2825//6662 2811//6663
f  2815//6664 2829//6665 2816//6666
f  2819//6667 2826//6668 2817//6669
f  2821//6670 2828//6627 2803//6626
f  2721//6340 2718//6337 2823//6609
f  2777//6432 2781//6437 2828//6625
f  2734//6357 2724//6344 2824//6613
f  2767//6417 2773//6426 2827//6623
f  2719//6338 2736//6359 2825//6615
f  2810//6671 2812//6672 2824//6673
f  2820//6674 2818//6674 2827//6674
f  2776//6431 2769//6422 2826//6619
f  2742//6368 2755//6396 2829//6632
f  2759//6403 2741//6366 2822//6618
f  2721//6675 2744//6676 2718//6677
f  2744//6676 2719//6678 2718//6677
f  2724//6679 2744//6676 2721//6675
f  2744//6676 2743//6680 2719//6678
f  2743//6680 2736//6681 2719//6678
f  2734//6682 2744//6676 2724//6679
f  2748//6683 2744//6676 2734//6682
f  2743//6680 2737//6684 2736//6681
f  2741//6685 2748//6683 2734//6682
f  2743//6680 2665//742 2737//6684
f  2665//742 2666//1969 2737//6684
f  2665//6686 2742//6687 2666//6688
f  2665//6686 2752//6689 2742//6687
f  2752//6689 2755//6690 2742//6687
f  2759//6691 2748//6683 2741//6685
f  2759//6691 2678//6692 2748//6683
f  2759//6691 2680//6693 2678//6692
f  2680//742 2766//6694 2678//742
f  2766//6694 2762//6695 2678//742
f  2767//6696 2755//6690 2752//6689
f  2769//6697 2776//6698 2762//6695
f  2766//6694 2769//6697 2762//6695
f  2773//6699 2767//6696 2752//6689
f  2686//6700 2773//6699 2752//6689
f  2776//6698 2686//6700 2762//6695
f  2781//6701 2777//6702 2686//6700
f  2777//6702 2773//6699 2686//6700
f  2776//6698 2781//6701 2686//6700

