# File produced by Open Asset Import Library (http://www.assimp.sf.net)
# (assimp v5.2.0)
mtllib white.mtl

mtllib arm_l_link2.mtl

# 3363 vertex positions
v  -0.0515129156 -0.121122077 0.00101390062
v  -0.0507738292 -0.0825546384 4.74392436e-05
v  -0.0514530018 -0.120021492 0.000557958614
v  -0.0514462069 -0.120468706 -0.000933291856
v  -0.050036069 -0.120040491 -0.000795926433
v  -0.0512449965 -0.121052906 -0.00527276751
v  -0.0500358827 -0.120606124 0.00097264396
v  -0.0511394106 -0.122532621 0.000996138435
v  -0.0508505255 -0.121186405 0.00844728202
v  -0.0511105433 -0.122636512 -0.00100639695
v  -0.0508685671 -0.12158668 -0.00837144069
v  -0.0508554392 -0.122286946 0.00710497564
v  -0.0498890281 -0.122376323 -0.0120197674
v  -0.0506682023 -0.0794072151 0.00247916533
v  -0.0507119857 -0.0814184248 0.00209717778
v  -0.0506250411 -0.0811825395 -0.0023657796
v  -0.0498589799 -0.0684299767 -0.00753173605
v  -0.0487313718 -0.122936532 -0.0141849034
v  -0.0500412397 -0.123016119 -0.00100526307
v  -0.0491103604 -0.122977525 0.0125996675
v  -0.0375364348 -0.0814631581 0.00211915234
v  -0.0375363082 -0.0825466067 -0.000135081355
v  -0.037536487 -0.081136629 -0.00232159952
v  -0.0375361256 -0.0787471086 0.00232383749
v  -0.0506025329 -0.0776386186 0.00096940482
v  -0.0375364348 -0.0774578005 0.000140283722
v  -0.0499061346 -0.0408849344 0.0098383408
v  -0.0492016859 -0.0663558394 0.0149439722
v  -0.0492712669 -0.121094137 -0.0148774609
v  -0.0495363958 -0.0863971412 -0.0119373882
v  -0.0505711436 -0.0779415146 -0.00169708347
v  -0.0375350416 -0.0783670843 -0.00202409411
v  -0.0496233292 -0.123018518 0.00100011146
v  -0.0484892838 -0.12116918 0.0173909012
v  -0.048438929 -0.122329906 0.0169704668
v  -0.0487201884 -0.123035759 0.00794744492
v  -0.0500082932 -0.0423647612 -0.00031606527
v  -0.0494453087 -0.0411699452 0.00495042978
v  -0.0492218398 -0.123003379 -0.00414311048
v  -0.0488448925 -0.0365599655 0.0212131999
v  -0.0484643206 -0.0403957069 -0.00760140829
v  -0.0477970429 -0.123016715 -0.012993684
v  -0.0480667986 -0.0345140547 0.0223547295
v  -0.0485867895 -0.0392710045 -0.0150858117
v  -0.0485038273 -0.0388199426 0.0131423343
v  -0.0486298092 -0.0411849655 -4.24063765e-05
v  -0.0492775403 -0.108001903 -0.001002301
v  -0.042536281 -0.11999999 -0.00100403093
v  -0.049666319 -0.120000154 -0.00115225511
v  -0.0483270958 -0.120001405 0.0109953042
v  -0.042536281 -0.11999999 0.000995973591
v  -0.0494522825 -0.119999796 0.000995889772
v  -0.0494895652 -0.108000502 0.0010220292
v  -0.042536281 -0.108000025 -0.00100403093
v  -0.0382139757 -0.11999999 -0.00165831065
v  -0.042536281 -0.108000025 0.000995973591
v  -0.0350362733 -0.108000025 -0.00419478677
v  -0.0485340171 -0.108000219 -0.00892248284
v  -0.0470909812 -0.0587251522 0.0245995075
v  -0.042536281 -0.0929999799 0.000995973591
v  -0.0489900038 -0.0929999799 0.000995973591
v  -0.0496014915 -0.106001675 0.00106771896
v  -0.042536281 -0.105999991 0.000995973591
v  -0.0490722135 -0.0929999501 -0.00103392126
v  -0.042536281 -0.105999991 -0.00100403093
v  -0.0493009873 -0.106000006 -0.00101144472
v  -0.0485882014 -0.0403132066 0.00821931846
v  -0.0484166183 -0.106000096 -0.00938199554
v  -0.0465179719 -0.121404454 -0.0222808439
v  -0.0477997996 -0.086050719 0.0195495877
v  -0.0479317419 -0.107999668 0.0121312868
v  -0.0474154539 -0.0358942486 0.0193724744
v  -0.0479259267 -0.0929997116 0.0119795911
v  -0.042536281 -0.0929999799 -0.00100403093
v  -0.0349438936 -0.0929999948 -0.0320094898
v  -0.0465125702 -0.123008609 0.0170060378
v  -0.0487647466 -0.0846473426 -0.00100511545
v  -0.042536281 -0.0910000056 -0.00100403093
v  -0.0489865094 -0.0909987986 -0.00107360631
v  -0.046710182 -0.100793719 -0.0214625206
v  -0.042536281 -0.0910000056 0.000995973591
v  -0.042536281 -0.0846435279 0.000995973591
v  -0.0490715094 -0.0909918696 0.00104888575
v  -0.0488189012 -0.0846126676 0.00112023624
v  -0.0425364673 -0.0846874118 -0.000967958011
v  -0.0485246554 -0.1215 -0.00855308585
v  -0.0374517664 -0.1215 -0.00664340518
v  -0.0478553399 -0.1215 0.011724038
v  -0.0350362733 -0.1215 -0.0148026701
v  -0.0345351659 -0.0846548527 0.00124437502
v  -0.0486631133 -0.0823959112 0.00422228174
v  -0.0462787226 -0.119999558 -0.0179887079
v  -0.0345357731 -0.0843231082 -0.00204338972
v  -0.0485437848 -0.0826548636 -0.00420597056
v  -0.0351509415 -0.11999999 0.0150702167
v  -0.0345364287 -0.0832862109 0.00343496306
v  -0.0327853672 -0.092999965 0.0135074332
v  -0.0378713235 -0.1215 0.00536086736
v  -0.032249812 -0.0910000056 0.0147387888
v  -0.0463520661 -0.0930018872 -0.0173050053
v  -0.0345360897 -0.0800019056 0.0048343963
v  -0.0467485823 -0.0622146614 -0.0230184197
v  -0.0441786759 -0.0718242079 -0.0294402279
v  -0.0475957803 -0.105996534 0.0132335704
v  -0.0294565316 -0.105999991 0.0197480097
v  -0.0485599898 -0.0775555 0.00429855986
v  -0.0481013358 -0.0739968121 0.0100610759
v  -0.0345362686 -0.0823302269 -0.00426412653
v  -0.0345357098 -0.0759745315 0.00273606321
v  -0.0485735685 -0.0750681981 0.000910600182
v  -0.0425364487 -0.0753145069 0.000970928464
v  -0.0475215428 -0.0386354253 -0.0136327446
v  -0.0425362773 -0.0739999861 0.000995973591
v  -0.0485286787 -0.0740033463 -0.00101590483
v  -0.0425362773 -0.0739999861 -0.00100403093
v  -0.0485499538 -0.0753530636 -0.00103264907
v  -0.0425362773 -0.0753564686 -0.00100403093
v  -0.047700543 -0.0739988834 -0.00966734719
v  -0.0345362052 -0.075306125 -0.00100875227
v  -0.046432063 -0.0910008252 -0.0164142828
v  -0.0350362696 -0.0739999861 -0.00419478677
v  -0.0322498083 -0.0720000193 0.0147387888
v  -0.0425362773 -0.0720000118 0.000995973591
v  -0.0485494398 -0.0719786733 0.00100236619
v  -0.0478025973 -0.0720011219 0.0119081922
v  -0.0484064966 -0.0775727779 -0.00423346227
v  -0.0422386639 -0.0663472563 -0.00100403093
v  -0.0425362773 -0.0720000118 -0.00100403093
v  -0.0484717339 -0.0719952807 -0.00100481138
v  -0.0478555225 -0.0720004067 -0.00820811
v  -0.0345368162 -0.0779488608 -0.00448474614
v  -0.0469552875 -0.0332721435 0.0231014173
v  -0.0468697548 -0.0909972191 0.0159618668
v  -0.0478728078 -0.0500006899 0.0124023482
v  -0.0423495062 -0.0666226298 0.000995973591
v  -0.0475507788 -0.0305953957 0.0270956121
v  -0.0327853635 -0.0739999861 0.0135074332
v  -0.0350362696 -0.0720000118 -0.00419478677
v  -0.0481162407 -0.0499999933 0.000995973591
v  -0.0250037555 -0.0466625169 0.00190594187
v  -0.0213363152 -0.0461613387 0.0100174267
v  -0.039913699 -0.0641867742 -0.00100403093
v  -0.0481245741 -0.0499999821 -0.00101067917
v  -0.0352720805 -0.0499999933 0.000995973591
v  -0.0401890613 -0.0642976165 0.000995973591
v  -0.0479706898 -0.0479993299 0.0106626749
v  -0.0480762012 -0.0452294834 0.000995845068
v  -0.0481370725 -0.043179106 0.00324573135
v  -0.0251054615 -0.0463848859 -0.00441443827
v  -0.0400111675 -0.0452702008 0.00100151682
v  -0.0258688126 -0.0482233763 0.00484246714
v  -0.0329259001 -0.0479999781 0.0132097416
v  -0.0352720805 -0.048000019 0.000995973591
v  -0.0480954014 -0.048000019 0.000995973591
v  -0.0475295261 -0.0350202844 -0.023288738
v  -0.0478037968 -0.0412193649 0.0130401328
v  -0.0334265754 -0.0499999896 0.0118879452
v  -0.0352127664 -0.0499999486 -0.00100620463
v  -0.0479990877 -0.0452294759 -0.00100403093
v  -0.0467137583 -0.0350469276 -0.0207059607
v  -0.0397506244 -0.0452294759 -0.00100403093
v  -0.0482325032 -0.0480042882 -0.00105166668
v  -0.0351772159 -0.048000019 -0.00100923935
v  -0.0475621186 -0.0427087881 -0.00740686338
v  -0.0223760325 -0.0480911955 0.00963979028
v  -0.0446292534 -0.122405022 -0.0252842568
v  -0.0112968031 -0.0460244417 0.0158300456
v  -0.0452459939 -0.108000785 -0.0199614149
v  -0.024914097 -0.0486231968 -0.00100257155
v  -0.023405619 -0.0486315936 -0.00466509163
v  -0.0448874459 -0.121208385 0.0252396017
v  -0.0453786626 -0.103287488 0.024552606
v  -0.0435559303 -0.122992113 -0.0256468207
v  -0.045929417 -0.050001163 -0.0187100451
v  -0.0454298928 -0.105998889 -0.0194390863
v  -0.0463990085 -0.0299110152 0.0261192471
v  -0.0191999264 -0.0466303825 -0.0093045393
v  -0.0428251699 -0.094295457 0.0296462215
v  -0.0468078107 -0.0262817331 0.0299429446
v  -0.0144063104 -0.0477351584 0.0154714957
v  -0.0455293506 -0.0740022808 -0.0191801507
v  -0.0470770858 -0.0384214148 0.0192099828
v  -0.0442330912 -0.122334495 0.0260495208
v  -0.0458283834 -0.0479985923 0.0232696366
v  -0.0453015193 -0.0350078866 -0.0244651102
v  -0.0456898175 -0.0500000603 0.0234817788
v  -0.0461516455 -0.0266603157 0.0281404927
v  -0.00017898537 -0.0457038619 0.0202455055
v  -0.0449402407 -0.0719993562 0.0228959452
v  -0.0467699319 -0.0407661274 -0.0140037686
v  -0.0220648386 -0.0465728641 -0.0142007675
v  -0.020985797 -0.0480579585 -0.0104624126
v  -0.0452868156 -0.0719982833 -0.0202375911
v  -0.0459620096 -0.035221152 -0.0317908488
v  -0.0449169725 -0.0350223593 -0.030513173
v  -0.0449447781 -0.0740001649 0.0227982085
v  -0.0444188714 -0.108000174 0.0219658893
v  -0.0444448702 -0.120000154 0.0218138602
v  -0.0447415523 -0.0930009335 0.0217668545
v  -0.0446498059 -0.106000602 0.0213952102
v  -0.018463064 -0.0395626649 0.0228586849
v  -0.0153583754 -0.0454334766 -0.0151434084
v  -0.0462382361 -0.0353310481 0.0239621289
v  -0.0464342535 -0.0204659738 0.0310527422
v  -0.0463821515 -0.0178390443 0.0321660042
v  -0.0471262448 -0.000245820731 0.031329602
v  -0.0466674641 -0.0465660729 -0.0145040518
v  -0.0438510031 -0.123026654 -0.0229007248
v  -0.0429352 -0.1215 -0.0236827787
v  -0.0452865139 -0.047998596 -0.0219842512
v  -0.0463067442 0.00815716386 0.0311787538
v  -0.0458494723 0.00559795648 0.0300718658
v  -0.0454091318 -0.0187725089 0.0300026946
v  -0.0422760844 -0.123007447 0.0275085457
v  -0.0457080454 -0.0231476761 0.0294116549
v  -0.045209188 0.00289861113 0.0359064303
v  -0.0466395207 -0.0403977036 -0.0150038013
v  -0.0457101464 -0.0370077901 -0.0215963479
v  -0.00748266093 -0.0474818349 -0.0189259481
v  -0.0203764644 -0.0407238975 0.0241200477
v  -0.04180751 -0.123031691 0.0264525376
v  -0.0390667208 -0.1215 0.0300098695
v  -0.0449029952 -0.0352595896 -0.0318236239
v  -0.0303422771 -0.0313871652 0.0272950716
v  -0.0441036522 0.0160424709 0.0316302627
v  -0.00704588229 -0.0431806892 -0.021547189
v  -0.0199457295 -0.0387820601 -0.0232137479
v  -0.000729845429 -0.0448683649 -0.0211968049
v  -0.0410489701 -0.103450492 -0.0319948122
v  -0.0431627221 -0.0177416131 0.0380903184
v  -0.0424550697 -0.121371061 -0.0291386712
v  -0.0275893714 -0.036244154 0.0267871656
v  -0.0449316353 -0.0294716768 0.0289382301
v  -0.022354411 -0.0396696106 -0.0246571321
v  -0.00940880366 -0.0447619259 -0.0221766662
v  -0.0412932411 0.0142623559 0.0299868323
v  -0.0435297377 -0.00110004097 0.0299868323
v  -0.0439174287 -0.0465660468 -0.0285873506
v  -0.0444866456 -0.0368347764 -0.0285037905
v  -0.0418463498 -0.0118300132 0.0299868323
v  -0.0415283218 0.0120540038 0.0390410684
v  -0.0432981551 0.00328887999 0.0391480401
v  -0.0240362473 -0.0480000377 0.0260791518
v  -0.0437289327 -0.0480000041 -0.0290040337
v  -0.0422128625 -0.0720000118 -0.0290040281
v  -0.0436062552 -0.0499999933 -0.0290040281
v  -0.0380362757 -0.0499999933 -0.0290040281
v  -0.0250570849 -0.0499998927 0.0251015462
v  -0.0374635309 -0.0222785696 0.0298461094
v  -0.0380360186 -0.123046786 -0.0320030451
v  -0.0424801521 -0.0910000056 0.0265950114
v  -0.0407593735 -0.0480009168 0.0349587202
v  -0.0353741758 -0.028872218 0.0302590542
v  -0.0397196785 -0.106000096 -0.0304936655
v  -0.0442031473 -0.0350223333 -0.0305122454
v  -0.0440708958 -0.0380000323 -0.030291155
v  -0.0432245582 -0.047999613 -0.0305249151
v  -0.0430108197 -0.0499995872 -0.0305350572
v  -0.0424877219 0.0181421563 0.0301063061
v  -0.0427102298 -0.0499999411 0.0310667567
v  -0.0441447273 -0.0214776248 0.031846229
v  -0.0403362252 -0.016774144 0.0321054421
v  -0.0447907671 0.0024818629 0.0319866911
v  -0.0435156152 -0.00155571848 0.0319869183
v  -0.0403838418 0.00850599259 0.0387260094
v  -0.0418651141 0.00241871923 0.0377956554
v  -0.0420881398 -0.0739999861 -0.0290040281
v  -0.0380362757 -0.0739999861 -0.0290040281
v  -0.0417486019 -0.077472508 -0.0293380097
v  -0.0152958315 -0.0431101397 -0.0284998342
v  -0.0267048199 -0.0368344039 -0.0285040345
v  -0.0441951789 -0.0368344001 -0.0300040059
v  -0.0417994484 0.0127044022 0.0319867879
v  -0.0339646712 -0.0273091011 0.0308420844
v  -0.042486757 0.0138146877 0.0319867991
v  -0.0406333841 -0.0909999311 -0.0299952142
v  -0.0400288068 -0.092996031 -0.0306253936
v  -0.0271514468 -0.036516048 -0.0303914305
v  -0.0380362719 -0.037999969 -0.0302540269
v  -0.0405533165 -0.119998991 -0.0284897406
v  -0.0405427851 -0.108007044 -0.0285036135
v  -0.041005142 -0.0152887739 0.0379499644
v  0.00296250568 -0.0456166789 -0.0285075046
v  0.0378249027 -0.046638988 -0.0288336668
v  -0.0399630815 0.0198308975 0.037167903
v  -0.0380362757 -0.0465660505 -0.0297540296
v  -0.0412172228 -0.121237203 0.030868683
v  -0.0380362757 -0.048000019 -0.0290040281
v  -0.0263528563 -0.0720000118 0.0234480593
v  -0.0390491225 -0.0719995797 0.0345017016
v  -0.0400117636 -0.0740001202 0.0326850675
v  -0.0393593721 -0.0930000395 0.0316421799
v  -0.0390630215 -0.120974064 -0.0320108011
v  -0.0416390039 -0.0720000118 -0.0305101145
v  -0.0413567163 -0.0739984065 -0.0305253565
v  -0.0360362753 -0.108000025 -0.0285040345
v  -0.0380362757 -0.048000019 -0.0305040237
v  -0.040562164 0.0239597484 0.031446211
v  -0.0380362757 -0.0499999933 -0.0305040237
v  -0.0385012142 -0.101746157 0.0351655632
v  -0.0386544205 -0.105999857 0.0315465592
v  -0.0385120176 0.0255700275 0.0300846584
v  -0.0375419334 -0.120875835 -0.0319927931
v  -0.0350362733 -0.1215 -0.0320131667
v  -0.0263528582 -0.0910000056 0.0234480593
v  -0.0427544154 -0.0499999933 -0.0320131667
v  -0.0429081507 -0.048000019 -0.0320131667
v  -0.0350362696 -0.048000019 -0.0320131667
v  -0.0397162288 -0.122332826 0.0323927626
v  -0.0350362696 -0.0499999933 -0.0320131667
v  -0.0394559391 -0.000850968063 0.0438235439
v  -0.0401535742 -0.122281447 -0.0320112035
v  -0.0114800939 -0.108000077 0.0482660569
v  -0.0186377764 -0.107999817 0.0462541617
v  -0.0264701825 -0.10799937 0.0425575711
v  -0.0361492746 -0.107999682 0.0346784778
v  -0.0351340882 -0.108000025 0.00466070091
v  -0.0302024204 -0.108000025 0.0185889304
v  -0.0351467431 -0.105999991 0.00515932729
v  -0.0384509824 -0.105999991 -0.0310131721
v  -0.0351352617 -0.0929999799 0.00325545156
v  -0.0350985043 -0.0910000056 0.00341826817
v  -0.0391522162 -0.0910018682 -0.0302563142
v  -0.035135258 -0.0739999861 0.00325545156
v  -0.035135258 -0.0720000118 0.00325545156
v  -0.0385878272 5.00828028e-05 0.041876588
v  -0.0376662649 -0.11999993 0.0323595367
v  -0.0361968651 -0.123000011 0.0330627523
v  -0.0334284678 -0.1215 0.0181332622
v  -0.0380362757 -0.0720000118 -0.0297540259
v  -0.0386715271 0.00602536649 0.0440544449
v  -0.0263528582 -0.0739999861 0.0234480593
v  -0.0380362757 -0.0774724334 -0.0290040281
v  -0.0383845903 -0.0499999784 0.0375519507
v  -0.0351717733 0.0255463272 0.0299868323
v  -0.0410006717 -0.0720000118 -0.0312631726
v  -0.0386362784 -0.0774724334 -0.0304415245
v  -0.0380362757 -0.0739999861 -0.0305040237
v  -0.040333353 -0.0910000056 -0.0305103734
v  -0.0367105901 0.0210417211 0.0371098034
v  -0.0384128243 0.0233390182 0.0319995806
v  -0.0369067602 -0.0909998864 0.0350973457
v  -0.0350362696 -0.0720000118 -0.0320131667
v  -0.040839348 -0.0739999861 -0.0320131667
v  -0.0263528582 -0.0929999799 0.0234480593
v  -0.0350362696 -0.0739999861 -0.0320131667
v  -0.0251330584 -0.11999999 0.0288130566
v  -0.0370502397 0.0139164627 0.0435027294
v  -0.0360362753 -0.11999999 -0.0290040337
v  -0.0367569849 0.0294847488 0.0316132158
v  -0.0372446403 0.0160329938 0.0394087955
v  -0.0390383154 -0.119999677 -0.0303866267
v  -0.0393023416 -0.120992824 -0.030513173
v  -0.0394979343 -0.108000219 -0.0302946232
v  -0.0339093767 -0.122634262 0.038211368
v  -0.0300362725 -0.0507110767 -0.00100403093
v  -0.0330075584 0.0286137462 0.0319868475
v  -0.038327612 -0.108000025 -0.0315131694
v  -0.0360362753 -0.108000025 -0.0300040301
v  -0.039352186 -0.0929999799 -0.0320131667
v  -0.0395021215 -0.0910000056 -0.0320131667
v  -0.0350362733 -0.0910000056 -0.0320131667
v  -0.0365191735 0.0258786976 0.0367701612
v  -0.03213083 -0.0994589776 0.0417253599
v  -0.025823513 -0.0350244716 -0.0254217852
v  -0.0377406441 -0.120198548 -0.030513173
v  -0.0315415896 -0.122944295 0.0389095545
v  -0.0366332047 0.00656405091 0.043142274
v  -0.0356693193 -0.121306121 0.0370773748
v  -0.0302600414 -0.0637762323 -0.00100403093
v  -0.0302364863 -0.0637997836 0.000995973591
v  -0.0350362733 -0.105999991 -0.0320131667
v  -0.0350362733 -0.108000025 -0.0320131667
v  -0.0327035002 -0.0740023106 0.040836215
v  0.0379637294 -0.046566058 -0.0300040301
v  -0.021054225 -0.0403568968 -0.0303528719
v  -0.0140249701 -0.0433647484 -0.0304050464
v  -0.00370232132 -0.0454494208 -0.030305801
v  -0.0357562974 -0.00117267668 0.0465116799
v  -0.0327333547 -0.0479976162 0.0428651683
v  -0.0350362733 -0.11999999 -0.0320131667
v  -0.0337957032 -0.0500020646 0.0419688188
v  -0.0344073288 0.0237679631 0.041250404
v  -0.0327448398 0.00492911041 0.0480284467
v  -0.0375362672 -0.0812454969 0.000840048771
v  -0.0375362672 -0.0808440894 -0.00124951638
v  -0.034536276 -0.0812454969 -0.000848106574
v  -0.034536276 -0.0808440894 0.00124145905
v  -0.0375362672 -0.079558298 0.00136425486
v  -0.0375362672 -0.0785048902 -0.000538775697
v  -0.034536276 -0.079558298 -0.0013723122
v  -0.034536276 -0.0785048902 0.00053071836
v  -0.0350362733 -0.11999999 -0.0148026701
v  -0.0343568139 -0.0001081191 0.0449480936
v  -0.0338922255 0.00520345569 0.045126453
v  -0.0316249728 -0.0930025727 0.0401086323
v  -0.0332239084 -0.105998665 0.0375949629
v  -0.0329312161 0.0336758792 0.0315149091
v  -0.0306027867 0.0347335935 0.0300868712
v  -0.0263809338 -0.0350414068 -0.0277395509
v  -0.0272724573 -0.0360633433 -0.0268780403
v  -0.0309712272 0.0207119808 0.0430882908
v  -0.0319303125 0.022432074 0.0441666096
v  -0.031820707 0.0127846152 0.0450552218
v  -0.0302826539 -0.121096864 0.0416331105
v  -0.0252383314 -0.123000011 0.0422933288
v  -0.0262719281 -0.1215 0.0277802013
v  -0.0286083762 -0.1215 0.0398034491
v  -0.0314090736 0.0142586604 0.0472493619
v  -0.0317863002 -0.0720001459 0.0416313
v  -0.0312139858 0.0294106454 0.036170315
v  -0.0322856009 0.0231283605 0.0405745879
v  -0.0293311402 0.0368992686 0.0316896513
v  -0.0275120791 0.0357150584 0.0364383496
v  -0.0300362725 -0.0507110767 0.000995973591
v  -0.0250064004 0.0358180255 0.0299868323
v  -0.0310336258 0.0323752314 0.0319875069
v  -0.0220156088 -0.105999991 0.0275544785
v  -0.0303712711 -0.0910000578 0.0411574878
v  -0.0255206544 0.0317711681 0.0426215082
v  -0.029364869 -0.0465467125 0.0470249541
v  -0.0342555605 -0.00199685991 0.0464750193
v  -0.0336503871 0.00602740049 0.046505671
v  -0.0312466044 0.00273527205 0.0465376377
v  -0.0321531519 0.0116302818 0.0464739092
v  -0.0325643532 -0.0108199678 0.0453918241
v  -0.0322091095 -0.0115918703 0.0465364903
v  -0.0172159038 -0.0720000118 0.0309785865
v  -0.0296656676 -0.119999811 0.039631743
v  -0.0183776896 -0.0740000084 0.0303052887
v  -0.0295819994 0.0170942023 0.0465257019
v  -0.0278748944 0.0145372748 0.0465481207
v  -0.0250024181 0.0328792483 0.0387970507
v  -0.0288982987 -0.0182021819 0.0465368144
v  -0.0263117272 -0.0479999334 0.0460847802
v  -0.0262342263 -0.0347058028 0.0304868259
v  -0.0271082167 -0.122561082 0.043451108
v  -0.0254949648 -0.037682876 0.0304868259
v  -0.0172159057 -0.0910000056 0.0309785865
v  -0.0183776878 -0.092999965 0.0303052887
v  -0.0286243055 0.00417900085 0.0494520217
v  -0.0272343196 0.0230213031 0.0466243364
v  -0.0262297578 -0.105999947 0.0428266823
v  -0.0279567558 -0.0500000231 0.0452563316
v  -0.0254763532 -0.0412457287 0.0487231873
v  -0.0231610052 0.0294041783 0.0429121256
v  -0.0271036886 0.0211091489 0.0450491533
v  -0.0266014915 0.00479137152 0.0479171202
v  -0.0269914325 4.68268991e-05 0.0478497595
v  -0.023387026 0.0184886679 0.0491690524
v  -0.0246785395 -0.0719999373 0.0454662405
v  0.0299637299 -0.0507110842 -0.00100403093
v  0.0299637299 -0.0507110842 0.000995973591
v  -0.0241092872 -0.0486622602 0.00099502271
v  -0.0233868863 -0.0739997551 0.0459687598
v  -0.0265389849 -0.00510970503 0.0477376804
v  -0.0216623489 0.0393331945 0.0319883488
v  -0.0248327889 0.0105667263 0.0479129106
v  -0.0235429723 -0.12127313 0.0457471535
v  -0.0244453643 -0.0116641335 0.0479583964
v  -0.0185047816 0.0395717323 0.0319868326
v  -0.0190207157 -0.0909999087 0.0468660183
v  -0.023658162 -0.0929999501 0.0448543131
v  -0.00452312548 -0.0477531441 0.0194403436
v  -0.0118096741 -0.0440573171 0.0224424414
v  -0.0214537866 -0.122955352 0.0450026616
v  -0.0142433383 -0.1215 0.0471379906
v  -0.024123691 0.00653567165 0.0504741482
v  -0.0262081958 0.021952793 0.0464755259
v  -0.023250971 0.0409860164 0.0314143449
v  -0.0206331443 0.0414052308 0.0300582722
v  -0.0110537829 -0.106012769 0.0335678421
v  -0.0228591245 0.0239081681 0.0478309207
v  -0.0207063947 -0.11999993 0.0450512841
v  -0.0195338205 -0.107999019 0.0296198279
v  -0.010144433 -0.11999999 0.0368483625
v  -0.0263439622 -0.0350062177 -0.0305133164
v  -0.0269546974 -0.000474024564 0.0494898111
v  -0.0264518037 0.00507988036 0.0494827479
v  -0.0262940824 -0.00590315834 0.0494894683
v  -0.0194524284 0.00449189544 0.0494223163
v  -0.0200531837 -9.97632742e-05 0.0494754836
v  -0.019332232 0.0279531702 0.0475593247
v  -0.0249083415 0.0102595165 0.0494874679
v  -0.0193773769 0.0284315944 0.045066148
v  -0.0246352665 -0.0109411255 0.0494896881
v  -0.0181912351 -0.0395265669 0.0304868259
v  -0.0220683869 0.0260986015 0.0465063192
v  -0.0192666966 -0.0466800332 0.00871086493
v  -0.0194675419 -0.00448011607 0.0494231731
v  -0.0210559424 0.0170054287 0.0478177667
v  -0.0171269868 0.0261922553 0.046537701
v  -0.0200005155 -0.0486588702 0.0073559559
v  -0.0199461598 -0.0500003323 0.0477245674
v  -0.0130805317 -0.0439036712 0.0304891542
v  -0.0158294532 0.0422581881 0.0363064371
v  -0.0167473555 0.0440646112 0.0317110382
v  -0.0154000418 0.0393979996 0.0406476408
v  -0.0179752987 0.0374029502 0.0384266116
v  -0.0223697275 0.0149818137 0.0494946428
v  -0.0204414409 -0.0176714659 0.04841429
v  -0.017663274 0.00934834033 0.0494536944
v  -0.0220199265 -0.0155505799 0.0494917892
v  -0.0192004684 -0.0776058733 0.0491320789
v  -0.0176751111 -0.00936187804 0.0494480878
v  -0.0138958627 -0.0480000973 0.0487155505
v  -0.0179586951 -0.122059986 0.0481780246
v  -0.0184250884 -0.105999909 0.0463950038
v  -0.0109324036 -0.123006314 0.0491049439
v  -0.0138976378 0.035284847 0.0451601744
v  -0.0147328414 -0.0480000228 0.0320361592
v  -0.00826516189 0.0428987965 0.0299868323
v  -0.0170907192 0.0204763934 0.0499558486
v  -0.0144207207 0.01381208 0.0494111702
v  -0.019062046 0.0190228149 0.0494902618
v  -0.0116186524 -0.1215 0.0364119299
v  -0.0162612628 -0.0719998628 0.0478994958
v  -0.0142606134 -0.121162944 0.0494820103
v  -0.0169901662 0.0296535194 0.0465025753
v  -0.0138504189 -0.0145027786 0.0494079515
v  -0.0187141113 -0.0194093361 0.0494921878
v  -0.0129532749 0.0242444575 0.0498452522
v  -0.0147328414 -0.049999997 0.0320361592
v  -0.0152252382 -0.0929995701 0.0476983972
v  0.0330626518 -0.048714906 0.000996087212
v  -0.0128235994 -0.0415829271 -0.0305131283
v  0.0330637768 -0.0487247631 -0.0010039811
v  0.0313972719 -0.0487196408 -0.0109748645
v  -0.0129783358 -0.0691501424 0.0504360273
v  -0.0152721349 0.0223399997 0.0477854423
v  -0.0116502699 0.029188022 0.0486393832
v  -0.00956032798 0.0107395202 0.051202327
v  -0.01996959 -0.00196747109 0.0488191023
v  -0.0196128991 0.00387454778 0.048899211
v  -0.00604379503 -0.123000011 0.0488643683
v  -0.0179350264 0.0088686198 0.0489781834
v  -0.0183254946 -0.00820812955 0.0488154702
v  -0.0145603362 -0.0228815787 0.0488629863
v  -0.0137376608 0.0345043242 0.0430523045
v  -0.00881895237 -0.0485732779 -0.0141991349
v  -0.0150381317 0.0223474056 0.0494875908
v  -0.0100195603 0.0174126029 0.0494392738
v  -0.0146734323 -0.0226214826 0.0494901277
v  -0.00931495801 0.0405479521 0.0384176895
v  -0.00930199306 -0.0425116867 0.0304868259
v  -0.0088557899 0.044037506 0.0319881812
v  -0.0117497947 -0.0740000978 0.0486546308
v  -0.0149688572 -0.0133648328 0.0489280261
v  -0.0118572004 0.0455891043 0.0315148681
v  -0.00930459984 0.0453641266 0.030094754
v  -0.00226743799 -0.0910000056 0.0353834368
v  -0.0109996852 -0.10599988 0.0483807474
v  -0.0116939349 0.0321141481 0.0464997776
v  -0.0135217253 0.0147786438 0.0488573872
v  -0.00792177208 -0.0485354215 0.015020879
v  -0.00856203865 -0.119999439 0.0487696454
v  -0.0095924288 0.0328662544 0.0450675152
v  -0.011526064 -0.107760504 0.0330252871
v  -0.0104610948 -0.121938162 0.0503519326
v  -0.0103405733 0.0248762593 0.0494859815
v  -0.00499768462 -0.0499999411 0.0350416899
v  -0.00415127398 -0.0500001833 0.0493970737
v  -0.00397768384 -0.0480000228 0.0351709202
v  -0.00934352353 -0.0254135653 0.0493071713
v  -0.00376862451 -0.0929999575 0.0352582894
v  -0.00376862264 -0.0739999786 0.0352582894
v  -0.00226743636 -0.0720000118 0.0353834368
v  -0.00911329594 -0.0177641958 0.0492806397
v  0.00178608787 0.0093633309 0.0492480099
v  -0.00616058661 -0.0460300185 -0.017537903
v  -0.00337496703 -0.0720002055 0.0493750274
v  -0.00120099052 0.022631675 0.0507024825
v  -0.00452652108 0.04323937 0.0319868289
v  -0.00767476903 0.0260491744 0.047782924
v  -0.0050858059 -0.106086202 0.0512252413
v  -0.00238023512 0.0447771028 0.0367714502
v  -0.006409036 0.0466884449 0.0316005014
v  -0.00317225233 0.040983893 0.0422151871
v  -0.00906189531 -0.103953019 0.0487578958
v  -0.00683583179 0.0188290104 0.0489078574
v  5.73816214e-05 -0.0437098145 -0.0305131432
v  -0.00381373172 -0.0910004303 0.049386967
v  -0.00515213888 -0.043401707 0.0218316074
v  -0.0107531762 -0.110698588 0.0483904593
v  -0.0094262436 -0.107418448 0.0506930314
v  -0.00791029353 -0.105626799 0.0509274006
v  -0.00675927009 -0.112615295 0.0490442067
v  -0.00438074954 -0.0930009708 0.0493345372
v  -0.00631763227 -0.110573068 0.0511213057
v  -0.00911126193 -0.109503075 0.0507289581
v  -0.00565608265 0.0368389189 0.0429355688
v  -0.00601251703 0.0336625874 0.0465023071
v  -0.0107112471 -0.110657118 0.0329830237
v  -0.00820773561 -0.10900978 0.0329829976
v  -0.00763611821 -0.106668584 0.0329828039
v  -0.00269721937 0.0348916203 0.0470527224
v  -0.0100155706 -0.104700789 0.0329828002
v  -0.00022168424 0.0313395113 0.0465406328
v  -0.00520216487 0.0264186114 0.0494946092
v  -0.00190579391 -0.0455523953 0.0232568365
v  -0.00236460636 0.0199356228 0.0494314544
v  0.00597123615 -0.1215 0.0488643683
v  -0.00236879173 -0.122368172 0.0512161069
v  -0.0054514287 -0.121204197 0.0511794314
v  -0.00510418555 -0.0264829099 0.0494901612
v  -0.00714928564 -0.112619475 0.0329826586
v  -0.00726469792 -0.103363462 0.0329818837
v  -0.001222527 0.0290747285 0.0493687131
v  0.00290137948 -0.0470433496 0.0225876812
v  -0.000405412982 -0.0270465165 0.0493787751
v  0.00673416024 -0.0479996018 0.0492251962
v  -0.00921944249 -0.109288804 0.0349971913
v  -0.00911956839 -0.106557697 0.0349961296
v  -0.00812567025 -0.109029248 0.034996029
v  -0.00751428585 -0.106527247 0.0349959806
v  2.04564421e-05 -0.043522343 0.0304868259
v  0.000766212353 -0.0739992335 0.0494293794
v  0.00509144319 -0.0454232283 0.0304879285
v  -0.00698337937 -0.105467692 0.0349960029
v  -0.00708780577 -0.110594951 0.0349960849
v  -0.00248027244 -0.0199391991 0.0493917987
v  -0.00486420374 -0.103954785 0.0492557175
v  -0.000118064214 0.0343307555 0.0450625531
v  -0.00577625399 -0.108959973 0.0329828598
v  -0.0063917418 -0.109329343 0.0349961072
v  -0.00591289485 -0.107058205 0.0329828039
v  -0.00473008491 -0.106600687 0.0349954478
v  1.38889154e-05 -0.05663101 0.0513221174
v  0.00532865478 -0.1215 0.0378310196
v  0.00684624165 -0.11999999 0.0375845879
v  -0.00268320413 -0.110081725 0.0329810977
v  0.0196579453 -0.0485686213 -0.0228621587
v  -0.00492056925 -0.109641656 0.0349954031
v  0.00454651611 -0.0483681373 -0.0200025495
v  0.00286817714 0.0427933186 0.0361825824
v  0.000343112799 0.0387772247 0.0417959355
v  2.15252076e-05 -0.0907594413 0.0514242537
v  -0.00319267367 -0.105341427 0.0329866335
v  -0.00548500847 -0.107922457 0.034995731
v  0.0262247883 -0.0486992225 0.0217818674
v  0.000226115881 0.0471385419 0.0314707868
v  0.00264187111 0.0461970866 0.0300583057
v  -0.000457128685 -0.121365517 0.0514394566
v  6.47209527e-06 0.0341939628 0.046476312
v  -0.00366956973 -0.111080296 0.0493316017
v  -0.00452295272 -0.108520508 0.0512815155
v  1.13746646e-05 0.0269345194 0.0494920947
v  0.00118800497 0.0269841254 0.0478215292
v  0.00353789143 -0.122984722 0.0503013246
v  0.00290530128 0.0447971597 0.0319865383
v  0.00456744898 0.04323937 0.0299868323
v  0.00830608793 0.0428987965 0.0319868214
v  0.0239765402 -0.0465508401 0.0223984215
v  0.0182663612 -0.0464353189 -0.0227623433
v  0.00518543087 -0.045343861 -0.0303486325
v  0.00603002775 0.0336560011 0.0465201922
v  0.00204019644 -0.120000347 0.0494795218
v  0.00900151208 -0.0467705317 -0.0242853556
v  0.00348517182 -0.0454496853 -0.0246151127
v  -0.00289244764 -0.106018327 0.0353477821
v  -0.00295958738 -0.105999991 0.0493756123
v  -0.00236779032 -0.108063258 0.0493975058
v  0.00366374035 0.0196274221 0.0494106784
v  0.00437969808 0.0197157711 0.0488892198
v  0.00492778048 -0.105999954 0.0493051745
v  0.00338347256 -0.019706741 0.0493510254
v  -0.00242591184 -0.107998736 0.0353050195
v  0.0264404211 -0.0467104912 -0.021677237
v  0.0323231705 -0.0487310998 0.00775944022
v  0.0041705193 -0.0434106179 0.0238589123
v  0.00943059288 -0.0500000343 0.0341550782
v  0.00622616382 -0.0480000228 0.034685228
v  0.0081484504 -0.0429269932 -0.0249856599
v  0.014566768 0.00882914662 0.051089026
v  0.0103679635 0.0187880024 0.0507697426
v  0.00386088551 -0.121197388 0.0513682067
v  0.00585622899 -0.122306846 0.0509404838
v  0.0100591229 -0.123000011 0.0479447283
v  0.00880760048 -0.0179588571 0.0493239425
v  0.00934290607 -0.0425116867 0.0304868259
v  0.0121242385 -0.0418982282 0.0262021683
v  0.00540937716 -0.0265016109 0.0493685789
v  0.00511996308 0.0264462605 0.0494934916
v  0.00695651863 -0.0930002332 0.0491261818
v  0.00286353566 -0.0778118744 0.0493503623
v  0.00324995164 -0.0826534182 0.0493422486
v  0.00666809548 -0.0909997374 0.0491035618
v  0.00667939987 -0.107999727 0.0491176657
v  0.00678179832 0.0466409475 0.0316218138
v  0.00671074307 0.033901535 0.0472769476
v  0.0104034301 0.0326065794 0.0465155877
v  0.00788918044 0.0398786217 0.04268663
v  0.00719303358 0.0366946012 0.0429186933
v  0.005829175 0.0444712788 0.036591541
v  0.00596302235 -0.0823712423 0.0512028784
v  0.00443706522 -0.0793866366 0.0512837581
v  0.00782327261 -0.0774801075 0.0510478988
v  0.0188622512 0.00721428543 0.0489547811
v  0.00713696983 -0.0450082235 0.0256567374
v  0.0125949187 -0.0930000022 0.0331414379
v  0.0139953569 -0.0910000056 0.0325732976
v  0.0125949206 -0.0740000159 0.0331414379
v  0.0165519845 -0.0739985555 0.0479604714
v  0.0139953587 -0.0720000118 0.0325732976
v  0.0201292112 -0.0484052449 0.0232581049
v  0.0140506607 -0.10799998 0.0325655565
v  0.0150626563 -0.108000167 0.0474577583
v  0.0154731898 -0.105999991 0.031912677
v  0.0166833811 -0.10600014 0.0470492989
v  0.00272417185 -0.0779273808 0.032982856
v  0.00341946702 -0.0828691795 0.0329828709
v  0.00599305797 -0.0788116828 0.0329828039
v  0.00617636368 -0.0812678486 0.0329828039
v  0.0113465618 -0.0719999447 0.0487037934
v  0.0174103267 -0.046666123 0.0258984379
v  0.0118518043 0.0257005617 0.0496021956
v  0.00636878051 -0.0845146328 0.0491455905
v  0.00758198788 -0.0846245736 0.0329802558
v  0.00657159928 -0.0754403397 0.0491447039
v  0.00718772598 -0.0753994733 0.0329827592
v  0.0152773419 -0.0500003323 0.0485018566
v  0.0239568967 -0.0500144735 0.0261938833
v  0.0295556765 -0.0500201993 0.0231312253
v  0.0100288475 0.0174131468 0.0494307503
v  0.00974400248 -0.0252537131 0.049309276
v  0.0174300484 -0.0400448367 -0.0303280838
v  0.0131566105 -0.0437694788 -0.0305318497
v  0.00995482132 0.0328288674 0.0450525135
v  0.00498983357 -0.0816372111 0.0349957086
v  0.00462244265 -0.0788984075 0.0349959917
v  0.0060562836 -0.0810889751 0.0349959806
v  0.00566672254 -0.0793657377 0.0349959806
v  0.00800739881 0.0257733613 0.0477866605
v  0.0185457151 0.0395717323 0.0299868323
v  0.014208152 0.0426538661 0.0319881886
v  0.0128301522 0.0397563428 0.0381398052
v  0.0104085431 0.0248690769 0.0494819358
v  0.00730835833 -0.0774863288 0.0349955149
v  0.00703580678 -0.0825778395 0.0349961482
v  0.00786454137 -0.0812678486 0.0349959806
v  0.0139940167 0.0278682262 0.0465401784
v  0.0186661184 -0.0456721783 0.024173256
v  0.012933488 -0.120000392 0.0478163511
v  0.0149360383 -0.122805357 0.0485892184
v  0.0148376236 0.0426112711 0.0362993255
v  0.0124230366 0.0454407632 0.0315186344
v  0.0111316871 -0.121358767 0.0503115058
v  0.0173183102 0.0431277007 0.0300894193
v  0.017869832 -0.0480015874 0.0305755027
v  0.00804784801 -0.0788116828 0.0349959806
v  0.026570769 -0.0466818884 0.0227028392
v  0.00877039693 -0.0819777995 0.0510317683
v  0.0135092735 0.0148867667 0.048851382
v  0.00962092262 -0.0800545067 0.0507719256
v  0.0238282848 0.0038722679 0.0504899509
v  0.00798462331 -0.0810889751 0.0329828039
v  0.0100564742 -0.0833439082 0.0329828002
v  0.00837418251 -0.0793657377 0.0329828039
v  0.00914738048 -0.0786336809 0.0349962972
v  0.021302348 -0.0444353744 -0.0257756058
v  0.0153247109 -0.043102324 -0.0283419527
v  0.020447202 -0.0408153981 -0.0300000142
v  0.0221267845 -0.0440686569 -0.0285023879
v  0.00985786505 -0.0836723596 0.0487853438
v  0.00934310723 -0.0812734514 0.0349960327
v  0.0115787946 -0.0805372074 0.0329822861
v  0.0107425759 -0.0773519576 0.0329830945
v  0.0106154103 -0.0770379826 0.0487364046
v  0.0171302818 0.0306275785 0.0470559932
v  0.014712411 -0.0226244256 0.0494933799
v  0.0138900336 -0.0145064108 0.0494075269
v  0.0216755811 -0.0401749089 0.0303306691
v  0.0191588718 -0.0391096398 0.0304670371
v  0.0159963779 -0.0426933542 0.0285070613
v  0.014522966 0.0137343407 0.0494020283
v  0.0147602344 0.0227615386 0.0478080884
v  0.023373913 -0.12298739 0.0442001931
v  0.0200761203 -0.0930000469 0.0464074165
v  0.0169137977 -0.0910000503 0.0473765098
v  0.0217674039 -0.0462078005 -0.0268552303
v  0.011493287 -0.080805704 0.0485737212
v  0.0235785712 -0.123000011 0.0431995466
v  0.0197213497 -0.1215 0.0448360927
v  0.0168846045 0.0368058532 0.0428358428
v  0.020767564 -0.044307217 0.0281543806
v  0.0200143531 -0.00190797448 0.048836384
v  0.0142646953 -0.0141071267 0.0489917174
v  0.0212133881 -0.1215 0.0317563973
v  0.0224737618 -0.11999999 0.0308759175
v  0.0252608303 -0.119999155 0.0428068265
v  0.015048014 0.0223708451 0.0494864024
v  0.0164157692 0.0352658927 0.041579973
v  0.0174551122 -0.0206613168 0.0486900918
v  0.0176836587 0.0436947122 0.0315858945
v  0.0170792695 0.0296236724 0.0465026051
v  0.0167968534 -0.121555187 0.0487118699
v  0.0170342959 0.0297413319 0.0450555533
v  0.0187335629 -0.0194360539 0.0494885556
v  0.0197760146 -0.0747199431 0.0490139164
v  0.0207658857 0.0171130449 0.0499888547
v  0.0193871614 0.0243646726 0.0487209149
v  0.0247576348 -0.0436099693 0.0266830958
v  0.0183260385 -0.0395446941 -0.0281188041
v  0.0206306744 -0.121170826 0.0471984744
v  0.0250473302 0.0358180255 0.0319868289
v  0.022755947 -0.0480003655 0.047275003
v  0.0329578593 -0.0500034429 0.0257760994
v  0.0181219522 -0.00859560445 0.048837401
v  0.0190882627 0.0190405846 0.0494860671
v  0.0177056156 -0.00938083231 0.0494539589
v  0.0177002996 0.00935485959 0.0494518951
v  0.0230129343 -0.0719997138 0.0461974517
v  0.0220842138 -0.0155235864 0.0494897962
v  0.0223668516 0.0150596946 0.0494908914
v  0.0235469155 0.0291462392 0.0429394133
v  0.0266460013 -0.0487260967 -0.02181012
v  0.023432998 0.0207992792 0.0465439223
v  0.023597749 0.0363483652 0.0393279418
v  0.0215188954 -0.0462851897 0.0266296864
v  0.0238533486 0.0357194692 0.0360976271
v  0.0270535089 -0.0446968451 -0.0264069438
v  0.0448000208 -0.0458123386 -0.0277936645
v  0.021688221 0.0162169859 0.0478334799
v  0.0453561731 -0.0459680967 0.0278054737
v  0.0229736064 -0.0371567085 0.0293315724
v  0.0301631261 -0.0929995328 0.0411437526
v  0.0263407361 -0.0929999948 0.0237114169
v  0.0273270048 -0.0910000131 0.0225663017
v  0.0259486511 -0.0909998268 0.0438754633
v  0.0318312682 -0.0910001323 0.0400282927
v  0.0263407361 -0.0739999935 0.0237114169
v  0.0295672398 -0.0739998743 0.0430418402
v  0.0273270067 -0.0720000118 0.0225663017
v  0.0220348798 0.0261662006 0.0464965254
v  0.0235779881 0.0408331305 0.0314765684
v  0.0246107411 -0.122654438 0.0447806641
v  0.024977278 -0.107999608 0.0434677862
v  0.0241738539 -0.0460760891 -0.0236797072
v  0.024697097 -0.0108968206 0.0494857691
v  0.0263614655 -0.00581729412 0.0494876914
v  0.0197557118 -0.00363980979 0.0494376309
v  0.0249436758 0.0102759302 0.0494868159
v  0.0195146315 0.00438205153 0.0494161099
v  0.03333956 -0.1215 0.036193531
v  0.0253237709 -0.0479680672 -0.0245460328
v  0.0251715444 -0.0479630977 0.024453152
v  0.0252050683 -0.108000025 0.0246016122
v  0.0334119201 -0.10800077 0.0374416374
v  0.0286794435 -0.106000021 0.0208436828
v  0.0268833023 -0.105999663 0.0424436629
v  0.0333858132 -0.105999842 0.0375186652
v  0.0280349739 0.0353850275 0.0319874845
v  0.0439345725 -0.048000291 0.0287795663
v  0.0250032544 -0.0975708216 0.0461816117
v  0.0232013799 -0.0140982792 0.0481751077
v  0.0256101042 0.0238964632 0.0469770245
v  0.0284028444 -0.0499993302 0.0452436917
v  0.0442903563 -0.040067926 0.0294466428
v  0.0248654913 0.0237033814 0.0450511836
v  0.0255622882 -0.0447103307 0.0259598531
v  0.0269987229 -0.000436473638 0.0494940542
v  0.026491683 0.00509230793 0.0494890027
v  0.0200681649 0.000485144556 0.0494648442
v  0.0262914635 0.0304372758 0.0400454849
v  0.0271174069 0.0300846547 0.0428397655
v  0.0280247871 -0.120851219 0.043112088
v  0.0347119272 -0.0479992554 0.0416056439
v  0.0298007987 -0.047963284 0.0267967172
v  0.0431750119 -0.0409965217 0.031313967
v  0.0247914847 -0.0358201191 0.0316519104
v  0.0265740734 -0.0461172611 0.0276165493
v  0.0435382314 -0.0436763018 -0.0305353217
v  0.0258569196 -0.0350524336 -0.0297659151
v  0.0258572008 -0.0350819975 -0.0318001807
v  0.033048477 0.0286137536 0.0299868323
v  0.0262826234 0.0218956769 0.0465104952
v  0.0296016857 0.0339786559 0.0364166461
v  0.0294336677 0.0368515477 0.0316732638
v  0.0287653059 0.0165593922 0.0479937159
v  0.0379637517 -0.0430288613 -0.030407479
v  0.032881394 -0.0467348024 0.00906673074
v  0.0300104041 0.0352665633 0.030079022
v  0.031248441 0.00266664475 0.0487790182
v  0.0296018962 -0.121573508 0.0421762206
v  0.0451753587 -0.039827548 -0.029651342
v  0.0263133813 0.00689280778 0.0479544103
v  0.0432405695 -0.0930009186 0.0253305659
v  0.0370291471 -0.0930000991 0.0348454565
v  0.0386767425 -0.090999499 0.0331646912
v  0.0388612933 -0.0739999861 0.0345828198
v  0.0345318913 -0.0719995126 0.0397193097
v  0.0419553071 -0.072000131 0.0297096558
v  0.0286056343 -0.0472823419 -0.0234789252
v  0.0263322908 -0.00672545657 0.0477332398
v  0.0274526272 -0.0474027097 -0.0266092531
v  0.0290295575 -0.0181164183 0.0465020873
v  0.030260453 0.00826751441 0.0465526283
v  0.0307931956 -0.1215 0.0222118217
v  0.0335487947 -0.12000002 0.0182020664
v  0.0382689796 -0.119999841 0.0317770466
v  0.0322655588 -0.10800001 0.014686469
v  0.0391692668 -0.108004451 0.0307180844
v  0.0395170711 -0.106000185 0.0303884447
v  0.0276633259 -0.0491558686 0.0218490548
v  0.0438954495 -0.035077665 -0.0321801193
v  0.0321931839 0.0283602178 0.03614204
v  0.0283702649 0.0192269012 0.0450572707
v  0.0296837129 0.0170158297 0.0465088263
v  0.0315236188 -0.0302380323 0.0320523903
v  0.0445672795 -0.0356408469 0.0300085619
v  0.0314506255 0.0230379626 0.0414162315
v  0.0299802348 -0.0501121692 0.0183269773
v  0.0312720872 5.85839152e-05 0.0465336107
v  0.0352480114 -0.0502895378 -0.023235118
v  0.0292209238 -0.0474133305 0.0238674656
v  0.0307595357 -0.0488730222 0.0132116769
v  0.0288398769 -0.0474154204 -0.0213706698
v  0.029283287 -0.0475954078 0.0212254003
v  0.0270220432 2.11894512e-05 0.0478141271
v  0.0342485942 -0.123007879 0.0362051986
v  0.0314660296 -0.0494919308 -0.0258081444
v  0.0317153856 -0.046880357 -0.0137202423
v  0.028412845 -0.0496847369 -0.0218858272
v  0.0311837196 -0.0305123255 0.0300755389
v  0.0303545743 0.0236678421 0.0445793122
v  0.0329701528 0.0182428807 0.0427067392
v  0.0298629068 -0.0504173636 -0.0224630348
v  0.0353837311 -0.122343138 0.0372084156
v  0.0328013226 -0.0473445691 0.0122166649
v  0.0354109183 0.0154816508 0.0446071401
v  0.0332646444 0.0333691612 0.0314573497
v  0.0361243114 -0.123000011 0.0330627523
v  0.0438450053 -0.0271369107 0.0320459791
v  0.0307173021 -0.050904043 -0.0174759347
v  0.0345515013 -0.0468609706 -0.000398040283
v  0.0349629633 -0.0480014645 -0.0278193485
v  0.0324939303 -0.0109979697 0.0454950482
v  0.0316910706 -0.048959408 -0.0178622827
v  0.0371385887 -0.000432688743 0.0457268022
v  0.0336874798 0.0060204342 0.0465178192
v  0.0352126993 0.0255463272 0.0319868289
v  0.032714095 -0.0522271767 0.0209565926
v  0.031945724 0.0125364065 0.0450511836
v  0.033013083 -0.0929999799 0.0122557674
v  0.0424637273 -0.0929999799 0.000995973591
v  0.0481551848 -0.0929999948 0.0111144111
v  0.0346153304 -0.0910000056 0.00757455966
v  0.0450880788 -0.0909998715 0.0212788284
v  0.0330130868 -0.0739999861 0.0122557674
v  0.0449132882 -0.0740001053 0.0230539758
v  0.042463731 -0.0739999861 0.000995973591
v  0.048590418 -0.0739999935 0.000995973591
v  0.0481034666 -0.0739936084 0.0108263865
v  0.045185037 -0.0719986707 0.0223128181
v  0.0346153341 -0.0720000118 0.00757455966
v  0.0317217521 -0.0492207445 -0.021816045
v  0.0323265716 -0.0114304498 0.0465203114
v  0.0321863964 0.0116611868 0.0464701429
v  0.0343097709 0.0239747763 0.0412348285
v  0.0341301374 -0.0540782697 -0.00100436388
v  0.0302125923 -0.0638222396 -0.00100403093
v  0.0377552733 -0.059976466 -0.0010177982
v  0.0301414877 -0.0637511313 0.000995973591
v  0.0341446884 -0.0541451164 0.000995523762
v  0.0376908705 -0.0598518364 0.000998565461
v  0.0345349349 -0.121116489 0.0382203273
v  0.0364784375 0.00740891695 0.0456955954
v  0.0445248 -0.108000174 0.0217956454
v  0.0349763334 -0.105999991 0.00550123909
v  0.0456455573 -0.106000081 0.0193889029
v  0.0323271267 -0.0492577106 0.0167413112
v  0.0349231251 -0.052132722 0.023756884
v  0.0362128429 -0.0515358821 0.0214595478
v  0.0336685404 -0.0507537127 0.0196739156
v  0.0361791179 -0.1215 0.0120858289
v  0.0481850952 -0.1215 0.00994120352
v  0.0421612337 -0.1215 0.0249032192
v  0.0449366085 -0.120000586 0.0208356623
v  0.0354723819 -0.0500021167 0.0406400971
v  0.040116515 -0.0642976165 -0.00100403093
v  0.0398411527 -0.0641867742 0.000995973591
v  0.0371855646 -0.0498457849 0.024247475
v  0.0343176462 -0.0017308183 0.0464619659
v  0.0335627124 -0.0541059151 -0.0165347066
v  0.0343878418 -0.0507994182 -0.0214732084
v  0.0333836228 -0.0535522886 0.016037954
v  0.0331990868 -0.0527760945 -0.00943500549
v  0.036908865 0.0293160379 0.0316173285
v  0.0371219404 0.0252238587 0.0366077423
v  0.0340044014 -0.0474937707 -0.00839781482
v  0.0346252695 -0.0522583015 -0.0165026914
v  0.0353241488 0.022389099 0.0379014276
v  0.0344251022 -0.10097532 0.0395634659
v  0.0393987 0.02468656 0.0301242098
v  0.0451171324 -0.035012342 -0.0302936807
v  0.0439001322 -0.0350223668 -0.030513173
v  0.0326315425 -0.0487624146 -0.00582250673
v  0.0347436666 -0.0514190719 -0.0103154145
v  0.0343463793 -0.0545630082 0.00471821381
v  0.0339321978 0.00500369072 0.0451492593
v  0.0357369743 -0.0547608957 -0.0200649854
v  0.0345080495 -0.0476068966 0.00549725397
v  0.0346275084 -0.0517555699 0.012226494
v  0.0344451517 -0.000189650804 0.0449037775
v  0.0368453488 0.00687427819 0.0429307409
v  0.0349673033 -0.0929999799 0.00415161392
v  0.0483489521 -0.091003269 0.00991260074
v  0.034967307 -0.0739999861 0.00415161392
v  0.047362864 -0.0719992667 0.0142163858
v  0.0402575657 -0.0171399303 0.0299868323
v  0.0408894382 -0.0155710652 0.0319868252
v  0.034835875 -0.0500794314 -0.0263425801
v  0.0383382402 0.0235458836 0.0319902077
v  0.0496086515 -0.108000621 0.00106812408
v  0.0477318875 -0.107999295 0.0129110329
v  0.0351470187 -0.108000025 0.00144277094
v  0.0424637273 -0.108000025 0.000995973591
v  0.0485860035 -0.105996579 0.00898810662
v  0.0424637273 -0.105999991 0.000995973591
v  0.0350512192 -0.0491322391 -0.00271157827
v  0.0371730439 8.8609755e-05 0.0430508628
v  0.0386426337 -0.096238479 0.0355347916
v  0.0367118977 -0.0534839928 0.0177359618
v  0.0369760953 -0.0553676672 0.00888259523
v  0.0424638838 -0.0846730769 0.000970242079
v  0.034463726 -0.0844834298 0.00156479562
v  0.034463726 -0.0847499818 -4.02890146e-06
v  0.0424637273 -0.0846435279 -0.00100403093
v  0.0344624892 -0.0838197172 -0.00306759728
v  0.0344637297 -0.0811543614 0.00104082236
v  0.0488065295 -0.0846736133 -0.00117079588
v  0.0344637297 -0.081040889 -0.00106797041
v  0.0488387756 -0.0846991837 0.00102069182
v  0.0344640352 -0.0825059861 0.00417396938
v  0.0485565178 -0.082215935 -0.00436537573
v  0.0344637297 -0.0811605901 -0.00461005233
v  0.0486873053 -0.0823025405 0.00427332474
v  0.0364637338 -0.0811543614 -0.00104888389
v  0.0364637338 -0.0810409039 0.00105990795
v  0.0344640724 -0.0775184855 -0.00419074856
v  0.0484398715 -0.077772148 -0.00431357091
v  0.0344637297 -0.0788394064 0.00460199406
v  0.0344637297 -0.0789592266 0.0010599927
v  0.0344637297 -0.0788457096 -0.00104889926
v  0.0364637338 -0.0788456947 0.00104083726
v  0.0364637338 -0.0789592266 -0.0010680547
v  0.0344637297 -0.0755165666 -0.00157285295
v  0.034463793 -0.0755744129 0.00225415127
v  0.0486087874 -0.0772919133 0.00419253251
v  0.0485789403 -0.0752988979 -0.00104041304
v  0.0424638838 -0.0753280222 -0.000986465719
v  0.0486212522 -0.0753633082 0.000996181276
v  0.042463731 -0.0753564686 0.000995973591
v  0.037754748 -0.0556444824 -0.0148925604
v  0.0404416546 -0.00110353902 0.0428140052
v  0.0375761129 -0.121334732 -0.0319984555
v  0.0349637195 -0.1215 -0.0148026701
v  0.0349637195 -0.120374992 -0.0320131704
v  0.0449377224 -0.1215 -0.0200427268
v  0.0380055122 -0.1215 -0.00313549582
v  0.035643898 -0.12000002 -0.0129894828
v  0.0377902761 -0.11999999 -0.0320131667
v  0.0359637216 -0.11999999 -0.0295040309
v  0.0405681208 -0.119999245 -0.0284981206
v  0.046174325 -0.120000049 -0.0182540622
v  0.0380055122 -0.11999999 0.0031274301
v  0.0483690277 -0.120000869 0.0110340677
v  0.0359637216 -0.108000025 -0.0288790334
v  0.0349637195 -0.108000025 -0.0320131667
v  0.0383705422 -0.108000025 -0.0312631726
v  0.0346782058 -0.106000081 -0.031977918
v  0.0384939089 -0.105999991 -0.0320131667
v  0.0392295718 -0.10599719 -0.0306747984
v  0.0484828837 -0.1060002 -0.00926556624
v  0.0454677343 -0.105998918 -0.0195315853
v  0.0493383817 -0.106000006 -0.00100709638
v  0.0424637273 -0.105999991 -0.00100403093
v  0.0400834903 -0.0929982066 -0.0305639654
v  0.0349637195 -0.0929999799 -0.0320131667
v  0.0393951014 -0.0929999799 -0.0320131667
v  0.0349597447 -0.0910000205 -0.032013163
v  0.0395450369 -0.0910000056 -0.0320131667
v  0.0483738109 -0.092999965 -0.00836052187
v  0.0424637273 -0.0929999799 -0.00100403093
v  0.0449608192 -0.0930070728 -0.0206219908
v  0.0391953513 -0.091004014 -0.0303835999
v  0.0424637273 -0.0910000056 0.000995973591
v  0.0424637273 -0.0910000056 -0.00100403093
v  0.0489606038 -0.0909999758 -0.00100400252
v  0.048545301 -0.0910001546 -0.00646244828
v  0.046548076 -0.0910023451 -0.0165853556
v  0.0349637233 -0.0720000118 -0.0320131667
v  0.0410435759 -0.0720000118 -0.0320131667
v  0.0349637233 -0.0739999861 -0.0320131667
v  0.0408822559 -0.0739999861 -0.0320131667
v  0.0349637233 -0.0720000118 -0.00419478677
v  0.0413412265 -0.0739991814 -0.0305411071
v  0.0389637314 -0.0739999861 -0.0302540269
v  0.0410435759 -0.0720000118 -0.030513173
v  0.0379637294 -0.0720000118 -0.0290040281
v  0.0379637294 -0.0720000118 -0.0305040237
v  0.042463731 -0.0720000118 0.000995973591
v  0.0465193279 -0.0720014125 -0.0160624627
v  0.042463731 -0.0720000118 -0.00100403093
v  0.0485814176 -0.072000213 -0.00102484412
v  0.0427973233 -0.0500000007 -0.0320131667
v  0.0431250893 -0.04999974 -0.030523831
v  0.0349637233 -0.0500000007 -0.0320131667
v  0.0379637294 -0.0500000305 -0.0297540259
v  0.0349637233 -0.0480000265 -0.0320131667
v  0.0429510735 -0.0480000265 -0.0320131667
v  0.0432695486 -0.0479992591 -0.0305330269
v  0.0379637294 -0.0480000265 -0.0305040237
v  0.042463731 -0.0739999861 -0.00100403093
v  0.0487294197 -0.0719997659 0.00103989197
v  0.0391226895 -0.0598430559 0.0118122865
v  0.0464066975 -0.0524711385 0.0240736306
v  0.0424637273 -0.108000025 -0.00100403093
v  0.0418403819 0.0127043799 0.0299868323
v  0.0413341746 0.0142623335 0.0319870189
v  0.0389412753 -0.0582738519 -0.00131334411
v  0.0383399501 -0.058988966 -0.0138724726
v  0.0404906906 0.0239763632 0.0317112766
v  0.0381157435 0.0172199011 0.0378119349
v  0.0456787609 -0.051009696 -0.0251254197
v  0.0401740894 0.0197831839 0.0369413421
v  0.0406152196 -0.0567029975 -0.0208617225
v  0.0406664535 -0.121025443 0.0317379348
v  0.0395867787 -0.108003259 -0.0304468442
v  0.0391868018 -0.120165512 -0.0304282755
v  0.0377769247 -0.120397121 -0.030513173
v  0.0405896194 -0.108002827 -0.0285033453
v  0.0426070541 -0.123034284 0.0250208676
v  0.0420194864 0.00418036431 0.0408303142
v  0.0438151285 -0.047982946 -0.0288650263
v  0.0379637294 -0.0480000265 -0.0290040281
v  0.0423990637 -0.0596571155 0.0169632789
v  0.0364638157 -0.0823270231 0.00106121646
v  0.036463704 -0.0822322071 -0.00125657534
v  0.0507543832 -0.0823485255 -0.0012087035
v  0.0507876016 -0.0822274387 0.00124904094
v  0.0364634469 -0.0794675052 -0.00264815893
v  0.0364632793 -0.0795005411 0.00264654448
v  0.0506261624 -0.0791836679 -0.00256875949
v  0.0507198609 -0.0802575052 0.00251503987
v  0.0506810471 -0.078344509 0.00194446789
v  0.0364639051 -0.077456899 2.05310062e-06
v  0.0506620929 -0.0774901584 -5.75557351e-05
v  0.0407715626 -0.122663483 0.0307006687
v  0.0439495668 -0.050002031 -0.0278018676
v  0.0445497707 -0.0549094006 -0.0243371725
v  0.0388839096 -0.0570502169 0.0117095821
v  0.041845873 -0.123009637 -0.0264380872
v  0.0377231911 -0.12300697 -0.0320235528
v  0.0413911752 0.00256802142 0.0385979526
v  0.040027108 0.00896888971 0.0390723944
v  0.0418869182 -0.05408049 0.0211682338
v  0.0442632884 -0.0499995463 0.0277327821
v  0.0408760943 -0.0499999151 0.0342467949
v  0.0453507937 -0.0553094596 0.0239304304
v  0.04152257 -0.0567541122 -0.0177556388
v  0.0430109836 -0.0194157436 0.0381902717
v  0.0487683937 -0.1215 -0.00437498651
v  0.0498142093 -0.119999588 -0.00116286706
v  0.0424637273 -0.11999999 -0.00100403093
v  0.0424637273 -0.11999999 0.000995973591
v  0.0401926152 -0.0617572367 0.00559398113
v  0.0408261642 -0.0161208324 0.0381786674
v  0.0398880206 -0.0614417717 -0.00762764178
v  0.0426819287 -0.0571215861 0.017380977
v  0.0390645601 -0.120978758 -0.0320104137
v  0.0404446498 -0.121595368 -0.0319982916
v  0.0390804633 -0.122932687 -0.0320212096
v  0.0428432636 -0.0639622957 -0.00100391498
v  0.0426559076 0.0121317357 0.037489742
v  0.0414307415 -0.0480013713 0.0336125195
v  0.0416812859 -0.0720000118 -0.0305108912
v  0.0422569327 -0.0720000118 -0.0290040281
v  0.0436485969 -0.0500000007 -0.0290040281
v  0.0425031222 -0.060855668 -0.00780766038
v  0.0461638719 -0.00134748593 0.0300531276
v  0.0423744619 -0.101619095 0.0298364609
v  0.0417859554 -0.0584302582 0.0137018505
v  0.0430001915 -0.122954801 -0.027075801
v  0.040377561 -0.0910000056 -0.0305095185
v  0.0406682864 -0.090999946 -0.0299993847
v  0.041739393 -0.0739997029 -0.0299957898
v  0.0424340107 0.013943933 0.031987194
v  0.0428132974 -0.0613278784 0.00494107092
v  0.043083258 -0.0640133619 0.000995594542
v  0.0467137955 -0.12296924 0.0198488217
v  0.0433808081 -0.0613658205 -0.0149503136
v  0.0463267267 -0.0593985729 0.0196341015
v  0.0439262874 0.0166349635 0.0315172747
v  0.0430929214 0.0170185193 0.0302116424
v  0.0449803956 -0.0350223854 -0.0320129469
v  0.0412888713 -0.0999488533 -0.0320029519
v  0.0421867296 -0.066461727 -0.00100403093
v  0.0422577187 -0.0664807558 0.000995973591
v  0.0462978855 -0.108001456 -0.0177350976
v  0.0444158576 -0.122051701 0.0260279998
v  0.0446639918 -0.0643761829 -0.00574742304
v  0.0450574532 -0.0643103719 0.00693790102
v  0.0447709933 0.00327960402 0.0319837444
v  0.0440535769 -0.0665920377 0.0306014232
v  0.045426216 -0.0412520058 0.0311784036
v  0.0463303067 -0.0548846498 -0.0220980141
v  0.0472620167 -0.0588641874 -0.0174363852
v  0.0435565189 -0.00155574083 0.0299868323
v  0.0435706377 -0.00110006705 0.0319868922
v  0.0451670028 -0.0956720859 0.0253889374
v  0.0455013663 -0.0740017593 -0.0195099507
v  0.0455627926 -0.121357426 -0.0241480861
v  0.0459166504 -0.0936909467 -0.0236609746
v  0.0480851419 -0.123005807 0.0116876848
v  0.0464227498 -0.123030841 0.0174863413
v  0.0450907275 0.00296846777 0.0362458155
v  0.0455868654 0.00857267529 0.030151777
v  0.0494891107 -0.108004779 -0.0010238667
v  0.0494980626 -0.119999826 0.000995953102
v  0.0493111536 -0.105999991 0.000995973591
v  0.049021285 -0.092999965 -0.0010050768
v  0.0490330681 -0.0929999799 0.000995973591
v  0.0489866957 -0.0910000056 0.000995973591
v  0.0485753156 -0.0740012601 -0.00100941444
v  0.0477965139 -0.0739997923 -0.00915414281
v  0.0484012812 -0.0661514252 -0.00100769335
v  0.0485685803 -0.0664315596 0.00106845936
v  0.0438407548 -0.0759898573 -0.0299758483
v  0.0484877527 -0.0620821118 -0.0118172057
v  0.046459008 -0.0620199628 -0.0157548897
v  0.0459564663 -0.0350234471 -0.0320165753
v  0.0457956381 -0.04529199 -0.0291066449
v  0.0460510664 -0.123010218 -0.0180578995
v  0.0463852361 -0.121107072 0.0223928262
v  0.0485601835 -0.0613431744 0.0130534656
v  0.0494264066 -0.0640499145 -0.00525456155
v  0.0466554649 -0.0183592997 0.0313207321
v  0.046669919 -0.0545324869 -0.0240037143
v  0.0492624976 -0.0634909347 0.00718830293
v  0.0464491397 0.00687862188 0.0314765684
v  0.0497801974 -0.064500466 0.00101300934
v  0.0476392098 -0.0634027272 0.0129770562
v  0.0477314778 -0.0649930388 -0.00834589172
v  0.0475586951 -0.0551480278 0.0233474616
v  0.0474828333 -0.0578833707 0.0185206104
v  0.0472937413 -0.12252298 -0.0196183976
v  0.0451642089 -0.0388676301 0.0304688215
v  0.0459554717 -0.0350222476 -0.0308716856
v  0.0473982655 -0.0639397427 0.0228589121
v  0.0494542867 -0.122934476 -0.0117786257
v  0.0482710525 -0.121629983 0.018011203
v  0.047152143 0.000329986215 0.0314771831
v  0.0489852019 -0.121204138 -0.0161935929
v  0.0487454422 -0.0906348675 0.0166579559
v  0.0495148413 -0.123011768 0.00106876483
v  0.0487245955 -0.122997224 -0.00880365726
v  0.0496734157 -0.121167466 0.0138056073
v  0.0485161059 -0.0615201853 -0.0155521771
v  0.049176883 -0.0610402972 0.0157752838
v  0.0503118634 -0.122633055 0.00938119367
v  0.050720267 -0.122936174 -0.00224902993
v  0.0500686392 -0.0651097223 -0.00603685156
v  0.0507650636 -0.121278107 -0.0088456003
v  0.0502118245 -0.0643870533 0.00748446537
v  0.0506819114 -0.0839163661 0.00575028686
v  0.051137425 -0.121101543 0.00626303861
v  0.0515007973 -0.121367976 -0.00183112966
v  0.0514601059 -0.121853217 0.00221315911
v  -0.0453435108 -0.0350063294 -0.0242343154
v  -0.0468543582 -0.0350032561 -0.0209234692
v  -0.0475193448 -0.0350098647 -0.0230652373
v  -0.0466327555 -0.0334936641 -0.0228713658
v  -0.0469375551 -0.000104814768 -0.0302783661
v  -0.0471890159 0.0053704381 -0.0311281905
v  -0.047582332 -0.000147506595 -0.0314939544
v  -0.0468192995 -0.0233574845 -0.0309650321
v  -0.0470855944 0.00273147225 -0.0353203937
v  -0.0470062383 -0.0308275856 -0.0270928517
v  -0.0465832874 -0.0206096359 -0.0304296836
v  -0.0459665656 -0.0352311879 -0.0318857208
v  -0.0457117222 0.00801161677 -0.0300408937
v  -0.0460821651 -0.0304130875 -0.0257386789
v  -0.0449618436 -0.0196550488 -0.039338991
v  -0.045922894 0.00227981061 -0.040463116
v  -0.0439829417 -0.0350045152 -0.0245651528
v  -0.0447150134 0.0156871006 -0.0338034369
v  -0.0439541824 -0.0350654796 -0.0316521674
v  -0.0464921817 -0.0262447074 -0.0287979767
v  -0.0455634408 0.0126535147 -0.0308618601
v  -0.0456674211 -0.0204751752 -0.029901281
v  -0.0455405526 -0.0260697044 -0.028294161
v  -0.0443059355 0.011366576 -0.0405533612
v  -0.0432472751 -0.00110991672 -0.0300118346
v  -0.0316911265 -0.0348903686 -0.0244958475
v  -0.043653354 0.0187210068 -0.0310651045
v  -0.0407394059 -0.088152796 -0.034259934
v  -0.043545045 -0.0398880467 -0.0320331939
v  -0.0445806235 -0.0398864597 -0.0320131406
v  -0.0408464707 -0.0136166923 -0.0300100669
v  -0.0431682914 0.0085773021 -0.0446882136
v  -0.0439252555 0.00191765279 -0.0448160022
v  -0.0367659256 -0.0224183463 -0.0298737977
v  -0.0447683595 -0.0220027454 -0.0318583846
v  -0.0447356962 0.00277876854 -0.0369756967
v  -0.045425456 0.00324323028 -0.0320149995
v  -0.0428422913 0.0055198893 -0.0320134573
v  -0.0449407734 -0.0349946432 -0.026568925
v  -0.0298620146 -0.0318791792 -0.0268962923
v  -0.044748906 -0.0328218378 -0.0265792049
v  -0.0325857811 -0.0282692946 -0.0284826085
v  -0.0422877669 -0.00768886134 -0.0320131816
v  -0.038966395 -0.0183241852 -0.032083828
v  -0.0444120429 -0.0356518179 -0.0266813952
v  -0.0446924455 -0.0349945836 -0.0273493435
v  -0.0434210785 0.013045609 -0.0320136286
v  -0.0425724126 0.0117216334 -0.0390006416
v  -0.0374188051 -0.0910914987 -0.0385342091
v  -0.0360026136 -0.0278060511 -0.0305122491
v  -0.0340935886 -0.0299999565 -0.0304731596
v  -0.0448208191 -0.0299369618 -0.0286489278
v  -0.0443376005 -0.0299413688 -0.0314028375
v  -0.0353694856 -0.0244753957 -0.0315677375
v  -0.0425396226 -0.019932352 -0.0439698808
v  -0.0433215275 0.0031356737 -0.0416159891
v  -0.0411499962 0.0223141834 -0.0301348399
v  -0.0435301028 -0.0398865007 -0.030813178
v  -0.0445800759 -0.0398864932 -0.030812962
v  -0.0428580903 -0.0204616971 -0.0390996002
v  -0.0409315675 0.0221550316 -0.0384643711
v  -0.0343465582 -0.029941421 -0.0312954485
v  -0.0413264781 -0.0395895801 -0.0228627715
v  -0.0442565717 -0.0378084928 -0.02433048
v  -0.0356643461 -0.0394480787 -0.0246534031
v  -0.0342060812 -0.0381865427 -0.0264001396
v  -0.040056549 0.0186073855 -0.0442545749
v  -0.034114778 -0.0349946581 -0.0311722402
v  -0.043581862 -0.0369554423 -0.0223225057
v  -0.0430682227 -0.0390131399 -0.023078585
v  -0.0389944017 -0.120949194 -0.0320129544
v  -0.0413073376 -0.0978280008 -0.0320170745
v  -0.0344604105 -0.0349946432 -0.0290850159
v  -0.0408613198 -0.0380094983 -0.0217348244
v  -0.0356363133 -0.0379628055 -0.0232767891
v  -0.0340973549 -0.0370059833 -0.0247204229
v  -0.040929649 0.0135883316 -0.0300116278
v  -0.0414196514 0.00274645537 -0.048160404
v  -0.0393910557 -0.0171525963 -0.048104655
v  -0.0367872939 0.0228127539 -0.0320174433
v  -0.0408450887 -0.0710064471 -0.0325083286
v  -0.0391098075 0.0123101994 -0.048554983
v  -0.0390796885 -0.120970339 -0.0308203902
v  -0.0375696868 -0.120945334 -0.030813178
v  -0.040171504 0.0215594172 -0.0320100635
v  -0.0398980826 0.0203047916 -0.0370585285
v  -0.0394360833 -0.0174183734 -0.0452724397
v  -0.0412092656 0.00301060826 -0.0453771614
v  -0.0397120491 0.026368171 -0.0315766893
v  -0.038495902 -0.0600368977 -0.0390713476
v  -0.0398329571 0.0116130114 -0.0448032394
v  -0.0378894322 0.0200877488 -0.0424269252
v  -0.039836783 -0.0850125104 -0.0322180539
v  -0.040698465 -0.0730068535 -0.0325062461
v  -0.0339833088 -0.0350027457 -0.0265840068
v  -0.0395007506 0.00332377106 -0.0472699217
v  -0.0390796773 0.00323343277 -0.0500903539
v  -0.0369758345 0.0198272094 -0.0475459173
v  -0.0379348062 -0.0530634262 -0.0409927964
v  -0.0371669382 0.0286468267 -0.0302642807
v  -0.0349228121 -0.0730068535 -0.0325040258
v  -0.0349228121 -0.0710068792 -0.0325040258
v  -0.0372041129 0.0253479183 -0.0428017378
v  -0.0328463875 0.0281451643 -0.0300107636
v  -0.0362115875 0.029639639 -0.0371273421
v  -0.0401701778 -0.122426957 -0.03203227
v  -0.037325874 -0.121276125 -0.0354666114
v  -0.0370805487 -0.0710068643 -0.0391280092
v  -0.0361992009 0.0204569772 -0.0447479822
v  -0.0367116965 0.0106554627 -0.0482337549
v  -0.0353293754 -0.0730075613 -0.0410203151
v  -0.0379344933 -0.123029307 -0.0320262499
v  -0.0395410173 -0.0870076269 -0.0325052291
v  -0.0349228159 -0.0850068778 -0.0325040258
v  -0.0349228159 -0.087006852 -0.0325040258
v  -0.0352453217 0.00913839042 -0.051623974
v  -0.0349559113 -0.0870075375 -0.0389739014
v  -0.037718676 -0.120283842 -0.0321418047
v  -0.037936274 -0.0596934967 -0.0289540347
v  -0.0365847535 -0.0595866069 -0.0258896109
v  -0.0393913575 -0.0596890152 -0.0288253855
v  -0.0393990614 -0.0534893423 -0.0287988223
v  -0.0365674421 -0.0535907745 -0.025894912
v  -0.0349748842 -0.0850080699 -0.0394034311
v  -0.0382019691 -0.104509816 -0.0324958414
v  -0.0383094847 -0.10300751 -0.0325119868
v  -0.0372313932 0.00226388872 -0.0488556959
v  -0.037936274 -0.0534839444 -0.0289540347
v  -0.0350267068 0.0177095681 -0.0473566204
v  -0.0317211226 -0.122914806 -0.0392201357
v  -0.0293439142 0.0363469273 -0.0300587509
v  -0.0315478444 -0.100747377 -0.0428128429
v  -0.0336739086 0.0293445364 -0.0380621217
v  -0.0376170762 -0.118006155 -0.0323819257
v  -0.0358306542 -0.0529817753 -0.0433362983
v  -0.0332671814 -0.0164088868 -0.0514582917
v  -0.0341185257 0.00311484933 -0.0524365082
v  -0.0349228159 -0.103006884 -0.0325040258
v  -0.035038311 -0.11788784 -0.0351472348
v  -0.0359362774 -0.111166582 -0.0347294211
v  -0.0349250883 -0.104505986 -0.0365721099
v  -0.031130651 0.0334964395 -0.0320139825
v  -0.0349228159 -0.104506835 -0.0325040258
v  -0.0328708999 0.0185343325 -0.050840538
v  -0.0342925489 -0.0215475149 -0.0484362431
v  -0.0317451619 -0.120061636 -0.0380962454
v  -0.0336524211 0.0335369855 -0.0309454799
v  -0.0349228159 -0.103006884 -0.0367465243
v  -0.0187445674 -0.11800687 -0.0325040258
v  -0.0187445674 -0.120006844 -0.0325040258
v  -0.0359362736 -0.117593512 -0.0285040345
v  -0.0345847346 -0.117486492 -0.0254396163
v  -0.0373913795 -0.117589012 -0.0283753779
v  -0.0373990759 -0.111389458 -0.0283488147
v  -0.0345769972 -0.111490801 -0.0254437886
v  -0.0340245664 0.0239171609 -0.0479191095
v  -0.0359362736 -0.11138396 -0.0285040345
v  -0.0358683392 -0.0601549558 -0.0421724245
v  -0.0329767019 0.00356018543 -0.0507021137
v  -0.0314894952 -0.121288478 -0.0408131927
v  -0.0326657258 0.0309709162 -0.0427000858
v  -0.0298249274 -0.12231268 -0.0417410135
v  -0.0262805354 -0.0968084931 -0.0463845283
v  -0.0310882907 -0.0710064247 -0.0445528664
v  -0.0312722288 0.028566204 -0.0436068699
v  -0.0312360581 0.0237171501 -0.0474490412
v  -0.0304994565 -0.030389946 -0.030470375
v  -0.033922758 -0.10800676 -0.0372310728
v  -0.030477304 0.0168116391 -0.0501582697
v  -0.0340445191 -0.111095563 -0.0367623493
v  -0.0315236039 -0.118010432 -0.0384232067
v  -0.0349228159 -0.10800688 -0.0220131781
v  -0.0334228054 -0.10800688 -0.0220131781
v  -0.0349228121 -0.0710068792 -0.0220131781
v  -0.0334228016 -0.0710068792 -0.0220131781
v  -0.0334228016 -0.0710068792 -0.0247040298
v  -0.0249462891 -0.0710068792 -0.0447574817
v  -0.02873764 -0.122933671 -0.0401841365
v  -0.0279269088 0.00235167146 -0.0538099632
v  -0.025312664 0.0161063075 -0.0534935594
v  -0.0283575766 0.0322992951 -0.0320131816
v  -0.0284611601 0.0304660574 -0.047899764
v  -0.0281102676 0.0375844985 -0.0365910567
v  -0.032390248 -0.0349747054 -0.0268650241
v  -0.0339644551 -0.0303504393 -0.0297319461
v  -0.0305661261 -0.0337540433 -0.0280089956
v  -0.0302693546 -0.0336385295 -0.0305189192
v  -0.0279447734 0.0384759828 -0.0313149802
v  -0.0334214494 -0.104506835 -0.0381132327
v  -0.0334228054 -0.103506863 -0.0247040316
v  -0.0255225245 -0.104506835 -0.032518357
v  -0.0255081989 -0.10300687 -0.0325326808
v  -0.0295922793 -0.103003114 -0.0415163934
v  -0.0334228054 -0.103006884 -0.0382904895
v  -0.0333836712 -0.0870055407 -0.0406042784
v  -0.0334228054 -0.087006852 -0.0247040298
v  -0.0255048275 -0.087006852 -0.0325208828
v  -0.0255409423 -0.0850068703 -0.0325244963
v  -0.0334228054 -0.0850068778 -0.0247040298
v  -0.0334152654 -0.0730062574 -0.0424964465
v  -0.0333983004 -0.0850062668 -0.0408200286
v  -0.0334228016 -0.0730068535 -0.0247040298
v  -0.0255048256 -0.0730068535 -0.0325208828
v  -0.0255409405 -0.0710068792 -0.0325244963
v  -0.0268365331 0.0362278968 -0.0427133478
v  -0.029914448 -0.104533866 -0.0410668217
v  -0.0294190906 -0.0730066821 -0.045144815
v  -0.0301325694 -0.0311676897 -0.0285165887
v  -0.0252367258 -0.0243115984 -0.050843209
v  -0.0277492721 0.0242246091 -0.0512755476
v  -0.0284366049 -0.0850067139 -0.0442784391
v  -0.0271050874 -0.0870068744 -0.0447033718
v  -0.0241807811 0.037244767 -0.0387971103
v  -0.0231707077 -0.0480411723 -0.0516332313
v  -0.0264291987 -0.0177871771 -0.0508778282
v  -0.0252274424 0.00280835479 -0.0520868525
v  -0.0254194867 -0.12114574 -0.0447823629
v  -0.0247329883 -0.0730068162 -0.0449707806
v  -0.025484452 -0.104506075 -0.0438129269
v  -0.0260274876 0.0173573568 -0.0511869565
v  -0.0234910399 -0.119995058 -0.0436680987
v  -0.0258725118 0.0319646597 -0.0454065949
v  -0.0227741506 -0.118006319 -0.0442019589
v  -0.024946291 -0.0850068778 -0.0447574817
v  -0.0247329902 -0.087006852 -0.0449707806
v  -0.0254946612 -0.103005931 -0.0439339355
v  -0.0245778002 0.0267717093 -0.0493604764
v  -0.0228727721 0.032400161 -0.0470182262
v  -0.0232071932 0.0414942801 -0.0310015343
v  -0.0192147605 -0.07100676 -0.0488870032
v  -0.0163390264 0.0399655402 -0.0320087858
v  -0.0191490073 0.038776204 -0.0300084818
v  -0.0186048411 0.0428784043 -0.0300867725
v  -0.0221859515 0.0219235122 -0.0530792326
v  -0.0211506337 0.0301830322 -0.0513256937
v  -0.0187848415 -0.0850072354 -0.0479852185
v  -0.0186639428 -0.0730080754 -0.0489146225
v  -0.0195287988 -0.122338086 -0.0474407114
v  -0.0207208656 0.0362114534 -0.0478677005
v  -0.0190402474 -0.123016365 -0.0457800142
v  -0.0189169031 -0.087007381 -0.0478995815
v  -0.018281348 0.0417370647 -0.0320142806
v  -0.022333838 -0.019300703 -0.0535465442
v  -0.0244708937 -0.0218365081 -0.053081423
v  -0.0257169567 -0.0201836824 -0.0509343632
v  -0.0218931958 -0.0178365 -0.0516609885
v  -0.0224485621 -0.0245648287 -0.0532406829
v  -0.0190357007 0.0238007829 -0.0512444265
v  -0.0208318699 0.0410472453 -0.040571928
v  -0.0220923573 -0.103007108 -0.0455086827
v  -0.0252893716 -0.0241691656 -0.0450189523
v  -0.025665462 -0.0201979093 -0.045017913
v  -0.0230762307 -0.0229530595 -0.0450172052
v  -0.0227438994 -0.0206859112 -0.0450172052
v  -0.0218016785 -0.104506895 -0.0455214195
v  -0.0164018385 -0.0994542316 -0.0498032048
v  -0.0209404528 -0.0260009319 -0.0513577648
v  -0.0173925478 0.0384348184 -0.0438312702
v  -0.0193158481 -0.121261477 -0.0477555618
v  -0.022262549 -0.0259997882 -0.0450153165
v  -0.022138292 -0.0178419985 -0.0450173505
v  -0.0225563925 -0.020577658 -0.0470172092
v  -0.0231988728 -0.0227774493 -0.0470172092
v  -0.0244935416 -0.0220577978 -0.0470169336
v  -0.0230030026 -0.0242106244 -0.0470175445
v  -0.0232945811 -0.0197868347 -0.0470147915
v  -0.0151660042 0.0451313257 -0.0309908055
v  -0.0174034797 0.00172781199 -0.0547733642
v  -0.0154652586 0.0308080018 -0.0501180924
v  -0.0206008032 -0.022777468 -0.0450172052
v  -0.0129625415 0.0165432319 -0.0524856038
v  -0.0124816028 -0.000503376126 -0.0529346094
v  -0.00492909271 -0.045382943 -0.0538747013
v  -0.0032780203 -0.101116233 -0.0517637692
v  -0.0207521617 -0.0242123529 -0.0470172204
v  -0.0207581464 -0.0196474269 -0.0470172279
v  0.024849195 -0.0870068073 -0.0448327661
v  0.0235535372 -0.0850068778 -0.045363944
v  0.0260237567 -0.0850074962 -0.0456453413
v  0.0084350165 -0.0850070938 -0.0500787236
v  -0.0076513919 -0.0850069523 -0.0499883629
v  0.0238170754 -0.0710068792 -0.0453232378
v  0.0248669554 -0.0730068311 -0.0448505245
v  -0.00561122457 -0.0710068569 -0.0506736189
v  -0.0165859126 0.03581056 -0.0472352467
v  -0.0207234342 -0.0229530707 -0.0470172092
v  0.0220821369 -0.103008658 -0.0455438048
v  0.0138737084 -0.103006601 -0.048188366
v  -0.0134566063 0.0220319629 -0.0539575852
v  -0.0139909424 0.0423271954 -0.0382948481
v  0.0218630638 -0.104506835 -0.0455062725
v  -0.0208331905 -0.0209672786 -0.0470172092
v  -0.020935677 -0.0208647922 -0.0450172052
v  -0.0181248132 -0.0199266225 -0.0450164974
v  -0.0148272663 -0.10300687 -0.0479637124
v  -0.0103849545 0.0370681882 -0.050528571
v  -0.0140089616 0.0448128879 -0.036544852
v  -0.0192835983 -0.0219206251 -0.047016494
v  -0.0187244993 -0.0245155543 -0.0450172313
v  -0.0195828266 -0.0207147449 -0.0538009442
v  -0.0197284073 -0.0233373195 -0.0536584146
v  -0.0192113165 -0.01889975 -0.0519082807
v  -0.0130955139 -0.118006699 -0.0478305928
v  -0.0137670618 -0.10450805 -0.0481514111
v  -0.0128394896 0.0432228521 -0.0427136719
v  -0.0105988281 0.0316558108 -0.052631516
v  -0.0127087291 -0.120012589 -0.0479270294
v  -0.0176258404 -0.0223481879 -0.0519254245
v  -0.0118190395 0.0400152504 -0.047867626
v  -0.0125623066 -0.122985221 -0.0478843711
v  -0.0109761488 -0.121398002 -0.0503765792
v  -0.00716174161 -0.120006874 -0.0370074548
v  -0.00853971206 -0.11800687 -0.0367152989
v  -0.00780744804 0.0458711311 -0.0300348159
v  -0.00728255371 -0.122883208 -0.0504209436
v  -0.00869945064 0.0377718806 -0.0479226559
v  0.000601350272 -0.103008486 -0.0499606729
v  -0.00490248762 -0.0386045836 -0.0540713109
v  -0.0074650473 0.0415831953 -0.0437191091
v  -0.0073907706 0.0449183434 -0.0320129916
v  -0.00701262429 0.0334497318 -0.0501995087
v  -0.00612849323 0.0270395279 -0.0516944155
v  0.000771070656 0.00648827106 -0.0550626144
v  -0.00496511441 0.0237146318 -0.0541784093
v  0.000849864096 0.0431850702 -0.0320111364
v  -0.00254988787 0.0431805849 -0.0300088096
v  -0.00182733324 -0.121256217 -0.0515472703
v  -0.00323315361 -0.0397012606 -0.0520740077
v  -0.00704627018 0.0470255315 -0.0309742652
v  -0.00354108633 -0.1180069 -0.0494043753
v  -0.00657533575 -0.0870075524 -0.049976401
v  -0.00280453404 -0.123028412 -0.049481038
v  -0.00474848785 0.0441855043 -0.0384877548
v  -0.00226605055 0.0467685163 -0.0370267183
v  -0.000409011729 -0.104507476 -0.0499065518
v  -0.00217732741 0.0448724702 -0.0429885723
v  -0.00257605594 -0.120049961 -0.0494252443
v  -0.0025654831 -0.0730070248 -0.0507694483
v  -0.00240091351 0.0415838584 -0.0479045287
v  0.0129453018 0.00400993973 -0.0529501289
v  -0.00192288158 0.0398945808 -0.0468294807
v  0.00345732016 0.0228241086 -0.0522510335
v  -0.00297938916 -0.0393587351 -0.0541688204
v  -0.000151821543 0.0343572944 -0.0522393994
v  -0.00297610927 -0.044755552 -0.0538951643
v  0.00239831023 0.0308793336 -0.0511438102
v  0.0108712977 -0.0224984214 -0.0525270551
v  -0.00330087752 -0.0443082936 -0.0518774875
v  -0.000464020763 0.0473971516 -0.0305725094
v  0.00221344898 -0.122619174 -0.0511341915
v  0.00489883777 0.0454083532 -0.0320162401
v  0.00282886927 0.0444348156 -0.0382136069
v  0.00323113357 -0.0710068792 -0.0507869795
v  0.00525646936 0.0423152521 -0.0433351509
v  -0.0049795392 -0.044506833 -0.0550171919
v  -0.00496835541 -0.0452334285 -0.0560170077
v  -0.00297953468 -0.044506833 -0.0550171919
v  -0.00297953468 -0.0450068563 -0.0560171977
v  -0.00093378115 -0.0432902314 -0.0550171882
v  -0.00497953873 -0.0395068377 -0.0552671961
v  -0.00131056237 -0.0410290621 -0.0550172776
v  -0.00485801231 -0.0385931954 -0.0560171306
v  -0.00297953421 -0.0390068442 -0.0560171977
v  -0.00297953421 -0.0395068377 -0.0550171919
v  0.00200856128 0.038037166 -0.0506028831
v  0.0049705999 0.035200581 -0.0497357547
v  0.00508612255 -0.120020077 -0.0492419749
v  0.00846715365 -0.120006822 -0.0367152989
v  0.00708918227 -0.11800687 -0.0370074585
v  0.00552267674 0.0283384472 -0.0535401776
v  -0.00327437068 -0.0396927707 -0.0480172187
v  -0.00330153364 -0.0442650281 -0.0480172485
v  -0.00155460625 -0.0419697464 -0.0480172075
v  0.00676362682 -0.0870061144 -0.0500559919
v  0.00302046258 -0.044506833 -0.0550171919
v  0.00301826233 -0.0395011753 -0.0548291504
v  0.000974618422 -0.0407233909 -0.0550171845
v  -3.73693329e-05 -0.0436857082 -0.0480170213
v  0.00330130057 -0.0443290658 -0.0480171666
v  0.00334252999 -0.039703209 -0.0520605743
v  0.00332469936 -0.0397087112 -0.0480171964
v  7.81165436e-05 -0.0403280668 -0.048017025
v  0.00955871027 0.0455574989 -0.0300548449
v  0.0136854053 -0.0215632878 -0.0543753318
v  0.0030204698 -0.0385068543 -0.0541131087
v  0.00302063255 -0.0453061573 -0.0538495108
v  0.00625286205 -0.0954852998 -0.0516497977
v  0.00685780821 -0.121242732 -0.0510905422
v  0.00135150133 -0.0429847203 -0.0550172776
v  0.0119896047 0.0227803439 -0.0540193282
v  0.0151471468 0.00550949574 -0.0547882915
v  0.0143564316 -0.10450644 -0.0480274484
v  0.00936228689 -0.118006818 -0.0488012321
v  0.00327391317 -0.0443001091 -0.0518847667
v  0.00688243192 0.0390339047 -0.0470752977
v  0.0075140493 0.0402744114 -0.0486600548
v  0.00788024906 0.043998003 -0.0436266586
v  0.00838652626 0.0459294766 -0.0377431922
v  0.0055723642 0.0472125784 -0.0309539456
v  0.00881015789 -0.123010591 -0.048728887
v  0.0141126057 -0.122972406 -0.0487729721
v  0.00159553112 -0.0420439951 -0.0480172075
v  0.00502046617 -0.044506833 -0.0550171919
v  0.0129212588 -0.0730061755 -0.0500037558
v  0.00502046663 -0.0395068377 -0.0552671961
v  0.00497921882 -0.0452990197 -0.0560172275
v  0.00302046258 -0.0450068563 -0.0560171977
v  0.00492362119 -0.0386051424 -0.0560171641
v  0.00302046305 -0.0390068442 -0.0560171977
v  0.0152861131 0.0300678238 -0.0524952337
v  0.0186307095 0.020056203 -0.0518225282
v  0.00496829441 -0.0386617035 -0.0540624484
v  0.00495703146 -0.0453729518 -0.0537990369
v  0.0166153368 0.0334453583 -0.051168181
v  0.0125065753 0.0369255394 -0.0477249287
v  0.0144602703 0.0407780558 -0.0300095379
v  0.0174428578 0.0395067632 -0.0320073739
v  0.0106307501 0.0431634784 -0.0384326689
v  0.012520914 -0.122325502 -0.0497974642
v  0.0133606419 -0.120008394 -0.0477303118
v  0.0106081339 -0.0942389965 -0.0491864607
v  0.0114398496 -0.0927670076 -0.0511440672
v  0.0138220843 -0.121088587 -0.0496079512
v  0.0100640776 -0.091262728 -0.0493876487
v  0.0127701703 -0.0896892473 -0.0510665327
v  0.0121396957 0.0459494293 -0.0309412908
v  0.0192776769 -0.0710063875 -0.0489464514
v  0.0119271465 -0.0884702429 -0.0492324382
v  0.0151680792 0.030974634 -0.0501091443
v  0.0175296273 0.0369734988 -0.0487188213
v  0.0153465467 0.0393030792 -0.0437217988
v  0.009804314 -0.0922378302 -0.0450120978
v  0.0133638857 -0.0933648124 -0.0450172052
v  0.0128940763 -0.0908212066 -0.0450172052
v  0.0188089069 0.0402713716 -0.0387444161
v  0.0159189086 0.041745469 -0.0435150266
v  0.0120938327 -0.095649004 -0.045018211
v  0.0121814115 -0.0883440375 -0.0450176001
v  0.0137730902 -0.0960911214 -0.0485150442
v  0.019779101 0.0411666632 -0.0320138633
v  0.0197129827 0.0426610708 -0.0364243761
v  0.0117291203 -0.0907864869 -0.0470175669
v  0.012300658 -0.0941174999 -0.0470168069
v  0.0126974629 -0.0913509578 -0.0470172092
v  0.0186720099 -0.120006844 -0.0325040258
v  0.0186720099 -0.11800687 -0.0325040258
v  0.0139195472 -0.0945745409 -0.0506011955
v  0.0161876716 -0.0934636518 -0.050176207
v  0.0129538085 -0.0929751918 -0.0470172092
v  0.0180282816 0.0439137816 -0.0306078959
v  0.0140204579 -0.0894550905 -0.047017049
v  0.0151468255 -0.0908212066 -0.0470172092
v  0.0200885534 -0.120058775 -0.0452983528
v  0.0189708229 -0.122968182 -0.0457761437
v  0.0195552353 0.0338794291 -0.0476032458
v  0.0157060381 -0.0882029459 -0.0485087186
v  0.0201728679 -0.087006323 -0.0474522859
v  0.0196036026 -0.0253066123 -0.0515899844
v  0.026107328 0.0385309085 -0.0300278086
v  0.0176711474 -0.0214936212 -0.0519557372
v  0.0164285656 -0.0912508219 -0.050161574
v  0.0152945369 -0.0898257345 -0.0505570509
v  0.0157917421 -0.0956860483 -0.0450251251
v  0.0150400484 -0.0881432146 -0.0450172015
v  0.0146770161 -0.0933648124 -0.0470172092
v  0.0210270677 -0.0178412646 -0.0517732352
v  0.0152740674 -0.0942340046 -0.0470180064
v  0.0193471462 -0.0211595409 -0.0538111813
v  0.021265259 -0.0244804509 -0.0534182079
v  0.0150870932 -0.0929751992 -0.0450172052
v  0.0224741902 0.0213147998 -0.0531815477
v  0.0223728977 -0.0193053074 -0.0535560586
v  0.0153434388 -0.0913509578 -0.0450172052
v  0.0174383968 -0.0898280442 -0.0450206138
v  0.0166093614 -0.0911964178 -0.0470166355
v  0.0273150839 0.0140965059 -0.0533309802
v  0.0220741313 -0.122327581 -0.0463185497
v  0.0204371028 -0.121223368 -0.0473477207
v  0.0173406284 -0.0944143608 -0.0477240421
v  0.0255691055 0.00245519727 -0.0540537834
v  0.0179804191 -0.0928985998 -0.0450168103
v  0.0227713455 0.0355304331 -0.0438958891
v  0.0214928668 0.0392513499 -0.0433962308
v  0.0235056803 0.024404861 -0.0503234677
v  0.0236882176 -0.11800769 -0.0438064598
v  0.0179259311 -0.0908690915 -0.0477874242
v  0.0238770917 0.00177859515 -0.0521981418
v  0.0266296864 -0.098764509 -0.0460807495
v  0.0240566917 0.0409962013 -0.0309553146
v  0.0208143946 -0.0207415223 -0.0450172052
v  0.0187675022 -0.0193449482 -0.045017194
v  0.0179292783 -0.0226930603 -0.0450169146
v  0.0209766086 -0.0229979977 -0.0450172052
v  0.0250701848 0.0298804641 -0.0501749218
v  0.0260135755 -0.0730070695 -0.0466782227
v  0.0201337207 -0.0256266594 -0.045016937
v  0.0277796648 -0.120003849 -0.041114416
v  0.0338850543 -0.120017037 -0.0361488834
v  0.0376768671 -0.120390669 -0.0321409069
v  0.0374452211 -0.118006751 -0.0325056836
v  0.0358574502 -0.117960975 -0.0342962816
v  0.0339397676 -0.117917106 -0.0362938009
v  0.0279545207 -0.122931659 -0.0420530289
v  0.0276204348 -0.0293338858 -0.0499505065
v  0.0237181839 -0.0257227756 -0.05094859
v  0.0227848459 -0.023176875 -0.0450172052
v  0.0223038942 -0.017832689 -0.0450149328
v  0.0196287148 -0.0206704438 -0.0470173061
v  0.0198021512 -0.0233890563 -0.047017619
v  0.0206177812 -0.0212712735 -0.0470172092
v  0.020874124 -0.0228955112 -0.0470172092
v  0.0303247236 -0.0305167101 -0.0512520373
v  0.0274093524 0.0329019427 -0.0467506573
v  0.0252567716 0.0301478952 -0.0473936163
v  0.0264736302 -0.0177871101 -0.0508772694
v  0.0226469599 -0.0244953819 -0.047017619
v  0.0219508372 -0.019376222 -0.0470171012
v  0.0230671447 -0.020741526 -0.0470172092
v  0.0288524795 0.0339994729 -0.0383584946
v  0.0255258996 -0.104506031 -0.0438118465
v  0.0239184834 -0.0254920274 -0.0450174138
v  0.0306318402 -0.122925088 -0.0389584638
v  0.0273663141 0.0333960652 -0.0300196968
v  0.0260464195 -0.103018418 -0.0437864028
v  0.0276552886 0.0330331028 -0.0320159681
v  0.0225973371 -0.0232851319 -0.0470172092
v  0.0275140479 0.0374832526 -0.0386129916
v  0.0280258413 -0.0870068744 -0.0443236381
v  0.0309876967 -0.00133810565 -0.0530739464
v  0.0305082966 0.0166210011 -0.0501133725
v  0.0325497352 0.00398059934 -0.0508459657
v  0.0232637562 -0.0212712772 -0.0450172052
v  0.025331324 -0.0196938105 -0.0450186767
v  0.0240924396 -0.0233898833 -0.0530576259
v  0.0245384891 -0.0210982747 -0.0470168479
v  0.0281583164 -0.121285632 -0.0431791544
v  0.0251204371 -0.019396089 -0.0510960966
v  0.0258911531 -0.0227828212 -0.0450168625
v  0.029068606 0.0243426263 -0.0483915024
v  0.0311887134 0.0359969437 -0.0310196802
v  0.0243840273 -0.021318499 -0.0531315021
v  0.0328848548 0.0318194553 -0.0320139974
v  0.0295287259 0.0301506668 -0.0437217988
v  0.0295673348 0.0228987709 -0.0510511957
v  0.0253659468 -0.0850068778 -0.0436435193
v  0.0254347678 -0.0710068792 -0.0433599241
v  0.0314959474 -0.0710064173 -0.0443047062
v  0.0349637233 -0.0710068792 -0.0325040258
v  0.0259330794 -0.0224902332 -0.0507567674
v  0.032273192 0.0237524211 -0.0466608889
v  0.0255457368 -0.103006884 -0.0325208865
v  0.0255595259 -0.104506835 -0.0325300768
v  0.0255595278 -0.0870068446 -0.0325300768
v  0.0255634356 -0.0850068778 -0.032518357
v  0.0255595297 -0.0730068535 -0.0325300768
v  0.0333013423 -0.0730054528 -0.0427031294
v  0.0255634375 -0.0710068792 -0.032518357
v  0.0334637277 -0.0710068792 -0.0247040298
v  0.033463724 -0.104006857 -0.0247040298
v  0.0334629901 -0.104506731 -0.0381174646
v  0.0298147574 -0.104532689 -0.0411752164
v  0.0334628932 -0.103006884 -0.0383043401
v  0.0333853401 -0.0870059133 -0.0406245738
v  0.033463724 -0.087006852 -0.0247040298
v  0.033463724 -0.0850068778 -0.0247040298
v  0.0334437154 -0.0850051045 -0.0408530161
v  0.0334637277 -0.0730068535 -0.0247040298
v  0.0343766771 0.00505100191 -0.0523692966
v  0.0313007087 0.0318943933 -0.0435151532
v  0.0355954431 0.0302822962 -0.0381080844
v  0.0331964903 0.0238565952 -0.0486557819
v  0.0346793756 -0.0194789432 -0.0484642386
v  0.0354889072 0.0306526646 -0.0301329419
v  0.0345955491 -0.122304261 -0.0378821976
v  0.0376001671 0.0212672353 -0.0320138745
v  0.0368135571 0.0225932151 -0.0300115738
v  0.0329327323 -0.0989464819 -0.0419816934
v  0.0353521258 0.0239109024 -0.0431219898
v  0.036660485 0.0253163651 -0.0382599831
v  0.0347923115 0.0258709937 -0.0457848571
v  0.0348606519 -0.121287048 -0.0380038694
v  0.0334431976 -0.108005807 -0.0377500616
v  0.0303321518 -0.0335397571 -0.0299789682
v  0.0302085746 -0.030878678 -0.0300141107
v  0.0299045891 -0.0316007733 -0.0320165344
v  0.0452955365 -0.0350037999 -0.0300868489
v  0.0335594527 -0.0300129913 -0.0320509933
v  0.0312971026 -0.0344757885 -0.0319338962
v  0.0357155204 -0.0239831693 -0.0320131816
v  0.0349934325 0.0181307048 -0.0472669452
v  0.0374005958 0.00942611694 -0.0481147803
v  0.0324279219 -0.0349775143 -0.0299046803
v  0.0379486196 -0.123043239 -0.0320144445
v  0.0383102559 0.0125180781 -0.0492992066
v  0.0378472582 -0.018011082 -0.049164433
v  0.0369187035 -0.0222689621 -0.0300133899
v  0.0335612707 -0.0350162201 -0.0319196023
v  0.0398116484 -0.122687608 -0.0320158601
v  0.0380984694 0.0019209981 -0.0483904593
v  0.0370509066 0.0298554301 -0.0312014632
v  0.033966817 -0.111091837 -0.0368699618
v  0.0363158062 0.0204179138 -0.0447519906
v  0.0425681584 -0.0350087322 -0.0320065767
v  0.0358443111 -0.0689077973 -0.040818505
v  0.0357987955 -0.0618266165 -0.0420064405
v  0.0371516757 -0.071006 -0.0389556661
v  0.0349622816 -0.108006895 -0.0361797623
v  0.033463724 -0.10800688 -0.0220131781
v  0.0334637277 -0.0710068792 -0.0220131781
v  0.0349637233 -0.0710068792 -0.0220131781
v  0.0349637195 -0.10800688 -0.0220131781
v  0.0335599184 -0.0300383754 -0.0330092981
v  0.0335629955 -0.0350040123 -0.0330070779
v  0.0335597023 -0.0301426686 -0.0339985229
v  0.03383727 -0.0361985862 -0.0338453911
v  0.0424739085 -0.0361962244 -0.033966694
v  0.0425595157 -0.0300175361 -0.0320131667
v  0.0342637002 -0.0365153104 -0.0317898914
v  0.0373789147 -0.100315675 -0.0373775214
v  0.0358594432 -0.111161739 -0.0348669179
v  0.0345101431 -0.111490697 -0.0254467074
v  0.0345068611 -0.117486432 -0.0254363492
v  0.0368591212 0.0198989958 -0.0476570204
v  0.0391928218 -0.019609306 -0.0452330932
v  0.0358637199 -0.117593512 -0.0285040345
v  0.0358637199 -0.11138396 -0.0285040345
v  0.0373169482 -0.117588803 -0.0283713508
v  0.0416665003 0.0208774358 -0.0300736669
v  0.038980037 0.00352822244 -0.0502062775
v  0.037328545 -0.111389235 -0.0283539705
v  0.0349648483 -0.104507521 -0.0365572162
v  0.0349637195 -0.104506835 -0.0325040258
v  0.0382638089 -0.10450694 -0.0325101763
v  0.0349637195 -0.103006884 -0.0325040258
v  0.0349851251 -0.0870082229 -0.0389848463
v  0.0349701494 -0.103007108 -0.0367550962
v  0.0386310481 -0.103006035 -0.0321175717
v  0.0349637195 -0.087006852 -0.0325040258
v  0.0396199636 -0.0870089084 -0.032519944
v  0.0349637195 -0.0850068778 -0.0325040258
v  0.0397359319 -0.0850070417 -0.0325146131
v  0.0350003317 -0.0850077569 -0.0393019505
v  0.0349637233 -0.0730068535 -0.0325040258
v  0.0353793651 -0.0730079636 -0.0409310795
v  0.0407652333 -0.0730072558 -0.0325102061
v  0.0409691967 -0.0710046589 -0.0323921517
v  0.0412691236 -0.018999923 -0.0458806157
v  0.0403566882 -0.121102035 -0.0320166051
v  0.039704442 0.0212936923 -0.0427019075
v  0.0408415757 -0.0374224894 -0.0338181034
v  0.0378449075 -0.0619128756 -0.0395784304
v  0.0412926972 -0.0127781294 -0.0320114084
v  0.0365069211 -0.0683863163 -0.025886327
v  0.036499586 -0.0623906851 -0.0258979499
v  0.0379023254 -0.0687999055 -0.0383865498
v  0.0406656265 0.0205955282 -0.0320057869
v  0.0378637277 -0.0684934705 -0.0289540347
v  0.0393184163 -0.0684886053 -0.028810909
v  0.0393273532 -0.0622888878 -0.0288140662
v  0.0378637277 -0.0622839816 -0.0289540347
v  0.0460004173 0.00746792555 -0.0300589167
v  0.0423125811 -0.0193518288 -0.0405961275
v  0.0411723554 0.0238133222 -0.0309806205
v  0.0418885164 0.0209575593 -0.0372186676
v  0.0404953286 0.0183830559 -0.0382187292
v  0.0413969718 0.00852263719 -0.0439656787
v  0.0375056751 -0.120945364 -0.0308246892
v  0.0391929671 -0.120966837 -0.0320131667
v  0.039100986 -0.120968446 -0.030813178
v  0.0418848135 -0.0372133292 -0.0318512768
v  0.0423468463 0.0134031251 -0.0437991247
v  0.0417391285 -0.0918779522 -0.032024812
v  0.0425593145 -0.0300417058 -0.0335512832
v  0.0440319516 -0.0350047983 -0.0320197307
v  0.0422555506 -0.00938827544 -0.0300080795
v  0.0418185778 0.00273473561 -0.0445887595
v  0.0425755084 0.00778528303 -0.0300088357
v  0.0429656953 0.00462445617 -0.0320108086
v  0.0439328179 -0.0350112095 -0.0308134276
v  0.0449530147 -0.0276153348 -0.0375969522
v  0.0449610762 -0.0350111015 -0.0320131704
v  0.041337084 0.00246600062 -0.048295375
v  0.0426792316 0.0113907307 -0.0390852429
v  0.0455001406 0.00406615436 -0.032019373
v  0.0442109965 -0.00141552091 -0.0444173776
v  0.0449606404 -0.0350111015 -0.030813178
v  0.0432944633 0.0195528343 -0.0309719704
v  0.0448983982 0.00367057323 -0.0430207476
v  0.0450782031 0.0123346001 -0.0368411094
v  0.0443508364 0.00268773735 -0.0389678814
v  0.0470086969 -0.00100797042 -0.030148901
v  0.0465846173 0.00908994675 -0.0310236346
v  0.0460889116 -0.0350028202 -0.0316232517
v  0.0468302667 0.00244429708 -0.0373964943
v  0.047033146 -0.0182589404 -0.0313529223
v  0.0468637794 0.000998593867 -0.0302063599
v  0.0474889055 -0.000909928232 -0.032639116
v  0.0474780351 0.000545628369 -0.0329367593
v  0.0476409011 0.00102072954 -0.0314412527
v  0.0468212701 -0.000779498369 -0.0329612233
v  0.046818357 0.000941708684 -0.0324806944
v  0.03999383 -0.000849671662 -0.0336645059
v  0.0397457778 -0.00450719893 -0.0427372791
v  0.0399993099 0.000721946359 -0.0338445008
v  0.038999375 -0.000746823847 -0.033831723
v  0.0396990366 0.00284115225 -0.0435950682
v  0.0390000865 0.000869527459 -0.0336500816
v  0.0397676267 0.00102455169 -0.0310407709
v  0.0400329269 -0.00103002042 -0.0315860324
v  0.0390551165 -0.00100946054 -0.0309650879
v  0.0385448746 0.00976525247 -0.0310819764
v  0.0376923122 0.0133729279 -0.0427697487
v  0.0390605628 -0.00747951493 -0.0311213937
v  0.037172582 0.0124667957 -0.0441555381
v  0.0331606381 0.0120885 -0.031094173
v  0.0374849699 -0.0136470795 -0.0428310782
v  0.0369251557 -0.014756538 -0.0310829449
v  0.0369536094 -0.0116101839 -0.0446134359
v  0.0377728269 -0.000658426434 -0.0449684337
v  0.03576345 -0.00027224794 -0.0310150385
v  0.0352520272 0.0143168867 -0.0449381433
v  0.0360869281 0.0168902352 -0.0311344527
v  0.0317372978 -0.0165719353 -0.0310021974
v  0.0338131078 -0.0213659294 -0.0428665429
v  0.0333230719 -0.0217793398 -0.0311291777
v  0.0326507427 -0.0016993098 -0.0449966304
v  0.0328264311 0.00088083744 -0.0448785052
v  0.0331093073 0.0221876651 -0.0435215048
v  0.0321186371 -0.020929303 -0.0448726118
v  0.0279945936 -0.0134770609 -0.0449968576
v  0.0316130295 0.0242331252 -0.031137703
v  0.0310020596 0.00233693421 -0.0449951589
v  0.0291176103 0.0146087557 -0.0449651517
v  0.029958481 0.0184084401 -0.031166805
v  0.0325745717 -0.123009697 0.0062199845
v  0.0347680338 -0.120999992 -0.00402685162
v  0.0349983573 -0.121078178 -0.000615493394
v  0.0347668156 -0.121000513 0.00402328512
v  0.0348899253 -0.112189025 0.00300048338
v  0.0349868797 -0.115302071 0.00145514449
v  0.0349941999 -0.112965509 -0.00101625267
v  0.0329977348 -0.113264725 -0.000464939047
v  0.0350258835 -0.0851888061 0.000137314666
v  0.0349193588 -0.103674382 0.00265258504
v  0.0349622965 -0.103340685 -0.00234409468
v  0.0330072306 -0.102996945 -0.000629715156
v  0.0349311084 -0.0754819512 -0.00225418946
v  0.0349359103 -0.0640013143 -0.00334490323
v  0.0350132063 -0.0750202984 0.000836060848
v  0.0329991803 -0.0747452229 0.000533308368
v  0.0258673672 -0.0640001446 -0.0153956106
v  0.0283236355 -0.0639998764 -0.00989403855
v  0.0299285874 -0.0640000328 -0.00212281244
v  0.0349703133 -0.1153557 -0.00153786736
v  0.0319995172 -0.115339845 0.00144185824
v  0.0320007168 -0.115215003 -0.00134667661
v  0.0348112322 -0.111439779 -0.00367515394
v  0.0341133587 -0.0639981776 0.00866168179
v  0.0295954514 -0.0639996454 0.00619343622
v  0.0349107869 -0.119732663 0.00259110192
v  0.0319999345 -0.121076122 0.000798603985
v  0.0319998413 -0.119802058 -0.00254088035
v  0.0330005586 -0.103405714 0.00201948313
v  0.0348506421 -0.0838695467 0.00322465645
v  0.0329988264 -0.0852728784 -0.000636916608
v  0.0347579867 -0.0769795626 0.00419339119
v  0.0347579941 -0.0831321031 -0.00414882274
v  0.0348635614 -0.118063405 -0.00309356255
v  0.0348748714 -0.117466524 0.00296174502
v  0.0319997668 -0.11780569 0.00306597026
v  0.0329996385 -0.104490802 -0.00368791772
v  0.0333984159 -0.010466449 -0.0315040275
v  0.0350875333 -0.000103220344 -0.0315368623
v  0.0350624956 0.00128462911 -0.0410035886
v  0.033273384 -0.0116674826 -0.0410044342
v  0.0329997912 -0.105702341 0.00461010495
v  0.034723822 -0.105481774 0.00443930877
v  0.0329998545 -0.0830213577 0.00418169284
v  0.0330006592 -0.0770135298 -0.00419802219
v  0.0320002921 -0.117616415 -0.00300071249
v  0.0346811935 -0.0778373033 -0.00463779643
v  0.0329999886 -0.110610649 -0.00437740376
v  0.0330026746 -0.111022845 0.00416614441
v  0.0329589359 -6.76214695e-05 -0.0410036594
v  0.0331898071 -0.103070095 -0.0110033248
v  0.0329996981 -0.0821704417 -0.00465358514
v  0.0329996757 -0.0778292418 0.00464518135
v  0.0347175561 -0.105687186 -0.00443831738
v  0.0331309736 -0.0639992505 -0.0113190049
v  0.0346662104 -0.0813368559 0.00483223191
v  0.0333588533 0.011066325 -0.0410037562
v  0.0310439691 0.00183758885 -0.0410040729
v  0.0346132517 -0.10802421 -0.00514733046
v  0.0329350531 -0.120999351 0.0118414667
v  0.0319460146 -0.123003721 -0.00894539431
v  0.0346548967 -0.10908322 0.00488154544
v  0.0323430561 -0.102180287 0.0133721493
v  0.0329319425 -0.121001482 -0.0118529424
v  0.0330001228 -0.107637718 -0.00507246656
v  0.028832728 -0.0155230574 -0.0448555127
v  0.0309559871 -0.00183755159 -0.0410040766
v  0.0253463183 0.0282310545 -0.0449826494
v  0.0284658521 0.0280509889 -0.0425573587
v  0.03012597 -0.0178164765 -0.0315040275
v  0.02723784 -0.029501453 -0.0311726183
v  0.0324643813 -0.00114393234 -0.044473704
v  0.0330001004 -0.109047472 -2.03638338e-05
v  0.0330000222 -0.107996359 -0.00113366963
v  0.0330000222 -0.108003631 0.00112574501
v  0.0299946107 -0.108824372 -0.000737478025
v  0.0299679767 -0.108346015 0.00111396099
v  0.0300017837 -0.106983259 -0.000569262542
v  0.0330000706 -0.106955618 8.44849274e-06
v  0.0330001041 -0.0810474753 -2.03810632e-05
v  0.0330000296 -0.0799964219 -0.00113370502
v  0.0330000259 -0.0800037235 0.00112568261
v  0.0300075412 -0.0810588077 4.67090867e-05
v  0.0299803261 -0.079972975 -0.00111070694
v  0.0299801417 -0.0800267383 0.00110245449
v  0.0300055239 -0.0789471567 -5.68632968e-05
v  0.0330000706 -0.0789556354 8.45175236e-06
v  0.0303463042 -0.0634280071 -0.0175082032
v  0.0293488931 -0.121001124 0.0190635584
v  0.0262393802 -0.123001188 0.0204110257
v  0.0296375696 -0.102849513 -0.0186330695
v  0.0310883801 -0.122784883 -0.00024865102
v  0.0302751046 -0.122803718 0.00720204553
v  0.0293571074 -0.12100108 -0.019058492
v  0.0301703811 -0.122793317 -0.00755063863
v  0.0275345221 -0.0639998019 0.0220495313
v  0.0283545572 -0.105135456 0.0203806218
v  0.0253171716 -0.063999705 0.0161371678
v  0.0304427091 0.00182142854 -0.0444890894
v  0.0319995843 -0.118827879 -0.00157820433
v  0.0320002288 -0.119749129 -9.4096642e-05
v  0.0320005864 -0.118427515 0.001824209
v  0.0299873501 -0.119798809 0.000315257814
v  0.0299664587 -0.118992522 -0.00146679673
v  0.0299411304 -0.118091822 0.00174464798
v  0.0319997557 -0.117003754 -0.00144007429
v  0.0299812295 -0.116804317 -0.0014298032
v  0.0299944952 -0.116384849 0.000695536379
v  0.032000497 -0.11626175 0.000417612027
v  0.0274166875 -0.0177962445 -0.0449979939
v  0.0293887127 -0.00191426277 -0.0450061373
v  0.0307331905 -0.001747109 -0.0444919318
v  0.0256682392 0.0304527283 -0.0311267115
v  0.0273113996 0.0220931321 -0.041004058
v  0.0278779101 0.0172210336 -0.0448789187
v  0.0275840387 -0.122802794 0.0144006554
v  0.0217245594 0.0284565762 -0.0310051925
v  0.030841371 -0.121042937 -0.00150953932
v  0.0302720349 -0.121043667 0.00606103754
v  0.0267520733 -0.030385457 -0.0427651703
v  0.02564184 -0.0296565779 -0.0445802696
v  0.0288592596 -0.0229271986 -0.0450040251
v  0.0246191584 -0.123001531 -0.022246588
v  0.0274131615 -0.122827232 -0.0147158876
v  0.0287477188 -0.121034518 -0.0117447199
v  0.0296676308 -0.120133996 0.00267519662
v  0.0290411152 6.75618649e-05 -0.0410036445
v  0.029032765 -0.000390473753 -0.0446706377
v  0.0254245102 -0.0630003884 -0.0152526656
v  0.0292783231 0.00150884688 -0.0449797921
v  0.0263317544 0.0131814927 -0.045000352
v  0.0297352821 -0.120133996 -0.00213790825
v  0.0246618893 -0.0250322819 -0.03121447
v  0.0288965702 -0.0197483338 -0.0410040244
v  0.0279990286 -0.0209136494 -0.0410040244
v  0.0252616089 0.0242250115 -0.0315040275
v  0.0280710366 -0.121050894 0.0128785428
v  0.0223351866 0.0331391245 -0.0433141738
v  0.0290460344 -0.120121807 0.0073919869
v  0.0288469624 0.00374090672 -0.0410029069
v  0.0262205712 -0.10069035 -0.0233045761
v  0.0290619656 -0.120070398 -0.00735032372
v  0.0283381622 -0.00720191747 -0.041002661
v  0.0254380535 -0.0630025044 -0.023958981
v  0.0261330046 -0.0643365905 -0.023387529
v  0.0230228901 -0.0319158807 -0.0449728519
v  0.0268359575 -0.118063837 0.0224628039
v  0.025161352 -0.121081486 0.0243404545
v  0.0268326085 -0.118125319 -0.0224869121
v  0.0257391781 -0.115288392 -0.0237210114
v  0.0257493332 -0.115313709 0.023683954
v  0.0243548956 -0.120972335 -0.0251708068
v  0.0257656574 -0.120656848 -0.0237015225
v  0.0275383927 -0.0172241591 -0.0444834754
v  0.0285094306 -0.0165380277 -0.0410035551
v  0.0258899368 -0.0170694478 -0.0410040729
v  0.023263678 -0.0174749866 -0.0410047956
v  0.0278036222 -0.0139305517 -0.0410040803
v  0.0285771079 0.0164208263 -0.0410035551
v  0.0277276244 0.0138866752 -0.0410040729
v  0.0264509898 0.0121057108 -0.0410038307
v  0.0259661321 0.0171134025 -0.0410040729
v  0.022900885 0.0178001747 -0.0410040617
v  0.02727676 -0.0136444569 -0.0444865786
v  0.02822797 0.0141869709 -0.044512365
v  0.0261124354 -0.013330739 -0.0449806564
v  0.0247630905 -0.12102814 -0.0186774358
v  0.0263206754 -0.120078534 -0.014325588
v  0.0236748308 -0.115310937 0.0257605799
v  0.0192866996 -0.0640001893 0.023081854
v  0.0263912249 -0.120208547 0.0142594241
v  0.0180222634 -0.0229268558 -0.0450040251
v  0.0219203029 -0.0229268 -0.0450040251
v  0.0227581151 -0.0225829892 -0.0450040512
v  0.0224242993 -0.0208597481 -0.045004271
v  0.0245097894 -0.0249982215 -0.0410037674
v  0.023211319 -0.12280193 0.02071991
v  0.0229808763 0.0219512582 -0.0450039916
v  0.0218810029 0.023042649 -0.0450041443
v  0.0262652747 0.0173810869 -0.0448736511
v  0.0229612738 -0.1227936 -0.0209800042
v  0.00974765792 -0.0461279899 -0.0310544167
v  0.024076879 -0.121047467 0.0193037093
v  0.0240296852 -0.103388175 -0.0256585013
v  0.0249492805 -0.0148664638 -0.04467218
v  0.0253466163 0.0141727403 -0.044673007
v  0.0251841415 -0.0144619681 -0.0410035811
v  0.0249385033 -0.035156168 -0.0311487261
v  0.0251165498 0.014579013 -0.0410036035
v  0.0235773139 -0.115215003 0.0216745008
v  0.0247466024 -0.117616475 0.0205046106
v  0.0244211219 -0.119802102 0.0208294559
v  0.0231869537 -0.121082842 -0.0220718645
v  0.0247980002 -0.117806226 -0.0204605684
v  0.024964828 -0.0165673941 -0.0449182168
v  0.0219596326 0.0207979605 -0.0450041182
v  0.0210443009 -0.0630000159 -0.0221037976
v  0.0212399568 -0.0630014241 -0.0199245289
v  0.0236483011 -0.115339875 -0.0216096658
v  0.0251003671 -0.100692227 -0.0263754483
v  0.0248544123 -0.035984233 -0.0433525443
v  0.0249881689 -0.0644498989 -0.0271532871
v  0.0252045263 0.0162034109 -0.0444967002
v  0.0245108381 0.0160748661 -0.0449943431
v  0.0245790388 -0.0639776513 -0.0267829336
v  0.0242210347 -0.102154374 -0.0268778093
v  0.0186251886 0.0351767913 -0.031115571
v  0.022060845 -0.12106438 0.0231898744
v  0.0236823671 -0.0639996007 -0.0242241323
v  0.0242296848 -0.0640003309 -0.0161712971
v  0.0179895964 -0.0302942283 -0.031172052
v  0.0190623682 0.0293535143 -0.0315040275
v  0.0200032406 0.0287606567 -0.0410037488
v  0.0209808387 -0.116242155 -0.0214973204
v  0.022457907 -0.117523864 -0.0198809654
v  0.0208965708 -0.119820043 0.0214637965
v  0.0236568432 -0.115356848 -0.0258009396
v  0.0216786955 -0.115227744 -0.0235814098
v  0.0160193369 0.0364321694 -0.0435955003
v  0.0179600958 -0.022972215 -0.0450040251
v  0.0214172155 -0.119802736 -0.0210049283
v  0.0193498023 -0.121021152 -0.0241682027
v  0.0247370601 -0.0624888949 -0.029801935
v  0.0248502269 -0.10019961 -0.0430286378
v  0.0210235007 -0.0640002117 -0.0214280505
v  0.0249664616 -0.0604749396 -0.0313357003
v  0.0221866947 -0.116795152 0.0201870799
v  0.0208835062 -0.0203077979 -0.0449425727
v  0.0239801761 -0.101745635 -0.0428635702
v  0.0222173519 -0.118996069 0.0201480575
v  0.0151203414 -0.0640124679 -0.0259396527
v  0.0245170537 -0.0601721108 -0.0309053548
v  0.0236426666 -0.117003724 0.0216077901
v  0.0236231536 -0.119234562 0.0216269288
v  0.0236425847 -0.118995756 -0.0216159075
v  0.0236250237 -0.116766855 -0.021633178
v  0.0230442714 -0.101948678 -0.0441433229
v  0.0103403153 -0.0635496005 -0.028597651
v  0.0120966565 -0.049546577 -0.0310939662
v  0.0118765868 -0.0600782558 -0.0310497824
v  0.0115674939 -0.0621227808 -0.0300260168
v  0.0228911992 -0.100576043 -0.0449330434
v  0.0216085259 -0.115334764 0.0236416198
v  0.0224879775 -0.0629984066 -0.0237660985
v  0.0145557271 -0.123003349 0.0298008248
v  0.0178151019 -0.121000312 0.0301224254
v  0.0212224331 -0.105074801 -0.0279872362
v  0.0227078125 -0.102944687 -0.0301843602
v  0.0228548013 -0.102872431 -0.0426490419
v  0.0228827447 0.0223621801 -0.0410039909
v  0.0228441618 -0.119732693 0.0265104137
v  0.0208333377 -0.119800515 -0.0244253408
v  0.022860948 -0.119734988 -0.026517693
v  0.0178164523 -0.120999984 -0.0301299952
v  0.0213041268 -0.0640007406 -0.0198115297
v  0.0169320367 -0.104678139 -0.030844979
v  0.022329608 -0.116261765 0.0229218975
v  0.0223330986 -0.119737208 -0.0229261983
v  0.0216088574 -0.10345374 -0.029253915
v  0.0174237937 -0.12280111 0.0257746503
v  0.0171210505 -0.122793809 -0.0259673819
v  0.0120514035 -0.12300387 -0.0309145842
v  0.0158656519 -0.0989093706 0.0311983414
v  0.0225625709 -0.117466629 0.0267526694
v  0.0204564277 -0.117805697 0.0247940458
v  0.0225565266 -0.117413864 -0.026763577
v  0.0216493364 -0.0639990866 -0.0230905041
v  0.021361161 -0.022945378 -0.0410041362
v  0.0189557876 -0.029524833 -0.0410032757
v  0.0227581151 -0.0212576464 -0.0410039984
v  0.0228202213 -0.0224184655 -0.0410039872
v  0.0200089253 -0.0209137723 -0.0410040244
v  0.0219203029 -0.0209138319 -0.0410040244
v  0.022398483 0.0209054649 -0.0410038494
v  0.020913763 0.0234673768 -0.0410040244
v  0.0214422643 0.0229350775 -0.0410038382
v  0.0220767595 -0.119551659 0.0231739972
v  0.0220380053 -0.116478562 -0.0232210048
v  0.020714771 -0.116384894 0.0217001997
v  0.0187539291 -0.121047229 0.0245098397
v  0.0205087066 -0.117616557 -0.0247505959
v  0.0180263165 -0.063999705 0.0300816111
v  0.0186601095 0.022296086 -0.0449673012
v  0.0157421492 -0.120121613 -0.025467867
v  0.0111975912 -0.103088543 -0.0356192142
v  -0.00665566698 -0.103058226 -0.0374773517
v  -0.0224675108 -0.102909237 -0.0428951643
v  -0.0227221232 -0.101591691 -0.0441170819
v  0.00536734518 -0.0999750942 -0.0449934714
v  0.0150237503 -0.0914505348 -0.0450040027
v  0.0199170057 -0.118557259 -0.0224531814
v  0.0207755864 -0.0222312436 -0.0450040139
v  0.0211185422 -0.0212096274 -0.0410040841
v  0.0213930476 -0.118143573 -0.0238659289
v  0.0213599335 -0.117959701 0.0238911808
v  0.020913763 0.0200768858 -0.0410040244
v  0.0210711956 0.0213405117 -0.0410040878
v  0.0199063234 -0.118079819 0.0224280339
v  0.0208597351 0.0218893811 -0.0450039953
v  0.0209138077 0.0219203383 -0.0410040244
v  0.015035212 -0.0249629617 -0.0410042815
v  0.0181150809 0.0227417722 -0.041004464
v  0.0149308899 -0.120150626 0.0259241164
v  0.00884441938 0.0369653851 -0.0449705943
v  0.010552587 -0.0336299092 -0.0311447382
v  0.0118558249 0.0329308659 -0.0315040275
v  0.0131537439 0.03244555 -0.0410039164
v  0.0153811006 -0.0246200264 -0.0449298732
v  0.0148620354 0.0249458849 -0.0446741208
v  0.010538022 0.0384052992 -0.0311244354
v  0.00619479595 0.0347650349 -0.0311276261
v  0.0140389474 -0.0931257308 -0.0450041071
v  0.00969835371 -0.0747865662 -0.0449113362
v  0.0120966472 -0.0714534149 -0.0449140891
v  0.0140391057 -0.0431258157 -0.0450040847
v  0.0150574837 -0.0419759154 -0.0450040139
v  -0.0086285565 -0.0751913264 -0.0449590646
v  0.0129499193 -0.0914855078 -0.0450041406
v  0.0171976276 -0.0278515108 -0.0448309779
v  0.0172516182 -0.0258423686 -0.0448525883
v  0.0154306954 -0.0289472118 -0.0449175201
v  0.0101805041 -0.0276859105 -0.0450040251
v  0.0139610106 -0.0408742428 -0.0450041071
v  0.0165623277 0.0249730945 -0.0449030548
v  0.0177944265 0.0274163038 -0.04499612
v  0.0155238416 0.0288381279 -0.044865381
v  0.0117020067 -0.112994038 0.0330187082
v  0.0104643777 -0.121000789 0.0333942473
v  0.0172242224 0.0275383741 -0.0444834754
v  0.0106591377 -0.105584115 -0.0333998501
v  0.0105746686 -0.122800335 0.0292567909
v  0.0102369692 -0.122794054 -0.0293715373
v  0.0138549693 -0.0640002638 0.0265772007
v  0.0104608312 -0.12099947 -0.0334048197
v  0.0164208971 -0.0285770595 -0.0410035513
v  0.0100136772 -0.0336884782 -0.0410033017
v  0.0171133839 -0.0259660557 -0.0410040766
v  0.0170693789 0.0258898735 -0.0410040766
v  0.0144620733 0.0251841694 -0.0410036035
v  0.0165379308 0.0285093933 -0.0410035551
v  0.0123327924 -0.121047057 0.0282928906
v  0.0119825341 -0.121033274 -0.0285025928
v  0.0157562103 -0.0250062197 -0.0444798209
v  0.0141644562 -0.0282023437 -0.0444699265
v  0.0116831157 -0.0849998966 0.0330584012
v  0.0116643701 -0.102999978 0.0330405459
v  0.00810118951 -0.0640008822 0.0342503861
v  0.0117883319 -0.0750021487 0.0330577567
v  0.0121646803 0.0263029039 -0.0410040505
v  0.0139306132 0.0278036743 -0.0410040766
v  0.0135191511 -0.0280951783 -0.0449987762
v  0.0140479906 0.0282076895 -0.0448939204
v  0.0138865849 -0.0277274624 -0.0410040766
v  0.0140457358 -0.0258000866 -0.0410039164
v  0.0139043052 -0.0255507156 -0.0448222309
v  0.0146446228 -0.0928554088 -0.0379940942
v  0.0148868971 -0.0913411155 -0.0379850529
v  0.0139999865 -0.0920000002 -0.0374229252
v  0.014644566 -0.0428554714 -0.0379940979
v  0.0148869017 -0.0413411036 -0.0379850529
v  0.0139999911 -0.0419999883 -0.0374229252
v  0.00929886382 0.0385926515 -0.0434582978
v  0.0103867697 -0.0273819864 -0.0410038196
v  0.010379795 -0.0724237189 -0.0283599943
v  0.00746389292 -0.0750848651 -0.0291549284
v  0.00967307296 -0.12013749 -0.028400315
v  0.0134915039 0.0264365822 -0.0449006483
v  0.00995506532 -0.12019366 0.0282974094
v  0.0131130833 -0.0926588848 -0.0379850566
v  0.0133553818 -0.0911445841 -0.0379940979
v  0.0131130973 -0.0426588953 -0.0379850604
v  0.0133554619 -0.0411445573 -0.0379940718
v  0.00193473371 0.0294421464 -0.0450343005
v  0.00169897801 0.032650277 -0.0449961722
v  0.00760251703 0.0280775353 -0.0449435338
v  0.00805952307 -0.0802774802 0.0288892426
v  0.00749858003 -0.0790739283 0.0290433951
v  0.00756566832 -0.108960874 0.0290559903
v  0.00792493112 -0.107510559 0.0289320536
v  0.00633118255 -0.0809644982 0.0293396451
v  0.0120030018 -0.0491433516 -0.0449181907
v  0.00650189398 -0.0640020818 0.0293464921
v  0.00424946984 0.0288037434 -0.0410025306
v  0.0100024594 -0.0468780249 -0.0448904186
v  0.012942465 -0.0420238972 -0.0450040139
v  0.00488566235 -0.103583537 -0.035757903
v  0.0101265525 -0.0498792008 -0.0434568264
v  0.0104251308 -0.0720156357 -0.0440237299
v  0.0100837983 -0.0606560446 -0.0325000808
v  0.0104900543 -0.049066674 -0.0319906101
v  0.00283440668 -0.0351989679 -0.0311256349
v  0.00539209927 0.0346726701 -0.0410035253
v  0.00790437311 -0.107297421 0.0329960175
v  0.00716967182 -0.109137945 0.0329973511
v  -0.00596872997 -0.108488359 0.0329959244
v  -0.0116637871 -0.112997867 0.033031974
v  -0.011669118 -0.102999918 0.0330267884
v  -0.00654987572 -0.107082725 0.0329956152
v  0.00596861588 -0.107511617 0.0329959244
v  0.00786470249 -0.0807168633 0.0329959914
v  0.00762406737 -0.079086706 0.0329975858
v  0.00612755632 -0.0793776438 0.0329944976
v  0.0101343859 -0.0701198205 -0.0293168202
v  0.0100141997 -0.0706558898 -0.042791862
v  0.0100490674 -0.0503645428 -0.0331526957
v  0.00315664546 -0.11798887 0.034842547
v  0.00124577119 -0.120828755 0.0350375585
v  0.000219407855 -0.123000652 0.0331590436
v  0.00293798628 -0.11884398 -0.0348769315
v  0.00231081457 -0.115796581 -0.0349478759
v  -1.96794717e-05 -0.113000706 0.0350550562
v  0.00198405189 0.0397917926 -0.0311313551
v  -2.5635949e-05 -0.122817174 0.0312788002
v  2.56148051e-05 -0.122817174 -0.0312868617
v  0.00100554619 -0.122998036 -0.0330039002
v  0.00387178105 -0.120996371 0.030853495
v  0.00494650751 -0.121045277 -0.0305200908
v  0.00435573608 -0.120854363 0.0299080275
v  0.00953263324 -0.0717324689 -0.0302511994
v  0.00913429447 -0.0722140521 -0.0426965468
v  0.00918693934 -0.0488039106 -0.0332603678
v  0.00996640045 -0.0503062084 -0.0410038866
v  0.0084289955 -0.0482458808 -0.0410039872
v  -0.000929349218 -0.0351553597 -0.0410030708
v  0.0011013496 -0.120991796 -0.0350126773
v  0.0075243949 -0.0731558576 -0.0307180397
v  0.00762219587 -0.0731643662 -0.0433499366
v  0.00756600546 -0.0478093103 -0.0326349698
v  -0.00193230354 0.0397345275 -0.0436147377
v  0.00426796032 0.0397281349 -0.0427972414
v  -0.000136420669 -0.102999978 0.035005983
v  -0.000264387636 -0.0850000307 0.0349949822
v  -0.000264386763 -0.0749999806 0.0349949822
v  -0.000645616325 -0.105476774 -0.0351295732
v  0.00183756754 0.0309558734 -0.0410040729
v  -0.00541544333 0.0347136036 -0.0410038196
v  6.76010532e-05 0.0329588503 -0.0410035551
v  0.00656048814 -0.107020609 0.0292739682
v  -0.000282557739 -0.116218723 -0.0300325174
v  0.0015695676 -0.117174394 -0.0299579185
v  0.00133479037 -0.11924611 -0.0299867
v  -7.35554349e-05 -0.119769692 -0.0300058089
v  0.0063137901 -0.0808433592 0.0329956301
v  0.00628984859 -0.0791999623 0.0293210223
v  -0.00896252319 -0.0734943673 -0.0440404527
v  -0.00764282467 -0.0730293319 -0.0428186804
v  8.17455148e-05 -0.0732260048 -0.0317206532
v  -0.0076373131 -0.0479508676 -0.0331493169
v  -0.00835676398 -0.0481912047 -0.0410039499
v  -0.00896251574 -0.0475056246 -0.0319676027
v  -0.00855687447 -0.0458750166 -0.0310751684
v  -0.000357880315 -0.0639995709 0.0299808793
v  0.00601586699 -0.108461224 0.0293650627
v  0.00175135629 -0.117915921 0.0299443193
v  -5.80459891e-06 -0.116154306 0.0300231017
v  -3.46427696e-05 -0.0753935724 -0.0300896782
v  -0.00629961211 -0.0807705373 0.032994736
v  -0.00635155663 -0.078997165 0.0329956524
v  0.00039654164 0.0290375501 -0.04467066
v  -0.0034816612 0.0350050628 -0.0311610233
v  -0.00674309349 -0.034854535 -0.031059498
v  -0.00623636972 0.0373069197 -0.0449712574
v  0.00257658446 -0.119692288 -0.0320047885
v  0.00295722112 -0.117329031 -0.032004118
v  0.00182826363 -0.118427321 -0.0320046209
v  0.00161693769 -0.115416422 0.0319960639
v  0.00309576956 -0.118020579 0.0319961682
v  0.00172776403 -0.118604869 0.0319958255
v  -0.0039501451 -0.12105187 -0.0306651238
v  -0.00502504967 -0.121047206 0.0304935388
v  0.00114162732 -0.1208966 0.031995859
v  0.00114809431 -0.115104608 -0.0320038497
v  -0.00196064007 -0.120120332 0.029955931
v  0.000104896957 -0.119869076 0.0300049745
v  -0.00493025454 -0.103382342 -0.0361839198
v  -0.000971401692 -0.1209535 0.0350085013
v  0.000985179446 -0.115066312 0.0349880718
v  0.00174714217 0.0307332799 -0.0444919504
v  -0.00324454671 -0.0639993399 0.0349127129
v  0.000773340755 -0.116413862 0.0319968611
v  0.00114384992 0.0324644446 -0.0444737487
v  0.000421408447 -0.116261683 -0.0320045352
v  0.00100047013 -0.120826975 -0.0330040455
v  0.000633960008 -0.120928437 -0.0320064537
v  -0.00652093766 0.0392916501 -0.0311336126
v  -6.76250347e-05 0.0290409476 -0.0410036221
v  -8.99671722e-05 -0.119749121 -0.0320042633
v  2.57817883e-05 -0.119718537 0.0319959149
v  -0.000892976881 -0.120888025 -0.0330036059
v  -0.00097234291 -0.115059927 -0.0349970162
v  -0.00114198611 -0.115103394 0.0319958292
v  -0.000880252919 0.0328218713 -0.0448712781
v  -0.00141111435 -0.11676652 0.0319947824
v  -0.00151137286 -0.120650433 -0.032003209
v  -0.00100680639 -0.122999318 -0.0330097452
v  -0.00492130825 0.0286967084 -0.0410032384
v  -0.022949541 -0.100152075 -0.0448995121
v  -0.00230150926 -0.115783073 0.0349372365
v  -0.0139610553 -0.0931257308 -0.0450041071
v  -0.0129425181 -0.0919759274 -0.0450040139
v  -0.0115123661 -0.0850000456 0.033111915
v  -0.0140389809 -0.0908742547 -0.0450041071
v  -0.0119320564 -0.0727493614 -0.0449746177
v  -0.0116197085 -0.0750024915 0.0330693573
v  -0.00161707122 -0.120583534 0.0319960564
v  -0.00161722908 -0.115416609 -0.0320041105
v  -0.00661999919 -0.109020025 0.0292622223
v  -0.00597887766 -0.107846007 0.0293909758
v  -0.00631558802 -0.0808128268 0.0293243043
v  -0.00613337057 -0.0792965963 0.0293599814
v  -0.00733996416 -0.0750901327 -0.0291756764
v  -0.00157416298 -0.118827954 -0.0320036188
v  -0.00182134204 -0.118491843 -0.0299261976
v  -0.00158489461 0.0297288299 -0.0448892079
v  -0.00519919069 0.0285991877 -0.0449448042
v  -0.00143617101 -0.118996009 0.0319957361
v  -0.00143610546 -0.117003843 -0.0320037901
v  -0.0081965616 -0.0640014783 0.0289109536
v  -0.000980103039 -0.12094 -0.0350355618
v  -0.00309577398 -0.118020184 -0.0320041962
v  -0.00309579982 -0.117979594 0.0319961421
v  -0.00177355891 -0.118022576 0.0299438983
v  -0.0018375559 0.0310441107 -0.0410040803
v  -0.00191484008 0.0314337164 -0.0448630862
v  -0.00257985271 -0.119692899 -0.0349153541
v  -0.0097843539 -0.120240867 -0.0283945072
v  -0.0134503683 0.0279586241 -0.0449971519
v  -0.00294828415 -0.118772745 0.0348693505
v  -0.00294824457 -0.117228508 -0.0348711349
v  -0.00731686782 -0.0732259303 -0.0306362286
v  -0.0104664406 -0.120999984 0.0333943889
v  -0.00986835361 -0.123000018 0.0314859077
v  -0.0102369841 -0.122794054 0.0293634757
v  -0.0128709069 -0.123002775 -0.030599393
v  -0.0104664406 -0.120999984 -0.0334024355
v  -0.00984598417 -0.12007916 0.0283086784
v  -0.010532083 -0.106048457 -0.0333804414
v  -0.0105747078 -0.122800335 -0.0292648561
v  -0.0107932631 -0.104286328 -0.033924412
v  -0.0119886035 -0.121033177 0.0284922868
v  -0.00894736405 0.0386164933 -0.0435824208
v  -0.0132327778 0.0376806259 -0.0432620309
v  -0.0118558323 -0.0329308361 -0.0315040275
v  -0.0100012571 -0.0335822925 -0.0410041437
v  -0.0112359654 0.0333845019 -0.0311339516
v  -0.0131478179 -0.0639994815 0.0325925499
v  -0.00672683725 -0.106965132 0.0292367525
v  -0.0147237089 0.0372012258 -0.0315329991
v  -0.00789828133 -0.0806147754 0.0289395861
v  -0.00744500197 -0.0809520483 0.0329972543
v  -0.00767007982 -0.0791754574 0.0290060565
v  -0.00769401668 -0.107189164 0.0329959057
v  -0.00780170737 -0.108746827 0.0329959951
v  -0.0132933427 0.0261526555 -0.0450146385
v  -0.00817040354 -0.108021282 0.0288524292
v  -0.00804864522 -0.079736799 0.0329961628
v  -0.0123315332 -0.121046968 -0.0283007082
v  -0.00871361047 -0.0726113468 -0.030403344
v  -0.0157072544 -0.120181538 0.0255169198
v  -0.0210598707 0.0280574784 -0.041004099
v  -0.0164209399 0.0285768807 -0.0410035551
v  -0.0138866007 0.02772744 -0.0410040729
v  -0.0135617042 0.0323187709 -0.0410054103
v  -0.0091957245 -0.0721481368 -0.042686522
v  -0.00919609144 -0.0488130599 -0.0332603827
v  -0.0145604247 -0.0640000179 0.0262133814
v  -0.0107320361 -0.0726651847 -0.0281334147
v  -0.0117811551 -0.0482929498 -0.0310980864
v  -0.0156248463 -0.120149277 -0.0255297404
v  -0.0182849802 0.0339393988 -0.044698447
v  -0.0099508157 -0.050269939 -0.0410039015
v  -0.0128065925 0.0259992033 -0.0410040617
v  -0.01006833 -0.0707154796 -0.029398039
v  -0.0100226831 -0.0706118122 -0.0426552929
v  -0.0101916306 -0.0504422747 -0.0326392837
v  -0.0108230896 -0.070761472 -0.0441265851
v  -0.0181911997 -0.120952889 0.0299118422
v  -0.0201038774 -0.123003893 0.0263410546
v  -0.017121084 -0.122793809 0.0259593166
v  -0.00997751392 -0.0624758415 -0.0307802483
v  -0.0104101794 -0.0635070279 -0.0287736673
v  -0.0100585008 -0.0603368431 -0.0327717476
v  -0.0101762768 -0.0500686206 -0.0434019268
v  -0.0110069774 -0.0601122938 -0.0316502564
v  -0.0100033479 -0.0469413698 -0.0448902436
v  -0.0120317983 -0.0493994057 -0.044927597
v  -0.0100755747 -0.0284749344 -0.0450040251
v  -0.013960897 -0.0431258157 -0.0450040884
v  -0.0129425135 -0.0419759154 -0.0450040139
v  -0.0103087667 -0.0276243128 -0.0410050936
v  -0.0139305685 -0.0278036594 -0.041004058
v  -0.0140389865 -0.0408742428 -0.0450041071
v  -0.0230626576 -0.0306849778 -0.0450020693
v  -0.0155221215 -0.0288265198 -0.0448442064
v  -0.013488641 -0.0280343071 -0.0449958928
v  -0.0141795352 0.0253325552 -0.0446816608
v  -0.0122479573 -0.0622820817 -0.0297924262
v  -0.0131438216 -0.0256413892 -0.0450730734
v  -0.0174238328 -0.12280111 -0.0257827137
v  -0.0193517413 -0.121021152 0.024158664
v  -0.0178164542 -0.120999984 -0.0301300008
v  -0.0205001459 0.0341168493 -0.0310596339
v  -0.0144620035 -0.0251841396 -0.0410036035
v  -0.0126889786 -0.0638890937 -0.0272018295
v  -0.0123437289 -0.0601813123 -0.0309475977
v  -0.0249498542 -0.0348738134 -0.0311108418
v  -0.0165380407 -0.028509438 -0.0410036445
v  -0.0172134917 -0.0305436328 -0.0410046652
v  -0.0182293206 -0.0301621333 -0.0311464313
v  -0.0213097036 0.0287707075 -0.0310029835
v  -0.019062357 0.0293535143 -0.0315040275
v  -0.0145790596 0.0251166821 -0.0410036035
v  -0.0133553743 -0.0928554088 -0.0379940942
v  -0.0131131001 -0.0913411155 -0.0379850529
v  -0.0140000107 -0.0920000002 -0.0374229252
v  -0.0133554311 -0.0428554639 -0.0379940942
v  -0.0131130964 -0.0413410962 -0.0379850529
v  -0.014000006 -0.0419999808 -0.0374229252
v  -0.024467824 -0.0632053614 -0.0289405212
v  -0.0247592125 -0.0603069961 -0.0310233831
v  -0.0193497147 -0.105535232 -0.0292350259
v  -0.0202456154 -0.104155503 -0.0294297729
v  -0.0141870603 0.0282280594 -0.0445123687
v  -0.0136439083 -0.0272721276 -0.0444884524
v  -0.0154263293 0.0289529264 -0.0449247584
v  -0.0222442783 -0.103150561 -0.0295569487
v  -0.0149344914 -0.024943918 -0.0446719378
v  -0.018043749 0.0227504373 -0.0410037264
v  -0.0148869241 -0.0926588774 -0.0379850529
v  -0.0146446433 -0.0911445916 -0.0379940942
v  -0.0148869101 -0.0426588953 -0.0379850566
v  -0.0146445632 -0.0411445647 -0.0379940718
v  -0.0254640765 0.0279312208 -0.0449867286
v  -0.0187527332 -0.121047132 -0.024517851
v  -0.0207135566 -0.116410054 -0.021738939
v  -0.0199320018 -0.118158706 -0.0224062987
v  -0.0247054342 -0.0640169084 -0.0256748311
v  -0.0199176315 -0.11861515 0.0224415176
v  -0.0179601908 -0.0227691382 -0.0410040244
v  -0.0209666193 -0.116244867 0.0214991998
v  -0.0150575032 -0.0920240805 -0.0450040139
v  -0.0150575293 -0.0420238972 -0.0450040139
v  -0.0207264218 -0.0640004426 0.0217610765
v  -0.0221609604 -0.0640000105 0.0271480754
v  -0.0211127624 0.0339147747 -0.042735137
v  -0.0188150704 -0.0221876428 -0.0449795499
v  -0.0194615163 0.0216650441 -0.044971142
v  -0.0164644327 -0.0245692059 -0.0450438969
v  -0.0162232928 0.0249627605 -0.0448647514
v  -0.0208402164 -0.064000167 -0.021746669
v  -0.0170694403 -0.0258899145 -0.0410040841
v  -0.0168797243 -0.0257422253 -0.0444919579
v  -0.0171134099 0.0259661451 -0.0410040729
v  -0.0172228068 -0.0275431126 -0.0444736965
v  -0.0172137637 0.0278715193 -0.0448626019
v  -0.017794745 -0.0274258554 -0.0449943654
v  -0.0223622881 0.0228827298 -0.0410039723
v  -0.020984605 -0.11982362 -0.021382384
v  -0.0173598602 0.026264146 -0.0448358543
v  -0.0240649227 -0.120927319 0.0254446529
v  -0.0229612831 -0.1227936 0.0209719725
v  -0.0251540244 -0.123000145 -0.0216657389
v  -0.0232113656 -0.122801915 -0.0207279567
v  -0.023662217 -0.115349203 0.0257793404
v  -0.0224662647 -0.11806421 0.02683134
v  -0.0251603741 -0.121080786 -0.0243472513
v  -0.0228491556 -0.119733214 -0.026522819
v  -0.0225623325 -0.117466465 -0.0267604496
v  -0.023691535 -0.115313441 -0.0257874969
v  -0.0207979009 0.0219594613 -0.0450041406
v  -0.0219514128 0.0229807943 -0.0450039878
v  -0.0338895023 0.0171907544 -0.0449925959
v  -0.0216387566 -0.022952307 -0.0450040363
v  -0.0208597444 -0.021889396 -0.0450039916
v  -0.0245341212 -0.0161276162 -0.0449884534
v  -0.021971805 -0.0189842582 -0.0410044417
v  -0.0252616163 -0.0242249817 -0.0315040275
v  -0.0275540315 -0.0228597112 -0.0310044922
v  -0.0237527695 -0.0257378146 -0.0410042256
v  -0.0276149958 0.0217494369 -0.0315724313
v  -0.0229268726 -0.0245484859 -0.0410040244
v  -0.0208597444 -0.021416299 -0.0410036668
v  -0.0222312268 -0.0230649598 -0.0410040393
v  -0.0210826546 0.0225831494 -0.0410039984
v  -0.0214165431 0.0208596364 -0.0410037003
v  -0.0274262801 -0.0291634947 -0.0311637372
v  -0.0222954173 0.0185449272 -0.0448040292
v  -0.0236101784 0.0169295967 -0.0410045423
v  -0.0214334857 -0.119792327 0.020981783
v  -0.0219596457 -0.0207979642 -0.0450041145
v  -0.0229268726 -0.0209137648 -0.0410040244
v  -0.0225829873 -0.0210825428 -0.0410039984
v  -0.0213945191 -0.117857888 -0.0238645598
v  -0.0220377967 -0.11952132 -0.0232212413
v  -0.0213930737 -0.118143603 0.0238578692
v  -0.0220379103 -0.116478547 0.0232128259
v  -0.0272865463 0.028154321 -0.0441555344
v  -0.0240758788 -0.121047348 -0.0193117298
v  -0.0223389044 -0.11626415 -0.0229212027
v  -0.022339154 -0.119735673 0.0229126327
v  -0.0227869656 -0.104192436 -0.0268437695
v  -0.0204565488 -0.117806204 -0.0248020198
v  -0.0208335482 -0.119802088 0.0244171321
v  -0.0205087122 -0.117616422 0.0247426294
v  -0.0247631129 -0.121028155 0.0186696965
v  -0.0281782281 0.028401345 -0.0428470932
v  -0.0259661116 -0.0171133988 -0.0410040393
v  -0.0220617633 -0.121064365 -0.0231970157
v  -0.0216775965 -0.115227953 0.0235743821
v  -0.0278644301 -0.0639999807 0.0212641209
v  -0.0216095708 -0.115334809 -0.0236486513
v  -0.0209352076 -0.0629990548 -0.0205211844
v  -0.0212491602 -0.0640002862 -0.0199583117
v  -0.0221858732 -0.116795883 -0.020192707
v  -0.0214979872 -0.0630007461 -0.0228714347
v  -0.030386623 -0.0630687773 -0.0175858513
v  -0.0218896195 0.0208596215 -0.0450039953
v  -0.023187859 -0.121082857 0.022062907
v  -0.0236231741 -0.119234562 -0.0216349866
v  -0.0236250516 -0.116766855 0.0216251127
v  -0.0257914253 -0.0639998019 0.015493134
v  -0.0258916598 -0.0639995709 -0.0153581491
v  -0.0236426909 -0.117003754 -0.0216158386
v  -0.0236426387 -0.118995741 0.0216078628
v  -0.0222173668 -0.118996114 -0.0201561265
v  -0.0224579833 -0.117523775 0.0198729727
v  -0.0241815969 -0.0640005246 -0.0162074026
v  -0.0254008602 -0.0629991069 -0.0153048011
v  -0.028060792 0.0211038738 -0.0410038754
v  -0.0236569159 -0.0359200984 -0.0446360596
v  -0.0263513513 -0.120150253 -0.0142884394
v  -0.028504936 0.0277826115 -0.031117484
v  -0.0263529606 -0.120097369 0.0142903812
v  -0.0242211763 -0.0630000159 -0.0252693165
v  -0.0235762559 -0.115214795 -0.021683624
v  -0.0229942538 -0.0222075619 -0.0450038351
v  -0.0254897624 0.0169617608 -0.0448802672
v  -0.0230427701 0.0218808129 -0.0450041108
v  -0.0253258366 -0.0141787753 -0.0446833856
v  -0.0248185042 0.0151470602 -0.0448491313
v  -0.0229671616 0.0217125639 -0.041003909
v  -0.0257365424 -0.115288332 0.0237092003
v  -0.0236493945 -0.115339831 0.0216005594
v  -0.0262651742 -0.0173810534 -0.0448736511
v  -0.0274167247 0.0177962184 -0.0449979939
v  -0.0257725026 -0.115330011 -0.0236734748
v  -0.0257655885 -0.120656863 0.0236935392
v  -0.0276761353 -0.123000011 0.0179690626
v  -0.0274013281 -0.122793436 0.0147055779
v  -0.022926813 -0.0219203085 -0.0410040244
v  -0.0275840461 -0.122802779 -0.0144087216
v  -0.0240772478 -0.101985201 -0.0431071147
v  -0.0243211202 -0.102054045 -0.0265959874
v  -0.0256486852 -0.029658664 -0.0445798002
v  -0.0260620434 -0.101067409 -0.0235273838
v  -0.0244213082 -0.119800523 -0.0208373703
v  -0.0247980803 -0.11780566 0.0204524286
v  -0.0248832852 -0.100589514 -0.0429865904
v  -0.0247465558 -0.117616519 -0.0205127392
v  -0.0249764677 -0.0359483585 -0.0427741371
v  -0.0288280882 -0.0198565423 -0.0410042107
v  -0.0258962605 -0.0130442716 -0.0410037749
v  -0.0251165107 -0.0145791322 -0.0410035811
v  -0.0258899145 0.0170694068 -0.0410040729
v  -0.0251841377 0.0144619644 -0.0410036035
v  -0.0268353298 -0.118063807 -0.0224701334
v  -0.0287567526 -0.104085788 0.0197997931
v  -0.0268283747 -0.118119255 0.0224743057
v  -0.0260126721 -0.0643836483 -0.0235827975
v  -0.0267760437 -0.0303299166 -0.0427379794
v  -0.0250510015 -0.100573093 -0.0270651039
v  -0.0251106154 -0.0644815788 -0.0265861433
v  -0.0252045244 -0.0162033476 -0.0444966927
v  -0.0249727741 -0.063668184 -0.0291006397
v  -0.0289027523 -0.120940328 -0.0197831802
v  -0.0293534845 -0.120999977 0.0190583374
v  -0.0256827511 0.0135766193 -0.0449588634
v  -0.0261515174 0.0137768611 -0.04448089
v  -0.0279975329 -0.121047586 -0.0129819969
v  -0.0301259663 -0.0178164691 -0.0315040275
v  -0.0317374803 0.016572237 -0.0310019068
v  -0.0285072867 0.00619602203 -0.0410041064
v  -0.0283065755 0.0068982318 -0.0449432321
v  -0.0324436948 -0.063999474 0.0133512616
v  -0.0325382799 -0.0130017139 -0.0410042219
v  -0.0277274642 -0.0138865896 -0.0410040803
v  -0.0287475586 -0.121034503 0.011737233
v  -0.0275383703 0.0172241926 -0.0444835052
v  -0.0281137358 -0.0074772872 -0.0449431129
v  -0.0261896495 -0.0132247359 -0.0450272784
v  -0.0278806835 0.0137212723 -0.0449031889
v  -0.0282279756 -0.0141869783 -0.044512365
v  -0.0278036892 0.013930589 -0.0410040729
v  -0.0290759914 -0.120108113 0.00738424016
v  -0.0298106447 -0.0639999211 0.00556226773
v  -0.0295691509 -0.0639996901 -0.00626194105
v  -0.029082017 -0.120145991 -0.00729928818
v  -0.0285094287 0.0165380388 -0.0410035551
v  -0.0278746746 -0.0172176622 -0.0448712669
v  -0.0346115343 -0.00569144264 -0.0410044529
v  -0.0288637932 -0.00378165022 -0.0410032757
v  -0.0285770763 -0.0164208673 -0.0410035551
v  -0.0291196592 -0.0146069936 -0.0449678376
v  -0.0330727398 0.0116168037 -0.0410038605
v  -0.0301831178 -0.122827113 0.007539229
v  -0.0302751027 -0.122803703 -0.00721014291
v  -0.0329284146 -0.0639982298 -0.0119353877
v  -0.035160169 -0.0640019029 -8.88747163e-05
v  -0.032266438 -0.0196998268 -0.0449596979
v  -0.0326444358 -0.0217739753 -0.044111874
v  -0.0328579359 -0.120909214 0.0121782105
v  -0.0322478376 -0.123002812 0.0075596082
v  -0.0324791633 -0.12301138 -0.00732556591
v  -0.0339081399 0.0209058225 -0.0311369505
v  -0.0345252901 -0.0198250227 -0.0311046205
v  -0.029728923 -0.00158498809 -0.0448892266
v  -0.0314337872 -0.00191483274 -0.0448630899
v  -0.0288265236 0.0155222416 -0.0448441915
v  -0.0302885864 -0.121047869 -0.00589772034
v  -0.0294468105 0.00194267929 -0.045039814
v  -0.0290376041 0.000389121473 -0.0446589626
v  -0.032650575 0.00169941783 -0.0449966304
v  -0.0377840251 0.000662736595 -0.0449691042
v  -0.0290410593 -6.76885247e-05 -0.0410036445
v  -0.0310440119 -0.00183754414 -0.0410040766
v  -0.0309560001 0.0018375814 -0.0410040803
v  -0.0339539982 -0.0210239999 -0.0428600684
v  -0.0297372937 -0.120133981 0.00211384008
v  -0.0297352523 -0.120133981 -0.00213829568
v  -0.0329308324 -0.120999977 -0.0118598584
v  -0.0345800519 0.0184781253 -0.044155553
v  -0.0330503099 -0.103050679 -0.011454545
v  -0.0308334418 -0.121051297 0.00175222242
v  -0.030733332 0.00174713135 -0.0444919579
v  -0.0299799759 -0.0800266787 -0.00111040939
v  -0.030008167 -0.081053324 -8.36257823e-05
v  -0.029979717 -0.108026758 -0.00111017097
v  -0.0300102122 -0.109048888 -0.000157657079
v  -0.0299454201 -0.117528915 -0.00180098182
v  -0.0299971625 -0.119899601 8.42460431e-05
v  -0.0299472883 -0.117919803 0.00174508477
v  -0.0299635101 -0.108075336 0.00110381795
v  -0.0299778767 -0.0800687745 0.00112112099
v  -0.03000395 -0.0789400488 3.81744467e-05
v  -0.031999588 -0.117174506 -0.00158112636
v  -0.0319997668 -0.118995994 -0.00144022005
v  -0.0320000835 -0.11814402 0.00174173201
v  -0.0300034843 -0.116237015 0.000346845482
v  -0.0320005491 -0.116200909 0.000398788135
v  -0.0336192064 0.0215854943 -0.0427480489
v  -0.0320005082 -0.11973834 0.000417250674
v  -0.030001957 -0.106940106 3.87108885e-05
v  -0.0330001302 -0.107955843 0.00111940084
v  -0.0330001265 -0.0799558759 0.00111940922
v  -0.0330000333 -0.10800381 -0.00113355089
v  -0.0330000296 -0.0800038129 -0.00113355089
v  -0.0330000333 -0.109052747 3.09799798e-05
v  -0.0330000259 -0.0810527503 3.09911557e-05
v  -0.0330000967 -0.106951639 -2.22460367e-05
v  -0.033000093 -0.078951627 -2.22274102e-05
v  -0.0310884248 -0.122784883 0.000240758527
v  -0.0332714431 -0.011413686 -0.0311517958
v  -0.0333984047 0.0104664117 -0.0315040275
v  -0.0374977924 0.0133643597 -0.031117538
v  -0.0324643999 0.00114387274 -0.0444737077
v  -0.0347680561 -0.120999977 0.00401877472
v  -0.0329588912 6.76289201e-05 -0.0410035513
v  -0.0328264013 -0.000880904496 -0.0448785052
v  -0.0349982865 -0.121078104 0.000607521739
v  -0.0319998823 -0.119802102 0.0025328151
v  -0.0319999531 -0.121076122 -0.000806667376
v  -0.0349078551 -0.119731918 -0.0025996468
v  -0.03486358 -0.11806336 0.00308550568
v  -0.0319998041 -0.117805675 -0.00307402713
v  -0.0320003629 -0.11761643 0.00299267611
v  -0.0348748714 -0.117466509 -0.00296979723
v  -0.0320007801 -0.115214989 0.0013386202
v  -0.0349869169 -0.115302116 -0.00146331638
v  -0.0319993682 -0.115339831 -0.00144992396
v  -0.0349729918 -0.115355477 0.0015294156
v  -0.0379994027 -0.011948768 -0.0311272796
v  -0.0346779265 -0.0785961449 0.00479204347
v  -0.0346649624 -0.0814460367 0.00482554035
v  -0.0347680561 -0.120999977 -0.00402682414
v  -0.0347878225 -0.104968712 0.00397678604
v  -0.0346154384 -0.108023331 0.00513910642
v  -0.0345879011 -0.107776374 -0.00518426113
v  -0.0366106331 -0.0121345595 -0.0446831509
v  -0.0348901786 -0.11218822 -0.0030096923
v  -0.0349926427 -0.112965763 0.00100725284
v  -0.0329977237 -0.113264889 0.000455971342
v  -0.0330027044 -0.11102286 -0.00417415332
v  -0.0348073319 -0.111436039 0.00367088756
v  -0.033000011 -0.110610545 0.00436962163
v  -0.0330001563 -0.107637778 0.00506418152
v  -0.0329998024 -0.105701968 -0.00461807754
v  -0.0329996906 -0.10449101 0.00367995864
v  -0.0330005772 -0.103405938 -0.00202792417
v  -0.0330072418 -0.10299699 0.000621214043
v  -0.0348978937 -0.10380429 -0.00294506596
v  -0.0349654071 -0.103033662 0.000987927895
v  -0.0349153541 -0.0843118578 -0.00271512708
v  -0.0349662825 -0.0846609175 0.00227740267
v  -0.0329991989 -0.085254848 0.000532628503
v  -0.0330008976 -0.0829865187 -0.00419806642
v  -0.0330013745 -0.082171306 0.00464506028
v  -0.0346679091 -0.0813337564 -0.00484141195
v  -0.0329996869 -0.0778284296 -0.00465312554
v  -0.032999333 -0.0771905854 0.00436280062
v  -0.0347407237 -0.0769529268 -0.00418392569
v  -0.0329997651 -0.0747333765 -0.000625336077
v  -0.0349016786 -0.0756834894 0.00272614276
v  -0.0350078903 -0.0750016868 -0.000769227277
v  -0.0350853987 0.000149935484 -0.0315384604
v  -0.0357656777 0.000272020698 -0.0310128629
v  -0.0349225551 0.0034898296 -0.0410038903
v  -0.0373384096 0.0142017081 -0.0426206812
v  -0.0395328626 0.0048660934 -0.0311264526
v  -0.0377734341 -0.0130087472 -0.0428211726
v  -0.0396558456 -0.0034083873 -0.031102499
v  -0.0383857265 0.00991158187 -0.0435750969
v  -0.0391556844 -0.00664272532 -0.0436475314
v  -0.0396045819 0.00456307828 -0.0433340706
v  -0.0397897996 -0.00336807221 -0.0427406691
v  0.0298361406 -0.131688803 -0.00311124371
v  0.0298765171 -0.130429521 -0.00268480787
v  0.0301054921 -0.136000887 0.00373662496
v  0.0299141537 -0.121201694 -0.0019089682
v  0.0290414412 -0.121200025 0.0078911148
v  0.0288432669 -0.121177092 0.00399685604
v  0.0284302421 -0.121175706 -0.00661242846
v  0.0297817253 -0.129287764 -0.00364216464
v  0.0293216445 -0.135999367 -0.00625915825
v  0.022448089 -0.131207198 -0.00178177515
v  0.0224265233 -0.129588351 -0.00206514122
v  0.0221259817 -0.131742746 -0.0037986855
v  0.0296438374 -0.131682321 -0.00459848624
v  0.0221847743 -0.129657298 -0.00388976187
v  0.0285621285 -0.121200025 -0.00917179324
v  0.0295477789 -0.130198613 -0.00518894335
v  0.00445397384 -0.121100001 0.000940890517
v  0.00365021196 -0.121100001 -0.00278103212
v  0.0257821102 -0.136000022 -0.0153699862
v  0.0252036229 -0.121200025 -0.0163534712
v  0.0260501578 -0.121179268 0.0130062271
v  0.0253425352 -0.135997206 0.0161223523
v  0.0253099166 -0.136000022 0.0116071291
v  0.0261827428 -0.136000022 0.00957184285
v  0.0250824094 -0.121201828 0.0164834969
v  0.0251016542 -0.136000082 -0.0090512801
v  0.0263345093 -0.136000216 -0.0105489157
v  0.0241266619 -0.121177137 -0.016314907
v  0.0238841362 -0.136000022 0.0110535547
v  0.0184840448 -0.136000723 0.0239063464
v  0.025984602 -0.129984513 -0.00953587517
v  0.0259985775 -0.130003035 -0.0111072063
v  0.0257644113 -0.129967391 0.0114352517
v  0.0257967673 -0.129974544 0.00924553163
v  0.0249407142 -0.129248902 0.0103243943
v  0.0249407142 -0.129248902 -0.0103405062
v  0.0245553069 -0.130198568 0.0172245037
v  0.0240069702 -0.131888539 0.0179800931
v  0.0238040257 -0.129308999 0.0182493292
v  0.0248307213 -0.135999948 -0.0116236461
v  0.00217638002 -0.136000022 -0.0040660277
v  0.0239250064 -0.136000022 0.0094494652
v  0.00335461879 -0.136000022 0.00331960665
v  0.0240737125 -0.129948512 -0.0115016634
v  0.0241925847 -0.129980072 -0.009230325
v  0.0205356516 -0.121174298 0.0206378922
v  0.0238226 -0.129981726 0.00959018059
v  0.0239571761 -0.129992798 0.0111480821
v  0.0235247072 -0.136000022 -0.0102707744
v  0.0186138395 -0.130622357 0.0126642082
v  0.0180189069 -0.129289761 0.0134293027
v  0.0177804548 -0.131987751 0.0137104746
v  0.0208087862 -0.136000022 -0.0216142107
v  0.0185107347 -0.121200986 -0.0236350223
v  0.0231461786 -0.131371841 0.019070141
v  0.0230452083 -0.130030081 0.0191944949
v  0.0170683004 -0.13016279 0.0146941766
v  0.0186788347 -0.12119922 0.0236972645
v  0.017649198 -0.121179335 -0.023171844
v  0.00246340316 -0.121100001 0.00383082731
v  0.0215588212 -0.13060002 -0.00284686079
v  0.00447822409 -0.136000022 -0.00080847647
v  0.0154717462 -0.13600044 -0.0257806834
v  0.0181912705 -0.131987855 -0.0238660015
v  0.0192605201 -0.130679518 -0.0230052732
v  0.0184850674 -0.12928623 -0.023636084
v  0.0109983329 -0.136000022 -0.0237270258
v  0.0132252071 -0.121172018 0.0259077959
v  0.0146178175 -0.131207183 -0.0171383154
v  0.0144022107 -0.129588351 -0.0173234399
v  0.0129650002 -0.131747127 -0.0183377918
v  0.0172505379 -0.13060002 0.0132318493
v  0.0129302265 -0.129679292 -0.0184448827
v  0.0172280185 -0.130198732 -0.0245668907
v  0.0104670273 -0.121200018 -0.0282285046
v  0.00933267176 -0.121174313 -0.0275936071
v  0.0114794066 -0.121200018 0.0277154483
v  0.013235867 -0.13060002 -0.017262632
v  0.0101593006 -0.136000022 0.0262876414
v  0.0117222341 -0.136000216 0.024728287
v  0.00864229258 -0.136000603 0.0288419835
v  0.0114509556 -0.136000022 -0.0256517585
v  0.00641651172 -0.136000022 -0.0294314828
v  -0.00019611833 -0.121100001 -0.00470486516
v  0.0113794943 -0.129985794 0.0257286802
v  0.0110621545 -0.129967406 0.0237546414
v  0.01170565 -0.129974544 -0.0249561574
v  0.0103284121 -0.129248902 0.0249366984
v  0.0101636657 -0.135999992 0.0236446857
v  0.00615911093 -0.136000022 0.0223838296
v  0.0099514015 -0.129967839 -0.0262883548
v  0.0103284121 -0.129248902 -0.0249528009
v  0.00653252099 -0.121157154 0.02824568
v  0.00412548939 -0.121202007 0.0297382139
v  0.0102151623 -0.129981801 -0.0236211307
v  0.00950979255 -0.136000022 -0.0260967594
v  0.00993330125 -0.130000472 0.026152879
v  0.00896928366 -0.129996359 0.0248347521
v  0.00906480663 -0.129992798 -0.0247312076
v  0.00927183591 -0.136000022 -0.0242236368
v  0.00899716374 -0.136000097 0.0248035081
v  -0.00953938719 -0.136000007 -0.0239227302
v  0.000108811393 -0.121199675 -0.0301208347
v  4.95043059e-05 -0.121172681 -0.0291304179
v  -0.00036970654 -0.136000589 0.0301057249
v  0.00517677842 -0.130198672 0.0295427367
v  0.00437905081 -0.131826639 0.0296716504
v  0.00362983812 -0.1292862 0.0297736228
v  -0.000605382433 -0.121154554 0.0290837437
v  -0.000897729304 -0.121100001 0.00448491564
v  -0.00920355972 -0.136000052 0.0240984708
v  0.00388685358 -0.129679292 0.0221746881
v  0.00378653104 -0.131747127 0.0221235156
v  0.00205304963 -0.129588351 0.0224225111
v  0.00283476687 -0.13060002 0.0215548035
v  0.00263597257 -0.131162077 0.029878132
v  0.00176966924 -0.131207183 0.022444075
v  -0.00168615649 -0.136000022 -0.0299608577
v  -0.00571623864 -0.121200018 0.0295752548
v  -0.00122423714 -0.136000022 0.00438022008
v  -0.0019652606 -0.136000022 -0.00419854652
v  -0.0114694266 -0.136000112 -0.0241145939
v  -0.00891954172 -0.121169589 -0.0277108885
v  -0.0137138627 -0.136000663 0.0269344226
v  -0.00953332148 -0.135999933 0.0259598978
v  -0.00654094247 -0.136000037 -0.0292878747
v  -0.00400808267 -0.131987795 -0.0297427103
v  -0.002643432 -0.130679503 -0.0298917964
v  -0.00657023443 -0.121200018 -0.0292806569
v  -0.00363791408 -0.129286215 -0.0297897179
v  -0.00206111744 -0.129588351 -0.0224386435
v  -0.00177775917 -0.131207198 -0.0224601906
v  -0.00284284377 -0.13060002 -0.0215709154
v  -0.0100188209 -0.121160008 0.0273122452
v  -0.0163638908 -0.121150009 0.023936782
v  -0.00425237417 -0.121100001 0.00201536575
v  -0.0153604029 -0.121150009 -0.0246085078
v  -0.0039404491 -0.121100001 -0.00231641857
v  -0.00389663666 -0.136000022 0.00239277584
v  -0.00379462051 -0.131747127 -0.0221396293
v  -0.00389498682 -0.129679337 -0.0221907832
v  -0.00439231424 -0.136000022 -0.00122825569
v  -0.0218149219 -0.121154547 0.0192527808
v  -0.0210002866 -0.121160008 -0.020153828
v  -0.0264039747 -0.121154547 -0.012244801
v  -0.0051848758 -0.130198658 -0.029558856
v  -0.0220452119 -0.135998905 -0.0203333534
v  -0.0268871188 -0.121160001 0.0111272521
v  -0.0290461332 -0.121154547 0.00179502787
v  -0.0285037626 -0.121150002 -0.00537144579
v  -0.00920355413 -0.136000216 -0.025791008
v  -0.0137646478 -0.121200018 -0.026791513
v  -0.0150910728 -0.121199466 0.0260614268
v  -0.0111335944 -0.135999992 -0.025982881
v  -0.0143224783 -0.136000022 -0.0265038721
v  -0.0113269137 -0.136000022 0.0259033404
v  -0.00919714849 -0.130000472 0.0255172998
v  -0.00944753923 -0.129996359 0.0239035338
v  -0.0089773573 -0.129996359 -0.024850864
v  -0.0103364885 -0.129248902 0.0249366984
v  -0.0105890082 -0.129953414 -0.0263685752
v  -0.0103364885 -0.129248902 -0.0249528009
v  -0.0104095135 -0.129979536 0.0262365714
v  -0.0105196843 -0.129985794 -0.0236495528
v  -0.0112614539 -0.136000097 0.0239897519
v  -0.0208168663 -0.136000022 0.0215981156
v  -0.0117388172 -0.129946411 0.0246260017
v  -0.0116266599 -0.130003035 -0.0247469228
v  -0.023748111 -0.136000037 -0.00989100803
v  -0.0300907679 -0.136001289 -0.00384034729
v  -0.025014434 -0.136000112 -0.00899799913
v  -0.0177203659 -0.131841555 0.0242124423
v  -0.0173233505 -0.130015478 0.0244888067
v  -0.0126766879 -0.130686551 0.0186064988
v  -0.013198195 -0.129496247 0.0182263199
v  -0.0132439435 -0.13060002 0.0172465201
v  -0.013386311 -0.13180843 0.0180713795
v  -0.0184931401 -0.12928623 0.023619961
v  -0.0144692697 -0.131495759 0.01725531
v  -0.0144854272 -0.129668593 0.0172304045
v  -0.0192737449 -0.131001145 0.0229870696
v  -0.0199944377 -0.121200018 -0.0223773215
v  -0.0234286133 -0.121198505 0.0192054678
v  -0.0257839896 -0.136000022 0.0154189616
v  -0.0229971875 -0.131055281 -0.0192756094
v  -0.0172665287 -0.131493106 -0.014472683
v  -0.0172414277 -0.129673734 -0.0144870663
v  -0.0172586143 -0.13060002 -0.0132479612
v  -0.0234620906 -0.129453823 -0.0187129378
v  -0.0180834755 -0.13180843 -0.0133903287
v  -0.0186185967 -0.130686551 -0.0126807047
v  -0.0182384159 -0.129496247 -0.0132022128
v  -0.0242213253 -0.131841153 -0.0177213978
v  -0.0244407989 -0.129720077 -0.0174151082
v  -0.0243272074 -0.136000037 -0.0115945833
v  -0.0261514708 -0.136000022 -0.0147156147
v  -0.0250904746 -0.12120302 -0.0164996441
v  -0.0247878376 -0.136000082 0.0116136391
v  -0.0235549621 -0.136000216 0.0101160314
v  -0.0224561784 -0.131207198 0.00176566513
v  -0.02213406 -0.131742746 0.0037825699
v  -0.0215668976 -0.13060002 0.00283074984
v  -0.0221928563 -0.129657269 0.00387360575
v  -0.0224346016 -0.129588351 0.00204902934
v  -0.0295558572 -0.130198613 0.00517280912
v  -0.0296508595 -0.131682545 0.00458173035
v  -0.0297896694 -0.129287764 0.00362602575
v  -0.0298443865 -0.131688789 0.00309514115
v  -0.0263220593 -0.136000022 -0.010512162
v  -0.0250587892 -0.135999948 0.00904126838
v  -0.029302571 -0.135997951 0.00635521533
v  -0.0298845954 -0.130429521 0.00266869692
v  -0.0238909181 -0.130003035 -0.0111072045
v  -0.0238094125 -0.130000472 -0.00975993555
v  -0.0249487907 -0.129248902 -0.0103405062
v  -0.0243736729 -0.12997295 0.0115371458
v  -0.0236586221 -0.130003035 0.0101185199
v  -0.0249487907 -0.129248902 0.0103243943
v  -0.0248485785 -0.129991785 0.00898701884
v  -0.0253234766 -0.129963249 -0.00903993566
v  -0.0251389612 -0.129996538 -0.0116215972
v  -0.0263246708 -0.129952967 0.0106051061
v  -0.0262343436 -0.12998876 -0.0106404405
v  -0.0263647791 -0.136000022 0.0103941336
v  -0.028570205 -0.12120001 0.00915568136
v  -0.0290495194 -0.12120001 -0.00790722948
v  -0.0299222264 -0.121202797 0.00189329544
v  0.00423687464 -0.115500025 0.00215461804
v  0.0295665432 -0.115500033 -0.0050657778
v  0.0298788715 -0.115500033 0.00372515293
v  0.0299907997 -0.0522000156 -0.00252347952
v  0.0289704558 -0.0522000156 0.00820193812
v  0.0225635972 -0.0522000119 0.00398143893
v  0.0251508038 -0.0522000119 0.00565446122
v  0.00304811075 -0.115500025 -0.00366139971
v  0.0271210074 -0.115500033 -0.0129973693
v  0.0283312947 -0.0640000701 -0.00966123771
v  0.028150782 -0.0522000156 -0.00972107239
v  0.0265123453 -0.115500033 0.0142680183
v  0.0240087342 -0.064000003 -0.0181825422
v  0.0240480788 -0.0522000119 0.0181143228
v  0.0249955114 -0.0522000119 0.00873157009
v  0.00940838363 -0.064000003 -0.00416492298
v  0.0094654737 -0.0522000119 -0.00414263457
v  0.019821126 -0.0522000119 0.00538549433
v  0.0209835824 -0.115500025 -0.0216053929
v  0.00334804645 -0.064000003 -0.00314855017
v  0.0251508057 -0.0491999909 0.00846259855
v  0.0249955133 -0.0491999909 0.00538548967
v  0.0225635991 -0.0491999909 0.0101356208
v  0.0195646361 -0.115500025 0.0228828117
v  0.022253016 -0.0522000119 0.010135619
v  0.0222530179 -0.0491999909 0.00398143986
v  0.0198211279 -0.0491999909 0.00873156451
v  0.0184415337 -0.064000003 -0.0236673299
v  0.0158773381 -0.0522000119 0.025579188
v  0.0196658336 -0.0522000119 0.00846259296
v  0.0196658354 -0.0491999909 0.0056544668
v  0.00536023267 -0.0522000119 0.029503338
v  0.000938193814 -0.0522000119 0.010212278
v  0.00954701006 -0.0522000119 0.00322258705
v  0.00646935869 -0.0522000119 0.00772204949
v  0.011764463 -0.115500025 -0.0277285781
v  0.0108444039 -0.064000003 -0.0281014089
v  0.0129529843 -0.115500025 0.0270495787
v  -0.00106908439 -0.064000003 -0.00456962222
v  0.00116065261 -0.115500025 0.00433861325
v  0.00776054058 -0.115500025 0.0289697275
v  0.00446588034 -0.064000003 0.0016297414
v  0.00991196558 -0.064000003 0.00251499237
v  0.00607920159 -0.064000003 0.00803268887
v  0.00095597055 -0.115500025 -0.0301079452
v  -3.66370223e-05 -0.064000003 -0.0301232338
v  0.00230367598 -0.115500025 0.0299030617
v  0.00520343706 -0.0640000328 0.0294004418
v  -0.000863000401 -0.064000003 0.0300382413
v  -0.000157773364 -0.064000003 0.00466860225
v  0.000974846713 -0.064000003 0.0101743508
v  -0.00135226641 -0.115500025 0.00435926719
v  -0.00647859834 -0.115500025 0.0294029117
v  -0.010852444 -0.064000003 0.02808531
v  -0.00116872683 -0.115500025 -0.00435472419
v  -0.00383080984 -0.115500025 -0.00277529284
v  -0.0150333624 -0.115500025 -0.0261048861
v  -0.00776861561 -0.115500025 -0.02898583
v  -0.00776861096 -0.064000003 -0.02898583
v  -0.0158853419 -0.064000003 -0.0255953409
v  -0.0166658089 -0.115500025 0.0250780024
v  -0.0041084094 -0.115500025 0.00203774264
v  -0.00398897566 -0.064000003 0.00226421328
v  -0.0184495989 -0.064000003 0.0236512199
v  -0.0218604486 -0.115500018 -0.0205579344
v  -0.00431988714 -0.064000003 -0.001562519
v  -0.0218604449 -0.064000003 -0.0205579344
v  -0.0246027727 -0.115500018 0.0173651166
v  -0.0240167864 -0.064000003 0.0181664489
v  -0.0265204292 -0.115500018 -0.0142841106
v  -0.0269765574 -0.064000003 -0.0134023726
v  -0.0300640985 -0.115500018 0.00181329111
v  -0.0281417798 -0.115500018 0.0103971269
v  -0.0281417761 -0.064000003 0.0103971269
v  -0.0299877301 -0.064000003 0.00280308304
v  -0.029404847 -0.115500018 -0.00597400358
v  -0.0294048432 -0.064000003 -0.00597400358
v  0.0296608806 -0.121100008 0.00446321676
v  0.0299116988 -0.121096581 -0.00244376063
v  0.0300005469 -0.119244248 -0.000683353748
v  0.0299708322 -0.118408695 0.00128626777
v  0.0224401169 -0.119127646 -0.000923352782
v  0.0224913079 -0.118602961 0.00117295282
v  0.00427032867 -0.121100001 0.00161862792
v  0.00416863617 -0.121100001 -0.0018802667
v  0.00402145041 -0.115500025 -0.00217873091
v  0.00418747077 -0.115500025 0.00213060388
v  0.0299639478 -0.115505755 0.00167643046
v  0.0295138527 -0.115500033 -0.0053647696
v  0.0300038811 -0.116654098 0.000211336184
v  0.0299767666 -0.117400035 -0.00117638661
v  0.022455221 -0.116754696 -0.000646238681
v  0.0225009304 -0.117269933 0.00104780821
v  0.0279209539 -0.115500033 0.0112036243
v  0.0275806338 -0.121100008 0.0120166186
v  0.0275730174 -0.121100008 -0.0120501751
v  0.0258823521 -0.115493253 -0.0158116035
v  0.023999976 -0.115500033 0.0179866012
v  0.0222821068 -0.121095419 0.0200937409
v  0.0205618963 -0.121092573 -0.0219980516
v  0.0220938735 -0.117975503 0.0202826653
v  0.0214157365 -0.11931219 0.0210007224
v  0.00186817313 -0.121100001 0.00416461891
v  0.0193071533 -0.115503505 0.0229696613
v  0.0211996101 -0.116585284 0.0212274101
v  0.0213367101 -0.119318567 -0.0210941974
v  0.0220988858 -0.118088141 -0.0202926658
v  0.0183078051 -0.115495548 -0.0239445828
v  0.0214132909 -0.116687909 -0.0210151263
v  0.021744892 -0.118000031 -8.05547461e-06
v  0.0167376604 -0.118603021 -0.0150795905
v  0.0165404752 -0.116991036 -0.0152933886
v  0.0168204084 -0.117990308 0.0149830543
v  0.0162977204 -0.119154319 0.0155083835
v  0.0160805695 -0.116691031 0.015688384
v  0.0152204018 -0.119131997 -0.0165266357
v  0.0151541308 -0.118842892 0.0166361146
v  0.0152480053 -0.117054775 -0.0165717266
v  0.0201927461 -0.117957793 -0.0221963711
v  0.0202818085 -0.118461758 0.0220961664
v  0.0151663469 -0.117259055 0.016650971
v  0.0168955624 -0.121100001 0.0247791037
v  0.00162264646 -0.121100001 -0.00428242236
v  0.00130752637 -0.115500025 -0.00438939128
v  0.0116749518 -0.115500025 0.0276742056
v  0.00974295009 -0.121100001 0.0284603536
v  0.0153747806 -0.118000023 -0.0153868739
v  0.0153747806 -0.118000023 0.015370762
v  0.00992563553 -0.121100001 -0.0284141935
v  0.00621041562 -0.115494363 -0.029676009
v  0.0040023909 -0.115497775 0.0298017487
v  0.00268514524 -0.121100001 0.0298711732
v  0.00223785709 -0.121100001 -0.029924171
v  0.00116424519 -0.117403015 0.0299710371
v  0.000690219575 -0.119237863 0.0299888216
v  -0.00224594702 -0.121100001 0.0299080536
v  -0.00163072115 -0.121100001 0.00426631188
v  -0.00419270713 -0.115496859 0.029805053
v  -0.000293905672 -0.116687536 0.0299921073
v  -0.00131559977 -0.115500025 0.0043732808
v  -0.00269322027 -0.121100001 -0.0298872832
v  -0.00029448088 -0.119312115 -0.0300071128
v  0.00127554394 -0.118411742 -0.0299825314
v  -0.00400993694 -0.115497768 -0.0298179593
v  9.59650206e-05 -0.116614446 -0.0300106388
v  0.00128149043 -0.118082322 0.0224785823
v  0.00124329247 -0.118639834 -0.022487184
v  0.000305694935 -0.116717406 -0.0224865954
v  -4.03738522e-06 -0.118000023 -0.0217569787
v  0.000626244873 -0.116895497 0.0224900432
v  -4.03738522e-06 -0.118000023 0.0217408743
v  0.00038740231 -0.119208112 0.0224822182
v  -0.00187624909 -0.121100001 -0.00418072892
v  -0.000871733646 -0.119018696 -0.0225098338
v  -0.00102906872 -0.117086485 0.0224908125
v  -0.000938836834 -0.118922286 0.0224920679
v  -0.00121465803 -0.117431745 -0.0225112978
v  -0.00129436539 -0.118420169 0.0299658589
v  -0.00993371475 -0.121100001 0.0283980817
v  -0.00129069539 -0.117914312 -0.0299805161
v  -0.00975109078 -0.121100001 -0.0284764413
v  -0.0116830822 -0.115500025 -0.0276902989
v  -0.00419554487 -0.115500025 -0.00214671576
v  -0.0185410865 -0.121101752 0.0237023719
v  -0.00417671166 -0.121100001 0.00186415529
v  -0.01667374 -0.115492553 0.0253905021
v  -0.0222902056 -0.121095404 -0.0201098192
v  -0.0169036388 -0.121100001 -0.0247952212
v  -0.00427840417 -0.121100001 -0.00163473934
v  -0.0193150509 -0.11550352 -0.0229859035
v  -0.0240080487 -0.115500018 -0.0180027131
v  -0.0234589875 -0.121099994 0.0186966415
v  -0.0275811013 -0.121099994 0.0120340548
v  -0.0258904323 -0.115493253 0.0157954805
v  -0.0275887121 -0.121099994 -0.0120327305
v  -0.0279290304 -0.115500018 -0.0112197371
v  -0.0299198031 -0.121096581 0.00242777774
v  -0.0295219254 -0.115500018 0.00534864375
v  -0.029668957 -0.121099994 -0.0044793277
v  -0.0299720634 -0.115507171 -0.00169284269
v  -0.0202008355 -0.117958017 0.0221802611
v  -0.0152560873 -0.117054768 0.0165556017
v  -0.0152284643 -0.119131975 0.0165105462
v  -0.0153828552 -0.118000023 0.015370762
v  -0.0151724797 -0.117264658 -0.0166674014
v  -0.0203884263 -0.117249742 -0.0220211316
v  -0.0151622053 -0.118842885 -0.0166522209
v  -0.0153828552 -0.118000023 -0.0153868739
v  -0.0204660334 -0.118761159 -0.021945551
v  -0.0213446282 -0.11931853 0.0210781135
v  -0.0214238036 -0.119312182 -0.021016838
v  -0.0214213729 -0.116687909 0.02099902
v  -0.0160886198 -0.116691045 -0.0157045051
v  -0.0167457312 -0.118603103 0.0150634982
v  -0.0165485498 -0.116991036 0.0152772777
v  -0.0163057949 -0.119154319 -0.0155244954
v  -0.0168284867 -0.1179903 -0.0149991661
v  -0.0215206333 -0.116769642 -0.0209111813
v  -0.0221069623 -0.118088141 0.0202765521
v  -0.0221019574 -0.117975473 -0.020298779
v  -0.0224993862 -0.118602961 -0.00118906423
v  -0.0224481951 -0.119127631 0.000907240901
v  -0.0217529684 -0.118000016 -8.05547461e-06
v  -0.0224633496 -0.116754711 0.000630192924
v  -0.0225090086 -0.117269933 -0.00106391916
v  -0.0300086234 -0.119244248 0.000667241868
v  -0.0299790185 -0.118408725 -0.0013023694
v  -0.0299848281 -0.117400035 0.00116027379
v  -0.0300119612 -0.116654083 -0.000227446668

# 0 UV coordinates

# 7911 vertex normals
vn -0.992258906 -0.103950351 0.067945458
vn -0.999685466 0.0194127802 -0.0158788376
vn -0.998161018 0.0173023343 -0.0580957346
vn 0.254061997 -0.926106453 0.278889269
vn 0.254062027 -0.926106453 0.278889269
vn 0.254062027 -0.926106513 0.278889298
vn -0.998890579 -0.0360350832 -0.0303172413
vn -0.989598751 -0.105336957 -0.0979715809
vn -0.290693939 -0.911349952 -0.291441977
vn -0.290693909 -0.911349893 -0.291441947
vn 0.0293504894 -0.142079666 -0.989419997
vn -0.0114652757 -0.00562695321 -0.999918461
vn 0.0295185186 -0.163356215 -0.986125469
vn -0.736399233 -0.674079955 0.0577268861
vn -0.974614561 -0.122213133 0.187591508
vn -0.771171153 -0.634986699 -0.0456838161
vn -0.984368324 -0.0610785484 -0.165192053
vn -0.0654390901 -0.0536985174 0.996410728
vn -0.0828808993 -0.0464038886 0.995478451
vn -0.0410263948 -0.0638598651 0.997115195
vn 0.10907229 -0.385508597 -0.91623491
vn -0.857095778 -0.507504404 0.0884657204
vn -0.842348933 -0.503664851 -0.191755369
vn -0.999766052 0.0209096447 -0.00552902371
vn -0.999728084 0.0198327601 0.0122579373
vn -0.996615052 0.0226689763 -0.079022646
vn -0.995105982 0.0163376201 -0.0974538177
vn -0.504917979 -0.843706608 -0.182254881
vn -0.0259458032 -0.0701086372 0.9972018
vn -0.496463299 -0.859212041 0.123607948
vn -0.00537193194 0.898457944 -0.439026833
vn -0.00651953788 0.901282728 -0.433182389
vn 0.00254053879 0.877935529 -0.478772074
vn 0.00377809396 0.874560654 -0.484901488
vn -0.00331338029 0.844359994 0.535766184
vn 0.0049550226 0.865801752 0.500362575
vn 0.00629168516 0.869125247 0.494551957
vn 3.10750693e-05 0.172677055 -0.984978437
vn -0.0138199674 0.0861693546 -0.996184587
vn 0.00227191951 0.186546013 -0.982443631
vn -0.00477661425 0.840407073 0.541934609
vn -0.0155703351 0.0751410946 -0.997051239
vn 0.0186518114 -0.678000927 -0.734824359
vn -0.0156092485 -0.842306197 -0.538773239
vn 0.0236639921 -0.649584532 -0.759921074
vn -0.0203427393 -0.860916436 -0.508339524
vn -0.937183142 0.34779492 -0.026951855
vn -0.999229372 0.0302145183 -0.0250556599
vn -0.982120395 -0.00871357229 0.188051954
vn -0.947710752 -0.117032118 -0.296896905
vn -0.975524426 0.00945980288 -0.219687626
vn 0.0164199769 -0.989441335 0.14400129
vn -0.015270099 -0.934942544 0.354470223
vn 0.0209233649 -0.993364871 0.113086149
vn -0.0203775484 -0.921756923 0.387232333
vn -0.99783802 0.0457956344 -0.0471387133
vn -0.00298158964 -0.106803872 0.994275689
vn 0.000272215431 -0.121724211 0.992563903
vn 0.0151383486 -0.189530671 0.981758118
vn 0.0179572254 -0.20232065 0.979154587
vn -0.00108814368 -0.0115713114 -0.999932468
vn -0.100806043 -0.994898438 0.00389625831
vn -0.936904609 -0.0855324939 0.338959932
vn -0.781341195 -0.556527674 0.282458335
vn -0.121974826 -0.992401719 -0.0161496624
vn -0.0641205609 -0.997919559 0.00670822756
vn -0.964776933 0.25984177 -0.0410813615
vn -0.99301362 -0.0978799462 0.0659044534
vn -0.978892982 -0.0126491189 0.203981459
vn -0.990888417 -0.0667975321 0.116954073
vn -0.984154046 -0.168918163 -0.0539206415
vn -0.624956906 0.773716152 -0.103886224
vn 0.0509777032 -0.998656631 0.00928251166
vn -0.98360157 0.160872027 0.0815361738
vn 0.165812209 0.966316462 0.196821734
vn -0.0646384507 -0.997791111 -0.0153223835
vn -0.683124602 0.621146381 -0.384080619
vn -0.990613937 -0.00741016958 -0.136488885
vn -0.102030016 0.919429779 -0.379787862
vn -0.472891867 0.870167077 0.138500482
vn -0.690713942 0.69191283 0.210169032
vn -0.460757136 0.876532912 0.139258519
vn 0.421664625 0.905482233 0.0479670987
vn 0.00688662613 0.00401350623 -0.99996829
vn 0.0139276162 0.00796955172 -0.999871254
vn 0.020782467 0.0118210008 -0.999714136
vn -7.95265296e-05 1 3.83148872e-05
vn -2.15177733e-05 1 4.9520866e-05
vn 2.70179098e-05 1 0.000157911621
vn 0.991876483 -0.00934825651 -0.126860291
vn 0.974217415 -0.00327547453 -0.225587279
vn 0.993723094 0.00333107007 -0.111818403
vn 0.00124477292 -0.00145008788 0.999998212
vn 0.00249530817 -0.000725442893 0.999996543
vn -1.2178527e-05 -0.00217844662 0.999997675
vn -0.000256618456 2.24342975e-11 -1
vn -1.32926089e-05 1 -8.83912217e-05
vn 2.6179016e-06 1 1.14222257e-05
vn -1.37865136e-05 1 2.46500804e-05
vn 0.003747212 -3.27591676e-10 0.999992967
vn 4.42572127e-05 -1 1.16433102e-05
vn 0.00016192031 -0.999999881 0.000380806101
vn 0.000114639966 -1 -7.63301578e-05
vn 3.68657129e-05 -1 -6.45280306e-05
vn 0.987258494 0.00968859065 0.158829108
vn 0.981647193 -0.00698280195 0.190578237
vn 0.995067358 -0.0334105752 0.0934068784
vn -0.943588197 -0.04212033 0.328431398
vn 0.00321788201 0.00376946689 0.999987662
vn 4.8240506e-10 0.00551807042 0.999984801
vn 0.00715000788 0.001632642 0.999973059
vn 0.0101542138 -8.87709573e-10 0.999948502
vn 0.00351483747 -0.000532106904 -0.999993622
vn 0.00212721457 -0.00122975977 -0.99999702
vn 0.00109595363 -0.00174824125 -0.999997973
vn 0.193787843 0.950537503 -0.242743969
vn 0.982581198 -0.0189186968 0.184868321
vn 0.988838494 -0.0419395603 0.142966717
vn 0.994315982 -0.0173163489 0.105052091
vn -5.78877859e-07 1 6.57804048e-06
vn -0.000100905156 1 5.84345107e-05
vn -2.10339795e-06 1 -1.09125976e-05
vn -0.883081496 -0.247400135 -0.39869827
vn -0.952676356 -0.0184953902 0.303423226
vn 1.08769118e-05 -1 1.60937216e-05
vn -6.54244795e-05 -1 4.58398944e-07
vn 6.98086078e-05 -1 6.59837169e-05
vn 0.969456851 -0.00873563346 -0.245106414
vn 0.0604913123 0.875172079 -0.480015248
vn -4.58196791e-06 -1 9.37574168e-06
vn -9.35156822e-06 -1 -3.81604477e-05
vn -8.74227766e-08 -1 2.37417553e-05
vn 0.975564718 -0.00774178095 -0.219575763
vn 0.99097842 -0.016038131 -0.133058995
vn 0.994226515 -0.0472914316 -0.0963181108
vn 0.0045731836 -3.99800415e-10 -0.999989569
vn -0.000365974149 -0.999999881 0.000128127183
vn -2.60855631e-06 -1 -1.36758558e-07
vn 7.2722607e-05 -1 3.44121618e-05
vn -0.0373590402 -0.9991889 0.0150266737
vn 0.00842725951 0.0080917934 -0.999931812
vn 0.00842479151 0.00808937289 -0.999931753
vn 0.0107872244 0.0104056271 -0.999887705
vn -0.92320919 -0.00477678422 -0.384268016
vn 0.00809618644 -7.07791104e-10 0.999967217
vn 0.0138172554 -0.00589015987 0.999887109
vn 0.0138619253 -0.00593615137 0.999886334
vn 0.0197147839 -0.0119625824 0.999734044
vn 0.00600248342 0.00571441697 -0.999965668
vn 0.987256408 0.0083353566 0.158919483
vn 0.987256289 0.00833535567 0.158919469
vn 0.87220037 -0.487889588 -0.0350740254
vn 0.899020255 -0.436877757 -0.0300083477
vn 0.86064285 -0.507857919 -0.0370695144
vn -8.74227766e-08 -1 0
vn -8.74227695e-08 -0.99999994 0
vn 0.900432408 -0.433979273 -0.0297218375
vn -0.518053055 0.850894511 -0.0871754736
vn -0.00305362162 -0.998598993 0.0528284498
vn 0.0261417497 -0.996508718 -0.0792913958
vn -0.00354225771 -0.997637153 0.0686114728
vn -0.0211641397 -0.842325866 0.538552761
vn -0.00936336722 -0.817566991 0.575757384
vn -0.00745698111 -0.813407481 0.581646502
vn 0.998128831 -0.0267629884 -0.0549779497
vn 0.993753672 0.00373753882 -0.111532949
vn 0.998983145 -0.0393116623 -0.0220761709
vn 0.937079847 0.00139342155 0.349112302
vn -2.42165424e-05 1 3.80081692e-05
vn 0.0200473256 -0.912278831 -0.409078777
vn -0.00037043562 -0.973927855 -0.226857245
vn -0.0184699558 -0.854069948 -0.519830167
vn -0.015007766 -0.836364329 -0.547968447
vn 0.990511417 -0.00160000287 0.137421265
vn 0.989626884 -0.000669073197 0.143660322
vn 0.998273432 -0.0353607833 0.0469004177
vn -5.35690961e-05 1 -9.47971512e-06
vn -0.0239121467 -0.84784615 0.529702961
vn 1.41170349e-05 -0.99999994 -1.60429499e-05
vn 0.970932543 0.0353633761 -0.236726478
vn 0.970932484 0.0353633761 -0.236726478
vn 0.000180361472 1 4.62986536e-05
vn 0.000580168795 0.999999702 -0.000434189744
vn 0.000710013381 0.999999762 -0.000278024469
vn 0.949814796 -0.0159734115 0.312404871
vn 0.0265579801 -0.391858697 0.919641972
vn 0.0308815651 0.0323483385 0.998999417
vn -0.0307294149 -0.0735387579 0.996818841
vn -0.958542883 -0.0188786089 -0.284322292
vn -0.944242656 -0.0487804264 -0.325616837
vn 0.966213524 -0.000324194523 -0.257742971
vn 2.17727011e-05 1 -2.15060954e-05
vn -0.000109107554 1 7.61646952e-05
vn 4.2607473e-05 1 -0.00013599341
vn 0.000259246619 0.99999994 -0.000192086285
vn -0.0275351144 0.446756423 0.894231856
vn 0.987648129 -0.01143206 -0.156270519
vn 0.997712851 -0.0371882282 -0.0564447939
vn 0.014474649 -0.744177282 -0.667825282
vn 0.0417221449 0.806026518 0.590407073
vn -0.0201160759 0.825242996 0.564419389
vn 0.997431338 -0.0557740219 -0.0449445769
vn 0.0261424985 0.990856946 0.132359341
vn -0.66281271 0.730017185 0.166596189
vn 0.0379259586 -0.999005377 0.0234481785
vn 0.0354697928 -0.999129772 0.0219446607
vn 0.171801418 -0.979432642 0.10581091
vn -0.0107675623 -0.0190466978 0.999760568
vn -0.0107675632 -0.0190466996 0.999760568
vn 0.000297522463 -0.99999994 0.000102195867
vn 0.00197438383 0.0123736477 -0.999921441
vn 0.00436736085 0.00173967937 -0.999988914
vn 0.00237156218 0.0106088324 -0.999940932
vn 0.00475879014 -4.16026658e-10 -0.999988735
vn 0.986003101 -0.0160765797 0.165950149
vn -0.00340485433 0.615020096 0.788504124
vn -0.0034048541 0.615020037 0.788504124
vn 0.963097095 0.0158888921 0.268684566
vn 6.96198185e-05 1 -5.29575955e-05
vn -0.000122830097 1 -2.21089176e-05
vn 0.000187140336 1 -0.000100470861
vn 5.98699917e-05 -1 1.79381022e-05
vn 0.000324988476 -0.999999583 0.000764104712
vn 0.000198417853 -1 -0.000216852262
vn 0.000171018226 1 9.47021254e-05
vn 0.00166444806 0.999997854 -0.00124544313
vn 0.00141255301 0.999998987 -0.00012261013
vn -0.000294943253 0.999999225 0.00122886256
vn 0.00845644623 0.800610721 -0.599125206
vn 0.000546820811 0.81700635 -0.576628447
vn -0.00178077852 0.821700692 -0.569916487
vn 0.995309055 -0.0168706328 0.0952645242
vn 0.995148897 -0.0328078382 0.09274932
vn 0.993983984 -0.0435370617 0.100500807
vn 0.00405280385 -0.00433443207 -0.999982357
vn 0.00013148367 -6.92253934e-06 -1
vn 0.000251322199 -0.000157859977 -0.999999881
vn 0.00015103085 1 -0.000143915575
vn 0.00014183615 1 -7.49877581e-05
vn 0.000796010718 0.999999404 -0.000643530162
vn 0.0106192073 0.796008229 -0.605192661
vn -0.0182475485 -0.00491562206 -0.999821365
vn -0.00633832067 -0.0403234735 -0.999166608
vn -0.0152260261 -0.013906871 -0.99978745
vn -0.00298094773 -0.0502905026 -0.998730123
vn -0.0998335779 0.725212097 -0.681249261
vn 0.965916097 0.0235194061 -0.257784635
vn 0.000212582672 1 0.000261758541
vn 0.992133021 0.00886410847 -0.124873169
vn 0.987145185 0.00673692022 -0.159684524
vn 0.998535931 -0.00271928147 -0.0540245585
vn 0.0010629691 -3.69199661e-05 0.999999404
vn 0.00062815292 0.000131262408 0.999999762
vn 0.000917516067 0.000131450652 0.999999523
vn -0.969143212 0.239242688 -0.0593667254
vn -8.44666283e-05 -1 -1.93301075e-05
vn -7.34038476e-05 -0.99999994 -3.18290804e-05
vn 6.01100282e-06 1 1.78300343e-05
vn 0.999578118 -0.0197079442 -0.021334026
vn 0.00017638797 6.11925861e-05 1
vn 0.138574913 0.989474118 -0.0416892692
vn 0.180890352 0.95107615 -0.250465274
vn 0.000247617951 -0.000246759912 -0.99999994
vn 0.000344144617 -0.000269442069 -0.99999994
vn 0.990295649 -0.00813536625 0.138738245
vn 0.992986679 -0.0256154668 0.115418114
vn 0.996237218 -0.0157013237 0.0852350146
vn 2.77180297e-05 -1 -3.03567485e-05
vn 3.51344097e-05 -1 2.86041541e-06
vn -8.74227766e-08 -1 -6.10736897e-05
vn 0 0 1
vn 0.99669826 0.0101642441 -0.0805568248
vn 0.999875426 -0.00148347812 0.0157166924
vn 0.999972045 0.0069596665 0.00275728735
vn 0.169260025 0.97966212 0.107763924
vn -0.240479007 -0.970310688 0.0258274153
vn -0.184489638 -0.977312028 0.104041539
vn -0.245228171 -0.965881467 0.0832838789
vn 5.1386538e-05 1 -4.61262061e-05
vn 8.74227695e-08 0.99999994 -3.35508207e-06
vn 3.13113087e-05 1 -4.21351506e-05
vn 5.50669138e-05 1 -7.02589969e-05
vn -0.98345536 -0.0452202559 -0.175415918
vn 0.999892712 -0.00693006301 -0.0128992712
vn -0.000130650631 -0.00178288831 0.999998391
vn -0.00070299342 5.12609295e-05 0.999999762
vn -0.00055660645 -0.000382257684 0.999999762
vn -0.00683366926 -0.013422925 0.999886572
vn 0.992390275 0.0293057077 -0.119593717
vn -0.217004821 -0.923365831 0.316709071
vn 3.28331553e-05 -0.99999994 7.28894156e-06
vn 0.000266379735 -0.000642550993 -0.999999702
vn 0.997475088 -0.0560119115 0.0436603688
vn 0.000728851708 0.999848306 0.0174004287
vn 0.00427685585 0.999985576 0.00327182468
vn 0.00504851993 0.999987245 0.00019838872
vn -0.729966044 0.640626907 0.23821567
vn -0.730812311 0.63995415 0.237427995
vn 1.50058299e-09 0.0171646681 -0.999852717
vn 0.00271979021 0.00784241129 -0.999965549
vn 0.000689988839 0.0150561342 -0.999886394
vn 0.0105050774 0.0183459762 -0.999776483
vn 0.993761897 0.00977801252 0.111093402
vn 0.996925652 -0.0273756273 0.0734150931
vn 8.74047572e-08 0.999793887 0.0203019269
vn -0.235295847 -0.954153061 -0.185007989
vn -0.241050452 -0.966746092 -0.085421063
vn -0.16272983 -0.9609918 0.223637655
vn -0.754883587 -0.505319893 -0.418094009
vn 0.121851608 0.934563398 -0.334280372
vn 0.000216531538 -1 0.000186724617
vn 0.917511582 -0.0136212483 0.397475749
vn -0.142753109 -0.988026083 -0.0585323274
vn -0.119126163 -0.98912847 -0.0862191767
vn -0.879941761 -0.10057532 0.464313596
vn -0.901112437 -0.01188822 0.433422446
vn -0.311879337 -0.929897308 -0.194993064
vn 8.52838857e-05 -1 -8.9613668e-06
vn 3.90840287e-05 -0.99999994 4.0421095e-05
vn 2.48600804e-06 -1 6.70400404e-05
vn 0.980143964 0.0147714214 0.197736293
vn 0.927349389 0.0142320674 0.373925775
vn 0.00019330463 1 2.9486775e-05
vn -0.323794961 0.607667387 -0.72518754
vn 0.113636114 0.979538262 0.166107297
vn -0.84878993 -0.0429073535 0.52698642
vn -0.993948042 0.10803853 0.0198743474
vn -0.153925136 -0.930374086 0.332732618
vn 0.956920028 0.0020420053 0.290344387
vn -0.188707426 -0.847759902 0.495673895
vn -0.73277992 -0.539525151 0.414664
vn 0.95970571 0.0603259243 -0.274455488
vn 0.983098626 0.0540322922 -0.174922228
vn 0.000788881734 0.99994266 0.0106813442
vn -0.0024194133 0.999987781 0.00432178425
vn -0.0102013759 0.999943197 0.00306420168
vn 2.19063659e-05 -1 2.15029686e-05
vn 5.52543461e-05 1 2.66833867e-05
vn -0.477810383 0.444314748 -0.757813752
vn 0.210492238 0.900156081 0.381329358
vn 0.106537655 0.892422497 -0.438442409
vn 0.000103310704 -1 4.05580722e-05
vn 0.94137007 0.0436138436 -0.334544837
vn 0.958792746 0.0401583314 -0.281254023
vn 0.992947638 0.0106467176 0.118074775
vn -0.220546395 -0.928156435 -0.299808174
vn -0.198875055 -0.904117286 -0.378180563
vn -0.154425919 -0.962182939 -0.224402457
vn 0.000206629775 1 -2.46894415e-05
vn 0.961887181 0.00912112277 0.273294449
vn -0.980693877 -0.0597379766 -0.186200872
vn -0.0544768423 0.997339487 -0.048438631
vn -0.0478040315 0.992182791 -0.115273058
vn -5.39918838e-05 -1 -9.05964334e-05
vn 0.933731794 0.0177845173 -0.35753125
vn 0.896158576 0.00191771984 -0.443729758
vn 0.897365868 0.0036462415 -0.441272289
vn -4.86729805e-05 1 -4.17893352e-05
vn 5.73945617e-05 -0.99999994 -3.40593069e-05
vn 0.911298394 0.0188657753 -0.411314249
vn 0.917709649 0.0178222563 -0.396851867
vn 3.77810684e-05 -1 -3.70629732e-06
vn 0.166481391 0.753840387 -0.63561672
vn 0.172133058 0.899357319 0.401903659
vn 0.959872723 0.0461776964 -0.276608199
vn -0.917067885 0.0955786929 -0.38710624
vn -0.948974967 -0.0388945192 0.312943369
vn -0.979578316 0.00793088321 -0.200906202
vn 1.19427557e-06 1 -6.84866245e-05
vn 0.983686447 0.108189195 0.143721834
vn 0.861941576 -0.308877945 0.402058542
vn 0.841430664 -0.272951275 0.466360509
vn 0.820107102 -0.484616816 0.304254621
vn 0.816833615 -0.49164921 0.301767886
vn -0.0157229062 -0.999765158 -0.0149084767
vn -9.34305444e-06 0.999999881 0.000283916685
vn 0.982025921 0.0480622761 0.182524264
vn -0.000195720422 1 0.000149351094
vn 0.000245134172 0.99999994 -5.02593175e-05
vn -0.000327654358 0.999999881 0.000225806754
vn -0.963214219 0.215393782 -0.160698429
vn -0.498826891 0.0534377582 -0.86505264
vn -0.393443018 0.0409980901 -0.918434381
vn -0.303346664 -0.92973429 0.208746478
vn -0.0123043228 -0.0861467049 0.996206582
vn -0.0123043219 -0.0861466974 0.996206522
vn -0.0123043219 -0.0861467049 0.996206462
vn -0.444055349 0.239128903 -0.86349988
vn 0.196456343 0.838613629 0.508067131
vn -0.895988107 0.0790632069 0.436983228
vn 0.985966265 0.0237508453 0.165246427
vn 0.98650533 0.032359805 0.1604992
vn -0.184856042 -0.826584518 -0.531588495
vn -0.139023125 -0.896996021 -0.419607759
vn -0.202506065 -0.859584093 -0.469155073
vn 0.0122637749 -0.0808026195 -0.996654689
vn 0.0122637749 -0.0808026195 -0.996654749
vn 0.012263773 -0.080802612 -0.99665463
vn -0.17410706 -0.758970022 0.627416372
vn -0.161386982 -0.728046477 0.666260123
vn -0.0440208241 -0.998880982 -0.0172914993
vn 0.730383277 -0.580304623 -0.360259444
vn 0.768108666 -0.522763789 -0.369766355
vn 0.708561003 -0.610194027 -0.354407132
vn 0.770571828 -0.518705904 -0.370355755
vn 0.0302000791 0.983613849 -0.177740976
vn 0.110053442 0.554637134 -0.824782312
vn -0.948352933 0.315865695 -0.0292492211
vn 0.167447105 0.756809056 0.631824017
vn 0.163749039 0.722620606 0.671569645
vn 0.136503294 0.803193808 0.57986778
vn -0.879609048 -0.0270889997 -0.474925339
vn -0.816548765 -0.0539736785 0.574747682
vn -0.822095394 -0.147714704 -0.549853981
vn -0.0304990932 0.000785504002 -0.999534547
vn 0.0272359643 0.00401507597 -0.999620914
vn -0.0309062209 0.000762462092 -0.999521911
vn -0.13713108 -0.640962005 0.755223691
vn -0.123315156 -0.485487491 0.865502834
vn -0.164569899 -0.733061373 -0.659952819
vn -0.170706466 -0.799077868 -0.576484203
vn 0.911894798 0.0655462295 -0.405156255
vn -0.1636547 -0.77671665 -0.608217359
vn 0.983804524 0.0361031704 0.175571263
vn -0.0435841121 0.0154871242 -0.998929739
vn -0.0611618869 -0.0085112555 -0.998091578
vn 0.974733651 0.0600872003 0.21513705
vn 0.981604755 0.0449199006 0.185564637
vn -0.012698628 0.00334833935 -0.999913752
vn -0.807394385 0.229662135 0.543479323
vn -0.818833649 0.0755128339 0.569042563
vn 3.00457486e-05 1 -1.78523915e-05
vn 0.974179149 0.0652501509 0.216142178
vn 0.000111696194 1 -3.3561435e-05
vn 0.953827739 0.0209388696 0.299623579
vn 0.973609328 0.0616644248 0.219732642
vn -8.74227766e-08 -1 -0.000113633498
vn 2.18781406e-05 -1 -2.32984967e-05
vn 9.71680129e-06 -1 -2.36915239e-05
vn 0.0230964907 0.212521046 -0.976883411
vn -0.287213862 -0.926935375 -0.241452083
vn 0.886546969 0.0552009903 -0.459333688
vn 0.821524441 0.0725516081 -0.565538466
vn -5.8561247e-05 1 -1.10247629e-05
vn -0.102829106 -0.349399865 0.931314051
vn 0.997326553 0.0730278343 -0.00258251885
vn 0.972420037 0.0654953048 -0.223851934
vn 0.997318923 0.0729730129 -0.00546928402
vn 0.00129861012 -0.0739874989 -0.997258306
vn 0.204887018 0.090184696 -0.974621892
vn 0.0484591164 -0.0575873144 -0.997163713
vn 0.11929819 0.024411045 -0.99255836
vn -0.0185264442 -0.00188713707 -0.99982655
vn -0.196212724 -0.0091624409 -0.980518579
vn -3.33315293e-05 0.999997199 -0.00239507481
vn -0.0226748586 -0.999659896 0.0128821703
vn -0.526644111 0.221819088 -0.820635259
vn 4.13776661e-06 -1 4.38528014e-06
vn 0.883829653 0.0527042896 -0.464830607
vn 0.981492698 0.0510385074 0.184572428
vn -0.0293927584 -0.156535268 0.98723501
vn -0.0213132408 -0.0369611755 0.99908936
vn -0.00219182833 0.00012428264 0.999997616
vn 0.0632695854 0.0200380757 0.997795284
vn 0.800492048 -0.191011131 -0.568091035
vn 0.839495659 -0.0525448062 -0.540819883
vn 0.894046962 -0.0678091273 -0.442811519
vn -8.74227766e-08 -1 -0.000233591942
vn 4.32153429e-05 -1 -5.08003541e-05
vn 0.934531033 0.0404668972 0.353573352
vn 0.94204694 0.0603725389 0.330004185
vn 7.56440713e-05 0.99999994 6.16786128e-05
vn -0.00136485277 -0.0118495477 0.999928832
vn 1.37076067e-05 0.000694205984 0.999999762
vn -0.00172375177 -0.00738787279 0.999971271
vn 0.874752402 0.0498106815 -0.482003391
vn -0.0136355348 0.987184763 0.158997685
vn -0.000915066281 0.999942601 0.0106711173
vn -2.1068674e-05 1 0.000246689917
vn 0.980035841 0.0576759912 0.190271705
vn -3.04361947e-05 -0.000358327961 0.999999881
vn -0.0950326473 -0.228305191 0.968940437
vn -0.00094529835 -0.000595245394 0.999999404
vn 0.84502095 -0.2730892 -0.459741235
vn 0.918198526 0.05665062 0.392048866
vn 0.00108377135 0.999999404 7.34428177e-05
vn -0.000752121035 -0.999999702 9.5536052e-05
vn 0.896222413 0.00927810464 0.443508059
vn -0.0145494491 0.985396266 0.169654325
vn -0.00190874736 -0.0117753278 0.999928832
vn 0.980056763 0.0576482154 0.190172344
vn -0.0227502696 -0.0487877801 -0.998550117
vn -0.0264949501 0.236446992 -0.971283078
vn 0.00303301984 -0.0752011761 -0.997163773
vn 0.000155859481 1 2.36280302e-05
vn 0.877980947 -0.000217341876 0.478695512
vn 0.876989007 0.00184524467 0.480506837
vn 0.796216607 0.0547955818 -0.602525234
vn 0.00288370554 -0.200775698 0.979632974
vn 0.00605465705 -0.11060755 0.993845761
vn -0.782716215 0.367597342 0.502222359
vn -0.000902402448 -0.999987841 -0.00486593833
vn -0.000211030841 -0.998094559 -0.0617024153
vn -0.000906069356 -0.999989212 -0.00456380239
vn -0.791488767 -0.143668577 0.594057858
vn 0.188347921 -0.25113517 0.949450552
vn 0.188347906 -0.251135141 0.949450433
vn 0.188347921 -0.25113517 0.949450493
vn 3.8606214e-07 0.463461429 0.886117041
vn 3.86062112e-07 0.463461429 0.886117101
vn 3.8606214e-07 0.463461429 0.88611716
vn 2.4695375e-05 1 -6.59501666e-07
vn 4.50154876e-05 1 1.31844072e-05
vn 0.804058135 0.0746013522 -0.589851677
vn 1.0164938e-06 1 -9.48844274e-08
vn -4.77148387e-05 -1 -8.77675338e-05
vn 0.824580073 0.0434131101 -0.564077079
vn 0.149893165 -0.0284564402 0.988292575
vn 0.0214352068 -0.00406936277 0.999761939
vn -2.49185487e-05 -0.99999994 -8.30719e-05
vn 0.810765803 0.0380582735 -0.584132135
vn 0.99063015 0.029941665 0.133249179
vn 0.00613334868 -0.00454896502 -0.999970853
vn 0.96891737 -0.242855072 0.0471226014
vn 0.999061346 0.0408303812 -0.014470228
vn 0.999996066 -0.00277429074 0.00048261846
vn 0.917648733 -0.390332788 -0.074572131
vn 9.11148527e-05 1 -2.63315942e-05
vn 0.129223049 -0.00616422109 -0.99159646
vn -0.0581458583 -0.00757017126 -0.998279393
vn 0.888175428 0.0257607009 0.458781928
vn -3.40450715e-05 1 -6.79716186e-06
vn 0.00155911304 -0.999997616 0.0015919985
vn 0.000261900597 -0.999999881 0.000252018188
vn 0.963950455 0.221594527 -0.147293344
vn 0.918302894 0.371328413 0.137241066
vn 0.00402732333 0.0249915402 -0.999679565
vn -0.865917981 0.489090264 -0.104770251
vn 0.027262019 -0.00418768637 -0.999619484
vn -0.758499026 -0.0410445929 0.650380254
vn 0.804618657 0.0479859859 -0.591849804
vn -8.4676336e-05 1 -7.68151804e-05
vn -0.432524979 0.298109919 -0.850912809
vn 0.827051818 -0.190725386 0.528780878
vn 0.826843143 -0.194408536 0.527764857
vn -0.237242058 -0.945046008 -0.224954337
vn -0.12581785 -0.984853923 -0.119301192
vn 1.52160226e-06 1 -3.16417214e-07
vn -0.98247546 -0.0755214468 -0.170407012
vn -0.978804708 -0.0868450254 -0.185470432
vn -0.977086663 -0.0917851627 -0.192034051
vn -0.972948611 -0.102930732 -0.206824228
vn -0 0 -0.99999994
vn 1.05405798e-05 1 -0.000215328662
vn 1.42795288e-05 1 -3.10734026e-06
vn 8.74227695e-08 0.99999994 -0.000272841397
vn 4.41412085e-05 1 8.7573957e-05
vn -0.633900583 -0.508165658 0.583041728
vn -0 0 -1
vn -1.39332842e-05 -1 3.92829088e-06
vn -1.09605835e-05 -1 0.000216051689
vn -8.74227695e-08 -0.999999881 0.000274713471
vn -4.58181057e-05 -1 -9.0907437e-05
vn -0.687246978 -0.00848756079 0.726374269
vn -0.607933104 -0.632324278 -0.480191052
vn 1 -8.74227766e-08 0
vn 0.0114303278 -0.999922276 -0.00495679257
vn -5.16107102e-05 -0.99999994 3.18162492e-05
vn -5.89225092e-05 -1 3.83395018e-05
vn 3.21596344e-05 -1 4.06040317e-06
vn 3.75404634e-05 -1 -2.53621092e-05
vn 0.99999994 -8.74227695e-08 0
vn 8.74227766e-08 1 0
vn -2.99172661e-05 1 -4.08469259e-06
vn -2.84323107e-07 -1 6.44955719e-07
vn 0.99999994 5.58445981e-06 -7.66117373e-05
vn 1 2.37535442e-05 -1.82115127e-05
vn 0.99999994 2.94193869e-05 0
vn -6.59577654e-06 1 -1.61022508e-05
vn 0.000181235679 0.99999994 0.000326213165
vn 1 -8.74227766e-08 -9.48426677e-05
vn 1 -4.88246296e-05 5.43288443e-05
vn 1 -8.12120561e-05 3.27719754e-05
vn 1 -8.74227766e-08 8.67680283e-05
vn 0.0350130498 0.988712072 0.145679817
vn -0.00630379235 0.999754369 -0.0212421808
vn 1 -0.000130449262 0
vn -4.58815634e-08 1 4.36644228e-07
vn 0.997463346 -0.0525158755 0.0480497256
vn 0.99808228 -0.0488205254 0.0380563103
vn 0.999189198 -0.0387582965 0.0108988164
vn 0.999397337 -0.0347119346 0
vn 0.693034232 0.0014799363 -0.720903158
vn 0.774040222 0.0260899663 -0.632598698
vn 0.738238931 0.0215371177 -0.674195349
vn -4.39414498e-06 1 -8.21639333e-06
vn 0.748115897 0.0945814624 -0.656792819
vn 0.635999084 -0.2611202 -0.72616899
vn 0.754685998 0.138824016 -0.641230822
vn 8.74227695e-08 0.99999994 0
vn 0.176645458 -0.0335352272 0.983703136
vn -0.653241754 0.125146478 0.746735275
vn -0.0404850617 -0.0526849888 0.997790217
vn -0.0467921868 -0.0459477976 0.997847199
vn -8.36956104e-09 -0.0957366228 0.995406628
vn 1.39918475e-05 -1 -6.9880698e-05
vn 0.699423313 -0.714539409 0.0155067882
vn 0.731526613 -0.679745913 -0.053049814
vn 0.714554965 -0.699407458 -0.0155076142
vn 0.679762125 -0.731511593 0.0530491062
vn -0.0896036997 7.83340415e-09 0.995977461
vn -0.00011424681 -1 -0.000129083477
vn 0.760006905 0.0666780695 -0.646485507
vn 0.83939755 0.523857772 -0.144861355
vn -0.0296759065 0.0242624562 -0.999265075
vn 0.205277011 -0.0333454311 -0.978135705
vn -0.845750749 -0.0455952734 -0.531626463
vn -0.905327499 0.00450046966 -0.424690425
vn -0.758821249 -0.102282986 -0.643217385
vn 2.07654684e-05 -0.99999994 -8.70387703e-06
vn 2.07654703e-05 -1 -8.70387703e-06
vn 2.07654721e-05 -1 -8.70387794e-06
vn 0.00641431846 -0.0191032756 -0.999796987
vn 0.0304223485 -0.0046956744 -0.999526143
vn 0.082429409 0.0140693886 -0.996497571
vn 0.741667807 -0.406268835 -0.533736467
vn 0.197871536 -0.0285316557 0.979812622
vn 0.334179044 0.000158743118 0.942509651
vn 0.322680324 -0.00231913943 0.946505129
vn 0.17346321 -0.0335183293 0.984269798
vn 0.00490886439 -0.00276776077 0.999984145
vn 0.768404305 -0.460006118 -0.444914788
vn 0.762489259 0.0702762604 -0.64317292
vn -0.369213909 -0.00278037949 -0.929340303
vn -0.026370585 0.0765163004 -0.996719539
vn -0.0949840099 0.275603473 -0.956567109
vn -0.117312223 0.340390503 -0.932937324
vn -0.94346571 0.0469463505 -0.328128815
vn 1.36439648e-05 -1 -8.2137587e-05
vn -7.03253972e-05 -0.99999994 1.66261088e-05
vn -8.99067454e-05 -0.999999702 0.000680076308
vn -8.74227268e-08 -0.999999404 0.00106164231
vn -0.000266486371 -0.999999821 -0.000529571029
vn 4.01484522e-06 0.99999994 -1.01685437e-05
vn -0.644495904 0.241710752 0.72539705
vn 0.00438322453 -0.00012750896 -0.999990463
vn 8.87948318e-06 1 -1.62826757e-06
vn 0.113125481 0.00105007447 0.993580103
vn 0.0873673409 -0.00873561855 0.996137857
vn 0.026179079 -0.0318536013 0.999149561
vn 0.000158230832 -0.0416305959 0.99913305
vn -0.0117557514 0.999729753 -0.0200533122
vn 0.210263044 0.0240295101 -0.97734952
vn -0.761402369 0.640425026 -0.100608766
vn 0.730432332 -0.296398193 -0.615318477
vn 0.00759835262 -0.00102042395 -0.999970615
vn 0.226616591 0.0635940582 -0.971905708
vn 0.0532988533 0.112262249 -0.992248118
vn 0.394560605 0.0121783987 -0.918789148
vn 0.827544987 0.0359931961 -0.560244322
vn 0.827545047 0.0359932035 -0.560244381
vn 0.98705101 0.0272697397 0.158071637
vn -0.485314995 -0.685119092 0.543213785
vn 2.98234936e-05 0.000618313265 -0.999999762
vn 0.000339229417 0.0002481954 -0.999999881
vn 0.860354781 -0.468863368 -0.199892133
vn 0.85849148 -0.465725183 -0.214691445
vn 0.00455592899 -0.00257145823 0.99998641
vn 0.00513685588 0.00355316908 -0.99998045
vn 4.51382475e-05 -1 -6.86664425e-05
vn 6.82212158e-06 -1 -1.04908077e-05
vn 6.40471044e-05 -0.99999994 -9.7375887e-05
vn -0.89689666 -0.0672390983 -0.437098682
vn -0.89689666 -0.0672390983 -0.437098712
vn -0.89689666 -0.0672390908 -0.437098712
vn -0.912128806 0.367256135 0.182054475
vn -0.912128866 0.367256135 0.182054475
vn 0.000610233634 -0.00131687464 -0.999998987
vn 0.000219939015 -0.000474624976 -0.999999881
vn -0.000336351484 0.999999881 0.000272010278
vn 8.74227268e-08 0.999999404 0.00106021645
vn -0.69641459 0.526423216 0.487734735
vn 0.141435295 -0.00382067799 -0.989940166
vn 0.361922085 -0.0608856566 -0.930217862
vn 0.0836464539 0.0108439093 -0.996436536
vn -0.42522794 0.0884769857 -0.900751412
vn -0.604326308 0.0303068776 -0.796160161
vn -0.375570416 -0.132914186 -0.917213559
vn -0.621712089 -0.0557492115 0.781259298
vn -0.468633533 0.144678652 -0.871464729
vn 0.161660984 0.675579488 0.71934557
vn -0.00570842577 0.999975622 -0.00403669896
vn -5.83410565e-06 -0.999996006 0.00283724535
vn 0.000834070495 -0.00179991126 -0.999998033
vn 0.417119056 -0.075476028 -0.905712545
vn -0.0644739941 0.997917056 0.00219287002
vn -0.0644739866 0.997916937 0.00219286978
vn -0.0644739866 0.997916996 0.00219286978
vn -0.07393343 0.145368457 -0.986611307
vn -0.130081549 0.946512163 -0.295285463
vn -0.340547919 0.836774766 -0.428759724
vn -0.410451293 0.807032406 -0.424533397
vn 0.121087782 0.957248747 -0.262702495
vn -0.118412994 -0.980817735 0.154838756
vn 0.63850379 -0.132079169 -0.758200586
vn -0.698864162 -0.20399411 0.685547411
vn 9.82194761e-05 -0.000122475205 -0.99999994
vn 0.0434578806 -0.998910725 -0.0169914775
vn 0.0498993695 -0.997580051 -0.0484167039
vn 0.0490197688 -0.997823238 -0.0441136099
vn 0.0424853861 -0.999021828 -0.0122644696
vn 0 0 0.99999994
vn -0.195159197 0.0767261311 -0.977765799
vn 0.790092885 0.609392583 0.0662859827
vn -0.150189921 1.31300197e-08 -0.988657176
vn 6.82845348e-05 -1 -5.21093098e-05
vn 0.619842589 0.0518331863 -0.78301239
vn -0.0267306678 -0.999172568 0.0306513403
vn 0.986435473 -0.127800822 -0.103014253
vn 0.92283839 -8.0677097e-08 -0.385187387
vn 0.955988288 -0.0451716334 -0.289906621
vn 0.985398054 -0.170266598 0
vn -0.00020475054 -0.998062611 -0.0622175373
vn -0.0114399958 -0.0610440522 -0.998069525
vn -0.027977543 -0.0499543585 -0.998359561
vn -0.0145196309 -0.0761139318 -0.996993363
vn -0.00765450159 -0.22895503 -0.973406851
vn -0.0278378874 -0.0927029476 -0.995304644
vn -0.500150263 -0.0181127451 0.86574918
vn 0.930536032 0.364753217 0.0325228386
vn 0.930536091 0.364753246 0.0325228386
vn 0.930536091 0.364753217 0.0325228348
vn 0.836713731 -0.52577424 -0.153204337
vn 0.576228082 0.0620953999 -0.814926505
vn 0.000108990294 0.99999994 -8.76070335e-05
vn -0.148732767 0.97483927 -0.166032583
vn 8.36076215e-05 -0.99999994 -8.54000027e-05
vn 0.600588381 0.0688145384 -0.79659164
vn -0.637717426 0.450444221 0.624833226
vn -0.425246477 0.0703667179 0.902338028
vn -1 7.40105679e-05 -7.12168621e-05
vn -0.999999881 0.00036268399 6.86243366e-05
vn -1 1.05592153e-05 2.80509394e-05
vn -1 7.66014346e-05 -8.19138077e-05
vn -0.999999881 0.000440120639 -3.18740385e-05
vn -0.0257346854 0.998622179 -0.0457328185
vn 0.105564967 0.976556718 0.187597483
vn 0.0257348772 0.998622179 0.0457328185
vn -0.105564781 0.976556838 -0.187597454
vn -1 9.72819544e-05 2.93389185e-05
vn -1 4.35633738e-05 5.15816027e-05
vn 0.0877388641 0.295560956 -0.951286256
vn 0.0877388641 0.295560956 -0.951286316
vn -0.999999762 0.000323456945 -0.000628817419
vn -0.999999881 0.000184488556 -0.000541125657
vn -0.0877387077 0.295560718 0.951286435
vn -0.0877387077 0.295560718 0.951286376
vn 0.161611885 -0.286894619 0.94423151
vn 0.161611885 -0.286894619 0.944231451
vn -0.161611944 -0.286894619 -0.944231451
vn -0.161611944 -0.286894619 -0.94423151
vn 0.170134038 -0.862148762 -0.477235764
vn 0.170134038 -0.862148762 -0.477235734
vn 0.170134038 -0.862148702 -0.477235705
vn -1 -3.71669048e-05 -0.000189422572
vn -0.170134187 -0.862148702 0.477235705
vn -0.170134187 -0.862148762 0.477235764
vn -0.170134187 -0.862148762 0.477235734
vn 0.989662647 -8.65190586e-08 0.143415049
vn 0.989934325 -0.0161075667 0.140608087
vn 0.9379614 -0.259504795 0.229969248
vn 0.934273958 -0.275894076 0.225864545
vn -0.00813076738 7.10814241e-10 -0.999966979
vn -0.00813076645 7.10814185e-10 -0.999966979
vn -0.00813076645 7.10814185e-10 -0.999966919
vn 0.584286213 0.0188547522 -0.81132865
vn 0.558559299 -0.0788956806 -0.825703979
vn 9.18916339e-05 -1 -5.67537973e-05
vn 0.632253945 0.045950599 -0.773397267
vn 0.682021916 0.059467297 -0.72890985
vn -0.602232218 0.567012131 -0.561972857
vn -0.353641838 0.407045156 -0.842170894
vn -0.141934708 -0.562713444 -0.814375877
vn -0.140148804 -0.608722746 -0.780906439
vn -0.0500138104 0.998737335 0.00473084673
vn 0.546115577 -0.347222954 -0.76236093
vn -0.540290058 0.371887475 0.754841924
vn 0.586494148 -0.239435911 -0.773753822
vn 0.872758985 0.382264793 -0.303587705
vn 0.872758985 0.382264763 -0.303587735
vn 0.872758985 0.382264763 -0.303587705
vn 5.00231799e-05 0.99999994 -2.5601059e-05
vn -0.583423555 -0.163539141 0.795532465
vn 0.612855375 -0.308274627 -0.72758168
vn -0.0627979264 -0.992778599 0.102211103
vn 0.650237501 0.308278382 -0.694374323
vn 0.65023756 0.308278382 -0.694374323
vn 0.650237441 0.308278352 -0.694374323
vn -0.435752511 0.189223558 0.879951298
vn 1.12363123e-05 1 4.00762519e-06
vn 0.588897943 0.0684973225 -0.80529952
vn 0.635414124 -0.584649503 -0.50441438
vn 0.615084529 -0.445614755 -0.650460243
vn -0.336126834 0.327537268 0.883027732
vn -0.336126834 0.327537268 0.883027792
vn -0.336126864 0.327537268 0.883027852
vn -0.532809794 0.688899875 0.49145779
vn -0.608277678 0.790113091 -0.0756275281
vn 0.677250326 0.734466732 -0.0434812643
vn 0.985432327 -0.0138155613 -0.169505686
vn 0.953859508 -0.0336550325 -0.298360944
vn 0.985947371 -8.61942553e-08 -0.167056188
vn 0.898709059 0.0488734096 -0.435813606
vn 0.000106523592 -0.000277420913 1
vn 0.998662591 0.0516959727 0.00074065238
vn 0.980360031 0.0458792299 -0.191805586
vn 0.989717007 0.0404664837 -0.137196392
vn -0.0215796139 0.027996799 -0.999375045
vn 0.678960145 -0.671931982 0.295838475
vn 0.678960145 -0.671932101 0.295838475
vn 0.678960145 -0.671932042 0.295838445
vn 0.000422048004 -0.000396777265 0.999999881
vn 0.999037802 0.0438171439 0.00188631739
vn 0.993017614 -0.0143646635 -0.117088847
vn 0.994560242 -0.00983709656 -0.10369803
vn 0.939545512 -0.0341725312 -0.340714693
vn 0.889712512 0.0345093496 -0.455215037
vn 0.999977887 -8.74208439e-08 0.00664286455
vn 0.999977887 -8.74208439e-08 0.00664286688
vn 0.994385362 -8.69319265e-08 -0.10581933
vn 0.994230986 -0.00660789618 -0.107056417
vn 0.939603031 -0.0344369635 -0.340529233
vn 0.889763951 0.0344369635 -0.455120027
vn 0.999994218 0.00189002662 0.00287010125
vn 0.999995589 -8.74223929e-08 0.00297180121
vn 0.998933256 0.0461439975 0.00175450381
vn 0.999838948 -0.0170365572 0.00564432191
vn 0.999825895 -0.0177642051 0.00569120096
vn 0.999989212 -0.000728684594 0.00459303148
vn 0.999989688 -8.74218742e-08 0.00454603415
vn 0.000447386206 0.99999994 8.70531148e-05
vn 0.565589845 0.0703987032 -0.821676493
vn 2.60709703e-06 1 3.85678732e-07
vn -0.456942856 0.567953706 0.684566915
vn 0.616257846 -0.664526045 -0.422648191
vn -0.425771624 -0.0513421744 0.903372824
vn 0.99999994 0.000207775272 -0.000111337322
vn 1 0.000158768235 -5.75485574e-05
vn 0.999999881 0.000268292701 8.90011142e-05
vn 1 0.000103140621 2.06502791e-05
vn 1 0.000121007397 0.000204451499
vn 1 0.000126003011 -6.55810582e-05
vn 1 -8.89643998e-05 -5.59607288e-05
vn 1 0.000110559042 -7.32782719e-05
vn 1 5.73023972e-05 -0.000109683664
vn 1 -5.53686004e-05 -0.000102123471
vn 1 -0.000120236728 -0.000118903132
vn 1 -8.46445691e-05 -0.000129718988
vn 0.994509757 -0.0281620659 -0.100782998
vn 0.986413956 -0.135011315 -0.0935925543
vn 0.990759611 0.11777515 0.0672639385
vn 0.879868984 -0.0426306836 -0.473300457
vn 0.797760129 0.0531542227 -0.60062772
vn 0.0139093036 -0.0016948079 -0.999901831
vn 0.145470321 -0.00909366924 -0.989320755
vn 0.0220338088 -0.000780948845 -0.999756873
vn 0.978524804 -0.199332118 -0.0524980314
vn 0.950624704 -0.308834076 -0.0305677634
vn 0.517623067 0.0556724034 -0.853795648
vn 0.957999349 0.269754648 -0.0973118171
vn 0.00242595351 -8.28919729e-05 -0.99999702
vn 0.924888134 0.37893194 -0.031504482
vn -4.49945628e-06 1 -4.23975689e-06
vn 0.601011455 0.0520052873 -0.797546685
vn 4.56981616e-06 1 -1.00516054e-05
vn 6.79335571e-05 -0.99999994 -2.38253378e-05
vn 0.775772274 -0.264056176 -0.573107123
vn 0.790388703 -0.206977054 -0.576581597
vn 0.770440459 -0.282407761 -0.571548223
vn 0.791167676 -0.203574762 -0.576724231
vn 0.0103791198 -0.00646407343 -0.999925256
vn 0.120095104 -0.0656764433 -0.990587592
vn 0.919466376 -0.387017637 -0.0692750141
vn 0.492022544 -0.647459865 -0.58198756
vn 0.295193881 0.0496743247 -0.954145193
vn 0.324225247 0.0424802378 -0.945025563
vn 0.0742639825 -0.0254966039 -0.996912539
vn -0.030630352 -0.0181058552 0.99936682
vn 0.591382861 0.806105316 0.0214595888
vn -0.399129063 -0.64585799 0.650817454
vn -0.00615010643 -0.00147381262 0.999980092
vn -2.1509727e-06 1 -3.00059742e-06
vn -0.6142627 -0.788020313 0.0412947722
vn -0.554744959 -0.831360221 0.0331375487
vn -0.664173126 -0.742468297 0.0872635916
vn 8.92074386e-05 -1 -2.05294036e-05
vn 0.867162526 -0.49331522 0.0683328807
vn -0.278989911 0.0279741809 0.959886491
vn 0.000150145119 1 1.47444189e-05
vn -0.395225555 0.340754658 0.853043437
vn 0.504089117 0.0617849901 -0.861438751
vn 0.000443653611 0.999999881 -0.000177891357
vn 0.401078284 0.0481926836 -0.914775193
vn 0.000113286173 -1 9.84187955e-06
vn 0.533140123 0.0327548608 -0.845392644
vn -0.293637484 -0.0350479595 0.955274045
vn 0.75249362 -0.0488791429 -0.656783283
vn 0.647540212 0.0336593837 -0.761287451
vn 0.412643939 -0.511985362 -0.753389597
vn 0.441369772 -0.366999 -0.818843305
vn 0.893852234 0.447692156 0.0244956817
vn 0.30796501 -0.0649005026 -0.949181497
vn 0.302449614 0.0205243118 -0.952944398
vn 0.747381926 0.00661911024 -0.664361835
vn 0.745723307 -0.00661923504 -0.66622287
vn 0.747381687 0.00661909254 -0.664361835
vn 0.745723307 -0.00661927089 -0.66622293
vn 0.792320669 -0.602314711 -0.0971848369
vn -0.245012477 0.185226783 0.951661706
vn -1.39459935e-05 1 -1.23713662e-05
vn 0.371049494 0.0492883287 -0.927304208
vn 0.999879599 -0.0154714463 -0.00115606433
vn 0.999798 -0.0169456713 -0.0108120497
vn 0.999781668 -0.0171233602 -0.0119765447
vn 0.999883056 -0.015294848 0
vn -3.51673079e-05 5.69470358e-05 -1
vn 1.72608743e-05 -3.74490482e-05 1
vn 5.06380857e-05 0.000311600801 0.999999881
vn 9.22958134e-05 -1 4.57169153e-05
vn 0.369644552 0.035907913 -0.928479075
vn 0.251098305 0.043444898 -0.966986179
vn 0.000520587724 -0.000770922226 0.999999523
vn 0.423815131 -0.786093652 -0.449930578
vn 0.278772026 -0.114174657 -0.953546226
vn -0.439791709 -0.173003331 0.881279171
vn 0.232306093 0.0529511049 -0.971200347
vn 0.547206163 -0.724222183 -0.419604272
vn 0.547206163 -0.724222124 -0.419604242
vn 0.547206163 -0.724222124 -0.419604301
vn 0.000569240015 -0.0014105381 0.999998808
vn -0.10876593 -0.993682802 0.0276498552
vn 0.299105555 0.0427836068 -0.953260481
vn 4.27382156e-06 1 4.16784314e-06
vn 0.000148383057 -1 5.49105971e-05
vn 0.422011644 0.0321488604 -0.906020224
vn -0.122040123 -0.906362057 0.404492468
vn -0.178555727 -0.804289937 0.566776514
vn -0.113241449 -0.955280125 0.273159415
vn 0.413641006 -0.415430427 -0.810135007
vn 0.413640976 -0.415430397 -0.810135007
vn 0.413640976 -0.415430367 -0.810134947
vn -0.167558536 0.0498844385 0.984599233
vn 0.739444256 -0.669765472 -0.0680911094
vn -0.505956173 0.855934799 -0.106696218
vn -0.229178518 0.48243013 -0.845422029
vn 0.000656945165 0.999999762 -0.000272557227
vn -0.266821116 0.282829821 0.921310961
vn 0.401519835 0.0483239628 -0.914574504
vn 0.00806137733 -0.999961257 -0.00353866536
vn 0.71201545 0.17026408 -0.681207895
vn 0.711669803 0.182685807 -0.678345084
vn -4.50378866e-06 1 -3.20187537e-05
vn -2.64418759e-06 1 -1.0783453e-05
vn -0.813350379 0.580469489 -0.0389419906
vn -0.856070101 0.512135148 -0.0697244704
vn -0.881226242 0.464020044 -0.0901413187
vn 0.999315917 0.0226163454 -0.0292613897
vn 0.982142746 0.183228463 -0.0426965393
vn 0.999576092 -0.0124182319 -0.0263330564
vn 0.982813537 -0.175842926 -0.0561849475
vn 0.978012145 -0.200745195 -0.0565138869
vn 0.970335782 0.239884004 -0.0300658755
vn -0.754269123 0.656562984 -0.00172426901
vn -0.00852298178 0.00131612609 -0.999962807
vn -0.0051187207 0.000323077722 -0.999986887
vn -0.0039761425 -0.00230714679 -0.99998945
vn -0.00450162031 -0.00300549762 -0.999985337
vn -0.00734855374 0.0003492494 -0.999972939
vn -0.670650005 -0.738876045 0.0655045807
vn -0.477293819 -0.878235221 -0.0298907142
vn -0.653398335 -0.746474683 0.125882328
vn -0.737810493 -0.672227383 0.0612052046
vn -0.337978452 -0.940903485 0.0217075907
vn -0.26786232 0.379844725 0.885419548
vn 0.927340567 -0.372951657 -0.030763682
vn 0.545360029 -0.0272348374 -0.837759376
vn 0.424453706 0.0436523966 -0.904396772
vn 0.545359194 -0.0272340961 -0.837759912
vn 0.424454451 0.043650575 -0.904396534
vn 0.317642719 -0.489960164 -0.81181401
vn 0.923493862 0.378227353 -0.0640556663
vn 0.899262905 0.432283312 -0.0667640865
vn -0.00555126043 0.00458541047 -0.999974132
vn 0.000185633166 0.000702302961 0.999999762
vn 0.416687489 0.908848107 -0.0191499759
vn 0.409550309 0.91224426 0.00888382457
vn 0.674709618 -0.735992789 0.0555129983
vn 0.0725576952 0.99212712 -0.102073781
vn -0.0324557349 -0.061441768 -0.997582853
vn -0.0785175785 0.996845186 0.011599808
vn 0.00806613266 -0.00943983439 -0.999922931
vn 0.0582004189 -0.050710801 -0.997016132
vn 0.916351974 -0.399793029 -0.0215569306
vn -0.00902880356 0.00238204864 -0.999956429
vn -0.00633775583 -0.00404267199 -0.999971747
vn 0.24736622 -0.220039666 -0.943606198
vn 0.0725293681 -0.113520868 -0.990884662
vn 0.424272686 0.9052459 0.0228558164
vn 0.493321925 0.869671822 0.0174470283
vn 0.55203253 0.832108021 -0.0534447469
vn -0.057705313 -0.995212555 0.0788804591
vn 0.208479732 0.0241605509 -0.977728307
vn -6.53822417e-06 -1 -1.60099407e-05
vn 0.000260778121 0.000917522528 0.999999583
vn -0.441225171 -0.897163272 0.0204584599
vn -0.27807802 -0.960396051 0.0176653024
vn -0.307803422 0.82365483 0.476287454
vn -0.351171166 0.932064712 -0.0890738145
vn -0.287817448 0.733982861 0.615166783
vn 0.347179979 -0.742958069 -0.572258174
vn 0.849100471 -0.528103173 0.0116407759
vn 0.189506978 0.0408018343 -0.981031179
vn -0.00653192447 0.00323456875 -0.999973536
vn -0.00767199416 0.00344034052 -0.999964535
vn 0.82380563 0.564536035 0.0514141135
vn -0.249554813 -0.0292760525 0.967917979
vn -0.00673964154 -0.00350637012 -0.999971092
vn -0.00798746478 -0.00394945499 -0.999960303
vn 0.111302689 0.0234768093 -0.993509173
vn -0.334326714 -0.428278506 0.839525521
vn 0.771535397 -0.631668568 -0.0756830573
vn 0.558438599 -0.815412641 -0.152474865
vn 0.33066079 0.0396589004 -0.942915976
vn 0.000301459222 0.999999642 -0.000829348981
vn 0.346384108 0.027576616 -0.937687337
vn -0.0888210759 -0.923650086 0.3728019
vn -0.223441154 0.571839631 0.789350033
vn 2.96833036e-06 1 3.36421095e-07
vn 0.756122291 0.648341179 -0.0890669525
vn -0.00738218427 0.0374372639 -0.99927175
vn -0.135176644 0.158992782 0.977981806
vn -0.00705170864 0.00655344687 -0.999953687
vn -0.00675154757 0.00740310177 -0.999949872
vn 0.49715668 0.187118575 -0.847243667
vn 0.465596914 -0.187117428 -0.86498934
vn 0.496922582 0.203575253 -0.843578756
vn 0.462587148 -0.203574196 -0.862885058
vn 5.2574519e-06 0.99999994 -1.71899717e-06
vn 0.185993895 0.0212558508 -0.982320964
vn -0.274342179 -0.112090155 0.955076993
vn 0.401647419 0.0955769569 -0.910793245
vn 0.457137644 -0.262796253 -0.849684238
vn 0.459226578 -0.295422256 -0.837756872
vn 0.446138829 -0.894747078 0.0196920391
vn -2.45101728e-06 0.99999994 -1.11576924e-06
vn -0.0165531989 -0.00463546906 -0.99985224
vn -0.00858183298 -0.00865996722 -0.999925613
vn 0.00497328909 -0.0103441682 -0.999934077
vn 0.353592306 -0.836006939 0.419601023
vn 0.353592306 -0.836006939 0.419600993
vn 0.353592277 -0.83600688 0.419600993
vn 0.665668368 0.738618553 0.106434114
vn -0.112079345 0.195523605 0.974273443
vn 0.658109486 -0.744353116 0.113271102
vn 7.27656652e-06 -1 -1.90816645e-05
vn 0.422068387 0.00697283074 -0.906537175
vn 0.420054197 -0.00502424454 -0.907485068
vn -2.68368622e-05 -1 -1.23089176e-05
vn 0.243238151 0.0095222136 -0.96991992
vn 1.20307677e-05 -7.5596341e-05 0.99999994
vn 0.304487824 0.952235162 0.0231390242
vn -0.0114426697 -0.0554025508 -0.998398542
vn -0.184384927 -0.981221616 -0.0566236004
vn -2.5672176e-05 6.51509617e-05 -1
vn -0.56371671 -0.814760029 0.135608554
vn -0.654768527 -0.753462136 0.0597734191
vn -0.145434007 -0.0135141769 0.989275634
vn 0.161607742 -0.232805863 -0.95900172
vn -0.12852101 0.349864244 0.927942574
vn -0.0342501663 0.0354913734 0.998782873
vn -0.948450208 -0.23942861 -0.207644001
vn -0.95899117 -0.131214783 0.251234263
vn -0.967111766 -0.142602429 0.210616291
vn -0.958241999 0.065805681 -0.278283805
vn -0.982788324 0.16895996 0.0746969879
vn -0.952408552 0.0622422881 -0.298402131
vn -0.959811687 0.279488921 -0.0254449379
vn 0.267631441 0.563209236 -0.781772792
vn 0.267631441 0.563209236 -0.781772912
vn 0.267631441 0.563209236 -0.781772852
vn 0.00128542469 -0.999998212 0.00137857685
vn 0.0201842729 -0.0106768748 -0.999739289
vn 0.0449674018 0.00849016104 -0.998952389
vn 0.0301891305 0.00900512841 -0.999503732
vn -0.93697238 -0.246700361 -0.247430414
vn 0.00764047541 0.0132443924 -0.999883175
vn 0.0849616081 0.00809572637 -0.996351361
vn -0.657985926 -0.749565959 -0.0721485391
vn 0.246186271 -0.599514067 -0.761560977
vn -0.910335958 0.401380807 0.10090667
vn -0.0598942935 -0.988877952 -0.136136129
vn 0.569130242 -0.820199072 -0.05800201
vn 0.583268404 -0.809700191 -0.0646800324
vn -0.895240724 -0.36287424 0.258585423
vn -0.852666438 -0.517998874 -0.0680960938
vn -0.889327884 -0.324891508 0.321778446
vn -0.843365967 0.534302175 -0.0570520796
vn -0.0035702039 0.0073805782 -0.999966383
vn -0.00426925393 0.00544911437 -0.999976039
vn 0.515448093 0.825746 -0.229034632
vn 0.545925081 0.804181337 -0.235070452
vn -0.0275475979 -0.0073251538 -0.999593675
vn 0.188156039 -0.801377177 -0.567795575
vn 0.000171100168 0.00120820024 0.999999166
vn 0.227768183 0.973696113 -0.0061334786
vn 0.000195558125 -0.000723905629 0.999999702
vn 0.179571927 -0.872791767 -0.453859538
vn 1.55090966e-05 -1 1.16513211e-05
vn 0.149792016 0.0064094672 -0.988696694
vn 0.0651143417 0.0109379292 -0.997817814
vn -0.828780293 -0.542471886 -0.137286216
vn -0.245232493 0.787416697 -0.565540433
vn -0.107666075 0.534884334 -0.838037491
vn -0.73142004 -0.547332227 0.406758249
vn -0.731419981 -0.547332168 0.406758249
vn -0.731419981 -0.547332227 0.406758279
vn -0.777652025 0.575083435 -0.254040122
vn -0.245021239 -0.969307423 -0.0201892406
vn -6.10204006e-06 0.99999994 5.27399925e-06
vn 0.223507613 0.0215007812 -0.974464953
vn 0.00312027568 -0.0092729954 -0.999952137
vn -0.776695251 0.574727774 -0.25774467
vn -0.0574085638 -0.988045275 0.143076494
vn 0.175800934 0.0262120347 -0.984076738
vn 9.52115988e-06 1 -1.88472732e-05
vn 0.385324597 -0.919412434 0.0787764192
vn 0.157812744 -0.547915637 -0.821512997
vn 0.000228998731 0.999999583 -0.000870989345
vn 0.0364883468 -0.999208868 -0.0158168674
vn 0.380526841 0.17883262 -0.907313824
vn 0.166766152 0.985992372 -0.00285558938
vn 0.268984109 0.0250051226 -0.962819934
vn -0.183644712 -0.322949737 0.928427696
vn 0.417325854 -0.908715546 0.00867314357
vn -0.00270570652 0.00701930095 -0.999971688
vn 2.70135115e-06 -1 -1.70322364e-05
vn -0.000109626657 -0.99999994 4.51828091e-05
vn 0.16318725 -0.0139193004 -0.986496866
vn 0.0599841587 0.0386351235 -0.997451365
vn -9.52733353e-06 1 -1.08402801e-05
vn 0.438617945 0.855355918 -0.275645584
vn 0.0345383771 0.00612328341 -0.999384582
vn -1.43919224e-05 -0.99999994 -2.54721035e-05
vn 0.164125055 -0.0470543765 -0.985316634
vn -0.00702240504 0.0525702015 -0.998592556
vn 0.164124742 -0.0470535755 -0.985316694
vn 2.83166064e-05 -1 3.05805006e-05
vn 7.30775719e-06 0.99999994 7.91986258e-06
vn -0.00702201482 0.0525694005 -0.998592615
vn 0.2778216 -0.959760904 -0.0409148261
vn 0.00636427011 -0.00512126926 -0.999966621
vn 0.0329715274 0.00377211045 -0.999449193
vn -0.497863621 -0.703326762 -0.507408321
vn -0.497863591 -0.703326821 -0.507408381
vn -0.497863591 -0.703326762 -0.507408321
vn -0.00282595935 -0.0186115019 -0.999822855
vn 0.12402299 0.925306857 0.35836491
vn 0.0158792865 -0.027210189 -0.999503613
vn 9.0661988e-06 1 9.81790254e-06
vn 0.0324286669 0.00214587105 -0.999471784
vn -0.00663227728 0.129330501 0.991579354
vn 0.242430285 -0.923961461 -0.295842141
vn 0.242430314 -0.92396152 -0.295842171
vn 0.242430314 -0.92396152 -0.295842201
vn 0.00017214223 -0.000635920966 0.999999762
vn 0.103970431 -0.345000327 -0.9328264
vn 0.27743423 -0.954594731 -0.108532511
vn -0.0596933328 0.00111823832 0.998216152
vn -0.0549325943 0.867587388 0.494241297
vn -0.128812551 0.988241255 -0.0823809281
vn -0.0628049448 0.737148702 0.672805667
vn 0.15588364 0.00154003361 -0.987774253
vn 0.0128310453 -0.024234537 -0.999623954
vn -0.0114284912 0.999917865 0.00580214616
vn -0.00507105934 -0.0964932442 -0.995320737
vn 0.0634811223 0.0145746367 -0.997876585
vn -1.69610812e-05 1 2.8444334e-05
vn 0.17737107 0.788704515 -0.588629663
vn 0.139939904 0.990159988 -0.000214073036
vn 0.156853542 -0.00331182848 -0.987616301
vn -0.195474193 -0.0117642302 0.980638266
vn -0.127051771 -0.00429088436 0.991886735
vn 0.117844358 0.00815164298 -0.99299866
vn -2.5603691e-05 -1 -7.30946413e-05
vn 0.0653284416 -0.00789896399 -0.997832477
vn -0.104785576 0.450228572 0.886743546
vn -0.104785584 0.450228542 0.886743605
vn -0.104785584 0.450228602 0.886743605
vn -0.115500763 -0.0179193467 0.993145764
vn -0.184947997 -0.0233901683 0.982469857
vn -0.320855111 0.398907721 -0.859025419
vn -0.320855141 0.398907691 -0.859025419
vn -0.320855141 0.398907751 -0.859025419
vn -0.438968688 0.717867553 0.540345013
vn -0.438968658 0.717867553 0.540345013
vn 0.053120885 -0.998568594 0.00623425888
vn 0.110681489 -0.634162545 -0.765236914
vn 0.160315275 -0.980763674 0.111363225
vn -0.965202153 -0.261500537 -0.00145243609
vn -0.96556592 -0.260156125 -0.00117706414
vn -0.962985456 -0.269535542 -0.00310037192
vn -0.96264571 -0.27074337 -0.00334841898
vn -0.00497940788 0.00318065798 -0.999982536
vn -0.00438914914 0.0066544963 -0.999968231
vn -0.00906919502 0.00208239304 -0.999956727
vn -0.00437665964 -0.00155207829 -0.999989271
vn -0.0383100398 0.504499078 0.862561941
vn -0.764934182 0.370308012 -0.527017772
vn -0.764934123 0.370307982 -0.527017713
vn -0.764934182 0.370308012 -0.527017713
vn -0.00449293433 -0.00543473614 -0.999975145
vn 0.00272392435 -0.133569166 -0.9910357
vn 0.00270944671 -0.0113109387 -0.999932349
vn -0.730941236 0.682354093 0.0108527271
vn -0.609793305 0.792528331 -0.00713695213
vn -0.783667207 0.621176541 0.00232148985
vn -0.373651087 0.927248657 0.0243874528
vn 0.135167196 -0.990648985 0.0185590778
vn -0.162757605 -0.789832652 0.591332734
vn -0.00232585217 0.00860422663 -0.999960244
vn -0.00122220465 0.0092062559 -0.999956965
vn 0.0703134313 -0.56320858 -0.823317647
vn 0.0703134462 -0.563208699 -0.823317707
vn 0.0703134388 -0.56320864 -0.823317707
vn -0.0464538857 -0.590759695 0.80550921
vn -0.116178825 -0.121651508 0.985750258
vn 0.00467292126 -0.00887351204 -0.999949694
vn -0.474102497 -0.880468965 -0.0011249081
vn -0.441445231 -0.897246897 0.00860536098
vn -0.482534528 -0.875869274 -0.00367059559
vn -0.000198575464 0.000128915883 -0.999999881
vn -0.00517522031 0.99977082 -0.0207765829
vn 0.000329618546 -9.66342996e-05 -0.99999994
vn -0.434071451 -0.900813997 0.0107747875
vn -0.00638687052 0.286130071 0.95816946
vn -0.100616895 -0.853348613 0.51153934
vn 0.000303121022 0.0074009276 -0.999972582
vn -0.0443978794 0.0190151576 -0.998832941
vn 2.74943704e-05 1 -4.148878e-05
vn 0.991524041 0.129900903 -0.0024154745
vn 0.988777518 0.14931941 -0.00476562092
vn 0.999658823 -0.0208999738 0.0156615246
vn 0.999178946 -0.0365323462 0.0175179951
vn 0.000662082806 0.000362876977 0.999999642
vn 0.000271663157 5.4302749e-05 1
vn 0.000953347539 0.000460574054 0.999999404
vn 0.000126161234 -4.25272447e-05 0.99999994
vn 0.000121351623 0.000917640398 0.999999523
vn -0.0119967833 0.999688387 -0.0218878388
vn 0.485831738 -0.873937249 0.0141885793
vn 0.739281237 -0.673187673 -0.016779907
vn 0.764553905 -0.644237339 -0.0203898773
vn 5.46702831e-05 -1 3.50531227e-05
vn -0.000199695147 -0.0194082595 -0.999811649
vn 0.00142327941 -0.00241594249 0.999996126
vn -0.0688437 -0.996489584 0.047634352
vn 0.101365536 -0.994356692 0.0312999561
vn 0.454438359 -0.89060545 0.0175454747
vn 0.000161179691 -0.000101857055 1
vn 0.375363678 0.926738799 -0.0160397217
vn 0.504379272 0.863468111 0.00494443858
vn 0.522449076 0.852632701 0.00802044757
vn 0.000287898321 5.57291023e-05 1
vn 0.359872341 0.932818949 -0.0184540935
vn 0.000679391727 -0.00800780766 -0.999967754
vn 0.970585883 -0.237064451 -0.0419937521
vn 0.97056669 -0.237166882 -0.0418608151
vn 0.970581293 -0.23708874 -0.0419622138
vn 0.97060138 -0.236982048 -0.042100735
vn -0.260724157 0.792756379 0.550962925
vn -0.260724157 0.792756438 0.550962925
vn 0.0740948543 0.996930361 0.0252948105
vn 0.0879181549 0.0032874078 -0.99612236
vn 0.00182643579 -0.570874453 -0.821035326
vn -1.85656663e-05 0.000421641191 -0.999999881
vn 0.0658859015 0.992983997 0.0981926173
vn -0.0201559346 0.984458566 0.174456283
vn 0.0666902289 0.993001461 0.0974698216
vn 0.170536041 0.985348046 0.0025772138
vn 0.000303128094 -0.000116992953 1
vn 0.0172968041 -0.997022212 -0.0751511604
vn -0.419513077 -0.907634079 0.0144600691
vn -0.189345583 -0.981791675 -0.0152780395
vn -0.158550307 -0.987166464 -0.0190835595
vn 0.00101389934 3.71924252e-05 -0.999999464
vn -0.412960172 -0.906345725 -0.0894500762
vn -0.415056884 -0.905190349 -0.0914226621
vn -0.219798759 -0.972130656 0.0815512687
vn 0.000251976569 2.08351066e-05 1
vn 0.00978598371 0.000133453897 0.999952137
vn 0.0803168267 0.187118888 -0.979048371
vn 0.0441826954 -0.187119216 -0.98134315
vn 0.0816960409 0.203575611 -0.975644827
vn 0.0423839577 -0.203576148 -0.978141248
vn -3.98915381e-06 1 1.45375234e-05
vn -0.00029695165 0.000752016029 -0.999999702
vn -0.0389055572 -0.957876742 -0.28453204
vn -0.449145675 -0.893267453 0.0184723325
vn -0.442243099 0.896793842 0.0134840775
vn -0.402566165 0.915214241 0.0179854166
vn -0.726511419 0.686760008 -0.0232747234
vn 0.000453144283 -0.000102942933 0.999999881
vn -0.0718534142 -0.956365049 -0.283201426
vn -0.0557970516 -0.859516263 -0.50805372
vn -0.0087824231 -0.717722833 -0.696273446
vn -0.00712734368 0.00232028076 0.999971926
vn 0.000802433933 0.000508573838 -0.999999583
vn -0.551747561 -0.802453876 -0.227249801
vn 0.000372747047 4.85858027e-06 0.999999881
vn -0.151424363 -0.986176789 0.0672764406
vn 0.0750533491 0.449835122 0.889952421
vn 0.0750533491 0.449835122 0.889952481
vn -0.830322742 0.535098791 -0.155670956
vn -0.830322683 0.535098732 -0.155670941
vn -0.0120796589 0.993712425 -0.111309439
vn 0.0383288637 0.531439126 -0.846228957
vn -0.00215336494 -0.123790868 0.992305994
vn -0.00538671063 -0.995382488 -0.0958368704
vn 0.487499058 -0.87301141 -0.0139921196
vn 0.455689698 -0.889795661 -0.0247111432
vn 0.494001925 -0.86938113 -0.0117693925
vn 0.436735958 0.899029076 -0.0317543894
vn -0.981437504 -0.0705105662 0.178349808
vn -0.981437504 -0.0705105737 0.178349823
vn -0.981437445 -0.0705105662 0.178349808
vn 0.446819484 -0.89419657 -0.0276561379
vn 0.0521734022 0.0134936804 -0.998546839
vn 0.0754181966 0.0361249037 0.996497333
vn -0.751493156 0.659186721 -0.0270316172
vn -0.0008478128 0.0102072554 -0.999947488
vn -0.0214565843 -0.288466841 -0.957249403
vn 0.0199511368 -0.929808259 0.367502987
vn 1.61753292e-07 8.23394585e-05 1
vn -0.0541543029 -0.900871456 -0.43069461
vn -0.999237418 0.0352197178 0.0168604311
vn -0.981105089 -0.193201348 -0.0102967257
vn -0.974125087 -0.225562781 -0.0142003065
vn -0.997843087 0.0625038818 0.0200589858
vn 0.00517820846 0.0275267828 -0.999607623
vn 0.0134561509 -0.99367398 -0.11149396
vn -0.0259116571 -0.976337433 0.214694738
vn -0.0134562831 -0.99367404 0.11149361
vn 0.0259115957 -0.976337194 -0.214695618
vn -0.000232668739 -0.000515311433 0.999999821
vn 0.0595589094 0.934147775 -0.351881415
vn 0.0623868927 0.925597787 0.373331934
vn -0.000876420178 -0.193081453 -0.981182337
vn -0.00126491953 -0.00813590828 -0.999966085
vn -0.0412278883 0.0155814141 -0.999028206
vn 5.60147237e-05 1 5.26625081e-05
vn -0.109724835 -0.799034476 -0.591188967
vn -0.148881614 -0.770080686 -0.620330632
vn 0.906601548 0.421985388 0.00141857087
vn 0.961886406 0.256474733 -0.0948427841
vn 0.738165021 0.674604893 0.00455892086
vn 0.731733322 0.681585968 0.00261130254
vn 0.0121620931 -0.00182995666 -0.999924421
vn 0.043445982 -0.999050558 0.00320906239
vn 0.993894696 -0.0372073986 -0.103870407
vn 0.926644385 -0.374873191 0.0282883216
vn 0.917484045 -0.396552384 0.031129865
vn -0.00524193421 -0.00880600698 -0.999947488
vn -0.0442406461 -0.998598278 -0.0290565174
vn 0.1052837 0.946539819 0.304922521
vn 0.236886367 0.85063678 0.469363272
vn 0.0504474267 0.970981419 0.233773872
vn -0.046869643 0.575638413 -0.816360056
vn -0.0468696393 0.575638354 -0.816360056
vn -0.0468696393 0.575638354 -0.816359997
vn -0.0925370753 0.00323069771 -0.995703995
vn -0.000142428573 0.999999225 -0.00123652106
vn -0.00047162245 0.999999702 -0.000700786593
vn -1.63092991e-05 0.999999166 -0.00130718481
vn 0.00144633511 -0.0651992038 -0.99787128
vn -0.00639279233 -0.00342325703 -0.999973714
vn 0.996765256 0.01030106 -0.0797053352
vn 0.0694248229 -0.997026145 0.0334526896
vn 0.155584648 0.987690926 0.0161280613
vn -0.640747666 -0.755291224 -0.137758732
vn 0.131537706 0.739421368 -0.660268009
vn -0.00152834458 -0.999997914 -0.00137157878
vn -0.0505532809 0.161664382 -0.985550106
vn -0.0467214286 0.185329452 -0.981565118
vn 6.64474137e-05 0.99999994 -3.12702505e-05
vn -0.171163291 0.981983185 0.080075264
vn 0.124409199 0.700205743 0.70301801
vn 0.0506623313 0.0294916276 0.998280287
vn 0.0568333082 0.0997490734 0.993388176
vn 0.0656332001 -0.136798382 0.988422215
vn 0.116459236 -0.528973043 0.840609729
vn 0.0113270963 -0.999224424 0.0377144329
vn -0.0518642515 0.415431142 -0.908144891
vn -0.0518642515 0.415431112 -0.908144832
vn -0.00184475025 -0.00110006228 -0.999997735
vn -0.0986214653 0.994107306 -0.0449943766
vn 0.00325056771 -0.00436778739 0.999985218
vn -0.177755207 0.983745217 0.0254615322
vn -0.259637177 0.965151131 -0.0327388234
vn -0.00880871993 0.00141607458 -0.999960184
vn 0.00276498776 0.0105949789 -0.999940038
vn 0.00230843015 0.0102421856 -0.999944866
vn -0.182992071 -0.982459188 0.0358869024
vn -0.0879707411 -0.992205799 -0.0882547796
vn 2.25770018e-05 -1 -3.07884657e-05
vn -0.11648605 0.000520939531 -0.993192196
vn -0.030511912 0.00192132418 -0.99953258
vn -0.0211378317 0.0058618132 -0.999759376
vn -0.0933147296 0.0181561876 -0.99547106
vn -1.33046588e-05 1 1.07602898e-06
vn 0.00225210562 -0.999996245 -0.00155020494
vn 0.00231569982 -0.999996066 -0.00159830973
vn 0.00687937252 -0.999965668 -0.0046066856
vn -0.120401129 0.00263970066 -0.992721796
vn 0.162226021 0.980984569 -0.106545351
vn 0.097300373 0.472563058 0.87590909
vn -0.205550462 -0.858678758 0.469488978
vn -0.205550462 -0.858678699 0.469488949
vn -0.205550432 -0.858678699 0.469488889
vn 0.137186408 0.708038986 0.692719758
vn -0.127353653 -0.645816445 -0.752796292
vn 0.109409258 0.862490714 0.494104654
vn 0.0536868274 -0.00724715926 0.998531461
vn 0.0382049158 0.00366482395 0.999263227
vn -0.00970668625 -0.0322061032 -0.999434114
vn 0.0919821262 -0.00516244071 0.995747328
vn -0.0253737159 -0.0106508909 -0.999621332
vn 0.168035612 -0.98568815 -0.0135254003
vn 1.25502074e-05 -0.99999994 -5.12897213e-06
vn -0.166075975 -0.139887318 -0.976140499
vn -0.168115497 -0.158658803 -0.972915471
vn 4.42952978e-06 1 -6.5840045e-06
vn -0.16607599 -0.139886662 -0.976140678
vn -6.26693873e-06 -0.99999994 7.14923517e-05
vn -1.66976042e-05 -1 9.19975719e-05
vn -1.20842215e-05 1 -7.11666598e-06
vn -0.168115556 -0.158658251 -0.97291559
vn -0.0378446504 -0.944583595 0.32608223
vn -0.131882176 -0.709464788 0.692291021
vn -3.8682243e-05 -1 -1.94005807e-07
vn -1.78135397e-05 -1 -1.79275667e-05
vn -0.165630132 -0.0322771035 -0.985659599
vn -0.179707393 -0.17821385 -0.967442632
vn -0.163989246 -0.0173347369 -0.986309826
vn -0.180431649 -0.186898559 -0.965667367
vn -0.000392321526 0.999999821 -0.000265335868
vn -0.000403441314 0.99999994 3.15280413e-05
vn -0.995853305 -0.0907898098 0.00577793783
vn -0.996788085 -0.0795713738 0.00904885586
vn -0.991707981 -0.128405288 -0.00522196246
vn -0.990211606 -0.139319614 -0.00842307601
vn -1.40454085e-05 -7.38838116e-06 -0.99999994
vn -0.000175257548 0.000261989742 -0.999999881
vn -1.75852765e-05 -6.02758155e-06 -0.99999994
vn -4.85414821e-05 0.000323714834 -1
vn -1.9321551e-05 0.99999994 -7.34420382e-06
vn -0.119090967 0.0122952964 -0.992807209
vn -0.0913195461 -0.754830003 0.649532378
vn 0.10655652 0.236829668 0.965690136
vn -0.49267447 -0.870212615 0.00130900613
vn -0.512163818 -0.858866632 0.00602043699
vn -0.406226873 -0.913577199 -0.018880384
vn -0.388485134 -0.921170592 -0.0228908788
vn 0.000215406777 0.000849303498 -0.999999523
vn -0.538844466 0.842404187 -0.00135681184
vn -0.530310988 0.847792625 -0.00421746448
vn -0.500681341 0.86551851 -0.013998691
vn -0.492732555 0.870022714 -0.0165840797
vn 3.175858e-05 1.52304688e-06 -1
vn -0.149850383 0.0109912576 -0.98864758
vn -0.000627560483 -0.999999523 0.000719841279
vn 0.00613383111 -0.999917388 0.0112959715
vn 0.000203531163 -0.999999762 0.000757952454
vn 0.279171824 0.807215273 0.520064116
vn -0.0304063782 0.00692298822 -0.999513626
vn 0.00303369854 0.00880209729 -0.999956667
vn -0.385408759 0.92273289 -0.00492451759
vn 0.0763362125 -0.0330659151 -0.996533692
vn 0.00956505071 0.0326291509 -0.999421775
vn -0.0798124745 0.00277642813 -0.996806026
vn -0.179405957 -0.555782318 -0.81173867
vn -0.252431542 -0.964940369 -0.0718924999
vn -0.313953549 -0.948234141 -0.0478027612
vn -0.146767184 -0.983641565 -0.10444501
vn 0.905447245 0.423547775 -0.0277947988
vn 0.984608352 0.174527511 0.00929966569
vn 0.991007149 0.132935032 0.0152637959
vn -8.61386798e-05 -0.000286022841 1
vn 3.07003538e-05 0.000110553163 1
vn 8.43550936e-07 5.16285181e-05 1
vn -0.000147043509 -8.82270979e-05 1
vn -0.0862140283 -0.123135217 -0.988637865
vn -0.0845957994 -0.308689505 -0.947393417
vn -0.290711552 -0.95611757 -0.0364138
vn -0.246394783 0.01038507 -0.969113886
vn 0.023662027 0.0368971564 -0.999038935
vn -0.242430404 -0.923961341 0.295842886
vn -0.242430389 -0.923961282 0.295842886
vn -0.242430404 -0.923961401 0.295842886
vn -0.000258550572 -0.000607540132 0.999999821
vn 0.88953656 0.455686867 -0.032775525
vn -0.249733269 -0.789390266 -0.560799778
vn 0.00165743451 0.00678049913 -0.999975681
vn -0.392394274 -0.919286311 0.0306492709
vn 0.465291947 -0.885037124 -0.0145822121
vn 0.486644417 -0.873374104 -0.0198705252
vn 0.468921036 -0.883104563 -0.0154766254
vn 0.489418954 -0.871806383 -0.0205623005
vn -0.000102855447 0.00025379 0.999999881
vn 0.417658567 0.908461988 0.0160656627
vn 0.417658567 0.908462048 0.0160656627
vn 0.417658567 0.908461988 0.0160656609
vn -5.11789112e-05 8.63417008e-05 1
vn -0.00010155607 0.000192215928 1
vn -0.0604828149 -0.127028286 -0.990053296
vn 0.0829893202 0.822481096 -0.562705576
vn 0.109932542 0.580064833 -0.807118058
vn -0.288994461 -0.846957028 -0.446257979
vn 0.983290851 0.138826653 0.117755212
vn 0.983239055 0.140617296 0.116050251
vn 0.981086969 0.0732194334 0.179184988
vn 0.974661767 0.220335364 0.0385588296
vn -0.26168415 0.0284298565 -0.964734674
vn -3.63580875e-05 1 6.10045536e-05
vn 0.16169396 -0.814968288 0.55649066
vn 0.289123774 0.823796093 0.487614065
vn 0.226804152 0.962223828 -0.150616452
vn 0.212558195 -0.250603944 0.944466412
vn 0.211622864 0.532196283 -0.8197456
vn -0.320258528 -0.272631496 -0.907252252
vn -0.320258498 -0.272631496 -0.907252192
vn -0.320258528 -0.272631496 -0.907252192
vn -0.000768054451 0.999998927 0.00120760174
vn 0.00697400514 0.999958575 -0.00584807899
vn -0.00697381701 0.999958515 0.00584806595
vn 0.09810628 0.991769671 -0.0822683349
vn 0.220801428 -0.948924124 -0.225365564
vn 0.220801443 -0.948924124 -0.225365579
vn -0.000210345053 0.000117361567 1
vn 0.215394959 0.954587817 -0.205833226
vn 0.133818328 0.00162488548 0.991004527
vn -0.0203802362 -0.0285081696 -0.999385715
vn 0.14256525 0.035082031 0.989163518
vn 0.159758642 0.0265479647 0.986799121
vn -0.175582767 0.984302998 -0.0178388432
vn -0.457307279 0.889161229 0.0161957201
vn -0.14006491 0.989900351 -0.0218902975
vn -0.0981060714 0.991769612 0.0822683051
vn -6.89548033e-05 -1.56120641e-05 -1
vn 0.000137130584 0.000316570717 -0.999999881
vn -0.220801711 -0.948924124 0.225365683
vn -0.220801726 -0.948924184 0.225365698
vn -0.220801726 -0.948924124 0.225365698
vn -3.752677e-05 6.50401926e-05 -1
vn -0.000284114736 -2.39117071e-05 1
vn 0.10401804 0.663722456 0.740710974
vn 0.199089482 -0.979861796 0.0153050739
vn 0.0246049855 0.0112070208 -0.999634445
vn 0.10313879 -0.41711238 0.902983725
vn 0.10313879 -0.41711238 0.902983785
vn 0.00687872618 -0.0884497464 0.996056795
vn 0.0083315745 -0.106429912 0.994285345
vn 0.430656463 -0.902483642 -0.00764080696
vn 0.260689676 -0.96520251 0.0206124522
vn 0.236970723 -0.97121048 0.0243898667
vn -0.153729931 0.0208309405 -0.987893283
vn -0.568665504 -0.822478354 0.0121990722
vn -0.800326765 -0.599124193 -0.0229625367
vn -0.529249251 -0.848289847 0.0173055362
vn -0.492026299 0.87033534 0.0206557643
vn -8.2711631e-05 1.5549158e-05 1
vn -0.000110951391 5.72448771e-05 -1
vn 1.79427061e-05 0.000123189879 -1
vn 0.459611058 -0.888029814 -0.0126809729
vn 0.368828833 0.929352403 0.0164104328
vn 0.386162996 0.922353685 0.0119109498
vn 0.46292758 0.886355042 -0.00853567105
vn 0.481367439 0.876413643 -0.013581818
vn -0.122913785 -0.0132570462 -0.992328882
vn -0.983239055 0.140617102 -0.116050147
vn -0.983290851 0.138826475 -0.1177551
vn -0.974661887 0.220334783 -0.0385591276
vn -0.981087029 0.0732196048 -0.179184571
vn 0.242827699 0.44552806 0.86170727
vn 0.0213946402 -0.00313700479 -0.999766171
vn 0.0129882731 -0.00550681911 -0.99990046
vn -0.295926571 0.0249578673 -0.954884589
vn -0.287614882 0.0322570205 -0.957202792
vn -0.820943892 -0.570383012 -0.0267287884
vn -0.915208757 0.402700812 -0.0149982525
vn -0.93225652 0.361614585 -0.0115234563
vn -0.999161839 -0.0355235748 0.0203401428
vn -0.0594539717 -0.307901382 0.949558854
vn 0.00450625224 -0.114219114 0.993445337
vn 0.282264054 -0.912339091 0.296587735
vn 0.286311805 -0.894420981 0.343564481
vn 0.31612891 0.603400469 -0.73209995
vn 0.31612891 0.603400469 -0.73210001
vn 0.579775393 0.705079794 0.408317268
vn -0.170132771 -0.251471549 -0.952794313
vn -0.541516423 -0.838713169 -0.0576199219
vn 0.0753597319 -0.986381173 0.146195427
vn 2.65116942e-05 -1 -1.83700595e-05
vn 5.46790261e-06 1 1.9590932e-06
vn -0.41992715 0.905976236 0.0535566285
vn -0.99699229 -0.0739245936 0.0232690424
vn -0.103143111 -0.729044676 -0.676650107
vn -0.266476691 0.0267400332 -0.963470399
vn 0.879020989 -0.476770997 -0.00338958227
vn 0.869909346 -0.493211627 0.00012665549
vn 0.877679408 -0.479239553 -0.00286406628
vn 0.868610322 -0.49549517 0.000618126011
vn 0.00717395032 -0.999881744 0.0136041744
vn -0.315052301 -0.308276266 -0.897612274
vn -0.31505233 -0.308276296 -0.897612333
vn -0.267453611 0.308276355 -0.912926197
vn -0.267453641 0.308276415 -0.912926257
vn -0.267453611 0.308276385 -0.912926197
vn -0.343489945 0.0271360856 -0.938764215
vn -0.118230052 -0.617550611 -0.777594268
vn 0.288611501 0.652138174 0.701012969
vn -0.10546688 -0.556209683 0.824322462
vn -0.116405159 -0.522942007 0.844382346
vn -0.0444094986 0.00821077544 -0.998979688
vn -0.0677506253 0.0132508744 -0.997614324
vn -0.35243082 0.187116966 -0.916940391
vn -0.385981828 -0.187117562 -0.903330028
vn -0.349711448 0.203573778 -0.914472342
vn -0.386213213 -0.203574404 -0.899664819
vn -2.82750025e-05 1 -3.19366809e-05
vn -1.47462797e-05 1 -5.16911532e-05
vn 0.00476615923 0.00824351981 -0.9999547
vn -0.307945698 -0.643541932 -0.700730562
vn -0.568946183 -0.81713742 -0.0926640034
vn -0.157624826 0.0246737637 -0.987190843
vn 0.968300402 0.249760449 0.00373730995
vn 0.967220664 0.253922433 0.0027468435
vn 0.973090827 0.230270341 0.00835929625
vn 0.973959684 0.22653307 0.00924252626
vn -0.114779107 0.0255545508 -0.993062317
vn 0.543725252 -0.793837547 -0.272368908
vn 0.386595011 0.922227859 0.00632471126
vn -0.00654950039 -0.00992591586 -0.999929309
vn -1.82804415e-05 0.00431139069 -0.999990702
vn -0.491751254 -0.869148195 -0.0525558777
vn 0.301635414 -0.509110272 0.806115866
vn -0.431924015 0.785098016 0.443917572
vn -0.431924045 0.785098016 0.443917602
vn -0.431924045 0.785098076 0.443917602
vn -0.283551842 -0.510722756 -0.811640739
vn -0.487380862 -0.872226238 -0.041003339
vn 0.00788896717 -0.00868475717 -0.999931157
vn 0.00779776182 0.00500243902 -0.999957085
vn 0.254828781 -0.0311087333 0.966485739
vn 0.174817383 0.143276855 0.974120498
vn 0.210289121 0.256901294 0.943281651
vn 0.114340931 0.610536337 -0.783690989
vn -0.433962494 0.900443912 -0.0296216272
vn 0.0951171368 0.431200504 0.897228479
vn 0.39452219 -0.196702436 0.897585869
vn 0.232591167 0.622451484 0.747298777
vn 0.232591182 0.622451544 0.747298777
vn -0.3535918 -0.836006045 -0.419603109
vn -0.35359183 -0.836006045 -0.419603109
vn -0.3535918 -0.836005986 -0.419603109
vn -0.000307233131 -0.000621698506 0.999999821
vn -0.436807752 0.415646374 -0.797770023
vn -0.436807722 0.415646404 -0.797770023
vn -3.75176096e-05 1 -6.23897722e-05
vn 0.00140853063 -0.999998391 0.00113657059
vn -0.266227126 0.0453169942 -0.962844491
vn -0.0666374788 0.0187047292 -0.997601926
vn -0.726132452 0.678334773 0.112221271
vn -0.636820972 0.757638752 -0.142977357
vn -0.608523548 0.767158985 -0.20289439
vn 0.00879187323 0.0082723666 -0.999927104
vn 0.794998169 -0.591813445 0.133172154
vn 0.841972828 -0.530460417 -0.0984554514
vn 0.792869091 -0.591553748 0.146365225
vn 0.693986118 0.497564852 -0.520396531
vn 0.724475086 0.513687849 -0.459631085
vn 0.780682743 0.541022182 -0.312777102
vn 0.782555819 0.541845739 -0.306610018
vn -2.03666441e-05 1 -1.26152181e-05
vn -0.337777555 0.049617067 -0.939917266
vn 0.0074128448 -0.00327501423 -0.999967158
vn 0.00678279204 -0.00151799957 -0.99997586
vn 0.0082461834 0.00314246304 -0.999961078
vn 0.00698348507 0.00300490833 -0.999971092
vn 0.914632857 -0.382770956 0.1301274
vn -0.401265204 -0.505029202 -0.764154196
vn -0.25668332 -0.966489315 -0.00349769089
vn -0.101427421 -0.0908308029 -0.990687728
vn 0.442449421 0.701040804 0.5592677
vn -0.0919119567 -0.742053568 0.664009571
vn -0.458824724 -0.732571661 -0.502810597
vn 0.131245717 0.612699509 0.779341936
vn 0.38911438 0.393304735 0.833007455
vn -0.504215717 0.0551549792 -0.861814559
vn -0.690727293 -0.716021895 0.101036474
vn -0.254106939 -0.17113474 -0.951915205
vn -0.7969473 -0.603044987 -0.0348114371
vn 0.183701918 0.416537523 -0.890365183
vn 0.0728716552 0.313695222 -0.946723342
vn -0.510884523 0.858235717 -0.0492793918
vn -4.14308545e-07 -1 1.30177868e-05
vn -2.20891361e-05 -1 8.37457173e-06
vn -0.562150061 0.140952855 -0.814935327
vn -0.688224852 -0.0593884997 -0.723062694
vn -0.558435738 0.159790993 -0.814012468
vn -0.800868154 0.0250879843 -0.598314881
vn 6.80203402e-06 1 -2.29226571e-05
vn -1.429243e-05 1 -3.52294387e-06
vn -1.40566781e-05 0.99999994 -3.77593983e-06
vn -0.56215024 0.140952259 -0.814935386
vn -0.688224792 -0.0593884811 -0.723062634
vn -0.558435917 0.159790501 -0.814012468
vn -1.91554991e-05 -1 4.09433815e-05
vn 4.66160491e-05 -0.99999994 -2.06107197e-05
vn -3.36551202e-05 1 -3.68490669e-06
vn -0.800868154 0.0250880085 -0.598314941
vn -0.00876910891 -0.011114818 -0.999899745
vn 0.502595007 0.853147686 -0.139775515
vn -0.617045999 -0.780813336 0.0979015678
vn 0.371462405 -0.656743586 0.656280041
vn -1.90698065e-05 -1 5.38782297e-05
vn -0.477282763 0.0370818488 -0.877967
vn 0.122934856 0.926066637 0.356774092
vn 0.00413508061 -0.00191267335 -0.999989569
vn 0.00627110386 -0.00137333944 -0.999979436
vn 0.00602875696 -0.000297927967 -0.999981761
vn 0.00628108624 0.00428307336 -0.999971092
vn 0.0087017687 -0.00160307135 -0.999960899
vn 0.922127128 -0.328707397 0.204041466
vn 0.754970908 0.27115491 0.597071111
vn 0.754970908 0.27115491 0.597071052
vn -0.167528987 -0.911778688 -0.374958158
vn -0.10702046 -0.927076638 0.359270841
vn -0.000176787915 -1 -5.03057017e-05
vn -0.000205945311 -1 0.000108877641
vn -0.582053483 0.111952394 -0.805406988
vn -0.612597406 -0.282761127 -0.738085747
vn -0.574839473 0.146037757 -0.805128872
vn -0.611070275 -0.308330178 -0.729058146
vn -1.53657911e-05 0.99999994 -1.43863681e-05
vn 9.50210415e-06 1 -2.07078992e-05
vn 5.53033169e-06 1 -2.65652238e-06
vn -0.00032170405 -0.000351439317 0.999999881
vn -0.556651771 -0.697058976 -0.451937646
vn -0.0690211207 -0.390238225 0.918123245
vn 0.902264357 -0.255366921 -0.347428858
vn 0.902264357 -0.255366921 -0.347428828
vn 0.423492074 -0.0432443395 0.904867053
vn -0.784220695 0.620450377 0.00625819294
vn -0.854018629 0.507628858 -0.113863997
vn 0.353408426 0.33927989 0.871774971
vn -0.410298407 0.045701623 -0.910805464
vn 1.73268145e-05 -0.99999994 0.000215334396
vn 0.298058361 0.240161419 -0.923841834
vn -0.852745056 -0.522100389 -0.0153995752
vn -0.440050423 -0.403441489 -0.802240968
vn -0.708661556 -0.696810067 -0.110700488
vn -0.000643153966 0.662657857 -0.748921931
vn 0.00555756083 0.00101460028 -0.999983966
vn 0.00828980282 -0.000881404441 -0.99996525
vn 0.0069524711 -0.000842739362 -0.999975443
vn -0.512290537 -0.591041207 -0.623080015
vn 0.478663921 0.53344202 0.697366834
vn -0.223775476 0.0376788117 -0.97391212
vn 0.976259112 -0.0752887279 0.203100264
vn 0.976259172 -0.0752887353 0.203100294
vn 0.976259172 -0.0752887353 0.203100279
vn -0.487409025 -0.415429622 -0.768017292
vn -0.487409085 -0.415429682 -0.768017352
vn -0.487409055 -0.415429682 -0.768017352
vn 0.853348494 0.114668779 -0.508573771
vn 0.854991555 0.114546843 -0.505834401
vn 0.854893386 0.114554167 -0.505998671
vn 0.852568448 0.114726067 -0.509867728
vn -0.108837001 -0.594930112 -0.796374738
vn 0.522397935 -0.0413770042 0.851697385
vn -0.71196717 -0.158860847 -0.684007168
vn -0.662720025 -0.198883653 -0.721974611
vn -0.619348168 -0.261468828 -0.74029839
vn 0.000274960417 0.999998987 0.00139284262
vn -0.000697628362 0.999995768 0.00283747911
vn -0.00195949152 0.999990344 0.00395024335
vn -0.031859342 -0.221022323 0.974748313
vn -0.0354161598 -0.200466305 0.979060233
vn -0.609815776 0.792254269 0.0213987641
vn -0.12583904 -0.602261603 0.788318157
vn -0.103554465 -0.704426765 -0.702181995
vn -0.103554443 -0.704426706 -0.702181935
vn -0.103554457 -0.704426765 -0.702181935
vn -0.514271855 0.85753566 -0.0125336358
vn -0.512875974 0.858419597 -0.00860639568
vn 0.0507384837 0.257028222 0.965071082
vn -0.442073315 0.0479292125 -0.895697534
vn -0.506506443 0.0580472648 -0.860280097
vn -0.0355549082 -0.216727689 -0.975584328
vn -0.0245971326 -0.194909647 -0.980512738
vn -0.0387628041 -0.223097801 -0.974025011
vn 0.0368808918 0.0294670779 -0.998885155
vn -0.547206283 -0.72422123 0.419605583
vn -0.547206283 -0.72422123 0.419605613
vn -0.0086255651 -0.0077510816 -0.999932766
vn -0.52531755 0.0412227586 -0.84990716
vn -0.917770743 0.396443039 0.0230123233
vn 0.588789344 0.650687337 0.479513288
vn 0.608972013 0.791926503 -0.0447813757
vn 0.361617535 0.202093035 0.910159945
vn 0.146967143 -0.00637309067 -0.989120901
vn -0.0244939625 -0.0100542279 -0.999649405
vn -0.899202585 -0.422918767 0.112136178
vn 0.385531336 0.918619156 0.0866282731
vn 0.343299121 0.409179032 -0.845410109
vn 0.348211139 0.0300677717 0.936933815
vn 0.579922676 -0.183204785 0.793804586
vn -0.777608037 -0.626811981 -0.0493205711
vn 0.298859864 0.186514646 0.935892701
vn -0.298982471 -0.0903986394 -0.949967146
vn -0.957575977 -0.261758238 -0.120544694
vn -5.15765096e-05 -1 -3.31748452e-05
vn -5.35248582e-05 -1 4.1930256e-05
vn -4.17042575e-05 1 -3.75202922e-06
vn -5.74583646e-06 -1 7.20211119e-06
vn -6.15502404e-06 1 -2.64800674e-05
vn -2.48776596e-05 0.99999994 6.78121141e-05
vn 0.31778416 0.902874172 0.289536744
vn -0.965654969 0.246285245 -0.0827901661
vn -0.18955788 -0.739767253 -0.645609975
vn -0.131652996 -0.629400611 0.765847504
vn -0.276892781 0.0391436964 -0.960103214
vn -0.316993058 0.0492986143 -0.94714576
vn -0.142505482 -0.0453101248 -0.988756359
vn -0.981692493 0.177203789 -0.0698472336
vn -0.694973409 0.174503788 -0.697538793
vn -0.694973409 0.174503788 -0.697538853
vn -0.704908192 -0.351667702 -0.615982413
vn 1.30021854e-05 1 -3.27290945e-05
vn 3.96053401e-05 1 -8.89316107e-06
vn -0.98981142 -0.135444537 -0.0439093411
vn -0.576380253 0.0407515019 -0.81616497
vn -2.44893017e-05 -1 -0.000115977469
vn -0.000171957727 -1 -7.23797348e-05
vn -0.774651945 0.309235811 -0.551622629
vn -0.774652004 0.309235811 -0.551622629
vn 1.9548399e-05 1 -5.70455131e-06
vn -0.113929473 -0.448749155 -0.886365771
vn -0.760157168 0.252955884 -0.598476827
vn -0.349831015 -0.933485091 -0.0788901895
vn -0.000715510629 0.999875307 -0.0157746114
vn -0.00285839615 0.999490023 -0.0318039991
vn -0.00054614828 0.999894261 -0.0145315016
vn -0.654397905 -0.581886292 -0.482878417
vn -0.824861169 -0.560051501 -0.0771130696
vn -0.874598265 -0.483971596 0.029146431
vn -0.0110638328 -0.006299973 -0.999918938
vn -0.752032995 0.658339798 0.0321705826
vn 0.330389619 0.0330150649 -0.943267107
vn -0.566407084 -0.43406418 -0.700550735
vn 0.00992664788 -0.999750435 0.0200159289
vn -0.752204359 0.313051224 -0.579816818
vn -0.149104163 0.00407975912 -0.988813043
vn 0.300471574 0.749271154 0.590177596
vn 0.34855184 0.853561103 -0.387227356
vn -0.577660799 -0.804633915 -0.137376621
vn 0.402727306 0.913311183 -0.0606081523
vn 0.488366663 0.869059384 0.0789540932
vn -0.999623179 0.0272449907 -0.00334719243
vn -0.999708414 -0.0109253032 -0.0215363726
vn 0.140779853 -0.977372766 0.15787217
vn -0.288575262 0.0154444855 -0.957332611
vn -0.273671746 -0.739518464 -0.614992857
vn 0.468997657 0.867178559 -0.167458773
vn -0.48830235 -0.870826185 0.0567680039
vn 0.0133002354 0.0477523766 -0.998770654
vn -0.720350444 0.693057239 0.0276926924
vn 0.502473116 0.386014104 0.773636818
vn -0.59039247 -0.30869922 -0.745748937
vn -0.484567493 -0.344947696 -0.803868949
vn -0.454952061 -0.862504721 -0.221594542
vn -0.606739104 0.0713507384 -0.791692317
vn -0.65893805 0.0786550567 -0.748073578
vn 0.569675088 -0.576046228 0.586209178
vn 0.725735664 0.650015533 0.225361019
vn 0.607731104 0.25761354 0.751197755
vn -0.667163968 0.0472756065 -0.743409216
vn 0.575444698 0.528971434 -0.623740792
vn -0.0293086395 -0.999370396 -0.0199939702
vn -0.571677446 0.41542998 -0.707532823
vn -0.571677387 0.415430009 -0.707532823
vn -0.571677506 0.415430039 -0.707532942
vn 0.00143445958 -0.0219022576 0.999759138
vn 0.0205737464 -0.0796833336 0.99660784
vn -0.78261286 -0.602259636 0.157482117
vn 0.652707577 0.757605612 -0.0025568821
vn -0.681945682 0.0674744844 -0.728283882
vn -0.179495901 -0.424129277 -0.887634814
vn -0.530249894 0.057133399 -0.845914185
vn -0.694480598 -0.701891899 -0.158254951
vn -0.632302523 0.0650467202 -0.771986067
vn 0.744369686 0.644685507 -0.174052596
vn 0.568284631 -0.00455436995 0.822819412
vn -0.00970667507 0.00291581382 -0.999948621
vn -0.678959906 -0.671931386 -0.295840651
vn -0.678959846 -0.671931446 -0.295840651
vn -0.678959846 -0.671931386 -0.295840681
vn -0.00195790036 -0.00143754436 0.999997079
vn -0.535718501 -0.815994978 0.217158586
vn -0.481035739 -0.847833633 0.223120391
vn -0.555928349 -0.215100363 -0.802916884
vn -0.925390005 -0.375188679 -0.0537280664
vn -4.47015918e-06 -1 -3.6785475e-06
vn -1.89606467e-07 -1 -4.06440506e-07
vn -1.16772608e-05 -1 -2.06917466e-05
vn -0.865205526 -0.264828622 -0.425775945
vn -0.860736907 -0.289878517 -0.418452561
vn 8.09992707e-05 1 -8.40950306e-05
vn 0.000102632046 1 9.60998022e-06
vn -0.865205646 -0.264828384 -0.425775856
vn -1.8175946e-05 -0.999999881 -0.000341005914
vn -1.30945466e-07 -1 -1.88825013e-07
vn 0.000332799245 -0.99999994 0.000325733039
vn -2.27879082e-06 -1 -1.83927375e-06
vn 0.000505550997 -0.999999821 0.000358472083
vn -5.77250066e-05 1 2.85904207e-05
vn -3.77478609e-05 1 -3.57059325e-05
vn -0.860736907 -0.28987816 -0.418452382
vn 0.54205364 0.741413295 0.395580769
vn -0.937374115 0.348316193 0.00232659769
vn -0.963162363 0.265058339 -0.0454138406
vn -0.896202862 0.441830099 0.0400827564
vn -0.949891031 -0.311064482 -0.0307530928
vn 0.636874735 0.447111458 0.628077984
vn -0.000655704062 0.000247295509 -0.999999821
vn -0.00106525933 -0.000652864401 -0.999999166
vn -0.00099430338 -0.0014654306 -0.99999845
vn -0.999331594 -0.0184617676 -0.0315512642
vn -0.999894202 -0.0141484244 -0.0033782057
vn -0.999212563 -0.0189660713 -0.0348499082
vn -0.999907076 -0.0136304712 0
vn -6.40322178e-05 4.72138272e-05 1
vn -0.000182479242 -9.15724231e-05 1
vn -0.000193047308 -0.000236620646 1
vn 0.6596542 -0.0972335339 0.745252967
vn -5.18201523e-05 0.00115280692 -0.999999285
vn 0.5785411 0.127598941 0.805610716
vn 0.000120692537 -1 -0.000231332466
vn -0.830785632 -0.439922571 -0.340974152
vn -0.830785692 -0.439922571 -0.340974212
vn -0.830785632 -0.439922571 -0.340974182
vn -9.78433891e-05 1 8.44639362e-05
vn -9.78009193e-05 0.99999994 -1.85263762e-05
vn 0.763621449 0.62115407 0.176209882
vn -0.336545467 -0.80288434 0.492050827
vn -0.303953528 -0.765735149 0.566799819
vn 0.380129904 0.804796517 -0.455855012
vn 0.576637685 0.807442844 -0.12459968
vn -0.828933716 0.34420085 -0.440901935
vn -0.828933775 0.344200879 -0.440901965
vn 5.49856231e-05 1 -1.95457887e-05
vn -0.660867989 0.0595713146 -0.748134255
vn -0.077618815 -0.0290784743 -0.996558964
vn 0.000171170308 -0.00232930342 -0.999997318
vn -0.0478868522 -0.997664809 0.0486985072
vn -0.0475227796 -0.99776721 0.0469270907
vn -0.0452308096 -0.998335302 0.0357894041
vn -0.0448422581 -0.998418629 0.0339036286
vn 9.01365347e-05 -0.000414156792 0.999999821
vn 0.22021015 0.702092171 -0.677181005
vn -0.774672627 0.0391550139 -0.631149054
vn -0.0221221074 -0.000129336913 -0.999755204
vn -0.698577583 -0.711915076 -0.0718762353
vn 0.467764318 0.811721027 0.349722058
vn -0.758536637 -0.651515722 0.012227932
vn -0.917967379 -0.38310656 0.10278748
vn 0.766388416 0.635764062 -0.0919389352
vn 0.712771595 0.509453297 0.482093334
vn 0.787149489 0.597808361 -0.151726499
vn 0.730711222 0.681067348 0.0469940044
vn -0.701839328 -0.442135662 -0.55851382
vn 0.671044827 -0.0554775037 0.739338279
vn 0.516614556 0.319577545 -0.79434222
vn -0.759899378 0.0429604612 -0.648619592
vn 0.312695086 0.129310027 0.941010475
vn -0.00289210444 0.999557137 -0.0296161696
vn -0.00294397236 0.99951905 -0.0308700856
vn -0.669504881 -0.73783958 0.0857663378
vn 0.913126767 0.386684507 -0.129129812
vn -0.895902753 -0.443163037 -0.0310596321
vn -0.978565097 -0.204549715 -0.0238674432
vn -0.987757444 -0.132086158 -0.0829973221
vn -0.473400116 -0.810449004 -0.345057875
vn -8.00688358e-05 -0.99999994 0.000102752871
vn 0.83303082 0.543636203 0.10256353
vn 0.874113441 0.465097547 0.140035495
vn -0.923128724 -0.380476534 0.055416923
vn -0.994221568 -0.0192859955 -0.105601199
vn -0.920570076 -0.389201105 -0.0327591859
vn 0.412452668 0.403087288 0.816947639
vn 0.412452668 0.403087348 0.816947639
vn 0.412452668 0.403087318 0.816947579
vn -0.645557344 -0.138242558 -0.751095712
vn -0.563147962 -0.0822217315 -0.822255433
vn -0.990460038 0.128782287 0.0490302928
vn -0.791275263 0.0496793278 -0.609438419
vn -0.805991948 0.055257313 -0.58934176
vn -2.20785696e-05 -1 4.19274838e-05
vn -0.970250845 0.151898697 -0.188520461
vn -0.994686365 -0.0916327536 -0.0469302349
vn -0.947374642 0.224260688 -0.228448138
vn 0.00019216472 1 3.76535427e-05
vn -0.968432128 0.158647507 -0.192276672
vn -0.996504903 -0.0558409691 -0.0621266663
vn -2.5709789e-05 1 -6.37863559e-05
vn 0.00610159617 -0.000189914877 -0.999981344
vn -0.890528262 0.450652719 -0.0622196533
vn -0.00908432622 0.002792869 0.99995482
vn -0.951579273 0.302604586 0.0541059449
vn -0.562454283 0.0211882461 -0.826556861
vn -0.216808185 -0.661554098 -0.717872083
vn -0.0016431961 -0.000932351686 0.999998212
vn -0.769995213 -0.465775371 -0.436074287
vn -7.47255535e-06 -1 3.5457073e-05
vn 5.16625078e-05 -1 4.37499548e-05
vn -4.91806063e-08 -1 6.26249914e-07
vn -3.88344306e-05 -1 -2.81522553e-05
vn -0.949198306 0.264602631 -0.170317531
vn -0.999039054 -0.0362943187 -0.0245681293
vn -0.922851086 0.32867986 -0.200787038
vn -0.000204308351 1 -4.38293791e-05
vn -6.38880083e-05 1 -0.000188737366
vn 0.971525431 0.227197826 -0.0672260746
vn -0.654723883 0.0149335666 -0.755720615
vn 0.771135926 -0.051770512 0.634562254
vn -0.736481905 -0.675942659 0.0263779815
vn 0.544909179 0.795798898 -0.264155626
vn 0.825427473 0.564468265 -0.00671728933
vn -0.000722775876 -0.988044798 0.154165491
vn 0.0003339182 -0.914977491 0.403504729
vn -0.0153870881 -0.998126566 -0.0592168048
vn -0.00645612832 -0.973207593 -0.229837388
vn -0.0187190175 -0.783526361 -0.621076643
vn -1 4.38749412e-05 0.000121142963
vn -1 0.000247439079 0.000131587003
vn -1 -6.28387133e-05 0.000216546163
vn -1 6.75833326e-06 4.23836827e-05
vn 0.0287942719 -0.811812043 -0.583208323
vn -0.99999994 0.000304690824 -1.01123069e-05
vn 0.0074911546 -0.81079042 0.585288644
vn 0.0102871517 -0.798318207 0.602147996
vn -1 -2.25969925e-05 6.67230197e-05
vn 0.0268050004 -0.760529935 -0.648749352
vn -0.0225496646 -0.501622915 -0.864792407
vn -1 0.000251169055 -8.48504715e-06
vn 0.00736749545 -0.804874957 0.593398631
vn 0.00189610792 0.999996543 0.00181819836
vn 0.0560494475 0.996985734 0.0536469556
vn -0.00189601874 0.999996543 -0.00181114767
vn -0.0560493842 0.996986032 -0.0536399484
vn -0.00665458804 0.114369407 -0.993416011
vn 0.0143049853 0.0284503475 -0.999492824
vn -0.00191999215 0.0950209051 -0.995473444
vn 0.0182663463 0.0121344812 -0.999759436
vn -1 2.59242515e-05 -7.44667486e-05
vn 0.021896949 -0.00494743278 0.999747992
vn 0.00143491256 -0.088638097 0.996062875
vn -0.00527971564 -0.115948223 0.993241251
vn -1 -3.72701743e-06 1.59408592e-05
vn -1 -4.16528965e-05 1.41192049e-06
vn -1 2.92550141e-07 -6.62753373e-05
vn -0.000554756087 -0.000473932887 0.999999702
vn 0.000591875112 0.000519402442 0.999999642
vn -0.0100352354 -0.00868694857 0.999912024
vn -0.0100725126 0.00873230118 -0.999911129
vn -0.000592136581 0.000519424852 -0.999999702
vn 0.000554551487 -0.000473953958 -0.999999762
vn 0.0100347521 -0.00868667942 -0.999912024
vn 0.0100725312 0.0087325694 0.999911189
vn -1 -6.42082068e-06 -4.13525522e-05
vn -1 1.30266308e-05 5.89665524e-06
vn 0.0210349001 0.819533288 0.572645307
vn -0.029085001 0.888295889 0.458349884
vn -0.0403366536 0.583346426 0.811221242
vn 0.027123088 0.0165410358 0.999495208
vn -0.00189874449 -0.999996543 0.00182069733
vn 0.0018986573 -0.999996483 -0.00181364652
vn 0.056076806 -0.996983111 -0.0536654145
vn -0.056076888 -0.996982694 0.0536724404
vn 0.00893094763 0.804738462 -0.593562245
vn 0.00917654485 0.797623038 -0.603086472
vn 0.0103969732 0.794907629 -0.606641412
vn -0.00673666596 0.945984066 -0.324143082
vn -0.0130875651 0.989920557 -0.141017348
vn 0.0314068459 0.866139948 0.498813719
vn -0.00849759299 0.992980182 0.117975011
vn -0.020641882 -0.187012106 -0.98214072
vn -0.734828651 -0.677963495 -0.0198067911
vn 0.603939354 0.770368636 0.204424128
vn 0.731171787 -0.00916766562 0.682131827
vn -0.235982344 -0.970706522 -0.0451800227
vn -0.0209142957 -0.999758124 -0.00679527596
vn -0.343892783 -0.937009156 -0.0612499714
vn -0.00291404151 -0.99998045 -0.00554646365
vn -0.959102988 0.132649302 0.25005132
vn -0.960442722 0.19388862 0.199892923
vn -0.939396024 0.334349185 0.0758000836
vn -0.921603858 0.38730529 0.0253171828
vn 0.00149532082 -0.0112609537 -0.999935389
vn 0.00149532093 -0.0112609537 -0.999935448
vn 0.00149532105 -0.0112609537 -0.999935508
vn -0.207791746 0.977910519 -0.0226597711
vn -0.130919889 0.986801326 -0.0953047276
vn -0.180117294 0.980796933 -0.0748000219
vn -0.00651622564 0.999978781 -0.000116208234
vn -9.39030069e-05 1 2.06002042e-05
vn 1.28167567e-05 0.99999994 2.1216043e-05
vn -0.848866522 -0.465234816 -0.250962496
vn -0.848866582 -0.465234846 -0.250962496
vn -0.848866522 -0.465234846 -0.250962496
vn 3.8735081e-05 1 3.68502224e-05
vn 3.24839457e-05 1 2.76296851e-05
vn -0.000235874468 -1 -7.15602291e-05
vn -0.00101369387 -0.999998987 -0.00102324947
vn -0.00923652388 0.016303068 -0.999824345
vn 0.133930936 -0.236396819 -0.962382019
vn 0.0586004145 -0.103433549 -0.992908537
vn 0.201009765 -0.354795337 -0.913080156
vn -0.990151405 -0.139891803 0.0055180979
vn -0.989934862 -0.141418874 0.00542367809
vn -0.00061507494 0.999999821 -6.41118022e-05
vn -4.05211867e-05 0.999997854 -0.0020708337
vn -0.000340853556 1 -0.00013381998
vn 2.08134461e-05 1 -7.02068428e-06
vn -0.000409463799 0.99999994 0.000262247922
vn 1.46252696e-05 1 -9.28723148e-06
vn -5.96360815e-06 1 -1.12501073e-06
vn -6.42125888e-05 -0.999999881 0.00028480569
vn 0.000286645693 -0.99999994 0.000215760883
vn -8.74227126e-08 -0.999999285 0.0012287373
vn -0.999971211 -0.00758295972 -0.000210355051
vn -0.999997973 -0.00198738417 9.9094279e-05
vn -8.12446331e-07 1.86106172e-06 -1
vn -2.235425e-07 5.12066208e-07 -1
vn -5.99821249e-07 1.37400366e-06 -1
vn 0.000298610452 -0.999999881 0.000318405975
vn -1.32378977e-06 -1 -2.60261004e-06
vn -0.000930574606 -0.999999583 -8.93426331e-05
vn 8.68259012e-05 0.999999821 0.000614602061
vn -1.53546125e-06 0.999996901 0.00245944667
vn 0.000509383972 0.999999821 0.000258083863
vn 6.1019171e-05 1 0.000149435306
vn -2.2846566e-06 1 3.33755281e-07
vn 1.6147018e-05 1 -8.45237446e-06
vn 0.00014049829 1 -6.91173846e-05
vn 0.000594226061 0.999999702 -0.000320349558
vn -0.999941289 -0.0106226811 -0.00212590001
vn -1 -6.28895214e-05 4.5276629e-06
vn -1 8.74227766e-08 0
vn -8.74227624e-08 -0.999999821 0.000546623545
vn 6.62660459e-05 -1 0.000259156048
vn 3.16076221e-05 -1 6.8765512e-06
vn 0.000137659154 -0.99999994 -0.00026216064
vn 4.12645859e-05 1 -2.81162211e-05
vn 2.07777994e-05 1 2.51634137e-05
vn -2.06779696e-05 1 -2.47735661e-05
vn 9.40092723e-05 1 -6.24274253e-06
vn 1.83389056e-05 1 -4.29008905e-05
vn 3.36653611e-05 1 -8.31368234e-05
vn -8.74227766e-08 -1 0.0001750917
vn 9.83083828e-06 -1 0.0001207409
vn 0.00617732061 -0.999947369 -0.00819509663
vn 0.00442725327 -0.999945104 -0.00950278528
vn 0.00805793609 -0.999841392 -0.0158829801
vn -0.99918884 0.0362820178 -0.0174709782
vn -1 8.74227766e-08 -0.000181209383
vn -0.999891996 0.0131930737 -0.00646822061
vn -0.998723209 0.045532763 -0.0218792763
vn -1.89804432e-05 0.99999994 -0.000411471498
vn 8.74227553e-08 0.999999762 -0.000518471003
vn -0.00014759948 0.99999994 0.00023538289
vn -0.000710934401 0.999999404 -0.000838382402
vn -0.000210510494 0.99999994 0.000248455093
vn -4.21207769e-05 -1 -2.17684119e-05
vn -3.80323836e-05 1 -4.35686234e-05
vn -0.567125618 -0.797042191 0.207586735
vn 0.15513128 0.646783888 -0.746729434
vn -0.000210725411 -1 -8.83597568e-06
vn 0.0655497462 0.0220493693 -0.997605681
vn -0.917652369 -0.390326858 0.0745595023
vn -0.858491421 -0.465720952 0.214701027
vn -0.860355735 -0.468861043 0.199893594
vn -0.968916714 -0.242859572 -0.0471133925
vn -0.000260981935 -0.000412890862 0.999999821
vn 0.734677017 0.678372502 0.0077684857
vn -0.564876437 -0.791083395 -0.234737918
vn 0.874314368 0.485053092 0.017265154
vn -0.767088532 -0.321656197 -0.555078864
vn 0.485388786 0.50825727 0.711387575
vn 0.784186065 0.3662045 0.500945807
vn -0.300719976 -0.790324509 -0.53381145
vn 0.779136717 -0.161327705 0.60573864
vn -0.375887007 0.0407639146 -0.925768435
vn -0.275280833 0.00758540444 -0.96133399
vn -0.299395382 0.015444126 -0.954004169
vn -0.396653533 0.0477461256 -0.916725814
vn -0.116246454 0.877884686 -0.464548379
vn -0.128462538 0.854774952 -0.502849102
vn -0.107126355 0.844455659 -0.524803579
vn 0.335082322 0.910065651 0.243927002
vn 0.335082322 0.910065711 0.243927017
vn 0.335082322 0.910065711 0.243927002
vn -0.182510227 -0.0388464816 0.982436299
vn -0.112598024 -0.0116659133 0.993572116
vn -0.213149562 -0.0508174896 0.9756971
vn -0.00158490054 -0.999997437 -0.00159989041
vn -0.000484420132 -0.999999881 0.000134609145
vn -0.0809472129 0.000579165702 0.996718168
vn 0.272628129 -0.939976394 0.20522745
vn -0.769361198 -0.176603645 -0.613917291
vn -0.834082127 -0.274421781 -0.47853899
vn -0.771645367 -0.135449827 -0.621463418
vn -0.826611519 -0.280007899 -0.488168865
vn 0.774306357 0.0916251764 0.626142681
vn -0.104214147 -0.443729341 -0.89008075
vn -0.814858735 0.00999228004 -0.579573452
vn -0.00182488083 0.999992549 -0.00340881338
vn -0.00278041605 0.999979079 -0.0058291778
vn -0.821825922 0.0588793047 -0.566688061
vn -0.37057218 -0.83223635 0.412381947
vn 1 5.02329658e-06 -0.000121716694
vn 1 4.49697873e-05 4.33278547e-05
vn 0.99999994 -1.07312062e-05 -8.82557433e-05
vn 0.00645713415 0.999492824 0.0311832074
vn -0.0048519196 0.999187529 -0.040011473
vn 0.00799608324 0.999132276 0.0408752747
vn 1 5.31332407e-05 0.000160615469
vn -0.00629964098 0.998772919 -0.0491218567
vn 1 3.66717791e-06 -0.000181063268
vn -0.0111417966 0.40214929 0.915506303
vn -0.0013867761 0.441436917 0.897291243
vn 0.00066756038 0.449598372 0.893230677
vn 0.999999881 3.23674503e-05 0.000282014982
vn 0.00939966273 0.494726151 -0.86899817
vn 0.0191208199 0.533720255 -0.845444918
vn 0.00803539995 0.489174426 -0.872148931
vn -0.0130544556 0.39434278 0.918870628
vn 0.0209717341 0.541032076 -0.840740502
vn 1 -1.27445774e-05 -0.000148647479
vn 1 4.54888359e-05 0.000254491926
vn -0.0240308698 -0.286183745 -0.957873404
vn 0.99999994 -5.96094033e-05 2.27766941e-05
vn 0.00216827658 -0.824553132 0.565780342
vn 0.010943477 -0.801130712 0.598389387
vn 0.0125768837 -0.796615779 0.604354978
vn 0.0305563863 -0.805539787 -0.591753423
vn 0.00158607145 -0.905096114 -0.425204128
vn 0.0341219082 -0.790804386 -0.611117065
vn 0.000405575498 -0.829089046 0.559116483
vn -0.00380185223 -0.919757724 -0.392468065
vn 0.525669575 -0.750024378 0.401416302
vn -0.123702668 -0.582380056 -0.803449571
vn -0.183111325 -0.704590201 -0.685582221
vn 0.00194437907 -0.999973714 -0.00698697893
vn 0.639237821 0.746805608 -0.183457032
vn -0.608217359 -0.654838026 0.448618799
vn -0.608217299 -0.654838026 0.44861877
vn -0.608217299 -0.654838026 0.448618799
vn -0.849128664 -0.0825130492 0.521701097
vn -0.849128664 -0.0825130567 0.521701097
vn -0.849128664 -0.0825130567 0.521701157
vn -0.818175435 -0.0431735329 -0.573345304
vn -0.787175 -0.203669697 -0.582129002
vn 0.246257946 0.746313095 -0.618363857
vn 0.000325115427 -0.99999994 0.000112483889
vn 0.000384236861 -0.99999994 5.7218429e-05
vn -0.204175547 -0.69372499 0.690693855
vn -0.136854485 -0.595104158 0.79191035
vn 0.361731499 0.813223779 0.455869704
vn 0.818937361 -0.055705525 0.571172833
vn -0.846431613 -0.517851532 0.124028727
vn -0.846431673 -0.517851591 0.12402875
vn -0.846431673 -0.517851532 0.124028735
vn -0.888973534 0.445362896 -0.106667213
vn -0.888973534 0.445362896 -0.106667221
vn -0.888973534 0.445362926 -0.106667221
vn -3.34587749e-05 1 3.02502849e-06
vn -2.47769203e-05 1 1.20979803e-05
vn 6.10752068e-06 1 4.61339914e-05
vn -0.597589076 -0.795214653 0.102570951
vn -0.760757923 0.041092746 -0.647733569
vn -0.591853857 -0.795235097 -0.131568372
vn 0.360831141 0.813320339 -0.456410915
vn -0.168049842 0.861478627 -0.479180425
vn -0.204917684 0.839931965 -0.502516747
vn 0.986768067 -0.15869619 -0.0332323685
vn 0.986768067 -0.15869619 -0.0332323648
vn 0.00449494459 0.00201408518 -0.9999879
vn 0.00126982946 0.0154332966 -0.999880075
vn 0.000562266214 0.00781453121 -0.999969363
vn 0.00090050482 0.0150856841 -0.999885857
vn 0.00251473277 -0.0140649434 -0.999897897
vn -0.000147245693 -0.000580766995 -0.999999762
vn -0.487688422 -0.870741785 -0.0629980564
vn -0.827572525 0.0605055429 -0.558088601
vn 0.825598955 0.236819789 0.512154877
vn -0.830912828 0.072681129 -0.551635265
vn 0.00235720933 0.999996006 0.00156606978
vn 0.112702727 -0.000621953863 -0.993628561
vn 0.0819210559 -0.00253272848 -0.996635556
vn -0.0234430227 0.0045997696 -0.999714673
vn -0.147434086 0.0336987153 -0.988497615
vn 8.74227766e-08 1 0.000108233377
vn -0.114412159 0.0295644403 0.992993355
vn -0.0212262385 0.00548492325 0.999759734
vn -0.130720973 0.0337786898 0.990843594
vn 0.000235753832 -0.99999845 -0.00174790411
vn -0.994838178 -0.101473942 0
vn -0.997862339 -0.031538751 -0.0572358668
vn -0.998684406 -0.0305090789 -0.0412145443
vn -0.998765707 0.0163538288 -0.0469021015
vn -1 4.84891007e-06 -1.3655821e-05
vn 0.204712689 -0.0177879166 -0.978660464
vn -0.014287482 0.0111831222 -0.999835372
vn -0.0231888089 -0.126495913 0.991696119
vn -0.0231888071 -0.126495928 0.99169606
vn -0.0231888089 -0.126495928 0.991696119
vn 0.507388711 0.848378956 0.151029021
vn 0.00241177226 0.999995947 0.00147296721
vn 0.853383422 -0.22836031 -0.468602568
vn 0.853383422 -0.22836028 -0.468602479
vn 0.853383482 -0.22836034 -0.468602538
vn 0.46966809 -0.016671082 -0.882685661
vn 0.534266233 0.000572764024 -0.845316172
vn 0.557301164 0.00488629052 -0.83029604
vn 0.481919825 0.00223563798 -0.876212418
vn 0.84595114 -0.0302218087 0.53240335
vn -0.890911281 0.0182135236 -0.453812003
vn 0.477589071 0.813952744 -0.330740899
vn 0.497923374 -0.807683051 -0.315785527
vn 0.0505594686 -0.997777343 -0.0434035026
vn 0.258749485 -0.942995846 -0.209302783
vn 0.0352759399 -0.999134243 -0.0220500026
vn -0.119254082 0.00500351889 -0.992851198
vn 0.0415378772 0.00509940507 -0.999123931
vn -0.105959706 0.0215126108 -0.994137645
vn -0.236682251 -0.00917898584 0.971543729
vn -0.101846084 0.00468900148 0.994789124
vn -0.252361566 -0.0108106071 0.967572629
vn -0.0031709664 0.999993682 0.00156882033
vn 0.0563585199 -0.00405369885 -0.998402357
vn -1.06213896e-07 -1 -1.0022125e-05
vn -0.0926353037 0.00562595716 0.995684147
vn -0.868949354 0.0655098557 -0.490546167
vn -0.854708552 -0.269047111 -0.443944722
vn 0.511430502 0.852647901 -0.106911957
vn 0.975162446 -0.0731067434 0.209078386
vn 0.975162387 -0.0731067434 0.209078372
vn 0.975162327 -0.0731067359 0.209078357
vn 0.826270282 0.403535038 -0.392984688
vn 0.826270342 0.403535038 -0.392984718
vn 0.826270223 0.403534979 -0.392984658
vn -0.491883039 -0.86751914 0.0739018247
vn 0.23541002 -0.00796307251 -0.971863508
vn -0.00496248296 0.00168142281 0.999986231
vn 0.503436208 -0.83625406 0.217327252
vn -0.973948002 0.0656882972 -0.217049181
vn -0.998935878 0.0368637443 0.0277179386
vn -0.997645795 0.0329012983 0.0601699129
vn 0.760138273 -0.361252844 -0.540079892
vn -0.000274561491 -0.000398504286 0.99999994
vn -0.374620348 -0.853992879 -0.361048043
vn -0.270362794 -0.800188482 0.535352647
vn -0.85658437 0.0546105914 -0.513109088
vn 0.941522837 0.335526794 -0.0309274141
vn 0.550596714 0.223276615 -0.804357409
vn -0.994398475 0.0750868171 0.0743875727
vn 0.0102954097 -0.000737394323 -0.999946654
vn -0.00361458329 5.15725842e-05 -0.999993503
vn -0.901017964 0.00774605619 -0.433712602
vn -0.926295102 0.00676423963 0.376738101
vn -0.896399558 0.0551356897 0.439804405
vn -0.883855224 0.0286458489 0.466882616
vn -0.924360812 -0.00404745294 0.381498009
vn -0.000426049082 6.45003238e-05 -0.999999881
vn -0.70992744 -0.704221606 -0.00865472108
vn -0.687447488 -0.724185169 -0.0545132533
vn -0.699944258 -0.713585317 -0.0295638181
vn -0.722477794 -0.691131055 0.0190708768
vn -0.00718254829 0.000251912279 0.999974191
vn -0.877225995 0.00178123498 0.480074316
vn -0.937330008 -0.00194450736 0.348437488
vn -0.880445004 -0.00480068848 0.474123895
vn -0.94249779 -0.0108413566 0.33403644
vn -5.23731542e-05 -1 7.35183057e-05
vn 0.809676051 -0.333378136 0.482994646
vn -0.929610848 0.0171406157 -0.368143737
vn -0.395407617 -0.906893432 -0.145591885
vn 0.996762633 -0.0803999826 0
vn 0.992088079 0.0135826841 -0.124806412
vn 0.982545137 0.0542107522 -0.177950367
vn 0.944595814 0.144754395 -0.294592857
vn -0.35959816 -0.911804378 0.198247179
vn 0.00357762515 0.0145039475 -0.999888361
vn -0.959761441 0.00713154394 0.280725747
vn -0.930013835 0.0261171125 0.366595447
vn -0.914357126 0.0575245097 0.400801659
vn -0.888594627 -0.0781966448 -0.451978862
vn 0.877066374 -0.048973877 0.477866322
vn 0.973458827 -0.0148673728 0.228378922
vn 0.595683277 0.64233321 0.482254535
vn 0.538380265 0.728786469 0.423103899
vn -0.928532839 0.0318412334 -0.369882226
vn -0.930274189 0.0229124036 -0.366148919
vn 0.0276315287 0.00186234468 -0.999616504
vn -0.998517811 0.0543412007 0.00305558788
vn -0.00493948394 0.00197453867 0.999985814
vn -0.999953806 0.00906345248 -0.00319638546
vn 0.901516438 -0.0293598175 0.431747794
vn -0.000457998191 -0.999999881 2.06567547e-05
vn -0.958611906 -0.0100722266 0.284537464
vn -0.883398235 0.0678197816 -0.463689595
vn 0.859210908 -0.227336764 -0.458339065
vn 0.876826942 -0.0232040994 -0.480245978
vn 0.917844653 -0.0143614858 -0.396679848
vn 0.21093151 -0.976083636 0.0526185036
vn 0.0525801331 -0.998610139 0.00359013863
vn -0.907775402 -0.289238393 -0.303784102
vn -0.969157457 -0.156483576 -0.190385491
vn 0.88311255 0.0647727624 0.464668483
vn -0.902981043 0.0564532466 -0.425955504
vn -0.9383955 0.0562245101 -0.340958357
vn -0.947535515 0.0329144448 -0.317951441
vn -0.97590667 0.0151782371 0.217659518
vn -0.964758158 0.047348015 0.258843333
vn -0.952296555 0.0453508347 0.301785499
vn -0.967423737 0.0569139272 0.246682093
vn -0.906332731 0.00270092208 -0.422556102
vn 0.601085424 0.135273278 -0.787653148
vn -0.885744691 0.0699868128 -0.458866268
vn -0.00282343291 2.46832332e-10 -0.999996066
vn -0.00936765969 0.00383291743 -0.99994874
vn -0.0152698187 0.00728986086 -0.99985683
vn -0.0216032024 0.0109994635 -0.999706149
vn -0.00344573776 -0.00202161493 0.999992013
vn -0.00668844301 -0.00392250344 0.9999699
vn 2.91272659e-06 -2.5463865e-13 1
vn -2.42732694e-05 0.99999994 0.000101172118
vn -0.000676897471 -0.999999821 -6.96002026e-05
vn -0.0100979479 -0.00592117058 0.999931395
vn -0.000248187018 0.000104557432 -0.99999994
vn -0.000360328646 4.52548156e-05 -0.99999994
vn -0.000445905811 3.89823243e-11 -0.99999994
vn -0.99999994 8.74227695e-08 0
vn 8.74227695e-08 0.99999994 -0.000427897845
vn 3.32123818e-06 -1 7.12881672e-07
vn -0.000159492076 0.000151460947 -0.99999994
vn -8.74227766e-08 -1 -7.36337142e-07
vn -1 4.85553664e-06 6.39702048e-05
vn -1 8.74227766e-08 7.9250538e-05
vn -1 2.00551058e-05 1.52602679e-05
vn -1 2.48169581e-05 0
vn -0.0129796136 -0.0132708279 -0.999827623
vn -0.0131824529 -0.0134781497 -0.999822259
vn 4.3721534e-06 -3.82225799e-13 -1
vn -0.00387171493 -5.66274457e-06 0.99999249
vn -0.00789685268 0.00406701351 0.999960601
vn -0.00397792179 0.000101796832 0.999992132
vn -3.42958023e-10 -0.00392298261 0.999992311
vn 8.74227695e-08 0.999999881 0.000365985296
vn -0.0264012404 -0.0269889645 -0.999287009
vn -0.000883534434 -0.0132254651 -0.999912083
vn -0.0078390548 0.0188156627 -0.999792218
vn -0.00195822236 -0.00827604998 -0.99996388
vn -0.00893280283 0.0238557868 -0.999675572
vn -1 -4.31282897e-05 -4.80948911e-05
vn -1 -7.14200432e-05 -2.91423476e-05
vn -1 8.74227766e-08 -7.70449333e-05
vn -4.72616739e-06 0.000130992077 1
vn -2.90500266e-05 2.11314236e-05 1
vn -3.37286583e-05 2.94865304e-12 0.99999994
vn -1 -0.000114922826 0
vn 0.000144448117 -1 6.98899603e-05
vn -0.000207474266 -1 -0.000160379932
vn 1.33178321e-11 0.000152338238 1
vn -0.00176303845 0.00121126976 -0.999997735
vn -0.00340201217 0.0028275568 -0.999990225
vn -0.00193848391 0.00134176342 -0.999997258
vn -0.99851501 -0.0471558869 0.0272798836
vn -0.998141289 -0.0499226898 0.0349537097
vn -0.999165773 -0.0400980264 0.00773578789
vn -0.999304056 -0.0372999869 0
vn -0.00941230543 -0.00307979062 0.999951005
vn -0.00700916303 -0.000261623733 0.999975383
vn -0.0114579769 -0.00347303832 0.999928296
vn 0.871318519 -0.0314835124 -0.489706904
vn 0.00108389021 0.000386140746 0.999999285
vn 0.392140627 0.873456001 0.288617909
vn -0.270567954 -0.863030851 -0.426580489
vn 0.974884331 -0.0749453679 -0.209722668
vn 0.974581897 -0.0734485462 -0.211649463
vn 0.974453211 -0.0728206858 -0.212457091
vn 0.974143922 -0.0713306814 -0.214372486
vn -0.00371729909 5.74127625e-05 -0.999993086
vn 0.972953975 0.0848714113 0.214842856
vn 0.999100208 -0.0252950639 -0.0340430029
vn -0.904700398 -0.33229205 0.26664409
vn -0.904670358 -0.136351541 0.403707534
vn -0.891635656 -0.0692926869 0.447419584
vn 0.896562755 -0.107052602 0.429784954
vn 0.490322948 0.82452929 -0.282373518
vn 0.181735739 -0.00571237085 -0.983330786
vn 0.999125898 -0.0417786762 -0.00142075075
vn 0.999125838 -0.0417786762 -0.00142075086
vn 0.999125838 -0.0417786762 -0.00142075063
vn 0.668999672 0.741272509 0.0543551818
vn 0.177528515 -0.00490534538 -0.984103441
vn -0.994067788 0.0751532316 0.0786212385
vn 0.987748325 -0.0469545238 -0.148823977
vn 0.0837794691 -0.995909572 -0.0338390917
vn -0.968686223 0.0528084747 0.242607072
vn 0.98773253 0.153128505 -0.0305945259
vn 0.552792668 0.816282749 -0.167638674
vn 0.986477196 0.162037373 -0.0246321093
vn 0.492246091 0.869714379 -0.0359262973
vn -0.334926844 -0.884976983 0.323480546
vn -0.340354592 -0.916385472 -0.210704595
vn 0.954033554 -0.00151640584 0.299696028
vn 0.246988446 0.819679737 -0.516838372
vn 0.720039308 -0.624463618 -0.302636147
vn 0.820622206 0.0324274264 -0.570550323
vn -0.33752957 -0.937470973 -0.0849822611
vn -0.340430528 -0.930850327 0.132757753
vn -0.981249511 -0.0118577927 0.192377031
vn 0.00738293631 0.999952018 -0.00642856117
vn 0.00533309625 0.999974847 -0.0046772128
vn 0.00372836227 0.999987662 -0.00330615416
vn 0.0010839313 0.999998868 -0.00104679435
vn 0.902461946 0.0521296263 0.427603722
vn 0.952827811 -0.0275685005 0.302256852
vn -0.970273137 0.0370726883 -0.239156514
vn 0.582733333 -0.800896704 -0.137790799
vn 0.933722973 -0.115067974 0.338999748
vn -0.974341214 -0.00586354733 -0.224999651
vn -0.965916455 -0.0108309677 -0.258627295
vn 0.993367434 0.0303696878 -0.110899732
vn -0.978028357 -0.0141074713 -0.207993835
vn 0.593565702 0.462316066 -0.658744037
vn 0.838000059 0.446721613 -0.313361913
vn 0.596179962 0.461927593 -0.65665251
vn 0.707864404 0.451897323 -0.542878151
vn -0.986017883 -0.00588987907 -0.16653569
vn -0.985564411 -0.00590032805 -0.169198021
vn -0.984594166 0.0166048184 -0.174065277
vn -0.981903911 0.00426930841 -0.18933174
vn 0.934626698 -0.194047198 -0.298024654
vn 0.961420238 -0.00668891333 0.27500245
vn -0.980953217 -0.0180097893 0.193407327
vn -0.983811617 -0.0239279587 0.177601501
vn -0.987169683 -0.0885679424 -0.132859841
vn -0.986414194 -0.0270822216 0.162029251
vn 0.0526984893 -0.998579383 -0.00787730794
vn 0.949886203 -0.165261775 0.265339106
vn 0.973255932 0.208571196 -0.0962850377
vn -0.751449049 -0.622748017 0.217966273
vn -0.80181092 -0.555395424 0.220533922
vn -0.985015929 -0.00444534002 -0.172406092
vn 0.858174503 0.440725833 -0.263243914
vn -0.990632594 0.0014805767 0.136545673
vn 0.961906195 0.273365259 -0.00277737319
vn -0.99106586 -0.0172674619 0.132251039
vn -0.993894815 -0.00542074116 0.110198207
vn -0.996448159 -0.0103182765 -0.083573468
vn 0.715177357 -0.685682416 0.135502785
vn -0.995813966 -0.0309221409 0.0860129073
vn -0.980523705 -0.0171219893 0.195652962
vn -0.997100413 -0.0284393504 -0.0705823973
vn -0.994738162 -0.0228650123 0.0998665541
vn -0.994278908 -0.0343230739 0.101150364
vn -0.996957302 -0.027949987 0.0727654994
vn 0.560727715 -0.826878607 -0.043085359
vn -0.574212492 0.650151908 0.497576654
vn -0.574212492 0.650151968 0.497576654
vn -0.574212432 0.650151908 0.497576594
vn 0.968932867 0.240887702 -0.0560541786
vn -0.981844544 -0.0287838448 0.18749015
vn -0.997532785 -0.0394294821 -0.0580829903
vn -0.990561366 -0.0111328997 -0.136617482
vn -0.9989627 -0.00387417269 0.0453710333
vn -0.998521209 -0.022591101 -0.0494472794
vn -0.998206198 -0.0364438184 -0.0475005172
vn -0.99729383 -0.00854498707 -0.0730204135
vn -0.996870577 -0.0222783033 0.0758470818
vn -0.997420669 -0.0171195269 0.0697065443
vn -0.995018601 -0.0184079465 0.0979762301
vn -0.995853782 -0.0243043751 0.0876615569
vn -0.598060727 -0.800089478 0.046692986
vn -0.598060727 -0.800089478 0.0466929823
vn -0.598060668 -0.800089419 0.0466929786
vn -0.988167584 0.147999123 -0.0402618796
vn -0.988167584 0.147999108 -0.0402618758
vn -0.998190701 -0.00671941647 -0.0597506911
vn -0.997184515 -0.023130279 -0.0713300705
vn -0.995868385 -0.0195278004 -0.0886826888
vn 0.0947219953 -0.995434582 0.0117342863
vn -0.996031225 -0.0213061888 -0.0864164457
vn 0.962475657 -0.223013341 -0.154614806
vn -0.993686259 0.00983048789 -0.111763656
vn 0.936656296 0.350029498 -0.0124211675
vn 0.994793653 0.022506319 -0.0993926674
vn 0.995604038 0.0118249087 0.0929125994
vn 0.999298453 0.0338139907 -0.0160999894
vn 0.986840785 -0.102814794 0.1247973
vn 0.999320686 0.019925775 0.0310011227
vn 0.999510109 0.0282829646 0.0133994929
vn 0.978870273 -0.198508054 -0.0490671769
vn 0.964939177 -0.258900702 0.0431601703
vn 0.998593271 -0.052902922 0.00359650934
vn 0.99958092 0.012914014 -0.0259059593
vn 0.00399666652 -0.999979198 0.00506311143
vn 0.00529133808 -0.999976456 0.00436153077
vn 0.00994547084 -0.999925911 0.00701389695
vn -0.266280949 0.776315272 0.571339726
vn -0.423798978 0.691515744 0.584978878
vn -0.924119294 0.336032838 0.181893647
vn -0.612860978 0.00913978834 0.790138006
vn -0.93683517 0.137079969 0.321790338
vn -0.98584801 0.0020446945 0.167628646
vn -0.999816298 -0.00547031034 -0.0183702409
vn -0.982177913 0.0746610984 -0.172488615
vn -0.981098652 0.149909094 0.122364007
vn -0.745696008 0.0484004132 0.664525986
vn -0.965359151 -0.0682637468 -0.251836509
vn -0.408477694 0.0776027218 0.909463465
vn -0.393748611 0.572050393 0.71952796
vn -0.932376981 -0.0676288232 -0.355104983
vn -0.946961641 0.0426957272 -0.31849727
vn 0.00762468344 -0.999932468 0.00876270793
vn -0.942585766 0.310626298 -0.122652575
vn 0.0677298978 -0.997104228 0.0345783867
vn 0.0775489807 -0.996239126 0.038649518
vn -0.707080841 0.309962988 0.635578275
vn -0.857595623 0.231871188 0.459091991
vn -0.254749268 0.11933329 0.959615767
vn -0.206584007 0.388610601 0.897944808
vn -0.918389618 0.246195421 -0.309755385
vn 0.00572094368 0.00433359062 0.999974191
vn 0.0139727546 -0.999363959 0.0328068435
vn 0.116623163 0.604926825 0.787694573
vn -0.857385874 0.36156106 0.366282552
vn -0.844101012 -0.0734993666 -0.531122625
vn -0.0146729173 -0.0392698608 0.999120891
vn -0.107740231 -0.0873855874 0.990331173
vn -0.0627508014 -0.0668005943 0.995791197
vn 0.0801563486 -0.00341914548 0.996776462
vn 0.0122354412 0.00725939823 0.999898791
vn -0.843726397 0.185131922 -0.503837168
vn -0.859023094 0.00684206095 -0.511891186
vn 0.0432256274 0.202585071 0.978310227
vn 0.96640408 0.0569329932 0.250642627
vn 0.974078059 -0.0645126626 0.216818392
vn 0.98497349 -0.0922304839 0.146016449
vn 2.5213214e-05 -0.00139870937 -0.999999106
vn -0.0464404859 -0.170885012 -0.984195948
vn 0.00474090688 -0.00470175967 -0.999977708
vn 0.655152261 0.746420562 0.116754912
vn 0.655152321 0.746420622 0.116754912
vn 0.655152321 0.746420681 0.116754927
vn 0.103894964 0.531122863 0.840900898
vn -0.167923093 -0.699701309 -0.694420516
vn -0.167923093 -0.699701369 -0.694420516
vn 0.98187387 -0.0859041214 0.168950483
vn 0.98187381 -0.0859041139 0.168950468
vn 0.0829721689 0.410891682 0.907900751
vn -0.0481012054 -0.00246598152 -0.998839378
vn -0.0148301171 -0.0378445052 -0.999173641
vn 0.193249971 -0.0124231307 0.981070995
vn 0.193249941 -0.0124231307 0.981070936
vn 0.193249941 -0.0124231298 0.981070995
vn 0.00480667921 -0.999872565 0.0152242985
vn 0.0804154128 -0.996303439 0.0302131176
vn 0.112111971 -0.993057728 0.0355980173
vn -0.77523756 -0.58149302 -0.246723667
vn -0.77523762 -0.58149308 -0.246723697
vn -0.77523756 -0.58149302 -0.246723682
vn -0.0005609254 6.56457123e-05 -0.999999821
vn 0.921495795 -0.261403412 0.28725189
vn 0.944407642 -0.282472223 0.168236807
vn -0.75472647 -0.0884001032 -0.650056481
vn -0.113426737 -0.240988672 -0.963876963
vn -0.0373038352 -0.0450814255 -0.998286545
vn -0.11507348 -0.3399629 -0.933371961
vn 0.980877519 0.0637751967 0.183880329
vn 0.982998669 0.0632304847 0.172382057
vn -0.0540867895 -0.239441454 -0.969403148
vn -0.828625798 -0.0880750269 -0.552830935
vn 0.917113543 -0.0583949462 0.394325703
vn 0.000413436501 0.998295724 0.0583572313
vn 0.00547186984 0.999981344 0.00272518164
vn 0.00577250682 0.999983132 -0.000587384566
vn -0.475594461 0.260478675 0.84021467
vn 0.000687595049 0.999999642 -0.000567736803
vn 0.00150763988 0.999997973 -0.00128565414
vn 0.000829352415 0.999999523 -0.000691839843
vn 7.18914362e-06 0.99999994 2.79322758e-05
vn 0.963399172 0.0615970679 0.260897964
vn 0.915462971 0.0724825263 0.395820439
vn -0.857530177 0.445680261 -0.256926298
vn -0.975803673 0.0328103192 0.216172919
vn -0.964569151 -0.1232398 0.233277306
vn -0.978761733 -0.0186178759 0.204154015
vn -0.000760421215 0.997458935 0.0712391064
vn 0.0373377651 -0.000440497999 -0.999302566
vn 0.0219902061 0.0283399727 -0.999356449
vn 0.0107350405 0.0493992381 -0.998721361
vn -0.132964775 -0.726827979 -0.67382592
vn -0.171876669 -0.756982744 -0.630424917
vn -0.122352771 -0.74326992 -0.657707989
vn -0.966138363 0.113668457 0.231637925
vn -0.168031901 -0.736953735 -0.654724777
vn -0.150656879 -0.685637772 -0.712182164
vn -0.808320463 0.350468159 -0.473064512
vn 0.0488649532 -0.022105664 -0.998560667
vn -0.955355942 0.115972914 0.271745116
vn -0.189870164 -0.791298687 -0.581201971
vn 0.017315954 0.00832286663 0.999815404
vn -0.0873256773 -0.00855813269 0.996143043
vn -0.850668311 -0.0667985082 -0.521441579
vn -0.00291315094 -0.999995232 0.00104317593
vn 0.00523902755 -0.999985874 0.00087470666
vn 0.172002867 0.764186502 0.62163806
vn 0.162922487 0.74407959 0.647921205
vn 0.157491177 0.75883168 0.631958008
vn 0.163003474 0.742739618 0.649436593
vn 0.151990592 0.696286738 0.701486707
vn -0.0200253688 0.0115912305 0.999732316
vn -0.82482928 -0.364652425 0.432070911
vn -0.725667417 0.0264871772 -0.687535584
vn -0.630491257 -0.0875161365 -0.77124685
vn -0.00244437787 0.00151704263 -0.999995828
vn 0.976763546 0.0784020573 0.199464589
vn 0.810160697 0.0730725676 0.581635714
vn -0.660785913 0.217492461 -0.718372524
vn -0.995140135 -0.0675095692 -0.0716840103
vn -0.995091975 -0.0674962252 -0.0723612085
vn -0.99763453 -0.068739228 -0.000228428456
vn -0.997633874 -0.0687492788 0.000453625835
vn -0.00472702924 -0.000411483576 0.999988675
vn 0.000205783348 1.51316563e-05 1
vn 0.000144419741 9.82461279e-06 1
vn -0.00476933038 -0.000415141956 0.999988556
vn 0.87149334 -0.466454297 0.151392385
vn 0.874170661 -0.426091343 0.232963011
vn 0.73042655 0.087233901 0.67739737
vn 0.814122975 -0.0411655866 0.57923156
vn -0.819736302 0.539126515 0.193326041
vn 0.95934546 0.0557505377 0.276673436
vn 0.980266213 0.185878396 -0.0672859997
vn 0.945621192 0.0397056192 0.322837353
vn 0.839607656 0.0977408811 0.534327328
vn 0.794930458 -0.242353082 0.556192815
vn -0.00274836831 0.00153294357 -0.999994993
vn 0.941881716 -0.148511857 -0.301335752
vn 0.941881597 -0.148511857 -0.301335722
vn 0.941881657 -0.148511857 -0.301335752
vn -0.137692168 -0.649612308 -0.747692943
vn -0.114007711 -0.731662154 -0.672066152
vn -0.0298789106 -0.555177689 0.831194818
vn -0.338347614 -0.397810191 0.852800012
vn -0.3119075 -0.440945655 0.8415941
vn -0.0281767379 -0.581687868 0.812923849
vn 0.806795001 -0.418783456 0.416776121
vn 0.946945548 0.30021742 0.11473275
vn 0.907889307 0.414732933 -0.0611032471
vn 0.999516189 -0.00338036311 -0.0309189279
vn 0.931387424 0.0775388405 0.355675638
vn 0.996627092 0.081780538 -0.00680699479
vn 0.908453643 0.075016275 0.411198825
vn 0.0130318673 -0.999136031 0.0394646116
vn 0.146935925 0.669234753 0.728378117
vn 0.867137492 -0.303532124 0.394893438
vn 0.867137492 -0.303532153 0.394893467
vn 0.665719926 -0.0478931777 0.744663119
vn -0.548317969 0.0232988223 -0.835945368
vn -0.656394064 0.346907854 -0.669926643
vn 0.794283986 0.097983636 0.599593282
vn -0.481192023 0.377215803 0.79130435
vn -0.00038442036 0.00101282948 0.999999404
vn -0.000655584736 0.000210035912 0.999999821
vn -0.000458818395 0.000792571227 0.999999642
vn -0.000726529688 6.35152417e-11 0.999999762
vn -0.743015945 0.513453901 -0.429292887
vn -0.0239595138 0.015726231 0.999589205
vn -0.745673895 0.631173491 -0.213518679
vn -0.00881295651 -0.00605814764 0.999942839
vn -0.690668583 -0.238900051 -0.682571352
vn -0.675007045 -0.43115142 -0.598726869
vn 0.779043674 0.118082263 0.615749478
vn 1.77377406e-05 1 1.60339118e-06
vn -1.88603917e-05 1 7.29696376e-06
vn 7.18130177e-05 1 -2.22395429e-05
vn 0.711897612 -0.410078108 0.570120871
vn 0.559595346 -0.169477925 0.811252296
vn 0.835966647 0.0837850198 0.542346537
vn 1.17064849e-06 -1 8.3051862e-05
vn 0.856652439 0.514827847 0.0331522226
vn 0.0295777805 0.00868245959 0.999524772
vn 0.0440391153 -0.10225039 0.993783355
vn 0.0149384113 -0.0350823589 0.999272704
vn 0.0577275902 -0.133843929 0.989319623
vn -0.000260549219 2.27779358e-11 0.99999994
vn -0.399549454 0.122634389 -0.908471823
vn 0.000167668899 -1 0.000106238833
vn 0.000167668913 -1 0.000106238833
vn 0.000167668899 -0.99999994 0.000106238826
vn 0.082099162 0.0354669727 0.995992899
vn 0.46374774 -0.885795236 0.0174595676
vn 0.46374771 -0.885795176 0.0174595658
vn 0.46374774 -0.885795236 0.0174595658
vn 0.0169487577 -0.894299984 -0.447146803
vn 0.0169487558 -0.894299984 -0.447146773
vn 0.00144770998 -0.999413252 0.034221869
vn -9.73228816e-05 -0.99940598 0.0344637744
vn 3.79360017e-06 -0.999392271 0.0348579548
vn -0.720251918 -0.00145282014 0.693711042
vn -0.718525767 0.000197717105 0.695500433
vn -0.722757161 -0.00385911367 0.691091299
vn -0.715912938 0.00268436223 0.69818449
vn 0.824082136 0.0994803235 0.557666779
vn -0.00115571043 0.999999344 -0.000164059311
vn -0.00115571043 0.999999285 -0.000164059296
vn -0.00115571055 0.999999404 -0.000164059325
vn 0.893554568 0.068601504 0.443682432
vn 0.895394146 0.0687402338 0.43993628
vn 0.869073331 0.0666938424 0.490166873
vn 0.864921868 0.0733412877 0.496519059
vn 0.806757629 0.0679608434 0.586961269
vn 0.49255079 0.0059966743 0.87026298
vn -0.102955475 0.0035203679 -0.994679749
vn -0.0880700573 7.69932917e-09 -0.996114373
vn -0.090652287 0.000610348303 -0.995882332
vn -0.105529107 0.00412952481 -0.994407654
vn 1.30014059e-05 0.999390781 0.0349009931
vn -5.19815649e-06 0.999390721 0.0349029116
vn 1.46673829e-05 0.99939096 0.0348940305
vn 0.593028665 -0.288725406 0.751634657
vn -0.271695256 -0.910806775 -0.310825884
vn -0.239845142 -0.945041418 -0.222196206
vn -0.309626698 0.385961413 0.869002402
vn 0.804041386 -0.446452796 -0.39267984
vn 0.804041326 -0.446452767 -0.392679811
vn 0.804041326 -0.446452796 -0.39267984
vn -0.595186412 -0.0833271667 -0.799255729
vn 0.734422326 -0.627099395 0.259557664
vn 0.238784477 -0.652098835 0.719547868
vn 0.24094066 -0.662185907 0.709547281
vn 0.726456821 0.0372743532 0.686200559
vn 0.592158377 0.0373470597 0.804955721
vn 0.488433391 0.0285284929 0.872134686
vn 0.996642172 0.0504786968 0.0644689575
vn 0.649378479 0.107707828 0.752799153
vn -0.346859425 -0.0753142163 -0.934888363
vn -0.321299285 0.00106147618 -0.946977139
vn -0.0010857248 0.00781437568 0.999968886
vn 0.0011697904 0.00289334729 0.999995172
vn -0.00235251058 0.0105781481 0.99994123
vn 0.711511612 0.0564721264 0.700401366
vn 0.776094675 0.0687399358 0.626858711
vn 0.761513829 0.0628578886 0.645093441
vn 0.000200364899 0.000105836138 -0.99999994
vn 0.665078223 -0.7294631 0.159857929
vn 0.0024958998 -2.18198487e-10 0.999996901
vn -0.418657362 0.237839729 -0.876446366
vn 0.432929248 0.0890298337 0.897020578
vn 0.988380432 -0.0588624328 -0.140140668
vn -0.999346852 0.0317053981 0.017339129
vn -0.99768889 0.059570834 0.0326855779
vn -0.994198859 0.0942658037 0.0517934524
vn -0.00370093761 -0.999391794 0.0346759856
vn -1 8.74227766e-08 -0.000121919882
vn 8.42503287e-05 0.999390841 0.0348997265
vn 0.81926024 0.573153496 0.0175458454
vn 8.82715613e-05 0.999390781 0.0348993689
vn 0.000908231887 -0.999999583 -0.000209295089
vn 0.000908231887 -0.999999523 -0.000209295074
vn 0.00090823177 -0.999999523 -0.00020929506
vn 0.697077453 0.0124872029 0.716887116
vn 0.642735243 0.0958964601 0.760062754
vn 0.706221342 -0.0257359594 0.707523108
vn -0.662772417 0.656995952 0.359289944
vn 0.777903616 0.0882241428 0.622159541
vn -0.000186910285 1 0
vn -0.0001869103 1 0
vn 0.0010568453 0.999999344 0.000180303541
vn 0.00360272615 0.999733329 0.0228096936
vn 0.000316017395 0.999073267 0.0430404954
vn 0.0174646098 0.10405568 0.994418085
vn 0.195991337 0.0106239924 0.980548143
vn 0.0167520568 0.0972916186 0.995114863
vn 0.197615072 -1.72760579e-08 0.980279684
vn -0.00939176232 -0.999193668 0.0390374474
vn -0.00837341789 -0.999220014 0.0385892317
vn 2.00785976e-07 -0.999390781 0.0349020697
vn -0.720736563 -0.00192276598 0.693206429
vn -0.719346642 -0.0005918112 0.694651127
vn -0.722750604 -0.00385833671 0.691098213
vn -0.717247546 0.00141057745 0.6968171
vn -0.580484152 0.429023206 -0.692081749
vn -0.102959454 0.00352049456 -0.994679332
vn -0.0880737752 7.69965425e-09 -0.996114016
vn -0.0906561092 0.000610382995 -0.995882094
vn -0.105533347 0.00412971852 -0.994407237
vn -2.73894802e-05 0.999390602 0.0349051245
vn -2.32695038e-05 0.999390602 0.0349041969
vn -5.14655949e-05 0.999390244 0.0349167064
vn 0.68359077 0.114340976 0.720853448
vn -0.00393791543 -0.999389708 0.0347102731
vn 0.297677457 -0.0240123142 0.954364479
vn -0.6186589 -0.218301848 -0.754722059
vn -0.65687561 0.627883434 -0.417464823
vn -0.440304458 -0.59294939 -0.674197972
vn -0.428903908 -0.0800011754 -0.899800777
vn 0.999090612 0.000694404705 0.042629879
vn 0.999048114 -0.00168722018 0.0435884856
vn 0.999025106 -0.00284556579 0.04405462
vn 0.999105334 0.0016081722 0.0422620215
vn 0.500397444 0.106845923 0.859177828
vn 0.63612777 -0.585606039 0.502401233
vn 0.506771505 -0.393671125 0.76694566
vn -0.0210859273 -0.0429447442 -0.998854935
vn -0.0162670184 -0.998982668 0.0420623571
vn -0.995594859 -0.0652334243 -0.06734474
vn -0.99564749 -0.0648438558 -0.0669425651
vn -0.984107256 -0.123548776 -0.127547979
vn -1 8.74227766e-08 5.98403062e-07
vn -1.58853181e-05 0.99939096 0.0348973237
vn 0.709246218 0.0796123892 0.700451136
vn 0.332164556 -0.20172514 0.921397686
vn 0.704586446 0.0779004395 0.705329418
vn -1.6667871e-05 0.9993909 0.0348974355
vn 0.774473727 -0.4858284 0.405168235
vn 0.782423913 -0.491556168 0.382341802
vn 0.742275059 -0.462992847 0.484422535
vn 0.00737160817 0.999836385 -0.016516095
vn 0.0112941461 -0.999800801 -0.0164592396
vn 0.00328376843 -0.999984741 -0.00443293294
vn 0.0141525604 -0.999632776 -0.0231060311
vn 0.805278361 -0.508339226 0.305152476
vn 0.765695751 0.635698378 0.0979669988
vn -0.999111831 -0.0409754962 -0.00982119702
vn -0.971847534 -0.22911495 -0.0549421459
vn -0.962533236 -0.263682395 -0.0632558167
vn -8.74227766e-08 -1 -7.83349424e-06
vn -0.999999821 -0.000520745874 0.000417137198
vn -0.999999344 0.00100254046 0.000334446784
vn -0.99999094 -0.000355053518 0.00423704553
vn -0.999997854 -0.00206846092 0
vn -0.99999851 8.74226487e-08 0.00170501147
vn -0.999996841 8.74224995e-08 0.00251572626
vn -0.999921262 -0.005139363 0.0114540681
vn -0.999696076 -0.00888464134 0.0229991004
vn -0.998596251 -0.0230750442 0.0476743951
vn 5.80816704e-05 1 9.05751731e-05
vn 5.10290265e-05 1 6.25760294e-05
vn -0.00504299439 -0.999979436 0.00395392766
vn -0.161177903 -0.000166596757 -0.986925423
vn -0.00911085866 -0.999957383 -0.00150155299
vn 0.987722933 -0.076962471 -0.135941789
vn 0.993798077 -0.0743140355 -0.0827214345
vn 0.979144871 -0.0793133527 -0.187042207
vn 0.995130002 -0.0982483551 -0.00797619484
vn 0.99889648 -0.00125649164 0.0469488986
vn 0.998373747 -0.0544453636 0.0169024114
vn 0.98728472 -0.153907672 -0.039766442
vn -0.176302403 0.111719824 -0.977975488
vn 0.716439903 -0.636755049 0.285055965
vn 0.716439962 -0.636755049 0.285055965
vn 0.000330512237 9.65610379e-05 -0.99999994
vn 0.574004173 0.0399527177 0.817877173
vn 0.997389913 -0.070648931 -0.0149057182
vn 0.75853318 0.642088354 0.111130767
vn 0.622458816 0.0848573446 0.778038681
vn -0.4947896 0.526937723 -0.691028118
vn 0.955879629 0.0367376618 -0.291452318
vn 0.97202909 0.0285052955 -0.233124271
vn 0.997420311 -0.0128065012 -0.0706295073
vn -0.589955747 0.783726156 -0.19423078
vn 0.0226839408 -0.999325395 0.0288796835
vn 0.993119895 0.00414851401 -0.117028661
vn 0.999313653 -0.0234526768 -0.0286752284
vn -0.139046848 -0.555566251 -0.819763422
vn -0.137961626 -0.555386186 -0.820068777
vn -0.135037959 -0.554897428 -0.820885777
vn -0.68080461 -0.721727788 -0.124956675
vn -0.621911407 -0.744245291 -0.243567616
vn -0.648535013 -0.736241758 -0.193262547
vn -0.685512424 -0.719056964 -0.114148587
vn -0.141595915 -0.555986643 -0.819041789
vn 0.00241450313 0.0151124978 -0.999882877
vn -0.566160679 0.791273892 0.230971038
vn 0.653795719 0.0746021122 0.752984583
vn 0.999889791 -0.0120763313 -0.00862982869
vn 0.999684095 -0.012899165 -0.021571584
vn 0.993175209 -0.116610266 0.0022505275
vn 0.990210235 -0.13919045 0.010479982
vn -0.0306824204 -0.998511195 0.0450993776
vn -0.0525978655 -0.99585098 0.0742583051
vn -0.0241977628 -0.999123335 0.0341626294
vn 0.703233123 7.2846211e-05 0.710959315
vn 0.703233063 7.2846211e-05 0.710959315
vn -0.0225110874 0.999438524 0.0248172227
vn -0.00252914755 0.999919474 0.012443074
vn 0.0299756918 0.998874426 0.0367589071
vn 0.571167469 0.0979080871 0.814973533
vn 0.563277364 0.0866449326 0.821712375
vn 0.640301108 0.108392999 0.760437667
vn 0.99999845 -0.00107387395 0.00134684751
vn 0.99999696 -0.00245884433 -9.04830667e-05
vn -0.035247542 0.999243319 0.0164415725
vn 0.999999702 -8.75153674e-08 0.000820436864
vn -0.000104487801 -1 -4.67276586e-05
vn -8.17030013e-05 -1 -8.2671424e-05
vn -0.00015394605 -1 -1.2256527e-05
vn 0.702479243 0.0139706591 0.711566985
vn 0.702695549 0.0123973275 0.711382687
vn 0.704133034 0.001585135 0.710066319
vn 0.704336584 -6.15750579e-08 0.709866107
vn 1 0.000204710901 0.000279318599
vn 0.999998868 0.000952433795 0.0010660215
vn 0.999997556 0.00162639527 0.001520594
vn 4.84265693e-05 1 2.37779859e-05
vn 6.81473102e-05 1 8.28471457e-06
vn 3.68116416e-05 1 3.79652301e-05
vn 1 -8.74227766e-08 0.000141190656
vn -4.20634715e-05 -1 -2.15870823e-05
vn -3.31734373e-05 -1 -3.3514043e-05
vn -7.62532727e-05 -1 6.47482523e-07
vn 0.702479303 0.0139707131 0.711567104
vn 0.702695489 0.012397374 0.711382687
vn 0.704133093 0.00158513512 0.710066378
vn 0.704336643 -6.1575065e-08 0.709866166
vn -0.542467952 0.722965777 -0.427842438
vn 0.582766473 0.0813883692 0.808553815
vn 0.00185906386 -0.999995768 0.00220686919
vn -5.96647114e-05 -1 3.8793507e-05
vn 0.755102277 0.637319326 0.153767869
vn 0.756742895 0.638887763 0.138429061
vn 0.245176345 0.0769688785 0.966418326
vn -0.339273721 0.29633674 -0.892792225
vn 0.568057597 0.114654705 0.814963162
vn 0.460923135 0.10482645 0.881227076
vn 0.554842889 0.10768839 0.824956119
vn 0.451616317 0.0942133218 0.887224078
vn 6.2565734e-05 1 -4.57209853e-06
vn 0.500516891 -0.857762039 -0.117163584
vn 0.500516832 -0.857761979 -0.117163576
vn -6.60958467e-05 -1 3.35284312e-05
vn 0.456188977 0.0827532411 0.886026859
vn 0.524709582 -0.801188469 0.287709922
vn -0.202782705 -0.0686191618 -0.976816595
vn 0.963028491 -0.266326904 0.0405731611
vn 0.893367171 -0.423915625 0.148964956
vn 0.905600667 -0.408278108 0.114875093
vn 0.142604187 0.0327791423 0.989236832
vn 0.129513338 -0.00665601948 0.991555393
vn -0.476236314 -0.228224069 -0.849183559
vn 0.993432283 -0.087657094 -0.0735419244
vn -3.04751029e-05 -1 0.000179387091
vn 0.00624314835 -0.999980569 -4.55793015e-05
vn 0.987169623 0.0639263317 -0.146320447
vn 0.98507756 0.0721103027 -0.156276405
vn 0.201998517 -0.143387035 0.968832612
vn 0.485101014 0.0690853223 0.871724844
vn 0.512472987 -0.626758218 0.586979985
vn 0.437933236 0.0706838742 0.896224439
vn 0.459748358 0.0725038946 0.885084569
vn 3.781743e-05 1 -2.7540902e-05
vn 2.57874253e-05 -1 0.000172310596
vn 0.441239715 0.0761115327 0.894155741
vn -0.0001343123 1 9.27913716e-05
vn 0.0017706193 -0.999996841 -0.00180860434
vn 0.320918888 -0.342576236 0.882979333
vn 0.374814183 -0.558921278 0.739676476
vn -0.460077763 0.815175235 0.351877481
vn 0.229397297 0.0700041801 0.970812261
vn 0.521155357 -0.817168593 0.246236905
vn 0.530903697 -0.820461214 0.212096035
vn 0.592847705 -0.773270547 -0.224909574
vn 0.592804968 -0.763734639 -0.2555224
vn 0.000811988313 -0.00189101882 -0.999997914
vn -0.00894304831 0.0178322829 0.99980092
vn -0.193785608 0.430964261 0.88131547
vn -0.160602525 0.178295776 -0.970781863
vn -0.255457669 0.365673721 -0.894999504
vn 0.262891173 0.0792367384 0.961566269
vn 0.236723334 0.0569069497 0.969909132
vn -9.2713816e-07 -0.99999994 0.00027780424
vn -0.305163234 -0.62837851 -0.715552807
vn -0.357582122 0.638329864 -0.681667089
vn -0.152359128 -0.932771862 -0.326685458
vn 0.000735055073 0.999999762 8.38656124e-05
vn 1.91449681e-06 -0.99999994 0.000178334216
vn 0.27806288 0.0609906279 0.958624661
vn 0.00101868261 -0.00198483281 -0.999997437
vn 0.410565943 -0.899860442 0.147264257
vn -0.128863916 -0.0422559306 -0.990761578
vn -0.226982072 -0.0629910305 -0.971859634
vn 0.221868426 0.0429590195 0.974129796
vn 0.129748553 0.0324144848 0.991016984
vn -0.141747385 -0.0652273372 -0.987751603
vn 0.132376701 -0.175251022 0.975583673
vn -0.424152702 0.841684282 -0.334158629
vn 0.310576081 0.0513826758 0.949158669
vn -0.99471736 -0.102614492 0.00276525388
vn -0.995509982 -0.0942800269 0.0084378561
vn -0.994205594 -0.107494228 -0.00055943802
vn -0.993266284 -0.115689687 -0.00614898885
vn -0.000789792859 6.26843359e-07 0.999999642
vn -0.000485274242 0.000187378319 0.999999881
vn -0.000353083393 -5.50599834e-05 0.999999881
vn -6.46090048e-05 1 -0.000234297826
vn 1.95569701e-05 1 5.58901447e-05
vn -0.0002050068 3.57991266e-05 1
vn 0.3830055 -0.0485135056 0.922471166
vn 0.999961734 -0.00814458821 0.00318754045
vn 0.999949038 -0.00951808691 0.00337005919
vn 0.99998343 0.00558656594 0.00136264111
vn 0.277843177 0.046947483 0.959478498
vn 0.999975443 0.00690098479 0.00118793081
vn 0.993969738 0.0915635899 0.0603348576
vn 0.998400986 0.0265417881 0.0499098226
vn 0.993145347 0.099354066 0.0615705177
vn 0.998656631 0.0181209426 0.0485451706
vn 0.99396956 0.0915652737 0.0603351258
vn 0.998400986 0.0265418999 0.049909845
vn 0.993145227 0.0993558839 0.061570812
vn 0.998656631 0.0181210134 0.0485451855
vn -0.247599423 -0.04917036 -0.967613995
vn 0.122026928 0.0590708107 0.990767419
vn 0.353094578 -0.784936666 0.509115636
vn -0.359209299 -0.127965778 -0.924442291
vn -0.00023801178 0.000452148612 0.999999821
vn -0.42110011 -0.905770719 -0.0474763811
vn -0.460400969 -0.887435794 -0.0221085902
vn -0.517458677 -0.855553985 0.0162453149
vn -0.00018917027 9.13703479e-05 1
vn -0.543319166 0.839518428 -0.00363860885
vn -0.536446512 0.843880653 -0.00952159613
vn -0.555416346 0.83154428 0.00683370559
vn -0.525628626 0.850508928 -0.0186875053
vn -0.000909135328 0.00136063457 -0.999998689
vn -6.39013961e-05 0.00016168179 -1
vn -0.000428868691 0.000439922413 -0.999999762
vn 0.821491003 0.568758786 0.04081719
vn 0.808628201 0.58760488 0.0289992522
vn 0.816004515 0.576940954 0.0357185453
vn 0.803810596 0.59437269 0.0246901512
vn 9.37192526e-05 0.000246747892 -0.99999994
vn 0.799064696 -0.599360883 0.0475624874
vn 0.85390532 -0.520327866 0.010226829
vn 0.884242833 -0.466825336 -0.0137319611
vn -0.00129200064 0.00185119337 -0.999997377
vn 0.76892364 -0.635948896 0.0657684281
vn -0.372864664 -0.924638689 -0.0775581896
vn -0.29359144 0.882423103 0.367605031
vn -0.056581784 0.00470987847 -0.998386919
vn 0.957221925 -0.279570341 0.074610509
vn 0.975705028 -0.218974829 0.00703707663
vn 0.978235185 -0.207423106 -0.00561892195
vn 0.986771345 -0.14464654 -0.0732104257
vn 0.162839994 -0.329717606 0.929929733
vn 8.78460469e-06 0.000179420487 1
vn 0.0487028174 -0.0646359473 0.996719837
vn 0.0368488878 0.00393980835 0.999313056
vn -0.0649418086 -0.0445061773 -0.996896088
vn -0.0600531772 -0.0303166546 -0.997734666
vn -0.105867296 0.994001627 -0.0274399854
vn -0.32841748 0.943843961 0.0360638574
vn 0.000773314619 0.998387694 -0.0567566566
vn 0.000163456105 6.65416374e-05 -1
vn 0.0546973161 -0.99631232 -0.0661061332
vn 0.0546973087 -0.996312261 -0.0661061257
vn 0.0546973087 -0.996312261 -0.0661061332
vn -8.61383596e-05 0.000396484393 -0.999999881
vn 5.33587718e-06 -1 -0.000143852565
vn -0.00239907112 0.248347551 0.968667984
vn 0.0124346754 -0.104729861 0.994422972
vn 0.0120685734 -0.0957113802 0.995335877
vn -0.00269167637 0.255068332 0.966919243
vn 2.59534409e-05 0.999998033 -0.00197053188
vn 7.51935222e-05 1 -0.000198345922
vn 1.27063422e-05 1 3.85566309e-05
vn 5.93411642e-06 1 5.08750782e-06
vn -0.00208077789 0.222335637 0.974967897
vn 0.0115373656 -0.104827575 0.994423509
vn 0.0112026399 -0.0965535641 0.995264828
vn -0.00236008223 0.228850037 0.973458767
vn 4.71305684e-05 -1 6.8988702e-05
vn -7.79899347e-05 1 0.00019460058
vn 1.01527758e-06 1 5.48877915e-06
vn 0.276908606 -0.602582991 0.748475313
vn 0.000327659713 7.3000574e-06 -0.99999994
vn 0.00965802372 0.999888897 0.0113578336
vn -0.00964895077 0.999889016 -0.0113548022
vn 0.0705223382 0.994054496 0.0829583853
vn -0.0705135688 0.994055331 -0.0829556733
vn 3.56995624e-05 0.999999821 0.000667044485
vn 3.22205487e-05 0.999999821 0.000577474711
vn 1.34771062e-06 1 0.000205982215
vn -0.0661587417 0.105584174 -0.992207229
vn 0.302120239 -0.913364589 0.272926003
vn -0.281187177 0.0606097542 0.957737029
vn -0.296403319 0.065146029 0.952838421
vn 0.000306680333 -1.68351744e-05 -0.999999881
vn -0.220369115 -0.974650502 0.038651742
vn -0.154725567 -0.987820804 -0.016433714
vn -0.16386193 -0.986443758 -0.00883230846
vn -0.0982485861 -0.993167818 -0.0629678071
vn -0.000163393022 -7.48034872e-05 1
vn -0.000127408042 -0.000372724171 0.99999994
vn 0.21858865 0.062231496 0.9738307
vn -9.0258427e-06 1 2.96514936e-05
vn -0.138341442 0.500213504 -0.854779601
vn -0.284447283 0.938216686 -0.197076738
vn 0.000472812477 6.38323945e-06 -0.999999821
vn 0.000151128013 0.000148142833 1
vn -0.451755643 -0.890001476 0.0617592745
vn -0.451755643 -0.890001476 0.0617592782
vn -0.0813790411 -0.037272051 -0.995986104
vn -0.403190821 0.913264811 0.0581776053
vn -0.101092607 -0.0581199341 -0.993177891
vn 0.637792885 -0.769020915 -0.0427461304
vn 0.528036296 -0.849100173 0.0143726021
vn 0.385626107 -0.919132292 0.0805497617
vn 0.43770349 0.898461759 0.0343830772
vn 0.405539483 0.912299931 0.0569777153
vn 0.460861504 0.88729471 0.0177363958
vn 0.373673171 0.924207509 0.0787962154
vn -0.996304035 -0.0550664552 0.0659236461
vn -0.993359923 -0.114437193 0.0118455254
vn -0.993531227 -0.112768754 0.0133755142
vn -0.984164119 -0.172308654 -0.0416020155
vn 0.247298315 0.0269054249 0.968565762
vn 0.232620984 0.0444567464 0.971550882
vn -0.244551033 0.871408463 -0.42525515
vn -0.0918208659 0.26865086 -0.958851159
vn 3.95015877e-06 -0.999999881 0.000407553569
vn 7.17914518e-05 -0.99999994 -0.00014778864
vn 1.46590617e-06 -0.99999994 0.000441016542
vn 2.59882872e-05 1 1.48062709e-05
vn -0.00188381586 -0.999997675 0.000993870315
vn 0.244822323 0.00215297821 0.96956563
vn -0.896030962 0.44265604 -0.0344095528
vn -0.985159338 0.169013664 0.0299261566
vn -0.840506136 0.538623929 -0.0585976131
vn -0.837453067 -0.543247223 -0.0596218444
vn -0.837453127 -0.543247283 -0.0596218444
vn -0.837453067 -0.543247163 -0.0596218407
vn 0.0836688504 0.0249691363 0.996180713
vn -0.996820748 0.0582865775 0.0543247536
vn 0.729604363 -0.677043736 -0.0963805392
vn 0.06940604 0.0393834934 0.996810734
vn -0.214128926 0.71846354 -0.661784649
vn 0.233730316 0.0254609808 0.971967995
vn -0.213330895 -0.261480242 -0.94133842
vn -0.000254333892 -0.999998748 0.0015402009
vn 0.124566041 -0.0457139798 0.991157711
vn 0.261008084 0.0314616784 0.964823782
vn 7.31513546e-06 1 6.49337062e-06
vn 0.90545851 0.416700304 -0.0806591511
vn 0.90545845 0.416700274 -0.0806591436
vn 0.984844685 -0.128719121 0.116242684
vn 0.984844744 -0.128719121 0.116242692
vn 0.984844685 -0.128719121 0.116242677
vn -0.0758005455 0.378780842 0.92237705
vn -0.0884618983 -0.771371245 -0.630207121
vn 0.148987159 -0.607894778 0.779914618
vn -1.66045702e-05 0.999999523 -0.00093858107
vn -0.0494547486 -0.0327045172 -0.998240769
vn 0.090601109 0.0488363728 0.994689167
vn -0.0246189553 -0.99552083 -0.091279842
vn 0.157319888 -0.847191811 0.507460713
vn 7.16316208e-05 -0.00110176089 -0.999999344
vn 0.154545769 -0.976908147 0.147533372
vn 0.0692426562 -0.340918869 0.93753916
vn 0.0436401218 -0.159200966 0.986281157
vn 9.28360387e-05 0.0186293479 -0.999826431
vn -0.0212227497 0.107342415 -0.993995547
vn 0.175862327 -0.938703179 0.296494216
vn 0.181285396 -0.945590258 0.270175308
vn 0.248211563 -0.951502264 -0.181753665
vn 0.25075978 -0.945073068 -0.209657669
vn -0.000164943674 -0.00183496636 -0.999998271
vn 0.000767699501 0.0110062109 0.999939084
vn -0.0445258766 -0.20148921 -0.978478193
vn 0.0673128441 0.0494034588 0.996508002
vn 0.0355739817 0.0339357331 0.998790681
vn -0.142938808 0.935071468 0.32436052
vn 6.04607112e-06 1 2.24520181e-06
vn 0.0966618061 0.0315381475 0.994817555
vn 1.07095566e-05 -1 7.88874459e-05
vn 0.00855437201 -0.981459379 -0.191479295
vn 0.0914326832 -0.956612468 0.276645482
vn -0.048760362 0.975780487 -0.213248312
vn -0.000910697097 0.0453769453 0.998969555
vn 0.010607603 0.0177258477 0.999786556
vn 3.98708471e-05 -1 -5.49403994e-05
vn -0.0484801233 0.90235436 -0.428259552
vn 0.0735387951 0.0200295132 0.997091234
vn 0.0620785542 -0.006433459 0.99805057
vn 0.0572884195 -0.023091292 0.998090565
vn 0.00121065555 -0.999991536 0.00391683495
vn 0.0316414386 0.032097239 0.998983681
vn -0.0462898314 0.728377938 -0.683610141
vn 4.62284697e-05 -0.99999994 -0.000181932206
vn -0.0383896008 -0.0135636665 0.99917078
vn 0.0280123223 -0.700734556 0.712871969
vn -0.0198406652 -0.0942194611 0.995353699
vn -0.0175645556 -0.0264969971 -0.999494553
vn 0.00111494365 0.318738699 -0.947841942
vn 0.00480091525 -0.0405449308 -0.999166191
vn -0.021057494 -0.224678978 0.974205256
vn -0.0466788188 0.0328387357 0.998369992
vn 0.0231555514 0.041938547 0.998851836
vn -0.00127900357 0.840867639 0.541239381
vn 0.0368909948 -0.684082389 -0.72847122
vn -0.000226146425 -0.00199248409 -0.999997973
vn -0.0407403074 -0.964034319 0.262636572
vn -0.107498489 -0.982756615 0.150444999
vn -2.17293163e-07 1 1.14808813e-06
vn -0.0475679338 0.0479852222 0.997714818
vn -0.108518995 -0.865408659 0.489174217
vn -0.999273479 -0.0128480634 0.0358819105
vn -0.999358892 -0.0153905107 0.0323243625
vn -0.999190569 -0.037022505 0.0157286096
vn -0.0659853518 0.865020514 -0.497378558
vn -0.101412013 0.889808655 -0.444922596
vn -0.0332821198 0.838819981 -0.543390632
vn 7.07202261e-08 0.808945119 -0.587884188
vn 1.88551383e-06 -1.99107581e-05 -1
vn 2.67692579e-13 3.06204606e-06 -1
vn 0.0244698599 -0.0258346666 -0.999366701
vn 0.0665835813 -0.00332998624 -0.997775316
vn 0.0206131134 -0.00209618406 -0.999785244
vn -0.998360276 0.0517519005 0.0244648866
vn -0.998396993 0.0499297343 0.026656704
vn -0.136044532 -0.617684901 -0.774569035
vn -0.00800921861 -0.82203871 -0.569375396
vn -0.0740460679 -0.727298915 -0.682314813
vn -0.993233502 0.114026263 -0.0220345967
vn 0.0970266163 0.112870589 -0.988860965
vn 0.0558144823 -0.893036187 -0.446509838
vn 0.112428516 -0.986785531 0.116679788
vn 0.214678213 -0.976512194 0.0183615293
vn 0.207827225 -0.977843642 0.0250939298
vn 0.304379314 -0.949835777 -0.0718688071
vn 0.292016983 0.951999843 0.0917745009
vn 0.296081424 0.950312018 0.0961399376
vn 0.215040281 0.976547301 0.0106304735
vn -0.110919364 0.0540533513 0.992358327
vn 0.030603949 0.496718794 -0.867371798
vn -0.052478753 -0.420129955 0.905945182
vn 0.00150310318 -0.99999696 0.00196118117
vn 0.000219804177 -0.999999821 0.000580354652
vn -0.261009276 -0.0314615928 0.964823484
vn -0.124564834 0.0457178727 0.991157651
vn -2.37207178e-06 1 2.25726149e-06
vn 0.367152095 0.913754702 0.173930258
vn 0.0314865783 0.183924049 -0.982436001
vn -0.999927521 0.0105684437 -0.0057700756
vn -0.999940574 0.00978043675 -0.00482780766
vn -0.999982238 0.00594070042 -0.000236547246
vn -4.90791645e-05 -4.44094303e-06 1
vn -3.75847885e-05 1.0324301e-05 1
vn -4.42853197e-05 -1.93998876e-05 1
vn -0.999846339 0.0142632434 -0.0101883132
vn -0.0854172483 0.0162445456 0.99621284
vn 0.000102518796 -0.999999881 -0.000487935205
vn 0.999988794 0.00423003454 -0.00211514789
vn 0.999988854 0.00423003454 -0.00211514789
vn -0.0632643774 -0.848066092 -0.526100278
vn -0.01038332 -0.963089883 -0.268979609
vn -8.53509619e-08 -0.976301193 -0.216415927
vn -3.86786724e-06 -5.4893233e-05 -1
vn 0.999999881 -0.000253553124 -0.000126730476
vn -0.152818739 0.39489913 -0.905925572
vn -0.017491471 0.0734756514 -0.997143567
vn 0.00446166983 0.985091865 -0.171971053
vn 0.00446166983 0.985091925 -0.171971083
vn 0.00446166983 0.985091865 -0.171971068
vn -1.41415258e-05 -0.000156836089 1
vn -0.00246348465 -0.999996245 -0.00116787036
vn -0.00969768316 -0.999890149 0.0112051098
vn -0.00601043319 -0.9999699 0.00489849923
vn 1.78152532e-05 -4.76816786e-06 1
vn 0.00104400993 0.999999046 -0.000873216311
vn 0.00167323067 0.999998629 0.000156496957
vn 0.000300648506 0.999997735 -0.0020897144
vn 0.00241564377 0.999996066 0.00137145293
vn -1.55180817e-06 0.000148057996 0.99999994
vn 2.32156635e-05 1.37640591e-05 1
vn 0.984829903 0.164105549 0.0563870333
vn 0.984829843 0.164105549 0.0563870296
vn 0.984829843 0.164105535 0.0563870296
vn 0.747878551 0.661260605 -0.0584120117
vn 0.747878551 0.661260605 -0.0584120154
vn 0.747878611 0.661260605 -0.0584120154
vn 0.0760366991 0.385828078 0.919431865
vn 0.707309365 -0.703442693 -0.0698711425
vn 0.707309306 -0.703442633 -0.0698711351
vn 0.707309246 -0.703442633 -0.0698711351
vn 0.0607411079 -0.0315958783 -0.997653365
vn 0.0161600281 -0.0256409068 -0.999540627
vn 0.0132540707 -0.0429391675 -0.99898982
vn 0.0783831701 -0.036853157 -0.996241868
vn 0.129890323 -0.190560132 -0.973044395
vn -0.0171536971 -0.014185614 -0.999752223
vn -0.132153288 0.988554418 0.0727717206
vn -0.132153288 0.988554358 0.0727717206
vn -0.132153273 0.988554358 0.0727717131
vn 0.132227138 -0.988545299 0.07276088
vn 0.132227153 -0.988545299 0.07276088
vn 0.132227138 -0.988545299 0.0727608725
vn -0.0848214179 0.0468436815 0.995294452
vn 0.0598330423 0.105684258 -0.992598057
vn 0.0509408936 0.0185606088 -0.998529196
vn 0.000144330843 -0.999999881 -0.000583666144
vn -0.182184294 0.0376069844 0.982544959
vn 1.50036176e-05 1 -7.19338595e-06
vn -0.0161263123 0.0341509171 0.999286592
vn 0.0012364029 -0.999971092 -0.00749552855
vn -0.0214888118 0.0409246534 0.99893117
vn -0.119546391 -0.676537275 0.726640224
vn 0.131080389 0.66515398 -0.735110998
vn 0.150449276 0.875540733 -0.459122509
vn 0.175303385 0.957110047 -0.230671197
vn 0.10207402 0.925902605 0.363710254
vn -0.0752390176 0.582828522 -0.809104383
vn -0.0752390325 0.582828581 -0.809104443
vn -0.0712843463 -0.823086143 -0.563424945
vn -0.179820135 0.00342415087 0.98369348
vn 0.156782493 -0.875175118 -0.457698286
vn 0.00658805296 -0.997418344 -0.0715067908
vn 2.89967775e-05 5.69350186e-06 1
vn -0.707277834 0.70347333 -0.0698818937
vn -0.707277775 0.70347327 -0.0698818862
vn -0.0155160306 -0.037456736 -0.999177754
vn -0.747832894 -0.661310852 -0.0584274568
vn -0.747832954 -0.661310852 -0.0584274605
vn -0.747832954 -0.661310852 -0.0584274642
vn -0.169624299 0.056628786 0.98388046
vn -0.0680508316 0.0663850456 -0.995470762
vn -0.9848243 -0.164137378 0.0563901104
vn -0.984824419 -0.164137393 0.0563901141
vn -0.984824359 -0.164137393 0.0563901141
vn 6.05279638e-05 -0.99999994 -0.000267743482
vn -0.0944870561 -0.99157238 -0.0886363089
vn -0.0859913826 -0.993000567 -0.0809649602
vn -0.146171153 -0.979963779 -0.135295972
vn -1 -0.000122960992 6.15267345e-05
vn 0.0782072991 0.820289969 -0.566575766
vn 0.115775272 0.776257277 -0.619694114
vn 0.0416316353 0.857852638 -0.512206733
vn 7.81926701e-08 0.894419849 -0.447228283
vn 0.132025644 -0.625439405 -0.769021988
vn 0.132025659 -0.625439405 -0.769021988
vn 0.132025644 -0.625439346 -0.769021928
vn -0.999996006 0.00273471023 -0.000714531518
vn -0.999996066 0.0027347107 -0.000714531576
vn -0.0863640979 -0.919760346 -0.382860422
vn -0.0863640979 -0.919760346 -0.382860392
vn -0.0614469722 0.991737247 -0.112611748
vn -0.0626237988 0.991530597 -0.113777354
vn -0.200020164 0.947664797 -0.248844147
vn 0.134670854 0.254507691 -0.957647979
vn 0.999953926 -0.00956621207 -0.000748000049
vn 0.99994266 -0.0105433045 -0.00186595717
vn 0.999858618 -0.0151997693 -0.00719403848
vn 0.999977529 -0.00506412657 0.00440284656
vn -0.105074711 -0.114264287 0.987877965
vn 0.0785206631 0.996545672 0.0270412415
vn 0.0337183028 -0.035467308 -0.998801887
vn -0.0335787199 -0.998870134 -0.0336281322
vn 0.0391609147 -0.0416213721 -0.9983657
vn 0.196776971 0.408346593 -0.89136523
vn -0.206948161 -0.606465101 0.767705977
vn 0.00355274789 0.0122408001 0.999918759
vn -0.136010468 -0.962897062 -0.23308897
vn -0.136010468 -0.962897062 -0.233088985
vn -0.20747003 -0.935613275 0.285629451
vn -0.207470015 -0.935613155 0.285629392
vn -0.20747003 -0.935613215 0.285629421
vn -0.00101466698 -0.00237362203 -0.999996662
vn 0.998047113 -0.0619612895 0.00791776646
vn 0.999112248 -0.027779229 0.0316692218
vn 0.999100327 -0.0239778869 0.0349791422
vn 0.99906683 0.0405758359 0.0148009742
vn 0.999157965 0.0364416651 0.0188459307
vn 0.995721042 0.0901874676 -0.02014664
vn -0.252589434 -0.926541448 0.27878195
vn 0.193807349 -0.448330194 -0.872604549
vn -0.306115329 0.151365101 0.939884007
vn -0.13823162 0.0537727661 0.988939106
vn 0.126484528 -0.0305463765 -0.991498113
vn 0.273596227 -0.0962889194 -0.957012832
vn -0.147992074 0.0404056534 0.988162756
vn 0.153600842 -0.0471955612 -0.987005293
vn 0.24556689 0.907163322 0.341689259
vn -0.217420086 0.0620061792 0.97410661
vn -0.248438194 0.0402414277 0.967811584
vn -5.81486966e-05 1 0.000208680838
vn -0.223462135 0.0721341744 0.972039819
vn -0.170611665 -0.0481143631 0.984162927
vn -0.157614082 -0.313260645 0.936496437
vn -0.00200946257 -0.999997199 0.00127661729
vn 0.290057659 0.632051945 -0.718593657
vn -0.297895849 -0.810731351 0.503957093
vn -0.934536517 -0.355742514 -0.00941433571
vn -0.904723287 -0.424975842 0.0295165908
vn -0.977622271 -0.18542397 -0.0993607566
vn 0.00130717084 -0.00121894106 0.999998391
vn 0.000989788212 0.000331117335 0.999999464
vn 0.00134401233 -8.42644076e-05 0.999999046
vn -0.404581368 -0.867211223 0.290273219
vn 0.305025309 0.83817178 -0.452136695
vn 0.00147387537 -0.00125984498 0.999998152
vn -0.825483322 -0.554240823 0.106744021
vn 0.000436314032 0.000284932816 0.999999762
vn -0.852948427 0.520761847 0.0358618833
vn -0.842714012 0.535618842 0.0542730168
vn -0.844030976 0.533771336 0.0519612767
vn -0.831492603 0.550671458 0.0733552128
vn -0.208194599 0.0431294404 0.977136075
vn -0.43209362 -0.88947165 0.148779705
vn -0.00126063381 -0.00177737686 -0.999997616
vn 0.402221471 0.893861055 -0.198066264
vn -0.481950819 -0.867700219 -0.121737011
vn -0.481950819 -0.86770016 -0.121736996
vn -0.48195079 -0.86770016 -0.121737003
vn 0.974664211 0.167199627 -0.14857246
vn 0.974664271 0.167199641 -0.14857246
vn 0.974664271 0.167199656 -0.148572475
vn 0.000130859626 -0.000320100866 -1
vn -0.000159045594 -5.09190686e-05 -1
vn 0.000175516281 -0.00014991581 -1
vn -0.00213228399 -0.999982595 -0.00549800275
vn -0.202628523 1.77143473e-08 0.979255736
vn -0.201909974 -0.000406090257 0.979403973
vn -0.00216914969 0.99999702 0.00107816095
vn 0.194351315 -0.0374344103 -0.980217457
vn 0.311248183 -0.0367573835 -0.949617445
vn -0.000305061054 -0.000177780908 -1
vn 0.90939194 -0.396257758 0.126435488
vn 0.90939194 -0.396257788 0.126435488
vn 0.909391999 -0.396257788 0.126435503
vn 0.315754712 0.780220985 0.539957643
vn 0.560852766 0.814309835 0.149477482
vn 0.560852826 0.814309955 0.149477497
vn 0.499665588 -0.859885693 -0.10455101
vn 0.499665678 -0.859885693 -0.104551032
vn 0.499665648 -0.859885693 -0.104551025
vn 0.000396071497 0.000269261247 -0.999999881
vn 0.000168034981 0.000255803025 -1
vn -0.409961164 0.0258477088 0.911736667
vn -0.357883483 -0.00746522192 0.933736444
vn 0.0101039344 -0.999839604 -0.014790778
vn -0.317945063 -0.551880002 0.770934105
vn 0.97383213 0.168554679 -0.152447343
vn 0.973773003 0.16872701 -0.152634695
vn 0.978447437 0.154423922 -0.137090802
vn 0.970053554 0.179170877 -0.163993731
vn -0.204307586 -0.0927373618 0.974504054
vn -0.308586568 0.0513118505 0.94981128
vn 3.01898108e-05 -0.999999881 -0.000238926979
vn -0.115797386 0.0618337914 0.991346359
vn 0.236501202 0.337271601 0.911216199
vn -0.0894113183 0.0392067209 0.995222807
vn 0.307006508 -0.0645821765 -0.949513674
vn 0.245564878 -0.0483664125 -0.968172789
vn 0.000758170558 -0.0023972583 0.999996841
vn -0.00971790403 -0.992625058 0.120834514
vn -0.00971790496 -0.992625177 0.120834522
vn -0.00971790496 -0.992625117 0.120834522
vn 0.000554926111 -0.00044607342 0.999999821
vn -0.0700418428 0.997080207 -0.0304177515
vn -0.0673015714 0.997349679 -0.0276402831
vn -0.0677217245 0.997309387 -0.0280660987
vn -0.0655955523 0.997509837 -0.0259114169
vn 0.20564428 -0.950819254 0.231632128
vn 0.20564425 -0.950819075 0.231632099
vn -0.000270841847 0.000456999318 -0.999999881
vn 0.218259141 0.965312302 0.143300995
vn 0.218259126 0.965312302 0.143300995
vn 0.218259111 0.965312302 0.14330098
vn -0.11457821 0.0299435202 0.992962778
vn 0.0388746299 0.993271172 -0.109093077
vn 0.0388746299 0.993271112 -0.109093085
vn 0.0388746299 0.993271053 -0.109093085
vn -0.000396401359 0.000644897693 -0.999999702
vn 0.101965822 -0.0410454124 -0.993940771
vn 0.137340933 -0.0676608682 -0.988210201
vn -0.0697165877 -0.994431734 0.0790270194
vn -0.0697165877 -0.994431674 0.0790270194
vn -0.0697165877 -0.994431674 0.079027012
vn -0.218255058 0.965313494 -0.143298432
vn -0.218255088 0.965313613 -0.143298447
vn 0.000168656537 -0.00192376832 0.999998093
vn 0.161940366 0.163427904 -0.973173559
vn 0.124288253 -0.0361148342 -0.991588712
vn -0.205644429 -0.950819075 -0.231632099
vn -0.205644459 -0.950819254 -0.231632128
vn 0.000309425755 0.00119444623 0.999999285
vn 0.000689741748 0.000686721818 0.999999523
vn -0.451194793 0.888258159 0.0861435235
vn -0.451194882 0.888258159 0.0861435309
vn -0.451194853 0.888258159 0.0861435309
vn -0.685935438 -0.727169275 -0.0267862137
vn -0.633460343 -0.771180511 -0.0633132681
vn -0.554507673 -0.824436247 -0.113252521
vn 0.000264546048 0.000179284514 -0.99999994
vn 0.201777309 0.109059967 -0.973340571
vn 0.369508952 -0.57612294 -0.729071736
vn 0.371691346 -0.182023019 -0.910336792
vn 0.44841516 -0.879884899 -0.157246351
vn 0.44841513 -0.879884899 -0.157246336
vn 0.684577584 0.728939831 -0.000382864586
vn 0.686293423 0.727321982 -0.00198876695
vn 0.572310209 0.814488709 0.0952314287
vn 0.120506249 0.0024372621 -0.992709577
vn -0.284521967 0.0692940429 0.956161857
vn -0.973772943 0.168726876 0.152634993
vn -0.97383219 0.168554544 0.152447626
vn -0.970053434 0.179170996 0.163994342
vn -0.978447497 0.154423386 0.137090608
vn 0.000186544668 -0.000607601425 0.999999821
vn -0.464092165 -0.724968135 0.508959234
vn 0.436426938 0.780318975 -0.447921634
vn -0.95362711 0.289946973 -0.0807839185
vn -0.964869142 0.256802231 -0.0554996245
vn -0.902974129 0.397013038 -0.16437237
vn -0.788764358 -0.612145424 0.0559338517
vn -0.231445193 -0.255041689 0.938822031
vn -0.452301413 0.0844563767 0.887857378
vn -0.0031207276 0.999994099 -0.00145692192
vn -0.00336363097 -0.999987602 0.00368642271
vn -0.992650032 0.107697345 0.0552022792
vn 0.776397228 -0.610090911 0.158102512
vn 0.776397228 -0.610090911 0.158102497
vn 0.776397228 -0.610090971 0.158102512
vn -0.243614167 0.0577100031 0.968153715
vn 0.777598798 0.621273696 -0.0967429504
vn -0.116523236 -0.000868393749 0.993187547
vn -0.387339741 0.0953496322 0.916993141
vn 0.442970037 -0.0748753473 -0.893404245
vn 0.999872267 0.0109180026 -0.0116662411
vn 0.999523401 -0.0119980583 -0.0284456667
vn 0.976644456 -0.163725734 -0.139138088
vn 0.979051828 0.172957718 0.107439287
vn 0.477701724 0.805028915 0.351751864
vn 3.37778838e-05 -0.000272942241 0.999999881
vn -0.000147371218 -0.000223997355 0.99999994
vn 8.44605747e-05 5.02974217e-05 1
vn 6.40596336e-05 6.16757097e-05 1
vn -0.967116714 0.242131203 0.0778322667
vn -0.967116654 0.242131174 0.0778322592
vn 0.344298691 0.40636009 -0.84636277
vn -0.361880094 0.0796365812 0.928816855
vn 2.51781239e-05 -0.99999994 0.000146297985
vn 8.84960027e-05 4.45722035e-05 1
vn -0.889287949 -0.455070555 -0.0455807708
vn -0.865267038 -0.500860393 -0.0212553162
vn -0.833935618 -0.551817417 0.00698684948
vn -0.798949063 -0.600367546 0.035203062
vn 0.00139566441 -0.99999845 0.00112764305
vn -0.0133109465 -0.998518109 -0.052767165
vn -0.0186971761 -0.99698925 -0.075252682
vn -0.00129529519 0.140490547 0.990081191
vn 8.63408786e-05 0.151263818 0.988493443
vn -4.00337967e-06 0.999673367 0.0255601257
vn -0.000104053019 0.999697328 0.0246013924
vn -0.00219888473 0.999887705 0.0148263695
vn -0.528769374 0.848680198 0.012042148
vn -0.640706658 0.766542494 -0.0436766706
vn -0.730760515 0.676142633 -0.093915455
vn 0.274602503 -0.873024344 -0.40301621
vn -0.25568822 0.0790923461 0.9635185
vn -0.159539521 0.0990725681 0.982207596
vn -1.78257669e-05 -1.89283055e-05 1
vn 0.000268825941 -0.000918869744 0.999999583
vn -0.392179281 0.91699338 0.0729292333
vn 0.996919215 0.0636045933 -0.045895759
vn 0.978517473 0.206152692 0.00211823662
vn 0.911493063 0.404989272 0.0718615875
vn 0.000118876094 -7.08046218e-06 -1
vn 0.00024472794 0.000228883306 -1
vn 9.79323668e-05 5.65062437e-05 -1
vn 0.855128825 0.506815493 0.109053999
vn 0.000240727575 0.000269551761 -1
vn 0.3016406 -0.0780685842 -0.950220108
vn 0.49986884 0.616920471 -0.607898176
vn -0.417450666 -0.499027818 0.759411633
vn -0.192063659 0.0453880057 0.980332315
vn 0.36140433 0.929318964 -0.0758493319
vn 0.36140433 0.929319024 -0.0758493319
vn 0.3614043 0.929318905 -0.0758493245
vn 1.32191199e-05 0.000361324521 -0.99999994
vn 0.511899054 -0.85830605 0.0356393494
vn 0.486718744 -0.873283029 0.021944819
vn 0.497024775 -0.867299914 0.0275192037
vn 0.519645333 -0.853449821 0.0399041697
vn 0.00023730252 0.000169748106 -1
vn 7.4035117e-05 0.00013966074 -1
vn -0.615137696 -0.741916418 0.266768873
vn 0.990408897 0.107758231 -0.0864766538
vn 0.989903808 0.110208906 -0.0891310871
vn 0.978447735 0.154421926 -0.13709031
vn 0.996305645 0.0716225728 -0.0473827198
vn -0.449343741 0.084645763 0.889339864
vn 2.0196434e-05 -8.02197028e-05 1
vn -0.051783897 -0.998544037 -0.0151129244
vn 0.0355300494 -0.998659015 0.0376522467
vn -0.0136661949 -0.999875009 0.00794294663
vn -0.0942427143 -0.994711518 -0.040832635
vn -0.529263079 0.0927538499 0.843372583
vn 0.20564419 -0.950819075 0.231632113
vn 0.205644175 -0.950819075 0.231632113
vn 0.20564419 -0.950819075 0.231632099
vn -0.620097518 0.0174735896 0.784330189
vn -0.0903919712 -0.992662668 0.0803121403
vn 0.0132178552 0.00661632 0.999890685
vn -0.492066234 -0.854021072 -0.168874696
vn -0.63294512 -0.773452878 0.0339283012
vn -0.487965912 -0.852862179 -0.185782939
vn -0.463020086 0.0977354944 0.880942762
vn -0.666157484 -0.744484246 0.0444672406
vn 0.000377250224 0.000533282175 -0.999999821
vn -3.6583504e-05 0.000292316079 -1
vn 0.154723644 0.987821102 -0.016434297
vn 0.163859546 0.986444056 -0.00883320905
vn 0.220367759 0.9746508 0.0386520363
vn 0.0982457548 0.993167996 -0.0629694983
vn 0.571007967 0.777574539 -0.263301611
vn -0.475964665 0.0882009044 0.875030458
vn 0.23366563 -0.0421340317 -0.971403599
vn -0.325186878 -0.179049507 0.928544462
vn -0.287849098 -0.0262516458 0.957315862
vn 5.28333076e-05 -0.99999994 -2.35265816e-06
vn -0.205644518 -0.950819135 -0.231632277
vn -0.205644503 -0.950819075 -0.231632277
vn -0.205644503 -0.950819075 -0.231632248
vn 0.000101600053 0.000512165308 0.999999881
vn 0.000334254495 6.99668963e-05 1
vn -0.367734551 0.926348746 0.0815436095
vn -0.367734581 0.926348746 0.081543617
vn -0.367734551 0.926348686 0.0815436095
vn -0.666400671 -0.745415509 0.0163086355
vn -0.597507358 -0.801564276 -0.0219020359
vn -0.553463221 -0.83167094 -0.0447430052
vn 0.00019952227 8.91327145e-05 -0.99999994
vn 0.52283299 -0.300164163 -0.797839105
vn 0.187877938 -0.0832059458 -0.978661656
vn 0.523582995 0.851649046 0.0235523432
vn 0.414443195 0.90911603 -0.0417708457
vn 0.465718925 0.884854138 -0.011784588
vn 0.364314854 0.928640664 -0.0700077787
vn -0.191455111 0.0275835302 0.981113732
vn -0.971781969 0.206408903 0.114172079
vn -0.970361114 0.210280284 0.119086727
vn -0.980048418 0.1810164 0.0820855275
vn -0.957675278 0.240680724 0.157895088
vn 2.21002538e-05 0.000195059329 0.99999994
vn -0.41735512 -0.348321497 0.83933723
vn 0.605704308 0.705550969 0.367858797
vn -0.905038774 0.415523261 -0.0908035859
vn -0.965607822 0.25861761 -0.0268080067
vn -0.867453635 0.483030438 -0.11918816
vn -0.711351573 -0.701505303 0.0432346724
vn 0.187775657 -0.0592370331 -0.980423987
vn 0.000604387082 0.000337425154 -0.999999762
vn -0.708037078 -0.687491059 0.161367819
vn -0.609636009 -0.611219764 0.504731894
vn 0.359369516 0.27044794 -0.893146932
vn -0.667370796 -0.245627642 0.703052759
vn -0.667370856 -0.245627642 0.703052759
vn 0.000700250675 0.999999702 -7.88400139e-05
vn -0.989941001 0.140065581 0.0199622381
vn 0.819685936 -0.572575808 -0.0164886136
vn 0.814784288 -0.579656303 -0.011183707
vn 0.808396697 -0.588621736 -0.00440016668
vn -0.747865081 -0.246944547 0.616211116
vn -0.747865081 -0.246944532 0.616211057
vn -0.74786514 -0.246944562 0.616211116
vn -8.64821704e-05 1 8.02769646e-05
vn -0.000124675062 1 1.91711624e-05
vn 0.825347006 -0.564168215 -0.0227294881
vn -0.231128588 0.0563624352 0.971289277
vn -0.566634357 -0.423248172 0.706955791
vn -0.999780774 0.0209126938 -0.00102012896
vn -0.952114522 0.303295821 -0.0385970175
vn -0.999953091 -0.00921081565 0.00297979335
vn -0.942819536 0.330616146 -0.0422407761
vn 7.2376366e-05 -1 -3.12121556e-05
vn -0.999390662 0.0268949028 0.0222479925
vn -0.978287458 0.20033665 0.0530928485
vn -0.974262595 0.218284592 0.0562526435
vn -0.999840736 0.00184971897 0.0177487191
vn -0.000140840988 1 5.64871152e-05
vn -0.999415934 0.0296488982 0.0169887748
vn -0.975049376 0.216020569 0.0511257723
vn -0.970493436 0.234874904 0.0545551628
vn 0.000131604378 -1 -7.02806756e-06
vn 0.000103641956 -1 -5.8748923e-05
vn -0.999927759 0.00188434543 0.0118673211
vn -0.703198254 -0.0108202919 0.710911512
vn -0.703198195 -0.0108202919 0.710911512
vn 0.0129855461 -0.999747336 0.0183484182
vn 0.0263314731 -0.998959959 0.0372264944
vn 0.0150976935 -0.999620438 0.0230402984
vn -0.00618313393 -0.999980927 -5.28935998e-05
vn -0.00198629685 -0.999996006 0.00201288029
vn 0.0534857661 0.995880544 0.0732195377
vn 0.0223822687 0.999279797 0.0306409709
vn 0.0324482508 0.998485744 0.0444206186
vn -0.00077335391 0.999999166 -0.00105750037
vn 0.000121466699 -1 1.54259965e-06
vn 5.81001259e-05 -1 -5.97206199e-05
vn -0.703585088 6.15093612e-08 0.710610986
vn -0.703544676 -0.000316168385 0.71065104
vn -0.70326668 -0.00247474946 0.710921884
vn -0.703225493 -0.00279209134 0.710961342
vn -0.000109112902 0.99999994 0.000110401583
vn -0.000223667172 1 2.09244263e-06
vn -0.703585029 6.15093541e-08 0.710610986
vn -0.703544736 -0.000316169404 0.71065098
vn -0.70326674 -0.00247474015 0.710921824
vn -0.703225553 -0.0027920811 0.710961342
vn 7.7658704e-05 -1 -7.85224838e-05
vn 0.983839154 0.178313106 0.0162757095
vn 0.973091066 0.230197832 -0.0101371398
vn 0.979404807 0.201859742 0.00433537224
vn 0.967549622 0.251786679 -0.0212394632
vn 0.333521932 0.0469206944 -0.941573977
vn -0.508624673 0.117625833 0.852915645
vn -0.585098267 0.0864695832 0.806339204
vn 0.630537152 0.644369602 -0.43267861
vn 0.741892755 0.622788668 -0.248454243
vn -0.502296686 0.0938522816 0.859586895
vn 0.535769403 0.387124509 -0.750390351
vn -0.44430843 0.0850762874 0.89182514
vn -0.573683441 0.102468759 0.812642217
vn 0.38786757 0.344784945 0.854799449
vn 0.523976803 -0.624284267 -0.579411209
vn -0.893205583 -0.448448986 -0.0328229181
vn -0.821209371 -0.568609715 0.0479398035
vn 0.00268485909 0.00103433686 -0.999995887
vn 0.624617875 -0.0904316977 -0.775676906
vn -0.608893812 0.102050111 0.786660135
vn -0.728003383 -0.508196712 0.460160047
vn -0.79048413 -0.556539893 0.255730718
vn 0.67285341 0.50616163 -0.539507806
vn -0.538511753 0.122153558 0.83371681
vn 0.672078252 -0.166584581 -0.721498728
vn -0.667435467 0.0788363963 0.740482807
vn -0.985282481 -0.0435724035 0.165287271
vn -0.985282421 -0.0435723998 0.165287256
vn 0.00984546449 0.0269699693 0.999587715
vn 0.507309914 -0.029954372 0.86124289
vn 0.00632484304 0.00549972476 0.999964952
vn -0.00562297553 0.000216871573 -0.999984086
vn 0.0010566148 -0.026764689 -0.99964124
vn -0.00169845752 -0.0177894756 -0.99984026
vn -0.69995898 0.0998094305 0.707174361
vn -0.640450597 0.0837812498 0.763415813
vn -0.87421447 -0.429911524 -0.225666374
vn -0.87421447 -0.429911524 -0.225666344
vn -0.874214411 -0.429911494 -0.225666359
vn -0.590721011 0.112985879 0.798926115
vn 0.000227024837 0.00282138772 -0.999996006
vn -0.790935159 0.604892552 -0.0923395231
vn -0.818107486 0.575045824 -0.00473461067
vn -0.791263998 0.603641987 -0.0975588635
vn -0.59114486 -0.285606831 0.754305303
vn -0.585530043 -0.165406823 0.793596327
vn -0.415052593 -0.909775138 0.00635395385
vn -0.270357043 -0.962745249 0.00534097478
vn -0.564817131 -0.817493796 0.112629324
vn 0.0142663643 0.0723242462 0.997279167
vn 0.0183189623 0.0152149582 0.999716401
vn 0.180536076 -0.964951336 -0.190461621
vn 0.605917454 0.204851821 -0.768700063
vn 0.536610782 -0.0852650851 -0.839510977
vn 0.00461633457 -0.00273169414 0.999985576
vn -0.87131089 0.483603477 0.0833356678
vn 4.48743631e-05 -0.0262521747 -0.999655366
vn -0.0780541897 -0.996641636 -0.0247586444
vn 0.614150107 -0.546362221 -0.5694803
vn -0.571865678 0.00152470928 0.820345759
vn 0.767430067 0.596803963 0.234256685
vn -0.741712809 0.0662644878 0.667436182
vn -0.746844053 -0.374596208 0.549455881
vn -0.000861620356 -0.999987364 0.00495059928
vn 0.00039772375 -0.999999046 0.00134036958
vn -0.682464778 0.156337574 0.714003086
vn -0.682836354 0.111429006 0.722023606
vn -0.780289888 0.149270162 0.607343435
vn -0.000218081841 1 6.22825464e-05
vn -0.726731062 0.0753050968 0.682781875
vn -0.999999583 0.000806684548 0.000203698553
vn -0.999987781 0.00483124191 0.00109558832
vn -0.999982357 0.00579345506 0.00130471843
vn -0.000613130163 -0.999999821 -6.43224339e-05
vn -4.36283481e-05 -1 -4.07988318e-06
vn -0.000641652034 -0.999999762 -6.73395261e-05
vn -1 1.24526296e-05 3.31992815e-05
vn -8.74227766e-08 -1 5.25926396e-07
vn -0.999999285 -0.000759708404 0.000914219534
vn -0.999979258 -0.00413270947 0.00492309174
vn -0.999995291 -0.00196096976 0.00236815889
vn -0.999999881 8.74227695e-08 0.000412979221
vn -0.999997854 -0.00142029661 0.00146831316
vn -0.999959469 -0.00659061922 0.00613565603
vn -0.999904454 -0.0104731312 0.0090201851
vn -0.981866956 -0.184892207 0.0418595783
vn -0.999999881 -0.000509586942 -0.000190744511
vn -0.990968406 -0.0963033736 -0.093311958
vn -0.999999881 -0.000375765638 -0.000475965935
vn -0.999625981 -0.00611346215 -0.0266561843
vn -0.968083203 -0.247971892 -0.0363965221
vn 0.0138807939 -0.00693131005 -0.999879658
vn -0.0140268579 -0.0333267525 -0.999346137
vn 0.0108692879 0.0107483743 -0.999883235
vn 0.000616179663 0.999649167 -0.0264789779
vn -0.000495391316 0.999864638 -0.0164409466
vn -0.00260613766 0.997970283 -0.0636293888
vn -0.00328664505 0.000481182593 -0.999994576
vn -0.90263319 -0.412240595 0.123738013
vn 0.0101275602 0.0874433443 0.996118009
vn 0.0134342303 0.0694149286 0.99749738
vn 0.00954089686 0.0906368867 0.995838284
vn 0.75956589 -0.0677003711 -0.646897376
vn -0.752690494 0.0576337278 0.655847132
vn 1.49723855e-05 0.999390781 0.0349006429
vn -1.7964303e-05 0.9993909 0.034896601
vn -2.0938227e-05 0.99939096 0.0348961763
vn -0.998793662 0.00325846346 0.0489983894
vn -0.998869479 0.000628969749 0.0475313552
vn -0.99871093 0.0058148494 0.0504242182
vn -0.998621225 0.00833287835 0.0518282615
vn 0.6592834 0.338044703 -0.671618164
vn -0.71561867 0.0940213576 0.69213438
vn -0.0625628531 -0.99642092 0.0568432622
vn 0.000554144674 -0.999252021 0.0386665314
vn 0.00554287853 -0.999287426 0.03733496
vn 2.66196676e-05 0.999390721 0.0349023454
vn 5.08280173e-05 -0.999390483 0.0349093825
vn 0.361255288 0.173842967 0.916118562
vn 0.540410399 0.0296499599 -0.840878963
vn -0.688249052 -0.0359654017 0.724582434
vn -0.694564044 -0.00451546861 0.719416738
vn 0.719608068 -0.000749418221 0.694379926
vn 0.717980146 0.000809437479 0.696063221
vn 0.720685601 -0.00178407424 0.693259835
vn 0.722249329 -0.00329004694 0.691624999
vn 2.35798616e-05 0.999390781 0.0349009968
vn -0.088533774 -0.994068801 0.0631599724
vn -0.768686116 0.0584550127 0.63694948
vn 0.999999881 -0.00048963225 -4.0176601e-05
vn 0.99999994 -6.63641913e-05 -3.63185215e-08
vn 0.999999702 -0.000744518533 -0.00010150337
vn 0.999999881 0.000499090005 0.000166539758
vn -0.0780343935 -0.175698504 0.981346369
vn -0.027115738 -0.0637446567 0.997597873
vn 0.00186372036 -1.62931613e-10 0.999998271
vn -2.91222332e-05 -1 0.000169106483
vn -2.91222332e-05 -1 0.000169106468
vn 0.999999762 -0.000182606018 0.000650421774
vn 0.99999547 -0.000124833867 0.00299493596
vn 0.999998629 -0.000725326012 0.00151256123
vn -0.000227970682 0.99999994 -5.29240351e-05
vn -0.000227970697 1 -5.29240388e-05
vn -0.000227970711 1 -5.29240424e-05
vn -0.101976551 -0.228317216 0.96823144
vn 0.999999404 -8.74227268e-08 0.00110086449
vn 0.00251742406 -0.00209604786 0.999994636
vn 0.00310839899 -0.00072158 0.999994874
vn 0.00341865094 -2.98867958e-10 0.999994159
vn -0.000439407944 -0.999999821 0.000208932208
vn -0.000439407944 -0.999999881 0.000208932208
vn -0.000439407973 -0.999999881 0.000208932208
vn 0.999998331 -8.74226274e-08 0.00179533951
vn 3.41482482e-05 1 -0.000129145512
vn 3.41482519e-05 1 -0.000129145512
vn 0.00221841503 -0.00279146573 0.999993622
vn 0.999916852 -0.00556914089 0.0116256792
vn 0.999710083 -0.00948571134 0.0221299324
vn 0.998477161 -0.024851935 0.0492504798
vn -0.0146804424 -0.0456625 0.998849034
vn -0.00309623452 -0.0120690744 0.999922335
vn 0.00106528366 -9.31300592e-11 0.999999464
vn -6.80158191e-05 -1 0.000128384447
vn -0.0185741987 -0.0569532476 0.998204112
vn -0.000369822403 0.999999881 1.08225722e-05
vn 0.776392281 -0.0989500508 -0.622433841
vn 0.738463938 -0.146096483 -0.658275664
vn -0.801361918 0.0510860495 0.595994473
vn 0.807401359 0.42216 -0.412169844
vn -0.101492561 -0.988405287 0.112934798
vn -0.158075616 -0.984784245 -0.0721944347
vn -0.17054157 -0.97856915 -0.115403779
vn -0.804150879 0.0777137056 0.589323163
vn -0.809997916 0.081691958 0.580714941
vn -0.79109925 0.0690343082 0.60777986
vn -0.783307254 0.0639756322 0.618333936
vn -0.782774806 0.101713613 0.613936484
vn -0.907708585 0.38159591 -0.174497738
vn -0.00199849927 0.000102133548 -0.999997973
vn -0.999017954 0.00100976042 0.0442957915
vn -0.999046564 -0.000574154139 0.0436525121
vn -0.999028325 0.000459050061 0.0440721512
vn -0.99905616 -0.0011379848 0.0434234962
vn 0.999999702 -0.000183219192 -0.000857236329
vn 0.999999523 -0.00019971747 -0.000873913057
vn 0.999999285 -0.000382023252 -0.00105819257
vn 0.999999821 -8.74227624e-08 -0.000672121765
vn 0.100300699 0.00221528858 -0.994954705
vn 0.092551589 0.000384277693 -0.99570775
vn 0.090924494 -7.94887178e-09 -0.995857775
vn 0.101920538 0.00259820768 -0.994789183
vn -0.746333361 0.0558807813 0.663222253
vn -0.726601124 0.0435885787 0.685675502
vn -0.845520258 0.10962452 0.522568464
vn 0.00251715491 0.000825327763 -0.999996543
vn -0.892770886 -0.429236621 0.136806995
vn 0.0139588686 -0.999373555 0.0325238556
vn 0.000478157715 -0.999394119 0.0348002799
vn 0.011320591 -0.999392152 0.0329735577
vn -4.56843336e-05 -0.999391198 0.0348883159
vn -8.83831817e-05 -0.999391854 0.0348694548
vn 0.000612898148 0.999388337 0.0349652618
vn 0.000637597521 0.999388278 0.0349676907
vn 0.000129177904 0.999390244 0.0349147953
vn 1.26576788e-05 0.999390841 0.0348994322
vn 2.43389732e-05 0.999390602 0.0349046364
vn 0.448313087 0.0611730851 0.891780913
vn -0.895916998 0.0801014751 0.436940074
vn 0.719013751 0.00112078153 0.694994867
vn 0.71785754 0.00222776853 0.696186423
vn 0.719778955 0.000386739004 0.694203258
vn 0.720895171 -0.000686312153 0.693043828
vn 0.796434045 0.484677851 0.361635536
vn 0.877488852 0.423699677 -0.224704161
vn -0.806563675 0.0485169142 0.589152992
vn -0.88401556 -0.374948889 0.279159129
vn -0.83053112 -0.201625228 0.519196808
vn -0.732110858 0.0689868331 0.677683234
vn -0.831052125 0.0839277804 0.549825966
vn -0.815752983 0.103036143 0.569148958
vn -0.711879432 0.0381313004 0.701265812
vn -0.994420707 0.0559367053 -0.0894348174
vn -0.984219611 0.0731650665 0.161116913
vn -0.99285233 0.054636661 -0.106108353
vn -0.353021592 -0.935186803 -0.0283080805
vn -0.202892125 -0.958652914 -0.19954814
vn -0.157237798 -0.956071496 -0.247393534
vn -0.0105147762 -0.920969427 -0.389493138
vn -0.0291727185 0.0168676749 0.999432027
vn -0.0169360787 0.0109344274 0.999796808
vn -0.0685979649 0.0404961519 0.996822119
vn -0.0889376029 -0.984392822 0.151858196
vn 0.0140740415 0.0659210086 0.997725606
vn 0.847853541 0.263778836 -0.4599621
vn 0.999993026 0.00321731204 0.00186939747
vn 0.999991596 -8.74220447e-08 0.00409195293
vn 0.999985516 0.0053758719 0.000378245983
vn 0.999966264 0.00807901751 -0.00148915069
vn 0.095197022 -8.32238811e-09 -0.995458484
vn 0.0955973119 -9.52977352e-05 -0.995420158
vn 0.097514607 -0.000551775214 -0.995233953
vn 0.0979185179 -0.000647958019 -0.995194197
vn -0.0139426924 -0.101970211 -0.994689703
vn 0.834801972 -0.0778884143 -0.545013011
vn -0.000942093553 0.999762118 -0.0217878316
vn -0.00594613794 0.994470835 -0.104845017
vn -0.00795701984 -0.00108791119 -0.999967754
vn 0.0487788208 0.0665896386 -0.996587455
vn -0.87327832 0.0880963728 0.479191214
vn 0.0257101804 -0.000175038746 0.999669492
vn -0.905202806 0.375134528 -0.199704334
vn -0.825017512 -0.027811138 0.564422488
vn 0.0168981124 0.00086783705 0.999856889
vn -0.916745782 -0.298899084 0.265021592
vn -0.893958926 0.0710708499 0.442477673
vn -0.911918104 -0.293944001 0.286360323
vn -0.0030751233 8.10851561e-05 -0.999995291
vn -0.993607461 0.0850638747 -0.0742189959
vn -0.00715846056 0.000405295403 0.99997431
vn -0.000321149826 2.09561949e-05 1
vn -0.00720952032 0.000408165535 0.999974012
vn 0.00161455467 -0.000842363457 0.99999845
vn 0.927093625 -0.0748932138 -0.367271423
vn -0.930515587 0.0899428651 0.355036736
vn -0.324742049 0.0182064008 0.945627332
vn 0.726572514 0.0369873084 -0.686093509
vn -0.988725066 0.0576452501 -0.138202265
vn -0.988725066 0.0576452464 -0.13820228
vn -0.988725007 0.0576452427 -0.13820225
vn -0.92676568 -0.267632693 0.263586909
vn 0.000637807301 0.000250652141 0.999999762
vn 0.0805497468 -0.00476545189 0.996739268
vn -0.00327022397 0.00013202423 -0.999994576
vn 0.868860066 -0.0444827676 -0.493055254
vn -0.981628776 0.0733742192 0.176128224
vn 0.997684598 -0.0680020899 0.00103635725
vn 0.994907856 -0.0667733178 0.0754956156
vn 0.99485749 -0.0667604879 0.0761683881
vn 0.997684538 -0.0680114925 0.00036237709
vn -0.000242839815 1.65542297e-05 0.99999994
vn 0.866618752 0.33242783 0.37210691
vn 0.896855831 0.100577332 -0.430736274
vn 0.573036313 -0.789450288 -0.219994798
vn 0.573036253 -0.789450288 -0.219994769
vn 0.573036313 -0.789450288 -0.219994783
vn 0.940791428 0.264985412 -0.211410061
vn -0.956329823 -0.0503380112 0.287922651
vn -0.993042648 0.0853244737 -0.0811545402
vn -0.981903434 -0.109246261 0.154695839
vn -0.949009418 0.0912224948 0.301760852
vn -0.949009418 0.0912225023 0.301760852
vn -0.949009359 0.0912225023 0.301760852
vn 0.98684001 -0.154901698 0.0463925935
vn 0.994214654 -0.105403602 0.0206719786
vn 0.949899852 -0.285469115 0.127270088
vn 0.452982634 -0.00573897688 0.89150095
vn 0.0016707402 -0.999997318 0.00156948552
vn 0.999955714 -0.00112718542 -0.00934920087
vn -0.00898228213 -0.00133583089 -0.999958813
vn 0.99999851 0.00173128501 -0.000157993301
vn -0.975594699 0.0181663837 -0.218826458
vn -0.97559464 0.0181663837 -0.218826458
vn -0.975594699 0.0181663856 -0.218826458
vn 0.919066429 0.215050474 0.330257505
vn 0.00277643115 0.999993026 0.00246955571
vn 0.00366830872 0.999988079 0.00323395268
vn 0.00674239034 0.999960065 0.0058686398
vn -0.000105021587 0.99999994 -3.81775003e-08
vn -0.0070722932 -0.999106169 0.0416758768
vn 0.000181274751 -0.999991834 0.00404828181
vn 0.971673191 0.0638884753 -0.227529123
vn -0.326812267 0.0183229968 0.944911659
vn 0.997397006 -0.0677387416 -0.0247123372
vn 0.979788244 -0.0518324599 0.193205923
vn 0.719222903 0.0802551582 0.690128624
vn 0.998490393 -0.0274619758 -0.0475674979
vn 0.990362465 0.0143054333 -0.137758791
vn 0.976545453 0.110499263 0.184793517
vn 0.158909693 0.984849691 0.069418326
vn 0.158909693 0.984849632 0.069418326
vn 0.158909678 0.984849572 0.069418326
vn 0.998531044 0.0371849723 -0.0394086502
vn 0.997742057 0.0483583994 -0.0466082394
vn 0.995688975 0.0701732263 -0.0606566966
vn -0.398471892 0.180891827 0.899165332
vn -0.398471922 0.180891842 0.899165332
vn -0.398471862 0.180891827 0.899165273
vn 0.450823337 -0.239314139 0.85993439
vn 0.450823307 -0.239314139 0.85993439
vn 0.999770224 0.00731758773 -0.0201501995
vn -0.316443503 -0.893599272 0.318345577
vn -0.0263687819 -0.994982898 0.0965074077
vn -0.208314314 -0.948916972 0.236984819
vn 0.0659680143 -0.997541726 0.0236328095
vn 0.999671936 -0.012886473 -0.0221364032
vn 0.924854457 -0.116799153 -0.361942261
vn 0.980130196 0.197813794 0.0146460952
vn -0.0364338383 0.0334931128 0.998774648
vn -0.153387189 0.112966225 0.981687844
vn 0.0611536764 -0.032954745 0.997584164
vn 0.865409434 0.0881373659 -0.493252903
vn 0.174144089 -0.110044107 0.978552043
vn 0.985432804 0.168992266 0.019068934
vn 0.992888153 -0.11850556 0.0113850674
vn 0.0850313753 0.992456496 0.0883166417
vn 0.0791860223 0.993115246 0.086322926
vn 0.0747475624 0.99358958 0.0848075449
vn 0.0876115784 0.992153287 0.0891959518
vn -0.127121463 -0.987226069 0.0960463285
vn -0.127121463 -0.987226009 0.0960463211
vn -0.127121463 -0.987226069 0.0960463211
vn 0.973665357 0.227538437 0.0142140547
vn 0.912769258 0.326388896 -0.245606408
vn 0.165650859 0.00458237808 0.986173868
vn 0.12587148 -0.023853315 0.991759717
vn 0.535671771 -0.0199433677 0.844190717
vn 0.97593677 -0.217602044 0.014023874
vn 0.675850213 0.18838267 -0.712557733
vn 0.00012571628 0.00554107875 0.999984682
vn -2.86633785e-05 0.00782869663 0.999969363
vn -0.000169434323 0.0179776326 0.999838412
vn 0.894109488 -0.33735761 -0.29454723
vn 0.928667784 -0.370553702 0.016309157
vn 0.547781587 -0.160309106 -0.821118951
vn 0.355763495 -0.0208779611 -0.934342742
vn -0.00362284505 0.00639224472 0.999972999
vn 0.0191130098 -0.00818933547 0.999783814
vn 0.999812603 0.00172677368 -0.019283073
vn 0.984663367 -0.132816762 -0.11312744
vn 0.960733473 -0.21770063 -0.172039554
vn 0.911236405 -0.328452379 -0.248530224
vn 0.324220717 0.148416385 -0.934266329
vn 0.90276283 0.429885149 0.0147665842
vn -0.186978757 0.0911200792 0.97812885
vn 0.804714203 -0.495962262 -0.326276839
vn -0.00250530755 0.00581598515 0.999979973
vn 0.839825392 -0.542622209 0.0159506798
vn 0.00244907825 0.0116991187 -0.999928534
vn 0.0049282792 0.0108710686 -0.999928772
vn 0.719239354 0.481875896 -0.500490189
vn 0.389810264 -0.242381096 -0.888425231
vn -0.155454531 -0.0859124735 -0.984099984
vn 0.795348287 0.605891705 0.0177871287
vn 0.0183662884 -0.0187831819 0.99965483
vn 0.0219767913 -0.00697644893 -0.999734104
vn -0.000483903132 0.000157524177 -0.999999881
vn -0.000615649798 -0.00116732635 0.999999106
vn 0.697981179 -0.701599479 0.143458754
vn 0.898086607 -0.425295651 -0.112089887
vn 0.747023582 -0.663425386 -0.0426894464
vn 0.920897722 -0.367903739 0.128818303
vn 0.990445673 -0.00977297593 0.137556404
vn 0.999168038 0.00289959111 0.0406781435
vn 0.999590397 0.00478845928 -0.0282150973
vn -0.196869433 0.961643875 -0.191006586
vn -0.196869433 0.961643815 -0.191006556
vn -0.196869478 0.961643875 -0.191006601
vn 0.999994099 0.00276791235 -0.00204001227
vn 0.989791095 0.0197040495 0.141157806
vn 0.993245304 0.0117921066 -0.115432985
vn -0.1492109 -0.982007027 -0.115751147
vn -0.196986184 -0.976556778 -0.0867944136
vn -0.22932452 -0.971053779 -0.0668197274
vn 0.997706532 -0.00681545585 -0.0673447847
vn 0.996195853 0.0132325068 -0.0861315653
vn 0.999002278 0.0149997184 0.0420661084
vn -0.00302166305 -0.967313766 0.253564358
vn 0.165570438 -0.919058383 0.357656479
vn -0.155893043 -0.976319194 0.149994016
vn -0.0413363539 0.996434629 0.0735478997
vn 0.000436680828 0.999999881 -0.000221237293
vn 0.000111530993 1 -2.87201055e-05
vn 0.000247670541 1 -3.4180568e-05
vn 0.998784542 -0.00124106451 -0.0492750779
vn 0.0128323436 -0.998917162 -0.0447183959
vn -0.0166806206 -0.999772608 -0.0132902479
vn -0.0178623274 -0.999768078 -0.0120306537
vn -0.0461545549 -0.998769283 0.0181540642
vn 0.99336189 0.00107624277 -0.115025617
vn 0.964119911 0.0163375139 0.264963865
vn -0.000156779279 1 -0.000172094311
vn -0.000206811572 1 -0.000151261309
vn 0.99674046 -0.0275184698 0.0758372396
vn -0.180828795 0.905137837 -0.384742022
vn -0.180828795 0.905137777 -0.384742022
vn -0.180828765 0.905137777 -0.384741992
vn 0.166395247 0.921289086 0.351481199
vn 0.166395262 0.921289086 0.351481229
vn 0.166395277 0.921289086 0.351481229
vn -0.0876476392 -0.984467626 -0.152123109
vn 0.122836612 0.831352592 0.542000055
vn 0.0626706854 0.852012753 0.519756317
vn 0.00730888732 0.867542148 0.497309804
vn 0.995366037 0.000676223368 0.0961554199
vn 0.138708457 0.907567084 -0.396335781
vn 0.174528748 0.895611882 -0.40916872
vn 0.109178856 0.916290939 -0.38534525
vn 0.992295444 0.00669201603 0.123713672
vn 0.16882287 -0.803119838 -0.57139945
vn 0.0360989645 -0.845163822 -0.533286929
vn -0.0416161679 -0.861558259 -0.505950093
vn 0.985176384 -0.00297446712 -0.171518221
vn 0.152276531 0.808171868 0.568920016
vn -0.104146957 0.871554196 0.479110241
vn -0.202153146 0.877973914 0.433930814
vn 0.996112704 -0.00282101799 -0.0880422369
vn -0.225710347 0.612562716 0.757510245
vn -0.225710362 0.612562716 0.757510245
vn -0.225710377 0.612562776 0.757510245
vn 0.996144712 -0.00312920031 0.0876690075
vn 0.0378036536 -0.57220161 -0.819241285
vn 0.0231109075 -0.560290098 -0.827973962
vn 0.0239718147 -0.560994446 -0.827472329
vn 0.010670214 -0.550020695 -0.835082769
vn -0.0123625202 -0.531758308 0.84680593
vn -0.0139301335 -0.532884479 0.84607327
vn 0.0321235135 -0.498868555 0.866082072
vn 0.220866725 -0.876556933 0.42762807
vn 0.220866725 -0.876556933 0.4276281
vn 0.22086671 -0.876556933 0.42762807
vn -0.592445731 0.0990967304 0.7994923
vn -0.611050665 0.000306898612 0.791591406
vn -0.614995837 -0.0262708925 0.788092613
vn -0.999635398 -0.0267610773 0.0035791127
vn -0.949753582 0.312996596 -0.00118451787
vn -0.999964237 0.00768950814 -0.00351743912
vn -0.960773051 0.276437908 -0.0223025959
vn -0.625844061 -0.126857817 0.769562364
vn -0.9466452 -0.322105289 0.0105302455
vn 0.0596459545 -0.721916795 -0.689404488
vn 0.113360725 -0.743484676 -0.659075022
vn 0.0865913853 -0.733108997 -0.674576342
vn 0.0197299588 -0.70397085 -0.709954798
vn 0.236221313 0.553640604 -0.798549712
vn 0.236221299 0.553640664 -0.798549771
vn 0.236221299 0.553640604 -0.798549712
vn 0.192600712 0.888999999 -0.415432304
vn 0.269636154 -0.868295252 0.41636464
vn -0.054640729 0.160327241 -0.985550284
vn -0.0546407402 0.160327271 -0.985550404
vn -0.0546407327 0.160327256 -0.985550344
vn 0.0637423247 0.205448538 0.976589859
vn 0.0637423322 0.205448568 0.976589918
vn 0.0637423322 0.205448568 0.976589859
vn -0.0617293976 -0.566153347 0.821985304
vn 0.979432166 -0.00193335302 -0.201764062
vn -0.156504214 -0.69429177 0.702470839
vn -0.156504229 -0.69429177 0.702470899
vn -0.156504229 -0.69429177 0.702470839
vn 0.159072295 0.816976368 0.554297507
vn 0.275713891 0.86507839 -0.419071943
vn 0.275713891 0.86507839 -0.419071972
vn -6.20022474e-05 -7.6645631e-07 1
vn 0.000168861778 -6.49481808e-05 1
vn -7.74532455e-05 5.80909e-06 1
vn 0.947920203 0.00384947518 -0.318484634
vn 0.249218807 0.766416609 0.59202677
vn 0.22636874 -0.779209793 -0.584456325
vn -0.128566951 -0.652838528 0.74650687
vn -0.128566951 -0.652838469 0.74650681
vn -0.128566951 -0.652838528 0.74650681
vn 0.947085738 -0.000133216628 -0.320980698
vn 0.987718403 -0.00378536829 0.1561988
vn -0.195264429 0.515402794 -0.834404945
vn -0.195264459 0.515402853 -0.834405005
vn 2.67993146e-05 3.35042023e-05 1
vn 0.000118792821 -4.75359557e-05 1
vn -0.949030459 -0.314535469 0.0202139802
vn 0.975073695 0.00451898761 -0.221835092
vn 0.00920002535 0.280018032 0.959950686
vn -0.106385455 0.344061047 0.932900965
vn -0.177497357 0.380838722 0.907445014
vn 0.852404892 -0.413355917 0.320222884
vn 0.689819515 -0.699207425 -0.187771291
vn 0.972244442 -0.00250911899 0.233953983
vn -0.215109989 0.493962586 -0.842453957
vn -0.215109974 0.493962556 -0.842453897
vn -0.215109974 0.493962586 -0.842453957
vn 0.976993799 0.050652232 -0.207164958
vn 0.0905682445 -0.344569921 0.934381604
vn 0.0303626098 -0.369699091 0.928655267
vn 0.204329818 -0.292530924 0.934170723
vn 0.927420974 0.00297253253 0.374007344
vn 0.969928026 0.0642402023 0.234761134
vn 0.864652812 -0.377616078 -0.331332922
vn 0.0992420167 0.226529837 0.968935192
vn -0.0539309047 -0.402136505 0.91399008
vn -0.182983115 -0.13883996 -0.973262906
vn -0.182983115 -0.13883996 -0.973262966
vn -0.1829831 -0.13883996 -0.973262906
vn 0.129215494 -0.0537505634 0.990158677
vn -0.1526649 0.0556470826 0.986710012
vn -0.231091946 0.0861452296 0.969110727
vn 0.241980612 0.0406286083 -0.969430089
vn 0.0284940619 -0.0661291406 -0.997404099
vn -0.0826717019 -0.119902432 -0.989337504
vn 0.316504568 0.0790496394 -0.945291519
vn 0.286431104 0.0851986408 -0.954305112
vn 0.286431134 0.0851986408 -0.954305172
vn 0.21254614 -0.0860262215 0.973356843
vn -0.930213094 0.229544491 -0.286379009
vn -0.930213153 0.229544491 -0.286379009
vn -0.261394024 -0.152153447 -0.953164458
vn -0.0152377477 0.999521196 0.0269312225
vn 7.29658423e-05 -1.91798918e-05 1
vn 0.296132922 0.310283095 -0.903343558
vn 0.664646327 0.671244264 -0.328141004
vn 0.00706769386 -0.00289648841 0.999970794
vn -0.547356665 0.41581127 0.726293087
vn -0.421205312 0.187532797 0.88736552
vn -0.858199954 0.513093233 -0.0151053825
vn -0.848440707 -0.529035687 0.0164199043
vn 0.860922337 -0.508733094 0.00182359421
vn -0.90874511 0.0806262344 -0.409489602
vn -0.96749413 0.129580125 -0.217172742
vn -0.984716415 0.173787966 -0.0114540048
vn 0.999999821 -0.000241540358 -0.0005817372
vn 0.999999881 0.000114971881 -0.00054468913
vn 0.999999881 -0.000444680278 -0.000341418287
vn 1 -0.000124128841 -2.86419927e-05
vn 1 -0.00022889582 0.000174072688
vn 1 0.000281927962 -0.000201614646
vn 1 4.83844524e-05 2.99498806e-05
vn 0.130056009 0.960433841 -0.246276751
vn 0.130056024 0.9604339 -0.246276781
vn 0.130056024 0.9604339 -0.246276766
vn 1 0.00014386166 -2.87859875e-05
vn -0.109171644 0.722772419 0.682408571
vn -0.109171651 0.722772479 0.682408631
vn -0.0806066319 0.736911118 -0.671166658
vn -0.0806066245 0.736911058 -0.671166658
vn -0.080606617 0.736910999 -0.671166599
vn 0.154624254 -0.090490371 0.983820498
vn 0.154624268 -0.090490371 0.983820558
vn 0.154624239 -0.0904903635 0.983820498
vn 0.999999523 -0.000809532998 -0.000629496586
vn -0.122043587 -0.733621657 0.668509364
vn -0.122043572 -0.733621538 0.668509305
vn -0.122043587 -0.733621597 0.668509305
vn 0.999999821 -0.000601077743 2.5149362e-05
vn 0.0899413675 -0.774944544 -0.625596941
vn 0.104302153 -0.759717941 -0.641833127
vn 0.118830636 -0.743687272 -0.657881796
vn 0.137233242 -0.722461045 -0.677655637
vn 0.999999046 -0.00074998528 0.00113950553
vn 0.999998391 -0.00174535648 0.000393411494
vn 1 -0.000199072427 -0.000150782042
vn 1 -0.000108990913 1.27275553e-05
vn 0.999999881 -0.000259585882 -5.57442436e-05
vn 1 -0.000186232472 -2.70273017e-06
vn 1 -0.000208161131 3.43213469e-05
vn 0.99999994 7.47368467e-05 7.5621756e-05
vn 1 0.000102306134 3.62338942e-05
vn 0.0120879682 0.727803051 0.685679555
vn 0.0113984616 0.728699625 0.684738576
vn 0.0126356715 0.727089763 0.686426044
vn -0.0054193167 0.722436547 -0.691415846
vn -0.0126843797 0.732276797 -0.68088901
vn -0.0178923793 0.739216149 -0.673230588
vn 0.0108711747 0.729384184 0.684017956
vn -7.45328507e-05 0.715078533 -0.699044108
vn 1 -2.34186027e-05 0.000116162009
vn -0.00519605959 -0.723394632 0.690415323
vn -0.00024990231 -0.716567636 0.697517574
vn -0.0119667128 -0.732598662 0.680555642
vn -0.0167796165 -0.739042163 0.673450232
vn 1 0.000105284293 0.000182952135
vn 0.0108201951 -0.73190105 -0.681325018
vn 0.0114295799 -0.731111228 -0.682162464
vn 0.0122271618 -0.730075598 -0.683256924
vn 0.0128585668 -0.729254246 -0.684122026
vn 1 0.000174540299 0.000134120986
vn -0.0687766746 0.990103841 0.12232776
vn 0.864238203 0.00847390201 -0.503011525
vn 0.792305291 -0.383036315 0.47490564
vn 0.564529836 -0.702111721 0.433987558
vn 0.858798027 -0.00118588959 -0.512312889
vn -0.166257262 -0.98606658 0.00557014626
vn -0.100722767 -0.994413733 0.0315641873
vn -0.105835058 -0.994178891 -0.0201861225
vn -0.102355525 -0.994260848 -0.0311242733
vn 0.775391996 -0.420408279 -0.471194208
vn -0.0993806645 -0.994771004 0.0235407967
vn -0.978314757 0.190966845 0.0801981762
vn 0.786954761 0.00796509441 0.616959214
vn 0.818672538 0.00108305924 0.574259639
vn -0.000115966373 0.99999994 2.99910353e-05
vn -6.9154361e-05 1 1.75815112e-05
vn -0.588533342 -0.805268824 -0.0719063431
vn -0.356916428 -0.931808949 0.0658986345
vn -0.509570122 -0.860147178 -0.022027038
vn -0.697539806 -0.701143861 -0.147768155
vn -0.318494141 -0.465214759 -0.825915635
vn -0.318494171 -0.465214819 -0.825915694
vn -0.318494171 -0.465214789 -0.825915635
vn -0.46661073 0.884077132 -0.02611815
vn -0.568078876 0.818748415 -0.0832906291
vn -0.655934274 0.742324769 -0.136763081
vn 1 5.70917764e-05 0.000209148129
vn 1 -3.38229729e-05 0.000198915412
vn 0.999999881 -0.000268941367 6.46240142e-06
vn 0.999999583 -0.000645159802 -0.000629224058
vn 0.999999762 -0.000203607706 0.000672088703
vn 0.999999821 0.000140219738 0.000589740754
vn -0.010320764 0.746834695 -0.664929509
vn 0.00706016039 0.735334158 -0.677667797
vn -0.134464592 0.816017866 -0.562169194
vn -0.0398697481 0.84893465 0.526991785
vn 0.015607927 0.885266244 0.46482262
vn 0.00870068371 0.881137371 0.472780406
vn 0.061106503 0.909651339 0.410853505
vn 0.133347824 0.638398051 -0.758067489
vn 0.99999994 -0.000236616048 0.000436559989
vn -0.00238654995 -0.0755076483 0.997142375
vn 0.0288887843 -0.0444193147 0.998595178
vn 0.028357897 -0.0449482091 0.998586714
vn 0.999999881 -0.000439692318 0.000318590028
vn 0.0560992099 -0.0172554739 0.998276114
vn -0.0521466285 -0.521718562 -0.851522505
vn -0.0694953799 -0.533881068 -0.842698812
vn -0.0674475878 -0.532458842 -0.843764484
vn -0.0824854672 -0.542820215 -0.835788369
vn 0.99999994 0.000284006441 0.000372534239
vn 0.999999762 0.000464047102 0.000510465004
vn 1 -0.00028778828 0.000155219401
vn 0.00209900388 -0.960091531 0.279678166
vn -0.000979578355 -0.959185183 0.282776952
vn -0.0895054266 -0.924920261 0.369474202
vn 0.0866378844 -0.977487624 0.192384496
vn 0.0182337705 0.0199295133 -0.99963516
vn 0.00202717283 -0.00104696059 -0.999997377
vn -0.0645497516 0.986294985 -0.151840284
vn -0.064549759 0.986295044 -0.151840299
vn -0.212085575 0.631256044 -0.746012986
vn -0.212085575 0.631256044 -0.746013045
vn -0.32910496 0.943197429 0.0454803035
vn 0.627038181 0.778921843 -0.0101969289
vn 0.0246559884 -0.0196279753 0.999503255
vn -0.779541612 -0.625944734 0.0225383695
vn -0.121321052 -0.0372412801 -0.991914392
vn -0.137573719 -0.988521159 -0.0624449626
vn -0.0781877264 -0.995172083 -0.0593216307
vn 0.0138230585 0.0171524361 0.999757349
vn -0.907777011 -0.410387993 0.086733751
vn -0.950341523 -0.231516421 0.207968727
vn -0.9900195 -0.139893293 -0.0170641355
vn -0.9586308 -0.144049287 -0.245513275
vn -0.886170149 -0.438106656 -0.15088062
vn 0.84608674 -0.438092858 -0.303663999
vn 0.542216718 -0.349745065 -0.76398921
vn 0.0371999331 -0.0192188155 -0.999122977
vn 0.532586277 -0.700337648 -0.475267112
vn -0.121186517 -0.990408421 0.0663705543
vn -0.0745740235 -0.994760394 0.0699311197
vn -0.936022103 -0.0343049578 0.350265414
vn -0.926880717 -0.356586874 -0.117208973
vn -0.958566606 -0.27047202 -0.0894138664
vn 0.0015451815 -6.76846321e-05 0.999998808
vn 0.740091741 -0.671304107 -0.0401870608
vn 0.77777195 -0.628536761 -0.00351434038
vn 0.658171952 -0.744773746 -0.110098973
vn 0.65881598 0.750687301 -0.0492958389
vn 0.677249134 0.732784867 -0.0660301372
vn 0.624797761 0.780538797 -0.019670777
vn 0.313753545 0.273487955 -0.909265161
vn 0.313753515 0.273487926 -0.909265041
vn 0.313753486 0.273487926 -0.909265101
vn 0.420000494 0.0565398932 0.905760944
vn 0.420000434 0.0565398857 0.905760884
vn -0.00719577493 -0.00357777206 -0.999967754
vn 0.00897770375 0.00338748749 -0.999953926
vn -0.910429657 -0.380118966 0.163179204
vn 0.702438295 0.706057966 -0.089790903
vn -0.22885327 0.170121148 0.958480477
vn -0.83183229 0.55500263 -0.0052138092
vn -0.783048391 0.621903896 -0.0084109921
vn -0.706853807 0.70735544 0.00244648289
vn -0.739801049 -0.669644654 -0.0653484613
vn -0.863429666 -0.157028481 -0.479407132
vn -0.821481586 -0.446219325 -0.355044216
vn -0.869042993 -0.104831003 0.483502567
vn 0.392719924 -0.825021565 -0.406337798
vn 0.392719924 -0.825021625 -0.406337827
vn 0.392719895 -0.825021565 -0.406337827
vn -0.946546853 -0.0283807367 0.321315438
vn -0.933389604 -0.0281971693 0.357755035
vn -0.999586582 -7.29296517e-05 -0.0287527237
vn -0.987950802 -0.00554259401 -0.154669151
vn -0.999950588 -0.00741799455 -0.00661240984
vn -0.974762321 -0.00583466934 -0.223169163
vn -0.996451497 -0.00656077499 0.0839134827
vn -0.99897778 -0.000130355576 0.0452039167
vn -0.997237921 0.00193267979 0.0742471218
vn -0.999976754 0.00297696819 -0.00614451384
vn -0.997826636 0.000539658591 -0.0658926666
vn 0.506284356 0.741106153 -0.440951049
vn -0.970808387 0.00838778168 -0.239709616
vn -0.971037149 0.060810931 0.231060162
vn -0.8974455 -0.368342668 -0.242724463
vn 0.000412344263 -0.00010406151 0.999999881
vn 0.854266644 -0.0544579886 -0.516974747
vn -0.974765837 -0.115156487 0.191233993
vn 0.000350753951 -1.61290191e-05 0.99999994
vn 0.0266173687 0.999645591 0.000331550953
vn 0.0527546816 0.998607397 -0.000160635958
vn 0.0865077674 0.996251166 -0.000107557964
vn 0.858929455 0.0611491576 -0.508429945
vn 0.790758371 0.158680856 -0.591203332
vn 0.838989556 -0.540183485 0.0655620247
vn 0.425425559 -0.198714346 -0.882907569
vn 0.425425529 -0.198714331 -0.88290745
vn 0.425425559 -0.198714331 -0.882907569
vn -0.951382995 -0.00144051574 0.308007091
vn 0.166947052 -0.0746803284 -0.983133554
vn 0.789851665 -0.0153926481 0.613104761
vn 0.559876561 -0.591638386 0.580088198
vn 0.793105423 -0.00955423247 -0.609009504
vn 0.751871288 0.00414321432 -0.659296811
vn 0.737250566 0.0303431284 0.674937665
vn 0.512765467 -0.624446571 -0.589184284
vn 0.730386734 -0.343413383 -0.590425551
vn -0.982667983 0.0234856475 -0.183880523
vn -0.983651876 0.00335188396 -0.180049285
vn -0.988808274 -0.146186322 -0.0297932811
vn -0.90752089 -0.123612091 -0.401404887
vn -0.774375141 0.506178498 -0.379639953
vn -0.800591111 0.56635648 -0.195688635
vn -0.794348836 0.607316077 0.0133118341
vn 8.50752403e-05 -6.09005656e-05 0.99999994
vn -0.00022213225 -0.000232961233 0.99999994
vn -5.11079379e-05 -5.66526942e-05 0.99999994
vn -0.000145738872 3.01745913e-05 1
vn 0.000125445411 -7.2339164e-05 1
vn -8.43488669e-06 9.40679547e-06 1
vn 3.14480603e-05 4.78270449e-05 1
vn 3.80285201e-07 -8.7046883e-06 1
vn 3.51135022e-05 6.37774938e-05 1
vn -4.83735203e-05 6.86401545e-05 1
vn -4.20897868e-06 6.79162713e-06 1
vn -5.37971027e-05 0.000104844177 1
vn -0.995206654 -0.022960918 -0.0950599909
vn -0.516023934 -0.267600536 -0.813700914
vn -0.860456705 -0.499770671 -0.0992145762
vn -0.534599423 0.781003237 -0.322858363
vn -0.502670825 0.839713514 -0.205434233
vn -0.55229795 0.727035165 -0.407905549
vn -0.911531746 -0.404052943 -0.0764925107
vn -0.762573838 -0.643877566 0.0624727495
vn -0.86478579 -0.501582563 -0.0236750674
vn -0.954593718 -0.258425295 -0.148213416
vn -0.942657113 0.316014081 -0.107390337
vn -0.942657053 0.316014081 -0.107390329
vn -0.942657173 0.316014081 -0.107390337
vn -0.781791031 0.615997434 0.0966957733
vn -0.900028765 -0.429556102 0.0736870766
vn -0.900028765 -0.429556131 0.0736870766
vn -0.900028825 -0.429556131 0.073687084
vn -0.955119312 0.274347514 0.111716233
vn -0.955119312 0.274347544 0.111716241
vn -0.390864551 -0.892818093 0.223831743
vn -0.390864551 -0.892818093 0.223831758
vn -0.390864551 -0.892818153 0.223831743
vn -0.902922094 -0.0684902072 0.424312174
vn -0.810931325 -0.00538249873 0.585116565
vn 0.657816231 0.0281763487 0.752651215
vn 0.0202277564 0.0208880883 0.999577165
vn -5.59844266e-05 1 -5.59326145e-05
vn -0.808827937 -0.374833286 -0.453097433
vn -0.0406063683 0.0567353033 -0.997563064
vn -4.49499438e-10 -5.09260371e-06 -1
vn -1.19254025e-06 -9.68969543e-05 -1
vn -0.0162653066 0.021858396 -0.999628782
vn -0.00858938508 0.000233097788 -0.999963045
vn -0.768485308 -0.627739131 -0.12399175
vn -0.695860684 0.718114495 0.00946464669
vn -0.847079933 -0.00460344506 -0.531445622
vn -0.913398087 -0.403010637 -0.0573277436
vn -0.454348385 0.888442338 -0.0650974214
vn -0.0731329843 -0.994466603 -0.075417012
vn 0.0193001498 -0.00745294243 -0.9997859
vn -0.0114221452 0.0117711239 -0.999865532
vn 0.0202923045 0.00155925774 -0.999792874
vn -0.0728299543 -0.994656324 0.0731760189
vn 0.00361660263 0.00179084728 0.999991834
vn -0.853550017 0.000155839531 0.521010816
vn -0.21501492 -0.967517674 -0.132958993
vn -0.0987234414 -0.992187917 -0.0762681589
vn -0.156585157 -0.982116699 -0.10453634
vn -0.253399312 -0.95541513 -0.151560992
vn -0.720960319 -0.165006846 -0.673044562
vn -0.722478509 -0.431882411 -0.539909542
vn -0.720306814 -0.114644177 0.684116066
vn 0.0827424005 0.996557891 -0.00511056557
vn -0.0349322334 0.997532129 -0.0609052517
vn -0.196934924 0.970871627 -0.136472717
vn 0.772988319 -0.245746121 -0.584891379
vn -0.857982099 0.502834022 -0.104998738
vn -0.869542599 0.464617968 -0.167408794
vn -0.777004421 0.516106427 -0.360414058
vn -0.822323978 -0.556819081 -0.117199577
vn -0.000843971036 0.000200137292 0.999999583
vn 0.306811035 -0.950976253 -0.0388731919
vn 0.361306459 -0.932445467 -0.00178232661
vn 0.197595835 -0.974101603 -0.109918587
vn 0.100889899 0.994824111 0.0120920502
vn 0.146498248 0.989048004 -0.0179565176
vn -0.0095999008 0.996426225 0.0839209333
vn 0.0502180979 0.357831508 -0.932434916
vn 0.0502180941 0.357831508 -0.932434857
vn -0.0743637905 -0.911846459 -0.403740138
vn -0.0743637905 -0.911846519 -0.403740138
vn 0.981571257 -0.191037193 -0.00477623427
vn -0.000963516359 -0.000565137714 0.999999404
vn 0.255228907 0.962628543 -0.090578787
vn -0.59627533 -0.510647535 0.619431078
vn -0.610449314 -0.537210464 0.582027912
vn -0.611208439 -0.538674831 0.57987386
vn -0.624968946 -0.566142678 0.537490845
vn -0.645464957 0.20545797 0.735637188
vn -0.694606423 0.61632663 0.371030331
vn -0.694606364 0.61632663 0.371030331
vn -0.694606364 0.616326571 0.371030301
vn -0.522869468 0.553557098 -0.648214519
vn -0.533365846 0.569717765 -0.625253975
vn -0.524926782 0.556707025 -0.643839359
vn -0.512196302 0.537341297 -0.670014262
vn -0.620483816 -0.523816228 -0.583623409
vn -0.618000686 -0.52582103 -0.584454834
vn -0.649342775 -0.4996714 -0.573308408
vn 0.235792339 0.969378531 0.0686092749
vn 0.28063488 0.60814321 -0.742567182
vn 0.28063485 0.608143151 -0.742567062
vn 0.0025166194 0.0034651754 0.999990821
vn -0.075741291 0.0910057649 -0.992965877
vn 3.06372458e-05 -0.010002519 -0.999949992
vn 0.459504575 -0.885551393 0.0682227984
vn 0.271489561 -0.382983088 -0.882959425
vn 0.27148959 -0.382983088 -0.882959425
vn 0.27148962 -0.382983118 -0.882959425
vn 0.000951368071 0.999999225 0.000911607873
vn 0.000304697343 0.99999994 4.91882784e-05
vn -0.586536527 -0.550290644 -0.59426862
vn 0.950444758 -0.238304839 -0.199663877
vn 0.883390605 -0.111701883 -0.455130488
vn 0.98434931 -0.000734860892 -0.176226676
vn 0.906826138 -0.411678702 -0.0904820487
vn 0.935431302 -0.35350588 -0.00136593136
vn 0.744797528 -0.667192817 0.0114233801
vn 0.520008802 -0.646908224 -0.557763934
vn 0.520008802 -0.646908164 -0.557763934
vn 0.520008802 -0.646908283 -0.557763934
vn 0.646239519 0.731195807 -0.218465641
vn 0.646239519 0.731195807 -0.218465626
vn 0.791291893 -0.566153407 -0.230927274
vn 0.0399206765 0.0194957629 -0.999012709
vn 0.475644946 0.879615426 0.00620313454
vn -0.129812747 0.922497451 0.363520443
vn -0.129812747 0.922497451 0.363520414
vn 0.978128612 -0.196933582 -0.0669451952
vn -0.813588917 0.581228316 -0.0157028604
vn 0.976606131 0.120868497 -0.177851707
vn 0.971434414 0.198659509 -0.129805908
vn 0.973528624 0.0414128378 -0.224781811
vn 0.281857282 -0.249963149 -0.926323235
vn 0.281857282 -0.249963149 -0.926323354
vn 0.281857282 -0.249963164 -0.926323295
vn 0.0132699711 0.977921426 0.208551139
vn 0.0454441011 0.998710811 0.0226190798
vn 0.11919298 0.991597533 0.050274279
vn -0.407806158 -0.303758085 0.8610605
vn -0.407806128 -0.303758055 0.8610605
vn -0.407806158 -0.303758085 0.86106056
vn 0.961321354 0.260228425 -0.0902355686
vn -0.51197058 0.858766913 0.0201360565
vn -0.289350569 -0.36717841 0.884000063
vn -0.349268943 -0.675497353 0.649395466
vn -0.283206314 -0.342334539 0.895880103
vn -0.543838084 -0.839133739 -0.00973580312
vn -0.576261699 -0.817241192 0.00627576001
vn -0.183959246 0.98233521 -0.0343016572
vn -0.183959231 0.98233515 -0.0343016535
vn -0.695926011 -0.00875965226 0.718060076
vn -0.796114087 0.0275629461 0.604518533
vn -0.642934144 -0.359648794 -0.676231146
vn 0.00495593296 -0.999709427 -0.0235896315
vn 0.00629080273 -0.999701202 -0.0236212984
vn -0.0242453013 -0.999444008 -0.0228864942
vn 0.996358156 0.0649173111 0.0552826785
vn 0.565729856 0.110531658 -0.817148924
vn 0.565729856 0.110531665 -0.817149043
vn -0.78370434 -0.620891213 -0.0173652451
vn 0.653173804 0.00269076671 -0.757203281
vn -0.0163149387 -0.99904567 -0.0405176356
vn -0.0148470858 -0.999886513 0.00254195859
vn -0.0147761358 -0.999880254 0.00460289698
vn -0.0133297034 -0.99884212 0.0462231562
vn 0.348130345 0.783787012 -0.514279187
vn -0.0750314891 0.0748122185 -0.994370878
vn -0.770026326 -0.122292794 0.626182199
vn -0.575908065 -0.372488469 0.727724075
vn -0.313863337 -0.898023486 0.308291405
vn -0.313863337 -0.898023546 0.308291405
vn -0.313863307 -0.898023486 0.308291376
vn 0.998967588 -0.0199370123 0.0408221483
vn 0.908232033 -0.215888187 -0.358478546
vn -0.698707044 -0.000378023629 0.715407789
vn 0.000200095485 -1 -0.000144772348
vn 0.000564395159 -0.999999762 -0.000366965018
vn 0.000174958885 -0.99999994 -0.00012944109
vn 0.99978596 -0.00826036837 0.0189666729
vn -0.786294937 0.000799066096 -0.617850721
vn -0.0311525613 0.0433853529 -0.998572648
vn 0.77142638 -0.592421293 -0.232246265
vn -0.706792116 0.707381904 -0.00746633438
vn -0.123324759 0.140961409 -0.982303858
vn -0.789532304 0.159830123 -0.592531145
vn 0.00734269945 0.992761493 0.119878396
vn 0.690002978 -0.00458313478 0.723792017
vn 0.731850445 0.13762404 0.667423725
vn 0.743575454 0.19426702 0.639809191
vn 0.823726416 0.490231931 0.28486377
vn 0.823726475 0.490231991 0.2848638
vn 0.823726475 0.490231931 0.28486377
vn 0.70688194 -0.000429617008 0.707331419
vn 0.706970572 0.000111546113 0.707242966
vn 0.706803024 -0.000232096456 0.707410336
vn 0.707075298 0.000113146823 -0.70713824
vn 0.707167327 5.4187818e-05 -0.70704633
vn 0.707033515 0.000108222652 -0.707179964
vn 0.706912637 7.16937066e-05 0.707300842
vn 0.759670734 0.337023824 0.556161225
vn 0.379533082 -0.635829031 -0.672068417
vn 0.707174361 -7.42155316e-05 -0.707039237
vn 0.706998527 -0.000288458774 0.707214952
vn 0.707370579 0.000108495755 -0.706842899
vn -0.0621363483 0.822900534 0.564777613
vn -0.653497279 -0.00282315188 -0.756923616
vn -0.00202008151 0.00336806825 0.999992251
vn -0.00638354244 0.230851069 0.972968161
vn -0.00928709749 0.242175236 0.970188141
vn -0.0158781968 0.69962436 0.714334428
vn -0.0808277428 0.678930938 0.729739428
vn 0.350563049 -0.229055122 -0.908096492
vn 0.0364694968 -0.999038696 -0.024325978
vn -0.0605111383 0.354663551 -0.933033824
vn -0.0605111346 0.354663551 -0.933033824
vn -0.0605111308 0.354663551 -0.933033764
vn 0.00153986958 0.999996126 0.00230539893
vn 0.311879516 -0.696598649 0.646128058
vn 0.484475791 -0.388568133 0.783771634
vn 0.610915184 -0.281842232 -0.73982954
vn -0.845697761 -0.520905972 -0.115984291
vn 0.328678548 -0.942718148 -0.0570328608
vn 0.338410527 -0.910073817 -0.239256874
vn 0.707149267 2.18182267e-05 0.707064271
vn 5.05613389e-05 5.26439326e-05 1
vn 0.599734366 -0.129078284 0.78971976
vn 0.152949333 0.904228568 -0.398719519
vn 0.152949318 0.904228508 -0.39871949
vn 0.353418469 0.900172174 0.254530281
vn 0.342269361 0.92553103 0.161999881
vn 0.354260534 0.897476733 0.262744993
vn 0.36341098 0.851132393 0.37882182
vn 0.468504131 -0.420519918 -0.776960075
vn 0.594103277 -0.0849996433 -0.799885213
vn -0.697435081 0.0122477533 0.716543257
vn -0.711429834 -0.00413747225 0.702744961
vn -0.712818146 -0.00579310721 0.701324999
vn -0.726398528 -0.0222972538 0.686911821
vn -0.830054641 -0.0108601376 -0.55757612
vn -0.83005476 -0.0108601386 -0.55757618
vn -0.744308174 0.257406294 0.616236389
vn -0.746981502 0.0587477311 0.66224426
vn -0.73435986 0.335322648 0.590147674
vn 0.000697942218 -0.999999642 -0.000448417646
vn -0.744606733 0.027600389 0.666932583
vn 0.442778975 -0.367942035 -0.817658603
vn -0.400062591 0.54581362 -0.736231923
vn -0.400062561 0.54581362 -0.736231923
vn 0.706835926 0.000249967416 0.707377553
vn 0.707065046 -0.000220864022 -0.707148433
vn -0.196657553 -0.960357606 0.197583348
vn -0.199768603 -0.959707856 0.1976192
vn -0.325075269 -0.924862623 0.19737117
vn -0.372494966 0.916428089 -0.146311313
vn -0.372494996 0.916428208 -0.146311328
vn -0.372494936 0.916428089 -0.146311313
vn 0.43939212 -0.800354242 -0.407881856
vn -0.0844696313 -0.990445912 -0.109004408
vn -0.245202348 -0.924910963 0.290543467
vn -0.0393762961 -0.994521976 0.0968274251
vn 0.482807636 -0.00279578986 0.875721991
vn 0.590366602 0.0102644907 0.807069898
vn 0.607393503 -0.568673015 -0.554692805
vn 0.603900552 -0.558908761 -0.568264961
vn 0.604099989 -0.559457481 -0.567512691
vn 0.600792885 -0.550480425 -0.579671621
vn 0.707346737 -0.00037010797 -0.706866622
vn 0.595503628 0.00341255032 -0.803345263
vn 0.598582149 -0.573598504 0.559181809
vn 0.597958326 -0.574088395 0.559346318
vn 0.591647267 -0.579007447 0.560984671
vn -0.677109718 0.073103793 -0.732241869
vn -0.576220572 -0.0670124143 -0.814542294
vn -0.479218543 -0.178552762 -0.859341919
vn -0.001450232 0.999998033 -0.00137307274
vn -0.0436572954 -0.994956374 -0.0903095454
vn -4.04625061e-05 5.04170857e-05 1
vn -5.99675186e-05 0.000162348631 1
vn -3.16271326e-05 8.59602223e-05 1
vn -0.536827385 0.843630433 0.0102007706
vn -1.10662368e-05 6.54339019e-05 1
vn -0.000118232434 7.76445722e-06 1
vn 8.47382671e-06 8.35939773e-06 1
vn -7.65344677e-10 -1.07320002e-05 0.99999994
vn 0.000142785662 -1.66208865e-05 1
vn -9.60754041e-05 -1.61093951e-07 1
vn 9.63400962e-05 0.000445577083 0.999999881
vn 3.06030483e-06 -6.42216837e-05 1
vn -0.804689586 0.592494786 0.0377439447
vn -0.916230202 0.399606794 -0.0289240684
vn -0.947472692 0.314966828 -0.05560093
vn 0.707261384 -2.07238136e-05 0.706952214
vn -0.216539532 0.961871266 0.167075336
vn -0.209426418 0.97778368 -0.00892263278
vn -0.216659099 0.960831106 0.172807291
vn -0.216577828 0.910332441 0.352688134
vn 0.707277596 -0.000457016082 -0.706935763
vn -0.193843186 -0.980907798 0.0156418793
vn -0.193843171 -0.980907857 0.0156418793
vn -0.193843186 -0.980907857 0.0156418793
vn -0.193528026 -0.847130179 -0.494891256
vn -0.193528026 -0.847130179 -0.494891286
vn -0.193528026 -0.847130239 -0.494891256
vn -0.0726189986 -0.978194654 0.194580391
vn -0.995666802 -0.0882731006 0.029247677
vn -0.979807854 -0.189794332 0.0628848374
vn -0.984728336 -0.165262088 0.0547565371
vn -0.99841547 -0.0534169972 0.0176987518
vn -0.534219265 -0.166886225 -0.828709126
vn -0.551760674 -0.417165667 -0.72217232
vn -0.520945251 -0.16189304 0.838097036
vn -0.74712801 0.661574006 0.0641845167
vn -0.45185405 -0.891262591 -0.0384574234
vn -0.63689363 -0.770427048 0.028436685
vn -0.703280449 -0.708738506 0.0555555299
vn 0.731984735 0.554961681 -0.395241618
vn 0.731984854 0.554961681 -0.395241618
vn 0.731984735 0.554961622 -0.395241588
vn 0.658202469 0.160425603 -0.735549629
vn 0.65820235 0.160425588 -0.735549569
vn 0.65820241 0.160425603 -0.735549629
vn 0.683059156 0.164954975 0.711491406
vn 0.69265765 0.188330829 0.696244776
vn 0.69019413 0.182204857 0.700309455
vn 0.699513197 0.205892682 0.684316814
vn 0.604443729 -0.568960547 0.557612598
vn 0.706752121 0.000408747292 0.707461238
vn 0.527631223 0.0121648423 0.849386513
vn -0.370002031 0.927933097 -0.0451509543
vn -0.345389634 0.937781572 -0.0356629193
vn -0.339470863 0.940023541 -0.0333926901
vn -8.59538923e-05 1 -5.40491383e-05
vn -0.368773222 -0.927217245 -0.0653792769
vn 0.267258644 -0.691870868 -0.670736551
vn -0.0254565999 -0.00985222682 -0.999627411
vn -0.655603409 -0.755050421 0.00910312217
vn -0.379194677 0.924033821 -0.0487147309
vn -0.378956974 -0.923452199 -0.0602304563
vn -0.378956974 -0.923452139 -0.0602304526
vn -0.378956944 -0.923452079 -0.0602304526
vn -0.477972865 -0.353689641 0.804018438
vn -0.671870947 0.739823401 -0.0353662074
vn -0.741802633 0.186855406 -0.644060493
vn 0.000766042212 0.00703046797 0.999974966
vn 0.0534834303 -0.975463808 -0.213564575
vn -0.0232173577 -0.996110559 -0.0849980935
vn -0.214709863 -0.906387031 -0.363816053
vn -0.195285454 -0.576852679 -0.793161213
vn -0.00440139556 -0.179253101 -0.983793139
vn 0.00428340444 0.000222649236 -0.99999088
vn 0.460927218 0.760384858 0.457559824
vn 0.463984668 0.849783719 0.250171244
vn 0.462210715 0.770388603 0.439161122
vn 0.707030714 -0.000148224863 -0.707182825
vn 0.517761469 0.852112532 0.0763360783
vn 0.517761528 0.852112591 0.0763360858
vn 0.517761528 0.852112472 0.0763360858
vn -0.00760155357 0.0174972061 -0.999817967
vn 2.07924968e-05 -0.000123482503 1
vn 0.436039239 -0.897661984 0.0638182312
vn 0.598363876 -0.791237116 0.126113519
vn 0.345964074 -0.937738538 0.0309101623
vn 0.434758782 0.633740067 0.639811158
vn 0.707135081 -0.000106750318 -0.707078338
vn 0.560911 -0.585085392 -0.585708082
vn 0.558985591 -0.586486101 -0.586147845
vn 0.499973208 -0.626727521 -0.597695112
vn 0.706856668 5.52401689e-05 0.70735693
vn 0.589381456 0.582953036 -0.559281111
vn 0.59039706 0.582253337 -0.558938682
vn 0.653576434 0.535327375 -0.535035014
vn 0.707228124 -0.000208279598 -0.706985414
vn 0.683914423 -0.502438843 0.528976619
vn 0.673317671 -0.478974521 0.563228905
vn 0.685255587 -0.505551875 0.524253786
vn 0.692573071 -0.523258209 0.496531218
vn -0.000100207297 -1.35914543e-05 1
vn -0.735210896 -0.676707029 0.0391499475
vn 0.00226970017 0.0152601507 0.99988085
vn 0.00021580937 2.32303573e-05 1
vn 0.634161651 0.772357762 0.0360919312
vn 0.406582534 0.912998497 -0.0335311592
vn 0.3109231 0.94856447 -0.0596018806
vn 0.618794858 -0.540103853 -0.570421457
vn 0.706862867 8.13656443e-05 0.707350612
vn -0.690190196 0.000270349934 -0.723628044
vn 0.529760778 0.621336222 -0.577316821
vn 0.6332196 -0.761182785 0.140120029
vn -0.91423279 -0.213608608 -0.344310284
vn -0.91423285 -0.213608623 -0.344310284
vn -0.00201388262 0.999997914 -8.14331434e-05
vn -0.0177528523 -0.00502957357 -0.99982971
vn 0.703098178 0.708552003 0.0600576587
vn 0.860049188 -0.510146439 0.00811326597
vn 0.775578558 -0.629144907 0.0515222959
vn 0.747113943 -0.66159308 0.0641498938
vn -0.989714801 -0.000853180012 0.143052205
vn -0.992640555 0.0473295338 0.1114657
vn -0.984317124 -0.0438862592 0.170861945
vn -0.992724955 0.080896005 0.0891796798
vn -1.61006046e-05 -1.92213756e-09 1
vn 0.886902392 -0.461880326 -0.0084147146
vn 0.964968503 0.261932284 -0.0150718689
vn 0.964968562 0.261932313 -0.0150718689
vn 0.964968562 0.261932284 -0.015071868
vn 0.983285129 0.13744463 -0.119411878
vn 0.983285129 0.13744463 -0.119411871
vn 0.983285189 0.137444645 -0.119411886
vn -8.53025267e-05 0.000172587897 1
vn -6.89100052e-05 -9.18236547e-05 0.99999994
vn -0.612701356 -0.79015094 -0.0160718393
vn -0.61258018 0.0749941245 0.786842763
vn -0.540548384 0.00731238211 0.841281116
vn -0.599938452 0.0448168144 -0.798789918
vn -0.467153996 -0.36158523 -0.806860149
vn 0.0790965408 0.363498092 -0.928231061
vn -0.547500312 0.836789846 0.00510319555
vn -0.312896788 0.949666142 0.0151589848
vn -0.35359478 -0.712313592 0.606283724
vn -0.361830115 -0.932219148 0.00681025535
vn -0.378759682 -0.925486207 0.00405292818
vn -0.579174399 0.814954281 0.0201617461
vn -0.0058137672 -0.0358713754 -0.999339521
vn -0.496611506 -0.867901146 -0.0111677321
vn 0.262409478 0.964953363 0.00251591159
vn -0.00157095562 0.00143925345 0.999997735
vn 0.00268269191 -0.00317142042 -0.999991417
vn -0.0022122853 0.00485382369 -0.999985695
vn -0.029757658 0.000161037548 -0.999557137
vn -0.00981969386 -0.00542426389 -0.999937057
vn 0.00264966255 0.00052575249 -0.999996305
vn 0.00325805624 0.00210855901 -0.99999243
vn -0.000699934375 0.00127608236 -0.999998927
vn -0.00939029362 0.0214385539 -0.999726057
vn -0.0352823995 -0.0373337157 -0.998679757
vn 0.0418428108 0.120600939 -0.991818905
vn 0.00285543664 0.0198962726 -0.999798
vn 0.00115250086 0.000720979122 -0.999999046
vn -0.0921376124 -0.0483326465 -0.99457252
vn -0.00956672709 0.0395965017 -0.999169946
vn -0.00265748403 -0.00306958915 -0.999991775
vn 0.264372259 0.00313872006 0.96441555
vn 0.253186464 -0.410824716 0.875853717
vn -0.608457506 0.278536588 -0.743099511
vn -0.608457446 0.278536588 -0.743099451
vn -0.608457506 0.278536588 -0.74309957
vn 0.317637116 -0.0382280014 -0.947441399
vn -0.0307070203 -0.989046812 -0.144372717
vn -0.0281854942 -0.994495809 0.100914203
vn -0.000131912297 1 -6.09182644e-05
vn 0.254219949 -0.379621774 -0.889527678
vn -6.59356374e-05 0.000174185945 1
vn -1.47748269e-05 0.000129880849 1
vn -6.96899806e-05 0.000141629775 1
vn -0.289862573 0.956709146 0.0262139458
vn 8.66937917e-05 -0.000112490423 1
vn -0.000835533079 -0.0014702637 0.999998629
vn 3.03480538e-05 1.59636402e-05 1
vn -5.91023877e-07 -1.03428711e-05 1
vn -0.999035537 0.0264698248 -0.0350335576
vn -0.990770876 0.111670457 -0.0768286586
vn -0.975914776 0.186408192 -0.113323756
vn -0.956234396 0.253581882 -0.145985946
vn -0.968625844 0.238494277 0.0698891729
vn -0.99758786 -0.0340124145 -0.0605103672
vn -0.996442735 0.0841533989 -0.00447375607
vn -0.970864356 -0.196941674 -0.13651517
vn -0.0973549411 -0.125170007 -0.987347186
vn -0.317800879 -0.152014062 -0.935892224
vn -0.375371486 -0.421169788 -0.825658739
vn -0.371776283 -0.426434219 0.824582458
vn -0.304883957 -0.124106556 0.944268644
vn -0.567561924 -0.799857795 -0.195194587
vn -0.609012842 -0.793062031 0.0124883
vn -0.506674707 -0.774268031 -0.379196048
vn -0.451756448 -0.889451385 -0.0692269579
vn -0.50247401 -0.84839201 -0.166586101
vn -0.501760125 -0.861191392 -0.081155397
vn -0.52000618 -0.812426925 -0.263735086
vn -0.528146446 0.847468197 0.0534698516
vn -0.528146446 0.847468257 0.0534698516
vn -0.617994905 -0.780316293 0.0958578065
vn -0.450408548 -0.00195034 -0.892820477
vn -0.433337003 -0.897787273 -0.0787211955
vn -0.12397632 0.976445496 -0.176590428
vn -0.199893311 0.971210897 -0.129583851
vn -0.0456119031 0.973744273 -0.22302784
vn -0.260200262 0.96127969 -0.0907578617
vn 0.401089638 0.884044945 -0.239982858
vn 0.352519929 0.926830947 -0.129282609
vn 0.436386108 0.872915804 -0.21814023
vn -0.257658303 -0.648193657 -0.716559291
vn -0.257658303 -0.648193657 -0.71655935
vn -0.257658333 -0.648193657 -0.716559291
vn 0.250487328 0.00363806053 0.968113065
vn 0.244618535 -0.00223456533 0.96961683
vn -7.07091158e-06 1 -0.000145277911
vn 0.22148402 0.00167729403 0.975162566
vn 0.269889414 -0.0103408387 0.962835729
vn 0.000667462184 0.0071836561 0.999973953
vn 7.45494572e-06 -3.37857346e-05 1
vn -0.410769492 -0.911676288 -0.0107191056
vn -6.7413217e-05 2.60451952e-06 1
vn 0.292820424 -0.946892917 -0.132853299
vn 0.34452036 -0.932582021 -0.107687265
vn 0.258374691 -0.954469919 -0.149095997
vn 0.397959501 0.863197088 -0.310674906
vn 0.392826736 -0.915834844 -0.0832687989
vn -1.24932285e-05 7.67666497e-05 1
vn 0.316152841 0.943006039 -0.103860885
vn 0.54179889 -0.837117076 0.0754259452
vn 0.372074902 -0.927755892 -0.0287954304
vn 0.639368355 -0.755666792 0.142041907
vn -0.00532903709 -0.0562768243 -0.998400927
vn 0.0123767834 0.000332458643 -0.999923348
vn 0.293745339 -0.953082561 -0.0731253847
vn 0.309631675 -0.578587651 -0.754562497
vn 0.309631675 -0.578587592 -0.754562438
vn 0.309631705 -0.578587651 -0.754562497
vn -0.885397434 0.462667018 0.0448380038
vn -0.975877225 0.218132213 -0.00906340871
vn -0.987188935 0.158071682 -0.0217120815
vn -0.58377707 0.0982115418 -0.805952191
vn -0.58377701 0.0982115418 -0.805952132
vn -0.58377701 0.0982115418 -0.805952072
vn -0.986677408 0.158121154 -0.0382801853
vn -0.986677408 0.158121139 -0.0382801816
vn -0.986677527 0.158121154 -0.0382801853
vn -0.583787262 0.0982339755 -0.805941999
vn -0.583787322 0.0982339755 -0.805942059
vn -0.860773861 0.506022513 0.0548587516
vn -0.748052001 0.662489653 0.0390604138
vn -0.748051941 0.662489593 0.0390604101
vn -0.748051941 0.662489653 0.0390604138
vn -0.708011866 -0.704666138 0.0465252697
vn -0.708011925 -0.704666257 0.0465252697
vn -0.708011985 -0.704666257 0.0465252735
vn -0.498796403 0.86671865 0.00094937667
vn 0.209301531 0.887766898 -0.409954786
vn 6.31167713e-05 6.3047919e-05 1
vn -0.000222486837 0.000575845246 0.999999762
vn -0.479994118 0.877006531 -0.02156928
vn -0.484298319 0.0212691668 0.874644339
vn -0.421312958 0.0109219169 0.906849563
vn -0.203118622 0.1993348 0.958649278
vn -0.284967631 -0.374335855 0.882420659
vn 0.73296982 0.679320097 0.0357684381
vn 0.73296988 0.679320157 0.0357684419
vn 0.73296982 0.679320097 0.0357684419
vn -0.295590758 -0.293475538 -0.909119487
vn -0.000925861823 0.000228147677 0.999999464
vn 0.126835153 0.990704775 -0.0491625555
vn 0.126835153 0.990704715 -0.0491625518
vn 0.126835153 0.990704715 -0.049162548
vn 0.0710096061 0.590361655 -0.804009199
vn 0.0710096061 0.590361655 -0.80400914
vn -0.101765059 -0.994623303 0.0191905852
vn -0.00318293204 -0.999076545 0.0428476483
vn -0.127345875 -0.991773367 0.0129779242
vn -0.0710092857 -0.590358615 -0.804011405
vn -0.0710092857 -0.590358675 -0.804011464
vn -0.0710092932 -0.590358675 -0.804011464
vn 0.126871705 0.990699828 -0.0491654985
vn 0.126871735 0.990700006 -0.0491655022
vn 0.12687172 0.990699887 -0.0491655022
vn 0.0710279644 0.590334654 -0.804027379
vn 0.0710279718 0.590334713 -0.804027438
vn -0.126855746 -0.990702271 -0.0491607264
vn -0.126855746 -0.990702212 -0.0491607301
vn -0.126855746 -0.990702212 -0.0491607264
vn -0.0710285604 -0.590341866 -0.804022074
vn -0.0710285679 -0.590341806 -0.804022133
vn -0.0710285604 -0.590341806 -0.804022133
vn -0.0501645133 -0.262109041 -0.963733554
vn -0.0193524808 0.0450967252 -0.998795092
vn 0.0168392137 -0.998724699 0.0475975908
vn 0.0026462439 -0.0497088917 -0.998760223
vn -0.334292233 0.00555178011 -0.942453086
vn -0.28477487 -0.0111370618 -0.958529711
vn 0.583787501 -0.0982220173 -0.80594331
vn 0.583787501 -0.0982220173 -0.80594337
vn 0.583787501 -0.0982220098 -0.80594331
vn 0.583800197 -0.0982312039 -0.805932999
vn 0.954016507 -0.299745232 -0.0023452153
vn 0.954016387 -0.299745202 -0.00234521483
vn 0.954016507 -0.299745232 -0.00234521483
vn -0.293398142 0.011363239 -0.955922842
vn -0.362876803 -0.00374303665 -0.931829631
vn -0.164567545 0.00864784326 -0.986327887
vn 0.999949813 -0.00995615404 -0.00103517738
vn 0.998578608 0.0441765338 0.0298197456
vn 0.995718479 -0.0822169185 -0.0422509983
vn 0.992238641 0.105988406 0.0650295466
vn -0.0358283743 -0.002141807 -0.999355674
vn 0.964506209 0.19565241 -0.177335009
vn 0.964506328 0.19565244 -0.177335054
vn 0.964506269 0.195652425 -0.177335039
vn 0.62920022 -0.0413899757 -0.776140511
vn 0.629200161 -0.041389972 -0.776140511
vn 0.629200161 -0.041389972 -0.776140392
vn 3.22432061e-05 0.99999994 -0.000255097286
vn -6.61892991e-05 0.000488199788 0.999999881
vn -0.276933879 -0.960803151 -0.01284796
vn -0.0256715491 -0.118072018 -0.992673099
vn -0.495532393 0.867650807 -0.0403700881
vn -0.221967384 -0.000561905443 -0.975053906
vn 0.830875218 0.551662087 0.0729067624
vn 0.830875158 0.551662028 0.0729067624
vn -0.0225900132 -0.00751292333 -0.99971658
vn -0.0193664264 -0.00707162404 -0.99978739
vn 0.708037019 0.704640269 0.0465359949
vn 0.708037019 0.704640269 0.0465359911
vn 0.00987083092 0.0677272379 -0.997654915
vn 0.74792695 -0.662631035 0.039056506
vn 0.74792695 -0.662631094 0.0390565097
vn 0.747926831 -0.662630975 0.0390565023
vn 0.0989054143 -0.653436303 -0.750492275
vn 0.986190259 -0.158091962 -0.0493528955
vn 0.986190319 -0.158091962 -0.0493528992
vn 0.986190259 -0.158091962 -0.0493528992
vn 0.986673713 -0.158141702 -0.0382932574
vn 0.986673653 -0.158141702 -0.0382932574
vn -0.14299649 -0.98970902 -0.00529149082
vn -0.566119075 -0.149224579 -0.810704052
vn -0.549802303 -0.205734 -0.809562206
vn -0.504864275 0.123388961 -0.854334474
vn -0.479675531 0.271506369 -0.834383428
vn -0.524632752 -0.130878061 0.841208339
vn -0.642592549 0.171137497 0.746851325
vn -0.654553115 0.203007981 0.728249907
vn -0.484128594 -0.263956398 0.834234238
vn -0.087702252 0.996027052 0.0154417315
vn -0.171561167 -0.984901369 0.0231555384
vn -0.145058259 -0.9892115 0.020462716
vn -0.279461294 0.499549985 -0.81997025
vn -0.274361938 -0.492203236 0.82611227
vn -0.461509019 -0.397844255 -0.792924523
vn -0.00328951958 -0.00569143845 0.999978364
vn -0.00101874396 0.00354634458 0.999993265
vn 7.89253609e-05 0.00459360564 0.99998939
vn -0.270171911 0.00577815762 0.96279484
vn -0.26150465 -0.00205142028 0.965200067
vn -0.00019368832 -0.00588377193 0.999982595
vn -2.98459017e-05 -0.0052409186 0.999986231
vn -0.00855882093 0.00587783847 0.999946117
vn -0.00491200248 -0.009722583 0.999940634
vn -9.7092634e-05 -0.00873723719 0.999961793
vn -0.649110615 0.416779488 0.636357069
vn -0.980823755 0.0812863857 0.177136347
vn -0.923247635 0.0593074597 0.379600406
vn -0.999226391 -0.00318660447 0.0391968191
vn -0.981008649 0.140209243 -0.134028167
vn -0.998790145 -8.40677239e-05 -0.0491772406
vn -0.823491216 0.450422138 -0.344937861
vn -0.979385734 -0.130956322 0.153798774
vn -0.999372363 -0.0156614892 0.0317753218
vn -0.823846459 -0.444365263 0.351875842
vn -0.216386154 0.777384639 0.590635359
vn 0.176900759 0.00754402857 0.984199703
vn 0.10938891 -0.540332437 0.834311068
vn 0.0121533517 -0.699387431 0.714639544
vn 0.183196977 -0.0316790454 -0.982565582
vn 0.136666819 0.00498990668 -0.990604579
vn 0.00625753822 0.036438942 0.999316275
vn -0.000162481912 0.999997258 0.00233882642
vn -0.000162481927 0.999997258 0.00233882666
vn 0.0544489771 0.998477995 0.00878073834
vn -0.00171276019 -0.995130956 -0.0985469148
vn 0.001309001 -0.995118797 0.0986754298
vn -0.0103472741 -0.994932115 0.100015916
vn 0.0243970454 -0.202623472 -0.978952765
vn -0.164172471 0.0700806603 -0.983939052
vn -0.16689302 -0.386037707 0.907260478
vn -0.00670796353 -0.259493351 0.965721607
vn -0.00916351657 -0.988166451 -0.153111875
vn -0.0372188017 -0.985248327 -0.167034209
vn -0.0597922541 -0.982188821 -0.178129315
vn -0.886558414 0.446487397 0.12109156
vn -0.696145177 0.354946136 -0.624015272
vn -0.696145177 0.354946166 -0.624015272
vn -0.696145177 0.354946166 -0.624015212
vn -0.690946877 -0.337591797 0.639237225
vn -0.690946877 -0.337591827 0.639237225
vn -0.142666727 -0.0538268723 -0.988305986
vn -0.988235593 -0.151397198 -0.0216601677
vn -0.999779701 0.0171047989 -0.0121657578
vn -0.998879492 -0.0125946309 0.0456178673
vn -0.998935878 0.0413609222 0.0204017796
vn -0.997154295 0.0589956492 0.0469347052
vn 0.000112162918 3.48764734e-05 -1
vn 6.05026362e-05 4.54523215e-05 -1
vn -1.7521952e-05 4.89936465e-05 -1
vn 3.2618329e-05 3.84273808e-05 -1
vn 0.0348550417 0.998951495 0.0296817478
vn -0.00429916289 -0.995316327 -0.0965764299
vn 0.152092665 -0.507823944 -0.847928405
vn -0.621178865 -0.77729249 0.099765338
vn -0.76922375 -0.63830775 0.0292929597
vn -0.615904331 0.781090379 -0.102760278
vn -0.610992849 0.550426006 0.568963051
vn -0.623102129 0.504117489 0.59800446
vn -0.601342261 0.581922531 0.54749769
vn 0.131535351 -0.704535425 -0.697372437
vn -0.575977385 0.650085747 0.495619386
vn -0.499723107 0.860889792 -0.0956323519
vn -0.0881620198 0.804327846 -0.587608814
vn -0.499398321 -0.862863958 0.0778916255
vn -0.116442092 -0.588118553 0.800348639
vn -0.0457276702 0.864360273 -0.500789642
vn 0.115581937 0.946220338 -0.302172124
vn -0.572385073 0.819890141 -0.0124644376
vn -0.970861733 0.239004597 -0.017446056
vn -0.960605085 0.275844127 -0.0338811837
vn -0.938399673 0.339798927 -0.0627913326
vn -0.978262961 -0.202422783 -0.0450182147
vn -0.933832586 -0.357679576 0.00469117193
vn -0.987359226 -0.145687297 -0.0624267384
vn -0.0017965954 -0.00116491131 0.999997675
vn -2.63287939e-06 -1 -1.52833181e-05
vn -2.63287939e-06 -1 -1.52833163e-05
vn -0.0033264542 0.000587502262 0.999994278
vn -0.00625255425 -0.0250085518 0.999667645
vn -0.904705346 -0.42516005 0.0273371935
vn -0.926041007 0.369601935 -0.0764363855
vn -0.00388252782 -0.244252488 -0.969703853
vn -7.66987796e-05 0.000186437916 1
vn 1.20645009e-05 -0.000138201925 1
vn -4.00800127e-05 0.000104221959 1
vn -2.32903003e-05 -5.41451082e-05 1
vn -0.161716834 -0.0029704324 -0.986832738
vn 0.00850627292 -0.996977985 -0.0772172585
vn -0.219002008 -0.975702703 0.00650924258
vn -0.326927543 -0.943837464 0.0478467345
vn 0.00152499136 0.00435852678 0.999989331
vn -0.292214662 0.95459795 0.0579062104
vn -0.160099626 0.98710084 0.000294108322
vn -0.349287003 0.933307111 0.083285071
vn 0.022107834 -0.00867132656 0.99971801
vn -0.146865115 0.00173373451 0.989154935
vn -0.159349099 0.221538052 0.96204406
vn 0.00662125228 -0.342801511 0.93938446
vn -0.000221862821 0.0104214251 0.999945641
vn -0.0812392086 0.996135056 -0.0333928466
vn 0.190769911 -0.98085916 -0.03901482
vn 0.121501207 -0.992499292 -0.0135187497
vn 0.17261295 -0.984459519 -0.0323147774
vn 0.102237493 -0.994739056 -0.00645898189
vn 0.109283477 -0.987577677 -0.112904817
vn -0.155899465 -0.00624421285 -0.987753212
vn 0.141832083 0.50486201 -0.851468146
vn 0.32328704 0.580916643 -0.747008264
vn 0.182817623 0.953189611 -0.240847036
vn -0.00249602646 0.908981323 0.416829556
vn -0.0691841915 0.889672816 0.451326638
vn 0.171263903 -0.953299224 0.248775482
vn 0.442208141 -0.896166265 0.0365783907
vn -0.000220418267 -0.998206794 0.0598597378
vn -0.00325287902 -0.998654306 0.0517594591
vn 1.11517675e-05 9.33566298e-06 -1
vn 0.402573824 -0.766760707 0.500012219
vn 0.137788251 -0.513452172 0.846983612
vn 0.265820265 -0.473789841 0.839561045
vn -0.00335141062 0.000562657369 0.999994218
vn 0.0175865293 -0.00312470226 -0.999840438
vn 0.319424599 0.944675922 0.0745339617
vn -0.0621344186 -0.0361050144 -0.997414589
vn -0.00434350176 -0.0233303774 -0.999718368
vn -0.105097167 -0.00279878452 -0.994458079
vn 0.000175199355 0.318869621 0.94779861
vn 0.796163678 0.58784759 -0.143382996
vn 0.796163619 0.58784759 -0.143382996
vn -0.00202855864 -0.00257361447 0.999994576
vn 0.932577372 -0.346068054 0.102646179
vn 0.932577372 -0.346068025 0.102646172
vn 0.932577431 -0.346068054 0.102646172
vn 0.995171905 0.0972530618 0.0132198222
vn 0.998211086 0.048917748 0.0343752503
vn 0.998689175 0.0238718819 0.0452762432
vn 0.992024183 0.126046911 0.000542815193
vn 0.000833713275 0.016232701 0.999867857
vn 0.00133008079 -0.0111687416 0.9999367
vn -0.0100542363 -0.999751091 -0.0199142694
vn -0.0182222966 -0.300905287 -0.953479946
vn 0.000719014322 -0.0044096522 0.999990046
vn 0.239590228 0.966016531 0.0969981179
vn 0.0823630616 -0.996576965 0.00711727329
vn 0.139803618 -0.989912629 0.0229807701
vn -0.0545562059 0.324777335 -0.944215655
vn -0.998028517 -0.0525114499 0.0343736969
vn -0.984339535 0.158564046 -0.077026464
vn -0.999878228 -0.0100034755 0.0119699417
vn 0.000452579698 0.000400257617 -0.999999762
vn 0.000153863206 0.000413857575 -0.999999881
vn 0.00018813317 0.000264520146 -1
vn -0.97394073 -0.197861537 0.110861309
vn 4.56549387e-05 1 -0.000103473139
vn -0.838386714 -0.543756008 -0.0379110686
vn -0.833161891 -0.551003814 -0.0472872928
vn -0.869319677 -0.493662655 0.0240918435
vn 0.000287523057 0.000323198474 0.999999881
vn -0.000107552762 1.84052442e-05 1
vn -0.000235885949 -3.42868916e-05 1
vn 0.161676615 -0.382605284 0.909655869
vn 0.0114322882 -0.989685774 -0.142797723
vn -0.828185976 0.560280085 0.0139341792
vn -0.827987015 0.560585201 0.0134816626
vn -0.827080488 0.561967254 0.0114283729
vn 1.973498e-06 2.33671853e-05 1
vn -0.766300678 -0.623214662 -0.156162217
vn -0.766300678 -0.623214722 -0.156162232
vn -0.766300678 -0.623214722 -0.156162217
vn 0.000207658071 0.000415326183 -0.999999881
vn 0.162874565 -0.376075029 -0.912162006
vn 0.0407846421 -0.21574381 -0.975597918
vn 0.003348734 0.0725524276 -0.997358918
vn 0.00364595884 -0.968844831 -0.2476421
vn 0.0260537099 -0.960933387 -0.275551081
vn -0.00993697159 -0.97300607 -0.230565518
vn -0.133399367 -0.649660885 -0.748428643
vn -0.0858371034 -0.580627203 0.809632123
vn 0.0442145877 -0.0108856596 0.9989627
vn -0.687450647 0.725848377 0.0235731639
vn -0.650953054 0.759034157 -0.0112880198
vn -0.759557426 0.643538952 0.0944987237
vn -0.829055429 0.558939815 0.0159186646
vn -0.80103761 -0.590189278 -0.100076877
vn -0.982450604 -0.0701432154 -0.172831461
vn -0.982450545 -0.0701432154 -0.172831446
vn -2.66113948e-05 1 -0.000160633208
vn -0.091702044 0.00159438257 0.995785236
vn 0.000304590096 0.000196555891 1
vn -0.631144524 -0.212102413 -0.746102571
vn -0.631144524 -0.212102443 -0.746102631
vn -0.631144524 -0.212102443 -0.746102571
vn 0.000150976892 0.000322694948 -0.99999994
vn -0.537856638 0.836853147 -0.101917818
vn -0.533486605 0.838530958 -0.110715836
vn -0.000794890453 0.000972690992 -0.999999225
vn -0.154613882 0.987974882 -0.000656841788
vn -0.298893273 0.332334697 -0.894548178
vn -0.298893273 0.332334727 -0.894548118
vn -0.298893303 0.332334697 -0.894548178
vn -7.28386731e-05 0.00178639137 0.999998391
vn -0.818736255 -0.568094611 -0.0833044276
vn -0.884057105 -0.466647714 -0.0261365436
vn -0.943177462 -0.32916519 0.0454595163
vn -0.974759758 0.113138482 -0.192466065
vn -0.974759638 0.113138482 -0.192466035
vn -0.974759698 0.113138475 -0.19246605
vn -0.751006246 0.658449292 -0.0493372045
vn -0.732893586 0.677112937 -0.0662204251
vn -0.781056523 0.624153256 -0.0195835829
vn -0.742324293 -0.655932784 -0.136772975
vn -0.814317107 -0.579307258 0.0359257609
vn -0.834610403 -0.550814271 0.00540486211
vn -0.907375336 -0.395193547 -0.143150806
vn -0.660547316 0.748102486 0.0634021163
vn -0.673408151 0.734662056 0.0824205354
vn -0.745278656 0.634602964 0.204545036
vn -0.692189872 -0.698551297 0.181381494
vn -0.706038475 0.702428699 -0.0900198072
vn -0.817689419 -0.531201243 0.22183159
vn -0.817689359 -0.531201243 0.22183159
vn -0.00104182004 0.000763817865 -0.999999166
vn -0.478665471 0.86958909 0.121220194
vn -0.463593453 0.879426062 0.108124211
vn -0.556854844 0.808174253 0.191747457
vn -0.449448705 -0.882071793 -0.14122729
vn -0.449448675 -0.882071853 -0.141227305
vn -0.449448735 -0.882071853 -0.141227305
vn 4.50781445e-05 5.66504932e-05 1
vn -0.998748124 -0.00233849231 -0.0499682575
vn -0.998748124 -0.00233849254 -0.0499682613
vn -0.998748004 -0.00233849208 -0.0499682575
vn -0.54557085 0.833771169 -0.0847227797
vn 0.205753937 0.976690173 -0.0611704625
vn 0.0164140705 0.999746919 0.0153824184
vn -0.0320760123 0.995473683 0.0894619823
vn 0.001444611 0.00143929233 -0.999997914
vn 0.00125718804 0.00127065519 -0.999998391
vn -0.000229985832 -6.74571857e-05 -1
vn 0.0214892253 0.999192715 0.0339440592
vn -0.0558966845 0.998229146 -0.0203516297
vn 0.0450135246 0.997713447 0.0504157692
vn -0.0661199614 -0.997299969 0.0319536328
vn -0.218759477 -0.965601921 0.140560627
vn -0.0589887947 -0.997896314 0.0268928297
vn 0.0558006391 -0.998068631 -0.0272997543
vn -0.112266086 -0.989403605 0.0920703933
vn 0.0626899004 -0.997513354 -0.0322041661
vn -0.000176397909 -0.000263009337 1
vn -0.024325747 -0.0129976757 -0.999619544
vn -0.00181145838 -0.00728607131 -0.999971807
vn -0.128294975 -0.967733622 -0.216868952
vn -0.171928674 -0.985055864 -0.0102737816
vn -0.0802742392 -0.909136117 -0.408690095
vn -0.188713282 -0.978693664 0.0809088275
vn -0.348590314 0.937191725 0.012509671
vn 0.000603252265 -0.000493645028 0.999999702
vn 0.156669751 -0.969336808 -0.18931672
vn 0.156669766 -0.969336748 -0.189316705
vn 0.156669751 -0.969336808 -0.189316705
vn 0.546496332 0.830793858 -0.105466776
vn 0.00290277624 0.00275130314 -0.999992073
vn -0.000639730832 0.00014987927 -0.999999821
vn -2.20076854e-05 0.000129510721 1
vn 0.171780363 -0.984978139 -0.0175931174
vn -0.344971389 -0.215852335 -0.913456321
vn 0.0126615344 -0.995143294 0.0976198241
vn -0.154377386 0.0471960232 0.986884058
vn -0.00334599405 -0.006843518 -0.999970913
vn 0.00125375914 0.00119127939 -0.99999851
vn -0.238990143 -0.000142364224 0.97102201
vn -6.2674244e-06 1 3.00456759e-05
vn -6.2674244e-06 1 3.00456741e-05
vn -6.26742485e-06 1 3.00456759e-05
vn 5.84021564e-06 0.00194053759 -0.999998093
vn -0.000855841616 -0.000410889857 -0.999999523
vn -0.191643089 -0.00561106671 0.98144871
vn 1.51556214e-05 -0.999999225 0.00121402368
vn 1.51556223e-05 -0.999999285 0.00121402368
vn 1.51556223e-05 -0.999999225 0.00121402368
vn 0.112230353 0.988897741 0.0973942801
vn 0.000109249886 0.00014303402 1
vn 0.111628547 -0.989308536 -0.0938487425
vn -4.28899184e-05 -2.93159046e-05 -1
vn 0.21304816 -0.96703583 -0.139470562
vn 0.194222018 0.0159660727 -0.980827689
vn 0.130362645 0.00691892998 -0.991442263
vn 0.153296575 0.00049068901 -0.988180101
vn 0.118889846 0.0088317357 -0.992868185
vn 0.00163375842 -0.000590911601 0.99999851
vn 0.292330295 0.265023202 0.918861151
vn 8.18821936e-05 -0.000195753717 -1
vn 0.525849521 0.847306848 -0.0745202228
vn 0.561784267 0.826661229 -0.0320894606
vn 0.55970943 0.827965856 -0.0346074775
vn 0.590302646 0.807174563 0.00346094626
vn 0.325175256 0.94479537 0.0402847081
vn 0.325175256 0.94479537 0.0402847119
vn 0.191304907 -0.98147136 0.0107960543
vn 0.00730318576 0.0244632997 -0.999674082
vn 0.0382376425 -0.0775010809 -0.996258795
vn 0.591934204 0.798726618 0.107933193
vn 0.589783728 0.800650239 0.105424844
vn 0.442512214 0.895360947 -0.0501156747
vn 0.000277677871 0.000237383938 0.999999881
vn 0.366827011 -0.917961419 0.150946677
vn 0.366826981 -0.917961359 0.150946662
vn 0.000138758915 -0.000175399313 -1
vn 8.22392394e-05 0.99999994 -0.000287020026
vn 0.270769566 -0.000933396514 -0.962643683
vn 0.997699797 -0.0536702015 -0.0414065234
vn 0.997699857 -0.0536701977 -0.0414065272
vn 0.997699857 -0.0536702015 -0.0414065234
vn 0.575064719 0.817794085 0.0226584598
vn 0.000310028234 -0.000154126436 -0.999999881
vn 0.000622963125 0.000136222341 0.999999762
vn 0.690105021 -0.665073991 0.285362512
vn 0.690105021 -0.665073931 0.285362452
vn 0.690105021 -0.665073931 0.285362482
vn 0.0021461898 0.00202154764 0.999995708
vn 0.729257643 -0.672077715 -0.128432229
vn 0.764764845 -0.63601315 -0.103063643
vn 0.701183975 -0.697634459 -0.147130206
vn 0.799260318 -0.596135557 -0.076192677
vn 0.851823866 0.523823977 -0.0021404149
vn 0.285798192 -0.355343372 0.88997215
vn 0.155169696 0.0754726976 0.98500061
vn 0.79705745 -0.551115811 -0.246922672
vn 0.79705739 -0.551115751 -0.246922657
vn 0.0862373561 -0.0187489185 -0.99609822
vn 0.680211365 0.69925648 0.219892919
vn 0.738135338 0.652153194 -0.172778457
vn 0.738135397 0.652153313 -0.172778487
vn 0.00950697344 -0.00027307964 -0.99995476
vn 0.985827386 -0.0111510968 -0.167391896
vn 0.985827327 -0.0111510949 -0.167391866
vn 0.985827386 -0.0111510977 -0.167391896
vn 0.988720298 -0.0748189688 0.129746631
vn 0.988720357 -0.0748189762 0.129746646
vn 0.988720357 -0.0748189688 0.129746631
vn 0.98178184 0.190010861 -0.00047858074
vn 0.98178184 0.190010846 -0.00047858074
vn 0.981781781 0.190010846 -0.000478580769
vn 0.930905402 0.362671554 -0.0434096865
vn 0.91273272 -0.404732794 0.0557713844
vn 0.918876529 -0.392014563 0.0446136855
vn 0.81172049 -0.551383972 0.192576021
vn -0.168616682 0.0207889415 -0.985462487
vn 0.811918855 0.583711207 0.00830370374
vn 0.809736788 0.586768746 0.00536586624
vn 0.741131902 0.66693598 -0.0769416764
vn -0.167991444 -0.00214835908 -0.98578614
vn 0.811115563 -0.58484447 -0.00695085339
vn 0.809144437 -0.587594151 -0.00429802109
vn 0.739134073 -0.668843925 0.0795524493
vn 0.865940273 -0.491756052 -0.0912331566
vn 0.86593926 0.491747469 0.0912884474
vn -0.00271106116 0.0118644945 0.999926031
vn 0.310986042 0.859850228 0.404901713
vn -0.271024019 -0.377635837 0.885402203
vn -0.207381055 -0.71249485 0.670331359
vn 0.0394005962 -0.99387151 -0.103281736
vn 0.0284238346 -0.994407535 -0.101714678
vn -0.283095896 -0.687131882 -0.669108689
vn -0.153981447 -0.544886887 -0.824249983
vn -0.143323019 -0.693099141 -0.706450343
vn 0.0391976237 -0.994964302 0.0922471285
vn -0.181198984 -0.0347363353 0.982832849
vn -0.248993367 -0.395653486 -0.884002626
vn -0.175691783 -0.075995326 -0.98150754
vn 0.296437621 -0.365884334 -0.882186651
vn -0.296871096 -0.155286849 -0.94220674
vn 0.305027455 -0.123740464 -0.944270372
vn 0.303860575 -0.175050259 0.936496735
vn -0.301594496 -0.550920308 -0.778156519
vn 0.972247243 -0.207895875 -0.107306711
vn 0.985152602 0.145635158 0.0909105465
vn 0.0264586303 -0.994091451 0.105271831
vn 0.375594884 -0.419072568 -0.826623678
vn -0.154033378 0.555258214 -0.817289352
vn -0.118170001 0.759928882 0.639174461
vn -0.118170001 0.759928823 0.639174521
vn -0.118169993 0.759928763 0.639174461
vn 0.353284091 0.923211217 -0.151232794
vn 0.000108141423 -1.08681638e-06 -1
vn 0.267240226 0.963529706 -0.0139026735
vn 0.331475019 -0.943463564 0.000862390385
vn 0.00703929178 -0.00321130175 0.999970019
vn 0.000142737394 0.999999881 -0.00021527335
vn -0.286709249 0.853718817 -0.43469739
vn -0.37864989 0.00697831204 0.925513744
vn -0.996853828 0.078023918 -0.0139530785
vn -0.999068141 0.00817218516 -0.0423801504
vn -0.99791944 -0.0292006433 -0.0574827828
vn -0.99285984 0.119250588 0.00294755329
vn -0.89890945 -0.435245693 -0.0502297729
vn -0.805985987 -0.591929913 -0.00233221054
vn -0.922151923 -0.381269366 -0.0653410107
vn 0.228053942 0.000289286196 -0.973648548
vn -0.763538301 -0.645570338 0.0157501493
vn -0.878338218 0.470193624 0.086254552
vn -0.878338277 0.470193654 0.086254552
vn -0.878338277 0.470193684 0.0862545595
vn -0.362796128 0.931863904 0.00294595002
vn 0.337982178 0.000195851069 -0.941152453
vn 0.00628826907 0.0219995268 0.999738216
vn 0.0630039275 0.996376216 0.0571405701
vn -0.0926494002 0.995655775 0.00925063994
vn -0.156531751 0.987614989 -0.0106976498
vn -0.0957419947 -0.992500961 0.0759959742
vn -0.0957419872 -0.992500961 0.0759959742
vn -0.0957419872 -0.992500901 0.0759959668
vn 0.0925622806 -0.995074272 -0.0354876667
vn 0.0925622806 -0.995074332 -0.0354876667
vn 0.0041344543 -0.0034486712 0.999985516
vn 0.309719265 -0.00553233316 -0.950811982
vn -0.138692573 0.983534813 -0.115859739
vn -0.138692588 0.983534873 -0.115859747
vn -0.138692588 0.983534813 -0.115859747
vn 0.106971234 0.991760492 0.0704853386
vn 0.00353916362 0.0049415594 0.999981523
vn 0.487369806 -0.869431674 -0.0809895322
vn 0.348697454 -0.000474088505 -0.937235236
vn 0.570457935 -0.815438271 0.0981740579
vn 0.570457935 -0.81543833 0.0981740654
vn 0.0166589394 -0.000340129889 0.999861181
vn 0.397860408 -0.912952662 -0.0906897858
vn 0.397860438 -0.912952662 -0.0906897932
vn 0.397860438 -0.912952602 -0.0906897858
vn 0.519447386 0.848353326 0.102327347
vn 0.519447446 0.848353386 0.102327354
vn 0.371931672 -0.444026917 0.815172851
vn 0.623600125 0.74223417 0.245380104
vn 0.474777579 -0.363021791 -0.801748931
vn 0.893844068 0.443937033 -0.0629507229
vn 0.893844008 0.443936974 -0.0629507154
vn 0.893844008 0.443936944 -0.0629507154
vn -6.32679948e-05 8.37924672e-05 1
vn -8.85655973e-05 0.000103670434 1
vn 6.28160196e-05 -7.05592392e-05 1
vn -0.000591926801 0.00134927745 0.999998987
vn 0.70894742 0.656856298 -0.256774783
vn 0.736322701 -0.646260619 0.200440049
vn 0.489288121 0.00352286804 -0.872115076
vn 0.992583692 -0.0686291754 -0.100337677
vn 0.992583692 -0.0686291754 -0.100337669
vn 0.992583752 -0.0686291829 -0.100337684
vn 0.984658778 -0.159395173 0.0709963813
vn 0.984658718 -0.159395158 0.0709963739
vn 0.984658718 -0.159395173 0.0709963813
vn 0.542716444 0.114261098 0.832107663
vn 0.42544201 0.2162361 -0.878772497
vn 0.370379984 -0.400227815 0.838234127
vn 0.0364087597 -0.956836343 -0.288337857
vn 0.479890645 -0.360145837 0.799999893
vn -0.20786503 -0.00860269554 -0.978119671
vn 0.397775441 -0.917323351 0.0171095151
vn -0.252197891 0.465819389 -0.848179519
vn -1.14135955e-05 -1.45448657e-05 -1
vn 0.803028107 -0.594989002 0.0336748995
vn 6.73682225e-05 -1.37831194e-05 1
vn 0.435577333 -0.897653699 -0.0670094267
vn 0.931261539 0.146451607 0.333622158
vn 0.937466621 0.23772949 -0.254245907
vn 0.865091085 -0.492674261 0.0942845866
vn 0.691086411 0.139592662 -0.709163964
vn -0.461366177 -0.387664318 0.798033535
vn -0.44001466 -0.688961267 0.57595104
vn 0.0568637662 -0.993321061 -0.100398526
vn 0.0641075447 -0.994642854 -0.0810914338
vn 0.99845314 0.0123933209 0.0542017184
vn 0.863197386 0.03190732 0.503857255
vn 0.999845803 -0.000341205014 0.0175522491
vn 0.99977392 0.016447803 -0.0134760346
vn 0.998699009 0.000276904873 -0.0509927124
vn 0.90183866 -0.07153669 -0.426109672
vn 0.764937818 0.234095275 0.6000579
vn 0.613058507 0.241885185 0.752097666
vn 0.423699826 0.627588153 0.653155088
vn 0.999917984 0.0127861472 -0.000704374048
vn 0.984372139 -0.112735592 -0.135285512
vn 0.5778054 -0.198709875 -0.791615665
vn 0.999122739 0.0338486135 0.0246569663
vn 0.0409705155 0.000415875984 -0.99916029
vn 0.00948352646 -0.00557181658 -0.999939501
vn 0.0241571181 -0.00602013478 -0.999689996
vn 0.0189124066 -0.0068347021 -0.999797821
vn -0.00297288341 -0.00803416315 -0.999963284
vn 0.997556448 0.0514944084 0.0472175814
vn 0.000325235829 0.000167478502 1
vn 0.00022528143 2.80680779e-05 1
vn 0.000115460651 8.8833076e-06 1
vn -6.1198647e-05 2.6953534e-05 -1
vn -0.0818111673 -0.0281420816 -0.996250451
vn -0.0283746719 0.175296307 -0.984106779
vn -0.0150823239 -0.098462075 -0.995026529
vn 0.591068506 -0.804587662 -0.0572431013
vn 0.363999426 -0.349788696 0.863222063
vn 0.708998501 0.012335618 0.705102086
vn 0.170537353 0.692374945 0.701094747
vn 0.258711934 0.816889048 0.5155195
vn -0.00642381515 -0.0313115939 -0.99948895
vn 0.48425445 0.870602429 0.0868860483
vn 0.597014546 0.80068326 -0.0497986488
vn 0.675307155 0.728426337 -0.115565613
vn 0.521032512 -0.161785901 -0.838063478
vn 0.534186721 -0.167274877 0.828651726
vn 0.573926866 -0.375558913 -0.727711082
vn 0.0879264176 -0.988559604 0.122550987
vn -0.474033326 -0.41118446 -0.77860111
vn 0.11959444 0.00453208061 0.992812514
vn -0.00622954639 0.0290382244 0.999558926
vn -0.150397658 0.419084936 0.895403981
vn 0.00201024092 0.00296122953 0.999993622
vn 0.550768971 0.0177281182 0.834469497
vn 0.223362267 0.260103375 0.939391017
vn 7.62789205e-05 1 -0.000101099096
vn 0.0520586222 0.896855772 0.43924889
vn -0.000921749976 0.00576306414 0.999982953
vn -0.000546096766 -0.000182515578 0.999999821
vn -0.000279460102 -0.000286723371 0.99999994
vn 0.488577813 0.87230742 0.0192769691
vn 0.520627975 0.853777766 -0.00315365801
vn 0.292131156 -0.367342383 0.883016944
vn 0.321544826 -0.6397385 0.698099971
vn 0.323262542 -0.687346816 0.650427282
vn 0.557022512 -0.830345333 -0.0158937164
vn -0.0104548857 0.0126223331 0.999865711
vn -0.00272279838 0.00500612473 0.999983728
vn 0.000668523018 -0.000948073575 0.999999344
vn -0.986682534 0.158089578 -0.0382773653
vn -0.986682653 0.158089608 -0.038277369
vn -0.986682594 0.158089593 -0.0382773653
vn -0.986677587 0.158120453 -0.0382802524
vn -0.986677527 0.158120453 -0.0382802486
vn -0.986677587 0.158120453 -0.0382802486
vn -0.583786607 0.0982315019 -0.805942833
vn -0.583786607 0.0982315019 -0.805942774
vn -0.583786547 0.0982314944 -0.805942714
vn 0.0137396744 0.825572193 0.564129353
vn 0.00403585704 0.296301901 0.955085814
vn -0.510736465 -0.201593533 -0.835768044
vn -0.747972786 0.662578166 0.0390760414
vn -0.747972786 0.662578225 0.0390760414
vn -0.748050213 0.66249156 0.0390607454
vn -0.748050213 0.66249162 0.0390607454
vn -0.708015263 -0.704662979 0.0465245172
vn -0.708015144 -0.704662919 0.0465245098
vn -0.708015263 -0.704662979 0.046524521
vn -0.708011985 -0.704666257 0.0465251766
vn -0.708011925 -0.704666257 0.0465251729
vn -0.708011866 -0.704666197 0.0465251692
vn -0.441573709 -0.621032596 -0.647557855
vn -0.251363456 -0.0194155015 -0.967698038
vn -0.536807001 0.0478544533 -0.842346847
vn -0.889222503 0.11384593 -0.443082899
vn -0.889222503 0.113845937 -0.443082899
vn -0.889222503 0.113845937 -0.443082869
vn -0.00123795448 -0.0105902404 -0.999943137
vn -0.419043034 -0.880814493 -0.220383152
vn 0.54219532 0.837159216 -0.0720317662
vn -0.299996972 -0.239076063 -0.92349577
vn -0.299996942 -0.239076048 -0.92349571
vn -0.299996942 -0.239076048 -0.92349577
vn -1.94543991e-05 3.17295453e-05 1
vn 0.62326318 -0.781677485 -0.0228765123
vn -0.996415257 -0.00751644373 0.08426328
vn -0.994681954 0.102211937 0.0126689067
vn -0.988967478 0.147148207 -0.0170492679
vn -0.962696493 0.255322725 -0.0895862579
vn 0.126838923 0.990704238 -0.0491629615
vn 0.126838923 0.990704298 -0.0491629653
vn 0.126838937 0.990704298 -0.0491629653
vn 0.071010083 0.590361893 -0.804008961
vn 0.071010083 0.590361834 -0.804008961
vn 0.0710100904 0.590361893 -0.80400902
vn -0.12683472 -0.990704775 -0.0491643846
vn -0.12683472 -0.990704715 -0.0491643846
vn -0.126834705 -0.990704715 -0.0491643772
vn -0.0710073039 -0.590360343 -0.804010332
vn -0.0710073039 -0.590360284 -0.804010272
vn -0.0710073039 -0.590360343 -0.804010391
vn 0.126870871 0.990700006 -0.0491654836
vn 0.126870885 0.990700066 -0.0491654798
vn 0.126870885 0.990700006 -0.0491654798
vn 0.071027115 0.590331852 -0.804029465
vn 0.071027115 0.590331912 -0.804029524
vn 0.0710271224 0.590331912 -0.804029524
vn -0.126848802 -0.990702987 -0.049161721
vn -0.126848787 -0.990702987 -0.0491617173
vn -0.126848802 -0.990703046 -0.049161721
vn -0.0710248724 -0.590345085 -0.804020047
vn -0.0710248724 -0.590345025 -0.804020047
vn -0.97406131 -0.197593793 -0.110277981
vn -0.948193014 -0.315945357 -0.0332934521
vn -0.927519619 -0.373723418 0.00617819605
vn -0.874421597 -0.478305697 0.0813050717
vn -0.186808363 0.217334449 -0.958054483
vn 0.583776534 -0.0982144475 -0.805952191
vn 0.583776534 -0.0982144475 -0.805952251
vn 0.5837906 -0.0982253551 -0.805940688
vn 0.58379066 -0.0982253551 -0.805940628
vn 0.5837906 -0.0982253626 -0.805940688
vn -0.256157249 0.498998612 -0.82787919
vn -0.256157249 0.498998642 -0.82787919
vn -0.256157249 0.498998672 -0.82787919
vn -0.426176906 -0.886363685 -0.180921584
vn -0.445641607 -0.87346518 -0.196117446
vn -0.446666092 -0.873582304 -0.193244502
vn 0.554715931 -0.413810641 0.721838593
vn 0.644183874 -0.00930235349 0.764814019
vn 0.589598358 0.00845790934 0.807652295
vn -0.501473904 0.86487931 -0.022532396
vn -0.404077709 0.911616147 -0.0753471926
vn -0.643390179 0.762904704 0.0634468272
vn -0.315976709 -0.942662477 -0.107452936
vn -0.351328373 -0.926968694 -0.13151966
vn 0.00836086646 0.988867283 0.148565173
vn 0.61545825 0.0746112317 -0.784630001
vn 2.28217632e-05 1.21288767e-05 0.99999994
vn 0.693002462 -0.00983921252 -0.720867991
vn -0.258449346 0.954745352 -0.147190928
vn -0.0121494168 0.000467992737 -0.99992609
vn 0.708012998 0.704665363 0.0465235822
vn 0.708012938 0.704665422 0.0465235785
vn 0.708012879 0.704665303 0.0465235673
vn -0.00126918708 -0.000788369391 -0.999998868
vn 0.708038688 0.70463866 0.0465367213
vn 0.708038688 0.70463866 0.0465367176
vn 0.708038628 0.70463866 0.0465367176
vn 0.747983992 -0.662565529 0.0390740968
vn 0.747984052 -0.662565589 0.0390741006
vn 0.747984052 -0.662565529 0.0390741006
vn 0.747928858 -0.66262877 0.0390590392
vn 0.747928858 -0.66262877 0.0390590355
vn 3.95087518e-05 1 -4.15375835e-05
vn 1.88512331e-05 1 -7.50895924e-05
vn 0.68724972 0.000481541909 -0.726421118
vn -0.516017377 0.800353229 -0.305222511
vn -0.545537174 0.837941587 0.0155907515
vn 0.642946064 0.765609443 -0.0215082616
vn 0.680360615 -0.731616437 -0.042975504
vn 0.159900963 0.184028134 -0.969827414
vn 0.0180132296 0.0192487352 -0.999652445
vn 0.296674728 0.31716007 -0.900773883
vn 0.0258517675 -0.00037803239 -0.999665737
vn 0.0634363741 -0.0301096942 -0.997531533
vn 0.986681879 -0.15809451 -0.0382770672
vn 0.986681819 -0.158094496 -0.0382770672
vn 0.986681759 -0.158094496 -0.0382770635
vn 0.986675441 -0.158131316 -0.0382904187
vn 0.986675441 -0.158131301 -0.038290415
vn 0.986675441 -0.158131316 -0.0382904224
vn -0.00993512291 0.999935448 0.00551438006
vn -0.181213707 0.982709527 0.0379932225
vn -0.181213737 0.982709587 0.0379932262
vn 0.677369595 -8.63471068e-05 0.73564291
vn 0.00143542292 0.000390607573 0.999998868
vn 0.299852848 -0.95135206 -0.0708330572
vn 0.329370648 -0.942798138 -0.0514454246
vn 0.260074824 -0.960762978 -0.0964138582
vn 0.3781223 -0.925568163 -0.0186246652
vn 0.104166098 -0.453392029 -0.885203362
vn 0.104166105 -0.453392059 -0.885203421
vn 0.104166098 -0.453392059 -0.885203421
vn -5.62740461e-05 3.49185066e-05 1
vn 0.313172519 0.934246898 -0.170604423
vn 0.313172489 0.934246778 -0.170604423
vn 0.313172489 0.934246898 -0.170604438
vn 0.60703814 -0.794670105 -0.00204418134
vn 0.563601017 0.802901745 -0.194171652
vn 0.612937689 0.784104943 0.0973995849
vn 0.604155719 0.79675585 0.0132678514
vn 0.518266261 -0.853781104 0.04957968
vn 0.518266201 -0.853781044 0.0495796725
vn 0.518266261 -0.853781044 0.0495796762
vn 0.0145977046 -0.0580914244 -0.998204589
vn 0.0106729837 -0.0223887898 -0.99969238
vn 0.503660798 0.77664417 -0.378351063
vn 5.28879355e-05 -7.66029734e-06 1
vn 0.648157954 -0.361567467 0.670194209
vn 0.753218651 0.657764673 0.0027098374
vn 0.75321871 0.657764614 0.00270983763
vn 0.753218651 0.657764614 0.0027098374
vn 0.601516545 0.798762262 -0.0125134578
vn -0.55437398 -0.588777363 0.588226616
vn 0.197436646 -0.969820857 -0.143060401
vn -0.532774866 -0.716793358 -0.449842334
vn 0.0780216828 -0.994758725 0.0660887361
vn -0.623449206 0.00367999729 0.781855226
vn 0.0147560304 0.00767895719 -0.999861658
vn 0.993094146 0.0826402679 -0.0832739323
vn 0.998941243 -0.0378797576 -0.0261070933
vn 0.981400967 -0.186503068 0.0454841554
vn 0.883344173 -0.415137976 -0.217631504
vn 0.883344173 -0.415138006 -0.217631519
vn 0.883344173 -0.415137976 -0.217631519
vn 0.652391016 -0.131853297 -0.746324778
vn 0.652391016 -0.131853282 -0.746324658
vn 0.652390957 -0.131853297 -0.746324718
vn 0.720415235 -0.11427322 -0.684064031
vn 0.720912695 -0.165427104 0.672992349
vn 0.968234837 -0.213284194 -0.13050361
vn 0.983096004 -0.152723119 -0.100984558
vn 0.955647886 -0.253445834 -0.150008395
vn 0.99327451 -0.0914617404 -0.0709979087
vn 0.970836282 0.196921974 -0.13674292
vn 0.0699449852 -0.995397687 0.0655066818
vn -0.648667812 0.0176031217 0.760868132
vn -0.570169091 0.0316171646 0.820918739
vn -0.572952747 -0.564477861 -0.594213724
vn -0.599148273 -0.131392881 -0.789782941
vn -0.597642362 -0.00541705918 -0.801744461
vn -0.66508168 0.000148317311 -0.746770561
vn 0.0250831693 0.00507474178 -0.999672532
vn 0.00423689699 0.00648783613 -0.999969959
vn -0.298044086 0.135457963 -0.944891989
vn 0.00553074805 -0.00210114312 -0.999982536
vn 0.0125545384 0.00412558438 -0.999912739
vn 0.850881696 0.486429304 -0.198461592
vn 0.755990088 0.654013753 -0.0272964295
vn 0.492714852 0.594969749 0.635014176
vn 0.370863527 0.301299155 0.878452659
vn 0.505018771 0.633481145 0.586223185
vn 0.680690885 0.732489526 0.0109146861
vn 0.724732876 0.688936174 -0.0113645224
vn 0.286122054 -0.329906613 0.899608731
vn 0.793815911 -0.608060479 -0.0108992811
vn -3.19999708e-05 -7.84194854e-05 1
vn -6.49259819e-05 -8.88486175e-05 1
vn 0.000139907293 0.000185847501 1
vn 9.44690055e-06 -3.2935568e-05 1
vn 0.000104701961 0.000162329612 1
vn -8.08203113e-05 -0.000157458591 1
vn 6.95830313e-05 -0.000153974746 1
vn -0.00737684593 -0.0147725679 0.999863684
vn -0.0176000092 -0.0192384273 0.999660075
vn 0.753659129 -0.656690359 -0.0274879467
vn 0.000185312922 -4.4397857e-05 1
vn 0.81526047 -0.577462077 -0.0434513763
vn 0.770918846 -0.120740525 -0.625384629
vn -0.00302457623 0.00891509093 -0.999955654
vn -0.0399605595 -0.0186777487 -0.999026656
vn -1.52186533e-06 6.30048235e-05 1
vn -6.69292422e-05 0.00014611079 1
vn -0.577304363 -0.576873004 0.577873051
vn -0.577446759 -0.576761007 0.577842474
vn -0.658756733 -0.506682992 0.556158304
vn -0.568621993 0.478630126 0.669015825
vn -0.591277301 0.576444924 0.564005733
vn -0.591885865 0.579886556 0.559823811
vn -0.601264358 0.658495009 0.452620596
vn -0.682889342 -0.478357971 -0.552119374
vn -0.691475034 -0.496899188 -0.524360061
vn -0.690464318 -0.494652689 -0.527804732
vn -0.696855843 -0.509197652 -0.505083799
vn -0.497141808 0.500828147 -0.708534598
vn 0.723764956 -0.426820844 0.542206883
vn -0.488586813 -0.640328765 0.59267354
vn -0.446320862 0.780435503 -0.437856197
vn -0.419904709 0.63468796 -0.648730457
vn -0.445322394 0.770886123 -0.455436677
vn -0.722386956 -0.309200406 -0.618508041
vn -0.658205271 0.160396487 0.735553384
vn -0.592224419 0.408477038 -0.694562256
vn -0.563289046 0.441240758 -0.698578537
vn -0.73567009 0.205455676 -0.645428061
vn -0.707147837 -0.000158376395 0.707065642
vn -0.706960559 -0.000178710179 0.707252979
vn -0.707196832 -0.000232112099 0.707016587
vn 0.811417162 -0.00183259416 -0.58446461
vn -0.445437521 0.864114046 -0.234291151
vn -0.687325418 0.67581749 -0.266185075
vn 3.8887687e-05 -0.000107893189 1
vn -0.731635451 0.555265605 0.395461202
vn -0.731635511 0.555265665 0.395461231
vn -0.707078218 -0.000123805396 -0.707135439
vn -0.706849098 6.81518795e-05 -0.707364321
vn -0.706919909 6.96272691e-05 -0.70729357
vn -0.70713681 -2.43124723e-05 -0.707076728
vn -0.583607078 -0.537097931 -0.609039187
vn -0.585342765 -0.535906732 -0.60842222
vn -0.536328077 -0.567876995 -0.624394
vn -0.707369328 -0.00033809556 0.706844032
vn 5.53907375e-05 1 2.11474489e-05
vn -0.604113817 -0.55975306 0.567206323
vn -0.60735935 -0.569049954 0.554343581
vn -0.603899956 -0.559151113 0.568027139
vn -0.600859523 -0.550718725 0.579376042
vn -0.706653237 0.000538511027 -0.707559943
vn -0.976922929 0.189237833 -0.0990484133
vn -0.976923048 0.189237863 -0.0990484282
vn -0.976922989 0.189237878 -0.0990484208
vn -0.793011308 0.604246497 -0.0775838569
vn -0.773664415 0.627149999 -0.0901455656
vn -0.804605663 0.589700043 -0.069740653
vn 0.915843904 -0.0464080647 0.398843735
vn 0.866050184 0.00945148058 0.499867707
vn 0.959360421 -0.177500516 0.21936518
vn 0.789457977 0.00178902631 0.613802016
vn 0.909734428 0.353295565 -0.21809487
vn 0.909734488 0.353295624 -0.21809487
vn 0.909734488 0.353295594 -0.21809487
vn -0.00577282347 0.999978304 0.00316265388
vn -0.00800517295 0.999963164 -0.00311173871
vn -0.00783274788 0.999968231 -0.0014686815
vn -0.76525414 0.636617243 -0.095418483
vn -0.701903224 -0.707342744 0.0836536512
vn -0.701903284 -0.707342863 0.0836536586
vn -0.701903224 -0.707342803 0.0836536512
vn -0.627177119 -0.505777955 -0.592315316
vn -0.70744276 -0.000509432459 0.70677048
vn -0.422949255 0.57525605 -0.700138927
vn -0.70703119 -0.0004399436 0.707182348
vn -0.706776202 0.000414300943 -0.707437158
vn 0.0165074244 -0.0439094715 -0.998899162
vn -0.707230151 0.702019155 0.0836347044
vn -0.707230031 0.702019036 0.0836346969
vn -0.707230151 0.702019095 0.0836347044
vn -0.364289224 0.921176732 -0.136845395
vn -0.364289254 0.921176791 -0.136845395
vn -0.364289254 0.921176732 -0.136845395
vn -0.707241774 -0.000240932131 0.706971705
vn -0.330519527 -0.943542361 -0.0220133886
vn -0.589002669 -0.806720376 0.0477282554
vn -0.661305904 -0.746900976 0.0693785325
vn 0.190558374 -0.961487532 -0.198063731
vn 0.186415821 -0.96231395 -0.197992474
vn 0.0530913807 -0.979587436 -0.19388105
vn 0.214286447 0.976042211 0.0377220996
vn 0.229569376 0.960265994 -0.15870519
vn 0.229612663 0.960126936 -0.159481853
vn 0.192026407 -0.981293142 -0.0137674985
vn 0.192026421 -0.981293201 -0.0137675004
vn 0.86161232 -0.00077024044 -0.507566392
vn -0.227697209 -0.972585738 -0.0472326316
vn 0.864712238 -0.00084904657 0.502266884
vn 0.325733006 -0.924406767 -0.198418841
vn 0.372269779 0.916292965 0.147724703
vn 0.37226972 0.916292846 0.147724688
vn 0.236017406 0.898843765 -0.369290769
vn 0.795293152 0.0266764965 -0.605637848
vn 0.190037936 -0.848855972 0.493284106
vn 0.190037936 -0.848855972 0.493284136
vn 0.190037921 -0.848855913 0.493284106
vn -0.189191535 -0.976938546 -0.0989838168
vn -0.18919152 -0.976938486 -0.0989838094
vn -0.000777144218 -0.999999523 -0.000628723414
vn -0.000284692098 -1 -0.000131739114
vn -0.000316437799 -0.999999881 -0.00016377696
vn -0.000963316415 -0.999999166 -0.000816609012
vn 0.725543976 0.305098385 0.616847396
vn -0.0100434106 0.999912679 -0.00858805981
vn 0.719492614 0.32084024 0.615947962
vn 3.23707864e-05 -1.19969593e-06 1
vn -0.152594417 0.904532492 0.398165673
vn -0.152594417 0.904532433 0.398165643
vn -0.152594417 0.904532433 0.398165673
vn -0.64642328 -0.0622448772 -0.76043576
vn 0.813613594 -0.363067567 0.454108924
vn 0.792816281 0.155799076 0.589210629
vn -0.0190924797 0.0154193472 0.999698699
vn 0.903180242 -0.0628583506 -0.424634218
vn 0.404306263 0.542501092 0.736361921
vn 0.404306293 0.542501092 0.73636198
vn 0.404306322 0.542501092 0.73636204
vn 0.670782983 -0.0845359862 -0.736820102
vn 0.680587709 -0.27724418 -0.67818588
vn 0.6797297 -0.303898752 -0.667542577
vn -0.00446025142 0.999975562 0.00536994031
vn 0.660776198 -0.0154175283 -0.750424683
vn -0.00240726047 -0.999706686 0.0240977854
vn -0.000913311495 -0.999710202 0.0240559019
vn -0.035965424 -0.99903971 0.0250244122
vn -0.707070291 -0.000191971165 -0.707143247
vn -0.0256964434 0.003546461 -0.999663472
vn 0.479339242 0.872410715 0.0955685005
vn 0.479339242 0.872410774 0.0955685005
vn 0.479339272 0.872410715 0.0955685005
vn 0.016637601 -0.0310397707 -0.999379694
vn -0.00230504572 -0.00709940586 -0.999972045
vn 0.616871417 0.785457194 -0.0502654053
vn 0.527490616 0.84955734 0.00243192445
vn 0.66094923 0.746348441 -0.0781668723
vn 0.885799289 0.458994806 -0.0684358031
vn 0.854471326 -0.518741131 -0.028040668
vn 0.359221011 -0.278562665 0.890709341
vn 0.359220982 -0.278562635 0.890709341
vn 0.359220982 -0.278562665 0.890709341
vn 0.712972462 -0.00552447513 -0.701170266
vn 0.711617649 -0.00390646001 -0.702556014
vn 0.72636342 -0.0218183622 -0.686964393
vn -0.706972063 0.00010525035 -0.707241476
vn -0.707160354 3.78448203e-05 0.707053304
vn -0.711066484 0.702912569 0.0172729064
vn 0.830053866 -0.0108648827 0.557577252
vn 0.830053985 -0.0108648837 0.557577312
vn 0.830053926 -0.0108648818 0.557577252
vn 0.697840571 0.0122521445 -0.716148317
vn -4.27126861e-06 0.000125440842 1
vn 0.481768519 0.875859559 0.0277327839
vn 0.854479909 -0.519259155 -0.0153004387
vn 0.750619471 -0.659667611 0.037535917
vn 0.708784163 -0.7032336 0.0555646978
vn -0.00130998029 -0.0176395178 -0.999843597
vn 0.309350431 -0.901105523 -0.303827584
vn 0.309350431 -0.901105464 -0.303827554
vn 0.309350431 -0.901105523 -0.303827554
vn 0.014779211 -0.99988693 -0.0027952469
vn 0.0162028577 -0.999050558 0.0404406972
vn 0.0148444781 -0.999889433 -0.000831437239
vn 0.013435876 -0.998991668 -0.042837888
vn -0.707355201 9.49145251e-05 0.706858218
vn -0.0219003987 -0.00213798182 -0.999757826
vn 0.0112358248 -0.0263463818 -0.999589741
vn 0.900034964 -0.434800893 0.0297524538
vn 0.824207366 -0.561537743 0.0731958896
vn 0.803368568 -0.589635313 0.0832414553
vn 0.887757421 -0.458895117 -0.036080841
vn 0.03145919 -0.999237239 0.0231351815
vn 0.160767063 0.986985505 -0.0036974519
vn 0.160767063 0.986985445 -0.00369745144
vn 0.160767063 0.986985564 -0.0036974519
vn -0.582058072 -0.718796253 0.380184501
vn 0.128571749 -0.990243495 -0.0537306704
vn 0.0737213418 -0.995727181 -0.0556105711
vn -4.37546441e-06 -4.93687979e-10 1
vn 0.925056219 -0.379650861 0.0116679147
vn 0.869065166 -0.102444403 -0.48397401
vn 0.864121437 -0.1635928 0.47595346
vn 0.853442132 0.51862359 -0.0516357534
vn 0.853442073 0.518623531 -0.0516357459
vn 0.853442132 0.51862359 -0.0516357496
vn -0.647509933 -0.650245607 -0.397380799
vn -0.707133949 7.60060648e-05 0.707079649
vn -0.706918597 -0.000425213075 -0.707294762
vn -0.802516103 -0.555974364 -0.216472387
vn -0.469753087 -0.276275367 -0.838453352
vn 4.95955355e-05 0.99999994 2.59448807e-05
vn -0.850309849 -0.0732950047 -0.52115351
vn 0.145156324 -0.986659408 0.0737084821
vn -0.798038065 0.00128091616 0.60260576
vn 0.13017346 0.92232275 -0.363834471
vn 0.13017346 0.92232281 -0.363834471
vn -0.706905246 7.89419646e-05 -0.707308233
vn -0.707048893 0.000107800799 0.707164645
vn -0.901746154 -0.226483777 -0.368183285
vn -0.706799448 -0.000228842589 -0.707413971
vn -0.941377699 -0.148541287 -0.302891791
vn -4.52009699e-05 -9.94002112e-05 1
vn -8.40177963e-05 3.99453211e-06 0.99999994
vn 0.000949015783 0.000545385818 0.999999464
vn 0.898503423 0.43823415 -0.0253485069
vn 0.000206482917 0.000107699154 0.99999994
vn 0.00115891662 -0.000458947732 0.999999225
vn 0.810606062 -0.585588992 -0.00179887167
vn 0.694475055 0.616441309 -0.371085316
vn 0.694475174 0.616441429 -0.371085405
vn 0.694475114 0.616441369 -0.371085376
vn 0.61767906 -0.526043117 0.584594905
vn 0.620153964 -0.52404809 0.583765984
vn 0.586791337 -0.550043643 0.594245672
vn -0.826572061 -0.000736246526 0.562830389
vn -0.738439143 0.0359035991 0.673363507
vn 0.609856069 -0.536637485 -0.583177328
vn 0.593493998 -0.506168902 -0.625745833
vn 0.609129608 -0.535244346 -0.585213244
vn 0.624837935 -0.566429257 -0.537340999
vn 0.534197986 0.569488585 0.624752164
vn 0.525606334 0.556314826 0.643623888
vn 0.523484349 0.553083539 0.648122489
vn 0.512642562 0.536702693 0.67018497
vn -0.841780543 0.17499876 -0.510667145
vn -0.772148192 0.433929265 -0.464211762
vn -0.691972256 0.688670337 -0.216581658
vn -0.861683071 0.0122335749 -0.507299244
vn -0.75359875 -0.00430788612 -0.657320678
vn -0.841549218 -0.449168921 -0.300070554
vn 0.429739237 -0.256975442 0.865614176
vn 0.429739207 -0.256975412 0.865614176
vn 0.429739237 -0.256975442 0.865614235
vn -0.960477173 -0.237371281 -0.145390809
vn -0.941336989 0.326795578 -0.0841986611
vn -0.721975923 0.671492994 0.166876808
vn 0.64853543 -0.500352144 0.573628485
vn 0.645410359 0.205468222 -0.735682189
vn 0.645410299 0.205468222 -0.735682189
vn 0.645410359 0.205468252 -0.735682189
vn -0.579880595 -0.109194987 -0.807350636
vn -0.579880536 -0.109194987 -0.807350636
vn -0.579880536 -0.109194979 -0.807350576
vn -0.603233159 0.424557239 0.675174594
vn -0.603233218 0.424557298 0.675174654
vn -0.603233218 0.424557269 0.675174713
vn -0.781073511 -0.40022856 -0.479313344
vn -0.781058908 -0.380016953 0.495514095
vn -0.973849952 0.226782337 0.0136359707
vn -0.699459732 -0.427070856 0.573032796
vn 0.902235448 -0.421443164 -0.0914151296
vn -0.580898404 0.370328873 -0.724854112
vn -0.580898464 0.370328903 -0.724854171
vn -0.580898404 0.370328844 -0.724854112
vn -0.999982536 0.00334825367 -0.00488031888
vn -0.979322076 -0.202298522 0.00187448261
vn 0.822567344 -0.444331378 0.354898006
vn -0.997192562 -0.055073306 0.0507334694
vn -0.934449434 0.356082916 -0.00301307067
vn -0.97733295 0.200314432 -0.0685162619
vn -0.95060271 -0.285332084 -0.122229137
vn -0.933869421 -0.346927226 -0.0867718086
vn -0.943448126 -0.314180583 -0.105812654
vn -0.956153452 -0.258834064 -0.137023553
vn -0.906827211 0.411678702 -0.0904697329
vn -0.707696378 0.704119205 0.0581536517
vn -0.707696497 0.704119265 0.0581536554
vn -0.707696438 0.704119205 0.0581536479
vn -0.500910044 0.638237059 -0.584587574
vn -0.500910103 0.638237059 -0.584587514
vn -0.500910044 0.638237 -0.584587514
vn 0.355802596 0.270070136 0.89468801
vn 0.822201908 0.569144189 0.00768055255
vn 0.873676658 0.483310223 -0.0556798279
vn 0.70469147 -0.60243386 -0.374810934
vn 0.704691529 -0.60243386 -0.374810934
vn 0.704691589 -0.60243386 -0.374810934
vn 0.975146532 -0.219781727 -0.0280210301
vn 0.96639663 -0.257032871 0.0034209853
vn 4.51804169e-07 1 -3.40212973e-05
vn -0.857642949 -0.514216602 0.00547228381
vn 0.00010205149 3.17454906e-05 1
vn -8.41652727e-05 1.14014238e-05 1
vn -6.1910876e-05 -4.81923416e-05 1
vn 0.935107946 -0.0318688713 -0.352927119
vn -0.744836211 0.667149663 0.0114189684
vn -0.0259215515 0.0139894933 0.999566078
vn 0.0942255035 -0.991586804 -0.088753067
vn -0.0104311025 -0.99916482 -0.0395068713
vn -0.124243848 -0.992142439 0.0147267552
vn -0.224852234 -0.62473315 -0.747763336
vn -0.224852234 -0.62473321 -0.747763336
vn 0.961643875 0.272121608 -0.0345060304
vn 0.539014101 0.192455381 -0.820015132
vn 0.539014041 0.192455366 -0.820015132
vn 0.539014041 0.192455366 -0.820015013
vn 0.0864764079 -0.00211008405 -0.996251702
vn 0.00422011735 0.0121139484 -0.999917746
vn -0.0248337369 0.00741695054 -0.999664068
vn -0.00635361345 0.994463623 -0.104888789
vn -0.0142995771 0.976784885 -0.213744849
vn 0.0531280562 0.938530684 -0.341082722
vn -0.811150134 0.0378412753 -0.583612323
vn -0.792913318 -0.00894080848 0.609268785
vn -0.146884173 -0.989001811 -0.0173371695
vn 0.00777855935 -0.996417999 0.0842062458
vn -0.102092884 -0.994698167 0.0123522533
vn -0.255318224 -0.962639391 -0.0902098715
vn -0.0533170775 -0.380993128 -0.923039317
vn -0.0533170737 -0.380993128 -0.923039258
vn -0.0533170775 -0.380993158 -0.923039317
vn -2.04959997e-05 -5.91101016e-05 1
vn -0.146333635 0.982761264 -0.112990171
vn -0.196916476 0.970871389 -0.136501253
vn 0.975760102 -0.106426463 -0.191221431
vn 0.982362926 -0.00813151244 -0.18680723
vn 0.978331745 -0.0078398278 0.20689474
vn 0.89951998 -0.362899095 0.243244633
vn -9.19967442e-06 2.30379101e-05 1
vn 0.196914628 -0.97087431 -0.136482835
vn 0.157679051 0.981967628 -0.104292691
vn 0.215459764 0.967492878 -0.132418528
vn 0.100590631 0.991991162 -0.0763885155
vn -0.000135946961 -4.51038723e-05 1
vn -0.000203936244 4.3438277e-07 1
vn 0.991534829 0.129737243 -0.00518277986
vn 0.0166734327 -0.00118398049 -0.999860346
vn -0.000104579849 -8.51990262e-05 1
vn 0.253415734 0.955526829 -0.150828019
vn 0.383898258 -0.896827281 -0.219825059
vn 0.383898258 -0.896827221 -0.219825059
vn 0.383898228 -0.896827281 -0.219825044
vn -0.000204156939 0.999999881 -8.28642733e-05
vn 0.529226542 -0.791200697 -0.306464702
vn 0.426642746 -0.904419482 -0.00123040134
vn 0.488973588 -0.855983198 -0.167921796
vn 3.05774047e-05 -1.52871871e-05 1
vn 0.00188689784 -0.00226557232 -0.999995649
vn -0.00667152274 0.00787966698 -0.999946654
vn -0.023479078 0.00677945092 -0.999701381
vn 0.951623738 -0.223159492 -0.211216182
vn 0.954915464 -0.161708042 0.248972088
vn 0.0999566391 0.973619938 0.205116317
vn 0.0246735122 0.998427629 0.0503341779
vn 0.0561837293 0.99174422 0.1152687
vn -0.000273650134 1 1.10567225e-05
vn -0.000626224442 0.999999762 -0.000208794198
vn -0.412818789 0.154655054 0.897587001
vn -0.41281876 0.154655039 0.897587061
vn -0.412818789 0.154655039 0.897587001
vn -0.248555258 -0.141464353 -0.958231747
vn -0.603849232 -0.416584164 -0.679576159
vn -0.862139642 -0.383467764 0.331161201
vn -0.705088377 -0.689814389 0.164336428
vn 0.0868126824 -0.995816529 -0.0285117943
vn 0.0901091099 -0.995640278 -0.0240994766
vn -0.71895653 -0.674062908 -0.169530705
vn 0.100948215 -0.994616568 0.0233917423
vn -0.0272913761 0.0174756907 0.999474704
vn 0.0925029218 -0.995407999 0.0246159695
vn -0.0106534427 0.00101790472 0.99994272
vn 0.0967402682 0.0358234048 -0.994664729
vn 0.00662919274 0.00972752366 -0.99993068
vn 0.899045587 0.431491196 0.0743801519
vn 0.899045587 0.431491166 0.0743801519
vn 0.899045646 0.431491196 0.0743801519
vn 0.783489764 -0.613688052 0.097624965
vn 0.795781612 -0.605406523 0.0146480761
vn 0.801451623 -0.565097332 -0.195806429
vn 0.774676383 -0.505934417 -0.379350394
vn 0.94264406 -0.316042095 -0.107422478
vn 0.94264406 -0.316042095 -0.107422471
vn 0.916199386 0.392367035 -0.0814057887
vn 0.939151645 0.323266149 -0.116160192
vn 0.883959711 0.465631932 -0.0424517654
vn 0.886534452 -0.438439488 0.147741452
vn 0.954748273 0.258443892 -0.147181958
vn 0.278357536 -0.0491716452 -0.959218085
vn 0.0300382618 0.00224516611 -0.99954623
vn 0.551288188 -0.727552652 -0.408348292
vn 0.999563515 -0.0145807331 -0.0256907027
vn -0.931730747 0.0116368132 0.36296317
vn -0.00281952554 -0.00972784963 -0.99994874
vn -0.362179011 0.00284949015 -0.932104111
vn 0.316808462 -0.0141309984 -0.948384345
vn -0.848856151 0.528458357 0.0132235344
vn -0.000190743187 7.6623066e-05 1
vn -0.000433525187 0.000303681387 0.99999994
vn -6.9185975e-05 -3.74509364e-05 1
vn -0.830204666 -0.488803595 -0.268013448
vn 0.845576286 -0.511574388 -0.152618632
vn 0.934710562 -0.341425687 0.0987143144
vn -0.944492936 0.326104581 0.039860934
vn -0.944492996 0.326104611 0.039860934
vn -0.944492996 0.326104611 0.0398609377
vn -0.851410806 -0.400297463 -0.338912517
vn -0.675134897 0.36838308 -0.639129817
vn -0.949128151 0.00516751735 -0.314848006
vn -0.943150103 0.00235252222 -0.332358837
vn 0.904912353 -0.415656716 -0.0914506987
vn -0.862344742 -0.506042719 0.0167989209
vn -0.677675247 -0.732444823 -0.0654282123
vn -0.626158595 -0.779445231 -0.019761201
vn -0.659562647 -0.750054419 -0.048942294
vn -0.702511311 -0.706097364 -0.0889059976
vn -0.33316347 -0.306356072 -0.891710818
vn -0.33316344 -0.306356043 -0.891710758
vn -0.33316344 -0.306356043 -0.891710699
vn 0.997706056 -0.000326818612 0.0676948801
vn 0.999981463 0.00264474354 0.00547657674
vn 0.964475214 -0.00600335887 0.26410538
vn 0.9986642 0.0159923658 0.0491339155
vn -0.653459728 -0.148819759 0.742187977
vn -0.653459787 -0.148819774 0.742188036
vn 0.991759956 0.0657767206 0.109935075
vn 0.921514928 -0.377763391 0.0900286883
vn 0.990210116 0.0742242411 -0.118214771
vn 0.990210176 0.0742242411 -0.118214771
vn 0.73560828 -0.0428257249 -0.676052213
vn 0.73560828 -0.0428257249 -0.676052153
vn 0.984213531 0.000614197808 -0.176984131
vn 0.999026 0.002161321 -0.0440720096
vn -0.652178824 0.738113523 -0.17277509
vn -0.652178764 0.738113523 -0.17277509
vn 0.999928296 -0.0104814526 0.00579629559
vn 0.119159833 0.0765662044 0.98991847
vn 0.119159833 0.076566197 0.98991847
vn 0.11915984 0.0765662044 0.989918411
vn -0.0725354999 0.639689267 -0.765203357
vn -0.0719609708 0.640084147 -0.764927328
vn -0.0688958541 0.642184258 -0.763447881
vn -0.296603143 0.598361611 0.744305015
vn -0.296603143 0.598361611 0.744304955
vn -0.296603173 0.598361611 0.744305074
vn 0.999935865 0.000618057675 -0.0113064274
vn 0.999325514 -0.00149142276 -0.0366903953
vn 0.999141216 -0.00105170754 -0.0414216593
vn 0.0633158311 -0.567404151 -0.821001589
vn 0.0140504679 -0.606096685 -0.795266807
vn 0.0209656004 -0.600836337 -0.799097002
vn -0.0315411426 -0.639387012 -0.768237829
vn -0.786904633 0.536745489 -0.304442555
vn -0.0761944354 0.637165368 -0.766951501
vn 0.999573708 -0.0011118094 -0.0291734207
vn 0.999673963 0.00271786842 0.025390299
vn -0.0483324751 -0.874428749 0.482740253
vn -0.106986932 -0.892243505 0.438697189
vn -0.0573613793 -0.877489626 0.476152837
vn -0.00208803127 -0.856951416 0.515392959
vn 0.999963462 0.000429898209 -0.00853452925
vn 0.00207393826 -0.731526017 -0.681810498
vn -0.0169120431 -0.704717696 -0.709286273
vn -0.0306715332 -0.684452474 -0.728412092
vn 0.00353077659 -0.733666778 -0.679500401
vn -0.013177285 -0.710263729 -0.703812361
vn -0.025456965 -0.692403913 -0.721060812
vn 0.0296337865 0.726179063 0.686866581
vn 0.0120541649 0.700658321 0.713395059
vn -0.000483041978 0.681764364 0.731571674
vn 0.018331036 0.732764959 0.680234849
vn 0.00773437461 0.718161404 0.695833504
vn -6.5490538e-05 0.707155287 0.707058251
vn -0.0109417802 -0.726433098 0.687150061
vn -0.011077472 -0.726255417 0.68733573
vn -0.0108384397 -0.72656846 0.687008619
vn -0.0108502787 -0.726383507 0.687203884
vn -0.0109639829 -0.726234674 0.687359512
vn -0.0107636768 -0.726496875 0.68708539
vn 0.135192186 0.920043766 0.367753386
vn 0.135192201 0.920043826 0.367753386
vn 0.135192186 0.920043826 0.367753357
vn -0.0394816324 0.791747808 -0.609570801
vn 0.0047128778 0.73253566 -0.680712402
vn -0.0202792007 0.766977251 -0.641353726
vn 0.0240672939 0.704155922 -0.709637344
vn -0.0240745023 0.774392307 -0.632247686
vn 0.0114468345 0.726284206 -0.687299192
vn -0.00870814547 0.754183173 -0.656606257
vn 0.0267046541 0.704112887 -0.709585786
vn 0.0163145177 -0.750756562 -0.660377502
vn 0.0162145533 -0.750742733 -0.660395682
vn 0.0412318148 0.742391884 0.668695927
vn 0.0257713404 0.742777824 0.669041872
vn -0.0111843627 -0.726115346 0.687481999
vn -0.0110536106 -0.726117253 0.687482178
vn 0.988737106 -0.14827092 0.0203617401
vn 0.924825132 0.379993141 0.0174282268
vn 0.949572146 0.313306302 -0.0123250186
vn 0.889918089 0.443132758 -0.108070098
vn 0.33965832 -0.168490961 0.925334036
vn 0.33965829 -0.168490946 0.925333977
vn 0.33965832 -0.168490946 0.925333977
vn 0.947935939 -0.317885369 -0.019141186
vn 0.933962286 -0.357194781 -0.0112375868
vn -0.189957201 0.981792271 -0.000476893329
vn -0.189957187 0.981792212 -0.000476893299
vn -0.189957201 0.981792212 -0.000476893329
vn -0.0239104759 0.00690066628 0.999690235
vn 0.00253808033 -0.00136014516 0.999995887
vn 0.157862559 -0.987459064 -0.00200816733
vn 0.568109512 -0.818727493 -0.0832879543
vn 0.466649592 -0.884056628 -0.0261170883
vn 0.329166204 -0.943176389 0.0454732627
vn 0.0720370635 -0.9808532 -0.180935249
vn 0.0720370635 -0.98085326 -0.180935249
vn 0.0720370635 -0.98085314 -0.180935234
vn 0.212094769 -0.631183028 -0.746072292
vn 0.212094769 -0.631182969 -0.746072233
vn 0.212094784 -0.631182969 -0.746072233
vn -0.903624296 -0.414138734 0.109325953
vn -0.000305406254 -2.3319104e-05 1
vn 0.655947089 -0.742315471 -0.136752427
vn 0.635303557 0.765322745 -0.10329815
vn 0.671729505 0.729495585 -0.12890166
vn 0.594920337 0.800172567 -0.0761154518
vn 0.6975438 0.701137543 -0.147779167
vn 0.0171727017 -0.00353018218 -0.999846339
vn -0.166383728 0.92129457 -0.351472259
vn -0.166383743 0.92129463 -0.351472259
vn -0.166383713 0.92129451 -0.351472229
vn -1 -0.000170275845 0.000158687995
vn -1 -0.000351803086 9.03812033e-05
vn -0.99999994 -0.000170803731 -0.000146412611
vn 0.180978149 0.905009329 0.384974092
vn -1 8.66690025e-05 -3.37524199e-07
vn 0.225724146 0.612555206 -0.757512212
vn 0.225724146 0.612555206 -0.757512271
vn -1 -0.000159749194 -7.14660746e-06
vn -0.236440808 0.553607404 0.79850775
vn -0.236440778 0.553607345 0.79850775
vn -0.236440793 0.553607404 0.79850775
vn -1 0.000111191039 0.000101331687
vn -0.0637326986 0.205458879 -0.976588309
vn -0.063732706 0.205458879 -0.976588309
vn -1 -0.000227225086 -0.000127480147
vn -1 0.000122320533 -6.12195436e-05
vn 0.0546327829 0.160238907 0.985565186
vn 0.0546327829 0.160238922 0.985565245
vn 0.0546327792 0.160238907 0.985565186
vn -1 -6.24911409e-05 -0.00021007804
vn -0.999999881 4.68759463e-05 -0.000324264023
vn 0.0139590455 -0.532911122 -0.846056044
vn 0.0124133173 -0.531800747 -0.846778572
vn 0.0617216192 -0.566153526 -0.821985662
vn -0.0239777472 -0.5609833 0.82747978
vn -0.037798617 -0.572182119 0.819255054
vn -0.0231167376 -0.560278773 0.827981472
vn -0.0106869489 -0.550017953 0.835084379
vn -0.999999881 0.000170955784 -0.000400341203
vn -0.0320088044 -0.498961806 -0.8660326
vn 0.0166362356 -0.999772429 0.0133582326
vn 0.0178349931 -0.999767959 0.0120805288
vn -0.0128108757 -0.998917639 0.0447146259
vn 0.0460523628 -0.998776436 -0.0180226807
vn 0.00261469418 -0.00326596783 0.999991298
vn -0.972938776 0.00733815506 0.230946422
vn -0.974205434 -0.000169057414 0.225662977
vn 0.967521071 -0.129585877 -0.21704942
vn 0.978320539 -0.190941259 0.0801899657
vn 0.984719694 -0.173772395 -0.0114106443
vn 0.908838451 -0.080664292 -0.409274817
vn -0.731358171 -0.680624783 0.0431866795
vn -0.921335578 -0.368148446 -0.124929957
vn -0.982409179 0.0024990018 0.186724052
vn -0.921672106 0.086372681 0.378233045
vn -0.976077437 0.00803518761 -0.217274249
vn -0.485685796 -0.172924191 -0.856858492
vn -0.989763379 -0.00612430787 -0.142586321
vn 0.197008416 0.961585879 0.19115527
vn 0.197008401 0.961585879 0.19115527
vn 0.197008371 0.96158582 0.19115524
vn -0.275503784 0.865085542 0.419195026
vn -0.275503814 0.865085602 0.419195086
vn -0.275503784 0.865085602 0.419195056
vn -0.999999821 -0.000250740355 0.000534035673
vn -0.999999762 0.000117272728 0.000556932762
vn -0.999999881 -0.000447920378 0.00033678583
vn -0.00745504443 0.867367506 -0.497612298
vn -0.122799985 0.831332803 -0.54203856
vn -0.062530227 0.851965189 -0.519851089
vn -0.15891093 0.817047775 -0.554238379
vn -1 -0.00011215642 5.75737658e-06
vn -1 -0.000244440016 -0.000163046236
vn -0.999999881 0.000272498932 0.000212756524
vn 0.283266574 0.408314109 0.86777854
vn 0.283266604 0.408314139 0.867778599
vn 0.177101582 0.380532175 -0.907651007
vn -0.00920783915 0.279778361 -0.960020423
vn 0.106054865 0.34372884 -0.933060944
vn -0.0989843681 0.226391777 -0.968993783
vn -1 4.511714e-05 -1.02413196e-05
vn -0.421050876 0.0756405666 0.903877616
vn -0.421050876 0.0756405666 0.903877676
vn -0.421050817 0.0756405592 0.903877497
vn -1 0.000144394231 2.90439693e-05
vn -0.999999523 -0.000799683738 0.000626389403
vn -0.999999762 -0.000591346645 -4.16775656e-05
vn -0.999999046 -0.000748975144 -0.00114083535
vn -0.999998391 -0.00174213573 -0.000396628195
vn 0.0168814827 -0.388325691 -0.921367586
vn -0.0236302353 -0.372434437 -0.927757621
vn 0.0535754189 -0.402081251 -0.914035141
vn 0.29060185 -0.45257324 0.843046844
vn 0.290601879 -0.45257327 0.843046844
vn 0.29060185 -0.45257327 0.843046904
vn -0.0590720735 -0.357925475 -0.931879759
vn -0.161377162 -0.738532066 0.654620349
vn -0.161377162 -0.738532007 0.65462029
vn -0.161377162 -0.738532007 0.654620349
vn -0.00446073059 -0.880757511 -0.473546684
vn -0.0651969314 -0.896693528 -0.437824309
vn 0.0706531554 -0.854701579 -0.5142892
vn 0.131019786 -0.828626812 -0.544253111
vn 0.076039277 -0.980423212 0.181626767
vn 0.0979430377 -0.980556905 0.17004481
vn 0.132405356 -0.979542196 0.151545003
vn 0.343936801 0.936455607 0.0689806789
vn 0.343936801 0.936455667 0.0689806789
vn 0.343936831 0.936455667 0.0689806789
vn -0.277843207 0.866159618 0.41541639
vn -0.277843207 0.866159499 0.41541636
vn -0.277843207 0.866159558 0.41541639
vn -1 -9.65763393e-05 0.000156156399
vn -1 5.68838914e-05 0.000160651063
vn -1 -0.000151997199 -2.4574254e-05
vn -0.279093832 0.768209577 -0.576160431
vn -0.279093832 0.768209517 -0.576160431
vn -0.279093802 0.768209457 -0.576160371
vn -1 0.000108045169 -7.56040099e-05
vn -1 0.000107385858 -0.000286545663
vn 0.237873897 0.55122155 0.799731791
vn 0.237873897 0.55122149 0.799731731
vn 0.237873927 0.55122155 0.799731791
vn -1 0.000139503827 2.92675377e-05
vn 0.177484363 0.601024032 -0.779274881
vn 0.177484363 0.601024091 -0.77927494
vn 0.177484348 0.601024032 -0.779274881
vn -0.284913778 0.0843049511 0.954838634
vn -0.284913749 0.0843049511 0.954838634
vn -0.284913749 0.0843049586 0.954838634
vn -1 0.000135822658 -1.34816173e-05
vn -0.152651668 -0.0475918241 -0.987133443
vn -0.192983702 -0.0311068036 -0.980708718
vn -0.131798312 -0.0560322404 -0.989691615
vn -1 0.000242322814 2.69953853e-05
vn 0.190054908 -0.142625079 0.971358478
vn 0.190054879 -0.142625064 0.971358478
vn 0.190054893 -0.142625079 0.971358478
vn -1 9.47688823e-05 1.04927349e-05
vn -1 7.63882636e-05 2.55262894e-05
vn -0.237889484 -0.0124974949 -0.971211851
vn -0.0063230372 -0.847078502 0.531430006
vn -0.161978036 -0.799753666 0.578063369
vn -0.228337109 -0.771987319 0.593209743
vn 0.253597349 -0.546584904 -0.7980811
vn 0.253597349 -0.546584845 -0.7980811
vn 0.253597319 -0.546584845 -0.7980811
vn 0.0795078576 -0.862803876 0.499247372
vn -0.313826352 -0.851754487 -0.419556081
vn -0.313826382 -0.851754546 -0.419556141
vn -0.313826352 -0.851754546 -0.419556111
vn 0.14354901 -0.970508277 -0.193668112
vn 0.14354901 -0.970508337 -0.193668112
vn 0.143548995 -0.970508218 -0.193668097
vn -0.976977825 -0.00431257486 -0.213297218
vn -0.984231174 0.012684416 -0.176431492
vn -0.989375234 0.0127106691 -0.144827709
vn -0.994277716 -0.0141121531 -0.105889536
vn 0.987945914 0.154772997 0.00285977451
vn 0.613529801 0.0201238133 0.789415121
vn 0.611572087 0.00158561126 0.791187167
vn 0.620488882 0.123231232 0.774472535
vn 0.99974364 -0.00250938395 -0.0225035734
vn 0.930827141 -0.229839891 -0.284138143
vn 0.9308272 -0.229839906 -0.284138173
vn 0.930827141 -0.229839906 -0.284138173
vn 0.596981406 -0.100277431 0.795963287
vn 0.994657397 -0.10322769 0.000911306532
vn -0.999737263 0.0224971417 0.00439316127
vn -0.90707922 0.343419492 -0.243454978
vn -0.0241982359 0.00463994639 0.999696434
vn -0.0204135813 0.000604611181 0.999791443
vn -0.897826016 -0.326015025 -0.29601112
vn 0.000220279573 -5.38058812e-05 0.99999994
vn 0.0544756651 -0.979705811 0.192896262
vn -0.944435954 0.328517258 0.0108280322
vn -0.999519467 -0.0120710796 -0.028551802
vn -0.99592948 -0.000317019876 0.0901358202
vn -0.99965471 0.00181613013 0.0262130778
vn -0.955068886 -0.296105444 0.0128409937
vn -0.993669093 0.0015213266 0.112336427
vn -0.997134686 -0.00582604064 0.0754229799
vn -0.0195931494 -0.0036402524 0.999801397
vn -0.998743117 -0.000258438056 0.0501190685
vn -0.996013284 -0.00251078024 0.0891695395
vn -0.996898949 -0.0265208855 -0.0740868598
vn -0.996239841 -0.0032693767 -0.0865759701
vn -0.999168098 0.00321678584 -0.0406567119
vn -0.999589741 0.00609639101 0.0279862247
vn -0.845356941 0.203215927 -0.494039357
vn -0.854791999 -0.148767397 -0.497191131
vn -0.991881251 0.127047703 0.00551920664
vn -0.890452981 0.111459136 -0.441214681
vn -0.996011138 -0.0885292739 0.0111573031
vn -0.96966058 -0.0622086264 -0.236407369
vn 0.996432662 -0.0347786658 -0.0768932402
vn 0.998696148 -0.00419127755 -0.0508781821
vn 0.989102364 -0.0166166704 0.146288425
vn 0.998115718 0.0281628147 -0.0545144938
vn 0.962635458 0.0123735806 0.270518064
vn 0.0229727961 0.999733567 0.00223156088
vn 0.0176721439 0.999829292 0.00540157314
vn 0.0211638398 0.999775767 -0.000778496964
vn 0.0216852333 0.99975574 -0.0042584273
vn 0.990744829 0.0169975888 -0.134669051
vn 0.972095549 -0.030723663 -0.232564256
vn -0.107311808 -0.120873287 -0.986850441
vn -0.101008631 -0.172843978 -0.979756236
vn -0.143408448 0.261501759 -0.954489827
vn -0.14736414 0.321476609 -0.935380399
vn -0.135308191 -0.643178642 -0.753666341
vn -0.135308191 -0.643178642 -0.753666282
vn -0.135308206 -0.643178701 -0.753666341
vn 0.0133495033 0.974000692 -0.226151302
vn 0.0163395945 0.965728939 -0.25903827
vn -0.00345349824 0.999206841 -0.0396713205
vn 0.987921715 -0.0143813556 -0.154284999
vn -0.00747057656 0.999957979 0.00532419188
vn 0.047538992 -0.998374879 0.0314274095
vn 0.0450174287 -0.993772805 0.101927251
vn 0.0292826835 -0.89722091 0.440609992
vn 0.020144036 0.999761283 -0.0084615415
vn 0.95041573 0.00733657461 -0.310895681
vn 0.97893548 0.0125033585 -0.203786612
vn 0.0255442951 -0.863099217 0.504387915
vn 0.109603278 0.320364594 0.940932333
vn 0.166545659 0.084049657 0.982445061
vn 0.0951704755 0.373391062 0.922779322
vn 0.176345155 0.0379843973 0.983595252
vn 0.00282956474 0.999995768 0.000574135454
vn 0.0022449852 0.999996006 -0.00174153061
vn 0.865261555 -0.012612124 -0.501161993
vn 0.0206959601 0.999710023 -0.0123127801
vn 0.832931101 0.00973034743 -0.553291142
vn 0.0185716935 0.999789238 0.00875412393
vn 0.000749792554 -0.999999702 0.000380425947
vn 0.00034131034 -0.999999821 0.000594260637
vn 5.84291229e-05 -1 4.40094263e-05
vn -0.000358416321 -0.99999994 -9.27758374e-05
vn 0.859404624 -0.0306253638 0.510378063
vn 0.017615404 0.999775112 0.0118131163
vn 0.841226757 0.0155660436 0.540458322
vn 6.82431637e-05 -1 -1.47485334e-05
vn 0.000266855728 -0.99999994 -0.000124300059
vn 0.000217489665 -1 -1.17566824e-05
vn 1.94095646e-05 -1 -3.63277331e-06
vn 0.0125141451 0.99987638 -0.00952169765
vn 0.000170062878 -1 0.000181780357
vn 4.73804066e-05 -0.99999994 -2.03606869e-05
vn -0.99835819 -0.0566872954 -0.0082111964
vn -0.998358309 -0.0566873029 -0.0082111964
vn -0.994329035 -0.0383069627 -0.099208951
vn -0.997798681 -0.0647031441 -0.0145324459
vn -0.948394775 0.0316894874 -0.315504491
vn -0.651826441 -0.758334517 -0.00715454668
vn -0.651826441 -0.758334458 -0.00715454668
vn -0.651826441 -0.758334458 -0.00715454621
vn -0.578324676 -0.815794468 0.00447257934
vn -0.578324735 -0.815794468 0.00447257934
vn -0.578324616 -0.815794408 0.00447257888
vn 0.81192863 0.000197194575 0.583756685
vn 0.793116868 -0.0174677055 0.608818948
vn 0.788942635 0.00941708777 0.614394665
vn -0.917510808 0.057914272 -0.393471688
vn -0.770566583 0.0620014668 -0.63433677
vn -0.770566523 0.0620014556 -0.63433665
vn -0.770566583 0.0620014593 -0.63433665
vn -6.67053828e-05 -0.99999994 -6.59638636e-06
vn -9.66036077e-06 -1 -1.81439214e-06
vn -0.27341485 -0.0295514818 0.961442173
vn -0.515606463 0.0266586989 0.856410623
vn -0.580905676 0.0431285389 0.812827468
vn -1.26163141e-05 -1 6.69597503e-05
vn -1.23719838e-05 -1 4.68954022e-06
vn -0.20177421 -0.0449633151 0.978399456
vn -0.142837346 -0.796996415 0.58685112
vn -0.142837361 -0.796996474 0.58685112
vn -0.142837361 -0.796996474 0.58685118
vn -0.167961001 -0.0546374805 -0.984278321
vn -0.167961001 -0.0546374768 -0.984278321
vn -0.167961001 -0.0546374843 -0.984278321
vn -0.103381909 -0.797245741 -0.594736457
vn -0.103381895 -0.797245681 -0.594736457
vn -0.103381902 -0.797245681 -0.594736457
vn 0.016075341 0.999769986 0.0141960867
vn 0.121940456 -0.00428740028 0.99252826
vn -0.00831394549 0.0364042595 0.999302626
vn -0.0540550575 0.0505441278 0.997257948
vn 0.17201449 -0.0201010015 0.984889269
vn 0.109914951 -0.782165766 0.613298833
vn 0.109914944 -0.782165766 0.613298833
vn 0.109914944 -0.782165706 0.613298833
vn 0.10561049 -0.797439754 -0.594084382
vn 0.105610482 -0.797439754 -0.594084382
vn 0.10561049 -0.797439694 -0.594084382
vn 0.572460234 -0.818067908 -0.055264581
vn 0.572460234 -0.818067908 -0.0552645773
vn 0.663218737 -0.747066081 -0.0450906605
vn 0.663218677 -0.747066081 -0.0450906605
vn 0.663218796 -0.74706614 -0.0450906605
vn 0.189846277 -0.0322350375 -0.981284499
vn 0.157353744 -0.0399682522 -0.986733139
vn 0.325615883 0.00107269653 -0.945501506
vn 0.36191842 0.010267524 -0.932153285
vn -1.63056538e-05 -1 -6.78370488e-05
vn 0.610300839 0.068688564 -0.78918618
vn 0.610300839 0.0686885566 -0.78918612
vn -0.436239868 0.668887913 0.60190022
vn -0.534922063 0.519384801 0.666406572
vn -0.554577053 0.482925624 0.677662969
vn -0.456288248 -0.621213138 0.637099028
vn -0.465802401 -0.587747633 0.661498845
vn -0.384619892 -0.792951643 0.472541273
vn 0.717385411 0.0757817701 0.692542553
vn 0.717385471 0.0757817775 0.692542553
vn 0.717385411 0.0757817701 0.692542493
vn -0.411863297 0.699186265 0.58438617
vn -0.369238555 -0.818626165 0.439902186
vn 2.0772879e-05 -1 2.21491664e-05
vn 0.709590375 -0.0121685965 -0.704509318
vn 0.0154057061 0.999711871 -0.0184077565
vn 0.623848379 0.0200619437 -0.781287849
vn 0.997680783 -0.00627870904 -0.0677749291
vn 0.996225595 -0.0107575124 -0.0861333311
vn 0.99989897 0.0120562073 0.00753625156
vn 0.999540985 0.016412491 0.0254670288
vn 0.993453622 -0.100989155 -0.0533963852
vn 0.993453562 -0.100989141 -0.0533963852
vn 0.993453562 -0.100989148 -0.0533963777
vn 0.741078198 -0.0336915553 0.670572937
vn 0.187818646 0.936645985 -0.295666128
vn 0.187818617 0.936645925 -0.295666128
vn 0.187818632 0.936645985 -0.295666128
vn 0.735352337 0.00771146314 0.677641094
vn 0.319578469 -0.859415829 -0.399091512
vn 0.309179276 -0.873516023 -0.37600252
vn 0.317831039 -0.861861646 -0.395193368
vn 0.307763875 -0.875352502 -0.372879803
vn 0.603245914 -0.0182298683 0.79734683
vn 0.0125660654 0.999786675 0.0163890105
vn 0.621045768 0.0126502728 0.783672154
vn 0.00880547892 0.999887645 -0.0121313538
vn 0.556765735 0.551903784 -0.620817363
vn 0.567240775 0.509397149 -0.64711076
vn 0.598337591 0.19557707 -0.777008235
vn 0.595592856 0.118454002 -0.794504642
vn 0.00166891771 0.999996543 0.00200349116
vn 0.73197639 -0.108002312 -0.672715425
vn 0.73197639 -0.108002305 -0.672715485
vn 0.73197633 -0.108002305 -0.672715425
vn 0.746799469 0.603463709 -0.279503316
vn 0.746799529 0.603463769 -0.279503316
vn 0.746799529 0.603463709 -0.279503286
vn -3.60073464e-05 -1 1.23786149e-05
vn 0.78665483 -0.6120435 -0.0810985267
vn 0.78665483 -0.61204344 -0.0810985267
vn 0.858119071 -0.00176854467 0.513447583
vn 0.85811919 -0.00176854501 0.513447642
vn -3.15715733e-05 -1 2.80389231e-05
vn 0.496812195 -0.0176969524 -0.867677689
vn 0.610236287 -0.0190597326 -0.791990161
vn 0.661941648 -0.0012663278 -0.749554276
vn 0.614079356 -0.00184585887 -0.789242148
vn -7.98321926e-05 -1 -3.15171892e-05
vn 0.0103987977 0.999784887 0.017942071
vn -0.76474911 -0.172837198 -0.620714128
vn -0.760870039 -0.231885701 -0.606057465
vn -0.69052875 -0.533972323 -0.487897009
vn -0.670014977 -0.58170855 -0.461188942
vn -0.513252974 0.777752519 -0.362867057
vn -0.233427346 0.943918049 -0.233517498
vn -0.572149038 0.722694039 -0.387761146
vn -0.168848023 0.964796484 -0.20163849
vn 0.354211688 0.422926664 0.83406657
vn 0.354211688 0.422926694 0.834066629
vn 0.354211688 0.422926724 0.834066629
vn 0.356687725 -0.340284914 0.87004602
vn 0.356687695 -0.340284914 0.87004596
vn 0.356687754 -0.340284944 0.870046079
vn 0.0656710342 -0.997827351 -0.00528127514
vn 0.112743266 -0.9925825 0.045485463
vn 0.334774345 -0.896450758 0.2903485
vn 0.565071464 0.0034814612 -0.825034618
vn 0.376427144 -0.862796962 0.337467194
vn 0.816409111 -0.517408848 0.256445289
vn 0.816409171 -0.517408848 0.256445289
vn 0.617796659 0.552004099 0.560016692
vn 0.617796659 0.552004158 0.560016692
vn 0.933149815 0.359379381 0.00883756019
vn 0.933149755 0.359379381 0.00883756112
vn 0.933149695 0.359379351 0.00883755926
vn 0.819409847 0.0433802307 0.571564138
vn 0.819409788 0.0433802307 0.571564138
vn 0.819409907 0.0433802344 0.571564198
vn 0.00998482388 0.999689937 -0.0228129923
vn 0.344869673 0.0166938733 -0.938502133
vn 0.00457291119 0.999855876 -0.0163536686
vn 0.0123788845 0.999509573 0.0287662596
vn 0.384334415 0.00793401804 0.923159838
vn 0.0418988094 -0.108006507 -0.993266821
vn 0.0418988131 -0.108006515 -0.993266881
vn 0.0418988094 -0.108006507 -0.993266761
vn 0.330191344 0.602821946 -0.726346612
vn -1.49134112e-05 -1 -0.000202423878
vn -7.65964433e-05 -1 -1.30180424e-05
vn 1.29940815e-06 -1 -0.000144435835
vn 0.305275083 -0.0184816793 0.952084899
vn -9.27337242e-05 -1 5.97137732e-05
vn 0.501607418 -0.614875317 -0.608537912
vn 0.501607358 -0.614875257 -0.608537853
vn 0.968813479 0.00346038258 -0.247766823
vn 0.968813539 0.00346038258 -0.247766852
vn 0.968813479 0.00346038234 -0.247766823
vn -9.79648303e-06 -1 1.30233557e-05
vn 0.219398171 -0.0114956731 -0.975567639
vn 0.000286619237 0.99999702 -0.00244225189
vn -0.984097064 -0.0822664723 0.157433793
vn -0.984096944 -0.0822664723 0.157433778
vn -0.984096885 -0.0822664574 0.157433763
vn -0.971231043 0.0674202293 -0.228395998
vn -0.971231043 0.0674202293 -0.228396013
vn -0.971231103 0.0674202293 -0.228396013
vn -0.617138326 -0.781466126 0.0919297338
vn -0.617138267 -0.781466067 0.0919297263
vn -0.617138267 -0.781466007 0.0919297189
vn -6.66205233e-05 -0.99999994 0.000186913559
vn -3.25046858e-06 -1 -3.4322562e-05
vn -0.536484122 -0.0444286838 0.842740059
vn -0.309856266 0.0232813358 0.950498343
vn -0.603619874 -0.0662071183 0.794518411
vn -0.397336662 -0.756530762 0.519408226
vn -0.397336662 -0.756530702 0.519408166
vn -0.397336632 -0.756530702 0.519408166
vn -0.650194168 0.0615335554 -0.757272124
vn -0.378941238 -0.00912296306 -0.92537576
vn -0.704179227 0.0772696286 -0.705805063
vn 0.00769366417 0.999596477 0.0273434576
vn 0.00550642936 0.999138772 0.0411266796
vn 0.127832621 0.0213859193 0.991565228
vn -0.665189803 -0.0734888315 -0.743049145
vn -0.665189743 -0.0734888166 -0.743049026
vn -0.665189743 -0.0734888241 -0.743049085
vn -0.413377643 -0.782418907 -0.465767562
vn -0.413377613 -0.782418907 -0.465767533
vn -0.413377613 -0.782418966 -0.465767592
vn -0.569441915 0.0698833168 0.819055736
vn -0.569441915 0.0698833168 0.819055676
vn -0.569441915 0.0698833093 0.819055676
vn -4.44665318e-07 -1 9.98340397e-08
vn -0.223198444 0.0472645871 0.973626375
vn -0.281017095 -0.032130599 -0.959164798
vn -0.154566675 -0.817207992 -0.555229902
vn -0.154566675 -0.817207992 -0.555229962
vn -0.15456669 -0.817207992 -0.555229902
vn 0.471730888 -0.810365498 -0.347530842
vn 0.471730947 -0.810365558 -0.347530872
vn 0.471730858 -0.810365498 -0.347530812
vn 0.336189091 -0.697601557 0.632715583
vn 0.336189091 -0.697601497 0.632715583
vn 0.406932712 -0.814442277 -0.41362986
vn 0.406932712 -0.814442158 -0.41362983
vn 0.406932771 -0.814442337 -0.413629889
vn 0.522911429 -0.803381681 0.284853429
vn -5.98273232e-07 -1 -1.12714169e-07
vn 0.348116994 0.0392039567 -0.936630964
vn 0.631632388 -0.0214198995 -0.774972141
vn 0.276046693 0.0528093725 -0.959692299
vn 7.84733638e-05 -1 -9.68114327e-05
vn 0.502833962 -0.0707317069 0.86148423
vn 0.704767644 -0.000419144402 0.709438145
vn 0.654140294 -0.0197437108 0.756115615
vn 0.457903147 -0.084330447 0.884993315
vn 0.790774584 0.00862801541 -0.612046599
vn 0.803318501 0.0151533633 -0.595356703
vn 0.807072937 0.0171448197 -0.590202749
vn 0.787321091 0.00686455285 -0.616504908
vn 0.69410795 -0.0368233621 -0.718928576
vn 4.48061728e-05 -1 2.55521672e-06
vn 0.902086079 -0.0310245324 0.430439413
vn 0.98054105 0.0284800213 0.19423759
vn 0.868344963 -0.0478912406 0.493643016
vn 0.991031468 0.0447919182 0.125898063
vn 0.000688946864 0.999626696 -0.0273120683
vn 0.0239781477 0.0147949895 -0.999602914
vn 0.0003604136 0.999867797 -0.0162570588
vn -7.32936633e-06 -0.99999994 -9.2121998e-05
vn 0.186067969 -0.00188797188 0.982535064
vn 0.149101555 -0.0290953778 0.988393724
vn -0.0461828187 -0.0275078565 0.99855417
vn 0.124405898 -0.00328150904 0.992226005
vn -0.000674835872 0.999154687 0.0411008336
vn -0.000341107399 0.999997914 0.00204076385
vn -2.06992245e-05 -1 -5.46485899e-06
vn -0.983567536 0.0433815755 0.175251305
vn -0.98119086 0.105092511 0.161926359
vn -0.919373393 0.382362515 0.0924741253
vn -0.893118083 0.443562776 0.0747812614
vn -0.442037135 -0.896446228 0.0314223059
vn -0.111881055 -0.992582738 0.047562167
vn -0.504809439 -0.862790883 0.0275581926
vn -0.951062024 0.0209545903 -0.308288604
vn -0.980892956 -0.0246946104 -0.192974731
vn -0.984481573 0.0280128848 0.17323795
vn -0.791085541 -0.0269240029 0.611112714
vn -0.0427037217 -0.997827172 0.0501732118
vn -0.509869933 0.00344834407 0.860244572
vn -0.509869933 0.0034483436 0.860244572
vn -0.509869933 0.00344834407 0.860244632
vn -0.475592524 0.0311759543 0.879113138
vn -0.823178828 -0.0297830086 -0.567000568
vn 0.0870746598 -0.00592540903 0.99618417
vn 0.269670725 0.962400734 -0.0325973742
vn 0.337080747 0.941241682 -0.0209993366
vn 0.354328215 0.934948444 -0.0179655366
vn 0.253196239 0.966768086 -0.0353711955
vn 5.23385495e-07 -1 3.26226632e-06
vn -0.0346241742 -0.0179588702 -0.999239087
vn 0.0755921006 -0.614876628 0.784992158
vn 0.0755920857 -0.614876568 0.784992099
vn 0.0755920857 -0.614876628 0.784992039
vn -0.384144813 -0.0215921085 0.923020422
vn 0.887897074 -0.431162238 -0.160430253
vn 0.966587067 -0.224879205 -0.123040639
vn 0.867390573 -0.468847185 -0.166781425
vn 0.280124784 0.602814615 0.747090876
vn 0.280124784 0.602814555 0.747090936
vn 0.280124754 0.602814496 0.747090876
vn 0.672713697 -0.108009629 0.731976986
vn 0.672713697 -0.108009636 0.731977046
vn 0.672713757 -0.108009636 0.731976986
vn 0.978458941 -0.172786281 -0.112973109
vn -0.00663310289 0.999442399 0.0327257067
vn -0.197688043 0.0202301666 -0.980056167
vn -0.190972865 0.0222472772 -0.98134321
vn -0.220554173 0.0133310957 -0.975283563
vn -0.225642547 0.0117893843 -0.974138796
vn 4.29500176e-07 -1 -1.14141346e-06
vn -0.189790696 0.00596379256 0.981806457
vn -0.0319575444 0.0377339497 0.998776674
vn 2.73258661e-06 -1 6.00032024e-07
vn -3.54775693e-05 -1 8.34753064e-06
vn -0.00652997009 0.999736071 -0.0220260601
vn 8.90455049e-05 -1 -0.000180947667
vn 1.60393301e-05 -1 -0.000203510994
vn 6.68104485e-06 -1 2.73494902e-06
vn -0.24397862 -0.010971114 -0.969718516
vn -0.136149228 -0.0108503401 -0.990628898
vn -0.0875660032 -0.00115155231 -0.996158063
vn -0.00446595997 0.999646664 -0.0262036473
vn -0.122291811 0.00745703327 -0.992466092
vn -0.232349649 0.00706797233 -0.972606719
vn -0.966563761 -0.231887072 0.10946618
vn -0.833255947 -0.533999324 0.143280506
vn -0.97967124 -0.172834471 0.101844877
vn -0.672720313 -0.108008429 -0.731971025
vn -0.672720313 -0.108008437 -0.731971085
vn -0.672720253 -0.108008429 -0.731971025
vn -0.0116241816 0.999421895 0.0319491215
vn -0.0184094682 0.99954313 0.023970861
vn -0.00178404339 0.999998033 0.000812439423
vn 0.596071661 -0.00629331544 -0.802906632
vn 0.593383193 -0.00715424726 -0.804888368
vn 0.592826188 -0.00733231381 -0.805297077
vn -0.0226823986 0.999303699 -0.0296251532
vn -0.00166629092 0.999998152 -0.00100062648
vn 0.578038275 -0.0263956822 0.815582573
vn 0.738237798 0.0126718516 0.674421608
vn 0.537454188 -0.0351831615 0.842558622
vn -0.799863815 -0.581733942 0.147660002
vn 0.596745014 -0.00607733056 -0.802407861
vn 2.69875568e-06 -0.99999994 -6.91813341e-07
vn -0.619457781 0.777793765 0.106343359
vn -0.261968434 0.964797854 -0.0231848527
vn -0.33017388 0.943920195 -5.86290516e-05
vn -0.678677857 0.722771049 0.13037768
vn -0.280121356 0.602816045 -0.747090876
vn -0.280121356 0.602816045 -0.747090936
vn -0.280121356 0.602816105 -0.747090876
vn 0.111897513 -0.992580712 -0.0475645624
vn 0.442022175 -0.896453559 -0.0314233787
vn 0.0427249111 -0.997826099 -0.0501760356
vn -0.0755888298 -0.614887416 -0.784983933
vn -0.0755888224 -0.614887416 -0.784983933
vn 0.50985074 0.00346570881 -0.860255957
vn 0.509850681 0.00346570858 -0.860255837
vn 0.509850681 0.00346570858 -0.860255957
vn 0.77416414 0.0227200426 0.632577002
vn -3.90265268e-05 -0.99999994 -1.46531022e-06
vn -0.0163137577 0.999746561 0.015514235
vn -0.0231302623 0.999526203 -0.0203012936
vn -0.0369727723 0.99916029 -0.0176497139
vn -0.424885184 -0.0255921241 0.904885471
vn 0.504792213 -0.862800837 -0.0275588799
vn -5.44159138e-06 -1 -5.86349188e-06
vn 0.983567238 0.0434049442 -0.175247118
vn 0.983567178 0.0434049405 -0.175247103
vn 0.983567178 0.0434049368 -0.175247088
vn 0.832845032 0.55199641 -0.0408556648
vn 0.832845032 0.551996469 -0.0408556648
vn 0.994949043 0.0123418672 -0.0996192694
vn 0.999011576 -0.0182104204 0.0405515805
vn 0.990557969 0.0202149544 -0.135595933
vn -0.0308734793 0.999412894 0.0148561848
vn -0.0310811307 0.999513566 0.00252290582
vn -0.0356294587 0.999359846 -0.00325053767
vn 0.997105777 -0.02499507 0.0718000308
vn -0.179836273 0.000582616194 -0.983696461
vn 0.000110205125 -1 3.28443493e-05
vn -0.0150849596 0.999313593 -0.0338354744
vn -0.455283582 0.00191612483 -0.890344381
vn -0.0187779907 0.999192774 0.0355122127
vn -0.49719125 0.0224536173 0.867350399
vn -6.74388048e-06 -1 -2.94715919e-05
vn -5.16589025e-05 -1 3.60258782e-05
vn -0.483253866 -0.00961626507 -0.875427485
vn 0.000160600699 -0.999999881 -0.000249442295
vn -0.995497644 -0.0208053458 0.0924743488
vn -0.987578392 -0.0351610631 0.153142348
vn -0.99223876 0.0296204686 -0.120768137
vn -0.983787477 0.0422677509 -0.174285918
vn -0.982165039 0.0646502674 -0.176556692
vn -0.982164979 0.0646502599 -0.176556662
vn -0.579311073 -0.810361862 0.0878202319
vn -0.579311073 -0.810361803 0.0878202245
vn -0.684172034 -0.0876012146 0.724040508
vn -0.684171975 -0.0876012146 0.724040508
vn -0.454014242 -0.762745321 0.460532993
vn -0.454014242 -0.762745321 0.460533023
vn -0.454014212 -0.762745321 0.460532963
vn -0.510375142 -0.0347910039 -0.859247923
vn -0.510375082 -0.0347910002 -0.859247744
vn -0.510375082 -0.0347910002 -0.859247863
vn -0.299166888 -0.824530184 -0.480259418
vn -0.299166888 -0.824530184 -0.480259448
vn -0.613494098 -0.0642467886 -0.78708148
vn -0.613494158 -0.0642467961 -0.78708154
vn -0.613494158 -0.0642467961 -0.787081599
vn -0.390198916 -0.776902974 -0.494132042
vn -0.390198916 -0.776903033 -0.494132012
vn -0.390198916 -0.776903033 -0.494132042
vn 0.0314746834 0.0504554436 -0.998230159
vn 0.0314746872 0.050455451 -0.998230278
vn 0.0314746872 0.0504554473 -0.998230219
vn 0.0987328589 0.0612075962 -0.993229806
vn 0.0987328663 0.0612075925 -0.993229866
vn 0.0987328589 0.0612075999 -0.993229806
vn 6.66968845e-05 -1 -0.000125375096
vn 2.21807977e-06 -1 -2.22911567e-05
vn 0.229385197 -0.0553491302 0.97176075
vn 0.0296579655 0.00539362803 0.999545515
vn -0.0527330674 0.0302664563 0.998149931
vn -0.0986598805 0.0721945241 0.992498994
vn -0.0986598879 0.0721945316 0.992498934
vn -0.098659873 0.0721945241 0.992498934
vn 0.298320323 -0.0764689893 0.951397657
vn 0.199437395 -0.704401135 0.681207538
vn 0.477396756 -0.77716434 -0.410009652
vn 0.477396786 -0.7771644 -0.410009652
vn 0.477396756 -0.77716428 -0.410009652
vn 0.4128429 -0.816482902 -0.403629005
vn 0.4128429 -0.816482902 -0.403629035
vn 0.516356468 -0.799865246 0.305927575
vn 0.516356528 -0.799865246 0.305927604
vn 0.516356468 -0.799865186 0.305927575
vn 0.767822564 -0.0818306804 -0.635415018
vn 0.767822564 -0.0818306729 -0.635414958
vn 0.767822564 -0.0818306729 -0.635414898
vn 0.70334506 -0.0562757216 -0.708617508
vn 0.70334506 -0.0562757254 -0.708617508
vn 0.878662467 -0.0260107554 0.47673443
vn 0.968351722 0.0285142548 0.247955337
vn 0.842169106 -0.041557461 0.537609696
vn 0.983253658 0.0444154218 0.176746652
vn 0.000143935205 -1 -5.99218183e-05
vn 3.60723898e-05 -1 -1.73057117e-06
vn 9.13481417e-05 -1 -7.63102362e-05
vn 0.996600389 0.07500422 0.034088701
vn 0.99660033 0.07500422 0.034088701
vn 0.99660033 0.07500422 0.0340886973
vn -0.738852262 0.301597685 -0.602607787
vn -0.744342506 0.255224884 -0.617101729
vn -0.665006459 0.571728468 -0.480513155
vn -0.71547693 -0.47662136 -0.510808051
vn -0.71547693 -0.476621389 -0.51080811
vn -0.71547693 -0.47662136 -0.51080811
vn -0.892744958 -0.277850568 0.354690671
vn -0.892744958 -0.277850538 0.354690671
vn -0.892744899 -0.277850538 0.354690641
vn -0.642133117 0.620734751 -0.449837089
vn -0.853079557 0.358981639 0.378665596
vn -0.853079438 0.35898158 0.378665566
vn -0.853079498 0.358981609 0.378665596
vn -0.337133557 -0.893658817 -0.296167195
vn -0.337133586 -0.893658757 -0.296167195
vn -0.337133586 -0.893658817 -0.296167195
vn -0.396083117 0.54904443 0.735981345
vn -0.396083087 0.549044371 0.735981286
vn -0.396083117 0.549044371 0.735981345
vn -0.00277262647 0.0136048039 0.99990356
vn -0.0027726267 0.0136048049 0.99990356
vn -0.446613491 -0.583548784 0.678238332
vn 0.0585969202 -0.993634284 0.0962147713
vn 0.0585969239 -0.993634284 0.0962147787
vn 0.0585969202 -0.993634343 0.0962147713
vn 0.208466798 0.967147708 0.145488292
vn 0.318967134 0.927456379 0.195152745
vn 0.181075543 0.97442764 0.133050099
vn 0.337061524 0.919292271 0.203202531
vn 0.717784345 -0.504008532 0.480375797
vn 0.717784405 -0.504008532 0.480375797
vn 0.766943216 0.015526277 0.641527057
vn 0.766943216 0.0155262761 0.641527057
vn 0.766943276 0.0155262779 0.641527116
vn -0.021332955 0.999390423 -0.0276335645
vn -0.66678828 0.0077171186 -0.74520725
vn -0.0289282631 0.999358416 0.0211173054
vn -0.573939621 -0.000325869914 0.818897605
vn -0.591874778 -0.0252890252 0.805633128
vn -0.697764099 -0.0321595259 0.715605378
vn -0.780032396 0.0150507661 0.625558078
vn -0.628197789 0.0176298991 0.777853906
vn -8.70136864e-05 -1 1.81833766e-05
vn -0.545979142 -0.355249137 0.758752167
vn -0.641601801 0.0149147278 0.76689291
vn -0.632091522 -0.0474071801 0.773442209
vn -0.999898791 0.0137669286 -0.00357746379
vn -0.999898791 0.0137669295 -0.00357746403
vn -0.999898851 0.0137669304 -0.00357746403
vn -0.521571696 -0.413607568 0.746251762
vn -0.736153901 0.549114168 -0.395665377
vn -0.736153901 0.549114168 -0.395665407
vn -0.736153841 0.549114168 -0.395665348
vn -0.378665149 0.358981818 -0.853079617
vn -0.378665149 0.358981818 -0.853079677
vn -0.378665149 0.358981788 -0.853079557
vn -0.678509176 -0.58382225 -0.445844084
vn -0.678509116 -0.58382225 -0.445844054
vn -0.678509116 -0.583822191 -0.445844054
vn -0.354690403 -0.277850866 -0.892745018
vn -0.354690433 -0.277850866 -0.892745018
vn -0.716464221 -0.0253932551 -0.697161555
vn -0.194289207 0.928496659 0.316458195
vn -0.187314972 0.93510443 0.300819963
vn -0.144597933 0.967838347 0.205865085
vn -0.13403514 0.974009693 0.182591304
vn 0.0534511283 -0.991842031 -0.115725979
vn 0.0678288564 -0.986178339 -0.151167095
vn -0.022809891 -0.997153401 0.0718660802
vn -0.0375637449 -0.993431926 0.108083457
vn 0.624200761 0.230297044 -0.746549785
vn 0.490275949 0.554950356 -0.672056198
vn 0.449812829 0.62073493 -0.642149866
vn 0.505667627 -0.476586759 -0.71914202
vn 0.505667627 -0.476586729 -0.719141901
vn 0.638500512 0.174314842 -0.749620914
vn -0.652934611 -0.00319526135 0.757407606
vn 0.00013421553 -1 -5.31372498e-05
vn 0.000139618453 -1 -6.16095203e-05
vn -0.748348117 0.00110469188 -0.663305342
vn -0.0313056409 0.999275863 -0.0216265004
vn -0.764975071 0.0149461152 -0.643886387
vn -0.842072964 0.0171682965 -0.539090276
vn -3.37390375e-05 -1 2.357421e-05
vn -0.000118669865 -1 0.000119444201
vn -0.868255496 -0.0172144268 0.495818526
vn -0.746795714 0.603466213 0.279508263
vn -0.746795654 0.603466153 0.279508263
vn -0.786657512 -0.612038553 0.081109412
vn -0.73197341 -0.107997119 0.672719598
vn -0.73197341 -0.107997127 0.672719598
vn -0.73197335 -0.107997112 0.672719538
vn -0.858111501 -0.00177911448 -0.513460219
vn -0.858111501 -0.00177911436 -0.513460219
vn -0.85811156 -0.00177911448 -0.513460219
vn -0.10955669 0.320530862 -0.940881193
vn -0.176346928 0.0379644372 -0.983595669
vn -0.166538015 0.0840737224 -0.982444227
vn -0.0951055363 0.373615891 -0.922694981
vn -0.0255426317 -0.86309886 -0.50438869
vn -0.0292807408 -0.897220016 -0.440612078
vn -0.0450152196 -0.993774235 -0.101914816
vn 0.00344209815 0.999200821 0.0398222506
vn 0.00745883957 0.999958813 -0.00517076207
vn -0.0133494856 0.973993838 0.226181164
vn -0.0475367047 -0.998375475 -0.0314123146
vn -0.0163367949 0.96572876 0.259038627
vn 0.00021715516 -1 -2.64884129e-05
vn -0.000376990531 -0.999999881 9.38350131e-05
vn -0.000665464555 -0.999999702 0.000263928523
vn 0.135308132 -0.643177271 0.753667593
vn 0.135308132 -0.643177211 0.753667593
vn 0.143408343 0.261498511 0.954490662
vn 0.107311614 -0.12087509 0.986850321
vn 0.101008683 -0.172843561 0.979756355
vn 0.147363752 0.321468025 0.935383439
vn -0.814571619 -0.0224893019 -0.579626858
vn -0.885315657 -0.0223785937 -0.464451879
vn -0.825946212 -0.002755119 -0.56374228
vn -0.994208932 -0.00188447372 0.107448466
vn -0.945930064 0.0426851474 0.321550041
vn -0.957443893 0.0352933407 0.286453396
vn -0.998107553 -0.0115178907 0.0604043528
vn -0.56286341 -0.825781941 0.0356224179
vn -0.56286341 -0.825781882 0.0356224179
vn -0.794128478 0.0351855159 -0.606730461
vn -0.87268585 -0.00341597246 -0.488270193
vn -0.893003941 -0.0152486488 -0.449790508
vn -0.518113136 -0.819839716 -0.243765429
vn -0.669760823 -0.00466862507 0.742562234
vn -0.600511611 0.0209100563 0.799342632
vn -0.689092278 -0.012211401 0.724570632
vn -0.407072186 -0.811086059 0.420037657
vn -0.407072186 -0.811086059 0.420037687
vn -0.407072186 -0.811086059 0.420037627
vn -0.771261692 0.0449404344 -0.634929657
vn -0.552503288 0.00511837285 -0.833494902
vn -0.453781307 -0.0219927076 -0.890841663
vn -0.576269329 0.0119646881 -0.817172348
vn -0.429850727 -0.0282742698 -0.902457237
vn -0.268133163 -0.80971235 -0.5219872
vn -0.268133134 -0.809712291 -0.52198714
vn -0.581227422 0.0276790187 0.81327033
vn -0.380845279 -0.0473402292 0.923426151
vn -0.380845249 -0.0473402292 0.923426092
vn -0.380845279 -0.0473402292 0.923426211
vn -0.216929674 -0.828753948 0.515857041
vn -0.216929689 -0.828754008 0.5158571
vn -0.216929659 -0.828753889 0.515857041
vn 0.271664828 -0.764145255 -0.585047066
vn 0.271664798 -0.764145255 -0.585047066
vn 0.271664798 -0.764145315 -0.585047066
vn 0.477573186 -0.752375066 0.453713149
vn 0.477573186 -0.752375126 0.453713149
vn 0.477573186 -0.752375066 0.453713119
vn 0.52725172 -0.799658179 -0.287319541
vn 0.52725172 -0.79965812 -0.287319541
vn 0.374940515 -0.823827028 0.425122082
vn 0.374940544 -0.823827028 0.425122082
vn 0.374940515 -0.823827028 0.425122052
vn -0.000542099122 -0.999999881 -3.79696758e-05
vn 0.468781948 -0.0281061064 -0.882866681
vn 0.43035683 -0.0410169922 -0.901726544
vn 0.575087905 0.00972358603 -0.818033814
vn 0.611580074 0.0235344488 -0.790832341
vn 0.73456645 -0.0265809074 0.678015888
vn 0.723543108 -0.0210019071 0.689959586
vn 0.719333231 -0.018897716 0.694408
vn 0.628165066 0.0199491493 0.777824283
vn 0.507113159 0.0589647777 0.859860063
vn 0.475809544 0.0682815611 0.876893938
vn 0.738141358 -0.0284124278 0.67404747
vn 0.66721338 0.0061587207 0.744841158
vn 0.779981792 0.0234887805 -0.625361145
vn 0.849035382 -0.0116271991 -0.528208017
vn 0.75639677 0.0341840945 -0.653219342
vn -0.0321908668 0.999455869 0.00719847204
vn 0.869033635 -0.0232271515 -0.494207501
vn -0.0411882959 0.999079645 -0.0119703719
vn -0.963464975 0.0178032722 -0.267241985
vn -0.990032017 -0.0151519077 -0.140025601
vn -0.946417868 0.0141223716 0.32263577
vn -0.971833646 -0.031678237 0.233529016
vn -0.0533776283 0.998565674 0.00418509729
vn -0.978955507 0.0122939572 0.203703001
vn -0.987812698 -0.0161018223 0.154812485
vn -0.998147428 0.0276414026 0.054200355
vn -0.99073869 0.0170074739 0.134712324
vn -0.996455967 -0.037810389 0.0751389563
vn -0.998835444 -0.00466095284 0.0480217189
vn 0.985928535 -0.00407275371 -0.167117149
vn 0.997066736 0.00827188697 -0.0760885105
vn 0.990754247 -0.00588626135 0.135540873
vn 0.961635113 0.00696044462 0.274243414
vn 0.897197485 -0.00546604116 -0.441595644
vn 0.951604962 0.00564616127 -0.307271928
vn 0.968753219 0.0135637354 -0.247655451
vn 0.880480707 -0.00708571961 0.474029154
vn 0.806923091 0.00622675428 -0.590623736
vn 0.7986449 0.00708555104 0.601760924
vn 2.38637881e-06 1 2.39452697e-06
vn 6.31424768e-07 1 5.66616961e-07
vn 5.16809268e-06 1 5.29188037e-06
vn -0.283596724 -0.00108027773 -0.958943009
vn -0.28137657 -0.00490887696 -0.959584892
vn -0.278918684 -0.009136023 -0.960271299
vn -0.286068588 0.00319394679 -0.958203852
vn 0.694558918 -0.0070789489 -0.719400942
vn 0.999999464 0.000663710234 -0.000709155691
vn 0.999999464 -0.00066388509 0.000709155691
vn 0.997619331 -0.0471267141 0.0503468625
vn 0.997619331 0.0471265428 -0.0503468625
vn 0.664116621 -0.00567841902 0.747607529
vn 0.499381602 -0.000663650571 0.866381884
vn 0.45520398 -0.0471261926 0.889139175
vn 0.500609636 0.000663688814 0.865672886
vn 0.542407155 0.0471262187 0.83879298
vn 0.499381721 0.000663450977 -0.866381764
vn 0.500609756 -0.000663890969 -0.865672827
vn 0.542407155 -0.0471262932 -0.83879298
vn 0.455204219 0.047125861 -0.889139056
vn 0.606803477 0.0037989812 -0.79484278
vn 0.520967662 0.00637298031 0.85355258
vn -0.500614285 -0.000663520244 0.865670204
vn -0.542411566 -0.0471257083 0.838790059
vn -0.499386579 0.000663443876 0.866379023
vn -0.455209136 0.0471256487 0.889136612
vn -0.500614345 0.000663625658 -0.865670204
vn -0.499386549 -0.00066334533 -0.866378963
vn -0.455208838 -0.0471257865 -0.889136732
vn -0.542411804 0.0471260436 -0.83878994
vn -0.999999523 -0.000663600164 -0.000709038926
vn -0.997619331 -0.0471265092 -0.0503470227
vn -0.999999523 0.000663777289 0.000709043408
vn -0.997619331 0.0471266918 0.0503470376
vn 0.389973968 -0.00424807472 -0.920816123
vn 0.348658204 0.0025947527 -0.937246323
vn 0.439479262 0.000322596403 0.898252726
vn 0.338631421 0.0051427125 0.940905094
vn 0.260392129 0.00272839237 0.965499103
vn -0.999289691 -0.019679537 0.0321370102
vn -0.997159481 0.00468241982 0.0751733333
vn -0.998580277 -0.00807870831 0.0526507609
vn -0.999440134 -0.0315746032 0.0110642565
vn -0.824016571 0.0095723886 -0.566484869
vn -0.825358033 0.00832648762 -0.564548314
vn -0.822392821 0.0110731767 -0.568812311
vn -0.821237683 0.0121360719 -0.570457339
vn 0.0442440659 -0.00259484164 -0.999017417
vn 0.0177945569 0.0014660228 -0.999840558
vn 0.0338716842 -0.0044363616 0.999416351
vn 0.0582077056 -0.002751105 0.998300731
vn -0.0425671637 0.00566380424 0.999077559
vn 4.25424673e-07 1 3.12726165e-08
vn -0.403942496 -0.00702340901 -0.91475749
vn -0.410507411 -0.0104302978 -0.911797702
vn -0.394005209 -0.00189068657 -0.919106245
vn -0.386899084 0.00176207337 -0.922120452
vn 2.48396532e-06 1 2.21732947e-07
vn 5.04833588e-06 0.99999994 4.5899364e-07
vn -0.974660397 0.0110028209 0.223418817
vn -0.9759987 0.00133705908 0.217772275
vn -0.975372672 0.0059708124 0.220482677
vn -0.97664994 -0.00372407073 0.21480459
vn -0.974168718 0.00362034864 0.225792259
vn -0.97938019 0.00621541217 0.201930314
vn -0.979723871 0.00639745453 0.200250506
vn -0.973704755 0.00340247643 0.227788553
vn -0.550640881 -0.00624083169 -0.834718823
vn -0.549225807 -0.00607453007 -0.835651875
vn -0.576887846 -0.00935675204 -0.816769719
vn -0.578873634 -0.00959498435 -0.815360844
vn -0.298831195 -0.00706112012 0.9542799
vn -0.170539394 0.00374305551 0.985343754
vn -0.306250125 -0.00769584859 0.951919973
vn -0.226082742 -0.00693948753 0.974083424
vn -0.00821866188 0.00619680993 -0.999947071
vn -0.00821866188 0.00619680947 -0.999947011
vn -0.00821866095 0.00619680947 -0.999946952
vn -0.162238196 0.00443135016 0.986741722
vn 0.673107505 -0.0103316735 0.739472449
vn 0.519946277 0.00187886495 0.854196906
vn 0.510254979 0.0026014226 0.860019147
vn 0.536774695 -0.00684025884 -0.843697786
vn 0.53155601 -0.00724146422 -0.846992195
vn 0.638346195 0.00136833685 -0.769748271
vn 0.644225895 0.00186931994 -0.764833033
vn 0.679015517 -0.0108376294 0.734043896
vn -0.250887454 -0.00125419791 -0.968015432
vn -0.266732037 0.00125424005 -0.963769913
vn -0.353621215 0.00656402856 0.935365736
vn 0.996970534 -0.00134270242 -0.0777683556
vn 0.996280134 -0.00193161913 -0.0861519724
vn 0.998678982 0.00765298959 0.0508103743
vn 0.998307884 0.00812464394 0.0575789586
vn -0.504707634 -0.00122514286 -0.863289475
vn -0.521793783 0.00122524274 -0.853070796
vn -0.55493319 -0.00581000652 0.831874549
vn -0.610457957 0.000799070287 0.792048275
vn -0.722903609 -0.00125414343 -0.690947771
vn -0.73413986 0.00125427032 -0.678997159
vn -0.800421894 -0.000873613346 0.599436402
vn -0.80578506 -0.00146595784 0.592206359
vn -0.883574486 -0.0012251162 -0.468289018
vn -0.892722011 0.00122526183 -0.450606257
vn -0.935047686 0.00125428778 0.354519874
vn -0.940736949 -0.00125411933 0.339134783
vn -0.978362083 -0.0012541255 -0.206896126
vn -0.981624186 0.00125429546 -0.190820351
vn -0.996221066 0.00122527697 0.086844191
vn -0.997752488 -0.00122509396 0.0669945106
vn 0.985661924 0.000214567539 0.168732241
vn 0.993690431 -0.0358035639 -0.106288955
vn 0.999039948 -0.043806076 -0.000504018913
vn 0.997636795 -0.0315710381 0.0610256605
vn 0.0226782486 0.969696999 -0.243256047
vn 0.0156925693 0.962959945 -0.26918748
vn -0.0107679842 0.930887461 -0.365147382
vn -0.0179849751 0.920342743 -0.390699118
vn 2.83131449e-05 -0.99999994 -0.000253500999
vn 8.39859204e-05 -1 5.4784181e-05
vn 9.87944004e-05 -1 -8.50754004e-05
vn 0.00011155579 -1 -0.000118821961
vn 1.8898756e-05 1 0.00016917834
vn 0.000116843628 1 -3.83560691e-05
vn 0.000159995732 1 0.000121985991
vn 8.98949875e-05 0.999999702 0.000718575844
vn 0.997102499 0.0695016161 -0.0309196599
vn 0.97853744 0.00782533456 -0.205920637
vn 0.99557668 0.0407172777 0.0846714526
vn 0.995568752 0.0517152995 -0.0785395354
vn -0.0420901775 -0.879689097 0.47368294
vn -0.0420901738 -0.879689038 0.47368288
vn 0.0458838008 -0.955373526 -0.291815251
vn 0.0458838046 -0.955373526 -0.291815251
vn 0.0458837971 -0.955373466 -0.291815251
vn -0.0450196192 -0.478899837 -0.876714349
vn 0.0063939658 -0.164599597 -0.986339748
vn -0.0522223637 -0.520967484 -0.851977587
vn -0.0105842324 0.189963579 0.981734097
vn 0.0468340181 -0.0582573935 0.997202516
vn -0.0266817994 0.257857382 0.965814531
vn 0.0599127784 -0.116160013 0.991421938
vn 0.0175117571 -0.0935799256 -0.995457768
vn 0.931732476 0.0135733979 0.362891674
vn 0.912499666 -0.013285662 0.408861637
vn -9.77782111e-05 -1 0.000219004069
vn 0.000106381296 0.99999994 -0.000278046733
vn 0.921885431 -0.0226685703 -0.386798918
vn -5.20316898e-05 -1 -0.000119541211
vn -0.000116906427 0.999999881 0.000309178169
vn 0.852036536 -0.0385405459 -0.522061646
vn 0.814929545 0.00211092853 0.579556167
vn 0.756082296 -0.0374438055 0.653404593
vn 0.000164169134 -1 3.05036065e-05
vn -0.000163085977 1 0.000203889664
vn 0.677922428 -0.0458283238 -0.733703554
vn 0.000166039405 -1 -0.000187840138
vn 0.753939569 0.0161360018 0.656745553
vn 0.697063267 -0.0257843137 0.71654588
vn 8.55669787e-05 -1 1.90196843e-05
vn 4.75890702e-05 1 0.000132501751
vn 0.620962441 0.0340848267 0.783098876
vn 0.716676235 0.0938892066 0.691057086
vn 0.649768889 0.100119501 -0.753509283
vn 0.764365137 -0.00711158896 -0.644744337
vn -0.000156740571 1 0.000112963236
vn 0.722246766 0.138723001 -0.677580476
vn 0.571648717 -0.00363802095 -0.82049042
vn 0.769665241 0.614664018 -0.172637179
vn 0.769665182 0.614664018 -0.172637165
vn 0.830250442 -0.0580365621 -0.554360747
vn 0.830250502 -0.0580365658 -0.554360747
vn 0.742106795 -0.0824056417 0.665196836
vn 0.742106855 -0.0824056491 0.665196896
vn 0.742106736 -0.0824056417 0.665196836
vn 0.807031929 -0.558540463 -0.191655844
vn 0.807031929 -0.558540463 -0.191655859
vn -0.677238822 -0.177543625 -0.714020908
vn -0.675189257 -0.235653549 -0.698989868
vn -0.622002363 -0.531593382 -0.574909985
vn -0.604294777 0.545022786 0.581186712
vn -0.575763285 0.587420583 0.568712294
vn -0.571044385 0.594061852 0.5665676
vn -0.605634153 -0.578470767 -0.546423674
vn -0.551031649 0.667535365 -0.500760019
vn -0.524707437 -0.674243689 0.519689798
vn -0.563017488 -0.628780246 0.536327124
vn -0.516732752 -0.683108151 0.516091585
vn -0.609442174 0.536930859 0.583339989
vn -0.571271181 -0.618311048 0.539759874
vn -0.131584793 0.967547953 -0.215723291
vn -0.131584778 0.967547894 -0.215723261
vn -0.131584778 0.967547834 -0.215723261
vn 0.153769121 0.981382489 -0.115080521
vn 0.178376451 0.972250164 -0.151364937
vn 0.294519216 0.898346186 -0.325933486
vn 0.0551252402 -0.998461664 -0.00595011795
vn 0.055125244 -0.998461723 -0.00595011842
vn 0.0551252477 -0.998461783 -0.00595011842
vn 0.701812863 0.0296048261 -0.711745858
vn 0.382107764 -0.799065828 0.464206338
vn 0.382107794 -0.799065828 0.464206338
vn 0.382107735 -0.799065828 0.464206308
vn 0.653099954 -0.0370803289 0.756363273
vn 0.314744771 0.879490256 -0.356977224
vn 0.405950785 0.75653553 0.512696743
vn 0.405950785 0.75653553 0.512696683
vn 0.298655808 -0.918692946 -0.258472055
vn 0.298655838 -0.918693006 -0.258472085
vn 0.551701069 -0.00418853667 0.834031343
vn 0.000266787771 -0.99999994 -0.000194544642
vn 0.540669501 -0.556512654 -0.630848765
vn 0.540669501 -0.556512713 -0.630848765
vn 0.540669501 -0.556512654 -0.630848706
vn 0.751379013 0.00433883583 0.659856558
vn 0.751379073 0.00433883583 0.659856558
vn 0.728917301 0.000799376343 -0.684601367
vn 0.728917241 0.000799376226 -0.684601247
vn 0.728917241 0.000799376285 -0.684601307
vn 0.000147343089 -1 -5.54828111e-05
vn -7.89905753e-05 0.99999994 0.000132348359
vn 0.420117408 0.0091161374 0.907423973
vn 0.32900241 -0.0173407719 0.944169879
vn 0.000173121385 1 -5.07206678e-05
vn 0.172619373 -0.108725488 -0.978969574
vn 0.172619388 -0.108725488 -0.978969574
vn 0.172619373 -0.108725473 -0.978969455
vn 0.244747013 0.305407554 0.920231044
vn 0.244746998 0.305407524 0.920230985
vn 0.244746998 0.305407494 0.920230985
vn 0.244735166 -0.351244956 0.903732121
vn 0.244735166 -0.351244956 0.903732061
vn 0.244735137 -0.351244926 0.903732002
vn 0.422047406 0.614012122 -0.666982114
vn 0.422047347 0.614012122 -0.666982055
vn 0.422047377 0.614012182 -0.666982114
vn 0.374066055 -0.00190585561 -0.927400112
vn 0.00028142723 -1 9.68603999e-05
vn -0.000175760681 1 0.000189834711
vn 0.224007085 0.00368935708 -0.974580526
vn 0.647672951 0.577162623 0.49739635
vn 0.647672892 0.577162623 0.49739629
vn 0.647672951 0.577162623 0.49739629
vn 0.57212162 -0.610204279 -0.548021436
vn 0.57212168 -0.610204279 -0.548021495
vn 0.754103005 -0.507694185 0.416623741
vn 0.754103005 -0.507694185 0.416623771
vn 0.754102945 -0.507694125 0.416623682
vn 0.986107886 -0.00916165952 0.165853038
vn 0.99279201 -0.0157719497 -0.118807852
vn 0.992791951 -0.0157719497 -0.118807852
vn 0.254557371 0.00215073442 0.967055261
vn 0.135639578 0.00295426301 0.990753829
vn 4.57763781e-05 1 -9.34649797e-05
vn 0.000335211022 0.99999994 -0.000130912129
vn 0.000565278286 0.999999881 -0.000151442451
vn 0.105246112 -0.0287242141 0.99403131
vn 0.0807074979 -0.0420055501 -0.995852351
vn -0.999146342 -0.0217814352 0.0351031162
vn -0.999251068 -0.0202540122 0.0329710208
vn -0.999425828 -0.0174432751 0.029047491
vn -0.998965979 -0.0242049024 0.0384859145
vn -0.679261625 0.0148140183 -0.733746707
vn -0.640134692 -0.0138822198 -0.768137395
vn -0.726373494 0.0519092195 -0.685337126
vn -0.651214659 -0.0061231968 0.758868933
vn -0.667375326 0.00612349343 0.744696319
vn -0.686115086 0.0207244009 0.727197707
vn -0.631419718 -0.0207241122 0.775164306
vn -0.588621914 -0.0492976271 -0.806904018
vn 0.0472747795 0.0166531149 0.998743117
vn 0.0226498097 -0.0256474297 0.999414444
vn -0.0908182785 -0.0327965021 0.995327294
vn 3.58382567e-05 -0.99999994 -1.4525066e-05
vn -0.167090893 0.024220854 0.985644042
vn -0.00747973705 0.0961059853 0.99534297
vn 0.000137638533 0.99999994 -0.000145638362
vn 0.000237681394 1 -9.76303781e-05
vn -0.104991883 -0.0283749439 -0.994068205
vn -0.0117622716 -0.0302903689 -0.999471903
vn 0.0469933376 0.00238777814 -0.998892307
vn -0.00044081785 0.99999994 0.000153094457
vn 0.0112072714 0.129433781 -0.991524756
vn -0.134571895 0.00737567572 -0.990876377
vn -0.820098758 0.571743131 0.023404263
vn -0.95443505 0.296961784 -0.0294502359
vn -0.967608929 0.249611884 -0.0377727449
vn -0.848099411 -0.529671371 -0.013257537
vn -0.835708082 -0.5487988 -0.0202965215
vn -0.888556838 -0.458608508 0.0120430384
vn -0.898634851 -0.438283652 0.0190516077
vn -0.589363754 -0.287210405 -0.7550897
vn -0.589363813 -0.287210435 -0.7550897
vn -0.0192966033 0.0262706522 -0.999468625
vn -0.013992629 0.0292863045 -0.999473155
vn -0.0249706693 0.0230430439 -0.99942261
vn -0.0290458109 0.0207239781 -0.999363244
vn -0.874918044 -0.483332694 0.0301304646
vn -0.874918044 -0.483332723 0.0301304646
vn -0.874918044 -0.483332694 0.0301304609
vn -0.491314262 -0.279221237 0.825012565
vn -0.491314262 -0.279221207 0.825012565
vn -0.491314322 -0.279221237 0.825012624
vn -0.447398633 0.357965171 0.819570303
vn -0.447398633 0.357965171 0.819570243
vn -0.782577097 0.621622682 0.0340328664
vn -0.445518225 0.895204365 0.0110742478
vn -0.225534603 0.973376274 -0.0408994444
vn -0.497617096 0.86705792 0.0242443923
vn -0.440656722 -0.897201478 -0.0291770175
vn -0.440656692 -0.897201419 -0.0291770156
vn -0.440656722 -0.897201419 -0.0291770175
vn -8.58807689e-05 -1 -1.90505762e-05
vn 0.019296525 0.0262707695 0.999468625
vn 0.0249707047 0.0230430923 0.99942255
vn 0.0290459357 0.0207239725 0.999363244
vn -4.57525857e-05 1 9.37731238e-05
vn 0.013992439 0.0292864908 0.999473155
vn -0.175544217 0.983097732 -0.0519912317
vn 0.114538386 -0.992549062 0.0415623933
vn 0.114538386 -0.992549002 0.0415623933
vn 0.114538386 -0.992548943 0.0415623896
vn -0.108152859 0.648802936 -0.753231525
vn -0.108152859 0.648802876 -0.753231525
vn -0.108152851 0.648802876 -0.753231525
vn 0.0680248514 -0.586327255 0.807213128
vn 0.0680248514 -0.586327195 0.807213128
vn 0.0680248514 -0.586327195 0.807213068
vn 0.124226227 0.547903299 0.827266455
vn 0.124226227 0.547903299 0.827266514
vn 0.124226235 0.547903299 0.827266514
vn 0.240547106 0.970570326 -0.0114149703
vn 0.361799687 0.931422412 -0.0394112766
vn 0.210644439 0.977551818 -0.00462318491
vn 0.607706487 0.0304122027 0.793579161
vn 0.607706428 0.0304122008 0.793579221
vn 0.607706428 0.0304122027 0.793579221
vn 0.565347612 0.121413291 -0.815868139
vn 0.259424895 -0.524091482 -0.811188519
vn 0.259424895 -0.524091601 -0.811188519
vn 0.468188286 -0.883510411 -0.0144644128
vn 0.651608527 -0.757910311 0.0312792771
vn 0.425448209 -0.904658079 -0.0242386237
vn 0.381020486 0.923522711 -0.0439205281
vn -0.0412967168 -0.00248244847 0.999143779
vn 8.46232288e-05 -1 2.9146313e-05
vn 0.68381846 -0.728549004 0.0401083194
vn -0.0497175232 0.00424783211 -0.998754263
vn 0.864910066 -0.498535395 -0.0582512543
vn 0.864909947 -0.498535395 -0.0582512505
vn 0.843404651 0.536325932 0.0319858305
vn 0.96416384 0.264888197 -0.0149128558
vn 0.814051628 0.579413414 0.0400015488
vn 0.997818053 0.0490741767 0.0441692583
vn 0.997817993 0.049074173 0.0441692583
vn 0.997817993 0.0490741767 0.0441692583
vn 0.977172196 0.211135387 -0.0235886034
vn -0.000566895353 0.999999821 0.000151922679
vn -0.000173693217 1 5.09399615e-05
vn -5.55364713e-05 1 -1.75539662e-05
vn 0.640134513 -0.0138822803 0.768137455
vn 0.679261565 0.0148139531 0.733746767
vn 0.588621795 -0.0492976345 0.806904078
vn -0.331172258 0.0239825565 0.943265498
vn 5.1547222e-06 -1 -6.41454535e-05
vn -6.15312965e-05 -0.99999994 -6.08736555e-05
vn 0.65759784 -0.00883889664 -0.753317356
vn 0.641364753 -0.0214410555 -0.766936541
vn 0.67025435 0.00121286081 -0.742130399
vn 0.686193645 0.0141747342 -0.727280796
vn 0.000266005489 1 -0.000159456133
vn 7.57082744e-05 1 -0.000172660279
vn -0.329002827 -0.0173402503 -0.9441697
vn -0.000164608733 -1 -3.05552603e-05
vn -0.000267394033 -0.999999881 0.000194859051
vn -8.42117224e-05 -0.99999994 -5.49302822e-05
vn 0.726373315 0.0519090928 0.685337186
vn -4.76296227e-05 1 -0.000133060123
vn 0.000163954304 1 -0.000204756157
vn -8.52207377e-05 -1 -9.75235671e-05
vn -6.93663897e-05 -1 -0.000159434407
vn 4.33147543e-05 0.99999994 -0.000423834135
vn 9.77623422e-05 -1 -0.00021936046
vn -0.000132784058 0.99999994 0.000347569294
vn -9.89695764e-05 -0.99999994 8.5067928e-05
vn 0.999624133 -0.0136620393 -0.0237686969
vn 0.99971664 -0.0115481298 -0.020817697
vn 0.999556661 -0.0150420638 -0.0256951693
vn 0.999425888 -0.0174435396 -0.0290474948
vn -0.000176771806 0.999999702 -0.000762765645
vn -2.8487475e-05 -0.99999994 0.00025349643
vn -0.00028101221 1 -0.000205371369
vn -0.530747831 -0.00103366049 0.847529233
vn -0.254554838 0.00215026829 -0.967056036
vn -0.420116723 0.00911589619 -0.907424331
vn -0.613880515 -0.0523723438 0.787659764
vn -0.552134097 -0.00349744875 -0.833747923
vn -0.623239338 0.0287720002 -0.78150171
vn -0.751378477 0.0043207109 -0.659857512
vn -0.751378417 0.00432071043 -0.659857392
vn -0.751378357 0.00432071043 -0.659857392
vn -0.992791712 -0.0157792345 0.118808985
vn -0.992791772 -0.0157792363 0.118808992
vn -0.992791712 -0.0157792345 0.118808992
vn -0.71625936 0.00204954366 0.697831094
vn -0.705866218 0.0623195656 0.705598474
vn -0.714891493 0.0109783132 0.699149191
vn -0.985993087 -0.0080212066 -0.166593298
vn -0.985993147 -0.0080212066 -0.166593313
vn -0.985993028 -0.00802120566 -0.166593283
vn -0.704046905 0.0714827776 0.706546605
vn -0.405933172 0.756570399 -0.512659252
vn -0.405933201 0.756570458 -0.512659252
vn -0.405933201 0.756570399 -0.512659252
vn -0.262655258 0.924141169 0.277444273
vn -0.248458892 0.934202373 0.255995959
vn -0.167320505 0.976611495 0.135032654
vn -0.382147253 -0.799013138 -0.464264333
vn -0.382147282 -0.799013197 -0.464264333
vn -0.272762924 -0.924169838 0.26741457
vn -0.20484291 -0.952884376 0.223720327
vn -0.28531459 -0.918010294 0.275413841
vn -0.754666686 -0.507731616 -0.415556222
vn -0.754666626 -0.507731616 -0.415556192
vn -0.754666626 -0.507731616 -0.415556222
vn -0.422073275 0.61401248 0.666965485
vn -0.422073215 0.61401242 0.666965485
vn -0.572120905 -0.61020118 0.548025608
vn -0.572121024 -0.610201299 0.548025668
vn -0.572120965 -0.61020124 0.548025608
vn -0.17260702 -0.108711049 0.978973329
vn -0.172607005 -0.108711042 0.978973269
vn -0.647674739 0.577161968 -0.497394681
vn -0.647674739 0.577162027 -0.497394741
vn -0.64767468 0.577161968 -0.497394711
vn -0.244745627 0.305405885 -0.920231938
vn -0.244736403 -0.35125044 -0.903729558
vn -0.244736418 -0.35125047 -0.903729618
vn -0.244736403 -0.35125044 -0.903729618
vn -0.193596214 -0.956913054 0.216420904
vn -0.153772786 0.981381416 0.115083843
vn -0.0551224835 -0.998461843 0.00595254777
vn -0.0551224835 -0.998461843 0.0059525473
vn -0.0551224798 -0.998461902 0.0059525473
vn 0.131559655 0.967560172 0.215683773
vn 0.131559655 0.967560112 0.215683743
vn 0.131559655 0.967560112 0.215683773
vn 0.575764656 0.587419212 -0.568712294
vn 0.604296029 0.545021653 -0.581186473
vn 0.609443426 0.536929667 -0.583339691
vn 0.552544475 -0.612717569 -0.565041542
vn 0.575703442 -0.579728901 -0.576610684
vn 0.548618734 -0.618072271 -0.563031375
vn 0.551002085 0.667592168 0.500716984
vn 0.551002085 0.667592108 0.500716984
vn 0.571045756 0.594060421 -0.5665676
vn 0.605634749 -0.578469157 0.546424627
vn 0.622004092 -0.531588197 0.574912965
vn 0.675190091 -0.235638231 0.698994398
vn 0.579915941 -0.573455751 -0.578658819
vn 0.677238882 -0.177525505 0.714025319
vn -0.756656468 -0.0379947238 -0.652707756
vn -0.644737303 -0.0426629744 -0.7632128
vn -0.662211061 0.0009097695 -0.749316752
vn -0.681304276 0.00719947834 0.731964886
vn -0.714012146 -0.0506702103 0.698297322
vn -0.780791044 -0.0464607738 0.623062313
vn -0.858089328 0.00276086712 0.513493001
vn -0.70944798 0.192157209 0.678055465
vn -0.70200485 -0.0210036617 -0.711862385
vn -0.727255464 0.0920709148 -0.680163383
vn -0.81475085 0.00212980923 -0.57980746
vn -0.769664347 0.614664972 0.172637403
vn -0.769664407 0.614664972 0.172637403
vn -0.769664466 0.614665031 0.172637433
vn -0.807017922 -0.558570921 0.191626042
vn -0.807017982 -0.558570921 0.191626057
vn -0.830249906 -0.0580366962 0.554361582
vn -0.830249965 -0.0580367036 0.554361641
vn -0.830249965 -0.0580366999 0.554361582
vn -0.742107153 -0.0824034736 -0.665196776
vn -0.742107034 -0.0824034736 -0.665196776
vn -0.742107093 -0.0824034736 -0.665196717
vn -0.754957616 0.013913298 -0.655625999
vn -0.75313288 0.00736258598 0.657827258
vn -0.0156931672 0.962960601 0.269184709
vn 0.0107651167 0.930891752 0.365136623
vn -0.0226780847 0.969696999 0.243256092
vn 0.0179811697 0.920348704 0.390685201
vn 0.0266818665 0.257856727 -0.96581471
vn 0.0105855372 0.189968348 -0.981733143
vn -0.0468289815 -0.058235243 -0.997203946
vn -0.0599072091 -0.116135091 -0.991425097
vn -0.00639199978 -0.164598674 0.986339927
vn 0.0450208373 -0.478890806 0.876719236
vn -0.0175097622 -0.0935802534 0.995457709
vn 0.0522236377 -0.520958483 0.851982951
vn 0.0420918763 -0.879688442 -0.473683983
vn 0.04209188 -0.879688442 -0.473683983
vn 0.0420918725 -0.879688382 -0.473683983
vn -0.0458870642 -0.95538038 0.291792214
vn -0.0458870642 -0.95538038 0.291792184
vn -0.928848505 -0.00940900203 0.370340139
vn -0.912499666 -0.013285758 -0.408861578
vn -0.931729555 0.0135705667 -0.362899423
vn -0.978535712 0.00783054437 0.205928311
vn -0.993690848 -0.035792917 0.106288873
vn -0.985660911 0.000207473815 -0.168738067
vn -0.995575011 0.0407221355 -0.0846881419
vn -0.99556905 0.0517128296 0.0785369799
vn -0.999039769 -0.0438092574 0.000502376759
vn -0.997096777 0.069575116 0.0309438035
vn -0.997636259 -0.0315956175 -0.0610213317

# Mesh 'arm_l_link2' with 6904 faces
g arm_l_link2
usemtl white
f  1//1 2//2 3//3
f  4//4 5//5 3//6
f  2//2 4//7 3//3
f  2//2 6//8 4//7
f  5//9 7//10 3//10
f  7//11 8//12 1//13
f  8//14 9//15 1//1
f  4//7 6//8 10//16
f  6//8 11//17 10//16
f  5//18 4//19 10//20
f  7//11 1//13 3//21
f  12//22 9//15 8//14
f  13//23 10//16 11//17
f  14//24 15//25 1//1
f  15//25 2//2 1//1
f  2//2 16//26 6//8
f  16//26 17//27 6//8
f  13//23 18//28 10//16
f  19//29 5//18 10//20
f  8//14 20//30 12//22
f  21//31 22//32 2//33
f  15//34 21//31 2//33
f  22//35 16//36 2//37
f  14//38 21//39 15//40
f  22//35 23//41 16//36
f  24//42 21//39 14//38
f  25//43 24//44 14//45
f  26//46 24//44 25//43
f  14//24 27//47 25//48
f  9//15 28//49 1//1
f  29//50 11//17 6//8
f  30//51 29//50 6//8
f  31//52 26//53 25//54
f  32//55 26//53 31//52
f  25//48 17//27 31//56
f  23//57 32//58 16//59
f  32//58 31//60 16//59
f  31//56 17//27 16//26
f  1//1 27//47 14//24
f  17//27 30//51 6//8
f  7//11 33//61 8//12
f  33//62 20//30 8//14
f  34//63 9//15 12//22
f  35//64 34//63 12//22
f  18//28 19//65 10//16
f  28//49 27//47 1//1
f  33//62 36//66 20//30
f  37//67 17//27 25//48
f  27//47 37//67 25//48
f  20//30 35//64 12//22
f  5//68 19//69 33//70
f  7//71 5//68 33//70
f  27//47 38//72 37//67
f  29//50 13//23 11//17
f  19//65 39//73 33//62
f  28//49 40//74 27//47
f  38//72 41//75 37//67
f  42//76 39//73 19//65
f  40//74 43//77 27//47
f  37//67 44//78 17//27
f  44//78 30//51 17//27
f  45//79 38//72 27//47
f  41//80 44//81 37//82
f  38//72 46//83 41//75
f  39//73 36//66 33//62
f  47//84 48//85 49//86
f  50//87 51//88 52//89
f  43//77 45//79 27//47
f  53//90 50//91 52//92
f  51//93 53//94 52//95
f  54//96 48//85 47//84
f  48//97 55//98 49//99
f  51//93 56//100 53//94
f  57//101 54//102 47//103
f  58//104 57//101 47//103
f  49//105 58//106 47//107
f  59//108 40//74 28//49
f  60//109 61//110 62//111
f  63//112 60//109 62//111
f  64//113 65//114 66//115
f  45//79 67//116 38//72
f  68//117 64//118 66//119
f  65//120 68//121 66//122
f  69//123 18//28 13//23
f  29//50 69//123 13//23
f  9//15 70//124 28//49
f  70//124 59//108 28//49
f  56//125 71//126 53//127
f  71//128 50//91 53//90
f  43//77 72//129 45//79
f  18//28 42//76 19//65
f  60//130 73//131 61//132
f  73//133 62//134 61//135
f  34//63 70//124 9//15
f  74//136 65//114 64//113
f  75//137 74//138 64//139
f  76//140 20//30 36//66
f  77//141 78//142 79//143
f  80//144 69//123 29//50
f  81//145 82//146 83//147
f  82//146 84//148 83//147
f  85//149 78//142 77//141
f  42//150 86//151 39//151
f  86//152 36//153 39//154
f  87//155 88//155 86//155
f  89//156 87//155 86//155
f  88//157 36//153 86//152
f  67//158 46//158 38//158
f  30//51 80//144 29//50
f  82//159 90//160 84//161
f  90//162 91//163 84//164
f  91//165 83//166 84//167
f  92//168 58//106 49//105
f  55//98 92//169 49//99
f  93//170 85//171 77//172
f  94//173 93//170 77//172
f  79//174 94//175 77//176
f  95//177 51//88 50//87
f  90//162 96//178 91//163
f  60//130 97//179 73//131
f  88//180 76//181 36//181
f  87//155 98//155 88//155
f  99//182 81//183 83//184
f  100//185 64//118 68//117
f  96//186 101//187 91//188
f  102//189 103//190 30//51
f  103//190 80//144 30//51
f  44//78 102//189 30//51
f  73//133 104//191 62//134
f  105//192 63//193 62//194
f  104//195 105//192 62//194
f  101//187 106//196 91//188
f  107//197 83//166 91//165
f  106//198 107//197 91//165
f  108//199 93//170 94//173
f  109//200 110//201 106//196
f  110//202 107//197 106//198
f  109//200 111//203 110//201
f  41//80 112//204 44//81
f  101//187 109//200 106//196
f  113//205 107//206 110//207
f  111//208 113//209 110//209
f  100//210 75//137 64//139
f  114//211 115//212 116//213
f  115//212 117//214 116//213
f  118//215 94//175 79//174
f  117//216 119//217 116//217
f  120//218 118//215 79//174
f  78//219 120//220 79//221
f  121//222 115//223 114//224
f  122//225 123//226 124//227
f  125//228 122//225 124//227
f  119//229 126//230 116//231
f  118//215 114//232 116//233
f  126//234 118//215 116//233
f  127//235 128//236 129//237
f  128//238 130//239 129//240
f  119//229 131//241 126//230
f  126//242 131//243 94//244
f  131//243 108//245 94//244
f  118//215 126//234 94//175
f  132//246 72//129 43//77
f  107//197 133//247 83//166
f  133//248 99//182 83//184
f  134//249 125//250 124//251
f  123//252 135//253 124//254
f  59//108 136//255 40//74
f  113//205 137//256 107//206
f  118//257 121//222 114//224
f  128//238 138//258 130//239
f  139//259 134//249 124//251
f  135//253 139//260 124//254
f  140//261 46//83 67//116
f  141//262 140//261 67//116
f  142//263 127//235 129//237
f  143//264 142//263 129//237
f  130//265 143//266 129//267
f  136//255 43//77 40//74
f  144//268 134//269 139//270
f  135//253 145//271 139//260
f  145//271 144//271 139//260
f  146//272 147//273 148//274
f  140//261 149//275 46//83
f  45//79 141//262 67//116
f  150//276 151//277 148//278
f  152//279 153//280 154//281
f  146//282 152//279 154//281
f  155//283 102//189 44//78
f  147//273 146//272 154//284
f  150//285 147//286 154//287
f  153//288 150//285 154//287
f  156//289 146//272 148//274
f  151//277 156//290 148//278
f  144//268 157//291 134//269
f  158//292 142//263 143//264
f  159//293 148//274 147//273
f  150//294 159//295 147//296
f  160//297 155//298 44//81
f  149//275 41//75 46//83
f  159//299 161//300 162//301
f  161//300 163//302 162//301
f  164//303 148//274 159//293
f  162//304 164//303 159//293
f  150//294 161//305 159//295
f  164//306 161//307 148//278
f  161//307 150//276 148//278
f  151//277 165//308 156//290
f  166//309 18//28 69//123
f  167//310 141//262 45//79
f  168//311 57//101 58//104
f  92//168 168//312 58//106
f  160//297 44//81 112//204
f  169//313 161//307 164//306
f  170//314 169//313 164//306
f  34//63 171//315 70//124
f  171//315 172//316 70//124
f  173//317 42//76 18//28
f  72//129 167//310 45//79
f  174//318 158//319 143//320
f  130//265 174//321 143//266
f  175//322 100//185 68//117
f  65//120 175//323 68//121
f  136//255 176//324 43//77
f  149//275 177//325 41//75
f  59//108 178//326 136//255
f  178//326 179//327 136//255
f  165//308 180//328 156//290
f  181//329 118//215 120//218
f  166//309 173//317 18//28
f  180//328 182//330 156//290
f  183//331 171//315 35//64
f  171//315 34//63 35//64
f  176//324 132//246 43//77
f  184//332 146//272 156//289
f  182//333 184//332 156//289
f  160//334 185//335 155//336
f  157//291 186//337 134//269
f  184//338 152//279 146//282
f  179//327 187//339 136//255
f  177//325 112//340 41//75
f  188//341 167//310 72//129
f  181//342 121//222 118//257
f  189//343 125//250 134//249
f  186//344 189//343 134//249
f  162//304 190//345 164//303
f  190//346 191//347 164//306
f  191//347 192//348 164//306
f  192//348 170//314 164//306
f  138//258 193//349 130//239
f  193//350 174//321 130//265
f  194//351 103//190 155//283
f  103//190 102//189 155//283
f  185//335 195//352 155//336
f  195//352 194//353 155//336
f  20//30 183//331 35//64
f  187//339 176//324 136//255
f  137//256 196//354 107//206
f  196//355 133//247 107//197
f  197//356 198//357 50//91
f  198//358 95//177 50//87
f  97//179 199//359 73//131
f  200//360 104//191 73//133
f  199//361 200//360 73//133
f  71//128 197//356 50//91
f  56//125 197//362 71//126
f  201//363 188//341 72//129
f  177//325 202//364 112//340
f  203//365 184//332 182//333
f  204//366 205//367 206//368
f  189//369 122//225 125//228
f  132//246 201//363 72//129
f  162//304 207//370 190//345
f  208//371 209//372 42//373
f  209//372 86//374 42//373
f  209//375 89//156 86//155
f  172//316 59//108 70//124
f  200//376 105//192 104//195
f  210//377 207//370 162//304
f  163//378 210//379 162//380
f  211//381 212//382 206//368
f  212//382 213//383 206//368
f  213//383 204//366 206//368
f  214//384 183//331 20//30
f  207//385 191//386 190//387
f  215//388 187//339 179//327
f  202//364 160//389 112//340
f  216//390 211//381 206//368
f  207//370 210//377 217//391
f  210//377 218//392 217//391
f  218//393 219//394 217//395
f  219//394 191//347 217//395
f  217//396 191//397 207//398
f  204//366 215//388 179//327
f  182//330 220//399 203//400
f  208//401 42//76 173//317
f  88//402 221//403 76//404
f  98//155 222//155 88//155
f  222//405 221//403 88//402
f  179//327 205//367 204//366
f  178//326 205//367 179//327
f  195//352 223//406 194//353
f  224//407 201//363 132//246
f  216//390 225//408 211//381
f  204//366 213//383 215//388
f  176//324 224//407 132//246
f  226//409 227//410 160//389
f  228//411 226//409 160//389
f  202//364 228//411 160//389
f  76//140 214//384 20//30
f  103//190 229//412 80//144
f  230//413 216//390 205//367
f  216//390 206//368 205//367
f  229//412 231//414 80//144
f  231//414 69//123 80//144
f  223//415 229//416 194//417
f  229//412 103//190 194//351
f  232//418 233//419 203//400
f  220//399 232//418 203//400
f  234//420 235//421 218//393
f  235//421 219//394 218//393
f  233//422 184//332 203//365
f  185//423 234//420 218//393
f  210//377 185//424 218//392
f  236//425 237//426 212//382
f  187//339 224//407 176//324
f  238//427 239//428 210//377
f  239//428 185//424 210//377
f  240//429 213//383 212//382
f  237//426 240//429 212//382
f  241//430 225//408 216//390
f  242//431 241//430 216//390
f  243//432 152//279 184//338
f  172//316 178//326 59//108
f  244//433 238//427 210//377
f  163//378 244//434 210//379
f  245//435 246//436 174//321
f  193//350 245//435 174//321
f  246//437 247//438 174//318
f  247//438 158//319 174//318
f  178//326 230//413 205//367
f  157//291 248//439 186//337
f  215//388 249//440 187//339
f  249//440 224//407 187//339
f  250//441 208//401 173//317
f  251//442 133//247 196//355
f  240//429 249//440 213//383
f  233//422 252//443 184//332
f  252//444 243//432 184//338
f  232//418 253//445 233//419
f  249//440 215//388 213//383
f  195//446 254//447 223//448
f  255//449 256//450 195//451
f  256//450 257//452 195//451
f  257//452 258//453 195//451
f  258//453 254//454 195//451
f  185//335 255//455 195//352
f  221//456 214//384 76//140
f  259//457 212//382 211//381
f  225//408 259//457 211//381
f  248//439 260//458 186//337
f  260//459 189//343 186//344
f  259//457 236//425 212//382
f  239//428 255//460 185//424
f  261//461 262//462 263//463
f  262//462 264//464 263//463
f  69//123 231//414 166//309
f  265//465 266//466 263//467
f  267//468 268//469 181//342
f  268//469 121//222 181//342
f  120//218 269//470 181//329
f  269//470 267//471 181//329
f  251//472 99//182 133//248
f  270//473 271//474 239//475
f  253//445 261//461 233//419
f  261//476 252//443 233//422
f  230//413 242//431 216//390
f  271//477 272//478 239//479
f  272//480 255//460 239//428
f  264//464 273//481 263//463
f  253//445 274//482 261//461
f  266//466 261//476 263//467
f  273//481 275//483 263//463
f  275//484 265//465 263//467
f  276//485 269//470 120//218
f  78//219 276//486 120//220
f  277//487 75//137 100//210
f  175//322 277//488 100//185
f  271//477 278//489 272//478
f  238//490 270//473 239//475
f  272//480 256//491 255//460
f  278//492 256//450 272//493
f  278//492 279//494 256//450
f  55//98 280//495 92//169
f  280//496 281//497 92//168
f  281//497 168//312 92//168
f  171//315 178//326 172//316
f  266//466 282//498 261//476
f  283//499 270//473 238//490
f  284//500 283//499 238//490
f  241//430 285//501 225//408
f  286//502 284//503 238//504
f  287//505 178//326 171//315
f  183//331 287//505 171//315
f  244//506 286//507 238//508
f  288//509 286//510 244//511
f  289//512 122//225 189//369
f  290//513 289//512 189//369
f  260//459 290//514 189//343
f  163//378 288//515 244//434
f  279//494 257//452 256//450
f  137//256 291//516 196//354
f  291//517 251//442 196//355
f  245//518 247//519 246//271
f  97//179 292//520 199//359
f  292//521 200//360 199//361
f  282//498 252//443 261//476
f  254//447 293//522 223//448
f  293//523 229//416 223//415
f  273//524 264//525 237//526
f  236//527 273//524 237//526
f  138//258 245//528 193//349
f  258//453 294//529 254//454
f  294//529 295//530 254//454
f  254//531 277//488 175//322
f  65//120 254//532 175//323
f  281//533 296//534 168//311
f  296//534 57//101 168//311
f  264//525 240//535 237//526
f  262//536 240//535 264//525
f  279//494 297//537 257//452
f  298//538 259//457 225//408
f  299//539 294//529 258//453
f  300//540 230//413 178//326
f  292//521 301//541 200//360
f  301//542 105//192 200//376
f  298//538 302//543 259//457
f  250//544 303//545 208//371
f  303//545 209//372 208//371
f  303//546 304//547 209//375
f  304//547 89//156 209//375
f  305//548 99//182 251//472
f  306//549 258//550 307//551
f  258//550 257//552 307//551
f  308//553 306//553 307//553
f  257//554 308//555 307//556
f  297//557 308//555 257//554
f  285//501 298//538 225//408
f  309//558 287//505 183//331
f  308//553 310//559 306//553
f  310//560 258//561 306//562
f  310//560 299//563 258//561
f  230//413 311//564 242//431
f  312//565 166//309 231//414
f  54//566 56//566 48//566
f  56//566 51//566 48//566
f  51//88 55//98 48//97
f  95//177 55//98 51//88
f  57//101 56//125 54//102
f  313//567 314//568 56//125
f  314//568 315//569 56//125
f  315//569 316//570 56//125
f  57//101 317//155 56//125
f  317//155 318//571 56//125
f  318//571 313//567 56//125
f  316//570 197//362 56//125
f  74//572 63//572 65//566
f  63//193 319//573 65//120
f  319//573 320//574 65//120
f  320//574 254//532 65//120
f  74//572 60//566 63//572
f  105//192 319//573 63//193
f  75//137 60//130 74//138
f  75//137 321//575 60//130
f  321//575 97//179 60//130
f  85//576 81//577 78//578
f  322//579 323//580 78//219
f  323//580 276//486 78//219
f  81//183 99//182 78//219
f  99//182 322//579 78//219
f  85//576 82//581 81//577
f  93//170 90//160 85//171
f  90//160 82//159 85//171
f  115//582 111//583 117//584
f  111//203 119//585 117//586
f  115//582 113//587 111//583
f  109//200 119//585 111//203
f  121//222 113//205 115//223
f  121//222 324//155 113//205
f  324//155 137//256 113//205
f  123//226 325//588 128//238
f  325//588 138//258 128//238
f  127//589 135//590 128//591
f  135//590 123//592 128//591
f  122//225 325//588 123//226
f  214//384 309//558 183//331
f  326//593 282//498 266//466
f  327//594 198//357 197//356
f  316//595 327//594 197//356
f  312//565 173//317 166//309
f  327//596 95//177 198//358
f  222//597 328//598 221//599
f  98//155 329//155 222//155
f  138//258 330//600 245//528
f  330//601 247//519 245//518
f  311//564 331//602 242//431
f  331//602 241//430 242//431
f  287//505 300//540 178//326
f  269//603 268//604 267//605
f  137//256 332//606 291//516
f  145//607 135//608 127//609
f  142//610 145//607 127//609
f  333//611 268//604 269//603
f  248//439 334//612 260//458
f  334//613 290//514 260//459
f  262//536 249//614 240//535
f  335//615 236//425 259//457
f  302//543 335//615 259//457
f  330//600 336//573 294//573
f  299//539 330//616 294//529
f  336//617 295//618 294//619
f  337//620 333//621 269//622
f  300//540 311//564 230//413
f  338//623 337//624 295//530
f  339//625 254//454 295//530
f  340//626 265//465 275//484
f  323//627 337//628 269//629
f  276//630 323//627 269//629
f  273//481 341//631 275//483
f  341//632 340//626 275//484
f  337//624 339//625 295//530
f  342//633 251//442 291//517
f  339//625 277//634 254//454
f  229//412 312//565 231//414
f  343//635 344//636 336//637
f  344//638 295//618 336//617
f  330//600 343//573 336//573
f  97//179 345//639 292//520
f  343//635 346//559 344//636
f  346//640 295//641 344//642
f  346//640 338//643 295//641
f  250//441 173//317 312//565
f  347//644 95//177 327//596
f  331//602 348//645 241//430
f  348//645 285//501 241//430
f  293//523 312//646 229//416
f  342//647 305//548 251//472
f  265//465 326//593 266//466
f  280//648 349//649 281//650
f  349//649 296//651 281//650
f  55//98 349//652 280//495
f  274//482 262//462 261//461
f  337//624 323//653 339//625
f  323//653 277//634 339//625
f  350//654 302//543 298//538
f  340//626 351//655 265//465
f  293//523 303//656 312//646
f  352//657 353//658 254//659
f  354//660 352//661 254//660
f  353//662 293//522 254//447
f  355//663 287//505 309//558
f  169//664 356//665 161//300
f  356//665 163//302 161//300
f  357//666 273//524 236//527
f  335//667 357//666 236//527
f  357//668 341//631 273//481
f  303//656 250//669 312//646
f  358//670 359//671 354//672
f  214//384 355//663 309//558
f  360//673 277//674 361//675
f  277//676 323//677 361//677
f  362//678 360//679 361//559
f  323//580 362//680 361//681
f  363//682 350//654 298//538
f  285//501 363//682 298//538
f  359//683 352//684 354//685
f  320//686 354//687 254//688
f  326//593 252//443 282//498
f  364//689 311//564 300//540
f  320//686 358//690 354//687
f  227//410 365//691 160//389
f  365//692 185//335 160//334
f  75//137 277//487 360//693
f  362//678 75//694 360//679
f  359//683 349//695 352//684
f  353//696 303//697 293//698
f  352//657 366//699 353//658
f  366//700 303//701 353//702
f  349//652 366//700 352//703
f  367//704 355//663 214//384
f  322//579 362//680 323//580
f  265//465 368//705 326//593
f  355//663 369//706 287//505
f  158//292 370//707 142//263
f  371//708 145//709 142//710
f  370//711 371//708 142//710
f  371//712 144//271 145//271
f  287//505 369//706 300//540
f  369//706 364//689 300//540
f  372//713 358//690 320//686
f  319//573 372//573 320//574
f  274//714 249//614 262//536
f  372//713 373//715 358//690
f  373//155 359//671 358//670
f  332//606 374//716 291//516
f  374//717 342//633 291//517
f  328//718 367//704 214//384
f  221//456 328//718 214//384
f  268//719 333//720 337//721
f  338//722 268//719 337//721
f  346//640 268//469 338//643
f  346//640 121//222 268//469
f  299//566 247//566 330//566
f  138//258 343//573 330//600
f  310//560 247//438 299//563
f  310//560 158//319 247//438
f  286//566 288//566 297//566
f  279//566 286//566 297//566
f  288//515 308//555 297//557
f  163//378 308//555 288//515
f  375//723 284//503 286//502
f  279//494 278//492 286//724
f  278//492 376//725 286//724
f  376//725 377//726 286//724
f  377//726 378//727 286//724
f  378//727 375//728 286//724
f  379//729 331//602 311//564
f  87//730 55//731 98//732
f  95//733 98//733 55//733
f  351//655 368//705 265//465
f  326//593 380//734 252//443
f  380//735 243//432 252//444
f  366//700 381//736 303//701
f  349//652 381//736 366//700
f  248//439 382//737 334//612
f  382//738 290//514 334//613
f  383//739 363//682 285//501
f  348//645 383//739 285//501
f  379//729 384//740 331//602
f  384//740 348//645 331//602
f  385//741 23//742 22//743
f  21//744 385//741 22//743
f  385//741 386//745 23//742
f  387//746 386//747 385//748
f  388//749 387//746 385//748
f  389//750 385//741 21//744
f  24//751 389//750 21//744
f  389//752 388//753 385//753
f  386//745 32//754 23//742
f  390//755 32//754 386//745
f  387//756 391//757 386//756
f  391//758 390//759 386//759
f  392//760 388//760 389//761
f  24//751 390//755 389//750
f  390//762 392//763 389//764
f  26//765 32//754 390//755
f  391//766 392//767 390//768
f  24//751 26//765 390//755
f  89//769 393//770 87//771
f  393//770 55//772 87//771
f  393//600 349//652 55//98
f  381//773 304//774 303//775
f  368//705 394//776 326//593
f  395//777 394//776 368//705
f  345//639 396//778 292//520
f  396//779 397//780 292//521
f  397//780 301//541 292//521
f  398//781 399//782 350//654
f  399//782 302//543 350//654
f  400//783 401//784 185//423
f  401//784 234//420 185//423
f  365//692 400//785 185//335
f  394//776 380//734 326//593
f  402//786 368//705 351//655
f  403//787 383//739 348//645
f  364//689 379//729 311//564
f  404//788 395//777 368//705
f  95//789 329//790 98//791
f  397//792 105//192 301//542
f  405//793 369//706 355//663
f  222//597 406//794 328//598
f  406//795 367//704 328//718
f  407//155 408//155 222//155
f  329//155 407//155 222//155
f  408//796 406//797 222//798
f  384//740 409//799 348//645
f  409//799 403//787 348//645
f  410//800 289//512 290//513
f  382//738 410//801 290//514
f  341//632 411//802 340//626
f  359//566 296//572 349//572
f  393//600 381//736 349//652
f  373//155 296//534 359//671
f  373//155 57//101 296//534
f  411//802 412//803 340//626
f  413//804 398//805 350//806
f  363//682 414//807 350//654
f  414//807 413//808 350//654
f  274//714 224//809 249//614
f  340//626 402//786 351//655
f  163//302 356//665 158//292
f  356//665 370//707 158//292
f  153//810 157//811 144//812
f  371//712 153//288 144//271
f  152//813 157//811 153//810
f  415//814 150//285 153//288
f  371//712 415//814 153//288
f  57//815 319//816 317//817
f  405//793 364//689 369//706
f  402//786 404//788 368//705
f  302//543 416//818 335//615
f  416//819 357//820 335//821
f  417//822 341//631 357//668
f  75//823 322//824 321//825
f  322//824 97//826 321//825
f  99//827 97//826 322//824
f  121//828 138//829 324//830
f  138//829 325//831 324//830
f  325//831 137//832 324//830
f  122//833 137//832 325//831
f  381//566 393//770 304//572
f  393//770 89//769 304//572
f  319//816 57//815 373//834
f  372//835 319//816 373//834
f  362//836 322//824 75//823
f  138//829 121//828 346//566
f  343//566 138//829 346//566
f  163//837 158//838 310//839
f  308//840 163//837 310//839
f  418//841 105//192 397//792
f  374//717 419//842 342//633
f  419//843 305//548 342//647
f  420//844 414//807 363//682
f  383//739 420//844 363//682
f  417//845 411//802 341//632
f  421//846 384//740 379//729
f  412//803 402//786 340//626
f  93//847 387//848 90//849
f  387//848 388//850 90//849
f  388//850 96//851 90//849
f  108//852 387//848 93//847
f  388//850 101//853 96//851
f  391//854 387//848 108//852
f  131//855 391//854 108//852
f  392//856 101//853 388//850
f  131//855 392//856 391//854
f  109//857 101//853 392//856
f  131//855 119//858 392//856
f  119//858 109//857 392//856
f  394//859 395//860 422//861
f  319//816 318//862 317//817
f  105//863 318//862 319//816
f  423//864 424//865 422//866
f  423//867 422//861 395//860
f  395//860 425//868 423//867
f  426//869 380//734 394//776
f  422//861 426//870 394//859
f  424//865 427//871 422//866
f  427//872 426//870 422//861
f  428//873 289//512 410//800
f  316//595 429//874 327//594
f  429//875 347//644 327//596
f  332//606 430//876 374//716
f  95//877 407//878 329//879
f  347//880 407//878 95//877
f  431//881 432//882 423//864
f  432//882 424//865 423//864
f  404//883 425//868 395//860
f  433//884 412//803 411//802
f  426//869 434//885 380//734
f  434//885 435//886 380//734
f  425//887 431//881 423//864
f  413//808 399//782 398//781
f  253//445 436//888 274//482
f  436//889 224//809 274//714
f  403//787 420//844 383//739
f  437//890 405//793 355//663
f  424//865 434//885 427//871
f  438//891 436//888 253//445
f  439//892 305//548 419//843
f  232//893 438//894 253//895
f  345//639 440//896 396//778
f  404//883 431//897 425//868
f  367//704 437//890 355//663
f  364//689 421//846 379//729
f  421//846 441//898 384//740
f  399//782 416//818 302//543
f  435//899 243//432 380//735
f  442//900 403//787 409//799
f  396//779 443//901 397//780
f  443//902 418//841 397//792
f  444//903 410//801 382//738
f  248//439 444//904 382//737
f  315//905 429//874 316//595
f  441//898 409//799 384//740
f  445//906 441//898 421//846
f  152//813 248//907 157//811
f  243//908 248//907 152//813
f  446//909 402//786 412//803
f  433//884 446//909 412//803
f  447//910 404//788 402//786
f  434//911 426//870 427//872
f  448//912 449//913 424//865
f  449//913 434//885 424//865
f  99//827 345//914 97//826
f  305//915 345//914 99//827
f  122//833 332//916 137//832
f  289//917 332//916 122//833
f  432//882 448//912 424//865
f  447//918 431//897 404//883
f  450//919 442//900 409//799
f  441//898 450//919 409//799
f  451//920 428//873 410//800
f  444//903 451//921 410//801
f  356//922 371//923 370//924
f  356//922 415//925 371//923
f  169//664 452//926 356//665
f  452//155 415//155 356//155
f  452//155 453//155 415//155
f  453//927 454//928 415//814
f  454//928 150//285 415//814
f  430//876 455//929 374//716
f  455//930 419//842 374//717
f  456//931 434//885 449//913
f  357//668 457//932 417//822
f  457//933 433//884 417//845
f  433//884 411//802 417//845
f  458//934 448//912 432//882
f  437//890 459//935 405//793
f  442//900 420//844 403//787
f  456//931 460//936 434//885
f  459//935 421//846 364//689
f  405//793 459//935 364//689
f  461//937 357//938 416//939
f  461//940 457//932 357//668
f  454//941 151//277 150//276
f  455//930 462//942 419//842
f  462//943 439//892 419//843
f  440//896 463//944 396//778
f  463//945 443//901 396//779
f  464//946 465//947 182//330
f  465//947 220//399 182//330
f  180//328 464//946 182//330
f  466//948 367//704 406//795
f  407//155 467//156 408//155
f  467//949 406//950 408//951
f  445//906 468//952 441//898
f  447//918 469//953 431//897
f  470//954 471//955 413//808
f  471//955 399//782 413//808
f  472//956 418//841 443//902
f  450//919 473//957 442//900
f  468//952 450//919 441//898
f  474//958 429//874 315//905
f  466//948 437//890 367//704
f  471//955 416//818 399//782
f  446//909 447//910 402//786
f  475//959 313//567 318//571
f  105//863 475//960 318//862
f  418//961 475//960 105//863
f  459//935 445//906 421//846
f  476//962 347//644 429//875
f  474//963 476//962 429//875
f  401//964 477//965 278//966
f  478//967 456//968 449//969
f  449//969 448//970 478//967
f  448//970 479//971 478//967
f  480//972 456//968 478//967
f  401//964 400//973 477//965
f  479//974 481//975 478//976
f  481//975 482//977 478//976
f  482//977 480//978 478//976
f  271//979 234//980 401//981
f  278//982 271//979 401//981
f  270//983 234//980 271//979
f  442//900 483//984 420//844
f  448//970 484//985 479//971
f  305//915 440//986 345//914
f  439//987 440//986 305//915
f  289//917 430//988 332//916
f  428//989 430//988 289//917
f  485//990 447//910 446//909
f  486//991 460//992 480//972
f  460//992 456//968 480//972
f  484//993 481//975 479//974
f  438//891 487//994 436//888
f  487//995 201//996 436//889
f  201//996 224//809 436//889
f  447//918 488//997 469//953
f  141//262 489//998 140//261
f  477//999 376//725 278//492
f  414//807 470//954 413//808
f  365//692 477//1000 400//785
f  488//1001 431//881 469//1002
f  458//1003 484//985 448//970
f  490//1004 486//1005 480//978
f  482//977 490//1004 480//978
f  432//882 491//1006 458//934
f  488//1001 492//1007 431//881
f  492//1007 432//882 431//881
f  227//1008 477//1009 365//1010
f  454//941 493//1011 151//277
f  493//1011 165//308 151//277
f  494//1012 451//921 444//903
f  248//439 494//1013 444//904
f  495//1014 487//994 438//891
f  232//893 220//1015 438//894
f  220//1015 495//1016 438//894
f  496//1017 497//1018 414//807
f  497//1018 470//954 414//807
f  498//1019 496//1017 414//807
f  420//844 498//1019 414//807
f  499//1020 433//884 457//933
f  458//1003 500//1021 484//985
f  501//1022 434//885 460//936
f  502//1023 481//975 484//993
f  500//1024 502//1023 484//993
f  503//1025 460//992 486//991
f  504//1026 445//906 459//935
f  505//1027 503//1028 486//1005
f  490//1004 505//1027 486//1005
f  473//957 483//984 442//900
f  501//1022 506//1029 434//885
f  506//1029 435//886 434//885
f  507//1030 459//935 437//890
f  491//1031 500//1021 458//1003
f  485//1032 488//997 447//918
f  463//945 508//1033 443//901
f  508//1034 472//956 443//902
f  504//1026 468//952 445//906
f  314//1035 474//958 315//905
f  466//948 509//1036 437//890
f  509//1036 507//1030 437//890
f  510//1037 498//1019 420//844
f  492//1007 491//1006 432//882
f  511//1038 243//432 435//899
f  503//1025 501//1039 460//992
f  497//1018 471//955 470//954
f  512//1040 416//818 471//955
f  499//1020 446//909 433//884
f  468//952 513//1041 450//919
f  514//1042 502//1023 500//1024
f  515//1043 514//1042 500//1024
f  516//155 467//156 407//155
f  347//1044 516//1045 407//1046
f  476//1047 516//1045 347//1044
f  517//1048 428//873 451//920
f  494//1012 517//1049 451//921
f  518//1050 504//1026 459//935
f  507//1030 518//1050 459//935
f  472//1051 475//1052 418//1053
f  485//1032 519//1054 488//997
f  483//984 510//1037 420//844
f  506//1055 511//1038 435//899
f  520//1056 521//1057 503//1028
f  505//1027 520//1056 503//1028
f  513//1041 473//957 450//919
f  519//1058 492//1007 488//1001
f  512//1059 461//1060 416//1061
f  521//1062 501//1039 503//1025
f  522//1063 483//984 473//957
f  513//1041 522//1063 473//957
f  491//1031 515//1064 500//1021
f  523//1065 494//1013 248//439
f  243//908 523//1066 248//907
f  511//1067 523//1066 243//908
f  440//896 524//1068 463//944
f  524//1069 508//1033 463//945
f  453//927 525//1070 454//928
f  227//1008 526//1071 477//1009
f  526//1072 377//726 477//999
f  377//726 376//725 477//999
f  235//1073 234//980 270//983
f  527//1074 452//926 169//664
f  528//1075 527//1076 169//313
f  529//1077 468//952 504//1026
f  170//314 528//1075 169//313
f  530//1078 491//1006 492//1007
f  531//1079 510//1037 483//984
f  532//1080 513//1041 468//952
f  490//1081 482//1082 533//1083
f  482//1084 534//1085 533//1086
f  489//998 177//325 140//261
f  481//1087 534//1085 482//1084
f  177//325 149//275 140//261
f  467//1088 535//1089 406//1090
f  535//1091 509//1036 406//795
f  509//1036 466//948 406//795
f  536//1092 537//1093 533//1094
f  537//1095 490//1081 533//1083
f  536//1092 533//1094 534//1096
f  538//1097 506//1029 501//1022
f  525//1098 493//1011 454//941
f  493//1011 180//328 165//308
f  539//1099 485//990 446//909
f  499//1020 539//1099 446//909
f  481//1087 536//1100 534//1085
f  540//1101 170//314 192//348
f  529//1077 532//1080 468//952
f  491//1031 541//1102 515//1064
f  530//1103 541//1102 491//1031
f  537//1104 505//1105 490//1106
f  502//1107 536//1100 481//1087
f  542//1108 514//1042 515//1043
f  541//1109 542//1108 515//1043
f  521//1062 538//1110 501//1039
f  543//1111 538//1110 521//1062
f  219//394 192//348 191//347
f  518//1050 529//1077 504//1026
f  520//1056 543//1112 521//1057
f  457//933 544//1113 499//1020
f  522//1063 531//1079 483//984
f  495//1014 545//1114 487//994
f  545//1115 201//996 487//995
f  461//940 546//1116 457//932
f  546//1117 544//1113 457//933
f  430//876 547//1118 455//929
f  547//1119 462//942 455//930
f  536//1092 548//1120 537//1093
f  548//1121 505//1105 537//1104
f  549//1122 550//1123 497//1018
f  550//1123 471//955 497//1018
f  548//1124 520//1125 505//1126
f  514//1127 536//1100 502//1107
f  220//1015 465//1128 495//1016
f  544//1113 539//1099 499//1020
f  551//1129 439//892 462//943
f  552//1130 508//1033 524//1069
f  167//310 489//998 141//262
f  553//1131 492//1007 519//1058
f  514//1127 554//1132 536//1100
f  493//1011 555//1133 180//328
f  219//394 540//1101 192//348
f  314//1035 556//1134 474//958
f  556//1135 476//962 474//963
f  485//1032 553//1136 519//1054
f  557//1137 485//990 539//1099
f  552//1138 472//956 508//1034
f  558//1139 313//567 475//959
f  472//1051 558//1140 475//1052
f  226//1141 526//1071 227//1008
f  313//1142 556//1134 314//1035
f  507//1030 559//1143 518//1050
f  530//1103 560//1144 541//1102
f  560//1145 542//1108 541//1109
f  509//1036 559//1143 507//1030
f  561//1146 562//1147 523//1065
f  562//1147 494//1013 523//1065
f  511//1067 561//1148 523//1066
f  563//1149 561//1148 511//1067
f  506//1055 563//1150 511//1038
f  564//1151 538//1110 543//1111
f  520//1056 564//1152 543//1112
f  565//1153 524//1068 440//896
f  439//987 565//1154 440//986
f  551//1155 565//1154 439//987
f  428//989 566//1156 430//988
f  566//1157 547//1118 430//876
f  517//1048 567//1158 428//873
f  567//1159 566//1156 428//989
f  557//1160 553//1136 485//1032
f  568//1161 548//1120 536//1092
f  562//1162 517//1049 494//1012
f  568//1163 520//1164 548//1165
f  569//1166 568//1161 536//1092
f  570//1167 202//364 177//325
f  555//1133 464//946 180//328
f  554//1168 569//1166 536//1092
f  571//1169 567//1158 517//1048
f  562//1162 571//1170 517//1049
f  572//1171 513//1041 532//1080
f  573//1172 461//1173 512//1174
f  573//1175 546//1116 461//940
f  492//1007 574//1176 530//1078
f  574//1177 560//1144 530//1103
f  570//1167 228//411 202//364
f  575//1178 532//1080 529//1077
f  576//1179 577//1180 496//1017
f  577//1180 497//1018 496//1017
f  578//1181 576//1179 496//1017
f  498//1019 578//1181 496//1017
f  579//1182 552//1130 524//1069
f  580//1183 569//1166 554//1168
f  226//1141 581//1184 526//1071
f  581//1185 378//727 526//1072
f  378//727 377//726 526//1072
f  547//1119 582//1186 462//942
f  582//1187 551//1129 462//943
f  583//1188 188//341 201//363
f  545//1115 583//1189 201//996
f  584//1190 556//1134 313//1142
f  572//1171 522//1063 513//1041
f  518//1050 585//1191 529//1077
f  585//1191 586//1192 529//1077
f  586//1192 575//1178 529//1077
f  584//1190 587//1193 556//1134
f  510//1037 578//1181 498//1019
f  565//1153 588//1194 524//1068
f  588//1195 579//1182 524//1069
f  568//1161 564//1152 520//1056
f  497//1196 577//1197 549//1198
f  589//1199 590//1200 518//1050
f  590//1200 585//1191 518//1050
f  577//1180 550//1123 549//1122
f  542//1201 580//1202 514//1203
f  580//1204 554//1205 514//1205
f  564//1152 506//1029 538//1097
f  283//1206 235//1073 270//983
f  591//1207 539//1099 544//1113
f  557//1160 592//1208 553//1136
f  550//1123 512//1040 471//955
f  584//1209 313//1210 558//1211
f  593//1212 584//1209 558//1211
f  594//1213 593//1214 558//1215
f  595//1216 594//1213 558//1215
f  596//1217 578//1181 510//1037
f  472//1218 597//1219 558//1220
f  597//1221 595//1216 558//1215
f  598//1222 492//1007 553//1131
f  592//1223 598//1222 553//1131
f  552//1224 597//1225 472//1226
f  579//1227 597//1225 552//1224
f  591//1207 557//1137 539//1099
f  531//1079 596//1217 510//1037
f  598//1222 574//1176 492//1007
f  574//1177 599//1228 560//1144
f  600//1229 465//947 464//946
f  601//1230 542//1108 560//1145
f  599//1231 601//1230 560//1145
f  516//155 602//155 467//156
f  602//1232 535//1233 467//1234
f  603//1235 604//1236 559//1143
f  568//1161 605//1237 564//1152
f  606//1238 584//1239 593//1240
f  594//1213 606//1241 593//1214
f  579//1227 607//1242 597//1225
f  607//1243 595//1216 597//1221
f  509//1036 603//1235 559//1143
f  606//1238 587//1244 584//1239
f  608//1245 596//1217 531//1079
f  609//1246 600//1229 464//946
f  564//1152 610//1247 506//1029
f  610//1247 611//1248 506//1029
f  611//1249 563//1150 506//1055
f  585//1250 590//1251 612//1252
f  613//1253 585//1250 612//1252
f  614//1254 613//1255 612//1256
f  614//1254 615//1257 613//1255
f  495//1014 616//1258 545//1114
f  616//1259 583//1189 545//1115
f  613//1260 586//1261 585//1262
f  566//1157 617//1263 547//1118
f  617//1264 582//1186 547//1119
f  604//1236 518//1050 559//1143
f  618//1265 616//1258 495//1014
f  465//1128 600//1266 495//1016
f  600//1266 618//1267 495//1016
f  604//1236 589//1199 518//1050
f  619//1268 586//1261 613//1260
f  615//1257 619//1269 613//1255
f  590//1270 620//1271 612//1272
f  620//1273 614//1254 612//1256
f  589//1274 620//1271 590//1270
f  569//1166 621//1275 568//1161
f  522//1063 608//1245 531//1079
f  621//1275 605//1237 568//1161
f  615//1276 614//1277 594//1278
f  595//1279 615//1276 594//1278
f  601//1280 580//1280 542//1281
f  622//1282 607//1242 579//1227
f  588//1195 622//1283 579//1182
f  623//1284 557//1137 591//1207
f  624//1285 606//1241 594//1213
f  625//1286 624//1287 594//1288
f  614//1289 625//1286 594//1288
f  620//1273 625//1290 614//1254
f  623//1291 592//1208 557//1160
f  619//1292 575//1293 586//1294
f  607//1243 626//1295 595//1216
f  626//1296 615//1297 595//1298
f  627//1299 619//1269 615//1257
f  575//1178 628//1300 532//1080
f  629//155 602//155 516//155
f  476//1301 629//1302 516//1303
f  630//1304 629//1302 476//1301
f  556//1135 630//1305 476//962
f  631//1306 606//1241 624//1285
f  632//1307 170//314 540//1101
f  627//1308 575//1293 619//1292
f  633//1309 620//1310 589//1311
f  633//1312 625//1290 620//1273
f  634//1313 540//1101 219//394
f  546//1117 635//1314 544//1113
f  635//1314 636//1315 544//1113
f  637//1316 628//1300 575//1178
f  607//1243 638//1317 626//1295
f  639//1318 615//1297 626//1296
f  639//1319 627//1299 615//1257
f  525//1098 640//1320 493//1011
f  640//1320 555//1133 493//1011
f  605//1321 610//1321 564//1322
f  639//1323 624//1324 625//1323
f  633//1312 639//1319 625//1290
f  641//1325 642//1326 577//1180
f  642//1326 550//1123 577//1180
f  576//1179 641//1325 577//1180
f  604//1236 643//1327 589//1199
f  632//1307 528//1075 170//314
f  623//1291 644//1328 592//1208
f  636//1315 591//1207 544//1113
f  631//1329 587//1330 606//1331
f  622//1282 638//1332 607//1242
f  642//1326 512//1040 550//1123
f  638//1317 624//1285 626//1295
f  624//1333 639//1334 626//1335
f  633//1312 627//1299 639//1319
f  638//1317 631//1306 624//1285
f  631//1329 645//1336 587//1330
f  645//1337 556//1134 587//1193
f  643//1327 646//1338 589//1199
f  646//1339 633//1309 589//1311
f  647//1340 601//1230 599//1231
f  648//1341 574//1176 598//1222
f  603//1235 643//1327 604//1236
f  621//1275 610//1247 605//1237
f  509//1036 649//1342 603//1235
f  573//1175 650//1343 546//1116
f  650//1344 635//1314 546//1117
f  634//1313 632//1307 540//1101
f  646//1338 643//1327 575//1178
f  643//1327 637//1316 575//1178
f  627//1345 646//1346 575//1347
f  646//1346 627//1345 633//1348
f  642//1326 651//1349 512//1040
f  652//1350 573//1351 512//1352
f  651//1353 652//1350 512//1352
f  652//1354 650//1343 573//1175
f  188//341 653//1355 167//310
f  653//1355 489//998 167//310
f  654//1356 228//411 570//1167
f  177//325 654//1356 570//1167
f  655//1357 378//727 581//1185
f  522//1063 572//1171 608//1245
f  656//1358 598//1222 592//1223
f  657//1359 556//1134 645//1337
f  657//1360 630//1305 556//1135
f  658//1361 219//394 235//421
f  659//1362 658//1361 235//421
f  660//1363 638//1364 622//1365
f  661//1366 660//1363 622//1365
f  588//1195 661//1367 622//1283
f  636//1315 623//1284 591//1207
f  574//1177 647//1368 599//1228
f  631//1369 662//1370 645//1371
f  662//1372 657//1359 645//1337
f  648//1373 647//1368 574//1177
f  663//1374 664//1375 601//1376
f  664//1377 580//1378 601//1379
f  588//1195 665//1380 661//1367
f  665//1381 660//1382 661//1383
f  644//1384 656//1358 592//1223
f  569//1166 666//1385 621//1275
f  667//1386 638//1364 660//1363
f  667//1386 631//1369 638//1364
f  662//1370 631//1369 667//1386
f  659//1387 235//1073 283//1206
f  668//1388 654//1356 177//325
f  525//1098 669//1389 640//1320
f  658//1361 634//1313 219//394
f  583//1188 670//1390 188//341
f  671//1391 562//1147 561//1146
f  563//1149 671//1392 561//1148
f  672//1393 671//1392 563//1149
f  611//1249 672//1394 563//1150
f  673//1395 581//1184 226//1141
f  228//411 673//1396 226//409
f  535//1091 649//1342 509//1036
f  489//998 668//1388 177//325
f  674//1397 675//1398 532//1080
f  675//1398 572//1171 532//1080
f  603//1235 676//1399 643//1327
f  677//1400 676//1399 603//1235
f  649//1342 677//1400 603//1235
f  678//1401 649//1342 535//1091
f  602//1402 678//1403 535//1402
f  679//1404 666//1385 569//1166
f  616//1259 670//1405 583//1189
f  618//1265 680//1406 616//1258
f  680//1407 681//1408 616//1259
f  681//1408 670//1405 616//1259
f  621//1275 682//1409 610//1247
f  666//1385 682//1409 621//1275
f  647//1340 663//1410 601//1230
f  683//1411 663//1410 647//1340
f  648//1373 683//1412 647//1368
f  623//1291 656//1413 644//1328
f  565//1153 684//1414 588//1194
f  684//1415 665//1380 588//1195
f  685//1416 686//1417 582//1186
f  686//1417 687//1418 582//1186
f  617//1264 685//1416 582//1186
f  687//1419 551//1129 582//1187
f  667//1420 688//1421 662//1422
f  688//1423 657//1359 662//1372
f  689//1424 642//1326 641//1325
f  655//1357 375//728 378//727
f  690//1425 596//1217 608//1245
f  691//1426 656//1427 623//1428
f  690//1425 692//1429 596//1217
f  692//1429 578//1181 596//1217
f  693//1430 623//1284 636//1315
f  692//1429 694//1431 578//1181
f  694//1431 576//1179 578//1181
f  694//1431 689//1424 576//1179
f  689//1424 641//1325 576//1179
f  695//1432 696//1433 637//1316
f  643//1327 676//1399 637//1316
f  676//1399 695//1432 637//1316
f  696//1433 628//1300 637//1316
f  664//1434 569//1166 580//1183
f  696//1433 697//1435 628//1300
f  698//1436 679//1404 569//1166
f  600//1266 699//1437 618//1267
f  682//1409 611//1248 610//1247
f  700//1438 684//1414 565//1153
f  551//1155 700//1439 565//1154
f  701//1440 700//1439 551//1155
f  687//1419 701//1441 551//1129
f  567//1159 702//1442 566//1156
f  702//1443 703//1444 566//1157
f  703//1444 617//1263 566//1157
f  571//1169 704//1445 567//1158
f  704//1446 702//1442 567//1159
f  705//1447 464//946 555//1133
f  640//1320 705//1447 555//1133
f  609//1246 699//1448 600//1229
f  706//1449 707//1450 667//1420
f  707//1450 688//1421 667//1420
f  660//1451 706//1452 667//1453
f  708//1454 706//1452 660//1451
f  665//1381 709//1455 660//1382
f  709//1455 708//1456 660//1382
f  686//1457 685//1458 710//1459
f  711//1460 686//1457 710//1459
f  712//1461 711//1462 710//1463
f  712//1461 713//1464 711//1462
f  714//1465 704//1445 571//1169
f  562//1162 714//1466 571//1170
f  715//1467 699//1448 609//1246
f  572//1171 716//1468 608//1245
f  716//1468 690//1425 608//1245
f  717//1469 686//1470 711//1471
f  718//1472 717//1469 711//1471
f  713//1464 718//1473 711//1462
f  685//1474 719//1475 710//1476
f  719//1475 720//1477 710//1476
f  720//1478 712//1461 710//1463
f  721//1479 714//1466 562//1162
f  722//1480 723//1481 562//1147
f  671//1391 722//1480 562//1147
f  723//1481 721//1482 562//1147
f  724//1483 664//1375 663//1374
f  725//1484 682//1409 666//1385
f  679//1404 725//1484 666//1385
f  683//1411 724//1485 663//1410
f  673//1395 726//1486 581//1184
f  726//1487 727//1488 581//1185
f  727//1488 655//1357 581//1185
f  686//1417 717//1489 687//1418
f  464//946 715//1467 609//1246
f  693//1430 728//1490 623//1284
f  728//1491 691//1492 623//1493
f  696//1494 729//1495 730//1496
f  731//1497 732//1498 730//1499
f  729//1500 731//1497 730//1499
f  617//1264 719//1501 685//1416
f  598//1222 733//1502 648//1341
f  733//1503 683//1412 648//1373
f  632//1307 634//1313 658//1361
f  703//1504 719//1501 617//1264
f  642//1326 734//1505 651//1349
f  734//1506 652//1507 651//1508
f  735//1509 650//1343 652//1354
f  696//1494 695//1510 729//1495
f  736//1511 693//1430 636//1315
f  635//1314 736//1511 636//1315
f  737//1512 724//1485 683//1411
f  733//1503 737//1513 683//1412
f  738//1514 697//1515 730//1516
f  697//1515 696//1517 730//1516
f  732//1498 738//1518 730//1499
f  695//1519 739//1520 729//1521
f  740//1522 731//1497 729//1500
f  739//1523 740//1522 729//1500
f  741//1524 733//1502 598//1222
f  656//1358 741//1524 598//1222
f  742//1525 188//341 670//1390
f  681//1526 742//1525 670//1390
f  735//1527 736//1511 635//1314
f  650//1344 735//1527 635//1314
f  732//1528 713//1529 712//1530
f  731//1531 713//1529 732//1528
f  688//1423 743//1532 657//1359
f  743//1533 630//1305 657//1360
f  705//1447 715//1467 464//946
f  744//1534 677//1400 649//1342
f  692//1429 745//1535 694//1431
f  745//1535 746//1536 694//1431
f  746//1536 689//1424 694//1431
f  744//1534 747//1537 677//1400
f  747//1537 676//1399 677//1400
f  689//1424 748//1538 642//1326
f  747//1537 695//1432 676//1399
f  746//1536 748//1538 689//1424
f  749//1539 671//1540 672//1541
f  611//1249 749//1542 672//1394
f  675//1398 716//1468 572//1171
f  740//1543 713//1544 731//1545
f  750//1546 732//1547 712//1546
f  750//1548 738//1518 732//1498
f  489//998 751//1549 668//1388
f  747//1537 752//1550 695//1432
f  753//1551 569//1166 664//1434
f  754//1552 755//1553 697//1435
f  755//1553 628//1300 697//1435
f  753//1551 698//1436 569//1166
f  755//1553 674//1397 628//1300
f  674//1397 532//1080 628//1300
f  752//1554 739//1555 695//1556
f  740//1543 756//1557 713//1544
f  756//1558 757//1559 713//1464
f  757//1559 718//1473 713//1464
f  758//1560 750//1561 712//1562
f  720//1478 758//1563 712//1461
f  759//1564 738//1518 750//1548
f  760//1565 673//1396 228//411
f  654//1356 760//1565 228//411
f  283//1206 761//1566 659//1387
f  762//1567 375//728 655//1357
f  727//1568 762//1569 655//1568
f  763//1570 761//1571 283//499
f  284//500 763//1570 283//499
f  718//1572 764//1573 717//1574
f  764//1575 687//1418 717//1489
f  759//1576 697//1577 738//1578
f  752//1554 765//1579 739//1555
f  765//1580 740//1522 739//1523
f  766//1581 757//1559 756//1558
f  720//1478 767//1582 758//1563
f  725//1484 611//1248 682//1409
f  757//1583 764//1573 718//1572
f  719//1584 768//1585 720//1586
f  768//1585 767//1587 720//1586
f  703//1504 768//1588 719//1501
f  740//1589 758//1590 756//1591
f  758//1563 766//1581 756//1558
f  765//1580 750//1548 740//1522
f  750//1592 758//1590 740//1589
f  765//1580 759//1564 750//1548
f  767//1582 766//1581 758//1563
f  716//1468 769//1593 690//1425
f  770//1594 725//1484 679//1404
f  771//1595 770//1594 679//1404
f  707//1596 743//1532 688//1423
f  684//1415 709//1597 665//1380
f  754//1598 697//1577 759//1576
f  752//1599 754//1600 765//1601
f  742//1525 653//1355 188//341
f  772//1602 773//1603 618//1265
f  773//1603 680//1406 618//1265
f  699//1437 774//1604 618//1267
f  774//1604 772//1605 618//1267
f  724//1606 753//1606 664//1607
f  775//1608 753//1608 724//1608
f  741//1524 776//1609 733//1502
f  776//1610 737//1513 733//1503
f  678//1401 777//1611 649//1342
f  778//1612 684//1414 700//1438
f  687//1419 779//1613 701//1441
f  769//1593 692//1429 690//1425
f  773//1614 681//1408 680//1407
f  765//1601 754//1600 759//1615
f  659//1362 780//1616 658//1361
f  764//1575 779//1617 687//1418
f  766//1618 781//1619 757//1620
f  781//1619 764//1621 757//1620
f  782//1622 777//1611 678//1401
f  602//1623 782//1624 678//1623
f  629//155 783//155 602//155
f  783//1625 782//1626 602//1627
f  778//1628 709//1597 684//1415
f  761//1629 780//1616 659//1362
f  769//1593 784//1630 692//1429
f  785//1631 774//1632 699//1448
f  715//1467 785//1631 699//1448
f  786//1633 787//1634 698//1436
f  787//1634 679//1404 698//1436
f  788//155 783//155 629//155
f  630//1635 788//1636 629//1637
f  789//1638 788//1636 630//1635
f  743//1533 790//1639 630//1305
f  790//1639 789//1640 630//1305
f  791//1641 724//1485 737//1512
f  792//1642 693//1430 736//1511
f  776//1610 791//1643 737//1513
f  780//1616 632//1307 658//1361
f  784//1630 745//1535 692//1429
f  781//1644 779//1617 764//1575
f  766//1645 767//1646 768//1647
f  781//1648 766//1645 768//1647
f  703//1504 781//1644 768//1588
f  793//1649 611//1248 725//1484
f  787//1650 771//1650 679//1650
f  777//1611 744//1534 649//1342
f  703//1504 779//1617 781//1644
f  794//1651 746//1536 745//1535
f  795//1652 741//1524 656//1358
f  691//1653 795//1652 656//1358
f  748//1538 734//1505 642//1326
f  728//1491 795//1654 691//1492
f  796//1655 747//1537 744//1534
f  792//1642 728//1490 693//1430
f  770//1656 793//1657 725//1658
f  792//1642 797//1659 728//1490
f  797//1660 795//1654 728//1491
f  794//1651 748//1538 746//1536
f  798//1661 770//1594 771//1595
f  791//1641 775//1662 724//1485
f  747//1537 799//1663 752//1550
f  799//1663 754//1552 752//1550
f  800//1664 801//1665 675//1398
f  801//1665 716//1468 675//1398
f  653//1355 751//1549 489//998
f  802//1666 742//1525 681//1526
f  674//1397 800//1664 675//1398
f  803//1667 726//1486 673//1395
f  760//1565 803//1668 673//1396
f  804//1669 799//1663 747//1537
f  796//1670 804//1671 747//1671
f  805//1672 652//1673 734//1674
f  805//1675 735//1509 652//1354
f  755//1553 800//1664 674//1397
f  749//1676 722//1677 671//1677
f  611//1249 806//1678 749//1542
f  723//1481 807//1679 721//1482
f  793//1649 806//1680 611//1248
f  808//1681 787//1634 786//1633
f  798//1682 793//1683 770//1684
f  809//1685 775//1662 791//1641
f  787//1686 810//1687 771//1688
f  811//1689 698//1690 775//1691
f  698//1690 753//1692 775//1691
f  812//1693 704//1445 714//1465
f  721//1479 812//1694 714//1466
f  813//1695 798//1661 771//1595
f  810//1696 813//1695 771//1595
f  809//1685 814//1697 775//1662
f  814//1697 811//1698 775//1662
f  808//1699 810//1687 787//1686
f  815//1700 797//1659 792//1642
f  816//1701 528//1075 632//1307
f  795//1652 817//1702 741//1524
f  818//1703 745//1535 784//1630
f  819//1704 785//1631 715//1467
f  735//1527 820//1705 736//1511
f  820//1705 792//1642 736//1511
f  716//1468 801//1665 769//1593
f  760//1565 821//1706 803//1668
f  821//1706 822//1707 803//1668
f  707//1596 790//1708 743//1532
f  776//1610 809//1709 791//1643
f  817//1702 823//1710 776//1609
f  823//1711 809//1709 776//1610
f  824//1712 802//1666 681//1526
f  825//1713 824//1712 681//1526
f  773//1614 825//1714 681//1408
f  826//1715 778//1612 700//1438
f  827//1716 826//1715 700//1438
f  701//1717 827//1718 700//1719
f  828//1720 827//1718 701//1717
f  779//1613 829//1721 701//1441
f  829//1721 830//1722 701//1441
f  830//1722 828//1723 701//1441
f  704//1724 831//1725 702//1726
f  832//1727 703//1444 702//1443
f  831//1728 832//1727 702//1443
f  812//1693 833//1729 704//1445
f  833//1730 831//1725 704//1724
f  834//1731 817//1702 795//1652
f  741//1524 817//1702 776//1609
f  818//1703 835//1732 745//1535
f  835//1732 794//1651 745//1535
f  797//1660 834//1733 795//1654
f  777//1611 836//1734 744//1534
f  836//1734 796//1655 744//1534
f  706//1449 837//1735 707//1450
f  837//1736 790//1708 707//1596
f  654//1356 838//1737 760//1565
f  835//1732 748//1538 794//1651
f  839//1738 813//1695 810//1696
f  840//1739 839//1738 810//1696
f  841//1740 840//1739 810//1696
f  814//1697 842//1741 811//1698
f  842//1741 843//1742 811//1698
f  808//1699 841//1743 810//1687
f  843//1744 698//1745 811//1744
f  844//155 783//155 788//155
f  726//1487 762//1567 727//1488
f  780//1616 845//1746 632//1307
f  819//1704 715//1467 705//1447
f  846//1747 819//1704 705//1447
f  847//1748 848//1749 706//1449
f  848//1749 837//1735 706//1449
f  708//1750 847//1751 706//1752
f  849//1753 847//1751 708//1750
f  709//1455 850//1754 708//1456
f  850//1754 851//1755 708//1456
f  851//1755 849//1756 708//1456
f  805//1675 852//1757 735//1509
f  852//1758 820//1705 735//1527
f  853//1759 772//1602 774//1632
f  785//1631 853//1759 774//1632
f  786//1760 841//1761 808//1761
f  804//1669 854//1762 799//1663
f  813//1763 855//1764 798//1682
f  855//1764 793//1683 798//1682
f  800//1664 856//1765 801//1665
f  857//1766 812//1694 721//1479
f  807//1679 857//1767 721//1482
f  858//1768 824//1712 825//1713
f  823//1711 814//1769 809//1709
f  815//1700 859//1770 797//1659
f  859//1771 834//1733 797//1660
f  802//1666 860//1772 742//1525
f  860//1772 653//1355 742//1525
f  861//1773 840//1739 841//1740
f  842//1741 862//1774 843//1742
f  862//1774 863//1775 843//1742
f  792//1642 864//1776 815//1700
f  865//1777 818//1703 784//1630
f  769//1593 865//1777 784//1630
f  793//1649 855//1778 806//1680
f  863//1779 841//1780 786//1781
f  844//1782 782//1783 783//1784
f  786//1785 698//1786 843//1787
f  863//1788 786//1785 843//1787
f  763//1789 780//1616 761//1629
f  856//1765 769//1593 801//1665
f  820//1705 864//1776 792//1642
f  862//1774 861//1773 863//1775
f  861//1773 841//1740 863//1775
f  836//1734 804//1669 796//1655
f  866//1790 854//1762 804//1669
f  845//1746 816//1701 632//1307
f  846//1791 722//1792 749//1793
f  806//1678 867//1794 749//1542
f  867//1794 868//1795 749//1542
f  868//1795 846//1796 749//1542
f  869//1797 870//1798 773//1603
f  772//1602 869//1797 773//1603
f  870//1799 825//1714 773//1614
f  871//1800 785//1631 819//1704
f  799//1663 755//1553 754//1552
f  872//1801 762//1802 726//1803
f  873//1804 874//1805 803//1667
f  874//1805 726//1486 803//1667
f  822//1707 873//1806 803//1668
f  668//1388 838//1737 654//1356
f  703//1504 829//1807 779//1617
f  778//1628 850//1808 709//1597
f  874//1809 872//1810 726//1811
f  640//1320 846//1747 705//1447
f  748//1538 875//1812 734//1505
f  875//1813 805//1814 734//1814
f  856//1765 865//1777 769//1593
f  853//1759 869//1797 772//1602
f  876//1815 817//1702 834//1731
f  832//1816 829//1807 703//1504
f  839//1817 855//1764 813//1763
f  877//1818 878//1819 818//1703
f  878//1819 835//1732 818//1703
f  879//1820 856//1765 800//1664
f  872//1821 880//1822 762//1567
f  823//1711 842//1823 814//1769
f  881//1824 668//1388 751//1549
f  882//1825 875//1812 748//1538
f  854//1762 883//1826 799//1663
f  884//1827 804//1669 836//1734
f  859//1771 876//1828 834//1733
f  835//1732 882//1825 748//1538
f  822//1707 885//1829 873//1806
f  878//1819 882//1825 835//1732
f  817//1702 886//1830 823//1710
f  886//1831 842//1823 823//1711
f  883//1826 879//1820 800//1664
f  755//1553 883//1826 800//1664
f  884//1827 866//1790 804//1669
f  887//1832 888//1833 827//1716
f  888//1833 826//1715 827//1716
f  830//1722 889//1834 828//1723
f  890//1835 832//1727 831//1728
f  891//1836 892//1837 833//1729
f  812//1693 891//1836 833//1729
f  838//1737 893//1838 760//1565
f  893//1838 821//1706 760//1565
f  839//1817 894//1839 855//1764
f  895//1840 845//1746 780//1616
f  868//1841 871//1800 819//1704
f  846//1747 868//1841 819//1704
f  883//1826 755//1553 799//1663
f  894//1842 896//1843 855//1778
f  896//1843 806//1680 855//1778
f  876//1815 897//1844 817//1702
f  840//1845 894//1839 839//1817
f  898//155 844//155 788//155
f  789//1846 898//1846 788//1847
f  899//1848 898//1848 789//1848
f  900//1849 899//1850 789//1640
f  790//1639 900//1849 789//1640
f  886//1831 862//1851 842//1823
f  826//1852 850//1808 778//1628
f  901//1853 902//1854 847//1748
f  902//1854 848//1749 847//1748
f  849//1855 901//1856 847//1855
f  851//1755 903//1857 849//1756
f  284//1858 780//1616 763//1789
f  668//1388 893//1838 838//1737
f  860//1772 751//1549 653//1355
f  904//1859 722//1792 846//1791
f  897//1844 886//1830 817//1702
f  865//1777 877//1818 818//1703
f  640//1320 904//1860 846//1747
f  284//1858 895//1840 780//1616
f  873//1861 905//1862 874//1863
f  852//1758 906//1864 820//1705
f  906//1864 864//1776 820//1705
f  907//1865 908//1866 876//1828
f  908//1867 897//1844 876//1815
f  909//1868 825//1714 870//1799
f  910//1869 858//1768 825//1713
f  859//1771 907//1865 876//1828
f  911//1870 859//1770 815//1700
f  864//1776 911//1870 815//1700
f  912//1871 723//1481 722//1480
f  904//1859 912//1872 722//1792
f  913//1873 896//1843 894//1842
f  893//1838 914//1874 821//1706
f  915//1875 751//1549 860//1772
f  802//1666 915//1875 860//1772
f  669//1389 916//1876 640//1320
f  917//1877 893//1838 668//1388
f  915//1875 918//1878 751//1549
f  886//1831 861//1879 862//1851
f  861//1879 919//1880 840//1845
f  919//1880 894//1839 840//1845
f  919//1880 861//1879 886//1831
f  782//1622 920//1881 777//1611
f  919//1882 913//1873 894//1842
f  895//1840 921//1883 845//1746
f  922//1884 917//1877 668//1388
f  845//1746 923//1885 816//1701
f  924//1886 910//1869 825//1713
f  909//1868 924//1887 825//1714
f  916//1876 904//1860 640//1320
f  918//1878 881//1824 751//1549
f  925//1888 865//1777 856//1765
f  879//1820 925//1888 856//1765
f  926//1889 907//1890 859//1770
f  911//1870 926//1889 859//1770
f  897//1844 913//1873 886//1830
f  913//1873 919//1882 886//1830
f  927//1891 923//1885 845//1746
f  921//1883 927//1891 845//1746
f  920//1881 836//1734 777//1611
f  896//1843 867//1892 806//1680
f  857//1766 891//1893 812//1694
f  920//1881 928//1894 836//1734
f  929//1895 881//1824 918//1878
f  930//1896 925//1888 879//1820
f  928//1894 884//1827 836//1734
f  923//1885 528//1075 816//1701
f  848//1897 790//1708 837//1736
f  906//1864 911//1870 864//1776
f  871//1800 853//1759 785//1631
f  931//1898 882//1825 878//1819
f  932//1899 920//1881 782//1622
f  844//1900 932//1901 782//1902
f  870//1798 933//1903 909//1904
f  881//1824 922//1884 668//1388
f  934//1905 528//1075 923//1885
f  935//1906 922//1884 881//1824
f  917//1877 914//1874 893//1838
f  868//1841 853//1759 871//1800
f  851//1907 850//1808 826//1852
f  284//1858 936//1908 895//1840
f  936//1908 921//1883 895//1840
f  937//1909 867//1892 896//1843
f  916//1876 912//1910 904//1860
f  832//1816 830//1911 829//1807
f  922//1884 938//1912 917//1877
f  866//1790 939//1913 854//1762
f  939//1913 883//1826 854//1762
f  927//1891 934//1905 923//1885
f  908//1867 940//1914 897//1844
f  941//1915 805//1916 875//1917
f  941//1918 852//1757 805//1675
f  912//1910 942//1919 723//1920
f  926//1889 943//1921 907//1890
f  943//1922 908//1866 907//1865
f  944//1923 945//1924 827//1716
f  945//1924 946//1925 827//1716
f  946//1925 887//1832 827//1716
f  828//1720 944//1926 827//1718
f  947//1927 944//1926 828//1720
f  948//1928 947//1929 828//1723
f  889//1834 948//1928 828//1723
f  833//1730 949//1930 831//1725
f  950//1931 890//1835 831//1728
f  951//1932 952//1933 831//1728
f  949//1934 951//1932 831//1728
f  952//1933 953//1935 831//1728
f  953//1935 950//1931 831//1728
f  954//1936 955//1937 833//1729
f  892//1837 954//1936 833//1729
f  955//1938 949//1930 833//1730
f  880//1822 375//728 762//1567
f  956//1939 914//1874 917//1877
f  957//1940 937//1941 896//1942
f  943//1922 958//1943 908//1866
f  959//1944 877//1818 865//1777
f  925//1888 959//1944 865//1777
f  452//926 960//1945 961//1946
f  960//1945 962//1947 961//1946
f  963//1948 452//1949 961//1950
f  453//1951 452//1949 963//1948
f  964//1952 453//927 963//1953
f  965//1954 964//1952 963//1953
f  527//1074 960//1945 452//926
f  964//1952 525//1070 453//927
f  884//1827 966//1955 866//1790
f  913//1873 957//1956 896//1843
f  938//1912 956//1939 917//1877
f  883//1826 967//1957 879//1820
f  967//1957 930//1896 879//1820
f  968//1958 902//1854 901//1853
f  969//1959 901//1960 849//1961
f  903//1857 970//1962 849//1756
f  970//1962 969//1963 849//1756
f  971//1964 929//1895 918//1878
f  972//1965 807//1966 723//1920
f  973//1967 974//1968 915//1875
f  974//1968 918//1878 915//1875
f  975//155 976//155 898//155
f  976//155 977//155 898//155
f  977//155 844//155 898//155
f  899//1969 975//1970 898//1970
f  900//1849 978//1971 899//1850
f  942//1919 972//1965 723//1920
f  857//1766 979//1972 891//1893
f  958//1973 940//1914 908//1867
f  962//1947 980//1974 961//1946
f  980//1975 981//1976 961//1977
f  981//1976 963//1978 961//1977
f  981//1979 965//1954 963//1953
f  982//1980 915//1875 802//1666
f  848//1897 900//1981 790//1708
f  983//1982 913//1873 897//1844
f  940//1914 983//1982 897//1844
f  983//1982 957//1956 913//1873
f  930//1896 959//1944 925//1888
f  984//1983 934//1905 927//1891
f  985//1984 914//1874 956//1939
f  912//1910 986//1985 942//1919
f  987//1986 528//1075 934//1905
f  916//1876 986//1985 912//1910
f  988//1987 878//1819 877//1818
f  989//1988 988//1987 877//1818
f  959//1944 989//1988 877//1818
f  990//1989 938//1912 922//1884
f  938//1912 991//1990 956//1939
f  974//1968 971//1964 918//1878
f  906//1864 992//1991 911//1870
f  939//1913 967//1957 883//1826
f  966//1955 993//1992 866//1790
f  991//1990 985//1984 956//1939
f  994//1993 875//1812 882//1825
f  982//1980 973//1967 915//1875
f  826//1852 888//1994 851//1907
f  885//1829 995//1995 873//1806
f  995//1996 996//1997 873//1861
f  996//1997 905//1862 873//1861
f  987//1986 997//1998 528//1075
f  990//1989 998//1999 938//1912
f  999//2000 916//1876 669//1389
f  984//1983 987//1986 934//1905
f  997//1998 527//1076 528//1075
f  943//1922 940//2001 958//1943
f  1000//2002 940//2001 943//1922
f  1001//2003 984//1983 927//1891
f  921//1883 1001//2003 927//1891
f  807//1679 979//2004 857//1767
f  935//1906 990//1989 922//1884
f  929//1895 1002//2005 881//1824
f  998//1999 991//1990 938//1912
f  992//1991 926//1889 911//1870
f  999//2000 986//1985 916//1876
f  974//1968 1003//2006 971//1964
f  931//1898 994//1993 882//1825
f  960//2007 527//1076 997//1998
f  987//1986 960//2007 997//1998
f  957//1940 1004//2008 937//1941
f  964//2009 999//2000 669//1389
f  525//1098 964//2009 669//1389
f  988//2010 931//2011 878//2012
f  1005//2013 1000//2014 943//1921
f  926//1889 1005//2013 943//1921
f  983//2015 1004//2008 957//1940
f  988//1987 994//1993 931//1898
f  832//1816 890//2016 830//1911
f  890//2016 889//2017 830//1911
f  1006//2018 945//1924 944//1923
f  947//2019 1006//2020 944//2021
f  948//1928 1007//2022 947//1929
f  955//2023 1008//2024 949//2021
f  1008//155 951//1932 949//1934
f  954//1936 1009//2025 955//1937
f  966//1955 884//1827 928//1894
f  1010//2026 910//1869 924//1886
f  909//1868 1010//2027 924//1887
f  933//1903 1011//2028 909//1904
f  1011//2029 1010//2027 909//1868
f  1004//2030 867//1892 937//1909
f  936//1908 1012//2031 921//1883
f  984//1983 960//2007 987//1986
f  971//1964 1002//2005 929//1895
f  941//1918 1013//2032 852//1757
f  1013//2033 906//1864 852//1758
f  1003//2006 1002//2005 971//1964
f  1013//2033 992//1991 906//1864
f  1000//2002 983//2015 940//2001
f  1002//2005 935//1906 881//1824
f  1014//2034 1015//2035 901//1853
f  1016//2036 1017//2037 901//1853
f  1017//2037 1014//2034 901//1853
f  1015//2035 968//1958 901//1853
f  969//2038 1016//2039 901//2040
f  1018//2041 1019//2042 969//1963
f  970//1962 1018//2041 969//1963
f  1020//2043 998//1999 990//1989
f  1021//2044 867//1892 1004//2030
f  1004//2008 983//2015 1000//2002
f  966//1955 1022//2045 993//1992
f  999//2000 965//2046 986//1985
f  973//1967 1023//2047 974//1968
f  1023//2047 1024//2048 974//1968
f  1024//2048 1003//2006 974//1968
f  1024//2048 1002//2005 1003//2006
f  869//1797 933//1903 870//1798
f  1025//2049 1026//2050 1027//2051
f  1028//2052 1025//2049 1027//2051
f  1029//2053 1028//2052 1027//2051
f  1030//2054 1029//2055 1027//2056
f  1026//2057 1030//2054 1027//2056
f  1031//2058 1028//2052 1029//2053
f  1030//2054 1032//2059 1029//2055
f  1033//2060 1034//2061 1026//2050
f  1025//2049 1033//2060 1026//2050
f  1034//2062 1030//2054 1026//2057
f  1035//2063 1031//2058 1029//2053
f  1036//2064 1035//2063 1029//2053
f  1032//2059 1036//2065 1029//2055
f  1033//2060 1037//2066 1034//2061
f  1038//2067 1032//2068 1030//2069
f  1039//2070 1038//2067 1030//2069
f  1040//2071 1041//2072 1036//2073
f  1041//2072 1035//2074 1036//2073
f  1032//2059 1040//2075 1036//2065
f  1037//2076 1042//2077 1034//2078
f  1043//2079 1030//2054 1034//2062
f  1042//2080 1043//2079 1034//2062
f  1044//2081 1040//2075 1032//2059
f  1038//2082 1044//2083 1032//2084
f  1043//2085 1045//2086 1030//2087
f  1045//2086 1039//2088 1030//2087
f  1038//2082 1046//2089 1044//2083
f  1047//2090 1040//2075 1044//2081
f  1042//2080 1048//2091 1043//2079
f  1049//2092 1048//2093 1042//2094
f  1037//2076 1049//2095 1042//2077
f  1048//2091 1047//2090 1044//2081
f  1048//2091 1044//2081 1043//2079
f  1044//2096 1045//2097 1043//2098
f  1046//2099 1045//2097 1044//2096
f  1050//2100 1041//2101 1040//2102
f  1047//2103 1050//2100 1040//2102
f  1048//2093 1051//2104 1047//2103
f  1051//2104 1050//2100 1047//2103
f  1052//2105 1053//2106 1048//2093
f  1049//2092 1052//2105 1048//2093
f  1053//2106 1051//2104 1048//2093
f  935//1906 1020//2043 990//1989
f  905//2107 872//1810 874//1809
f  962//2108 960//2007 984//1983
f  991//1990 1054//2109 985//1984
f  993//1992 1055//2110 866//1790
f  1055//2110 939//1913 866//1790
f  1021//2044 1004//2030 1000//2014
f  1005//2013 1021//2044 1000//2014
f  964//2009 965//2046 999//2000
f  1020//2043 935//1906 1002//2005
f  1056//2111 1057//2112 1058//2113
f  1056//2111 1059//2114 1057//2112
f  1059//2114 1060//155 1057//2112
f  1060//2115 1061//2116 1057//2117
f  1061//2116 1058//2118 1057//2117
f  1062//2119 1056//2120 1058//2121
f  1063//2122 1062//2123 1058//2124
f  1061//2125 1063//2122 1058//2124
f  1064//2126 1063//2122 1061//2125
f  1065//2127 1064//2126 1061//2125
f  1066//2128 975//2129 899//2130
f  978//1971 1067//2131 899//1850
f  1067//2131 1066//2132 899//1850
f  1068//2133 1016//2036 1069//155
f  1070//2134 1068//2133 1069//155
f  1071//2135 1072//2136 1069//2137
f  1072//2136 1070//2138 1069//2137
f  1016//2039 1071//2139 1069//2140
f  969//2038 1071//2139 1016//2039
f  1073//2141 1072//2142 1071//2143
f  1074//2144 1075//2145 1071//2143
f  1076//2146 1074//2144 1071//2143
f  1075//2145 1073//2141 1071//2143
f  1077//2147 1076//2146 1071//2143
f  1019//2042 1077//2147 1071//2143
f  969//1963 1019//2042 1071//2143
f  1078//2148 1006//2018 1079//2149
f  1080//2150 1078//2148 1079//2149
f  1006//2020 1081//2151 1079//2152
f  1081//2153 1082//2154 1079//2155
f  1082//2154 1080//559 1079//2155
f  1083//2156 1084//2157 1006//2018
f  1078//2148 1085//2158 1006//2018
f  1085//2158 1083//2156 1006//2018
f  947//2019 1081//2151 1006//2020
f  1086//2159 1082//2160 1081//2161
f  947//1929 1087//2162 1081//2161
f  1087//2162 1088//2163 1081//2161
f  1088//2163 1089//2164 1081//2161
f  1089//2164 1090//2165 1081//2161
f  1090//2165 1091//2166 1081//2161
f  1091//2166 1086//2159 1081//2161
f  1092//559 1093//553 1094//553
f  1093//553 1095//559 1094//553
f  1008//2024 1096//2167 1094//2168
f  1096//2167 1092//2169 1094//2168
f  1095//2170 1097//2171 1094//2172
f  1097//2171 1098//2173 1094//2172
f  1098//2173 1008//155 1094//2172
f  955//2023 1096//2167 1008//2024
f  1099//573 1093//573 1092//573
f  1096//2174 1100//2175 1092//573
f  1100//2175 1101//573 1092//573
f  1101//573 1099//573 1092//573
f  955//1937 1102//2176 1096//2174
f  1103//2177 1100//2175 1096//2174
f  1102//2176 1104//2178 1096//2174
f  1104//2178 1105//2179 1096//2174
f  1105//2179 1103//2177 1096//2174
f  1106//2180 1107//2181 1108//2182
f  1107//2181 1109//2183 1108//2182
f  1109//2183 1012//2184 1108//2182
f  1110//559 1111//559 1108//553
f  1111//559 1106//559 1108//553
f  936//2185 1110//2186 1108//2187
f  1012//2188 936//2185 1108//2187
f  1112//2189 1111//2190 1110//2191
f  936//2192 1113//2193 1110//2191
f  1113//2193 1112//2189 1110//2191
f  1084//2157 945//1924 1006//2018
f  1007//2022 1087//2162 947//1929
f  1098//2173 1114//2194 1008//155
f  1114//2194 951//1932 1008//155
f  1115//2195 1102//2176 955//1937
f  1009//2025 1115//2195 955//1937
f  986//1985 1116//2196 942//1919
f  824//1712 1117//2197 802//1666
f  1118//2198 1017//2037 1016//2036
f  1068//2133 1118//2198 1016//2036
f  1020//2043 1024//2048 998//1999
f  994//1993 1119//2199 875//1812
f  1120//2200 941//2201 875//2202
f  1119//2203 1120//2200 875//2202
f  1120//2204 1013//2032 941//1918
f  998//1999 1121//2205 991//1990
f  1024//2048 1020//2043 1002//2005
f  1122//2206 962//2108 984//1983
f  1001//2003 1122//2206 984//1983
f  1123//2207 988//1987 989//1988
f  992//1991 1124//2208 926//1889
f  1125//2209 822//1707 821//1706
f  1126//2210 989//1988 959//1944
f  965//2046 1116//2196 986//1985
f  1127//2211 1001//2003 921//1883
f  1012//2031 1127//2211 921//1883
f  1117//2197 982//1980 802//1666
f  1124//2208 1005//2013 926//1889
f  930//1896 1126//2210 959//1944
f  928//1894 1128//2212 966//1955
f  1129//2213 1130//2214 1063//2215
f  1068//2216 1129//2213 1063//2215
f  1130//2217 1131//2218 1063//2219
f  1131//2220 1062//2221 1063//2222
f  1064//2223 1068//2224 1063//2225
f  1070//2134 1129//2226 1068//2133
f  1132//2227 1118//2198 1068//2133
f  1064//2223 1132//2228 1068//2224
f  1133//2229 920//1881 932//1899
f  844//2230 1133//2231 932//2232
f  977//2233 1133//2231 844//2230
f  1024//2048 1121//2205 998//1999
f  1134//2234 930//1896 967//1957
f  1135//2235 936//1908 284//1858
f  1127//2211 1122//2206 1001//2003
f  902//2236 900//1981 848//1897
f  1136//2237 1113//2193 936//2192
f  1135//2238 1136//2237 936//2192
f  888//1994 903//2239 851//1907
f  942//1919 1137//2240 972//1965
f  1038//2241 1138//2242 1139//2243
f  1138//2244 1140//2245 1139//2246
f  1038//2241 1039//2247 1138//2242
f  1141//2248 1140//2245 1138//2244
f  1142//2249 1038//2241 1139//2243
f  1140//2250 1142//2251 1139//2252
f  1039//2247 1143//2253 1138//2242
f  1143//2254 1141//2255 1138//2256
f  1140//2250 1144//2257 1142//2251
f  1145//2258 1141//2255 1143//2254
f  1142//2249 1046//2259 1038//2241
f  1045//2260 1143//2253 1039//2247
f  1146//2261 1145//2261 1143//2261
f  1147//2262 1143//2253 1045//2260
f  1142//2249 1147//2262 1046//2259
f  1147//2262 1045//2260 1046//2259
f  1144//2263 1147//2264 1142//2265
f  1147//2266 1146//2267 1143//2268
f  1144//2263 1148//2269 1147//2264
f  1148//2270 1146//2267 1147//2266
f  1116//2196 1137//2240 942//1919
f  1149//2271 928//1894 920//1881
f  1121//2205 1054//2109 991//1990
f  1013//2033 1124//2208 992//1991
f  1150//2272 1151//2273 1012//2031
f  1109//2183 1150//2274 1012//2184
f  1023//2047 1152//2275 1024//2048
f  1153//2276 1059//2277 1154//2278
f  1059//2279 1056//2280 1154//2281
f  1155//2282 1021//2044 1005//2013
f  1156//2283 1155//2282 1005//2013
f  1157//2284 973//1967 982//1980
f  1123//2207 994//1993 988//1987
f  1158//2285 1159//2286 807//1679
f  1159//2286 979//2004 807//1679
f  1160//2287 1158//2288 807//1966
f  1054//2109 1161//2289 985//1984
f  1022//2045 1162//2290 993//1992
f  1162//2290 1055//2110 993//1992
f  1066//2291 1061//2292 1060//2293
f  1060//155 1163//155 975//155
f  1163//155 976//155 975//155
f  1066//2294 1060//2295 975//2296
f  1164//2297 1065//2127 1061//2125
f  1066//2132 1165//2298 1061//2125
f  1165//2298 1164//2297 1061//2125
f  1067//2131 1166//2299 1066//2132
f  1124//2208 1156//2283 1005//2013
f  965//2046 1167//2300 1116//2196
f  1149//2271 1128//2212 928//1894
f  1161//2289 914//1874 985//1984
f  1155//2282 1168//2301 867//1892
f  1021//2044 1155//2282 867//1892
f  1122//2206 1169//2302 962//2108
f  972//1965 1160//2287 807//1966
f  1170//2303 1023//2047 973//1967
f  939//1913 1134//2234 967//1957
f  1152//2275 1121//2205 1024//2048
f  1157//2284 1170//2303 973//1967
f  1131//2218 1171//2304 1056//2305
f  1062//2306 1131//2307 1056//2306
f  1172//2308 1173//2309 1056//2310
f  1173//2309 1154//2311 1056//2310
f  1171//2312 1172//2308 1056//2310
f  1130//2217 1171//2304 1131//2218
f  1174//2313 980//1974 962//1947
f  1169//2302 1174//2314 962//2108
f  1159//2315 891//1893 979//1972
f  1175//2316 1126//2210 930//1896
f  1168//2301 1176//2317 867//1892
f  1176//2318 868//1795 867//1794
f  1059//2114 1163//155 1060//155
f  1166//2299 1165//2298 1066//2132
f  1177//573 1099//573 1101//573
f  1107//2319 1177//2320 1101//2321
f  1109//2322 1107//2319 1101//2321
f  1100//2169 1109//2169 1101//2169
f  1103//2177 1178//2323 1100//2175
f  1178//271 1179//2324 1100//2325
f  1179//2324 1109//2326 1100//2325
f  1179//2327 1150//2274 1109//2183
f  1136//2328 284//2329 1113//2330
f  284//2329 375//2331 1113//2330
f  375//2331 880//2332 1113//2330
f  872//1821 1112//2333 1113//2334
f  880//1822 872//1821 1113//2334
f  1135//2335 284//2336 1136//2337
f  1055//2110 1134//2234 939//1913
f  1170//2303 1152//2275 1023//2047
f  1180//2338 1161//2289 1054//2109
f  1126//2210 1123//2207 989//1988
f  1128//2212 1022//2045 966//1955
f  1176//2318 853//2339 868//1795
f  1072//2340 1073//2341 1070//2342
f  1073//2343 1129//2344 1070//2345
f  1181//2346 910//1869 1010//2026
f  1128//2212 1182//2347 1022//2045
f  888//1994 887//2348 903//2239
f  1170//2303 1183//2349 1152//2275
f  1134//2234 1175//2316 930//1896
f  1184//2350 1154//2351 1173//2352
f  1184//2350 1153//2353 1154//2351
f  1098//2354 1185//2355 1086//2356
f  1186//2357 1098//2358 1086//2359
f  1091//2166 1186//2360 1086//2159
f  1097//2361 1185//2355 1098//2354
f  1187//2362 1114//2194 1098//2173
f  1186//2357 1187//2363 1098//2358
f  1121//2205 1180//2338 1054//2109
f  1159//2315 892//2364 891//1893
f  1188//2365 1156//2283 1124//2208
f  1013//2033 1188//2365 1124//2208
f  1183//2349 1189//2366 1152//2275
f  1151//2273 1127//2211 1012//2031
f  1082//2367 1086//2368 1080//2369
f  1086//2370 1078//2371 1080//2372
f  1189//2366 1121//2205 1152//2275
f  1189//2366 1180//2338 1121//2205
f  965//2046 1190//2373 1167//2300
f  1078//2374 1129//2344 1073//2343
f  981//1979 1190//2375 965//1954
f  1185//2355 1078//2374 1086//2356
f  1191//2376 920//1881 1133//2229
f  1129//2377 1171//2378 1130//2379
f  1172//2380 1184//2350 1173//2352
f  1188//2381 1013//2032 1120//2204
f  1192//2382 1122//2206 1127//2211
f  1193//2383 1160//2287 972//1965
f  1137//2240 1193//2383 972//1965
f  1191//2376 1149//2271 920//1881
f  1168//2301 933//2384 1176//2317
f  1185//2355 1129//2344 1078//2374
f  1194//2385 1195//2386 994//1993
f  1097//2361 1129//2344 1185//2355
f  1129//2377 1196//2387 1171//2378
f  1197//2388 1172//2308 1171//2312
f  1196//2389 1197//2388 1171//2312
f  1123//2207 1194//2385 994//1993
f  968//2390 900//1981 902//2236
f  1085//2391 1078//2392 1073//2393
f  1075//2394 1085//2391 1073//2393
f  1174//2313 1198//2395 980//1974
f  1199//2396 981//2397 980//2398
f  1198//2399 1199//2396 980//2398
f  1199//2400 1190//2375 981//1979
f  1192//2382 1169//2302 1122//2206
f  1064//2401 1065//2402 1132//2403
f  1065//2402 1200//2404 1132//2403
f  914//1874 1125//2209 821//1706
f  1200//2405 1118//2198 1132//2227
f  1191//2376 1201//2406 1149//2271
f  887//2348 970//2407 903//2239
f  1162//2290 1134//2234 1055//2110
f  1192//2382 1202//2408 1169//2302
f  1093//2409 1099//2410 1095//2411
f  1099//2410 1097//2412 1095//2411
f  1117//2197 1157//2284 982//1980
f  1203//2413 1137//2240 1116//2196
f  1177//2320 1097//2361 1099//2414
f  1091//2415 1187//2416 1186//2417
f  1167//2300 1203//2413 1116//2196
f  1202//2408 1174//2314 1169//2302
f  1201//2406 1128//2212 1149//2271
f  1204//2418 1155//2282 1156//2283
f  1188//2365 1204//2418 1156//2283
f  1190//2373 1203//2413 1167//2300
f  1182//2347 1205//2419 1022//2045
f  1205//2419 1206//2420 1022//2045
f  1206//2420 1162//2290 1022//2045
f  1207//2421 1125//2209 914//1874
f  1161//2289 1208//2422 914//1874
f  1208//2422 1207//2421 914//1874
f  1177//2320 1129//2344 1097//2361
f  890//2016 950//2423 889//2017
f  950//2423 948//2424 889//2017
f  1126//2210 1194//2385 1123//2207
f  1107//2319 1129//2344 1177//2320
f  1175//2316 1194//2385 1126//2210
f  1209//2425 1181//2346 1010//2026
f  1011//2029 1209//2426 1010//2027
f  933//1903 1210//2427 1011//2028
f  1210//2428 1209//2426 1011//2029
f  1128//2212 1211//2429 1182//2347
f  1212//2430 1114//2194 1187//2362
f  1091//2415 1212//2431 1187//2416
f  933//2384 869//2432 1176//2317
f  1213//2433 1172//2380 1197//2434
f  1214//2435 1213//2433 1197//2434
f  1215//2436 1216//2437 1133//2229
f  977//2233 1215//2438 1133//2231
f  976//2439 1215//2438 977//2233
f  1217//2440 1175//2316 1134//2234
f  1213//2433 1184//2350 1172//2380
f  1159//2315 1158//2441 892//2364
f  1158//2441 1160//2442 892//2364
f  1160//2442 954//2443 892//2364
f  1103//2444 1151//2445 1178//2446
f  1151//2445 1179//2447 1178//2446
f  968//2390 978//2448 900//1981
f  1155//2282 933//2384 1168//2301
f  1195//2386 1218//2449 994//1993
f  1218//2449 1119//2199 994//1993
f  869//2432 853//2450 1176//2317
f  1217//2440 1134//2234 1162//2290
f  1118//2451 1219//2452 1165//2453
f  1219//2452 1164//2454 1165//2453
f  1166//2169 1118//2169 1165//2169
f  1017//2169 1118//2169 1166//2169
f  1220//2455 1017//2456 1166//2457
f  1067//2131 1220//2458 1166//2299
f  1200//2405 1219//2459 1118//2198
f  1220//2455 1014//2460 1017//2456
f  1084//2461 1076//2462 1077//2463
f  1019//2464 1084//2464 1077//2169
f  945//2169 1084//2464 1019//2464
f  1221//271 945//271 1019//271
f  1018//2041 1221//2465 1019//2042
f  1083//2156 1222//2466 1084//2157
f  1222//2467 1076//2462 1084//2461
f  1223//2468 946//1925 945//1924
f  1221//271 1223//271 945//271
f  1025//2469 1028//2470 1088//2471
f  1087//2472 1025//2469 1088//2471
f  1028//2473 1089//2474 1088//2475
f  1033//2476 1025//2477 1087//2478
f  1224//2479 1033//2476 1087//2478
f  1007//2022 1224//2480 1087//2162
f  1031//2481 1089//2474 1028//2473
f  1114//2482 1225//2483 1051//2484
f  1225//2483 1050//2485 1051//2484
f  951//2486 1051//2487 1053//2488
f  1052//2489 951//2490 1053//2491
f  951//2486 1114//2492 1051//2487
f  1212//2430 1226//2493 1114//2194
f  1226//2493 1225//2494 1114//2194
f  1052//2489 952//2495 951//2490
f  1227//2496 1105//2497 1104//2498
f  1198//2395 1227//2496 1104//2498
f  1199//2499 1198//2500 1104//2501
f  1102//2502 1199//2499 1104//2501
f  1115//2503 1199//2400 1102//2504
f  1174//2313 1227//2496 1198//2395
f  1228//2505 1190//2375 1199//2400
f  1115//2503 1228//2505 1199//2400
f  1229//2506 1214//2435 1197//2434
f  1218//2449 1209//2425 1119//2199
f  1210//2428 1120//2200 1119//2203
f  1209//2426 1210//2428 1119//2203
f  1210//2427 1204//2507 1120//2204
f  1204//2507 1188//2381 1120//2204
f  1180//2338 1230//2508 1161//2289
f  1151//2273 1231//2509 1127//2211
f  1231//2509 1192//2382 1127//2211
f  1111//2510 1112//2511 1106//2512
f  1112//2511 1107//2513 1106//2512
f  1196//2389 1232//2514 1197//2388
f  1233//2515 1229//2506 1197//2434
f  1232//2516 1233//2515 1197//2434
f  1234//2517 1059//2518 1153//2519
f  1235//2520 1211//2429 1128//2212
f  1201//2406 1235//2520 1128//2212
f  1194//2385 1218//2449 1195//2386
f  1170//2303 1236//2521 1183//2349
f  1204//2418 933//2384 1155//2282
f  995//2522 1129//2344 1107//2319
f  1112//2333 995//2522 1107//2319
f  1211//2429 1205//2419 1182//2347
f  905//2523 996//2524 872//2525
f  1237//2526 1230//2508 1180//2338
f  933//1903 1204//2507 1210//2427
f  996//2527 995//2522 872//1821
f  995//2528 1196//2387 1129//2377
f  1236//2521 1189//2366 1183//2349
f  1218//2449 1181//2346 1209//2425
f  872//1821 995//2522 1112//2333
f  1206//2420 1238//2529 1162//2290
f  1184//2350 1234//2530 1153//2353
f  1151//2445 1150//2531 1179//2447
f  1239//2532 1214//2435 1229//2506
f  1236//2521 1240//2533 1189//2366
f  1241//2534 1194//2385 1175//2316
f  1217//2440 1241//2534 1175//2316
f  1189//2366 1242//2535 1180//2338
f  1242//2535 1237//2526 1180//2338
f  1243//2536 1193//2383 1137//2240
f  1240//2533 1242//2535 1189//2366
f  1231//2509 1244//2537 1192//2382
f  1244//2537 1202//2408 1192//2382
f  1211//2429 1245//2538 1205//2419
f  1216//2437 1191//2376 1133//2229
f  1203//2413 1243//2536 1137//2240
f  1238//2529 1217//2440 1162//2290
f  1246//2539 1157//2284 1117//2197
f  1213//2433 1247//2540 1184//2350
f  910//1869 1248//2541 858//1768
f  1230//2508 1208//2422 1161//2289
f  1227//2542 1174//2314 1202//2408
f  1244//2537 1227//2542 1202//2408
f  1248//2541 824//1712 858//1768
f  1228//2543 1243//2536 1203//2413
f  1245//2538 1206//2420 1205//2419
f  1233//2515 1239//2532 1229//2506
f  1181//2346 1238//2529 910//1869
f  1246//2539 1170//2303 1157//2284
f  1190//2373 1228//2543 1203//2413
f  1103//2444 1231//2544 1151//2445
f  1194//2385 1241//2534 1218//2449
f  995//2545 1249//2546 1196//2547
f  1249//2546 1232//2548 1196//2547
f  1233//2515 885//1829 822//1707
f  1238//2529 1248//2541 910//1869
f  885//1829 1249//2549 995//1995
f  1250//2550 1245//2538 1211//2429
f  1160//2442 1193//2551 954//2443
f  1125//2209 1233//2515 822//1707
f  1246//2539 1236//2521 1170//2303
f  1251//2552 1234//2530 1184//2350
f  1191//2376 1252//2553 1201//2406
f  1206//2420 824//1712 1248//2541
f  1238//2529 1206//2420 1248//2541
f  1252//2553 1235//2520 1201//2406
f  1233//2515 1249//2549 885//1829
f  968//2390 1067//2554 978//2448
f  1015//2555 1067//2554 968//2390
f  1253//2556 1241//2534 1217//2440
f  1232//2516 1249//2549 1233//2515
f  1238//2529 1253//2556 1217//2440
f  1247//2540 1251//2552 1184//2350
f  1125//2209 1239//2532 1233//2515
f  946//2557 970//2407 887//2348
f  1206//2558 1245//2559 824//2560
f  1245//2559 1117//2561 824//2560
f  953//2562 1007//2563 948//2424
f  950//2423 953//2562 948//2424
f  1243//2564 1009//2565 954//2443
f  1193//2551 1243//2564 954//2443
f  1207//2421 1239//2532 1125//2209
f  1214//2435 1254//2566 1213//2433
f  1235//2520 1255//2567 1211//2429
f  1074//2568 1083//2569 1085//2391
f  1075//2394 1074//2568 1085//2391
f  1253//2556 1181//2346 1218//2449
f  1241//2534 1253//2556 1218//2449
f  1253//2556 1238//2529 1181//2346
f  976//2439 1256//2570 1215//2438
f  1091//2415 1226//2571 1212//2431
f  1251//2552 1257//2572 1234//2530
f  1258//2573 1255//2567 1235//2520
f  1252//2553 1258//2573 1235//2520
f  1254//2566 1247//2540 1213//2433
f  1255//2567 1250//2550 1211//2429
f  1259//2574 1214//2435 1239//2532
f  1257//2575 1163//2576 1234//2517
f  1163//2576 1059//2518 1234//2517
f  1018//2577 970//2407 946//2557
f  1245//2559 1246//2578 1117//2561
f  1208//2422 1259//2574 1207//2421
f  1259//2574 1239//2532 1207//2421
f  1103//2444 1244//2579 1231//2544
f  1260//2580 1245//2538 1250//2550
f  1255//2567 1260//2580 1250//2550
f  1259//2574 1254//2566 1214//2435
f  1090//2581 1226//2571 1091//2415
f  1105//2582 1244//2579 1103//2444
f  1243//2564 1115//2583 1009//2565
f  1261//2584 1191//2376 1216//2437
f  1215//2436 1261//2584 1216//2437
f  1245//2538 1236//2521 1246//2539
f  1105//2582 1227//2585 1244//2579
f  1164//2586 1200//2404 1065//2402
f  1228//2587 1115//2583 1243//2564
f  1035//2588 1041//2589 1226//2571
f  1041//2589 1225//2590 1226//2571
f  1090//2581 1035//2588 1226//2571
f  1262//2591 1257//2572 1251//2552
f  1230//2592 1263//2593 1208//2594
f  1263//2595 1259//2574 1208//2422
f  1164//2586 1219//2596 1200//2404
f  1254//2566 1251//2552 1247//2540
f  1049//2597 1007//2563 953//2562
f  1014//2598 1067//2554 1015//2555
f  1260//2580 1236//2521 1245//2538
f  1041//2589 1050//2599 1225//2590
f  952//2600 1052//2601 953//2562
f  1052//2601 1049//2597 953//2562
f  1049//2597 1037//2602 1007//2563
f  1261//2584 1252//2553 1191//2376
f  1089//2603 1031//2604 1090//2581
f  1031//2604 1035//2588 1090//2581
f  1076//2605 1222//2606 1083//2569
f  1074//2568 1076//2605 1083//2569
f  976//2607 1257//2608 1256//2609
f  1163//2610 1257//2611 976//2610
f  1037//2602 1033//2612 1007//2563
f  1033//2612 1224//2613 1007//2563
f  946//2557 1221//2614 1018//2577
f  1262//2591 1256//2615 1257//2572
f  1223//2616 1221//2614 946//2557
f  1261//2584 1258//2573 1252//2553
f  1264//2617 1254//2566 1259//2574
f  1260//2580 1240//2533 1236//2521
f  1220//2618 1067//2554 1014//2598
f  1265//2619 1260//2580 1255//2567
f  1258//2573 1265//2619 1255//2567
f  1237//2526 1263//2595 1230//2508
f  1256//2615 1262//2591 1215//2436
f  1260//2580 1265//2619 1240//2533
f  1262//2591 1261//2584 1215//2436
f  1263//2595 1144//2620 1259//2574
f  1144//2620 1264//2617 1259//2574
f  1265//2619 1242//2535 1240//2533
f  1264//2617 1251//2552 1254//2566
f  1266//2621 1265//2619 1258//2573
f  1148//2622 1144//2620 1263//2595
f  1242//2535 1263//2595 1237//2526
f  1267//2623 1258//2573 1261//2584
f  1267//2623 1266//2621 1258//2573
f  1265//2619 1263//2595 1242//2535
f  1145//2624 1146//2625 1265//2619
f  1266//2621 1145//2624 1265//2619
f  1268//2626 1264//2617 1144//2620
f  1146//2625 1148//2622 1265//2619
f  1148//2622 1263//2595 1265//2619
f  1262//2591 1269//2627 1261//2584
f  1141//2628 1145//2624 1266//2621
f  1264//2617 1262//2591 1251//2552
f  1140//2629 1268//2626 1144//2620
f  1268//2626 1262//2591 1264//2617
f  1140//2629 1141//2628 1266//2621
f  1269//2627 1267//2623 1261//2584
f  1266//2621 1268//2626 1140//2629
f  1268//2626 1269//2627 1262//2591
f  1267//2623 1268//2626 1266//2621
f  1269//2627 1268//2626 1267//2623
f  1270//2630 1271//2631 1272//2632
f  1271//2633 1273//2634 1272//2635
f  1274//2636 1275//2637 1276//2638
f  1277//2639 1274//2636 1276//2638
f  1275//2637 1278//2640 1276//2638
f  1278//2640 1277//2639 1276//2638
f  1273//2634 1279//2641 1272//2635
f  1277//2639 1280//2642 1274//2636
f  1281//2643 1272//2635 1279//2641
f  1282//2644 1275//2637 1274//2636
f  1273//2634 1283//2645 1279//2641
f  1284//2646 1277//2639 1278//2640
f  1285//2647 1284//2646 1278//2640
f  1270//2630 1286//2648 1271//2631
f  1277//2639 1281//2643 1279//2641
f  1287//2649 1278//2640 1275//2637
f  1288//2650 1270//2630 1272//2632
f  1281//2651 1288//2650 1272//2632
f  1289//2652 1277//2639 1279//2641
f  1283//2645 1289//2652 1279//2641
f  1289//2652 1280//2642 1277//2639
f  1284//2646 1281//2643 1277//2639
f  1282//2644 1290//2653 1275//2637
f  1291//2654 1282//2644 1274//2636
f  1280//2642 1291//2654 1274//2636
f  1292//2655 1289//2652 1283//2645
f  1287//2649 1293//2656 1278//2640
f  1293//2656 1285//2647 1278//2640
f  1290//2653 1287//2649 1275//2637
f  1292//2655 1291//2654 1280//2642
f  1289//2652 1292//2655 1280//2642
f  1291//2654 1294//2657 1282//2644
f  1286//2648 1295//2658 1271//2631
f  1295//2659 1273//2634 1271//2633
f  1290//2653 1296//2660 1287//2649
f  1284//2646 1297//2661 1281//2643
f  1298//2662 1288//2663 1281//2664
f  1299//2665 1298//2662 1281//2664
f  1300//2666 1294//2657 1291//2654
f  1295//2659 1283//2645 1273//2634
f  1301//2667 1302//2668 1285//2647
f  1303//2669 1300//2666 1291//2654
f  1304//2670 1305//2671 1306//2672
f  1307//2673 1304//2674 1306//2675
f  1288//2676 1308//2677 1270//2678
f  1295//2659 1309//2679 1283//2645
f  1309//2679 1292//2655 1283//2645
f  1292//2655 1303//2669 1291//2654
f  1310//2680 1286//2681 1270//2681
f  1308//2682 1310//2682 1270//2683
f  1309//2679 1311//2684 1292//2655
f  1293//2656 1301//2667 1285//2647
f  1311//2684 1303//2669 1292//2655
f  1307//2673 1312//2685 1304//2674
f  1312//2685 1313//2686 1304//2674
f  1314//2687 1310//2688 1308//2689
f  1288//2690 1315//2691 1308//2692
f  1315//2693 1314//2694 1308//2695
f  1316//2696 1307//2673 1306//2675
f  1317//2697 1316//2698 1306//2672
f  1305//2671 1317//2697 1306//2672
f  1318//2699 1297//2661 1284//2646
f  1319//2700 1320//2701 1321//2702
f  1322//2703 1304//2670 1321//2704
f  1304//2674 1319//2700 1321//2702
f  1313//2686 1323//2705 1304//2674
f  1302//2668 1324//2706 1285//2647
f  1324//2706 1284//2646 1285//2647
f  1323//2705 1319//2700 1304//2674
f  1304//2670 1325//2707 1305//2671
f  1320//2708 1322//2709 1321//2710
f  1326//2711 1290//2653 1282//2644
f  1327//2712 1298//2713 1299//2714
f  1328//2715 1327//2712 1299//2714
f  1322//2703 1288//2716 1304//2670
f  1329//2717 1325//2707 1304//2670
f  1288//2716 1329//2717 1304//2670
f  1330//2718 1293//2656 1287//2649
f  1286//2719 1310//2720 1314//2721
f  1325//2707 1317//2697 1305//2671
f  1320//2708 1331//2722 1322//2709
f  1331//2723 1288//2724 1322//2725
f  1314//2726 1332//2727 1333//2728
f  1333//2729 1286//2719 1314//2721
f  1334//2730 1332//2727 1314//2726
f  1335//2731 1334//2730 1314//2726
f  1336//2732 1301//2667 1293//2656
f  1331//2723 1337//2733 1288//2724
f  1338//2734 1286//2719 1333//2729
f  1332//2727 1339//2735 1333//2728
f  1340//2736 1299//2665 1281//2664
f  1341//2737 1340//2736 1281//2664
f  1297//2661 1341//2738 1281//2643
f  1326//2711 1296//2660 1290//2653
f  1342//2739 1315//2691 1288//2690
f  1337//2740 1342//2739 1288//2690
f  1343//2741 1286//2742 1338//2743
f  1343//2741 1344//2744 1286//2742
f  1344//2744 1345//2745 1286//2742
f  1294//2657 1346//2746 1282//2644
f  1339//2747 1338//2747 1333//2747
f  1347//2748 1348//2749 1302//2668
f  1348//2749 1324//2706 1302//2668
f  1349//2750 1307//2673 1316//2696
f  1301//2667 1347//2748 1302//2668
f  1298//2751 1329//2717 1288//2716
f  1298//2751 1350//2752 1329//2717
f  1324//2706 1318//2699 1284//2646
f  1351//2753 1347//2748 1301//2667
f  1330//2718 1336//2732 1293//2656
f  1340//2754 1352//2755 1328//2756
f  1299//2757 1340//2754 1328//2756
f  1353//2758 1327//2759 1328//2760
f  1352//2761 1353//2758 1328//2760
f  1354//2762 1316//2698 1317//2697
f  1355//2763 1354//2762 1317//2697
f  1356//2764 1357//2765 1325//2707
f  1329//2717 1356//2764 1325//2707
f  1326//2711 1358//2766 1296//2660
f  1294//2767 1312//2768 1307//2769
f  1350//2752 1359//2770 1329//2717
f  1346//2746 1326//2711 1282//2644
f  1360//2771 1317//2697 1325//2707
f  1357//2765 1360//2771 1325//2707
f  1354//2772 1349//2750 1316//2696
f  1307//2773 1346//2774 1294//2775
f  1342//2776 1314//2726 1315//2777
f  1343//2778 1338//2779 1339//2780
f  1332//2781 1343//2778 1339//2780
f  1361//2782 1355//2763 1317//2697
f  1358//2766 1330//2718 1296//2660
f  1330//2718 1287//2649 1296//2660
f  1294//2767 1300//2783 1312//2768
f  1300//2783 1313//2784 1312//2768
f  1342//2776 1335//2731 1314//2726
f  1353//2785 1362//2786 1327//2787
f  1362//2786 1298//2751 1327//2787
f  1336//2732 1351//2753 1301//2667
f  1362//2786 1363//2788 1298//2751
f  1363//2788 1350//2752 1298//2751
f  1364//2789 1295//2658 1286//2648
f  1345//2745 1364//2790 1286//2742
f  1349//2791 1346//2792 1307//2792
f  1365//2793 1360//2771 1357//2765
f  1348//2749 1318//2699 1324//2706
f  1360//2771 1361//2782 1317//2697
f  1366//2794 1348//2749 1347//2748
f  1367//2795 1351//2753 1336//2732
f  1368//2796 1356//2764 1329//2717
f  1359//2770 1368//2796 1329//2717
f  1351//2753 1366//2794 1347//2748
f  1369//2797 1358//2766 1326//2711
f  1363//2798 1370//2799 1350//2800
f  1370//2799 1371//2801 1350//2800
f  1372//2802 1336//2732 1330//2718
f  1346//2746 1373//2803 1326//2711
f  1356//2764 1365//2793 1357//2765
f  1358//2766 1374//2804 1330//2718
f  1375//2805 1340//2736 1341//2737
f  1297//2661 1376//2806 1341//2738
f  1376//2806 1375//2807 1341//2738
f  1377//2808 1359//2770 1350//2752
f  1371//2809 1377//2810 1350//2811
f  1378//2812 1361//2782 1360//2771
f  1379//2813 1360//2771 1365//2793
f  1362//2786 1380//2814 1363//2788
f  1380//2815 1370//2815 1363//2815
f  1303//2816 1313//2784 1300//2783
f  1381//2817 1340//2736 1375//2805
f  1382//2818 1383//2819 1362//2820
f  1384//2821 1383//2819 1382//2818
f  1351//2753 1385//2822 1366//2794
f  1374//2804 1372//2802 1330//2718
f  1386//2823 1384//2824 1382//2825
f  1381//2817 1387//2826 1340//2736
f  1387//2827 1352//2828 1340//2829
f  1387//2830 1353//2831 1352//2830
f  1388//2832 1389//2833 1390//2834
f  1389//2835 1391//2836 1390//2837
f  1389//2835 1392//2838 1391//2836
f  1393//2839 1380//2814 1362//2786
f  1383//2840 1393//2841 1362//2842
f  1362//2843 1394//2844 1382//2845
f  1394//2844 1395//2846 1382//2845
f  1395//2846 1386//2847 1382//2845
f  1356//2764 1396//2848 1365//2793
f  1397//2849 1388//2850 1390//2851
f  1391//2852 1397//2849 1390//2851
f  1392//2853 1397//2854 1391//2855
f  1398//2856 1378//2812 1360//2771
f  1379//2813 1398//2856 1360//2771
f  1375//2807 1399//2857 1381//2858
f  1373//2803 1400//2859 1326//2711
f  1400//2859 1369//2797 1326//2711
f  1372//2802 1367//2795 1336//2732
f  1373//2860 1346//2861 1349//2862
f  1348//2749 1401//2863 1318//2699
f  1396//2848 1379//2813 1365//2793
f  1318//2699 1376//2806 1297//2661
f  1402//2864 1354//2762 1355//2763
f  1344//2865 1343//2778 1332//2781
f  1334//2866 1344//2865 1332//2781
f  1403//2867 1394//2868 1362//2869
f  1353//2785 1403//2870 1362//2786
f  1404//2871 1356//2764 1368//2796
f  1405//2872 1348//2749 1366//2794
f  1406//2873 1405//2872 1366//2794
f  1394//2874 1407//2875 1395//2876
f  1403//2867 1408//2877 1394//2868
f  1408//2877 1409//2878 1394//2868
f  1409//2878 1410//2879 1394//2868
f  1385//2822 1406//2873 1366//2794
f  1411//2880 1349//2750 1354//2772
f  1402//2864 1411//2881 1354//2762
f  1412//2882 1407//2875 1394//2874
f  1361//2782 1402//2864 1355//2763
f  1367//2795 1413//2883 1351//2753
f  1413//2883 1385//2822 1351//2753
f  1414//2884 1396//2848 1356//2764
f  1353//2785 1387//2885 1403//2870
f  1388//2886 1368//2887 1359//2888
f  1389//2833 1388//2832 1359//2889
f  1397//2890 1368//2887 1388//2886
f  1392//2853 1368//2891 1397//2854
f  1303//2816 1323//2892 1313//2784
f  1392//2853 1404//2893 1368//2891
f  1410//2894 1412//2895 1394//2896
f  1381//2897 1415//2898 1387//2899
f  1369//2797 1416//2900 1358//2766
f  1416//2900 1374//2804 1358//2766
f  1417//2901 1386//2847 1395//2846
f  1407//2902 1417//2902 1395//2903
f  1418//2904 1408//2905 1403//2906
f  1387//2907 1419//2908 1403//2909
f  1419//2908 1418//2910 1403//2909
f  1420//2911 1421//2912 1422//2913
f  1421//2914 1423//2915 1422//2916
f  1421//2914 1424//2917 1423//2915
f  1425//2918 1367//2795 1372//2802
f  1426//2919 1420//2920 1422//2921
f  1423//2922 1426//2919 1422//2921
f  1424//2923 1426//2924 1423//2925
f  1377//2808 1427//2926 1359//2770
f  1427//2927 1389//2833 1359//2889
f  1400//2859 1416//2900 1369//2797
f  1428//2928 1379//2813 1396//2848
f  1429//2929 1376//2806 1318//2699
f  1374//2804 1430//2930 1372//2802
f  1376//2806 1431//2931 1375//2807
f  1405//2872 1432//2932 1348//2749
f  1432//2932 1401//2863 1348//2749
f  1425//2918 1413//2883 1367//2795
f  1427//2933 1392//2934 1389//2935
f  1427//2933 1404//2936 1392//2934
f  1404//2871 1433//2937 1356//2764
f  1433//2937 1414//2884 1356//2764
f  1378//2812 1434//2938 1361//2782
f  1434//2938 1402//2864 1361//2782
f  1431//2931 1399//2857 1375//2807
f  1398//2856 1435//2939 1378//2812
f  1323//2705 1436//2940 1319//2700
f  1436//2940 1320//2701 1319//2700
f  1421//2912 1420//2911 1408//2941
f  1420//2942 1409//2943 1408//2944
f  1426//2945 1409//2943 1420//2942
f  1424//2923 1409//2946 1426//2924
f  1429//2929 1431//2931 1376//2806
f  1409//2878 1437//2947 1410//2879
f  1433//2937 1404//2871 1427//2926
f  1377//2808 1433//2937 1427//2926
f  1428//2928 1438//2948 1379//2813
f  1414//2884 1428//2928 1396//2848
f  1438//2948 1398//2856 1379//2813
f  1439//2949 1437//2947 1409//2878
f  1424//2923 1439//2950 1409//2946
f  1430//2930 1425//2918 1372//2802
f  1334//2951 1345//2952 1344//2953
f  1418//2904 1440//2954 1408//2905
f  1415//2955 1419//2956 1387//2957
f  1335//2958 1345//2952 1334//2951
f  1311//2959 1323//2892 1303//2816
f  1441//2960 1410//2961 1437//2962
f  1442//2963 1441//2963 1437//2963
f  1407//2964 1412//2965 1441//2960
f  1443//2169 1407//2964 1441//2960
f  1412//2965 1410//2961 1441//2960
f  1444//271 1443//271 1441//271
f  1442//271 1444//271 1441//271
f  1407//2964 1386//2966 1417//2967
f  1443//2169 1384//2968 1407//2964
f  1384//2968 1386//2966 1407//2964
f  1443//2169 1383//2969 1384//2968
f  1370//2970 1393//2971 1383//2969
f  1443//2169 1370//2970 1383//2969
f  1370//2970 1380//2972 1393//2971
f  1443//2169 1371//2169 1370//2970
f  1443//573 1445//600 1371//2809
f  1445//600 1446//2973 1371//2809
f  1446//2973 1433//2974 1371//2809
f  1433//2974 1377//2810 1371//2809
f  1444//573 1445//600 1443//573
f  1447//2975 1381//2858 1399//2857
f  1435//2939 1434//2938 1378//2812
f  1448//2976 1405//2872 1406//2873
f  1401//2863 1429//2929 1318//2699
f  1337//2740 1364//2977 1342//2739
f  1364//2978 1335//2979 1342//2980
f  1439//2981 1424//2982 1421//2983
f  1408//2984 1439//2981 1421//2983
f  1449//2985 1406//2873 1385//2822
f  1450//2986 1373//2987 1349//2986
f  1411//2880 1450//2988 1349//2750
f  1447//2989 1415//2898 1381//2897
f  1364//2978 1345//2990 1335//2979
f  1311//2959 1436//2991 1323//2892
f  1440//2992 1439//2949 1408//2877
f  1430//2930 1451//2993 1425//2918
f  1331//2994 1320//2995 1337//2996
f  1440//2992 1437//2947 1439//2949
f  1416//2900 1452//2997 1374//2804
f  1452//2997 1430//2930 1374//2804
f  1453//2998 1295//2658 1364//2789
f  1320//2995 1454//2999 1337//2996
f  1454//2999 1364//3000 1337//2996
f  1454//3001 1453//3002 1364//3003
f  1455//3004 1454//3005 1320//3006
f  1456//3007 1455//3004 1320//3006
f  1455//3008 1453//3002 1454//3001
f  1436//2940 1456//3009 1320//2701
f  1457//3010 1452//2997 1416//2900
f  1440//2992 1458//3011 1437//2947
f  1459//3012 1442//3013 1437//3014
f  1458//3015 1459//3012 1437//3014
f  1459//3012 1444//566 1442//3013
f  1460//3016 1459//3017 1458//3018
f  1460//3019 1461//3019 1459//3020
f  1459//3021 1462//3022 1463//3023
f  1462//3024 1464//3025 1463//3026
f  1464//3027 1459//3012 1463//3028
f  1461//3029 1462//3022 1459//3021
f  1465//3030 1444//566 1459//3012
f  1464//3027 1465//3030 1459//3012
f  1466//3031 1465//3032 1464//3033
f  1466//3034 1467//3035 1465//3036
f  1467//3035 1468//3037 1465//3036
f  1468//3038 1444//566 1465//3030
f  1469//3039 1468//3038 1470//3040
f  1467//3041 1470//3042 1468//3043
f  1469//3039 1471//3044 1468//3038
f  1471//3044 1444//566 1468//3038
f  1472//3045 1471//3046 1469//3047
f  1472//3048 1473//3049 1471//3050
f  1473//3049 1445//3051 1471//3050
f  1445//566 1444//566 1471//3044
f  1473//573 1446//2973 1445//600
f  1400//2859 1457//3010 1416//2900
f  1452//2997 1474//3052 1430//2930
f  1440//2992 1475//3053 1458//3011
f  1475//3054 1460//3016 1458//3018
f  1413//2883 1449//2985 1385//2822
f  1438//2948 1435//2939 1398//2856
f  1476//3055 1472//3045 1469//3047
f  1309//3056 1477//3057 1311//2959
f  1478//3058 1428//2928 1414//2884
f  1451//2993 1479//3059 1425//2918
f  1477//3057 1436//2991 1311//2959
f  1470//3060 1480//3061 1469//3062
f  1480//3061 1476//3063 1469//3062
f  1474//3052 1451//2993 1430//2930
f  1479//3059 1413//2883 1425//2918
f  1467//3041 1480//3064 1470//3042
f  1455//3065 1295//3066 1453//3066
f  1481//3067 1466//3031 1464//3033
f  1462//3024 1481//3068 1464//3025
f  1479//3059 1449//2985 1413//2883
f  1482//3069 1411//2881 1402//2864
f  1433//2937 1478//3058 1414//2884
f  1448//2976 1483//3070 1405//2872
f  1309//3071 1295//3072 1455//3073
f  1449//2985 1448//2976 1406//2873
f  1478//3058 1484//3074 1428//2928
f  1434//2938 1482//3069 1402//2864
f  1484//3074 1485//3075 1428//2928
f  1401//2863 1486//3076 1429//2929
f  1456//3077 1309//3071 1455//3073
f  1487//3078 1472//3045 1476//3055
f  1488//3079 1460//3016 1475//3054
f  1477//3080 1456//3077 1436//3081
f  1485//3075 1438//2948 1428//2928
f  1489//3082 1435//2939 1438//2948
f  1490//3083 1415//2898 1447//2989
f  1309//3071 1456//3077 1477//3080
f  1432//2932 1486//3076 1401//2863
f  1491//3084 1434//2938 1435//2939
f  1440//2992 1492//3085 1475//3053
f  1492//3085 1488//3086 1475//3053
f  1483//3070 1432//2932 1405//2872
f  1467//3041 1493//3087 1480//3064
f  1491//3084 1482//3069 1434//2938
f  1494//3088 1466//3031 1481//3067
f  1462//3024 1495//3089 1481//3068
f  1418//2904 1492//3090 1440//2954
f  1490//3091 1419//2956 1415//2955
f  1485//3075 1489//3082 1438//2948
f  1489//3082 1496//3092 1435//2939
f  1496//3092 1497//3093 1435//2939
f  1497//3093 1491//3084 1435//2939
f  1400//2859 1498//3094 1457//3010
f  1433//2937 1499//3095 1478//3058
f  1500//3096 1501//3097 1450//3098
f  1501//3097 1373//3099 1450//3098
f  1411//2880 1500//3100 1450//2988
f  1501//3101 1400//2859 1373//2803
f  1502//3102 1498//3094 1400//2859
f  1479//3059 1503//3103 1449//2985
f  1501//3101 1502//3102 1400//2859
f  1451//2993 1504//3104 1479//3059
f  1480//3061 1505//3105 1476//3063
f  1505//3105 1506//3106 1476//3063
f  1506//3107 1487//3078 1476//3055
f  1486//3076 1431//2931 1429//2929
f  1486//3076 1507//3108 1431//2931
f  1474//3052 1508//3109 1451//2993
f  1507//3108 1509//3110 1431//2931
f  1509//3110 1399//2857 1431//2931
f  1461//3029 1495//3111 1462//3022
f  1510//3112 1494//3088 1481//3067
f  1495//3089 1510//3113 1481//3068
f  1511//3114 1500//3100 1411//2880
f  1482//3069 1511//3115 1411//2881
f  1512//3116 1513//3117 1448//2976
f  1513//3117 1483//3070 1448//2976
f  1509//3110 1447//2975 1399//2857
f  1514//3118 1515//3119 1484//3074
f  1515//3119 1485//3075 1484//3074
f  1478//3058 1514//3118 1484//3074
f  1513//3117 1516//3120 1483//3070
f  1489//3082 1517//3121 1496//3092
f  1508//3109 1504//3104 1451//2993
f  1518//3122 1452//2997 1457//3010
f  1498//3094 1518//3122 1457//3010
f  1519//3123 1510//3113 1495//3089
f  1520//3124 1521//3125 1514//3126
f  1478//3127 1520//3124 1514//3126
f  1520//3128 1522//3129 1521//3130
f  1493//3087 1505//3131 1480//3064
f  1446//2973 1499//3132 1433//2974
f  1518//3122 1474//3052 1452//2997
f  1522//3129 1523//3133 1521//3130
f  1509//3134 1490//3083 1447//2989
f  1461//3135 1460//3136 1488//3137
f  1492//3085 1524//3138 1488//3086
f  1495//3139 1461//3135 1488//3137
f  1524//3138 1519//3123 1488//3086
f  1519//3123 1495//3089 1488//3086
f  1493//3140 1466//3141 1494//3142
f  1493//3140 1467//3143 1466//3141
f  1446//3144 1472//3145 1487//3146
f  1446//3144 1473//3147 1472//3145
f  1483//3070 1525//3148 1432//2932
f  1499//3095 1526//3149 1478//3058
f  1527//3150 1482//3069 1491//3084
f  1497//3093 1527//3150 1491//3084
f  1528//3151 1507//3108 1486//3076
f  1529//3152 1522//3129 1520//3128
f  1478//3153 1529//3154 1520//3155
f  1523//3133 1530//3156 1521//3130
f  1530//3157 1514//3158 1521//3159
f  1530//3157 1515//3160 1514//3158
f  1528//3151 1486//3076 1432//2932
f  1525//3148 1528//3151 1432//2932
f  1531//3161 1532//3162 1533//3163
f  1518//3122 1508//3109 1474//3052
f  1534//3164 1516//3165 1533//3166
f  1516//3165 1513//3167 1533//3166
f  1532//3162 1534//3168 1533//3163
f  1513//3169 1535//3170 1533//3171
f  1535//3172 1531//3161 1533//3163
f  1512//3173 1535//3170 1513//3169
f  1526//3174 1529//3154 1478//3153
f  1504//3104 1503//3103 1479//3059
f  1502//3102 1536//3175 1498//3094
f  1537//3176 1512//3116 1448//2976
f  1531//3177 1523//3178 1532//3179
f  1523//3178 1522//3180 1532//3179
f  1517//3121 1538//3181 1496//3092
f  1449//2985 1537//3176 1448//2976
f  1539//3182 1522//3129 1529//3152
f  1540//3183 1489//3082 1485//3075
f  1541//3184 1540//3183 1485//3075
f  1542//3185 1543//3186 1483//3070
f  1516//3120 1542//3185 1483//3070
f  1544//3187 1516//3188 1534//3189
f  1532//3162 1544//3190 1534//3168
f  1512//3191 1545//3192 1535//3193
f  1545//3194 1531//3161 1535//3172
f  1510//3112 1546//3195 1494//3088
f  1547//3196 1493//3197 1494//3198
f  1546//3199 1547//3196 1494//3198
f  1547//3200 1548//3201 1493//3087
f  1548//3201 1549//3202 1493//3087
f  1549//3202 1550//3203 1493//3087
f  1550//3203 1505//3131 1493//3087
f  1551//3204 1446//3205 1487//3206
f  1552//3207 1551//3204 1487//3206
f  1506//3107 1552//3208 1487//3078
f  1551//3209 1553//3210 1446//2973
f  1553//3210 1499//3132 1446//2973
f  1554//3211 1527//3150 1497//3093
f  1555//3212 1544//3190 1532//3162
f  1522//3213 1555//3214 1532//3215
f  1539//3216 1555//3214 1522//3213
f  1556//3217 1557//3218 1519//3219
f  1558//3220 1537//3176 1449//2985
f  1482//3069 1559//3221 1511//3115
f  1524//3138 1560//3222 1519//3123
f  1560//3222 1556//3223 1519//3123
f  1545//3194 1561//3224 1531//3161
f  1561//3225 1562//3226 1531//3227
f  1562//3226 1523//3228 1531//3227
f  1563//3229 1530//3156 1523//3133
f  1562//3230 1563//3229 1523//3133
f  1519//3123 1564//3231 1510//3113
f  1496//3092 1554//3211 1497//3093
f  1536//3175 1518//3122 1498//3094
f  1527//3150 1559//3221 1482//3069
f  1557//3218 1564//3232 1519//3219
f  1543//3186 1525//3148 1483//3070
f  1508//3109 1565//3233 1504//3104
f  1536//3175 1566//3234 1518//3122
f  1567//3235 1544//3190 1555//3212
f  1529//3152 1568//3236 1539//3182
f  1569//3237 1545//3238 1512//3238
f  1537//3176 1569//3239 1512//3116
f  1544//3187 1570//3240 1516//3188
f  1570//3241 1542//3185 1516//3120
f  1540//3183 1517//3121 1489//3082
f  1526//3242 1568//3243 1529//3244
f  1563//3245 1515//3246 1530//3247
f  1563//3245 1571//3248 1515//3246
f  1503//3103 1558//3220 1449//2985
f  1545//3194 1567//3235 1561//3224
f  1567//3235 1555//3212 1561//3224
f  1555//3249 1539//3250 1561//3251
f  1539//3250 1562//3252 1561//3251
f  1539//3182 1563//3229 1562//3230
f  1538//3181 1554//3211 1496//3092
f  1572//3253 1573//3254 1492//3085
f  1573//3254 1524//3138 1492//3085
f  1515//3119 1541//3184 1485//3075
f  1568//3236 1563//3229 1539//3182
f  1566//3234 1574//3255 1518//3122
f  1504//3104 1575//3256 1503//3103
f  1573//3257 1560//3258 1524//3259
f  1418//2904 1572//3260 1492//3090
f  1576//3261 1419//2956 1490//3091
f  1509//3134 1576//3262 1490//3083
f  1567//3263 1570//3264 1544//3265
f  1569//3266 1567//3267 1545//3268
f  1575//3256 1558//3220 1503//3103
f  1571//3269 1541//3184 1515//3119
f  1574//3255 1508//3109 1518//3122
f  1567//3263 1569//3270 1570//3264
f  1569//3239 1542//3185 1570//3241
f  1537//3176 1542//3185 1569//3239
f  1577//3271 1568//3243 1526//3242
f  1499//3095 1577//3272 1526//3149
f  1574//3255 1578//3273 1508//3109
f  1579//3274 1576//3262 1509//3134
f  1580//3275 1528//3151 1525//3148
f  1576//3261 1581//3276 1419//2956
f  1581//3277 1582//3278 1419//2908
f  1582//3278 1418//2910 1419//2908
f  1582//3279 1572//3260 1418//2904
f  1563//3280 1577//3281 1571//3281
f  1577//3272 1541//3184 1571//3269
f  1578//3273 1565//3233 1508//3109
f  1577//3282 1563//3283 1568//3284
f  1583//3285 1536//3175 1502//3102
f  1501//3101 1583//3285 1502//3102
f  1580//3275 1507//3108 1528//3151
f  1580//3275 1584//3286 1507//3108
f  1584//3286 1509//3110 1507//3108
f  1538//3181 1585//3287 1554//3211
f  1557//3218 1586//3288 1564//3232
f  1565//3233 1575//3256 1504//3104
f  1587//3289 1542//3185 1537//3176
f  1550//3290 1506//3106 1505//3105
f  1584//3286 1579//3291 1509//3110
f  1554//3211 1588//3292 1527//3150
f  1588//3292 1559//3221 1527//3150
f  1589//3293 1500//3100 1511//3114
f  1559//3221 1589//3294 1511//3115
f  1517//3121 1590//3295 1538//3181
f  1591//3296 1517//3121 1540//3183
f  1558//3220 1592//3297 1537//3176
f  1593//3298 1592//3297 1558//3220
f  1585//3287 1588//3292 1554//3211
f  1594//3299 1595//3300 1500//3301
f  1595//3300 1501//3302 1500//3301
f  1589//3293 1594//3303 1500//3100
f  1595//3304 1583//3285 1501//3101
f  1591//3296 1590//3295 1517//3121
f  1543//3186 1596//3305 1525//3148
f  1596//3305 1580//3275 1525//3148
f  1553//3306 1597//3307 1577//3272
f  1499//3095 1553//3306 1577//3272
f  1597//3307 1541//3184 1577//3272
f  1583//3285 1598//3308 1536//3175
f  1590//3295 1585//3287 1538//3181
f  1599//3309 1572//3260 1582//3279
f  1564//3231 1600//3310 1510//3113
f  1600//3311 1546//3195 1510//3112
f  1575//3256 1593//3298 1558//3220
f  1598//3308 1566//3234 1536//3175
f  1601//3312 1579//3291 1584//3286
f  1602//3313 1589//3294 1559//3221
f  1603//3314 1574//3255 1566//3234
f  1598//3308 1603//3314 1566//3234
f  1586//3315 1600//3310 1564//3231
f  1572//3253 1604//3316 1573//3254
f  1604//3317 1560//3258 1573//3257
f  1588//3292 1602//3313 1559//3221
f  1603//3314 1605//3318 1574//3255
f  1599//3319 1604//3316 1572//3253
f  1601//3320 1606//3321 1576//3262
f  1579//3274 1601//3320 1576//3262
f  1606//3322 1581//3276 1576//3261
f  1605//3318 1578//3273 1574//3255
f  1607//3323 1506//3106 1550//3290
f  1605//3318 1608//3324 1578//3273
f  1607//3325 1552//3208 1506//3107
f  1609//3326 1540//3183 1541//3184
f  1608//3324 1565//3233 1578//3273
f  1610//3327 1588//3292 1585//3287
f  1611//3328 1591//3296 1540//3183
f  1609//3326 1611//3328 1540//3183
f  1592//3297 1612//3329 1537//3176
f  1612//3329 1587//3289 1537//3176
f  1565//3233 1613//3330 1575//3256
f  1596//3305 1584//3286 1580//3275
f  1614//3331 1543//3186 1542//3185
f  1591//3296 1615//3332 1590//3295
f  1616//3333 1609//3326 1541//3184
f  1597//3307 1616//3333 1541//3184
f  1553//3306 1617//3334 1597//3307
f  1583//3285 1618//3335 1598//3308
f  1596//3305 1619//3336 1584//3286
f  1618//3335 1603//3314 1598//3308
f  1619//3336 1601//3312 1584//3286
f  1620//3337 1594//3303 1589//3293
f  1621//3338 1620//3339 1589//3294
f  1602//3313 1621//3338 1589//3294
f  1551//3209 1622//3340 1553//3210
f  1622//3341 1617//3334 1553//3306
f  1623//3342 1621//3338 1602//3313
f  1588//3292 1623//3342 1602//3313
f  1610//3327 1623//3342 1588//3292
f  1542//3343 1624//3344 1625//3345
f  1626//3346 1627//3347 1625//3348
f  1624//3349 1626//3346 1625//3348
f  1628//3350 1626//3351 1624//3352
f  1629//3353 1630//3354 1624//3352
f  1630//3354 1628//3350 1624//3352
f  1542//3343 1629//3355 1624//3344
f  1587//3356 1629//3355 1542//3343
f  1631//3357 1632//3358 1629//3359
f  1587//3356 1631//3360 1629//3355
f  1633//3361 1630//3354 1629//3353
f  1632//3358 1633//3362 1629//3359
f  1627//3363 1614//3364 1625//3365
f  1614//3364 1542//3366 1625//3365
f  1587//3367 1632//3368 1631//3369
f  1549//3370 1607//3323 1550//3290
f  1634//3371 1613//3330 1565//3233
f  1608//3324 1634//3371 1565//3233
f  1590//3295 1635//3372 1585//3287
f  1635//3372 1610//3327 1585//3287
f  1606//3322 1636//3373 1581//3276
f  1636//3373 1637//3374 1581//3276
f  1637//3375 1638//3376 1581//3277
f  1638//3376 1582//3278 1581//3277
f  1638//3377 1599//3309 1582//3279
f  1615//3332 1635//3372 1590//3295
f  1612//3378 1632//3368 1587//3367
f  1639//3379 1593//3298 1575//3256
f  1613//3330 1639//3379 1575//3256
f  1640//3380 1617//3381 1641//3382
f  1642//3383 1640//3384 1641//3385
f  1640//3380 1597//3386 1617//3381
f  1611//3328 1615//3332 1591//3296
f  1643//3387 1600//3310 1586//3315
f  1643//3388 1546//3195 1600//3311
f  1626//3389 1614//3389 1627//3390
f  1644//3391 1614//3392 1626//3393
f  1628//3350 1644//3394 1626//3351
f  1612//3395 1633//3395 1632//3395
f  1645//3396 1646//3397 1633//3361
f  1646//3397 1630//3354 1633//3361
f  1612//3398 1645//3399 1633//3400
f  1647//3401 1642//3383 1641//3385
f  1648//3402 1641//3403 1617//3404
f  1648//3405 1647//3401 1641//3385
f  1640//3406 1649//3407 1597//3408
f  1650//3409 1649//3407 1640//3406
f  1651//3410 1650//3411 1640//3384
f  1642//3383 1651//3410 1640//3384
f  1642//3412 1628//3413 1630//3414
f  1642//3415 1647//3416 1628//3417
f  1652//3418 1583//3285 1595//3304
f  1630//3419 1651//3420 1642//3421
f  1592//3297 1653//3422 1612//3329
f  1653//3422 1654//3423 1612//3329
f  1655//3424 1656//3425 1614//3331
f  1656//3425 1543//3186 1614//3331
f  1657//3426 1596//3305 1543//3186
f  1656//3425 1657//3426 1543//3186
f  1658//3427 1644//3394 1628//3350
f  1647//3428 1658//3429 1628//3430
f  1646//3431 1651//3432 1630//3433
f  1652//3418 1618//3335 1583//3285
f  1601//3320 1636//3434 1606//3321
f  1593//3298 1659//3435 1592//3297
f  1659//3435 1660//3436 1592//3297
f  1661//3437 1560//3258 1604//3317
f  1662//3438 1604//3316 1599//3319
f  1638//3377 1662//3439 1599//3309
f  1649//3440 1616//3333 1597//3307
f  1663//3441 1648//3402 1617//3404
f  1622//3341 1663//3442 1617//3334
f  1635//3372 1664//3443 1610//3327
f  1608//3324 1665//3444 1634//3371
f  1664//3443 1623//3342 1610//3327
f  1666//3445 1665//3444 1608//3324
f  1605//3318 1666//3445 1608//3324
f  1667//3446 1666//3445 1605//3318
f  1603//3314 1667//3446 1605//3318
f  1652//3418 1668//3447 1618//3335
f  1618//3335 1668//3447 1603//3314
f  1668//3447 1667//3446 1603//3314
f  1654//3448 1645//3449 1612//3449
f  1644//3391 1655//3450 1614//3392
f  1669//3451 1636//3434 1601//3320
f  1619//3336 1670//3452 1601//3312
f  1670//3452 1669//3453 1601//3312
f  1648//3405 1671//3454 1647//3401
f  1671//3455 1658//3456 1647//3456
f  1672//3457 1644//3394 1658//3427
f  1671//3454 1650//3411 1651//3410
f  1646//3458 1671//3459 1651//3460
f  1673//3461 1607//3323 1549//3370
f  1674//3462 1658//3427 1646//3397
f  1645//3396 1674//3462 1646//3397
f  1658//3463 1671//3464 1646//3465
f  1648//3405 1650//3411 1671//3454
f  1674//3462 1672//3457 1658//3427
f  1673//3466 1552//3208 1607//3325
f  1657//3426 1619//3336 1596//3305
f  1639//3379 1659//3435 1593//3298
f  1675//3467 1655//3468 1676//3469
f  1655//3470 1644//3470 1676//3470
f  1672//3471 1675//3472 1676//3473
f  1644//3474 1672//3471 1676//3473
f  1677//3475 1674//3476 1678//3477
f  1645//3478 1654//3479 1678//3478
f  1674//3480 1645//3481 1678//3480
f  1654//3482 1677//3483 1678//3484
f  1613//3330 1679//3485 1639//3379
f  1649//3486 1648//3487 1663//3488
f  1616//3333 1649//3440 1663//3442
f  1622//3341 1616//3333 1663//3442
f  1649//3486 1650//3489 1648//3487
f  1609//3326 1680//3490 1611//3328
f  1681//3491 1677//3483 1654//3482
f  1653//3422 1681//3492 1654//3423
f  1675//3467 1682//3493 1655//3468
f  1682//3494 1656//3425 1655//3424
f  1683//3495 1679//3485 1613//3330
f  1634//3371 1683//3495 1613//3330
f  1684//3496 1664//3443 1635//3372
f  1685//3497 1652//3418 1595//3304
f  1594//3498 1685//3499 1595//3499
f  1686//3500 1685//3501 1594//3502
f  1620//3337 1686//3503 1594//3303
f  1665//3444 1683//3495 1634//3371
f  1653//3422 1656//3425 1682//3494
f  1675//3504 1672//3505 1682//3506
f  1674//3507 1681//3508 1672//3505
f  1681//3508 1682//3506 1672//3505
f  1681//3492 1653//3422 1682//3494
f  1677//3509 1681//3508 1674//3507
f  1687//3510 1621//3338 1623//3342
f  1688//3511 1670//3452 1619//3336
f  1657//3426 1688//3511 1619//3336
f  1687//3510 1620//3339 1621//3338
f  1669//3451 1689//3512 1636//3434
f  1690//3513 1643//3387 1586//3315
f  1691//3514 1692//3515 1656//3425
f  1692//3515 1657//3426 1656//3425
f  1690//3513 1693//3516 1643//3387
f  1694//3517 1691//3514 1656//3425
f  1695//3518 1668//3447 1652//3418
f  1653//3422 1694//3517 1656//3425
f  1695//3518 1667//3446 1668//3447
f  1660//3436 1653//3422 1592//3297
f  1557//3519 1690//3513 1586//3315
f  1661//3520 1604//3316 1662//3438
f  1551//3209 1696//3521 1622//3340
f  1696//3522 1616//3333 1622//3341
f  1693//3516 1697//3523 1643//3387
f  1698//3524 1684//3496 1635//3372
f  1689//3525 1637//3374 1636//3373
f  1680//3490 1615//3332 1611//3328
f  1665//3444 1699//3526 1683//3495
f  1700//3527 1623//3342 1664//3443
f  1684//3496 1700//3527 1664//3443
f  1680//3490 1698//3524 1615//3332
f  1698//3524 1635//3372 1615//3332
f  1690//3528 1701//3529 1693//3530
f  1702//3531 1703//3532 1701//3533
f  1657//3426 1692//3515 1688//3511
f  1700//3527 1704//3534 1623//3342
f  1704//3534 1687//3510 1623//3342
f  1705//3535 1699//3526 1665//3444
f  1666//3445 1705//3535 1665//3444
f  1706//3536 1702//3531 1701//3533
f  1690//3528 1706//3537 1701//3529
f  1703//3532 1707//3538 1701//3533
f  1707//3539 1697//3540 1701//3541
f  1697//3540 1693//3542 1701//3541
f  1679//3485 1659//3435 1639//3379
f  1708//3543 1690//3513 1557//3519
f  1704//3534 1709//3544 1687//3510
f  1709//3544 1620//3339 1687//3510
f  1709//3545 1686//3503 1620//3337
f  1667//3446 1705//3535 1666//3445
f  1710//3546 1705//3535 1667//3446
f  1695//3518 1710//3546 1667//3446
f  1690//3547 1708//3548 1706//3549
f  1711//3550 1712//3551 1691//3552
f  1713//3553 1712//3554 1711//3555
f  1689//3525 1714//3556 1637//3374
f  1714//3557 1715//3558 1637//3375
f  1715//3558 1638//3376 1637//3375
f  1715//3559 1662//3439 1638//3377
f  1691//3514 1716//3560 1692//3515
f  1716//3560 1717//3561 1692//3515
f  1713//3553 1718//3562 1712//3554
f  1691//3563 1694//3564 1711//3565
f  1719//3566 1695//3518 1652//3418
f  1719//3566 1710//3546 1695//3518
f  1716//3567 1691//3568 1712//3568
f  1694//3569 1720//3570 1711//3571
f  1721//3572 1713//3553 1711//3555
f  1720//3573 1721//3572 1711//3555
f  1722//3574 1689//3512 1669//3451
f  1723//3575 1722//3574 1669//3451
f  1670//3452 1723//3576 1669//3453
f  1698//3524 1724//3577 1684//3496
f  1703//3578 1718//3579 1713//3580
f  1702//3581 1718//3579 1703//3578
f  1697//3523 1725//3582 1643//3387
f  1725//3582 1726//3583 1643//3387
f  1726//3584 1546//3195 1643//3388
f  1727//3585 1616//3333 1696//3522
f  1685//3497 1728//3586 1652//3418
f  1728//3586 1719//3566 1652//3418
f  1727//3585 1729//3587 1616//3333
f  1730//3588 1731//3589 1653//3422
f  1731//3589 1694//3517 1653//3422
f  1732//3590 1702//3531 1706//3536
f  1708//3591 1732//3592 1706//3593
f  1703//3532 1733//3594 1707//3538
f  1733//3595 1725//3596 1707//3597
f  1725//3596 1697//3598 1707//3597
f  1721//3599 1703//3600 1713//3600
f  1734//3601 1712//3554 1718//3562
f  1702//3602 1734//3603 1718//3604
f  1729//3587 1735//3605 1616//3333
f  1735//3605 1609//3326 1616//3333
f  1736//3606 1716//3607 1712//3608
f  1734//3601 1736//3609 1712//3554
f  1737//3610 1738//3611 1653//3422
f  1738//3611 1730//3588 1653//3422
f  1731//3612 1720//3613 1694//3614
f  1739//3615 1734//3616 1702//3616
f  1732//3590 1739//3617 1702//3531
f  1740//3618 1660//3436 1659//3435
f  1741//3619 1737//3610 1653//3422
f  1660//3436 1741//3619 1653//3422
f  1742//3620 1703//3621 1721//3620
f  1742//3622 1743//3623 1703//3532
f  1743//3623 1733//3594 1703//3532
f  1724//3577 1700//3527 1684//3496
f  1717//3624 1716//3625 1736//3626
f  1731//3627 1744//3628 1720//3629
f  1744//3630 1721//3572 1720//3573
f  1744//3630 1736//3609 1734//3601
f  1740//3618 1745//3631 1660//3436
f  1746//3632 1670//3452 1688//3511
f  1692//3515 1747//3633 1688//3511
f  1747//3633 1746//3632 1688//3511
f  1708//3634 1748//3635 1732//3635
f  1743//3636 1725//3637 1733//3638
f  1745//3631 1749//3639 1660//3436
f  1557//3519 1748//3640 1708//3543
f  1721//3572 1744//3630 1734//3601
f  1739//3641 1721//3642 1734//3643
f  1742//3644 1721//3642 1739//3641
f  1732//3590 1750//3645 1739//3617
f  1750//3645 1742//3622 1739//3617
f  1750//3645 1743//3623 1742//3622
f  1751//3646 1704//3534 1700//3527
f  1724//3577 1751//3646 1700//3527
f  1705//3535 1752//3647 1699//3526
f  1744//3648 1717//3649 1736//3650
f  1731//3627 1730//3651 1744//3628
f  1753//3652 1724//3577 1698//3524
f  1662//3438 1754//3653 1661//3520
f  1715//3559 1754//3654 1662//3439
f  1722//3655 1714//3556 1689//3525
f  1744//3648 1730//3656 1717//3649
f  1710//3546 1752//3647 1705//3535
f  1556//3223 1748//3640 1557//3519
f  1754//3653 1560//3222 1661//3520
f  1748//3657 1750//3658 1732//3659
f  1755//3660 1726//3583 1725//3582
f  1743//3636 1755//3661 1725//3637
f  1753//3652 1698//3524 1680//3490
f  1717//3561 1747//3633 1692//3515
f  1756//3662 1680//3490 1609//3326
f  1548//3663 1673//3461 1549//3370
f  1757//3664 1747//3633 1717//3561
f  1556//3223 1726//3583 1748//3640
f  1726//3583 1755//3660 1748//3640
f  1755//3665 1750//3666 1748//3667
f  1750//3666 1755//3665 1743//3668
f  1728//3586 1758//3669 1719//3566
f  1679//3485 1740//3618 1659//3435
f  1759//3670 1760//3671 1761//3672
f  1762//3673 1759//3670 1761//3672
f  1760//3674 1729//3675 1761//3675
f  1699//3526 1763//3676 1683//3495
f  1548//3663 1764//3677 1673//3461
f  1764//3678 1552//3208 1673//3466
f  1765//3679 1762//3673 1761//3672
f  1729//3680 1727//3681 1761//3682
f  1727//3681 1765//3683 1761//3682
f  1730//3588 1757//3664 1717//3561
f  1722//3655 1766//3684 1714//3556
f  1766//3684 1767//3685 1714//3556
f  1767//3685 1768//3686 1714//3556
f  1768//3687 1715//3558 1714//3557
f  1768//3687 1769//3688 1715//3558
f  1769//3689 1770//3690 1715//3559
f  1770//3690 1771//3691 1715//3559
f  1771//3691 1754//3654 1715//3559
f  1760//3692 1735//3693 1729//3694
f  1772//3695 1723//3576 1670//3452
f  1773//3696 1774//3697 1727//3585
f  1696//3522 1773//3696 1727//3585
f  1775//3698 1762//3673 1765//3679
f  1759//3670 1776//3699 1760//3671
f  1776//3700 1735//3693 1760//3692
f  1777//3701 1778//3702 1737//3703
f  1779//3704 1778//3705 1777//3706
f  1749//3639 1741//3619 1660//3436
f  1738//3707 1737//3703 1778//3702
f  1779//3704 1780//3708 1778//3705
f  1758//3669 1710//3546 1719//3566
f  1781//3709 1757//3664 1730//3588
f  1782//3710 1763//3676 1699//3526
f  1783//3711 1724//3577 1753//3652
f  1683//3495 1740//3618 1679//3485
f  1784//3712 1756//3662 1735//3605
f  1756//3662 1609//3326 1735//3605
f  1785//3713 1738//3714 1778//3715
f  1780//3708 1785//3716 1778//3705
f  1741//3717 1786//3718 1777//3719
f  1737//3720 1741//3717 1777//3719
f  1787//3721 1779//3704 1777//3706
f  1786//3722 1787//3721 1777//3706
f  1783//3711 1751//3646 1724//3577
f  1788//3723 1704//3534 1751//3646
f  1752//3647 1782//3710 1699//3526
f  1759//3724 1780//3725 1779//3726
f  1762//3727 1780//3725 1759//3724
f  1789//3728 1560//3222 1754//3653
f  1790//3729 1775//3698 1765//3679
f  1774//3730 1790//3731 1765//3732
f  1727//3733 1774//3730 1765//3732
f  1766//3734 1722//3574 1723//3575
f  1787//3735 1759//3736 1779//3737
f  1738//3611 1781//3709 1730//3588
f  1791//3738 1766//3734 1723//3575
f  1772//3695 1791//3739 1723//3576
f  1792//3740 1728//3586 1685//3497
f  1686//3741 1792//3742 1685//3743
f  1793//3744 1726//3583 1556//3223
f  1794//3745 1792//3742 1686//3741
f  1709//3545 1794//3746 1686//3503
f  1795//3747 1785//3716 1780//3708
f  1762//3748 1795//3749 1780//3750
f  1775//3751 1795//3749 1762//3748
f  1796//3752 1782//3710 1752//3647
f  1793//3744 1797//3753 1726//3583
f  1788//3723 1709//3544 1704//3534
f  1749//3639 1798//3754 1741//3619
f  1799//3755 1753//3652 1680//3490
f  1800//3756 1799//3755 1680//3490
f  1710//3546 1796//3752 1752//3647
f  1789//3728 1556//3223 1560//3222
f  1797//3757 1546//3195 1726//3584
f  1789//3728 1793//3744 1556//3223
f  1801//3758 1759//3759 1787//3760
f  1801//3761 1802//3762 1759//3670
f  1802//3762 1776//3699 1759//3670
f  1763//3676 1740//3618 1683//3495
f  1803//3763 1738//3764 1785//3765
f  1741//3766 1804//3767 1786//3768
f  1804//3769 1787//3721 1786//3722
f  1804//3769 1785//3716 1795//3747
f  1758//3669 1796//3752 1710//3546
f  1757//3664 1805//3770 1747//3633
f  1805//3770 1746//3632 1747//3633
f  1756//3662 1800//3756 1680//3490
f  1803//3771 1781//3709 1738//3611
f  1802//3772 1806//3773 1776//3774
f  1806//3773 1735//3775 1776//3774
f  1806//3776 1784//3712 1735//3605
f  1787//3721 1804//3769 1795//3747
f  1775//3777 1787//3778 1795//3779
f  1801//3780 1787//3778 1775//3777
f  1790//3729 1807//3781 1775//3698
f  1807//3781 1801//3761 1775//3698
f  1808//3782 1783//3711 1753//3652
f  1807//3781 1802//3762 1801//3761
f  1809//3783 1758//3669 1728//3586
f  1804//3784 1803//3785 1785//3786
f  1741//3766 1810//3787 1804//3767
f  1798//3754 1810//3788 1741//3619
f  1811//3789 1794//3746 1709//3545
f  1788//3723 1811//3790 1709//3544
f  1746//3632 1772//3695 1670//3452
f  1812//3791 1751//3646 1783//3711
f  1763//3676 1813//3792 1740//3618
f  1814//3793 1547//3794 1546//3794
f  1814//3795 1548//3201 1547//3200
f  1784//3712 1800//3756 1756//3662
f  1805//3770 1772//3695 1746//3632
f  1804//3784 1810//3796 1803//3785
f  1810//3788 1798//3754 1803//3771
f  1798//3754 1781//3709 1803//3771
f  1774//3797 1807//3798 1790//3799
f  1815//3800 1551//3801 1552//3802
f  1816//3803 1696//3521 1551//3209
f  1815//573 1817//3804 1551//3209
f  1817//3804 1816//3803 1551//3209
f  1813//3792 1745//3631 1740//3618
f  1818//3805 1807//3798 1774//3797
f  1773//3696 1818//3806 1774//3697
f  1809//3783 1796//3752 1758//3669
f  1812//3791 1788//3723 1751//3646
f  1808//3782 1819//3807 1783//3711
f  1820//3808 1789//3809 1821//3810
f  1820//3808 1793//3811 1789//3809
f  1797//3757 1822//3812 1546//3195
f  1822//3813 1814//3814 1546//3815
f  1823//3816 1814//3814 1822//3813
f  1823//3817 1548//3201 1814//3795
f  1824//3818 1815//3819 1552//3820
f  1825//3821 1824//3822 1552//3208
f  1764//3678 1825//3821 1552//3208
f  1826//3823 1815//3819 1824//3818
f  1826//573 1827//573 1815//573
f  1827//573 1817//3804 1815//573
f  1828//3824 1820//3824 1821//3825
f  1829//3826 1828//3827 1821//3828
f  1789//3829 1830//3830 1821//3828
f  1830//3830 1829//3826 1821//3828
f  1828//3831 1831//3832 1820//3833
f  1831//3832 1793//3834 1820//3833
f  1832//3835 1833//3836 1822//3812
f  1797//3757 1832//3835 1822//3812
f  1833//3837 1834//3838 1822//3839
f  1834//3838 1823//3840 1822//3839
f  1834//3841 1835//3842 1823//3817
f  1835//3842 1548//3201 1823//3817
f  1836//3843 1827//3844 1824//3845
f  1827//3844 1826//3846 1824//3845
f  1825//3821 1836//3847 1824//3822
f  1807//3848 1818//3849 1802//3850
f  1818//3849 1806//3851 1802//3850
f  1818//3806 1784//3712 1806//3776
f  1837//3852 1749//3639 1745//3631
f  1816//3853 1773//3696 1696//3522
f  1754//3653 1830//3854 1789//3728
f  1773//3696 1784//3712 1818//3806
f  1773//3696 1800//3756 1784//3712
f  1796//3752 1838//3855 1782//3710
f  1839//3856 1838//3855 1796//3752
f  1837//3852 1798//3754 1749//3639
f  1799//3755 1808//3782 1753//3652
f  1825//3857 1764//3677 1548//3663
f  1840//3858 1813//3792 1763//3676
f  1782//3710 1840//3858 1763//3676
f  1841//3859 1773//3696 1816//3853
f  1809//3783 1839//3856 1796//3752
f  1819//3807 1812//3791 1783//3711
f  1832//3860 1797//3753 1793//3744
f  1842//3861 1809//3783 1728//3586
f  1805//3770 1843//3862 1772//3695
f  1844//3863 1845//3864 1794//3745
f  1845//3864 1792//3742 1794//3745
f  1811//3789 1844//3865 1794//3746
f  1757//3664 1846//3866 1805//3770
f  1771//3867 1830//3854 1754//3653
f  1813//3792 1837//3852 1745//3631
f  1819//3807 1847//3868 1812//3791
f  1847//3868 1848//3869 1812//3791
f  1848//3869 1788//3723 1812//3791
f  1849//3870 1840//3858 1782//3710
f  1838//3855 1849//3870 1782//3710
f  1841//3859 1800//3756 1773//3696
f  1835//3871 1825//3857 1548//3663
f  1850//3872 1843//3862 1805//3770
f  1771//3867 1851//3873 1830//3854
f  1852//3874 1853//3875 1854//3875
f  1852//3876 1855//3877 1853//3878
f  1856//3879 1857//3880 1854//3881
f  1799//3755 1819//3807 1808//3782
f  1791//3738 1767//3882 1766//3734
f  1851//3873 1829//3883 1830//3854
f  1857//3884 1852//3885 1854//3886
f  1831//3887 1832//3860 1793//3744
f  1858//3888 1856//3879 1854//3881
f  1853//3889 1858//3890 1854//3891
f  1859//3892 1819//3807 1799//3755
f  1860//3893 1859//3892 1799//3755
f  1837//3852 1781//3709 1798//3754
f  1839//3856 1849//3870 1838//3855
f  1857//3894 1861//3895 1852//3896
f  1861//3897 1855//3877 1852//3876
f  1848//3869 1811//3790 1788//3723
f  1842//3861 1728//3586 1792//3740
f  1845//3898 1842//3861 1792//3740
f  1862//3899 1791//3739 1772//3695
f  1840//3858 1863//3900 1813//3792
f  1863//3900 1837//3852 1813//3792
f  1864//3901 1757//3664 1781//3709
f  1855//3877 1865//3902 1853//3878
f  1865//3903 1858//3890 1853//3889
f  1856//3879 1866//3904 1857//3880
f  1866//3905 1861//3895 1857//3894
f  1867//3906 1862//3899 1772//3695
f  1843//3862 1867//3906 1772//3695
f  1800//3756 1860//3893 1799//3755
f  1864//3901 1846//3866 1757//3664
f  1846//3866 1850//3872 1805//3770
f  1868//3907 1800//3756 1841//3859
f  1809//3783 1869//3908 1839//3856
f  1837//3852 1864//3901 1781//3709
f  1771//3867 1870//3909 1851//3873
f  1871//3910 1847//3868 1819//3807
f  1872//3911 1855//3912 1861//3895
f  1866//3905 1872//3911 1861//3895
f  1859//3892 1871//3910 1819//3807
f  1873//3913 1874//3914 1816//3853
f  1875//3915 1873//3913 1816//3853
f  1817//3804 1875//3916 1816//3803
f  1869//3908 1809//3783 1842//3861
f  1870//3909 1876//3917 1851//3873
f  1877//3918 1829//3919 1851//3920
f  1876//3921 1877//3922 1851//3923
f  1878//2169 1828//3924 1877//3918
f  1828//3924 1829//3919 1877//3918
f  1879//271 1878//271 1877//271
f  1880//271 1879//271 1877//271
f  1876//3921 1880//3925 1877//3922
f  1833//3926 1832//3927 1831//3928
f  1828//3924 1833//3926 1831//3928
f  1878//2169 1833//3926 1828//3924
f  1878//2169 1834//3929 1833//3926
f  1836//3930 1835//3931 1834//3929
f  1878//2169 1836//3930 1834//3929
f  1836//3930 1825//3932 1835//3931
f  1878//2169 1827//2169 1836//3930
f  1878//573 1879//573 1827//573
f  1879//573 1817//3804 1827//573
f  1866//3933 1881//3934 1882//3935
f  1856//3936 1881//3934 1866//3933
f  1883//3937 1882//3935 1881//3934
f  1883//3937 1884//3938 1882//3935
f  1885//3939 1884//3940 1883//3941
f  1856//3942 1886//3943 1881//3944
f  1858//3888 1886//3945 1856//3879
f  1884//3938 1866//3933 1882//3935
f  1884//3938 1887//3946 1866//3933
f  1887//3947 1872//3948 1866//3949
f  1888//3950 1850//3872 1846//3866
f  1868//3907 1860//3893 1800//3756
f  1889//3951 1876//3917 1870//3909
f  1890//3952 1889//3953 1870//3954
f  1891//3955 1890//3956 1870//3957
f  1771//3958 1891//3955 1870//3957
f  1849//3870 1892//3959 1840//3858
f  1816//3853 1893//3960 1841//3859
f  1874//3914 1893//3960 1816//3853
f  1771//3961 1894//3962 1891//3963
f  1895//3964 1889//3953 1890//3952
f  1894//3962 1896//3965 1891//3963
f  1897//3966 1842//3861 1845//3898
f  1863//3900 1898//3967 1837//3852
f  1862//3968 1768//3969 1791//3738
f  1768//3969 1767//3882 1791//3738
f  1898//3967 1864//3901 1837//3852
f  1899//3970 1890//3971 1891//3972
f  1896//3973 1899//3970 1891//3972
f  1899//3974 1895//3964 1890//3952
f  1770//3975 1894//3962 1771//3961
f  1892//3959 1863//3900 1840//3858
f  1889//3951 1900//3976 1876//3917
f  1900//3977 1880//3978 1876//3979
f  1901//3980 1879//566 1880//3978
f  1900//3977 1901//3980 1880//3978
f  1902//3981 1903//3982 1901//3983
f  1900//3984 1902//3985 1901//3985
f  1903//3986 1879//566 1901//3980
f  1904//3987 1903//3986 1905//3988
f  1906//3989 1905//3990 1903//3991
f  1902//3981 1906//3992 1903//3982
f  1904//3987 1907//3993 1903//3986
f  1907//3993 1879//566 1903//3986
f  1908//3994 1909//3995 1907//3996
f  1904//3997 1908//3998 1907//3999
f  1909//4000 1879//566 1907//3993
f  1910//4001 1911//4002 1909//4001
f  1908//3994 1910//4003 1909//3995
f  1912//4004 1879//566 1909//4000
f  1911//4005 1912//4004 1909//4000
f  1913//4006 1912//4004 1911//4005
f  1914//4007 1817//4008 1912//4009
f  1913//4010 1914//4010 1912//4010
f  1817//566 1879//566 1912//4004
f  1914//4007 1915//4011 1817//4008
f  1915//4012 1875//3916 1817//3804
f  1916//4013 1888//3950 1846//3866
f  1888//3950 1917//4014 1850//3872
f  1902//4015 1900//3976 1889//3951
f  1839//3856 1918//4016 1849//3870
f  1919//4017 1887//4018 1884//4019
f  1864//3901 1916//4013 1846//3866
f  1893//3960 1868//3907 1841//3859
f  1908//4020 1904//4021 1905//4022
f  1906//4023 1908//4020 1905//4022
f  1920//4024 1893//3960 1874//3914
f  1860//3893 1871//3910 1859//3892
f  1865//3903 1921//4025 1858//3890
f  1921//4026 1886//3945 1858//3888
f  1873//4027 1922//4028 1874//4029
f  1922//4028 1923//4030 1874//4029
f  1889//4031 1894//4032 1770//4033
f  1889//4031 1895//4034 1894//4032
f  1895//4035 1896//4036 1894//4037
f  1899//4038 1896//4036 1895//4035
f  1770//4039 1769//4040 1889//3951
f  1769//4040 1902//4015 1889//3951
f  1924//4041 1873//3913 1875//3915
f  1925//4042 1844//3865 1811//3789
f  1848//3869 1925//4043 1811//3790
f  1918//4016 1892//3959 1849//3870
f  1924//4044 1926//4045 1873//4046
f  1926//4045 1922//4047 1873//4046
f  1850//3872 1867//3906 1843//3862
f  1926//4045 1927//4048 1922//4047
f  1920//4049 1874//4050 1923//4051
f  1928//4052 1929//4053 1923//4051
f  1929//4053 1920//4049 1923//4051
f  1930//4054 1897//3966 1845//3898
f  1931//4055 1893//3960 1920//4024
f  1924//4041 1931//4055 1920//4024
f  1928//4056 1923//4057 1922//4058
f  1927//4059 1928//4056 1922//4058
f  1932//4060 1933//4061 1839//3856
f  1933//4061 1918//4016 1839//3856
f  1869//3908 1932//4060 1839//3856
f  1906//4062 1902//4015 1769//4040
f  1871//3910 1934//4063 1847//3868
f  1934//4063 1848//3869 1847//3868
f  1917//4014 1867//3906 1850//3872
f  1860//3893 1935//4064 1871//3910
f  1910//4065 1913//4066 1911//4067
f  1897//3966 1932//4060 1842//3861
f  1932//4060 1869//3908 1842//3861
f  1768//4068 1906//4062 1769//4040
f  1936//4069 1906//4070 1768//4071
f  1937//4072 1938//4073 1768//4074
f  1938//4073 1936//4075 1768//4074
f  1862//4076 1937//4077 1768//4078
f  1919//4017 1939//4079 1887//4018
f  1939//4080 1872//3948 1887//3947
f  1940//4081 1863//3900 1892//3959
f  1918//4016 1940//4081 1892//3959
f  1929//4082 1926//4083 1924//4084
f  1920//4085 1929//4082 1924//4084
f  1929//4086 1928//4087 1926//4088
f  1928//4087 1927//4089 1926//4088
f  1885//3939 1919//4090 1884//3940
f  1941//4091 1917//4014 1888//3950
f  1886//3943 1942//4092 1881//3944
f  1942//4092 1883//4093 1881//3944
f  1921//4026 1943//4094 1886//3945
f  1883//3941 1942//4095 1885//3939
f  1915//4096 1924//4041 1875//3915
f  1935//4064 1934//4063 1871//3910
f  1934//4063 1925//4043 1848//3869
f  1855//3877 1944//4097 1865//3902
f  1944//4098 1921//4025 1865//3903
f  1945//4099 1935//4064 1860//3893
f  1868//3907 1945//4099 1860//3893
f  1946//4100 1930//4054 1845//3898
f  1844//3863 1946//4101 1845//3864
f  1914//4102 1913//4066 1910//4065
f  1947//4103 1946//4101 1844//3863
f  1925//4042 1947//4104 1844//3865
f  1948//4105 1906//4070 1936//4069
f  1938//4106 1948//4107 1936//4108
f  1867//4109 1937//4077 1862//4076
f  1949//4110 1941//4091 1888//3950
f  1916//4013 1949//4110 1888//3950
f  1915//4096 1943//4111 1924//4041
f  1943//4111 1931//4055 1924//4041
f  1893//3960 1945//4099 1868//3907
f  1867//4109 1950//4112 1937//4077
f  1898//3967 1951//4113 1864//3901
f  1951//4113 1916//4013 1864//3901
f  1863//3900 1951//4113 1898//3967
f  1906//4114 1910//4115 1908//4116
f  1935//4064 1952//4117 1934//4063
f  1917//4118 1941//4119 1867//4109
f  1941//4119 1950//4112 1867//4109
f  1940//4081 1951//4113 1863//3900
f  1906//4070 1914//4102 1910//4065
f  1953//4120 1943//4094 1921//4026
f  1954//4121 1949//4110 1916//4013
f  1915//4122 1914//4102 1906//4070
f  1948//4105 1915//4122 1906//4070
f  1950//4123 1938//4124 1937//4125
f  1950//4123 1955//4126 1938//4124
f  1955//4127 1948//4107 1938//4106
f  1897//3966 1956//4128 1932//4060
f  1956//4128 1933//4061 1932//4060
f  1931//4055 1945//4099 1893//3960
f  1940//4081 1957//4129 1951//4113
f  1952//4117 1925//4043 1934//4063
f  1885//4130 1939//4131 1919//4132
f  1957//4129 1954//4121 1951//4113
f  1933//4061 1958//4133 1918//4016
f  1958//4133 1940//4081 1918//4016
f  1954//4121 1916//4013 1951//4113
f  1925//4042 1953//4120 1947//4104
f  1959//4134 1935//4064 1945//4099
f  1948//4105 1943//4135 1915//4122
f  1952//4117 1953//4136 1925//4043
f  1944//4137 1947//4138 1921//4139
f  1947//4104 1953//4120 1921//4026
f  1885//4140 1872//4141 1939//4142
f  1935//4064 1959//4134 1952//4117
f  1960//4143 1930//4054 1946//4100
f  1943//4144 1855//3912 1872//3911
f  1942//4145 1872//4141 1885//4140
f  1886//3945 1943//4094 1872//4146
f  1942//4145 1886//4147 1872//4141
f  1959//4134 1945//4099 1931//4055
f  1943//4111 1959//4134 1931//4055
f  1944//4097 1960//4143 1946//4100
f  1947//4148 1944//4149 1946//4150
f  1855//3877 1960//4143 1944//4097
f  1961//4151 1956//4128 1897//3966
f  1930//4054 1961//4151 1897//3966
f  1959//4134 1953//4136 1952//4117
f  1956//4128 1958//4133 1933//4061
f  1958//4133 1957//4129 1940//4081
f  1948//4152 1950//4153 1943//4154
f  1955//4155 1950//4153 1948//4152
f  1950//4156 1962//4157 1943//4144
f  1962//4157 1855//3912 1943//4144
f  1963//4158 1949//4110 1954//4121
f  1957//4129 1963//4158 1954//4121
f  1953//4136 1959//4134 1943//4111
f  1961//4151 1958//4133 1956//4128
f  1963//4158 1957//4129 1958//4133
f  1941//4119 1962//4159 1950//4112
f  1949//4110 1962//4160 1941//4091
f  1961//4151 1963//4158 1958//4133
f  1964//4161 1962//4160 1949//4110
f  1963//4158 1964//4161 1949//4110
f  1964//4161 1855//3877 1962//4160
f  1965//4162 1930//4054 1960//4143
f  1966//4163 1964//4161 1963//4158
f  1967//4164 1966//4163 1963//4158
f  1968//4165 1961//4151 1930//4054
f  1965//4162 1968//4165 1930//4054
f  1964//4161 1960//4143 1855//3877
f  1961//4151 1968//4165 1963//4158
f  1960//4166 1966//4167 1969//4168
f  1969//4169 1965//4170 1960//4171
f  1966//4172 1967//4173 1969//4174
f  1967//4175 1970//4176 1969//4176
f  1970//4177 1965//4170 1969//4169
f  1967//4178 1968//4179 1970//4180
f  1968//4179 1965//4181 1970//4180
f  1968//4165 1967//4164 1963//4158
f  1966//4163 1960//4143 1964//4161
f  1971//4182 1972//4183 1973//4184
f  1974//4185 1971//4186 1973//4187
f  1972//4183 1975//4188 1973//4184
f  1976//4189 1974//4185 1973//4187
f  1975//4188 1977//4190 1973//4184
f  1978//4191 1972//4183 1971//4182
f  1971//4192 1979//4193 1978//4194
f  1974//4195 1979//4193 1971//4192
f  1976//4196 1973//4197 1977//4198
f  1980//4199 1977//4190 1975//4188
f  1981//4200 1980//4199 1975//4188
f  1979//4201 1982//4202 1978//4203
f  1982//4204 1972//4183 1978//4191
f  1983//4205 1981//4200 1975//4188
f  1980//4206 1984//4207 1977//4208
f  1985//4209 1972//4183 1982//4204
f  1986//4210 1985//4209 1982//4204
f  1987//4211 1988//4212 1975//4188
f  1972//4183 1987//4211 1975//4188
f  1977//4208 1989//4213 1979//4201
f  1986//4214 1982//4202 1979//4201
f  1989//4213 1986//4214 1979//4201
f  1974//4215 1976//4216 1979//4217
f  1976//4216 1977//4218 1979//4217
f  1984//4207 1989//4213 1977//4208
f  1990//4219 1983//4205 1975//4188
f  1988//4212 1990//4219 1975//4188
f  1985//4209 1987//4211 1972//4183
f  1981//4200 1991//4220 1980//4199
f  1989//4213 1992//4221 1986//4214
f  1986//4210 1993//4222 1985//4209
f  1991//4223 1984//4207 1980//4206
f  1993//4222 1987//4211 1985//4209
f  1994//4224 1993//4222 1986//4210
f  1995//4225 1996//4226 1988//4212
f  1996//4226 1990//4219 1988//4212
f  1983//4205 1997//4227 1981//4200
f  1997//4227 1991//4220 1981//4200
f  1993//4222 1998//4228 1987//4211
f  1998//4228 1999//4229 1988//4212
f  1999//4229 1995//4225 1988//4212
f  1987//4211 1998//4228 1988//4212
f  1997//4227 2000//4230 1991//4220
f  1990//4219 1997//4227 1983//4205
f  1992//4221 1994//4231 1986//4214
f  1996//4226 2001//4232 1990//4219
f  2001//4232 2002//4233 1990//4219
f  2003//4234 1984//4207 1991//4223
f  2004//4235 2005//4236 2006//4237
f  2007//4238 2004//4235 2006//4237
f  2008//4239 2009//4240 2010//4241
f  2011//4242 2008//4243 2010//4244
f  2012//4245 2013//4246 2014//4247
f  2013//4248 2015//4249 2014//4250
f  2016//4251 2017//4252 2018//4253
f  2019//4254 2016//4255 2018//4256
f  2020//4257 2021//4258 2017//4259
f  2021//4258 2022//4260 2017//4259
f  2023//4261 2010//4241 2009//4240
f  2024//4262 2025//4263 2009//4264
f  2025//4263 2023//4265 2009//4264
f  2026//4266 2010//4241 2023//4261
f  2017//4252 2027//4267 2018//4253
f  2028//4268 2027//4269 2017//4259
f  2022//4260 2028//4268 2017//4259
f  2029//4270 2007//4238 2006//4237
f  2030//4271 2029//4272 2006//4273
f  2031//4274 2030//4275 2006//4276
f  2032//4277 2015//4249 2013//4248
f  2026//4278 2011//4279 2010//4280
f  2033//4281 2013//4246 2012//4245
f  2034//4282 2033//4283 2012//4284
f  2027//4267 2035//4285 2018//4253
f  2035//4286 2019//4287 2018//4288
f  2014//4247 2036//4289 2012//4245
f  2036//4290 2034//4291 2012//4292
f  2005//4236 2037//4293 2006//4237
f  2037//4294 2031//4295 2006//4296
f  2008//4239 2038//4297 2009//4240
f  2038//4298 2039//4299 2009//4300
f  2039//4299 2024//4301 2009//4300
f  2037//4293 2026//4266 2023//4261
f  2025//4302 2037//4303 2023//4304
f  2015//4305 2040//4306 2014//4307
f  2041//4308 1989//4309 2042//4310
f  2043//4311 2044//4312 2042//4313
f  2044//4312 2041//4314 2042//4313
f  1989//4309 1984//4315 2042//4310
f  1984//4316 2043//4311 2042//4313
f  2045//4317 2032//4318 2013//4319
f  2046//4320 2045//4317 2013//4319
f  2030//4321 2039//4322 2029//4323
f  2034//4282 2047//4324 2033//4283
f  2019//4254 2048//4325 2016//4255
f  2038//4297 2007//4238 2029//4270
f  2039//4326 2038//4327 2029//4328
f  2049//4329 2031//4330 2037//4331
f  2025//4302 2049//4332 2037//4303
f  2050//4333 2017//4252 2016//4251
f  2048//4334 2050//4335 2016//4336
f  2005//4236 2026//4266 2037//4293
f  2051//4337 2011//4279 2026//4278
f  2011//4338 2052//4338 2008//4339
f  2008//4239 2007//4238 2038//4297
f  2053//4340 2044//4341 2043//4342
f  2014//4247 2054//4343 2036//4289
f  2055//4344 2034//4291 2036//4290
f  2056//4345 2019//4287 2035//4286
f  2040//4346 2057//4347 2014//4348
f  2058//4349 2017//4252 2050//4333
f  2059//4350 2013//4246 2033//4281
f  2047//4351 2059//4352 2033//4352
f  2060//4353 2061//4354 2043//4342
f  2061//4354 2053//4340 2043//4342
f  1984//4316 2060//4355 2043//4311
f  2005//4236 2062//4356 2026//4266
f  2062//4357 2051//4358 2026//4359
f  2008//4239 2063//4360 2007//4238
f  2063//4360 2004//4235 2007//4238
f  2004//4235 2064//4361 2005//4236
f  2065//4362 2063//4360 2008//4239
f  2052//4363 2065//4364 2008//4365
f  2054//4343 2014//4247 2057//4366
f  2062//4356 2054//4343 2057//4366
f  2040//4367 2062//4368 2057//4369
f  2013//4246 2066//4370 2046//4371
f  2005//4236 2067//4372 2062//4356
f  2064//4361 2067//4372 2005//4236
f  2068//4373 2051//4358 2062//4357
f  2066//4370 2063//4360 2065//4362
f  2040//4367 2068//4374 2062//4368
f  2027//4267 2059//4350 2035//4285
f  2059//4375 2056//4376 2035//4377
f  2054//4343 2050//4333 2036//4289
f  2050//4378 2055//4379 2036//4380
f  2066//4370 2065//4362 2046//4371
f  2065//4381 2045//4382 2046//4383
f  2052//4384 2045//4382 2065//4381
f  2027//4267 2013//4246 2059//4350
f  2047//4385 2056//4386 2059//4385
f  2054//4343 2058//4349 2050//4333
f  2048//4387 2055//4379 2050//4378
f  2067//4372 2054//4343 2062//4356
f  2041//4388 1992//4389 1989//4388
f  2027//4267 2066//4370 2013//4246
f  2069//4390 1999//4229 1998//4228
f  2058//4391 2020//4257 2017//4259
f  2053//4340 2070//4392 2044//4341
f  2002//4233 2071//4393 1990//4219
f  2072//4394 2000//4230 1997//4227
f  2000//4395 2003//4234 1991//4223
f  2073//4396 1992//4221 2041//4397
f  2044//4312 2073//4398 2041//4314
f  2003//4399 2060//4355 1984//4316
f  2074//4400 1993//4222 1994//4224
f  1995//4401 2075//4402 1996//4403
f  1990//4219 2071//4393 1997//4227
f  2076//4404 2052//4405 2011//4406
f  2077//4407 2076//4404 2011//4406
f  2051//4408 2077//4407 2011//4406
f  2076//4404 2078//4409 2052//4405
f  2068//4410 2077//4407 2051//4408
f  2079//4411 2080//4412 2076//4413
f  2078//4409 2045//4414 2052//4405
f  2077//4415 2079//4416 2076//4416
f  2080//4417 2078//4418 2076//4419
f  2081//4420 2079//4421 2077//4422
f  2068//4410 2040//4423 2077//4407
f  2082//4424 2081//4425 2077//4426
f  2040//4423 2082//4427 2077//4407
f  2080//4428 2081//4429 2078//4430
f  2081//4429 2082//4431 2078//4430
f  2082//4427 2032//4432 2078//4409
f  2032//4432 2045//4414 2078//4409
f  2040//4423 2015//4433 2082//4427
f  2015//4433 2032//4432 2082//4427
f  2083//4434 2047//4435 2034//4436
f  2084//4437 2083//4434 2034//4436
f  2055//4438 2084//4437 2034//4436
f  2083//4434 2085//4439 2047//4435
f  2085//4439 2056//4440 2047//4435
f  2084//4441 2086//4442 2083//4443
f  2086//4444 2085//4445 2083//4446
f  2087//4447 2086//4442 2084//4441
f  2086//4444 2088//4448 2085//4445
f  2048//4449 2084//4437 2055//4438
f  2089//4450 2087//4451 2084//4452
f  2090//4453 2089//4450 2084//4452
f  2048//4449 2090//4454 2084//4437
f  2088//4455 2089//4456 2085//4457
f  2089//4456 2090//4458 2085//4457
f  2090//4454 2019//4459 2085//4439
f  2019//4459 2056//4440 2085//4439
f  2048//4449 2019//4459 2090//4454
f  2091//4460 2020//4257 2058//4391
f  2054//4343 2091//4461 2058//4349
f  2066//4370 2092//4462 2063//4360
f  2093//4463 2004//4235 2063//4360
f  2092//4462 2093//4463 2063//4360
f  2094//4464 2091//4461 2054//4343
f  2067//4372 2094//4464 2054//4343
f  2095//4465 2064//4466 2004//4467
f  2096//4468 2095//4465 2004//4467
f  2097//4469 2094//4464 2067//4372
f  2064//4361 2097//4469 2067//4372
f  2095//4465 2098//4470 2064//4466
f  1996//4403 2075//4402 2053//4471
f  2099//4472 2100//4473 2066//4370
f  2027//4267 2099//4472 2066//4370
f  2100//4473 2092//4462 2066//4370
f  2101//4474 2099//4475 2027//4269
f  2028//4268 2101//4474 2027//4269
f  2061//4476 2102//4477 1996//4478
f  2053//4479 2061//4476 1996//4478
f  2102//4480 2001//4481 1996//4482
f  2075//4483 2070//4484 2053//4485
f  2031//4486 2103//4487 2030//4488
f  2103//4487 2104//4489 2030//4488
f  2104//4489 2105//4490 2030//4488
f  2105//4490 2039//4491 2030//4488
f  2106//4492 2105//4493 2104//4494
f  2103//4495 2107//4496 2104//4497
f  2107//4496 2106//4498 2104//4497
f  2106//4492 2108//4499 2105//4493
f  2049//4500 2103//4487 2031//4486
f  2109//4501 2110//4502 2103//4503
f  2049//4500 2109//4504 2103//4487
f  2110//4502 2107//4505 2103//4503
f  2108//4506 2111//4507 2105//4508
f  2111//4507 2112//4509 2105//4508
f  2112//4510 2024//4511 2105//4490
f  2024//4511 2039//4491 2105//4490
f  2025//4512 2109//4504 2049//4500
f  2112//4513 2110//4514 2109//4515
f  2025//4512 2112//4510 2109//4504
f  2111//4516 2110//4514 2112//4513
f  2025//4512 2024//4511 2112//4510
f  2113//4517 2069//4390 1998//4228
f  1999//4229 2114//4518 1995//4225
f  2114//4519 2115//4520 1995//4519
f  2115//4521 2075//4522 1995//4522
f  2115//4523 2070//4484 2075//4483
f  2072//4394 2116//4524 2000//4230
f  1992//4221 2074//4525 1994//4231
f  2003//4399 2117//4526 2060//4355
f  2002//4233 2118//4527 2071//4393
f  2119//4528 2096//4468 2004//4467
f  2093//4529 2119//4528 2004//4467
f  2120//4530 2003//4234 2000//4395
f  2121//4531 2098//4532 2095//4533
f  2096//4534 2122//4535 2095//4533
f  2122//4535 2121//4531 2095//4533
f  2123//4536 2124//4537 1993//4222
f  2124//4537 1998//4228 1993//4222
f  2074//4400 2123//4536 1993//4222
f  2125//4538 2113//4517 1998//4228
f  2126//4539 2097//4469 2064//4361
f  2098//4470 2127//4540 2064//4466
f  2127//4540 2126//4541 2064//4466
f  2128//4542 2098//4532 2121//4531
f  2129//4543 2106//4544 2121//4531
f  2060//4353 2130//4545 2061//4354
f  2130//4546 2102//4547 2061//4548
f  2131//4549 2070//4550 2115//4551
f  2114//4552 2131//4553 2115//4554
f  2122//4535 2129//4543 2121//4531
f  2132//4555 2020//4556 2091//4555
f  2133//4557 2134//4558 2001//4232
f  2134//4558 2002//4233 2001//4232
f  2135//4559 2128//4542 2121//4531
f  2106//4544 2135//4559 2121//4531
f  2130//4545 2044//4341 2070//4392
f  2131//4549 2130//4560 2070//4550
f  2136//4561 1992//4221 2073//4396
f  2137//4562 2138//4563 2073//4398
f  2138//4563 2136//4564 2073//4398
f  2044//4312 2137//4562 2073//4398
f  2139//4565 2117//4526 2003//4399
f  2119//4566 2140//4567 2096//4534
f  2140//4567 2122//4535 2096//4534
f  2128//4542 2127//4568 2098//4532
f  2102//4569 2133//4570 2001//4571
f  2079//4572 2110//4573 2111//4574
f  2111//4574 2080//4575 2079//4572
f  2089//4576 2028//4577 2022//4578
f  2087//4579 2081//4580 2086//4581
f  2080//4575 2086//4581 2081//4580
f  2088//4582 2028//4577 2089//4576
f  1997//4227 2141//4583 2072//4394
f  2111//4574 2108//4584 2080//4575
f  2108//4584 2129//4543 2080//4575
f  2129//4543 2088//4582 2086//4581
f  2080//4575 2129//4543 2086//4581
f  2087//4579 2022//4578 2081//4580
f  2022//4578 2087//4579 2089//4576
f  2107//4585 2135//4559 2106//4544
f  2135//4559 2110//4573 2079//4572
f  2081//4580 2135//4559 2079//4572
f  2129//4543 2028//4577 2088//4582
f  2022//4578 2135//4559 2081//4580
f  2129//4543 2108//4584 2106//4544
f  2110//4573 2135//4559 2107//4585
f  2129//4543 2142//4586 2028//4577
f  2060//4353 2143//4587 2130//4545
f  2144//4588 2091//4461 2094//4464
f  2022//4578 2145//4589 2135//4559
f  2145//4589 2128//4542 2135//4559
f  2146//4590 2044//4341 2130//4545
f  2147//4591 2132//4592 2091//4593
f  2144//4588 2148//4594 2091//4461
f  2148//4594 2147//4595 2091//4461
f  2130//4546 2131//4596 2102//4547
f  2131//4597 2133//4598 2102//4599
f  2142//4586 2129//4543 2122//4535
f  2021//4600 2145//4589 2022//4578
f  2124//4537 2149//4601 1998//4228
f  2149//4601 2125//4538 1998//4228
f  2071//4393 2141//4583 1997//4227
f  2150//4602 2151//4603 2092//4462
f  2100//4473 2150//4602 2092//4462
f  2151//4603 2093//4463 2092//4462
f  2152//4604 2094//4464 2097//4469
f  2143//4587 2146//4590 2130//4545
f  2152//4604 2153//4605 2094//4464
f  2153//4605 2144//4588 2094//4464
f  2154//4606 2150//4602 2100//4473
f  2155//4607 2156//4608 2097//4469
f  2156//4608 2152//4604 2097//4469
f  2126//4539 2155//4607 2097//4469
f  2131//4609 2146//4610 2143//4611
f  2114//4612 2146//4610 2131//4609
f  2113//4613 2157//4614 2069//4615
f  2158//4616 2159//4617 2137//4618
f  2159//4617 2160//4619 2137//4618
f  2044//4341 2158//4616 2137//4618
f  2146//4590 2161//4620 2044//4341
f  2161//4620 2158//4616 2044//4341
f  2117//4621 2162//4622 2060//4353
f  2162//4622 2163//4623 2060//4353
f  2164//4624 2143//4587 2060//4353
f  2163//4623 2164//4624 2060//4353
f  2165//4625 2162//4622 2117//4621
f  2166//4626 2165//4625 2117//4621
f  2160//4619 2138//4627 2137//4618
f  2133//4628 2131//4609 2143//4611
f  2069//4390 2167//4629 1999//4229
f  2134//4630 2133//4628 2143//4611
f  2140//4567 2142//4586 2122//4535
f  2002//4631 2168//4632 2162//4633
f  2161//4634 2167//4635 2069//4636
f  2158//4637 2161//4634 2069//4636
f  2168//4638 2163//4639 2162//4640
f  2157//4614 2158//4641 2069//4615
f  2162//4642 2118//4643 2002//4644
f  2169//4645 2146//4645 2114//4646
f  2145//4647 2170//4648 2128//4649
f  2021//4600 2171//4650 2145//4589
f  2171//4650 2170//4651 2145//4589
f  2099//4472 2172//4652 2100//4473
f  2172//4652 2154//4606 2100//4473
f  2116//4653 2120//4530 2000//4395
f  2101//4474 2173//4654 2099//4475
f  2174//4655 2028//4577 2142//4586
f  2140//4567 2174//4655 2142//4586
f  2149//4601 2175//4656 2125//4538
f  2175//4656 2176//4657 2125//4538
f  2176//4657 2177//4658 2125//4538
f  2177//4658 2178//4659 2125//4538
f  2178//4659 2113//4517 2125//4538
f  1999//4229 2169//4660 2114//4518
f  2120//4661 2139//4565 2003//4399
f  2179//4662 2136//4564 2138//4563
f  2174//4655 2101//4663 2028//4577
f  2164//4664 2134//4630 2143//4611
f  2134//4665 2168//4632 2002//4631
f  2180//4666 2119//4528 2093//4529
f  2181//4667 2182//4668 2071//4393
f  2118//4527 2183//4669 2071//4393
f  2183//4669 2181//4667 2071//4393
f  2184//4670 2126//4541 2127//4540
f  2185//4671 2074//4525 1992//4221
f  2136//4561 2185//4671 1992//4221
f  2020//4672 2171//4650 2021//4600
f  2165//4673 2183//4674 2118//4675
f  2162//4676 2165//4673 2118//4675
f  2180//4677 2186//4678 2119//4566
f  2186//4678 2140//4567 2119//4566
f  2128//4542 2170//4651 2127//4568
f  2170//4651 2184//4679 2127//4568
f  2157//4680 2159//4681 2158//4682
f  2153//4605 2187//4683 2144//4588
f  2188//4684 2146//4685 2169//4686
f  2164//4664 2189//4687 2134//4630
f  2146//4590 2190//4688 2161//4620
f  2190//4689 2167//4690 2161//4691
f  2189//4692 2163//4693 2168//4694
f  2134//4695 2189//4696 2168//4696
f  2167//4697 2169//4698 1999//4697
f  2191//4699 2123//4536 2074//4400
f  2192//4700 2164//4624 2163//4623
f  2189//4692 2192//4701 2163//4693
f  2186//4678 2174//4655 2140//4567
f  2154//4702 2193//4703 2150//4704
f  2193//4703 2194//4705 2150//4704
f  2194//4706 2195//4706 2150//4706
f  2195//4707 2151//4708 2150//4709
f  2196//4710 2197//4711 2152//4712
f  2156//4713 2196//4710 2152//4712
f  2197//4714 2153//4715 2152//4716
f  2198//4717 2159//4681 2157//4680
f  2113//4718 2198//4718 2157//4719
f  2185//4671 2191//4720 2074//4525
f  2178//4659 2198//4721 2113//4517
f  2199//4722 2181//4667 2183//4669
f  2190//4689 2188//4723 2167//4690
f  2188//4724 2169//4725 2167//4726
f  2200//4727 2201//4728 2147//4591
f  2201//4728 2132//4592 2147//4591
f  2197//4714 2202//4729 2153//4715
f  2203//4730 2148//4594 2144//4588
f  2191//4699 2204//4731 2123//4536
f  2203//4730 2205//4732 2148//4594
f  2165//4733 2206//4734 2183//4735
f  2206//4736 2207//4737 2183//4738
f  2204//4731 2124//4537 2123//4536
f  2205//4739 2208//4740 2148//4739
f  2187//4683 2209//4741 2144//4588
f  2209//4741 2203//4730 2144//4588
f  2207//4742 2199//4722 2183//4669
f  2146//4590 2160//4619 2190//4688
f  2210//4743 2116//4524 2072//4394
f  2141//4583 2210//4743 2072//4394
f  2195//4744 2211//4745 2151//4744
f  2166//4626 2192//4700 2165//4625
f  2192//4746 2206//4734 2165//4733
f  2188//4684 2160//4747 2146//4685
f  2188//4748 2159//4749 2198//4750
f  2212//4751 2147//4752 2148//4753
f  2208//4754 2212//4755 2148//4756
f  2132//4757 2213//4758 2020//4759
f  2190//4688 2160//4619 2159//4617
f  2188//4748 2190//4760 2159//4749
f  2179//4662 2214//4761 2136//4564
f  2120//4762 2215//4763 2139//4764
f  2215//4765 2216//4766 2139//4565
f  2216//4766 2117//4526 2139//4565
f  2155//4767 2196//4767 2156//4768
f  2217//4769 2218//4770 2020//4672
f  2218//4770 2171//4650 2020//4672
f  2219//4771 2174//4655 2186//4678
f  2166//4626 2164//4624 2192//4700
f  2172//4772 2193//4773 2154//4774
f  2206//4734 2192//4746 2189//4775
f  2207//4776 2206//4777 2189//4776
f  2166//4778 2189//4687 2164//4664
f  2220//4779 2187//4683 2153//4605
f  2202//4780 2221//4781 2153//4782
f  2221//4781 2220//4783 2153//4782
f  2071//4393 2222//4784 2141//4583
f  2223//4785 2175//4656 2149//4601
f  2218//4770 2224//4786 2171//4650
f  2224//4786 2225//4787 2171//4650
f  2225//4788 2170//4789 2171//4790
f  2226//4791 2205//4732 2203//4730
f  2227//4792 2226//4791 2203//4730
f  2228//4793 2217//4769 2020//4672
f  2213//4794 2228//4795 2020//4796
f  2227//4792 2229//4797 2226//4791
f  2227//4792 2204//4731 2229//4797
f  2204//4731 2191//4699 2229//4797
f  2174//4655 2230//4798 2101//4663
f  2178//4659 2231//4799 2198//4721
f  2203//4730 2232//4800 2227//4792
f  2231//4801 2160//4747 2188//4684
f  2198//4721 2231//4799 2188//4802
f  2219//4771 2233//4803 2174//4655
f  2233//4803 2230//4798 2174//4655
f  2209//4741 2232//4800 2203//4730
f  2234//4804 2212//4755 2208//4754
f  2191//4805 2235//4806 2229//4807
f  2226//4808 2208//4809 2205//4810
f  2236//4811 2237//4812 2194//4813
f  2238//4814 2239//4815 2197//4816
f  2237//4812 2195//4817 2194//4813
f  2235//4806 2226//4818 2229//4807
f  2240//4819 2227//4792 2232//4800
f  2196//4820 2238//4814 2197//4816
f  2193//4821 2236//4811 2194//4813
f  2239//4815 2202//4822 2197//4816
f  2241//4823 2234//4804 2208//4754
f  2230//4798 2173//4824 2101//4663
f  2191//4720 2242//4825 2235//4826
f  2242//4825 2243//4827 2235//4826
f  2185//4671 2242//4825 2191//4720
f  2226//4828 2241//4823 2208//4754
f  2244//4829 2226//4828 2235//4826
f  2243//4827 2244//4829 2235//4826
f  2244//4829 2241//4823 2226//4828
f  2240//4819 2245//4830 2227//4792
f  2149//4601 2124//4537 2204//4731
f  2246//4831 2193//4773 2172//4772
f  2212//4832 2247//4833 2147//4834
f  2247//4835 2200//4727 2147//4591
f  2248//4836 2093//4463 2151//4603
f  2249//4837 2248//4836 2151//4603
f  2250//4838 2187//4683 2220//4779
f  2166//4778 2207//4839 2189//4687
f  2245//4830 2149//4601 2204//4731
f  2227//4792 2245//4830 2204//4731
f  2251//4840 2252//4841 2209//4741
f  2252//4841 2232//4800 2209//4741
f  2237//4812 2211//4842 2195//4817
f  2117//4621 2253//4843 2166//4626
f  2254//4844 2249//4837 2151//4603
f  2211//4845 2254//4846 2151//4845
f  2255//4847 2196//4848 2155//4849
f  2256//4850 2255//4847 2155//4849
f  2252//4841 2240//4819 2232//4800
f  2257//4851 2256//4852 2155//4607
f  2126//4539 2257//4851 2155//4607
f  2236//4853 2230//4854 2237//4855
f  2230//4854 2233//4856 2237//4855
f  2238//4857 2218//4858 2239//4858
f  2132//4859 2258//4860 2213//4861
f  2258//4862 2228//4795 2213//4794
f  2201//4863 2258//4860 2132//4859
f  2259//4864 2250//4838 2220//4779
f  2224//4865 2218//4865 2238//4866
f  2260//4867 2236//4811 2193//4821
f  2261//4868 2238//4814 2196//4820
f  2260//4869 2230//4870 2236//4871
f  2261//4872 2224//4873 2238//4874
f  2262//4875 2251//4840 2209//4741
f  2187//4683 2262//4875 2209//4741
f  2093//4529 2263//4876 2180//4666
f  2264//4877 2265//4878 2184//4670
f  2265//4878 2126//4541 2184//4670
f  2250//4838 2262//4875 2187//4683
f  2266//4879 2267//4880 2172//4652
f  2267//4881 2268//4882 2172//4883
f  2268//4882 2246//4884 2172//4883
f  2239//4815 2221//4885 2202//4822
f  2269//4886 2259//4864 2220//4779
f  2221//4887 2269//4888 2220//4889
f  2270//4890 2247//4891 2212//4892
f  2234//4804 2270//4893 2212//4755
f  2248//4894 2263//4876 2093//4529
f  2271//4895 2272//4896 2179//4897
f  2272//4898 2214//4761 2179//4662
f  2138//4627 2273//4899 2179//4897
f  2273//4899 2274//4900 2179//4897
f  2274//4900 2271//4895 2179//4897
f  2275//4901 2276//4902 2138//4627
f  2160//4619 2275//4901 2138//4627
f  2276//4902 2273//4899 2138//4627
f  2277//4903 2166//4626 2253//4843
f  2278//4904 2279//4905 2253//4843
f  2117//4621 2278//4904 2253//4843
f  2216//4906 2278//4904 2117//4621
f  2181//4907 2277//4908 2253//4909
f  2280//4910 2211//4842 2237//4812
f  2219//4911 2280//4912 2237//4913
f  2233//4914 2219//4911 2237//4913
f  2281//4915 2221//4885 2239//4815
f  2217//4916 2281//4917 2239//4918
f  2218//4919 2217//4920 2239//4921
f  2282//4922 2230//4870 2260//4869
f  2273//4923 2178//4924 2177//4925
f  2274//4926 2273//4923 2177//4925
f  2263//4927 2283//4928 2180//4677
f  2283//4928 2186//4678 2180//4677
f  2170//4651 2225//4787 2184//4679
f  2225//4787 2264//4929 2184//4679
f  2199//4930 2277//4908 2181//4907
f  2253//4931 2182//4932 2181//4933
f  2211//4934 2268//4935 2254//4936
f  2266//4879 2249//4837 2267//4880
f  2267//4880 2249//4837 2254//4844
f  2268//4937 2267//4938 2254//4939
f  2257//4851 2269//4886 2256//4852
f  2269//4940 2284//4941 2256//4942
f  2284//4941 2255//4943 2256//4942
f  2257//4851 2259//4864 2269//4886
f  2221//4887 2284//4944 2269//4888
f  2246//4945 2260//4867 2193//4821
f  2285//4946 2266//4879 2172//4652
f  2099//4472 2285//4946 2172//4652
f  2177//4947 2271//4948 2274//4949
f  2173//4654 2285//4950 2099//4475
f  2279//4951 2182//4932 2253//4931
f  2265//4952 2257//4851 2126//4539
f  2283//4928 2219//4771 2186//4678
f  2286//4953 2199//4722 2207//4742
f  2166//4778 2286//4954 2207//4839
f  2176//4955 2271//4948 2177//4947
f  2276//4956 2178//4957 2273//4958
f  2287//4959 2225//4787 2224//4786
f  2275//4960 2160//4747 2231//4801
f  2270//4890 2200//4961 2247//4891
f  2214//4962 2185//4671 2136//4561
f  2251//4840 2288//4963 2252//4841
f  2288//4963 2289//4964 2252//4841
f  2289//4964 2290//4965 2252//4841
f  2290//4965 2240//4819 2252//4841
f  2291//4966 2245//4830 2240//4819
f  2290//4965 2291//4966 2240//4819
f  2291//4966 2292//4967 2245//4830
f  2293//4968 2149//4601 2245//4830
f  2294//4969 2224//4970 2261//4971
f  2196//4820 2255//4972 2261//4868
f  2176//4973 2295//4974 2271//4975
f  2175//4656 2295//4976 2176//4657
f  2275//4901 2296//4977 2276//4902
f  2296//4978 2178//4979 2276//4980
f  2297//4981 2294//4969 2261//4971
f  2255//4972 2297//4982 2261//4868
f  2298//4983 2282//4984 2260//4985
f  2246//4945 2298//4986 2260//4867
f  2298//4986 2211//4842 2280//4910
f  2219//4987 2298//4988 2280//4989
f  2297//4982 2284//4990 2281//4915
f  2284//4990 2221//4885 2281//4915
f  2294//4991 2297//4992 2281//4993
f  2217//4994 2294//4991 2281//4993
f  2277//4903 2299//4995 2166//4626
f  2299//4996 2286//4954 2166//4778
f  2210//4997 2120//4530 2116//4653
f  2300//4998 2299//4995 2277//4903
f  2199//4999 2300//5000 2277//5001
f  2301//5002 2282//4984 2298//4983
f  2246//4945 2268//5003 2298//4986
f  2255//4972 2284//4990 2297//4982
f  2282//5004 2173//4824 2230//4798
f  2268//5003 2211//4842 2298//4986
f  2219//4987 2301//5005 2298//4988
f  2295//4976 2231//4799 2178//4659
f  2296//4978 2295//5006 2178//4979
f  2228//5007 2200//5007 2270//5008
f  2234//4804 2228//5009 2270//4893
f  2286//4953 2302//5010 2199//4722
f  2302//5011 2300//5000 2199//4999
f  2302//5010 2071//4393 2182//4668
f  2279//5012 2302//5013 2182//5014
f  2201//5015 2228//5016 2258//5017
f  2200//5018 2228//5016 2201//5015
f  2278//4904 2303//5019 2279//4905
f  2303//5020 2302//5013 2279//5012
f  2286//4953 2071//4393 2302//5010
f  2175//4656 2231//4799 2295//4976
f  2303//5019 2299//4995 2300//4998
f  2302//5021 2303//5022 2300//5023
f  2275//4901 2271//4895 2296//4977
f  2271//5024 2295//5025 2296//5026
f  2278//4904 2299//4995 2303//5019
f  2275//4901 2304//5027 2271//4895
f  2278//4904 2305//5028 2299//4995
f  2305//5029 2286//4954 2299//4996
f  2216//4906 2305//5028 2278//4904
f  2250//4838 2259//4864 2262//4875
f  2294//5030 2287//4959 2224//4786
f  2222//4784 2210//4743 2141//4583
f  2234//5031 2217//4769 2228//4793
f  2234//5031 2294//5030 2217//4769
f  2301//5032 2173//4824 2282//5004
f  2306//5033 2219//4771 2283//4928
f  2071//4393 2307//5034 2222//4784
f  2234//5031 2287//4959 2294//5030
f  2219//4771 2306//5033 2301//5032
f  2306//5033 2173//4824 2301//5032
f  2231//4801 2304//5035 2275//4960
f  2272//4898 2308//5036 2214//4761
f  2120//4762 2309//5037 2215//4763
f  2309//5038 2310//5039 2215//4765
f  2310//5039 2216//4766 2215//4765
f  2262//4875 2288//4963 2251//4840
f  2259//4864 2288//4963 2262//4875
f  2311//5040 2304//5035 2231//4801
f  2175//4656 2223//4785 2231//4799
f  2223//4785 2311//5041 2231//4799
f  2305//5029 2312//5042 2286//4954
f  2222//4784 2313//5043 2210//4743
f  2314//5044 2120//4530 2210//4997
f  2315//5045 2293//4968 2245//4830
f  2292//4967 2315//5045 2245//4830
f  2316//5046 2317//5047 2293//4968
f  2318//5048 2319//5049 2293//4968
f  2320//5050 2316//5046 2293//4968
f  2319//5049 2149//4601 2293//4968
f  2317//5047 2318//5048 2293//4968
f  2321//5051 2320//5050 2293//4968
f  2322//5052 2323//5053 2149//4601
f  2323//5053 2223//4785 2149//4601
f  2324//5054 2322//5052 2149//4601
f  2325//5055 2324//5054 2149//4601
f  2326//5056 2325//5055 2149//4601
f  2319//5049 2326//5056 2149//4601
f  2323//5053 2311//5041 2223//4785
f  2327//5057 2328//5058 2286//4953
f  2328//5058 2071//4393 2286//4953
f  2329//5059 2307//5034 2071//4393
f  2328//5058 2329//5059 2071//4393
f  2266//4879 2330//5060 2249//4837
f  2330//5060 2331//5061 2249//4837
f  2331//5061 2248//4836 2249//4837
f  2327//5062 2332//5063 2328//5064
f  2257//4851 2333//5065 2259//4864
f  2248//4894 2334//5066 2263//4876
f  2335//5067 2265//4878 2264//4877
f  2173//4654 2336//5068 2285//4950
f  2337//5069 2333//5065 2257//4851
f  2265//4952 2337//5069 2257//4851
f  2338//5070 2339//5071 2272//4896
f  2271//4895 2340//5072 2272//4896
f  2340//5072 2338//5070 2272//4896
f  2339//5073 2308//5036 2272//4898
f  2304//5027 2340//5072 2271//4895
f  2216//4906 2341//5074 2305//5028
f  2341//5074 2342//5075 2305//5028
f  2310//5076 2343//5077 2216//4906
f  2343//5077 2341//5074 2216//4906
f  2323//5078 2322//5079 2340//5080
f  2322//5079 2338//5081 2340//5080
f  2327//5082 2341//5083 2332//5084
f  2341//5083 2343//5085 2332//5084
f  2312//5086 2327//5057 2286//4953
f  2334//5087 2344//5088 2263//4927
f  2344//5088 2283//4928 2263//4927
f  2225//4787 2345//5089 2264//4929
f  2345//5089 2335//5090 2264//4929
f  2332//5091 2329//5092 2328//5093
f  2340//5094 2346//5095 2323//5096
f  2344//5088 2306//5033 2283//4928
f  2346//5095 2311//5097 2323//5096
f  2324//5098 2338//5098 2322//5099
f  2343//5100 2329//5092 2332//5091
f  2306//5033 2336//5101 2173//4824
f  2340//5094 2304//5102 2346//5095
f  2312//5103 2341//5104 2327//5105
f  2312//5103 2342//5106 2341//5104
f  2347//5107 2338//5108 2324//5109
f  2314//5110 2309//5111 2120//5112
f  2348//5113 2349//5114 2266//4879
f  2285//4946 2348//5113 2266//4879
f  2349//5114 2330//5060 2266//4879
f  2336//5068 2350//5115 2285//4950
f  2350//5116 2351//5117 2285//4946
f  2351//5117 2348//5113 2285//4946
f  2308//5118 2185//4671 2214//4962
f  2342//5075 2352//5119 2305//5028
f  2352//5120 2312//5042 2305//5029
f  2310//5076 2353//5121 2343//5077
f  2353//5122 2329//5123 2343//5124
f  2324//5109 2354//5125 2347//5107
f  2353//5122 2355//5126 2329//5123
f  2356//5127 2339//5071 2338//5070
f  2347//5107 2356//5128 2338//5108
f  2357//5129 2346//5130 2304//5131
f  2325//5055 2354//5132 2324//5054
f  2355//5133 2307//5034 2329//5059
f  2357//5129 2358//5134 2346//5130
f  2358//5135 2311//5136 2346//5137
f  2293//5138 2359//5139 2360//5140
f  2359//5141 2361//5142 2360//5143
f  2319//5144 2362//5145 2363//5146
f  2362//5147 2364//5148 2363//5147
f  2293//5138 2315//5149 2359//5139
f  2319//5150 2318//5151 2362//5152
f  2363//5153 2326//5154 2319//5155
f  2358//5156 2304//5035 2311//5040
f  2307//5034 2365//5157 2222//4784
f  2366//5158 2357//5159 2304//5027
f  2358//5156 2366//5160 2304//5035
f  2241//5161 2367//5162 2234//5031
f  2367//5162 2287//4959 2234//5031
f  2367//5162 2368//5163 2287//4959
f  2368//5163 2369//5164 2287//4959
f  2369//5164 2345//5089 2287//4959
f  2345//5089 2225//4787 2287//4959
f  2370//5165 2342//5166 2312//5167
f  2371//5168 2306//5033 2344//5088
f  2313//5169 2314//5044 2210//4997
f  2315//5170 2372//5171 2359//5172
f  2372//5173 2361//5174 2359//5173
f  2373//5175 2293//5176 2360//5177
f  2361//5178 2373//5179 2360//5180
f  2318//5181 2374//5182 2362//5183
f  2374//5184 2364//5184 2362//5185
f  2375//5186 2326//5187 2363//5188
f  2364//5189 2375//5190 2363//5191
f  2376//5192 2377//5193 2355//5133
f  2377//5193 2307//5034 2355//5133
f  2373//5175 2321//5194 2293//5176
f  2378//5195 2376//5192 2355//5133
f  2306//5033 2379//5196 2336//5101
f  2379//5196 2380//5197 2336//5101
f  2372//5198 2373//5199 2361//5200
f  2374//5201 2375//5201 2364//5201
f  2353//5202 2370//5203 2355//5204
f  2371//5168 2381//5205 2306//5033
f  2381//5205 2382//5206 2306//5033
f  2382//5206 2383//5207 2306//5033
f  2383//5207 2379//5196 2306//5033
f  2366//5158 2356//5127 2357//5159
f  2356//5208 2358//5209 2357//5210
f  2356//5208 2347//5211 2358//5209
f  2317//5047 2384//5212 2318//5048
f  2353//5121 2352//5119 2342//5075
f  2370//5213 2353//5214 2342//5215
f  2310//5076 2352//5119 2353//5121
f  2354//5216 2358//5217 2347//5218
f  2336//5068 2385//5219 2350//5115
f  2366//5158 2339//5071 2356//5127
f  2386//5220 2352//5119 2310//5076
f  2352//5120 2378//5221 2312//5042
f  2378//5195 2370//5222 2312//5086
f  2325//5223 2366//5160 2358//5156
f  2370//5222 2378//5195 2355//5133
f  2380//5197 2385//5224 2336//5101
f  2292//4967 2321//5051 2315//5045
f  2321//5225 2372//5226 2315//5225
f  2387//5227 2388//5228 2318//5048
f  2384//5212 2387//5227 2318//5048
f  2388//5229 2374//5230 2318//5229
f  2325//5055 2358//5231 2354//5132
f  2388//5228 2325//5055 2326//5056
f  2375//5232 2388//5233 2326//5234
f  2389//5235 2288//4963 2259//4864
f  2333//5065 2389//5235 2259//4864
f  2365//5157 2313//5043 2222//4784
f  2372//5236 2321//5237 2373//5238
f  2374//5239 2388//5239 2375//5240
f  2292//4967 2320//5050 2321//5051
f  2387//5227 2325//5055 2388//5228
f  2386//5241 2378//5221 2352//5120
f  2390//5242 2384//5243 2317//5244
f  2391//5245 2390//5242 2317//5244
f  2242//5246 2392//5247 2243//5248
f  2393//5249 2392//5247 2242//5246
f  2339//5073 2394//5250 2308//5036
f  2314//5251 2395//5252 2309//5038
f  2395//5252 2310//5039 2309//5038
f  2316//5253 2391//5245 2317//5244
f  2185//5254 2393//5249 2242//5246
f  2390//5242 2387//5255 2384//5243
f  2396//5256 2397//5257 2330//5060
f  2349//5114 2396//5256 2330//5060
f  2398//5258 2399//5259 2330//5060
f  2397//5257 2398//5258 2330//5060
f  2400//5260 2401//5261 2349//5114
f  2401//5261 2402//5262 2349//5114
f  2402//5262 2396//5256 2349//5114
f  2351//5117 2403//5263 2348//5113
f  2404//5264 2403//5263 2351//5117
f  2405//5265 2404//5264 2351//5117
f  2392//5247 2244//5266 2243//5248
f  2406//5267 2367//5268 2241//5269
f  2407//5270 2390//5271 2391//5272
f  2408//5273 2392//5274 2393//5275
f  2392//5276 2241//4823 2244//4829
f  2409//5277 2410//5278 2331//5061
f  2330//5060 2409//5277 2331//5061
f  2411//5279 2248//4836 2331//5061
f  2410//5278 2411//5279 2331//5061
f  2412//5280 2413//5281 2337//5069
f  2413//5281 2333//5065 2337//5069
f  2414//5282 2409//5277 2330//5060
f  2399//5283 2414//5283 2330//5284
f  2365//5157 2415//5285 2313//5043
f  2248//4894 2416//5286 2334//5066
f  2417//5287 2418//5288 2335//5067
f  2418//5288 2265//4878 2335//5067
f  2416//5289 2419//5290 2334//5087
f  2419//5290 2344//5088 2334//5087
f  2345//5089 2420//5291 2335//5090
f  2420//5291 2417//5292 2335//5090
f  2419//5293 2421//5294 2344//5295
f  2422//5296 2367//5268 2406//5267
f  2423//5297 2407//5298 2391//5299
f  2424//5300 2408//5300 2393//5301
f  2421//5302 2371//5168 2344//5088
f  2241//5269 2407//5270 2406//5267
f  2392//5274 2425//5303 2407//5270
f  2241//5269 2392//5274 2407//5270
f  2425//5303 2390//5271 2407//5270
f  2408//5273 2425//5303 2392//5274
f  2339//5304 2390//5271 2425//5303
f  2339//5304 2387//5305 2390//5271
f  2339//5304 2325//5306 2387//5305
f  2366//5307 2325//5306 2339//5304
f  2425//5308 2426//5309 2339//5310
f  2426//5309 2427//5311 2339//5310
f  2427//5312 2394//5250 2339//5073
f  2407//5270 2422//5296 2406//5267
f  2411//5313 2416//5286 2248//4894
f  2428//5314 2412//5280 2337//5069
f  2265//4952 2428//5314 2337//5069
f  2408//5273 2424//5315 2425//5303
f  2424//5315 2426//5316 2425//5303
f  2423//5317 2422//5296 2407//5270
f  2429//5318 2368//5319 2367//5320
f  2418//5321 2428//5314 2265//4952
f  2422//5322 2429//5318 2367//5320
f  2430//5323 2423//5317 2391//5272
f  2316//5253 2430//5324 2391//5245
f  2431//5325 2424//5315 2393//5275
f  2185//5254 2431//5326 2393//5249
f  2432//5327 2433//5328 2365//5157
f  2433//5328 2415//5285 2365//5157
f  2429//5329 2422//5296 2423//5317
f  2307//5034 2432//5327 2365//5157
f  2430//5323 2429//5329 2423//5317
f  2431//5325 2426//5316 2424//5315
f  2389//5235 2289//4964 2288//4963
f  2382//5330 2381//5331 2396//5332
f  2404//5333 2379//5334 2403//5335
f  2348//5113 2434//5336 2349//5114
f  2434//5337 2400//5338 2349//5337
f  2435//5339 2434//5336 2348//5113
f  2350//5116 2436//5340 2351//5117
f  2404//5333 2380//5341 2379//5334
f  2397//5342 2396//5332 2381//5331
f  2333//5065 2437//5343 2389//5235
f  2438//5344 2386//5220 2310//5076
f  2395//5345 2438//5344 2310//5076
f  2439//5346 2440//5347 2395//5345
f  2440//5347 2438//5344 2395//5345
f  2413//5281 2437//5343 2333//5065
f  2441//5348 2383//5207 2382//5206
f  2396//5349 2441//5350 2382//5351
f  2394//5352 2185//4671 2308//5118
f  2383//5353 2403//5354 2379//5355
f  2442//5356 2443//5357 2368//5163
f  2443//5357 2369//5164 2368//5163
f  2443//5357 2444//5358 2369//5164
f  2444//5358 2445//5359 2369//5164
f  2445//5359 2420//5291 2369//5164
f  2420//5291 2345//5089 2369//5164
f  2446//5360 2348//5113 2403//5263
f  2383//5353 2446//5361 2403//5354
f  2405//5362 2447//5363 2404//5364
f  2447//5363 2380//5365 2404//5364
f  2402//5366 2441//5350 2396//5349
f  2447//5367 2385//5224 2380//5197
f  2421//5302 2381//5205 2371//5168
f  2320//5368 2430//5324 2316//5253
f  2320//5368 2448//5369 2430//5324
f  2448//5369 2449//5370 2430//5324
f  2430//5324 2450//5371 2429//5372
f  2449//5370 2450//5371 2430//5324
f  2451//5373 2452//5374 2431//5375
f  2452//5374 2426//5376 2431//5375
f  2452//5377 2427//5311 2426//5309
f  2453//5378 2451//5373 2431//5375
f  2454//5379 2453//5380 2431//5326
f  2185//5254 2454//5379 2431//5326
f  2394//5352 2454//5381 2185//4671
f  2455//5382 2383//5207 2441//5348
f  2455//5382 2385//5224 2447//5367
f  2381//5383 2456//5383 2397//5383
f  2401//5261 2398//5258 2397//5257
f  2457//5384 2458//5385 2381//5205
f  2458//5385 2456//5386 2381//5205
f  2421//5302 2457//5384 2381//5205
f  2450//5371 2368//5163 2429//5372
f  2450//5371 2459//5387 2368//5163
f  2459//5387 2442//5356 2368//5163
f  2456//5388 2402//5388 2397//5389
f  2402//5262 2401//5261 2397//5257
f  2415//5390 2314//5044 2313//5169
f  2456//5391 2441//5392 2402//5393
f  2458//5385 2455//5382 2441//5348
f  2456//5386 2458//5385 2441//5348
f  2383//5207 2455//5382 2447//5367
f  2405//5394 2383//5395 2447//5396
f  2405//5394 2446//5397 2383//5395
f  2460//5398 2348//5113 2446//5360
f  2405//5265 2460//5398 2446//5360
f  2351//5117 2461//5399 2405//5265
f  2461//5399 2460//5398 2405//5265
f  2386//5241 2462//5400 2378//5221
f  2462//5401 2376//5192 2378//5195
f  2415//5390 2463//5402 2314//5044
f  2427//5312 2464//5403 2394//5250
f  2463//5404 2395//5252 2314//5251
f  2463//5404 2439//5405 2395//5252
f  2432//5327 2415//5285 2433//5328
f  2307//5034 2465//5406 2432//5327
f  2412//5407 2466//5408 2467//5409
f  2466//5410 2468//5411 2467//5412
f  2467//5409 2413//5413 2412//5407
f  2455//5414 2350//5115 2385//5219
f  2409//5415 2469//5416 2470//5417
f  2469//5418 2471//5419 2470//5420
f  2472//5421 2417//5292 2420//5291
f  2473//5422 2421//5294 2419//5293
f  2474//5423 2409//5424 2470//5425
f  2471//5419 2474//5426 2470//5420
f  2475//5427 2413//5428 2467//5429
f  2468//5411 2475//5430 2467//5412
f  2473//5431 2476//5432 2421//5302
f  2476//5432 2477//5433 2421//5302
f  2477//5433 2457//5384 2421//5302
f  2478//5434 2289//5435 2389//5436
f  2437//5343 2478//5437 2389//5235
f  2479//5438 2411//5279 2410//5278
f  2480//5439 2409//5277 2414//5282
f  2428//5440 2466//5441 2412//5442
f  2474//5423 2410//5443 2409//5424
f  2480//5444 2469//5416 2409//5415
f  2481//5445 2377//5446 2376//5445
f  2455//5414 2482//5447 2350//5115
f  2482//5448 2436//5340 2350//5116
f  2483//5449 2471//5419 2469//5418
f  2481//5450 2484//5451 2377//5452
f  2468//5411 2485//5453 2475//5430
f  2486//5454 2487//5455 2466//5441
f  2428//5440 2486//5454 2466//5441
f  2487//5456 2468//5411 2466//5410
f  2432//5327 2488//5457 2415//5285
f  2462//5458 2481//5459 2376//5460
f  2438//5344 2489//5461 2386//5220
f  2438//5462 2484//5463 2481//5464
f  2468//5465 2444//5466 2443//5467
f  2462//5468 2438//5469 2481//5470
f  2438//5462 2440//5471 2484//5463
f  2483//5472 2457//5473 2471//5474
f  2477//5475 2471//5476 2457//5477
f  2483//5472 2458//5478 2457//5473
f  2462//5468 2489//5479 2438//5469
f  2443//5480 2485//5481 2468//5480
f  2490//5482 2468//5411 2487//5456
f  2490//5483 2444//5484 2468//5485
f  2442//5486 2485//5487 2443//5488
f  2471//5419 2491//5489 2474//5426
f  2486//5490 2428//5491 2418//5492
f  2477//5475 2491//5493 2471//5476
f  2492//5494 2487//5495 2486//5496
f  2418//5497 2492//5498 2486//5499
f  2479//5500 2410//5501 2474//5502
f  2493//5503 2413//5504 2475//5505
f  2494//5506 2469//5507 2480//5508
f  2494//5509 2483//5449 2469//5418
f  2493//5510 2437//5343 2413//5281
f  2495//5511 2307//5034 2377//5193
f  2484//5512 2495//5513 2377//5514
f  2440//5515 2495//5513 2484//5512
f  2445//5516 2444//5484 2490//5483
f  2494//5509 2496//5517 2483//5449
f  2496//5518 2458//5519 2483//5520
f  2497//5521 2487//5495 2492//5494
f  2418//5497 2498//5522 2492//5498
f  2497//5523 2490//5482 2487//5456
f  2489//5461 2499//5524 2386//5220
f  2499//5525 2462//5400 2386//5241
f  2291//4966 2500//5526 2292//4967
f  2498//5527 2418//5288 2417//5287
f  2473//5431 2419//5290 2416//5289
f  2445//5359 2472//5421 2420//5291
f  2501//5528 2480//5439 2414//5282
f  2500//5526 2502//5529 2292//4967
f  2502//5529 2503//5530 2292//4967
f  2503//5530 2320//5050 2292//4967
f  2460//5398 2504//5531 2348//5113
f  2504//5532 2435//5533 2348//5534
f  2503//5530 2505//5535 2320//5050
f  2505//5535 2506//5536 2320//5050
f  2507//5537 2461//5399 2351//5117
f  2436//5538 2507//5539 2351//5540
f  2508//5541 2479//5500 2474//5502
f  2491//5489 2508//5542 2474//5426
f  2509//5543 2493//5503 2475//5505
f  2485//5453 2509//5544 2475//5430
f  2501//5545 2494//5506 2480//5508
f  2504//5531 2400//5260 2434//5336
f  2435//5339 2504//5531 2434//5336
f  2482//5448 2507//5537 2436//5340
f  2510//5546 2511//5547 2458//5385
f  2511//5547 2512//5548 2458//5385
f  2512//5548 2455//5382 2458//5385
f  2512//5548 2513//5549 2455//5382
f  2464//5550 2454//5381 2394//5352
f  2459//5387 2514//5551 2442//5356
f  2497//5523 2515//5552 2490//5482
f  2515//5553 2516//5554 2490//5555
f  2516//5554 2445//5556 2490//5555
f  2517//5557 2489//5557 2462//5558
f  2499//5525 2518//5559 2462//5400
f  2518//5560 2517//5561 2462//5401
f  2477//5562 2519//5563 2491//5564
f  2519//5565 2508//5542 2491//5489
f  2442//5566 2520//5566 2485//5567
f  2520//5568 2509//5544 2485//5453
f  2465//5406 2307//5034 2495//5511
f  2521//5569 2482//5447 2455//5414
f  2513//5549 2521//5570 2455//5382
f  2492//5571 2498//5572 2522//5573
f  2522//5574 2497//5521 2492//5494
f  2497//5523 2523//5575 2515//5552
f  2494//5509 2524//5576 2496//5517
f  2525//5577 2458//5578 2496//5579
f  2439//5346 2526//5580 2440//5347
f  2526//5581 2495//5582 2440//5583
f  2526//5581 2527//5584 2495//5582
f  2528//5585 2497//5521 2522//5574
f  2529//5586 2445//5359 2516//5587
f  2514//5551 2516//5587 2442//5356
f  2516//5588 2520//5588 2442//5589
f  2476//5432 2525//5590 2477//5433
f  2525//5591 2519//5563 2477//5562
f  2525//5590 2510//5546 2458//5385
f  2524//5576 2508//5542 2519//5565
f  2523//5575 2509//5544 2520//5568
f  2526//5580 2439//5346 2489//5461
f  2439//5346 2499//5524 2489//5461
f  2517//5592 2526//5592 2489//5593
f  2527//5594 2465//5406 2495//5511
f  2514//5551 2529//5586 2516//5587
f  2525//5595 2496//5596 2519//5597
f  2496//5517 2524//5576 2519//5565
f  2516//5598 2515//5599 2520//5600
f  2515//5552 2523//5575 2520//5568
f  2527//5601 2526//5602 2517//5603
f  2476//5432 2510//5546 2525//5590
f  2528//5585 2523//5604 2497//5521
f  2501//5605 2524//5606 2494//5607
f  2518//5560 2530//5608 2517//5561
f  2530//5608 2527//5594 2517//5561
f  2530//5608 2465//5406 2527//5594
f  2508//5609 2531//5610 2479//5611
f  2532//5612 2437//5343 2493//5510
f  2509//5613 2532//5614 2493//5615
f  2523//5616 2532//5614 2509//5613
f  2524//5617 2531//5610 2508//5609
f  2488//5618 2463//5402 2415//5390
f  2533//5619 2514//5551 2459//5387
f  2450//5371 2533//5619 2459//5387
f  2479//5438 2534//5620 2411//5279
f  2534//5620 2535//5621 2411//5279
f  2536//5622 2416//5286 2411//5313
f  2535//5623 2536//5622 2411//5313
f  2537//5624 2522//5625 2498//5626
f  2417//5287 2537//5627 2498//5527
f  2449//5370 2533//5619 2450//5371
f  2534//5620 2479//5438 2531//5628
f  2538//5629 2528//5630 2522//5625
f  2537//5624 2538//5629 2522//5625
f  2399//5259 2501//5528 2414//5282
f  2539//5631 2510//5546 2476//5432
f  2473//5431 2539//5631 2476//5432
f  2529//5586 2472//5421 2445//5359
f  2540//5632 2437//5343 2532//5612
f  2538//5629 2540//5632 2532//5612
f  2536//5633 2473//5431 2416//5289
f  2472//5421 2541//5634 2417//5292
f  2540//5632 2542//5635 2437//5343
f  2542//5635 2478//5437 2437//5343
f  2399//5259 2531//5628 2501//5528
f  2531//5636 2524//5606 2501//5605
f  2538//5629 2532//5612 2528//5630
f  2532//5637 2523//5604 2528//5585
f  2541//5638 2537//5627 2417//5287
f  2399//5259 2534//5620 2531//5628
f  2543//5639 2539//5631 2473//5431
f  2465//5406 2544//5640 2432//5327
f  2544//5641 2545//5642 2432//5643
f  2427//5312 2546//5644 2464//5403
f  2452//5377 2547//5645 2427//5311
f  2547//5646 2546//5644 2427//5312
f  2548//5647 2439//5405 2463//5404
f  2488//5618 2548//5648 2463//5402
f  2549//5649 2482//5447 2521//5569
f  2545//5650 2488//5457 2432//5327
f  2549//5651 2507//5537 2482//5448
f  2513//5652 2460//5653 2461//5654
f  2512//5655 2460//5653 2513//5652
f  2401//5656 2511//5657 2398//5658
f  2550//5659 2512//5548 2511//5547
f  2401//5656 2550//5660 2511//5657
f  2510//5661 2398//5662 2511//5663
f  2545//5650 2551//5664 2488//5457
f  2552//5665 2512//5548 2550//5659
f  2553//5666 2504//5531 2460//5398
f  2512//5667 2553//5668 2460//5669
f  2554//5670 2513//5671 2461//5672
f  2555//5673 2550//5674 2401//5673
f  2400//5260 2555//5675 2401//5261
f  2554//5676 2521//5570 2513//5549
f  2556//5677 2398//5678 2510//5679
f  2552//5680 2553//5668 2512//5667
f  2556//5681 2399//5259 2398//5258
f  2499//5525 2557//5682 2518//5559
f  2558//5683 2552//5665 2550//5659
f  2555//5684 2558//5685 2550//5685
f  2507//5537 2559//5686 2461//5399
f  2559//5687 2554//5688 2461//5689
f  2539//5631 2558//5683 2510//5546
f  2558//5690 2556//5690 2510//5691
f  2529//5586 2560//5692 2472//5421
f  2536//5633 2543//5639 2473//5431
f  2560//5692 2541//5634 2472//5421
f  2449//5370 2561//5693 2533//5619
f  2539//5631 2562//5694 2558//5683
f  2558//5683 2562//5694 2552//5665
f  2559//5686 2504//5531 2553//5666
f  2552//5695 2559//5696 2553//5697
f  2563//5698 2564//5699 2439//5346
f  2564//5699 2565//5700 2439//5346
f  2565//5700 2499//5524 2439//5346
f  2566//5701 2563//5698 2439//5346
f  2448//5369 2567//5702 2449//5370
f  2453//5378 2568//5703 2451//5373
f  2569//5704 2521//5570 2554//5676
f  2556//5705 2558//5706 2555//5707
f  2400//5260 2556//5681 2555//5675
f  2552//5665 2569//5704 2554//5676
f  2559//5708 2552//5709 2554//5710
f  2507//5537 2504//5531 2559//5686
f  2400//5260 2399//5259 2556//5681
f  2561//5693 2570//5711 2533//5619
f  2570//5711 2514//5551 2533//5619
f  2449//5370 2567//5702 2561//5693
f  2562//5694 2569//5704 2552//5665
f  2568//5703 2452//5374 2451//5373
f  2320//5368 2506//5712 2448//5369
f  2454//5379 2571//5713 2453//5380
f  2289//5435 2478//5434 2542//5714
f  2572//5715 2529//5586 2514//5551
f  2570//5711 2572//5715 2514//5551
f  2557//5716 2530//5608 2518//5560
f  2548//5647 2566//5717 2439//5405
f  2573//5718 2544//5640 2465//5406
f  2573//5718 2545//5650 2544//5640
f  2574//5719 2547//5645 2452//5377
f  2568//5703 2574//5720 2452//5374
f  2565//5700 2575//5721 2499//5524
f  2575//5722 2557//5682 2499//5525
f  2576//5723 2570//5711 2561//5693
f  2567//5702 2576//5723 2561//5693
f  2577//5724 2576//5723 2567//5702
f  2578//5725 2574//5720 2568//5703
f  2448//5369 2579//5726 2567//5702
f  2579//5726 2577//5724 2567//5702
f  2453//5378 2578//5725 2568//5703
f  2534//5620 2580//5727 2535//5621
f  2580//5727 2581//5728 2535//5621
f  2582//5729 2536//5622 2535//5623
f  2581//5730 2582//5729 2535//5623
f  2543//5639 2562//5694 2539//5631
f  2572//5715 2560//5692 2529//5586
f  2583//5731 2584//5732 2576//5723
f  2577//5724 2583//5731 2576//5723
f  2578//5733 2585//5734 2577//5724
f  2574//5735 2578//5733 2577//5724
f  2586//5736 2574//5735 2577//5724
f  2585//5734 2583//5731 2577//5724
f  2585//5737 2587//5738 2583//5739
f  2586//5736 2547//5740 2574//5735
f  2588//5741 2547//5740 2586//5736
f  2586//5736 2589//5742 2588//5741
f  2590//5743 2547//5740 2588//5741
f  2589//5744 2591//5745 2588//5746
f  2591//5745 2592//5747 2588//5746
f  2592//5747 2590//5748 2588//5746
f  2590//5743 2593//5749 2547//5740
f  2593//5750 2594//5751 2547//5752
f  2595//5753 2596//5754 2590//5748
f  2592//5747 2595//5753 2590//5748
f  2597//5755 2598//5756 2590//5748
f  2596//5754 2597//5755 2590//5748
f  2575//5722 2599//5757 2557//5682
f  2506//5712 2579//5726 2448//5369
f  2571//5713 2578//5758 2453//5380
f  2578//5759 2587//5738 2585//5737
f  2579//5726 2586//5736 2577//5724
f  2583//5739 2600//5760 2584//5761
f  2598//5756 2601//5762 2590//5748
f  2601//5763 2593//5764 2590//5765
f  2582//5766 2543//5639 2536//5633
f  2560//5692 2602//5767 2541//5634
f  2603//5768 2562//5694 2543//5639
f  2602//5769 2537//5627 2541//5638
f  2399//5259 2580//5727 2534//5620
f  2604//5770 2540//5632 2538//5629
f  2537//5624 2604//5770 2538//5629
f  2464//5550 2571//5771 2454//5381
f  2584//5732 2570//5711 2576//5723
f  2587//5738 2600//5760 2583//5739
f  2605//5772 2548//5648 2488//5618
f  2551//5773 2605//5772 2488//5618
f  2571//5771 2587//5738 2578//5759
f  2579//5726 2589//5742 2586//5736
f  2506//5712 2589//5742 2579//5726
f  2606//5774 2594//5751 2593//5750
f  2584//5732 2607//5775 2570//5711
f  2608//5776 2600//5760 2587//5738
f  2571//5771 2608//5776 2587//5738
f  2607//5775 2572//5715 2570//5711
f  2569//5777 2549//5649 2521//5569
f  2600//5760 2607//5778 2584//5761
f  2400//5260 2580//5727 2399//5259
f  2504//5531 2580//5727 2400//5260
f  2507//5537 2549//5651 2504//5531
f  2549//5651 2580//5727 2504//5531
f  2464//5550 2609//5779 2571//5771
f  2594//5751 2610//5780 2547//5752
f  2610//5780 2611//5781 2547//5752
f  2611//5782 2546//5644 2547//5646
f  2612//5783 2464//5403 2546//5644
f  2611//5782 2612//5783 2546//5644
f  2613//5784 2614//5785 2548//5786
f  2614//5787 2566//5717 2548//5647
f  2605//5772 2613//5788 2548//5648
f  2612//5789 2609//5779 2464//5550
f  2565//5700 2615//5790 2575//5721
f  2503//5791 2616//5792 2617//5793
f  2616//5141 2618//5142 2617//5143
f  2592//5794 2619//5795 2620//5796
f  2619//5797 2621//5798 2620//5799
f  2600//5760 2622//5800 2607//5778
f  2608//5776 2623//5801 2600//5760
f  2623//5801 2622//5800 2600//5760
f  2571//5771 2623//5801 2608//5776
f  2609//5779 2623//5801 2571//5771
f  2506//5536 2591//5745 2589//5744
f  2604//5770 2624//5802 2540//5632
f  2624//5802 2542//5635 2540//5632
f  2503//5803 2502//5803 2616//5804
f  2592//5805 2591//5805 2619//5806
f  2617//5807 2505//5808 2503//5809
f  2620//5810 2595//5811 2592//5812
f  2624//5802 2625//5813 2542//5635
f  2599//5814 2626//5815 2530//5608
f  2557//5716 2599//5814 2530//5608
f  2627//5816 2601//5817 2598//5818
f  2530//5608 2628//5819 2465//5406
f  2629//5820 2289//4964 2542//5635
f  2625//5813 2629//5820 2542//5635
f  2630//5821 2593//5764 2601//5763
f  2627//5822 2630//5823 2601//5824
f  2615//5790 2631//5825 2575//5721
f  2631//5826 2599//5757 2575//5722
f  2626//5827 2599//5828 2565//5829
f  2599//5828 2615//5830 2565//5829
f  2502//5831 2632//5832 2616//5833
f  2632//5834 2618//5835 2616//5836
f  2633//5837 2505//5838 2617//5839
f  2618//5840 2633//5841 2617//5842
f  2591//5843 2634//5844 2619//5845
f  2634//5846 2621//5847 2619//5848
f  2635//5849 2595//5850 2620//5851
f  2621//5852 2635//5853 2620//5853
f  2594//5854 2606//5855 2627//5856
f  2606//5855 2630//5857 2627//5856
f  2628//5819 2636//5858 2465//5406
f  2636//5858 2573//5718 2465//5406
f  2632//5859 2633//5860 2618//5859
f  2634//5861 2635//5862 2621//5863
f  2629//5820 2290//4965 2289//4964
f  2597//5864 2627//5865 2598//5866
f  2626//5867 2628//5868 2530//5869
f  2572//5715 2637//5870 2560//5692
f  2638//5871 2639//5872 2572//5715
f  2607//5775 2638//5871 2572//5715
f  2597//5873 2594//5874 2627//5875
f  2565//5876 2564//5877 2626//5867
f  2622//5800 2640//5878 2607//5778
f  2582//5766 2603//5768 2543//5639
f  2641//5879 2569//5704 2562//5694
f  2637//5870 2602//5767 2560//5692
f  2642//5880 2606//5774 2593//5750
f  2641//5879 2643//5881 2569//5704
f  2597//5873 2610//5882 2594//5874
f  2500//5526 2644//5883 2502//5529
f  2644//5884 2632//5885 2502//5886
f  2506//5536 2645//5887 2591//5745
f  2645//5888 2634//5889 2591//5890
f  2644//5883 2506//5536 2505//5535
f  2633//5891 2644//5892 2505//5893
f  2645//5887 2596//5754 2595//5753
f  2635//5894 2645//5895 2595//5894
f  2646//5896 2647//5897 2569//5777
f  2647//5897 2549//5649 2569//5777
f  2643//5881 2646//5898 2569//5704
f  2545//5650 2648//5899 2551//5664
f  2648//5899 2605//5900 2551//5664
f  2649//5901 2593//5764 2630//5821
f  2631//5826 2650//5902 2599//5757
f  2651//5903 2649//5904 2630//5905
f  2650//5906 2652//5907 2599//5814
f  2632//5908 2644//5909 2633//5910
f  2634//5911 2645//5912 2635//5913
f  2500//5526 2506//5536 2644//5883
f  2640//5878 2653//5914 2607//5778
f  2506//5536 2596//5754 2645//5887
f  2652//5915 2615//5915 2599//5916
f  2573//5718 2648//5899 2545//5650
f  2564//5877 2628//5868 2626//5867
f  2653//5917 2638//5871 2607//5775
f  2642//5880 2654//5918 2606//5774
f  2654//5919 2630//5920 2606//5921
f  2654//5919 2655//5922 2630//5920
f  2655//5923 2651//5924 2630//5925
f  2656//5926 2631//5825 2615//5790
f  2652//5927 2656//5928 2615//5929
f  2614//5787 2563//5930 2566//5717
f  2657//5931 2610//5932 2597//5933
f  2564//5934 2658//5935 2628//5936
f  2658//5937 2636//5858 2628//5819
f  2596//5754 2659//5938 2597//5755
f  2659//5939 2657//5931 2597//5933
f  2656//5926 2563//5698 2631//5825
f  2563//5698 2660//5940 2631//5825
f  2639//5872 2661//5941 2572//5715
f  2661//5941 2637//5870 2572//5715
f  2662//5942 2656//5943 2652//5944
f  2642//5945 2593//5764 2649//5901
f  2580//5727 2663//5946 2581//5728
f  2664//5947 2582//5729 2581//5730
f  2665//5948 2604//5770 2537//5624
f  2602//5769 2665//5949 2537//5627
f  2647//5950 2580//5727 2549//5651
f  2650//5906 2662//5951 2652//5907
f  2654//5952 2657//5953 2655//5954
f  2659//5955 2651//5956 2655//5957
f  2657//5958 2659//5959 2655//5960
f  2664//5961 2603//5768 2582//5766
f  2637//5870 2666//5962 2602//5767
f  2563//5698 2656//5926 2564//5699
f  2656//5963 2658//5964 2564//5965
f  2656//5963 2662//5966 2658//5964
f  2642//5880 2611//5781 2610//5780
f  2654//5918 2642//5880 2610//5780
f  2657//5953 2654//5952 2610//5967
f  2666//5968 2665//5949 2602//5769
f  2659//5938 2649//5904 2651//5903
f  2662//5951 2636//5858 2658//5937
f  2647//5950 2667//5969 2580//5727
f  2667//5969 2668//5970 2580//5727
f  2650//5906 2636//5858 2662//5951
f  2596//5754 2649//5904 2659//5938
f  2668//5970 2663//5946 2580//5727
f  2669//5971 2670//5972 2604//5770
f  2670//5972 2671//5973 2604//5770
f  2671//5973 2624//5802 2604//5770
f  2665//5948 2669//5971 2604//5770
f  2671//5973 2672//5974 2624//5802
f  2500//5526 2596//5754 2506//5536
f  2673//5975 2636//5858 2650//5906
f  2673//5975 2674//5976 2636//5858
f  2674//5976 2675//5977 2636//5858
f  2596//5754 2676//5978 2649//5904
f  2676//5978 2677//5979 2649//5904
f  2678//5980 2679//5981 2649//5901
f  2679//5981 2642//5945 2649//5901
f  2680//5982 2681//5983 2612//5984
f  2611//5782 2682//5985 2612//5783
f  2682//5985 2680//5986 2612//5783
f  2613//5784 2683//5987 2614//5785
f  2683//5988 2563//5930 2614//5787
f  2642//5880 2682//5989 2611//5781
f  2684//5990 2682//5989 2642//5880
f  2685//5991 2686//5992 2642//5880
f  2686//5992 2684//5990 2642//5880
f  2679//5993 2685//5991 2642//5880
f  2660//5940 2687//5994 2631//5825
f  2687//5994 2688//5995 2631//5825
f  2689//5996 2609//5779 2612//5789
f  2681//5997 2689//5996 2612//5789
f  2631//5826 2690//5998 2650//5902
f  2688//5995 2691//5999 2631//5825
f  2691//6000 2690//5998 2631//5826
f  2692//6001 2562//5694 2603//5768
f  2677//5979 2693//6002 2649//5904
f  2693//6002 2678//6003 2649//5904
f  2694//6004 2695//6005 2679//5993
f  2695//6005 2685//5991 2679//5993
f  2638//6006 2696//6007 2639//6008
f  2696//6009 2697//6010 2639//6011
f  2697//6010 2661//6012 2639//6011
f  2698//6013 2699//6014 2641//6015
f  2699//6014 2643//6016 2641//6015
f  2636//5858 2700//6017 2573//5718
f  2700//6017 2648//5899 2573//5718
f  2701//6018 2637//5870 2661//5941
f  2702//6019 2696//6007 2638//6006
f  2703//6020 2698//6021 2641//6022
f  2692//6001 2641//5879 2562//5694
f  2704//6023 2625//5813 2624//5802
f  2671//6024 2670//6024 2705//6024
f  2706//6025 2668//6026 2707//6027
f  2698//6028 2706//6029 2707//6030
f  2672//5974 2704//6023 2624//5802
f  2664//5961 2708//6031 2603//5768
f  2692//6032 2703//6020 2641//6022
f  2700//6017 2709//6033 2648//5899
f  2701//6018 2666//5962 2637//5870
f  2710//6034 2694//6004 2679//5993
f  2670//6035 2711//6036 2705//6036
f  2697//6037 2696//6038 2705//6039
f  2711//6040 2697//6037 2705//6039
f  2668//6041 2712//6042 2707//6043
f  2712//6044 2698//6028 2707//6030
f  2713//6045 2647//5897 2646//5896
f  2672//6046 2671//6047 2705//6048
f  2714//6049 2672//6046 2705//6048
f  2696//6038 2714//6050 2705//6039
f  2704//6023 2629//5820 2625//5813
f  2688//6051 2687//6052 2673//6053
f  2676//6054 2685//6055 2677//6056
f  2715//6057 2716//6058 2653//6059
f  2717//6060 2638//5871 2653//5917
f  2718//6061 2715//6062 2653//6063
f  2718//6064 2719//6065 2715//6066
f  2676//6054 2686//6067 2685//6055
f  2685//6068 2693//6069 2677//6070
f  2668//6041 2667//6071 2712//6042
f  2699//6072 2698//6028 2712//6044
f  2709//6033 2605//5900 2648//5899
f  2663//6073 2668//6026 2706//6025
f  2698//6028 2703//6074 2706//6029
f  2696//6038 2702//6075 2714//6050
f  2650//5906 2720//6076 2673//5975
f  2720//6077 2688//6078 2673//6079
f  2721//6080 2663//6081 2706//6082
f  2703//6074 2721//6083 2706//6029
f  2687//6084 2674//6085 2673//6086
f  2717//6087 2702//6088 2638//6089
f  2697//6090 2722//6091 2661//6092
f  2699//6093 2723//6093 2643//6094
f  2724//6095 2646//5898 2643//5881
f  2660//6096 2674//6085 2687//6084
f  2653//5917 2725//6097 2717//6060
f  2726//6098 2702//6088 2717//6087
f  2727//6099 2703//6100 2692//6100
f  2722//6091 2728//6101 2661//6092
f  2729//6102 2724//6095 2643//5881
f  2723//6103 2729//6104 2643//6105
f  2695//6106 2693//6107 2685//6107
f  2725//6108 2653//6109 2716//6110
f  2730//6111 2725//6108 2716//6110
f  2715//6057 2730//6112 2716//6058
f  2719//6065 2731//6113 2715//6066
f  2731//6114 2730//6112 2715//6057
f  2688//5995 2732//6115 2691//5999
f  2670//6116 2669//6117 2711//6118
f  2500//5526 2733//6119 2596//5754
f  2734//6120 2661//5941 2728//6121
f  2605//5772 2735//6122 2613//5788
f  2736//6123 2729//6102 2692//6001
f  2729//6124 2727//6125 2692//6126
f  2736//6123 2724//6095 2729//6102
f  2640//6127 2718//6128 2653//6129
f  2737//6130 2719//6065 2718//6064
f  2640//6127 2737//6131 2718//6128
f  2738//6132 2672//6133 2714//6134
f  2702//6075 2738//6135 2714//6050
f  2603//5768 2736//6123 2692//6001
f  2734//6120 2701//6018 2661//5941
f  2596//5754 2739//6136 2676//5978
f  2739//6137 2686//6138 2676//6139
f  2650//5906 2740//6140 2720//6076
f  2740//6140 2741//6141 2720//6076
f  2741//6142 2688//6143 2720//6144
f  2725//6097 2734//6120 2717//6060
f  2742//6145 2679//5981 2678//5980
f  2691//6000 2743//6146 2690//5998
f  2743//6147 2650//6148 2690//6149
f  2717//6060 2734//6120 2728//6121
f  2722//6150 2717//6151 2728//6152
f  2711//6040 2722//6153 2697//6037
f  2712//6044 2723//6154 2699//6072
f  2709//6033 2735//6155 2605//5900
f  2723//6156 2727//6157 2729//6158
f  2722//6150 2726//6159 2717//6151
f  2744//6160 2732//6115 2688//5995
f  2741//6142 2744//6161 2688//6143
f  2741//6141 2675//5977 2674//5976
f  2660//6162 2741//6163 2674//6164
f  2743//6165 2740//6140 2650//5906
f  2708//6166 2736//6167 2603//6168
f  2745//6169 2746//6170 2712//6171
f  2667//6172 2745//6169 2712//6171
f  2746//6173 2723//6154 2712//6044
f  2747//6174 2678//6003 2693//6002
f  2740//6140 2748//6175 2741//6141
f  2739//6136 2747//6174 2693//6002
f  2695//6176 2739//6177 2693//6178
f  2563//5698 2744//6160 2660//5940
f  2744//6179 2741//6163 2660//6162
f  2749//6180 2672//6133 2738//6132
f  2750//6181 2663//6182 2721//6183
f  2663//5946 2751//6184 2581//5728
f  2752//6185 2664//5947 2581//5730
f  2751//6186 2752//6185 2581//5730
f  2694//6004 2753//6187 2695//6005
f  2753//6188 2739//6177 2695//6176
f  2752//6189 2708//6031 2664//5961
f  2701//6018 2754//6190 2666//5962
f  2753//6187 2684//5990 2686//5992
f  2739//6191 2753//6192 2686//6193
f  2596//5754 2747//6174 2739//6136
f  2748//6175 2675//5977 2741//6141
f  2563//5698 2732//6115 2744//6160
f  2694//6004 2684//5990 2753//6187
f  2694//6004 2682//5989 2684//5990
f  2710//6034 2682//5989 2694//6004
f  2755//6194 2291//4966 2290//4965
f  2755//6194 2500//5526 2291//4966
f  2727//6195 2721//6083 2703//6074
f  2726//6196 2738//6135 2702//6075
f  2756//6197 2290//4965 2629//5820
f  2756//6197 2755//6194 2290//4965
f  2733//6119 2757//6198 2596//5754
f  2724//6199 2713//6045 2646//5896
f  2756//6197 2629//5820 2704//6023
f  2758//6200 2756//6197 2704//6023
f  2754//6201 2665//5949 2666//5968
f  2713//6202 2667//5969 2647//5950
f  2669//6203 2759//6204 2711//6203
f  2759//6205 2722//6153 2711//6040
f  2746//6173 2760//6206 2723//6154
f  2755//6194 2761//6207 2500//5526
f  2760//6206 2721//6083 2727//6195
f  2762//6208 2738//6135 2726//6196
f  2759//6205 2762//6208 2722//6153
f  2723//6154 2760//6206 2727//6195
f  2722//6153 2762//6208 2726//6196
f  2761//6207 2763//6209 2500//5526
f  2763//6209 2733//6119 2500//5526
f  2710//6034 2764//6210 2682//5989
f  2765//6211 2766//6212 2679//5993
f  2766//6212 2710//6034 2679//5993
f  2742//6145 2765//6213 2679//5981
f  2732//6115 2767//6214 2691//5999
f  2767//6214 2768//6215 2691//5999
f  2683//5988 2732//6216 2563//5930
f  2669//6217 2769//6218 2759//6219
f  2745//6220 2760//6221 2746//6222
f  2713//6202 2770//6223 2667//5969
f  2770//6223 2745//6224 2667//5969
f  2756//6197 2761//6207 2755//6194
f  2769//6225 2749//6226 2738//6227
f  2762//6228 2769//6225 2738//6227
f  2760//6229 2771//6230 2721//6231
f  2771//6230 2750//6232 2721//6231
f  2672//5974 2758//6200 2704//6023
f  2772//6233 2737//6234 2640//6235
f  2772//6233 2719//6236 2737//6234
f  2749//6237 2758//6200 2672//5974
f  2763//6209 2773//6238 2733//6119
f  2773//6238 2757//6198 2733//6119
f  2731//6239 2725//6240 2730//6241
f  2774//6242 2761//6207 2756//6197
f  2775//6243 2640//6235 2622//6244
f  2745//6220 2771//6245 2760//6221
f  2769//6246 2762//6247 2759//6248
f  2776//6249 2742//6250 2678//6251
f  2623//6252 2777//6253 2622//6254
f  2665//5948 2778//6255 2669//5971
f  2779//6256 2751//6184 2663//5946
f  2777//6257 2775//6243 2622//6244
f  2750//6258 2779//6256 2663//5946
f  2691//6000 2780//6259 2743//6146
f  2780//6260 2781//6261 2743//6262
f  2775//6243 2772//6233 2640//6235
f  2758//6200 2774//6242 2756//6197
f  2775//6243 2777//6257 2774//6242
f  2772//6233 2775//6243 2774//6242
f  2777//6257 2761//6207 2774//6242
f  2777//6257 2623//6263 2761//6207
f  2623//6263 2763//6209 2761//6207
f  2609//6264 2763//6209 2623//6263
f  2782//6265 2701//6018 2734//6120
f  2742//6266 2776//6267 2766//6268
f  2767//6269 2740//6270 2743//6271
f  2768//6272 2767//6269 2743//6271
f  2776//6267 2710//6273 2766//6268
f  2781//6274 2768//6275 2743//6276
f  2747//6277 2776//6278 2678//6279
f  2758//6200 2772//6233 2774//6242
f  2778//6255 2758//6200 2749//6237
f  2783//6280 2681//5983 2680//5982
f  2764//6281 2783//6282 2680//5986
f  2682//5985 2764//6281 2680//5986
f  2613//6283 2784//6284 2683//6285
f  2691//6000 2785//6286 2780//6259
f  2785//6286 2786//6287 2780//6259
f  2787//6288 2713//6045 2724//6199
f  2689//6289 2773//6238 2609//6264
f  2773//6238 2763//6209 2609//6264
f  2768//6215 2785//6290 2691//5999
f  2788//6291 2789//6292 2765//6211
f  2789//6292 2766//6212 2765//6211
f  2752//6189 2790//6293 2708//6031
f  2747//6294 2710//6273 2776//6267
f  2782//6265 2754//6190 2701//6018
f  2735//6122 2784//6295 2613//5788
f  2767//6296 2791//6297 2740//6298
f  2791//6299 2748//6300 2740//6299
f  2792//6301 2765//6213 2742//6145
f  2793//6302 2792//6303 2742//6304
f  2786//6305 2794//6306 2780//6307
f  2794//6308 2781//6309 2780//6310
f  2778//6255 2769//6311 2669//5971
f  2771//6312 2779//6256 2750//6258
f  2770//6223 2771//6312 2745//6224
f  2769//6311 2778//6255 2749//6237
f  2789//6313 2795//6314 2742//6315
f  2766//6316 2789//6313 2742//6315
f  2795//6317 2793//6318 2742//6319
f  2796//6320 2785//6290 2768//6215
f  2781//6309 2796//6321 2768//6322
f  2797//6323 2798//6324 2736//6123
f  2798//6324 2724//6095 2736//6123
f  2708//6031 2797//6323 2736//6123
f  2799//6325 2800//6326 2734//6120
f  2725//6097 2799//6325 2734//6120
f  2800//6326 2782//6265 2734//6120
f  2732//6115 2801//6327 2767//6214
f  2801//6328 2791//6297 2767//6296
f  2802//6329 2710//6330 2747//6331
f  2770//6223 2779//6256 2771//6312
f  2803//6332 2788//6291 2765//6211
f  2804//6333 2803//6332 2765//6211
f  2792//6301 2804//6334 2765//6213
f  2596//5754 2802//6335 2747//6174
f  2805//6336 2764//6210 2710//6034
f  2802//6329 2805//6337 2710//6330
f  2790//6338 2797//6339 2708//6340
f  2798//6341 2787//6288 2724//6199
f  2806//6342 2793//6343 2795//6344
f  2794//6308 2796//6321 2781//6309
f  2778//6255 2772//6233 2758//6200
f  2778//6255 2719//6236 2772//6233
f  2807//6345 2785//6290 2796//6320
f  2806//6346 2792//6347 2793//6348
f  2808//6349 2790//6293 2752//6189
f  2782//6265 2809//6350 2754//6190
f  2719//6351 2810//6352 2725//6353
f  2810//6352 2811//6354 2725//6353
f  2811//6354 2799//6355 2725//6353
f  2731//6356 2719//6357 2725//6358
f  2812//6359 2596//5754 2757//6198
f  2813//6360 2812//6359 2757//6198
f  2814//6361 2815//6362 2751//6184
f  2779//6256 2814//6361 2751//6184
f  2808//6363 2752//6185 2751//6186
f  2815//6364 2808//6363 2751//6186
f  2816//6365 2778//6255 2665//5948
f  2754//6201 2816//6366 2665//5949
f  2735//6122 2817//6367 2784//6295
f  2809//6368 2816//6366 2754//6201
f  2818//6369 2689//5996 2681//5997
f  2819//6370 2792//6347 2806//6346
f  2820//6371 2819//6370 2806//6346
f  2806//6372 2805//6373 2802//6374
f  2801//6375 2821//6376 2791//6377
f  2821//6376 2748//6378 2791//6377
f  2788//6291 2805//6336 2789//6292
f  2805//6379 2795//6380 2789//6379
f  2821//6381 2796//6382 2794//6383
f  2822//6384 2782//6265 2800//6326
f  2801//6327 2807//6345 2796//6320
f  2821//6381 2801//6385 2796//6382
f  2823//6386 2794//6306 2786//6305
f  2773//6238 2813//6360 2757//6198
f  2596//5754 2812//6359 2802//6335
f  2811//6354 2787//6288 2798//6341
f  2821//6387 2675//5977 2748//6175
f  2812//6359 2806//6346 2802//6335
f  2795//6344 2805//6388 2806//6342
f  2788//6291 2764//6210 2805//6336
f  2824//6389 2804//6334 2792//6301
f  2732//6115 2807//6345 2801//6327
f  2787//6390 2770//6223 2713//6202
f  2675//5977 2700//6017 2636//5858
f  2675//5977 2821//6387 2794//6306
f  2823//6386 2825//6391 2794//6306
f  2825//6391 2675//5977 2794//6306
f  2826//6392 2820//6371 2806//6346
f  2812//6359 2826//6392 2806//6346
f  2819//6370 2824//6393 2792//6347
f  2785//6286 2824//6389 2786//6287
f  2824//6393 2823//6386 2786//6305
f  2709//6033 2817//6394 2735//6155
f  2804//6333 2827//6395 2803//6332
f  2827//6395 2828//6396 2803//6332
f  2807//6345 2827//6395 2785//6290
f  2827//6395 2804//6333 2785//6290
f  2804//6334 2824//6389 2785//6286
f  2829//6397 2827//6395 2807//6345
f  2830//6398 2813//6360 2773//6238
f  2822//6384 2809//6350 2782//6265
f  2831//6399 2798//6324 2797//6323
f  2790//6293 2831//6399 2797//6323
f  2799//6325 2832//6400 2800//6326
f  2832//6400 2822//6384 2800//6326
f  2689//6289 2830//6398 2773//6238
f  2787//6390 2814//6361 2770//6223
f  2814//6361 2779//6256 2770//6223
f  2819//6401 2827//6402 2824//6403
f  2816//6365 2833//6404 2778//6255
f  2675//5977 2834//6405 2700//6017
f  2834//6405 2709//6033 2700//6017
f  2810//6406 2719//6236 2778//6255
f  2835//6407 2810//6406 2778//6255
f  2833//6404 2835//6407 2778//6255
f  2836//6408 2831//6399 2790//6293
f  2818//6409 2830//6398 2689//6289
f  2829//6410 2837//6411 2824//6412
f  2827//6413 2829//6410 2824//6412
f  2837//6414 2823//6415 2824//6416
f  2838//6417 2839//6418 2832//6400
f  2839//6418 2840//6419 2832//6400
f  2840//6419 2841//6420 2832//6400
f  2841//6421 2842//6421 2832//6422
f  2842//6423 2843//6424 2832//6400
f  2799//6325 2838//6417 2832//6400
f  2843//6424 2836//6408 2832//6400
f  2836//6408 2822//6384 2832//6400
f  2843//6425 2844//6425 2831//6426
f  2844//6427 2845//6428 2831//6428
f  2845//6429 2846//6430 2831//6399
f  2846//6430 2798//6324 2831//6399
f  2836//6408 2843//6424 2831//6399
f  2819//6431 2828//6431 2827//6432
f  2811//6354 2798//6341 2799//6355
f  2847//6433 2838//6417 2799//6325
f  2798//6324 2847//6433 2799//6325
f  2846//6430 2847//6433 2798//6324
f  2848//6434 2849//6435 2842//6436
f  2843//6437 2850//6438 2844//6439
f  2849//6440 2843//6441 2842//6442
f  2851//6443 2845//6444 2844//6445
f  2850//6446 2852//6447 2844//6448
f  2852//6447 2851//6449 2844//6448
f  2853//6450 2817//6394 2709//6033
f  2854//6451 2850//6438 2843//6437
f  2841//6452 2851//6443 2842//6453
f  2852//6454 2848//6455 2842//6456
f  2851//6457 2852//6454 2842//6456
f  2845//6429 2855//6458 2846//6430
f  2856//6459 2855//6460 2845//6461
f  2857//6462 2847//6463 2846//6464
f  2858//6465 2841//6466 2840//6467
f  2859//6468 2839//6469 2838//6470
f  2839//6418 2855//6458 2840//6419
f  2855//6471 2858//6472 2840//6473
f  2847//6474 2859//6475 2838//6476
f  2849//6477 2854//6478 2843//6479
f  2841//6452 2845//6444 2851//6443
f  2841//6480 2860//6481 2845//6482
f  2860//6481 2856//6483 2845//6482
f  2855//6458 2839//6418 2846//6430
f  2839//6484 2861//6485 2846//6486
f  2861//6485 2857//6487 2846//6486
f  2856//6459 2862//6488 2855//6460
f  2857//6462 2863//6489 2847//6463
f  2858//6465 2860//6490 2841//6466
f  2859//6468 2861//6491 2839//6469
f  2834//6405 2853//6450 2709//6033
f  2862//6492 2858//6472 2855//6471
f  2863//6493 2859//6475 2847//6474
f  2864//6494 2836//6408 2808//6349
f  2836//6408 2790//6293 2808//6349
f  2822//6384 2864//6494 2809//6350
f  2788//6495 2783//6282 2764//6281
f  2865//6496 2681//6497 2783//6282
f  2788//6495 2865//6496 2783//6282
f  2784//6498 2866//6499 2683//6500
f  2866//6501 2732//6216 2683//5988
f  2866//6501 2807//6502 2732//6216
f  2820//6503 2828//6504 2819//6505
f  2817//6367 2867//6506 2784//6295
f  2865//6507 2818//6369 2681//5997
f  2815//6364 2864//6508 2808//6363
f  2864//6508 2816//6366 2809//6368
f  2836//6408 2864//6494 2822//6384
f  2829//6509 2868//6510 2837//6511
f  2825//6512 2823//6513 2837//6514
f  2868//6515 2825//6516 2837//6517
f  2814//6361 2869//6518 2815//6362
f  2815//6364 2816//6366 2864//6508
f  2807//6345 2870//6519 2829//6397
f  2870//6520 2868//6510 2829//6509
f  2871//6521 2828//6522 2820//6523
f  2870//6519 2803//6332 2828//6396
f  2871//6521 2870//6524 2828//6522
f  2826//6392 2871//6525 2820//6371
f  2872//6526 2873//6527 2874//6528
f  2873//6529 2854//6530 2874//6531
f  2875//6532 2872//6532 2874//6532
f  2854//6530 2849//6533 2874//6531
f  2872//6534 2876//6535 2873//6534
f  2850//6536 2854//6530 2873//6529
f  2877//6537 2875//6538 2874//6539
f  2849//6533 2877//6540 2874//6531
f  2876//6541 2878//6542 2873//6541
f  2878//6543 2850//6536 2873//6529
f  2848//6544 2877//6540 2849//6533
f  2879//6545 2875//6546 2877//6547
f  2878//6543 2880//6548 2850//6536
f  2880//6548 2852//6549 2850//6536
f  2876//6550 2880//6551 2878//6552
f  2881//6553 2879//6554 2877//6555
f  2882//6556 2881//6553 2877//6555
f  2848//6544 2882//6557 2877//6540
f  2852//6549 2882//6557 2848//6544
f  2880//6548 2882//6557 2852//6549
f  2876//6550 2883//6558 2880//6551
f  2880//6559 2881//6560 2882//6561
f  2883//6562 2881//6560 2880//6559
f  2884//6563 2818//6369 2865//6507
f  2885//6564 2886//6565 2787//6390
f  2886//6565 2814//6361 2787//6390
f  2826//6392 2675//5977 2825//6391
f  2868//6566 2870//6567 2871//6568
f  2871//6568 2825//6569 2868//6566
f  2807//6345 2803//6332 2870//6519
f  2869//6518 2816//6365 2815//6362
f  2869//6518 2872//6570 2816//6365
f  2872//6570 2887//6571 2816//6365
f  2887//6571 2833//6404 2816//6365
f  2886//6565 2888//6572 2814//6361
f  2888//6572 2889//6573 2814//6361
f  2833//6404 2890//6574 2835//6407
f  2813//6360 2891//6575 2812//6359
f  2889//6573 2869//6518 2814//6361
f  2887//6571 2892//6576 2833//6404
f  2892//6576 2890//6574 2833//6404
f  2892//6577 2893//6578 2894//6579
f  2895//6580 2892//6581 2894//6582
f  2860//6583 2895//6584 2894//6585
f  2893//6586 2896//6587 2894//6588
f  2896//6587 2897//6589 2894//6588
f  2856//6590 2860//6583 2894//6585
f  2897//6591 2856//6590 2894//6585
f  2860//6583 2858//6592 2895//6584
f  2890//6593 2892//6593 2895//6594
f  2896//6595 2889//6596 2897//6597
f  2889//6596 2898//6598 2897//6597
f  2898//6599 2856//6590 2897//6591
f  2899//6600 2890//6601 2895//6602
f  2858//6592 2899//6603 2895//6584
f  2898//6599 2900//6604 2856//6590
f  2900//6604 2862//6605 2856//6590
f  2862//6605 2901//6606 2858//6592
f  2901//6606 2899//6603 2858//6592
f  2900//6604 2902//6607 2862//6605
f  2902//6607 2901//6606 2862//6605
f  2889//6608 2900//6609 2898//6610
f  2903//6611 2890//6612 2899//6613
f  2889//6608 2888//6614 2900//6609
f  2901//6615 2903//6616 2899//6617
f  2904//6618 2902//6619 2900//6620
f  2888//6621 2904//6618 2900//6620
f  2902//6622 2903//6623 2901//6624
f  2905//6625 2906//6626 2907//6627
f  2908//6628 2905//6629 2907//6630
f  2861//6631 2908//6632 2907//6633
f  2906//6634 2909//6635 2907//6636
f  2857//6637 2861//6631 2907//6633
f  2909//6638 2857//6637 2907//6633
f  2910//6639 2905//6640 2908//6641
f  2861//6631 2859//6642 2908//6632
f  2906//6643 2886//6644 2909//6645
f  2911//6646 2910//6647 2908//6648
f  2859//6642 2911//6649 2908//6632
f  2886//6650 2912//6651 2909//6652
f  2912//6653 2857//6637 2909//6638
f  2913//6654 2910//6655 2911//6656
f  2912//6653 2863//6657 2857//6637
f  2863//6657 2914//6658 2859//6642
f  2914//6658 2911//6649 2859//6642
f  2912//6653 2914//6658 2863//6657
f  2886//6650 2885//6659 2912//6651
f  2914//6660 2913//6661 2911//6662
f  2885//6663 2915//6664 2912//6665
f  2916//6666 2913//6661 2914//6660
f  2915//6667 2914//6668 2912//6669
f  2915//6670 2916//6671 2914//6672
f  2910//6673 2913//6674 2810//6406
f  2835//6407 2910//6673 2810//6406
f  2903//6675 2905//6676 2835//6407
f  2905//6676 2910//6673 2835//6407
f  2890//6574 2903//6675 2835//6407
f  2871//6525 2826//6392 2825//6391
f  2803//6677 2865//6496 2788//6495
f  2917//6678 2918//6679 2865//6680
f  2803//6677 2917//6681 2865//6496
f  2784//6682 2918//6683 2866//6684
f  2918//6679 2917//6678 2866//6685
f  2917//6681 2919//6686 2866//6501
f  2919//6686 2807//6502 2866//6501
f  2913//6674 2811//6687 2810//6406
f  2834//6405 2920//6688 2853//6450
f  2811//6687 2885//6564 2787//6390
f  2920//6688 2817//6394 2853//6450
f  2867//6506 2921//6689 2784//6295
f  2921//6689 2918//6690 2784//6295
f  2918//6690 2884//6563 2865//6507
f  2830//6398 2922//6691 2813//6360
f  2922//6691 2891//6575 2813//6360
f  2919//6692 2803//6332 2807//6345
f  2904//6693 2903//6623 2902//6622
f  2920//6688 2867//6694 2817//6394
f  2891//6575 2826//6392 2812//6359
f  2818//6409 2922//6691 2830//6398
f  2916//6695 2915//6696 2811//6687
f  2915//6696 2885//6564 2811//6687
f  2886//6565 2904//6697 2888//6572
f  2884//6698 2922//6691 2818//6409
f  2896//6699 2869//6518 2889//6573
f  2906//6700 2904//6697 2886//6565
f  2923//6701 2884//6563 2918//6690
f  2883//6702 2876//6703 2896//6699
f  2876//6703 2869//6518 2896//6699
f  2876//6703 2872//6570 2869//6518
f  2872//6570 2875//6704 2887//6571
f  2875//6704 2879//6705 2887//6571
f  2879//6705 2892//6576 2887//6571
f  2879//6705 2881//6706 2892//6576
f  2913//6674 2916//6695 2811//6687
f  2904//6697 2906//6700 2903//6675
f  2906//6700 2905//6676 2903//6675
f  2919//6686 2917//6681 2803//6677
f  2893//6707 2883//6702 2896//6699
f  2881//6706 2883//6702 2893//6707
f  2881//6706 2893//6707 2892//6576
f  2921//6689 2923//6701 2918//6690
f  2675//5977 2924//6708 2834//6405
f  2924//6708 2920//6688 2834//6405
f  2922//6691 2925//6709 2891//6575
f  2826//6392 2924//6708 2675//5977
f  2925//6709 2826//6392 2891//6575
f  2920//6688 2921//6710 2867//6694
f  2926//6711 2924//6708 2826//6392
f  2925//6709 2922//6691 2884//6698
f  2925//6709 2926//6711 2826//6392
f  2923//6712 2927//6713 2884//6698
f  2927//6713 2925//6709 2884//6698
f  2926//6711 2921//6710 2920//6688
f  2924//6708 2926//6711 2920//6688
f  2927//6713 2926//6711 2925//6709
f  2927//6713 2921//6710 2926//6711
f  2927//6713 2923//6712 2921//6710
f  2928//6714 2929//6715 2930//6716
f  2931//6717 2932//6718 2930//6716
f  2929//6715 2931//6717 2930//6716
f  2933//6719 2932//6720 2931//6721
f  2934//6722 2933//6719 2931//6721
f  2929//6715 2935//6723 2931//6717
f  2936//6724 2928//6714 2930//6716
f  2937//6725 2938//6726 2929//6727
f  2928//6728 2937//6725 2929//6727
f  2938//6729 2935//6730 2929//6731
f  2939//6732 2937//6733 2928//6734
f  2936//6724 2940//6735 2928//6714
f  2940//6736 2939//6732 2928//6734
f  2938//6737 2941//6738 2935//6739
f  2942//6740 2934//6722 2931//6721
f  2935//6723 2942//6741 2931//6717
f  2943//6742 2942//6741 2935//6723
f  2941//6738 2943//6743 2935//6739
f  2936//6724 2943//6742 2940//6735
f  2943//6744 2939//6745 2940//6746
f  2936//6724 2942//6741 2943//6742
f  2941//6747 2939//6745 2943//6744
f  2934//6722 2944//6748 2933//6719
f  2945//6749 2944//6748 2934//6722
f  2946//6750 2942//6741 2936//6724
f  2947//6751 2934//6722 2942//6740
f  2946//6750 2947//6752 2942//6741
f  2944//6748 2948//6753 2933//6719
f  2949//6754 2950//6755 2930//6756
f  2950//6755 2951//6757 2930//6756
f  2932//6718 2949//6758 2930//6716
f  2948//6753 2952//6759 2932//6720
f  2933//6719 2948//6753 2932//6720
f  2952//6760 2949//6758 2932//6718
f  2930//6756 2953//6761 2936//6762
f  2953//6761 2954//6763 2936//6762
f  2954//6763 2946//6764 2936//6762
f  2955//6765 2945//6749 2934//6722
f  2955//6765 2934//6722 2947//6751
f  2956//6766 2950//6755 2949//6754
f  2957//6767 2956//6766 2949//6754
f  2958//6768 2959//6769 2954//6768
f  2960//6770 2961//6771 2951//6772
f  2960//6773 2962//6774 2961//6775
f  2958//6776 2963//6777 2959//6778
f  2964//6779 2965//6780 2949//6758
f  2952//6760 2964//6779 2949//6758
f  2966//6781 2964//6779 2952//6760
f  2950//6782 2960//6770 2951//6772
f  2953//6783 2958//6784 2954//6785
f  2967//6786 2968//6787 2946//6764
f  2954//6763 2967//6786 2946//6764
f  2959//6788 2967//6789 2954//6790
f  2969//6791 2970//6792 2930//6756
f  2951//6757 2969//6791 2930//6756
f  2971//6793 2967//6789 2959//6788
f  2963//6794 2971//6795 2959//6796
f  2972//6797 2958//6798 2953//6799
f  2972//6800 2963//6801 2958//6802
f  2944//6748 2973//6803 2948//6753
f  2961//6804 2969//6805 2951//6806
f  2974//6807 2969//6805 2961//6804
f  2962//6808 2974//6809 2961//6810
f  2960//6811 2975//6812 2962//6813
f  2975//6814 2974//6815 2962//6814
f  2972//6816 2971//6817 2963//6818
f  2975//6819 2960//6820 2950//6821
f  2956//6822 2975//6819 2950//6821
f  2930//6756 2976//6823 2953//6761
f  2976//6824 2972//6825 2953//6824
f  2977//6826 2965//6827 2964//6828
f  2978//6829 2977//6830 2964//6831
f  2976//6823 2968//6787 2967//6786
f  2971//6832 2976//6833 2967//6834
f  2977//6826 2979//6835 2965//6827
f  2966//6836 2978//6829 2964//6831
f  2968//6787 2980//6837 2946//6764
f  2980//6838 2947//6752 2946//6750
f  2981//6839 2955//6765 2947//6751
f  2980//6838 2981//6840 2947//6752
f  2957//6767 2969//6791 2956//6766
f  2974//6841 2975//6842 2956//6843
f  2969//6844 2974//6841 2956//6843
f  2930//6756 2968//6787 2976//6823
f  2971//6845 2972//6846 2976//6847
f  2973//6803 2952//6759 2948//6753
f  2982//6848 2949//6758 2965//6780
f  2979//6849 2982//6850 2965//6851
f  2952//6760 2983//6852 2966//6781
f  2983//6853 2984//6854 2966//6855
f  2984//6854 2978//6856 2966//6855
f  2982//6848 2957//6857 2949//6758
f  2973//6803 2985//6858 2952//6759
f  2985//6859 2983//6852 2952//6760
f  2986//6860 2945//6749 2955//6765
f  2979//6861 2984//6862 2982//6863
f  2983//6852 2957//6857 2982//6848
f  2984//6862 2983//6864 2982//6863
f  2985//6859 2957//6857 2983//6852
f  2944//6748 2987//6865 2973//6803
f  2988//6866 2938//6867 2937//6868
f  2939//6869 2988//6870 2937//6871
f  2970//6792 2989//6872 2930//6756
f  2989//6872 2968//6787 2930//6756
f  2988//6873 2941//6874 2938//6874
f  2988//6875 2939//6876 2941//6875
f  2981//6839 2986//6860 2955//6765
f  2968//6787 2990//6877 2980//6837
f  2990//6878 2991//6879 2980//6838
f  2991//6879 2992//6880 2980//6838
f  2992//6880 2981//6840 2980//6838
f  2992//6880 2993//6881 2981//6840
f  2994//6882 2990//6877 2968//6787
f  2987//6865 2995//6883 2973//6803
f  2996//6884 2997//6885 2992//6886
f  2997//6885 2993//6887 2992//6886
f  2991//6888 2996//6889 2992//6890
f  2998//6891 2996//6889 2991//6888
f  2999//6892 2979//6893 2977//6894
f  2978//6895 2999//6896 2977//6897
f  2997//6898 3000//6899 2993//6900
f  3001//6901 2981//6840 2993//6881
f  3000//6899 3001//6902 2993//6900
f  2984//6903 2999//6904 2978//6904
f  2990//6878 3001//6901 2991//6879
f  3001//6905 2998//6906 2991//6905
f  2999//6907 2984//6908 2979//6909
f  2990//6878 2981//6840 3001//6901
f  3000//6910 2998//6911 3001//6912
f  2995//6883 2985//6858 2973//6803
f  3002//6913 2986//6860 2981//6839
f  2990//6878 3002//6914 2981//6840
f  3003//6915 2945//6749 2986//6860
f  2995//6883 3004//6916 2985//6858
f  3004//6917 2957//6857 2985//6859
f  3005//6918 2997//6919 2996//6920
f  2998//6921 3005//6921 2996//6921
f  3006//6922 3007//6923 2957//6767
f  3008//6924 3006//6922 2957//6767
f  3004//6917 3008//6925 2957//6857
f  2994//6882 3009//6926 2990//6877
f  3005//6927 3000//6928 2997//6928
f  3002//6913 3003//6915 2986//6860
f  2998//6929 3000//6930 3005//6931
f  3009//6926 3010//6932 2990//6877
f  3010//6933 3002//6914 2990//6878
f  3011//6934 2945//6749 3003//6915
f  3012//6935 3013//6936 3007//6937
f  2994//6938 3014//6939 3009//6940
f  3012//6941 3015//6942 3013//6943
f  3007//6923 3016//6944 2957//6767
f  3016//6944 3017//6945 2957//6767
f  3017//6945 2969//6791 2957//6767
f  3018//6946 3009//6947 3014//6948
f  3019//6949 3018//6950 3014//6951
f  3006//6952 3012//6953 3007//6954
f  2995//6883 3020//6955 3004//6916
f  3020//6955 3021//6956 3004//6916
f  3021//6957 3008//6925 3004//6917
f  3022//6958 3014//6959 2994//6960
f  3022//6961 3019//6962 3014//6963
f  2987//6865 3020//6955 2995//6883
f  3013//6964 3016//6965 3007//6966
f  3023//6967 3010//6932 3009//6926
f  3018//6946 3023//6968 3009//6947
f  3024//6969 3012//6953 3006//6952
f  3024//6970 3015//6971 3012//6972
f  3024//6973 3025//6974 3015//6975
f  3025//6976 3013//6976 3015//6977
f  3022//6978 3026//6979 3019//6980
f  3026//6981 3018//6981 3019//6981
f  2968//6787 3027//6982 2994//6882
f  3027//6983 3022//6984 2994//6985
f  3028//6986 3017//6945 3016//6944
f  3025//6987 3028//6988 3016//6989
f  3013//6990 3025//6987 3016//6989
f  3006//6991 3025//6992 3024//6993
f  3008//6924 3028//6986 3006//6922
f  3028//6994 3025//6992 3006//6991
f  3026//6995 3022//6984 3027//6983
f  3029//6996 3010//6932 3023//6967
f  3026//6997 3023//6998 3018//6999
f  3008//6924 3017//6945 3028//6986
f  3029//6996 3023//6967 3027//6982
f  2968//6787 3029//6996 3027//6982
f  3023//6998 3026//6997 3027//7000
f  3030//7001 3003//6915 3002//6913
f  3010//6933 3030//7002 3002//6914
f  3031//7003 3011//6934 3003//6915
f  3032//7004 3017//6945 3008//6924
f  3033//7005 3034//7006 3008//6925
f  3034//7006 3032//7007 3008//6925
f  3021//6957 3033//7005 3008//6925
f  3035//7008 3033//7005 3021//6957
f  3036//7009 3021//6956 3020//6955
f  2987//6865 3037//7010 3020//6955
f  3037//7010 3036//7009 3020//6955
f  3038//7011 2969//6791 3017//6945
f  3032//7004 3038//7011 3017//6945
f  3039//7012 3040//7013 3033//7014
f  3040//7013 3034//7015 3033//7014
f  3030//7001 3031//7003 3003//6915
f  3035//7016 3039//7017 3033//7018
f  2970//7019 2944//7020 2989//7021
f  2945//7022 2989//7021 2944//7020
f  3041//7023 3039//7017 3035//7016
f  3039//7024 3042//7025 3040//7026
f  2945//7022 2968//7027 2989//7021
f  2987//7028 2944//7020 2970//7019
f  3043//7029 3032//7007 3034//7006
f  3040//7030 3043//7031 3034//7032
f  3040//7030 3044//7033 3043//7031
f  3029//6996 3045//7034 3010//6932
f  3045//7035 3030//7002 3010//6933
f  3041//7036 3042//7037 3039//7038
f  3011//7039 2968//7027 2945//7022
f  3021//6957 3043//7029 3035//7008
f  3043//7040 3041//7041 3035//7042
f  3044//7043 3040//7044 3042//7045
f  3041//7046 3044//7047 3042//7048
f  3021//6957 3032//7007 3043//7029
f  3044//7049 3041//7041 3043//7040
f  3046//7050 3021//6956 3036//7009
f  3037//7051 2987//7052 2970//7053
f  3047//7054 3037//7051 2970//7053
f  2969//6791 3047//7055 2970//6792
f  3046//7056 3032//7007 3021//6957
f  3038//7011 3047//7055 2969//6791
f  3011//7039 3048//7057 2968//7027
f  3048//7058 3029//6996 2968//6787
f  3049//7059 3029//6996 3048//7058
f  3031//7003 3050//7060 3011//6934
f  3051//7061 3052//7062 3032//7004
f  3052//7062 3038//7011 3032//7004
f  3029//6996 3053//7063 3045//7034
f  3053//7064 3054//7065 3045//7035
f  3054//7065 3055//7066 3045//7035
f  3055//7066 3030//7002 3045//7035
f  3056//7067 3031//7003 3030//7001
f  3055//7066 3057//7068 3030//7002
f  3057//7068 3056//7069 3030//7002
f  3058//7070 3055//7071 3059//7072
f  3060//7073 3058//7074 3059//7075
f  3061//7076 3036//7009 3037//7010
f  3062//7077 3061//7076 3037//7010
f  3063//7078 3062//7077 3037//7010
f  3047//7079 3063//7080 3037//7081
f  3064//7082 3065//7083 3011//6934
f  3050//7060 3064//7082 3011//6934
f  3065//7084 3048//7085 3011//7086
f  3057//7087 3055//7071 3058//7070
f  3066//7088 3063//7080 3047//7079
f  3038//7011 3066//7089 3047//7055
f  3054//7090 3067//7091 3059//7092
f  3055//7093 3054//7090 3059//7092
f  3067//7094 3060//7095 3059//7096
f  3068//7097 3057//7098 3058//7099
f  3060//7100 3068//7100 3058//7101
f  3067//7102 3068//7103 3060//7104
f  3061//7076 3046//7050 3036//7009
f  3065//7084 3069//7105 3048//7085
f  3069//7106 3049//7059 3048//7058
f  3070//7107 3062//7077 3063//7078
f  3064//7082 3071//7108 3065//7083
f  3071//7108 3072//7109 3065//7083
f  3046//7056 3051//7110 3032//7007
f  3073//7111 3057//7098 3068//7097
f  3074//7112 3049//7059 3069//7106
f  3067//7113 3073//7114 3068//7115
f  3054//7116 3073//7117 3067//7116
f  3069//7118 3063//7119 3066//7120
f  3038//7011 3069//7106 3066//7089
f  3038//7011 3074//7112 3069//7106
f  3075//7121 3070//7107 3063//7078
f  3076//7122 3075//7121 3063//7078
f  3077//7123 3063//7078 3065//7083
f  3072//7109 3077//7123 3065//7083
f  3063//7119 3069//7118 3065//7124
f  3056//7067 3050//7060 3031//7003
f  3073//7125 3056//7069 3057//7068
f  3077//7123 3076//7122 3063//7078
f  3053//7064 3073//7125 3054//7065
f  3053//7064 3056//7069 3073//7125
f  3078//7126 3053//7063 3029//6996
f  3079//7127 3050//7060 3056//7067
f  3053//7064 3079//7128 3056//7069
f  3080//7129 3046//7050 3061//7076
f  3080//7130 3051//7110 3046//7056
f  3078//7126 3081//7131 3053//7063
f  3081//7131 3082//7132 3053//7063
f  3082//7133 3079//7128 3053//7064
f  3083//7134 3052//7062 3051//7061
f  3084//7135 3085//7136 3038//7137
f  3052//7138 3084//7135 3038//7137
f  3029//7139 3086//7139 3078//7140
f  3084//7141 3087//7141 3085//7142
f  3088//7143 3078//7144 3086//7143
f  3089//7145 3088//7146 3086//7147
f  3052//7148 3090//7149 3084//7150
f  3090//7151 3087//7151 3084//7152
f  3029//7153 3091//7154 3086//7155
f  3091//7156 3089//7157 3086//7158
f  3083//7159 3090//7160 3052//7161
f  3049//7162 3091//7163 3029//7164
f  3092//7165 3093//7166 3038//7011
f  3085//7167 3092//7168 3038//7169
f  3088//7170 3081//7171 3078//7172
f  3094//7173 3092//7168 3085//7167
f  3087//7174 3094//7174 3085//7174
f  3090//7175 3094//7176 3087//7177
f  3091//7178 3095//7179 3089//7178
f  3095//7180 3088//7181 3089//7182
f  3094//7183 3090//7184 3083//7185
f  3049//7186 3095//7187 3091//7186
f  3079//7127 3064//7082 3050//7060
f  3095//7188 3081//7189 3088//7190
f  3049//7059 3082//7132 3081//7131
f  3095//7188 3049//7191 3081//7189
f  3096//7192 3074//7112 3038//7011
f  3097//7193 3098//7194 3038//7011
f  3098//7194 3096//7192 3038//7011
f  3074//7112 3082//7132 3049//7059
f  3051//7061 3093//7166 3092//7165
f  3083//7134 3051//7061 3092//7165
f  3094//7195 3083//7196 3092//7197
f  3062//7077 3080//7129 3061//7076
f  3099//7198 3100//7199 3101//7200
f  3100//7201 3102//7202 3101//7203
f  3102//7204 3103//7205 3101//7206
f  3104//7207 3099//7198 3101//7200
f  3103//7208 3104//7209 3101//7210
f  3100//7211 3105//7212 3102//7213
f  3106//7214 3104//7215 3103//7216
f  3107//7217 3106//7218 3103//7218
f  3102//7219 3107//7219 3103//7219
f  3105//7220 3107//7221 3102//7222
f  3106//7223 3099//7224 3104//7225
f  3108//7226 3099//7224 3106//7223
f  3105//7227 3108//7228 3107//7227
f  3107//7229 3108//7230 3106//7231
f  3079//7127 3071//7108 3064//7082
f  3109//7232 3071//7108 3079//7127
f  3082//7133 3109//7233 3079//7128
f  3110//7234 3080//7129 3062//7077
f  3070//7107 3110//7234 3062//7077
f  3100//7235 3099//7236 3051//7110
f  3099//7236 3093//7237 3051//7110
f  3080//7130 3100//7235 3051//7110
f  3110//7238 3105//7239 3080//7130
f  3105//7239 3100//7235 3080//7130
f  3111//7240 3038//7011 3093//7166
f  3112//7241 3113//7242 3114//7243
f  3113//7244 3115//7245 3114//7246
f  3116//7247 3112//7241 3114//7243
f  3113//7248 3117//7249 3115//7250
f  3117//7251 3118//7252 3115//7253
f  3119//7254 3114//7255 3115//7256
f  3118//7257 3119//7258 3115//7257
f  3074//7259 3109//7233 3082//7133
f  3112//7260 3120//7261 3113//7262
f  3120//7261 3117//7263 3113//7262
f  3121//7264 3116//7265 3114//7266
f  3119//7267 3121//7264 3114//7266
f  3120//7268 3118//7269 3117//7270
f  3118//7271 3121//7271 3119//7272
f  3120//7268 3121//7273 3118//7269
f  3108//7274 3093//7237 3099//7236
f  3110//7238 3108//7274 3105//7239
f  3122//7275 3123//7276 3074//7112
f  3096//7192 3122//7275 3074//7112
f  3110//7238 3093//7237 3108//7274
f  3112//7277 3109//7233 3074//7259
f  3124//7278 3071//7108 3109//7232
f  3112//7277 3116//7279 3109//7233
f  3116//7279 3124//7280 3109//7233
f  3125//7281 3126//7282 3038//7011
f  3126//7282 3097//7193 3038//7011
f  3111//7240 3125//7281 3038//7011
f  3110//7238 3111//7283 3093//7237
f  3127//7284 3128//7285 3129//7285
f  3130//7286 3131//7286 3129//7286
f  3131//7287 3127//7288 3129//7289
f  3128//7290 3130//7291 3129//7292
f  3132//7293 3130//7294 3128//7295
f  3133//7296 3132//7293 3128//7295
f  3132//7297 3134//7298 3130//7299
f  3135//7300 3133//7301 3128//7302
f  3134//7298 3131//7303 3130//7299
f  3127//7304 3135//7300 3128//7302
f  3136//7305 3098//7194 3097//7193
f  3126//7282 3137//7306 3097//7193
f  3137//7306 3138//7307 3097//7193
f  3134//7308 3139//7309 3131//7309
f  3139//7310 3127//7311 3131//7312
f  3139//7310 3135//7313 3127//7311
f  3124//7278 3072//7109 3071//7108
f  3075//7121 3110//7234 3070//7107
f  3074//7259 3120//7314 3112//7277
f  3123//7315 3120//7314 3074//7259
f  3116//7279 3121//7316 3124//7280
f  3140//7317 3122//7318 3096//7319
f  3141//7320 3140//7317 3096//7319
f  3141//7321 3142//7321 3140//7322
f  3126//7323 3143//7324 3144//7325
f  3143//7326 3145//7326 3144//7326
f  3146//7327 3126//7328 3144//7329
f  3145//7330 3146//7331 3144//7332
f  3125//7333 3143//7324 3126//7323
f  3098//7334 3141//7335 3096//7336
f  3098//7334 3147//7337 3141//7335
f  3147//7338 3142//7339 3141//7339
f  3146//7327 3137//7340 3126//7328
f  3148//7341 3122//7342 3140//7343
f  3142//7344 3148//7345 3140//7346
f  3123//7315 3121//7316 3120//7314
f  3123//7315 3124//7280 3121//7316
f  3143//7347 3149//7348 3145//7349
f  3149//7350 3146//7351 3145//7352
f  3147//7353 3150//7353 3142//7354
f  3150//7355 3148//7356 3142//7357
f  3111//7240 3151//7358 3125//7281
f  3149//7359 3143//7360 3125//7361
f  3151//7362 3149//7359 3125//7361
f  3151//7358 3138//7307 3137//7306
f  3146//7363 3151//7364 3137//7365
f  3136//7305 3123//7276 3122//7275
f  3148//7366 3136//7367 3122//7368
f  3149//7369 3151//7364 3146//7363
f  3150//7370 3136//7367 3148//7366
f  3136//7371 3147//7372 3098//7373
f  3152//7374 3110//7234 3075//7121
f  3097//7193 3123//7276 3136//7305
f  3150//7375 3147//7372 3136//7371
f  3111//7240 3138//7307 3151//7358
f  3153//7376 3072//7109 3124//7278
f  3123//7315 3153//7377 3124//7280
f  3097//7378 3153//7377 3123//7315
f  3152//7379 3138//7380 3111//7283
f  3110//7238 3152//7379 3111//7283
f  3153//7376 3077//7123 3072//7109
f  3154//7381 3152//7374 3075//7121
f  3076//7122 3154//7381 3075//7121
f  3153//7376 3076//7122 3077//7123
f  3132//7382 3133//7383 3138//7380
f  3152//7379 3132//7382 3138//7380
f  3154//7384 3134//7385 3152//7379
f  3134//7385 3132//7382 3152//7379
f  3153//7376 3154//7381 3076//7122
f  3097//7378 3154//7384 3153//7377
f  3133//7383 3135//7386 3138//7380
f  3135//7386 3097//7378 3138//7380
f  3154//7384 3139//7387 3134//7385
f  3139//7387 3097//7378 3135//7386
f  3154//7384 3097//7378 3139//7387
f  3155//155 3156//155 3157//155
f  3156//7388 3158//7389 3157//7390
f  3158//7389 3159//7391 3157//7390
f  3160//573 3161//573 3158//573
f  3161//573 3159//573 3158//573
f  3162//155 3163//155 3156//155
f  3155//155 3162//155 3156//155
f  3163//7392 3164//7393 3156//7388
f  3164//7393 3158//7389 3156//7388
f  3164//7393 3165//7394 3158//7389
f  3165//573 3160//573 3158//573
f  3166//155 3155//155 3157//155
f  3159//7391 3166//7395 3157//7390
f  3163//7392 3167//7396 3164//7393
f  3159//7391 3168//7397 3166//7395
f  3161//573 3169//573 3159//573
f  3169//573 3168//573 3159//573
f  3167//7398 3170//7399 3164//7400
f  3170//7401 3165//7402 3164//7403
f  3170//7401 3171//7404 3165//7402
f  3172//573 3160//573 3165//573
f  3171//573 3172//573 3165//573
f  3162//155 3173//155 3163//155
f  3173//7405 3167//7396 3163//7392
f  3174//573 3170//7399 3167//7398
f  3161//7406 3175//7407 3169//7408
f  3176//7409 3175//7407 3161//7406
f  3176//573 3177//573 3175//573
f  3178//155 3155//155 3166//155
f  3168//7397 3178//7410 3166//7395
f  3169//573 3179//573 3168//573
f  3177//7411 3179//7412 3169//7413
f  3175//7414 3177//7411 3169//7413
f  3160//7415 3176//7416 3161//7417
f  3180//573 3177//573 3176//573
f  3160//7415 3180//7418 3176//7416
f  3180//573 3181//573 3177//573
f  3182//573 3174//573 3167//7398
f  3173//7405 3182//7419 3167//7396
f  3168//7397 3183//7420 3178//7410
f  3179//573 3183//573 3168//573
f  3181//7421 3184//7422 3179//7423
f  3177//7424 3181//7421 3179//7423
f  3184//573 3183//573 3179//573
f  3172//7425 3180//7426 3160//7427
f  3172//7425 3185//7428 3180//7426
f  3185//573 3181//573 3180//573
f  3186//573 3183//573 3184//573
f  3187//573 3186//573 3184//573
f  3171//573 3188//573 3172//573
f  3185//7429 3172//7430 3184//7431
f  3181//7432 3185//7429 3184//7431
f  3172//573 3188//573 3184//573
f  3188//573 3189//573 3184//573
f  3189//573 3187//573 3184//573
f  3162//155 3190//155 3173//155
f  3190//7433 3182//7419 3173//7405
f  3191//573 3174//573 3182//573
f  3190//7433 3191//7434 3182//7419
f  3192//155 3155//155 3178//155
f  3183//7420 3192//7435 3178//7410
f  3193//573 3174//573 3191//573
f  3194//156 3155//155 3192//155
f  3195//155 3194//156 3192//155
f  3183//7420 3186//7436 3192//7435
f  3186//7436 3195//7437 3192//7435
f  3174//573 3196//573 3197//573
f  3170//7399 3174//573 3197//573
f  3171//7438 3170//7439 3197//7440
f  3188//7441 3171//7438 3197//7440
f  3196//573 3198//573 3197//573
f  3189//7442 3188//7443 3197//7444
f  3198//7445 3189//7442 3197//7444
f  3162//155 3199//155 3190//155
f  3199//7446 3191//7434 3190//7433
f  3200//573 3193//573 3191//573
f  3199//7446 3200//7447 3191//7434
f  3201//155 3194//156 3195//155
f  3202//7448 3201//7449 3195//7437
f  3186//7436 3202//7448 3195//7437
f  3203//7450 3201//7449 3202//7448
f  3196//573 3204//573 3198//573
f  3204//573 3205//7451 3198//573
f  3187//7452 3189//7453 3198//7454
f  3205//7455 3187//7452 3198//7454
f  3205//7451 3203//7456 3202//7457
f  3186//7458 3187//7459 3202//7460
f  3187//7459 3205//7461 3202//7460
f  3196//7462 3162//7463 3155//7464
f  3174//7465 3162//7463 3196//7462
f  3204//7466 3196//7467 3155//7468
f  3194//7469 3204//7466 3155//7468
f  3193//7470 3162//7471 3174//7472
f  3206//156 3194//156 3201//155
f  3207//155 3206//156 3201//155
f  3203//7450 3207//7473 3201//7449
f  3206//7474 3204//7475 3194//7476
f  3204//573 3208//573 3205//7451
f  3208//573 3203//7456 3205//7451
f  3209//155 3199//155 3162//155
f  3193//7470 3209//7477 3162//7471
f  3210//155 3211//155 3209//155
f  3211//155 3212//155 3209//155
f  3212//155 3199//155 3209//155
f  3193//7478 3210//7479 3209//7480
f  3200//573 3213//573 3193//573
f  3213//573 3214//573 3193//573
f  3207//155 3215//155 3206//156
f  3215//155 3216//155 3206//156
f  3217//7481 3204//7482 3206//7483
f  3216//7484 3217//7481 3206//7483
f  3217//573 3218//573 3204//573
f  3218//573 3208//573 3204//573
f  3219//155 3211//155 3210//155
f  3220//7485 3210//7479 3193//7478
f  3221//573 3220//573 3193//573
f  3214//573 3221//573 3193//573
f  3212//7486 3200//7447 3199//7446
f  3212//7486 3213//7487 3200//7447
f  3203//7450 3208//7488 3207//7473
f  3215//155 3222//155 3216//155
f  3223//573 3218//573 3217//573
f  3224//155 3219//155 3210//155
f  3221//573 3225//573 3220//573
f  3226//155 3210//155 3216//155
f  3222//155 3227//155 3216//155
f  3227//155 3226//155 3216//155
f  3220//7489 3217//7490 3216//7491
f  3210//7492 3220//7489 3216//7491
f  3228//573 3223//573 3217//573
f  3220//573 3229//573 3217//573
f  3229//573 3228//573 3217//573
f  3230//155 3224//155 3210//155
f  3226//155 3230//155 3210//155
f  3225//573 3231//573 3220//573
f  3231//573 3229//573 3220//573
f  3211//7493 3213//7487 3212//7486
f  3211//7493 3214//7494 3213//7487
f  3208//7488 3215//7495 3207//7473
f  3208//7488 3218//7496 3215//7495
f  3219//7497 3214//7494 3211//7493
f  3219//7497 3221//7498 3214//7494
f  3218//7496 3223//7499 3215//7495
f  3223//7499 3222//7500 3215//7495
f  3224//7501 3221//7498 3219//7497
f  3224//7501 3225//7502 3221//7498
f  3223//7499 3228//7503 3222//7500
f  3228//7503 3227//7504 3222//7500
f  3230//7505 3225//7502 3224//7501
f  3230//7505 3231//7506 3225//7502
f  3228//7503 3229//7507 3227//7504
f  3229//7507 3226//7508 3227//7504
f  3226//7508 3231//7506 3230//7505
f  3226//7508 3229//7507 3231//7506
f  3232//7509 3233//7510 3234//7511
f  3235//7512 3232//7509 3234//7511
f  3236//7513 3237//7514 3234//7515
f  3237//7514 3235//7516 3234//7515
f  3232//7517 3238//7518 3233//7519
f  3238//7518 3239//7520 3233//7519
f  3240//7521 3241//7522 3242//7523
f  3243//7524 3240//7521 3242//7523
f  3244//7525 3243//7526 3242//7527
f  3245//7528 3243//7526 3244//7525
f  3246//7529 3245//7529 3244//7530
f  3247//7531 3246//7532 3244//7533
f  3242//7527 3235//7512 3244//7525
f  3235//7534 3247//7535 3244//7536
f  3233//7510 3245//7528 3234//7511
f  3245//7537 3236//7538 3234//7539
f  3242//7527 3232//7509 3235//7512
f  3233//7510 3243//7526 3245//7528
f  3246//7540 3236//7538 3245//7537
f  3237//7541 3247//7535 3235//7534
f  3242//7527 3248//7542 3232//7509
f  3248//7542 3249//7543 3232//7509
f  3249//7544 3238//7518 3232//7517
f  3241//7522 3248//7545 3242//7523
f  3250//7546 3243//7526 3233//7510
f  3239//7520 3250//7547 3233//7519
f  3251//7548 3240//7521 3243//7524
f  3250//7546 3251//7549 3243//7526
f  3248//7542 3252//7550 3249//7543
f  3252//7550 3253//7551 3249//7543
f  3253//7552 3238//7518 3249//7544
f  3241//7522 3252//7553 3248//7545
f  3254//7554 3251//7549 3250//7546
f  3239//7520 3254//7555 3250//7547
f  3255//7556 3256//7557 3253//7551
f  3252//7550 3255//7556 3253//7551
f  3257//7558 3238//7518 3253//7552
f  3241//7522 3258//7559 3252//7553
f  3258//7560 3259//7561 3252//7550
f  3259//7561 3255//7556 3252//7550
f  3260//7562 3261//7563 3254//7554
f  3261//7563 3251//7549 3254//7554
f  3262//7564 3240//7521 3251//7548
f  3261//7563 3263//7565 3251//7549
f  3263//7565 3262//7566 3251//7549
f  3264//7567 3237//7568 3236//7567
f  3264//7569 3247//7570 3237//7570
f  3246//7571 3264//7572 3236//7573
f  3264//7574 3246//7575 3247//7574
f  3265//7576 3266//7577 3261//7578
f  3267//7579 3256//7580 3255//7581
f  3266//7577 3263//7582 3261//7578
f  3260//7583 3265//7583 3261//7583
f  3259//7584 3267//7585 3255//7586
f  3267//7579 3268//7587 3256//7580
f  3269//7588 3267//7585 3259//7584
f  3270//7589 3265//7590 3260//7591
f  3268//7592 3271//7593 3256//7594
f  3266//7595 3272//7596 3263//7597
f  3273//7598 3262//7566 3263//7565
f  3272//7599 3273//7600 3263//7601
f  3274//7602 3253//7551 3256//7557
f  3271//7593 3274//7603 3256//7594
f  3254//7554 3273//7598 3260//7562
f  3273//7604 3270//7604 3260//7605
f  3275//7606 3269//7607 3259//7606
f  3274//7602 3276//7608 3253//7551
f  3276//7609 3257//7558 3253//7552
f  3258//7560 3274//7602 3259//7561
f  3274//7610 3275//7611 3259//7612
f  3258//7560 3276//7608 3274//7602
f  3272//7613 3270//7614 3273//7614
f  3271//7615 3275//7616 3274//7617
f  3254//7554 3262//7566 3273//7598
f  3239//7520 3277//7618 3254//7555
f  3278//7619 3240//7521 3262//7564
f  3258//7560 3279//7620 3276//7608
f  3279//7620 3280//7621 3276//7608
f  3280//156 3257//7558 3276//7609
f  3241//7522 3279//7622 3258//7559
f  3281//7623 3266//7624 3265//7625
f  3282//7626 3268//7627 3267//7628
f  3269//7629 3282//7630 3267//7631
f  3270//7632 3281//7633 3265//7634
f  3283//7635 3262//7566 3254//7554
f  3277//7618 3283//7636 3254//7555
f  3284//7637 3278//7619 3262//7564
f  3283//7635 3284//7638 3262//7566
f  3282//7639 3271//7640 3268//7641
f  3281//7642 3272//7643 3266//7643
f  3275//7644 3282//7645 3269//7646
f  3275//7647 3271//7647 3282//7647
f  3270//7648 3272//7649 3281//7649
f  3241//7522 3194//573 3279//7622
f  3279//7620 3195//7650 3280//7621
f  3194//573 3195//573 3279//7622
f  3195//7650 3285//7651 3280//7621
f  3194//7652 3285//7653 3195//7654
f  3285//7651 3286//7655 3280//7621
f  3286//155 3257//7558 3280//156
f  3287//7656 3284//7638 3283//7635
f  3277//7618 3287//156 3283//7636
f  3241//7657 3239//7658 3238//7659
f  3240//7660 3239//7658 3241//7657
f  3257//7661 3241//7662 3238//7663
f  3240//7664 3277//7665 3239//7666
f  3278//7667 3277//7665 3240//7664
f  3194//7668 3241//7662 3257//7661
f  3288//7669 3289//7670 3286//7655
f  3289//7670 3290//7671 3286//7655
f  3285//7651 3288//7669 3286//7655
f  3291//7672 3257//7558 3286//155
f  3290//155 3291//7672 3286//155
f  3292//7673 3293//7674 3285//7651
f  3293//7674 3288//7669 3285//7651
f  3294//7675 3292//7676 3285//7653
f  3194//7652 3294//7675 3285//7653
f  3295//7677 3296//7678 3287//7656
f  3296//7678 3297//7679 3287//7656
f  3297//7679 3284//7638 3287//7656
f  3277//7618 3295//156 3287//156
f  3298//7680 3278//7619 3284//7637
f  3297//7679 3299//7681 3284//7638
f  3299//7681 3298//7682 3284//7638
f  3300//7683 3289//7684 3288//7685
f  3299//7686 3297//7687 3301//7688
f  3302//7689 3299//7686 3301//7688
f  3303//7690 3302//7690 3301//7691
f  3294//7692 3194//7693 3257//7694
f  3291//7695 3294//7692 3257//7694
f  3304//7696 3300//7697 3288//7698
f  3304//7699 3305//7700 3300//7701
f  3305//7702 3306//7702 3300//7703
f  3306//7704 3289//7684 3300//7683
f  3296//7705 3301//7706 3297//7707
f  3293//7708 3304//7709 3288//7710
f  3307//7711 3295//156 3277//7618
f  3278//7712 3307//7713 3277//7714
f  3298//7680 3209//7715 3278//7619
f  3209//7716 3307//7713 3278//7712
f  3308//7717 3301//7706 3296//7705
f  3309//7718 3304//7719 3293//7720
f  3308//7721 3303//7722 3301//7723
f  3309//7724 3305//7725 3304//7726
f  3305//7727 3310//7728 3306//7729
f  3310//7730 3289//7731 3306//7732
f  3309//7733 3310//7734 3305//7735
f  3308//7736 3311//7736 3303//7736
f  3311//7737 3302//7737 3303//7738
f  3311//7739 3299//7740 3302//7741
f  3310//7730 3312//7742 3289//7731
f  3312//7743 3290//7671 3289//7670
f  3290//155 3313//7744 3291//7672
f  3314//7745 3299//7740 3311//7739
f  3314//7746 3298//7682 3299//7681
f  3312//7747 3309//7748 3293//7747
f  3292//7673 3312//7743 3293//7674
f  3295//7677 3314//7746 3296//7678
f  3314//7749 3308//7750 3296//7751
f  3309//7752 3312//7753 3310//7754
f  3314//7749 3311//7755 3308//7750
f  3315//155 3295//156 3307//7711
f  3298//7680 3212//7756 3209//7715
f  3212//600 3316//7757 3209//573
f  3316//7757 3317//7758 3209//573
f  3317//7759 3307//7760 3209//7761
f  3292//7673 3290//7671 3312//7743
f  3295//7677 3298//7682 3314//7746
f  3292//7673 3313//7762 3290//7671
f  3318//7763 3319//7764 3291//7672
f  3313//7744 3318//7763 3291//7672
f  3216//7765 3294//7766 3291//7767
f  3319//7768 3216//7765 3291//7767
f  3320//7769 3292//7676 3294//7675
f  3216//7770 3320//7769 3294//7675
f  3315//7771 3298//7682 3295//7677
f  3321//7772 3322//7773 3307//7711
f  3322//7773 3315//155 3307//7711
f  3323//7774 3321//7772 3307//7711
f  3317//7759 3323//7775 3307//7760
f  3324//7776 3325//7777 3317//7758
f  3316//7757 3324//7776 3317//7758
f  3318//7763 3326//7778 3319//7764
f  3326//7778 3327//7779 3319//7764
f  3328//7780 3320//7769 3216//7770
f  3329//7781 3321//7772 3323//7774
f  3325//7777 3330//7782 3317//7758
f  3327//7779 3331//7783 3319//7764
f  3331//7783 3323//7774 3319//7764
f  3317//7784 3216//7785 3319//7786
f  3323//7787 3317//7784 3319//7786
f  3317//7758 3332//7788 3216//7770
f  3332//7788 3328//7780 3216//7770
f  3333//7789 3329//7781 3323//7774
f  3331//7783 3333//7789 3323//7774
f  3330//7782 3334//7790 3317//7758
f  3334//7790 3332//7788 3317//7758
f  3292//7673 3320//7791 3313//7762
f  3315//7771 3212//7792 3298//7682
f  3315//7771 3316//7793 3212//7792
f  3320//7791 3318//7794 3313//7762
f  3322//7795 3316//7793 3315//7771
f  3322//7795 3324//7796 3316//7793
f  3335//7797 3336//7798 3337//7799
f  3336//7800 3338//7801 3337//7802
f  3339//7803 3340//7804 3341//7805
f  3342//7806 3339//7807 3341//7808
f  3340//7804 3343//7809 3341//7805
f  3344//7810 3335//7811 3337//7812
f  3343//7813 3345//7814 3341//7815
f  3335//7816 3346//7817 3336//7817
f  3347//7818 3340//7819 3339//7820
f  3342//7821 3347//7822 3339//7823
f  3348//7824 3337//7825 3338//7824
f  3336//7826 3349//7827 3338//7828
f  3349//7829 3348//7830 3338//7829
f  3341//7831 3350//7832 3342//7833
f  3350//7834 3351//7834 3342//7834
f  3351//7835 3347//7836 3342//7837
f  3352//7838 3340//7819 3347//7818
f  3345//7814 3350//7839 3341//7815
f  3346//7840 3349//7841 3336//7842
f  3348//7843 3344//7844 3337//7845
f  3345//7846 3351//7847 3350//7848
f  3351//7849 3352//7850 3347//7851
f  3353//7852 3344//7853 3348//7853
f  3345//7846 3354//7854 3351//7847
f  3346//7855 3353//7856 3349//7857
f  3354//7858 3352//7850 3351//7849
f  3353//7856 3348//7859 3349//7857
f  3321//7860 3343//7861 3322//7795
f  3343//7861 3340//7862 3322//7795
f  3340//7862 3324//7796 3322//7795
f  3335//7863 3344//7864 3318//7794
f  3344//7864 3326//7865 3318//7794
f  3320//7791 3335//7863 3318//7794
f  3328//7866 3346//7867 3320//7791
f  3346//7867 3335//7863 3320//7791
f  3321//7860 3345//7868 3343//7861
f  3340//7862 3352//7869 3324//7796
f  3352//7869 3325//7870 3324//7796
f  3355//7871 3356//7872 3357//7873
f  3358//7874 3359//7875 3357//7875
f  3359//7876 3355//7877 3357//7878
f  3356//7879 3358//7880 3357//7881
f  3354//7882 3325//7870 3352//7869
f  3353//7883 3326//7865 3344//7864
f  3328//7866 3353//7883 3346//7867
f  3321//7860 3354//7882 3345//7868
f  3328//7866 3326//7865 3353//7883
f  3321//7860 3325//7870 3354//7882
f  3355//7884 3360//7885 3356//7886
f  3361//7887 3360//7885 3355//7884
f  3360//7888 3362//7889 3356//7890
f  3362//7889 3358//7891 3356//7890
f  3359//7892 3361//7893 3355//7894
f  3363//7895 3361//7893 3359//7892
f  3362//7896 3363//7897 3358//7898
f  3358//7899 3363//7899 3359//7900
f  3328//7866 3327//7901 3326//7865
f  3329//7902 3325//7870 3321//7860
f  3329//7902 3330//7903 3325//7870
f  3332//7904 3331//7905 3327//7901
f  3328//7866 3332//7904 3327//7901
f  3333//7906 3330//7903 3329//7902
f  3333//7906 3334//7907 3330//7903
f  3362//7908 3360//7909 3331//7905
f  3332//7904 3362//7908 3331//7905
f  3334//7907 3363//7910 3332//7904
f  3363//7910 3362//7908 3332//7904
f  3331//7905 3360//7909 3333//7906
f  3360//7909 3361//7911 3333//7906
f  3361//7911 3334//7907 3333//7906
f  3361//7911 3363//7910 3334//7907

