# File produced by Open Asset Import Library (http://www.assimp.sf.net)
# (assimp v5.2.0)
mtllib white.mtl

mtllib lf_proximal_link.mtl

# 3250 vertex positions
v  -0.00469239615 -0.0045834193 -0.0105025768
v  -0.00528462604 -0.00456850464 -0.0106877638
v  -0.00472350791 -0.00465528853 -0.0103923315
v  -0.00542985834 -0.00465843966 -0.0105724288
v  -0.00481001288 -0.00476097316 -0.0100970436
v  -0.00570758153 -0.00474048546 -0.0103769656
v  -0.00336513855 -0.00460510654 -0.0101369303
v  -0.00333643984 -0.00474720076 -0.00984817464
v  -0.00333549827 -0.0047859014 -0.00968967658
v  -0.00622811727 -0.00428575417 -0.0108563891
v  -0.00623573083 -0.00442151818 -0.0108288955
v  -0.00600691512 -0.00446880795 -0.0107680522
v  -0.00580355898 -0.00474265125 -0.0103806611
v  -0.00576457195 -0.00470002368 -0.0105113415
v  -0.00632575899 -0.00474592485 -0.0104523962
v  -0.00627925992 -0.0046623447 -0.0106502334
v  -0.00600128621 -0.00432085618 -0.0108122705
v  -0.00622757152 -0.0042530098 -0.0108574163
v  -0.00575957447 -0.00451220432 -0.0107210446
v  -0.00575181842 -0.00439621508 -0.0107737603
v  -0.0054244455 -0.00451447302 -0.010719642
v  -0.00526398607 -0.0045667137 -0.0106914118
v  -0.00624443963 -0.00449948525 -0.010794363
v  -0.00625690073 -0.00457507838 -0.0107434671
v  -0.00576114934 -0.00462128874 -0.0106297564
v  -0.0240274277 -0.00429966534 -0.00942336116
v  -0.0239397455 -0.00429964578 -0.0093365889
v  -0.0234694872 -0.00434175646 -0.0120199574
v  -0.024321666 -0.00429966301 -0.00979392976
v  -0.0247249249 -0.00429959549 -0.0110770753
v  -0.0246925335 -0.00429958152 -0.0115643768
v  -0.0244060121 -0.00431424845 -0.0123592615
v  -0.0246705841 -0.00429961225 -0.0106329033
v  -0.0245201346 -0.00429963367 -0.0101634031
v  -0.0234694891 0.00454240432 -0.0120197712
v  -0.0245134011 0.00450019957 -0.0101478249
v  -0.024664985 0.0045002019 -0.0106073059
v  -0.0247256737 0.00450019306 -0.0111057544
v  -0.0246925317 0.0045002033 -0.0115641924
v  -0.024406014 0.0045148991 -0.0123590771
v  -0.0239397381 0.00450016977 -0.00933640264
v  -0.0242671371 0.00450020935 -0.00971334521
v  -0.0243295841 0.00450020982 -0.00980598852
v  -0.0266937632 -0.000846600276 -0.00824343599
v  -0.026714921 0.000100239318 -0.0081850104
v  -0.0264678579 0.00010035318 -0.00886693411
v  -0.0267065484 0.000699333847 -0.00820812397
v  -0.0266937129 0.00104836258 -0.00824354123
v  -0.0264678653 -0.00298624695 -0.0088669816
v  -0.0265204199 -0.00266960403 -0.00872193277
v  -0.0265391376 -0.00254307035 -0.00867024716
v  -0.0266282149 0.00198842469 -0.00842428859
v  -0.0265199579 0.00287312269 -0.00872308668
v  -0.0264678672 0.00318675349 -0.00886685308
v  -0.0266297162 -0.00177200069 -0.00842022337
v  -0.0266650021 -0.00134280638 -0.00832283404
v  -0.00355659146 -0.00380989327 -0.0139550027
v  -0.00354807638 -0.00384049327 -0.0139792683
v  -0.00358897913 -0.00377917802 -0.0139948372
v  -0.00377932563 -0.00362427533 -0.0139398528
v  -0.00389799941 -0.00359955546 -0.0138685508
v  -0.00376233924 -0.0036238553 -0.013847312
v  -0.00367068872 -0.00370008242 -0.0140051227
v  -0.00365554914 -0.00371670001 -0.0140142208
v  -0.0035763178 -0.00386110158 -0.0140618291
v  -0.00354794599 -0.00396883953 -0.01405966
v  -0.00355512835 -0.0039995457 -0.0140745658
v  -0.0037260456 -0.00365348323 -0.0139718605
v  -0.00372419506 -0.00364030758 -0.0138413385
v  -0.00364448316 -0.00369270938 -0.0138288625
v  -0.00357870385 -0.00376257906 -0.0139121041
v  -0.00470914319 -0.00453068921 -0.0107330717
v  -0.00500183832 -0.00455290824 -0.0106985634
v  -0.00469412189 -0.00452938862 -0.0107355472
v  -0.00443872903 -0.00450615911 -0.0107853645
v  -0.00426837429 -0.0044923774 -0.0108100697
v  -0.00513083953 -0.00456042448 -0.0106921699
v  -0.00341958273 -0.00421457039 -0.0118597597
v  -0.003697915 -0.00433547329 -0.0113896495
v  -0.0033685416 -0.00456207665 -0.0103219356
v  -0.00405959692 -0.00444621453 -0.0109718377
v  -0.00424157269 -0.00449094269 -0.0108093172
v  -0.00553413108 -0.00441533374 -0.0107638547
v  -0.0051151067 -0.00453756051 -0.0107071828
v  -0.00594330207 -0.00424431963 -0.0108247157
v  -0.00588550791 -0.00417373562 -0.01085483
v  -0.00560853165 -0.00427257549 -0.0108393384
v  -0.00551184826 -0.00430385396 -0.0108353365
v  -0.0054649245 -0.00431838166 -0.0108336229
v  -0.0050806636 -0.00447615515 -0.0107597718
v  -0.00521585159 -0.0043876539 -0.0108266175
v  -0.0051101679 -0.00441270135 -0.0108245006
v  -0.00504751503 -0.00442621903 -0.0108234202
v  -0.00464301556 -0.00446056528 -0.0108164893
v  -0.00462040398 -0.00446248148 -0.0108161019
v  -0.00594149902 -0.00374378706 -0.0109451823
v  -0.00598608796 -0.00413464522 -0.0108623784
v  -0.00629888289 -0.00378330774 -0.0109196194
v  -0.00666050799 -0.00381130655 -0.0109575875
v  -0.00657608826 -0.0038720516 -0.0109405303
v  -0.00628670491 -0.00400911644 -0.0108938674
v  -0.0066448953 -0.00386422151 -0.0109538902
v  -0.006334709 -0.00406263815 -0.010888312
v  -0.0065365918 -0.00398243405 -0.0109288432
v  -0.00678584911 -0.00424750568 -0.0109864641
v  -0.0067953784 -0.00441415003 -0.0109594055
v  -0.00682024285 -0.00457032956 -0.0108732823
v  -0.00685709948 -0.00468464009 -0.0107391067
v  -0.00689835148 -0.00474051572 -0.0105849309
v  -0.00720373914 -0.00473713549 -0.0106585752
v  -0.0080392668 -0.00473929849 -0.0107917609
v  -0.00802439544 -0.00466847187 -0.010975034
v  -0.0080145197 -0.00452318182 -0.0111230249
v  -0.00801250059 -0.00441326434 -0.0111779599
v  -0.00764812203 -0.00424374221 -0.0111620314
v  -0.00801464077 -0.00424677413 -0.0112068662
v  -0.00801316276 -0.00431063445 -0.0112026017
v  -0.0142263696 -0.00461696507 -0.00992305856
v  -0.0143080866 -0.00460596755 -0.00994226243
v  -0.0142369252 -0.00483534159 -0.0098740356
v  -0.0143280709 -0.00469750678 -0.00993831363
v  -0.0143498285 -0.00477933558 -0.00991961546
v  -0.0143874977 -0.00489313761 -0.00986479968
v  -0.0142541528 -0.00495626172 -0.00979339052
v  -0.0144081712 -0.00494410237 -0.009825496
v  -0.0142658474 -0.00500831194 -0.00973861385
v  -0.0144569147 -0.00503664231 -0.00971077196
v  -0.0142868804 -0.00507063232 -0.00963994674
v  -0.0143064344 -0.00510330172 -0.00954817422
v  -0.0145232743 -0.00509578269 -0.00950133149
v  -0.0143224467 -0.00511538982 -0.00947295316
v  -0.0143183852 -0.00460311724 -0.00994493533
v  -0.0143380258 -0.00469593797 -0.00994080026
v  -0.0143591668 -0.00477695791 -0.00992221106
v  -0.0143968342 -0.00489168335 -0.00986690447
v  -0.014418833 -0.00494564325 -0.00982479751
v  -0.0144665167 -0.00503497617 -0.00971277989
v  -0.0145338774 -0.00509361643 -0.00950351078
v  -0.014784026 -0.0047752331 -0.0100153713
v  -0.0147667583 -0.00455347728 -0.0100644492
v  -0.014821209 -0.00494159106 -0.00988767669
v  -0.0148684289 -0.00503410026 -0.00971653685
v  -0.0149039747 -0.00505341729 -0.00958367251
v  -0.026067894 -0.00349976961 -0.00997097325
v  -0.0263614524 -0.00349978404 -0.00916071702
v  -0.0260678921 -0.00324366824 -0.00997096673
v  -0.0263946094 -0.00335479761 -0.0090691857
v  -0.0264257807 -0.00320685632 -0.00898314174
v  -0.0264852364 -0.00320252264 -0.00887375232
v  -0.0248736367 -0.00320254429 -0.00824598409
v  -0.0247212052 -0.00324488222 -0.00948305894
v  -0.0248234496 -0.00322448695 -0.00889818743
v  -0.0248657502 -0.00321329269 -0.00857220963
v  -0.0246925373 -0.00419972464 -0.0115643758
v  -0.0247257277 -0.00419973396 -0.0111200092
v  -0.0246457811 -0.00419974141 -0.010528517
v  -0.0244279075 -0.00419974932 -0.00997283496
v  -0.0237649046 -0.00424107304 -0.0091865249
v  -0.0237650201 -0.00449776463 -0.00918656308
v  -0.0237660762 -0.00447905436 -0.00918731093
v  -0.02379038 -0.004396718 -0.00920689479
v  -0.0238176007 -0.00435754191 -0.00922912732
v  -0.0237656571 -0.00419977959 -0.00918710977
v  -0.0238501187 -0.0043287538 -0.00925659854
v  -0.0238813944 -0.00431170641 -0.00928372517
v  -0.0240845159 -0.00419976376 -0.0094846366
v  -0.0245523863 -0.00429955684 -0.0124122929
v  -0.02455239 -0.00419969996 -0.012412291
v  -0.0270490125 -0.00260800542 -0.00858449936
v  -0.0271460079 -0.00181360694 -0.00833770633
v  -0.0270272624 -0.00185148977 -0.00825719256
v  -0.0264381617 -0.00358348712 -0.0090608513
v  -0.0263873171 -0.00353814056 -0.00911159161
v  -0.0270981863 -0.000886004185 -0.00807437859
v  -0.027139077 0.000100245219 -0.00802298728
v  -0.0270172246 -0.000885254063 -0.00805082917
v  -0.0270162467 0.000100240402 -0.00798782054
v  -0.0269293655 -0.000881225104 -0.00805110019
v  -0.0271778926 -0.00144800323 -0.00825604983
v  -0.0272132456 -0.000879956759 -0.00816518627
v  -0.0272278041 -0.000494962267 -0.00812762231
v  -0.0272355396 -5.94489138e-05 -0.00810760539
v  -0.0272361282 0.00010023838 -0.00810607243
v  -0.0265961699 -0.00272673788 -0.00861394219
v  -0.0269883573 -0.00298062642 -0.00873930566
v  -0.027022969 -0.00277635828 -0.00865095388
v  -0.0269719157 -0.0027873707 -0.00860635843
v  -0.0269050337 -0.0027923414 -0.00857031997
v  -0.0268256422 -0.0027888543 -0.00854982156
v  -0.0269468036 -0.00184974889 -0.00823479239
v  -0.0267412476 -0.00277575781 -0.00855029374
v  -0.026860131 -0.00184152322 -0.00823518727
v  -0.0266618207 -0.00275406707 -0.00857295841
v  -0.0267778132 -0.00182743173 -0.00825977232
v  -0.0267093685 -0.00180951599 -0.00830418896
v  -0.0267755315 -0.000865293841 -0.00812297966
v  -0.0268454961 -0.000874219113 -0.00807669386
v  -0.0268899295 0.000100239238 -0.0080069527
v  -0.0267830268 0.00010024893 -0.00807691272
v  -0.0268453993 -0.00365299731 -0.00910238642
v  -0.0267924499 -0.00366639905 -0.00906276423
v  -0.0267153438 -0.00367123913 -0.00902744289
v  -0.0266478304 -0.00366497785 -0.00901252497
v  -0.0265670419 -0.00364593114 -0.00901231728
v  -0.0264921114 -0.00361568807 -0.00903129298
v  -0.0138638299 -0.00495166564 -0.00974914804
v  -0.0138666742 -0.00506625511 -0.00959445722
v  -0.0134343794 -0.00505472021 -0.00962764863
v  -0.0138297388 -0.00511201657 -0.00942529179
v  -0.0125306323 -0.00504839653 -0.00978411548
v  -0.0126195159 -0.00500226533 -0.00992781948
v  -0.0130129997 -0.00503364671 -0.00974023528
v  -0.0129166553 -0.00507858163 -0.00959723257
v  -0.0134008341 -0.00510178413 -0.00946314633
v  -0.0138631174 -0.00478712376 -0.00984909385
v  -0.0138006285 -0.00461343583 -0.00987921469
v  -0.013483095 -0.00477621472 -0.00987527054
v  -0.0134104034 -0.00460096821 -0.00991947949
v  -0.0131131224 -0.00475545833 -0.00997214951
v  -0.0130110187 -0.00457419595 -0.0100456327
v  -0.0127682062 -0.00472401269 -0.0101359393
v  -0.0127958255 -0.00455211848 -0.0101552922
v  -0.013462266 -0.00494005391 -0.00977842044
v  -0.0130709689 -0.00491908845 -0.00988223776
v  -0.0127060022 -0.00488805817 -0.0100565255
v  -0.0115463026 -0.00495839119 -0.0102731334
v  -0.0105059166 -0.00487411162 -0.0106105646
v  -0.011612962 -0.00490903528 -0.0104277171
v  -0.0105482116 -0.00482241856 -0.0107703982
v  -0.0116773322 -0.00479552802 -0.0105627999
v  -0.0105902534 -0.00470862957 -0.0109102186
v  -0.0117255449 -0.00463511795 -0.010647729
v  -0.0106233601 -0.00454972871 -0.0109992139
v  -0.0117499223 -0.00446298206 -0.0106710522
v  -0.0106422035 -0.00437955186 -0.0110255377
v  -0.00866566692 -0.00470883027 -0.0109848352
v  -0.00866871979 -0.00459467294 -0.0111252284
v  -0.00931830239 -0.00462715747 -0.0111069819
v  -0.00889685005 -0.00428002793 -0.0112449909
v  -0.00993472524 -0.00477974536 -0.0108926268
v  -0.00966097694 -0.00481683668 -0.0107670687
v  -0.00930217654 -0.00474119978 -0.0109655801
v  -0.00880932715 -0.0047705099 -0.0108245183
v  -0.00998824276 -0.00450760918 -0.0111244544
v  -0.00996399019 -0.00466583902 -0.0110339494
v  -0.009771863 -0.00432462851 -0.0111847157
v  -0.0086743515 -0.00443805428 -0.0112157995
v  -0.00933329109 -0.0044697402 -0.0111979395
v  -0.00334622711 -0.00490417518 -0.00897864625
v  -0.00512739643 -0.00508213509 -0.00819366891
v  -0.00400734786 -0.0050971373 -0.00790931005
v  -0.0042442251 -0.00515780272 -0.00757182343
v  -0.00650704186 -0.00496236794 -0.00916991383
v  -0.00732459966 -0.00488474499 -0.00978626031
v  -0.00794304535 -0.00478655659 -0.010489787
v  -0.00773089333 -0.00483232969 -0.0101756416
v  -0.0143277533 -0.00512039894 -0.00940844975
v  -0.0144280605 -0.00517600542 -0.00871012639
v  -0.0147921806 -0.00515852356 -0.00829716772
v  -0.0146143101 -0.00523735443 -0.00780676538
v  -0.0150837768 -0.00518455449 -0.00720315659
v  -0.0148161789 -0.00524898106 -0.00712172221
v  -0.0187325906 -0.00448179571 -0.011121599
v  -0.0187403355 -0.00449088821 -0.0111235781
v  -0.0188947767 -0.00465040468 -0.0111335581
v  -0.0189525448 -0.00470159622 -0.0111258002
v  -0.0191170275 -0.00482784398 -0.011073892
v  -0.0191727076 -0.00486470386 -0.0110455453
v  -0.0193300899 -0.00495096203 -0.0109148854
v  -0.019401079 -0.00497213192 -0.0107823443
v  -0.0153218349 -0.00510621676 -0.0072751902
v  -0.0153753245 -0.00505037513 -0.00849653594
v  -0.0157437399 -0.00504908711 -0.00740399165
v  -0.0238511097 -0.00422386359 -0.00869334955
v  -0.0237693805 -0.00415341277 -0.00918310415
v  -0.0237727594 -0.00413040072 -0.00917689689
v  -0.0237866547 -0.00407152763 -0.00914448593
v  -0.0239070188 -0.00388624636 -0.00871490128
v  -0.0237902738 -0.00405062828 -0.0091457963
v  -0.0238907468 -0.00375902769 -0.00918219239
v  -0.0246033333 -0.00325264828 -0.00944035314
v  -0.0247018728 -0.00323299249 -0.00887663756
v  -0.0243169889 -0.00333970063 -0.00933661219
v  -0.0244827997 -0.00328884274 -0.00883639418
v  -0.0241298284 -0.00352295372 -0.00876652263
v  -0.0240730084 -0.00351317972 -0.00924822036
v  -0.0239175521 -0.00385739771 -0.00871774927
v  -0.0233790576 -0.00436725328 -0.0119871935
v  -0.0233370289 -0.00440125214 -0.0119719673
v  -0.0232813563 -0.00454138685 -0.0119518256
v  -0.0232822075 -0.00452217925 -0.0119521078
v  -0.0233095549 -0.00443691574 -0.0119620133
v  -0.0231623203 -0.00630551623 -0.0122879082
v  -0.0233747363 -0.00550139835 -0.0122438418
v  -0.022967862 -0.00553723983 -0.0123502417
v  -0.0227708202 -0.00655542174 -0.0124369152
v  -0.0225727484 -0.00556937978 -0.0125518488
v  -0.0225727484 -0.00655260775 -0.0125518693
v  -0.0235361941 -0.00611071335 -0.0122260833
v  -0.0235560294 -0.00610181969 -0.0122248111
v  -0.0238187462 -0.00545962341 -0.0122258198
v  -0.0239081103 -0.00597090693 -0.0122350659
v  -0.0242515821 -0.00541622052 -0.0123063764
v  -0.024256954 -0.00590335717 -0.0123081496
v  -0.0243553258 -0.00540540786 -0.012340921
v  -0.0243488476 -0.00589967426 -0.0123385927
v  -0.0243553296 -0.00589967053 -0.0123409322
v  -0.0232813526 0.0047420226 -0.0119516244
v  -0.0237650126 0.00469829654 -0.00918635819
v  -0.0232839566 0.00470983377 -0.0119526004
v  -0.0237818435 0.00461496413 -0.00920094177
v  -0.0232929569 0.00467444537 -0.0119558591
v  -0.0233158749 0.00462841289 -0.0119641274
v  -0.0238170978 0.00455835601 -0.0092302477
v  -0.0233369861 0.00460193539 -0.011971768
v  -0.0238334965 0.00454207696 -0.00924380403
v  -0.023389684 0.00456253206 -0.0119909728
v  -0.0239062589 0.00450421823 -0.00930581149
v  -0.0238811094 0.0045123212 -0.00928385556
v  -0.0239895117 0.000100168363 -0.00790153816
v  -0.0239465926 -0.00365166017 -0.00788487773
v  -0.0238867551 -0.00380727649 -0.00786157139
v  -0.024073137 -0.00355082331 -0.00793416984
v  -0.0243052002 -0.00336552691 -0.00802456308
v  -0.0239895079 -0.00328755635 -0.00790159032
v  -0.0245820321 -0.00324329291 -0.00813239627
v  -0.0240032952 0.00382967875 -0.00790680852
v  -0.0238867514 0.00400774181 -0.00786140654
v  -0.0239708349 0.00373979448 -0.00789416581
v  -0.0264852326 0.00340304244 -0.00887361262
v  -0.0248736404 0.00340301986 -0.00824584719
v  -0.0245543011 0.003451898 -0.00812145229
v  -0.0242552869 0.00359817315 -0.00800497271
v  -0.0239895135 0.00348802749 -0.00790144969
v  -0.0166364983 -0.00322553446 -0.0155629674
v  -0.0163905155 -0.00284016435 -0.0156971123
v  -0.0163351092 -0.00254936656 -0.0157890934
v  -0.0162788574 -0.00263760309 -0.0157577991
v  -0.0163121261 -0.0024878718 -0.0158060882
v  -0.0162027888 -0.00248686946 -0.0157990605
v  -0.0161190908 -0.00187915273 -0.0159477722
v  -0.0159944296 -0.00200151885 -0.0159117039
v  -0.0160341673 -0.00152874365 -0.0160096046
v  -0.0157847032 -0.0013203274 -0.0160244312
v  -0.0159602277 -0.00113822368 -0.0160633065
v  -0.0156563018 -0.000608413713 -0.0160929821
v  -0.0156141268 0.000100404752 -0.0161153339
v  -0.0158606321 0.000100398946 -0.0161354821
v  -0.0157027431 -0.000926337554 -0.0160682425
v  -0.0158747844 -0.000368566049 -0.0161252115
v  -0.00469239801 0.00478398846 -0.0105023803
v  -0.00336513575 0.00480566733 -0.0101367328
v  -0.00472438894 0.00485781999 -0.0103889974
v  -0.00334554911 0.0048878626 -0.00999534503
v  -0.00481000729 0.0049615344 -0.0100968387
v  -0.00333549827 0.00498642819 -0.00968947168
v  -0.00570757873 0.00494104018 -0.0103767617
v  -0.00554739311 0.00490563642 -0.0104846964
v  -0.00553156994 0.00490048155 -0.0104960976
v  -0.00539922155 0.00484337471 -0.0105960034
v  -0.00528742559 0.00477121025 -0.0106852772
v  -0.00528462324 0.00476908823 -0.0106875682
v  -0.00526398513 0.00476730336 -0.0106912162
v  -0.00540837459 0.00472008903 -0.0107169254
v  -0.00575956888 0.0047127381 -0.0107208807
v  -0.00576114468 0.00482183648 -0.010629585
v  -0.0057645645 0.0049005826 -0.0105111543
v  -0.00600690953 0.00466932822 -0.0107678883
v  -0.00600128621 0.00452143326 -0.0108120842
v  -0.0057514729 0.00459651556 -0.0107735172
v  -0.00622756779 0.00445360225 -0.0108572328
v  -0.00624043122 0.00466809655 -0.0108102178
v  -0.00625689421 0.00477561355 -0.0107433032
v  -0.00631847046 0.00493993983 -0.0104834493
v  -0.00627255067 0.00484117959 -0.0106781879
v  -0.00626680255 0.00494693266 -0.0104392543
v  -0.00632575899 0.00494649448 -0.0104521913
v  -0.023764899 0.00444159331 -0.00918634143
v  -0.0237656571 0.00440029055 -0.00918692909
v  -0.0240826849 0.00440030312 -0.00948242098
v  -0.0244249217 0.00440030638 -0.0099671213
v  -0.0246432945 0.0044003306 -0.0105188219
v  -0.0246886127 0.0044003278 -0.0107258186
v  -0.024725493 0.0044003441 -0.0111064464
v  -0.0246925298 0.00440034643 -0.0115641924
v  -0.0238813609 0.00397911202 -0.00917863008
v  -0.023786651 0.00427204929 -0.00914430991
v  -0.0238511059 0.00442437036 -0.00869316887
v  -0.0237763841 0.00431184378 -0.00916913617
v  -0.0239070226 0.00408675009 -0.00871473551
v  -0.0239175539 0.00405789958 -0.00871758442
v  -0.0240588076 0.00372796855 -0.00924292393
v  -0.0241298266 0.00372346025 -0.00876637176
v  -0.0244827978 0.00348935253 -0.00883625075
v  -0.0242984034 0.0035496247 -0.00932973437
v  -0.0245398562 0.00346364803 -0.00941721443
v  -0.0248234458 0.0034249865 -0.0088980468
v  -0.024721209 0.00344542065 -0.00948291924
v  -0.0248657446 0.00341378921 -0.008572069
v  -0.0264257845 0.0034073689 -0.00898300484
v  -0.0260678884 0.00344423647 -0.00997082517
v  -0.0263614487 0.00370030804 -0.00916056428
v  -0.0260678902 0.00370032224 -0.00997082144
v  -0.0263946336 0.00355522172 -0.00906898081
v  -0.0228458941 0.0067045372 -0.012400575
v  -0.0227708146 0.00675607845 -0.0124366358
v  -0.0225727484 0.00675327936 -0.0125515899
v  -0.0225727465 0.00577003695 -0.0125516104
v  -0.0226440132 0.00576447416 -0.0125066265
v  -0.0232307296 0.0064671319 -0.0122708166
v  -0.0230437852 0.00573142152 -0.0123221939
v  -0.0235540159 0.00630335882 -0.0122246714
v  -0.0234807953 0.00569231389 -0.0122304223
v  -0.0236335881 0.00626913458 -0.0122214751
v  -0.0239224192 0.00565012079 -0.0122358352
v  -0.0240169056 0.00614275597 -0.0122506749
v  -0.024348842 0.00610032817 -0.0123383431
v  -0.024355324 0.0056060697 -0.0123406872
v  -0.0243553258 0.0061003319 -0.0123406826
v  -0.0245523825 0.00450021354 -0.0124121075
v  -0.02455239 0.00440037018 -0.0124121103
v  -0.0267087594 0.00201639044 -0.008305775
v  -0.0270981323 0.00108779815 -0.00807448104
v  -0.026387319 0.00373866153 -0.00911143981
v  -0.0264308453 0.00377866579 -0.00906619336
v  -0.026845403 0.00385351526 -0.00910223089
v  -0.0267924536 0.00386691187 -0.00906260684
v  -0.0269883554 0.00318114879 -0.00873918459
v  -0.0269714072 0.00299103605 -0.00860755146
v  -0.0267754793 0.00106705935 -0.00812308118
v  -0.026777193 0.00203437358 -0.00826137606
v  -0.0268454403 0.00107599958 -0.00807679538
v  -0.0268594977 0.00204851548 -0.00823679939
v  -0.0269293115 0.00108301081 -0.00805120077
v  -0.0269461498 0.00205676979 -0.00823640078
v  -0.0270171668 0.00108703983 -0.00805092882
v  -0.0270266086 0.0020585293 -0.00825879257
v  -0.0266613364 0.00295767398 -0.00857416168
v  -0.0264381617 0.00378401391 -0.00906069484
v  -0.0265956987 0.00293031917 -0.00861513242
v  -0.0269045178 0.00299601024 -0.00857152417
v  -0.0267153475 0.0038717587 -0.00902728457
v  -0.0268251281 0.00299252616 -0.00855103135
v  -0.0266478267 0.00386549719 -0.00901236571
v  -0.0267407466 0.00297939661 -0.00855150446
v  -0.0265670381 0.00384644466 -0.00901215803
v  -0.0264921058 0.00381619716 -0.00903113559
v  -0.0272131898 0.00108175969 -0.00816528872
v  -0.0272355173 0.000262716203 -0.00810765196
v  -0.0271459986 0.00201412197 -0.00833762996
v  -0.0270485077 0.00281193596 -0.00858566444
v  -0.0270224586 0.0029800185 -0.008652132
v  -0.0271778442 0.0016491696 -0.00825610757
v  -0.00358694606 -0.00589990662 1.12783164e-05
v  -0.00386327133 -0.00589990197 0.000233394094
v  -0.00375549216 -0.00595364952 -0.000198402442
v  -0.00403181463 -0.00595365977 2.37133354e-05
v  -0.00389814377 -0.00610666908 -0.000375878066
v  -0.00417447463 -0.00610668026 -0.00015376322
v  -0.0039930027 -0.00633544661 -0.000493892469
v  -0.00426932797 -0.00633544195 -0.00027177576
v  -0.00402550027 -0.00659824722 -0.000534326769
v  -0.00430182926 -0.00659825886 -0.000312211923
v  -0.00290291291 -0.00648965733 -0.00267300848
v  -0.00286237616 -0.00634196494 -0.00267194305
v  -0.00296113081 -0.0063417065 -0.00207758509
v  -0.00233297329 -0.00589985726 -0.00190794049
v  -0.00258159265 -0.00594894961 -0.00197508093
v  -0.00221131463 -0.00589984888 -0.00265680207
v  -0.00243845768 -0.00593768666 -0.00266151736
v  -0.00281060301 -0.00610464159 -0.00203692913
v  -0.00281758886 -0.00624947343 -0.00267086644
v  -0.00270640384 -0.00610476825 -0.00266827503
v  -0.00263584405 -0.00604312401 -0.00266646687
v  -0.00291073136 -0.00656400993 -0.00267322827
v  -0.0030087661 -0.0065991818 -0.00209045317
v  -0.0029123798 -0.00659954548 -0.00266257487
v  -0.00301674008 -0.00659916643 -0.00206148438
v  -0.00323476363 -0.00659881765 -0.00150519051
v  -0.00261170417 -0.00589987962 -0.00118612032
v  -0.00303694606 -0.00589989079 -0.000535012223
v  -0.00284086168 -0.00594894076 -0.00130346697
v  -0.00323646329 -0.00594891747 -0.000697623007
v  -0.00305194408 -0.00610451866 -0.00141156185
v  -0.0034202477 -0.00610442646 -0.000847418793
v  -0.00319074653 -0.00634144619 -0.00148264691
v  -0.00354115106 -0.00634121662 -0.000945961103
v  -0.00357955508 -0.00659849588 -0.000977265649
v  -0.00332938135 -0.00528827449 -0.00706672994
v  -0.00396047719 -0.00540894084 -0.0064089112
v  -0.00331900828 -0.005350261 -0.00677557616
v  -0.00322350487 -0.00563454907 -0.00550817978
v  -0.00338244345 -0.00604887679 -0.00364224333
v  -0.00295615848 -0.00609253999 -0.00351243932
v  -0.00337654538 -0.00599830924 -0.00386799639
v  -0.00298000779 -0.00604809122 -0.00370631646
v  -0.00343530253 -0.00584389642 -0.00454565277
v  -0.00359341316 -0.00568525679 -0.00522712432
v  -0.00329082925 -0.00479062228 -0.0103231529
v  -0.00322644506 -0.00515398197 -0.0103288516
v  -0.00331287272 -0.00522338087 -0.00864483137
v  -0.00348592177 -0.00402815593 -0.0125136841
v  -0.00342487637 -0.00418939721 -0.011974371
v  -0.0033268705 -0.00433766237 -0.0120921051
v  -0.00376055948 -0.00368806859 -0.0130490083
v  -0.00341594033 -0.00397084095 -0.0134912776
v  -0.00367008895 -0.00377086317 -0.0129955746
v  -0.00317934249 -0.00469873101 -0.0120896101
v  -0.00311330054 -0.00471865758 -0.0127409799
v  -0.00322534796 -0.00433467468 -0.0131001696
v  -0.0030732071 -0.00502526248 -0.0125267804
v  -0.00357602537 -0.00388123724 -0.0128413653
v  -0.00328873377 -0.00432939315 -0.0135291629
v  -0.00331929326 -0.00427974807 -0.0136059523
v  -0.00335254334 -0.00408663182 -0.0135965142
v  -0.00316138659 -0.00460565602 -0.0131272962
v  -0.00307064131 -0.00507191895 -0.012599838
v  -0.00308852829 -0.00490506599 -0.0127534866
v  -0.00311593153 -0.00469234679 -0.0128731066
v  -0.00320923515 -0.00437717978 -0.0132306591
v  -0.00337634422 -0.00402386207 -0.0135416621
v  -0.00470472313 -0.00386087294 -0.0152135249
v  -0.00473639648 -0.00382745289 -0.0152167166
v  -0.00465178955 -0.00386107271 -0.0151796443
v  -0.00510170311 -0.003634908 -0.0151953576
v  -0.00512020197 -0.0036304309 -0.0151931187
v  -0.00478151068 -0.00362425135 -0.0149814934
v  -0.00532300211 -0.00360218924 -0.0151675753
v  -0.00541992486 -0.00359952264 -0.0151566174
v  -0.0048573371 -0.00359952962 -0.0148656592
v  -0.00522285327 -0.0036117041 -0.0151801761
v  -0.00470241718 -0.00371668022 -0.0151023045
v  -0.00480568781 -0.00376917748 -0.0152187711
v  -0.00489530899 -0.00371297682 -0.0152155468
v  -0.00498691201 -0.00367127545 -0.0152080217
v  -0.00388215855 -0.00399953732 -0.0145313321
v  -0.00399345718 -0.00399952941 -0.0146567887
v  -0.00401155464 -0.00386109087 -0.014639941
v  -0.00461908057 -0.00399952196 -0.0151876956
v  -0.0040792115 -0.00371669023 -0.0145769566
v  -0.00418489613 -0.00362425693 -0.0144785652
v  -0.00428623706 -0.00359953381 -0.0143842334
v  -0.00382161047 -0.00364876259 -0.0130352946
v  -0.00377488881 -0.00367702707 -0.0130505376
v  -0.00390583277 -0.00361786899 -0.0129484236
v  -0.00406461116 -0.00359957898 -0.0126371766
v  -0.00513646286 -0.0043792408 -0.010860444
v  -0.0035989508 -0.00399270607 -0.0125340158
v  -0.00370083377 -0.00411300967 -0.0121292239
v  -0.00524074677 -0.00359960389 -0.0111940596
v  -0.00533314608 -0.00389307574 -0.011105028
v  -0.00497208815 -0.00359925814 -0.0113750231
v  -0.00483833253 -0.00374466483 -0.0114499098
v  -0.00462784059 -0.00359926862 -0.0116995899
v  -0.00390219316 -0.00381748751 -0.0125622964
v  -0.00434173364 -0.00440674927 -0.0110812942
v  -0.00407436304 -0.00431589736 -0.0113979317
v  -0.00385997072 -0.00421861419 -0.0117490655
v  -0.00483453926 -0.00430743163 -0.0110515561
v  -0.00553216971 -0.0042710132 -0.0108568966
v  -0.00522579253 -0.00420967536 -0.0109891426
v  -0.00557895564 -0.0036805633 -0.0110378638
v  -0.00538226124 -0.00363631337 -0.011119551
v  -0.00406352989 -0.00365246832 -0.0125564849
v  -0.00410169363 -0.00359965768 -0.0125530325
v  -0.00415239297 -0.00376929226 -0.0122294221
v  -0.00430743583 -0.00359972473 -0.0121458508
v  -0.00428852253 -0.0038732721 -0.0119199185
v  -0.00443811715 -0.00359959155 -0.0119413743
v  -0.00446980726 -0.0039694719 -0.0116339577
v  -0.00469393656 -0.00405929983 -0.0113768093
v  -0.00399436615 -0.00393599877 -0.0122063989
v  -0.00413728878 -0.00404075952 -0.0118712289
v  -0.00432899036 -0.00413748762 -0.0115616135
v  -0.00456728414 -0.00422782544 -0.0112827038
v  -0.00592918694 -0.00359961041 -0.0109471865
v  -0.00665833242 -0.00359960878 -0.0109571163
v  -0.00678587798 -0.0035996146 -0.0109864585
v  -0.00798281282 -0.00359960808 -0.0112036448
v  -0.00941779185 -0.00359960063 -0.0112203052
v  -0.0106421998 -0.00359961414 -0.0110255219
v  -0.0117512001 -0.00359961204 -0.0106700519
v  -0.0127958283 -0.00359962671 -0.0101552727
v  -0.0135441544 -0.00359962811 -0.00989689305
v  -0.0143249286 -0.00359963812 -0.00994665362
v  -0.0181916151 -0.00359961041 -0.0109773753
v  -0.0184056088 -0.00402078498 -0.0110344253
v  -0.0185900014 -0.00430063438 -0.0110835852
v  -0.0168470703 -0.00359943346 -0.015398697
v  -0.0152633786 -0.00359951984 -0.0152954152
v  -0.0148621239 -0.00300327712 -0.0155323269
v  -0.0144461663 -0.00203885068 -0.0157856587
v  -0.0142087527 -0.000990257016 -0.0159359723
v  -0.0141333044 0.000100401798 -0.0159855559
v  -0.0270770025 -0.00594053511 -0.0102101741
v  -0.027120607 -0.00592904491 -0.0101616848
v  -0.027487861 -0.00589970825 -0.0102678631
v  -0.0271043628 -0.00592739834 -0.0102688987
v  -0.0267674457 -0.00602034852 -0.010061929
v  -0.0267580543 -0.00603507459 -0.0101684071
v  -0.0267478563 -0.00602877373 -0.0102216937
v  -0.0267346408 -0.00601377338 -0.0102715623
v  -0.024170544 -0.00399977295 -0.00928356871
v  -0.0263579804 -0.00399976084 -0.0100760832
v  -0.0263546612 -0.00396016659 -0.010074879
v  -0.02401039 -0.0040126536 -0.00922552124
v  -0.0238524769 -0.00404891092 -0.00916857086
v  -0.0260700844 -0.00354801631 -0.00997176766
v  -0.0260936804 -0.00366309891 -0.00998031907
v  -0.0261983518 -0.00384545582 -0.0100182453
v  -0.0241817404 -0.00401212601 -0.00939716492
v  -0.0242332015 -0.0039997641 -0.00935086515
v  -0.0245430898 -0.00401211856 -0.00991090108
v  -0.0246040598 -0.00399976177 -0.00987811945
v  -0.0247723609 -0.00401210319 -0.0104956506
v  -0.024839364 -0.00399974734 -0.0104782563
v  -0.0248564854 -0.00401209295 -0.0111180833
v  -0.0249257069 -0.00399972964 -0.0111170691
v  -0.024821559 -0.00401208457 -0.0115856966
v  -0.0248898547 -0.00399972545 -0.0115969833
v  -0.0247047301 -0.0041304999 -0.0115663884
v  -0.0247380864 -0.00413051015 -0.0111198258
v  -0.0246577505 -0.00413052086 -0.0105254101
v  -0.0244387947 -0.00413053809 -0.00996697973
v  -0.0240937062 -0.00413054554 -0.00947636832
v  -0.0241280682 -0.00405835314 -0.00944545586
v  -0.0244795028 -0.00405832985 -0.00994509179
v  -0.0247024801 -0.00405832753 -0.0105137946
v  -0.0247842986 -0.00405830704 -0.011119145
v  -0.0247503277 -0.00405830424 -0.0115739238
v  -0.0246531814 -0.0040229694 -0.0124488054
v  -0.0247436464 -0.00399969565 -0.0124815805
v  -0.0246084835 -0.00405820552 -0.0124326115
v  -0.024553638 -0.00417540222 -0.0124127427
v  -0.0245636217 -0.00413018931 -0.012416359
v  -0.0245828331 -0.00409061136 -0.0124233197
v  -0.0266355127 -0.00399975339 -0.00987210032
v  -0.0311479494 -0.00589966821 -0.0121418079
v  -0.0311479457 -0.00399970822 -0.012141766
v  -0.0312203709 -0.00589968357 -0.0118565522
v  -0.0312203746 -0.00399970962 -0.011856514
v  -0.0312139448 -0.00589968823 -0.0113681788
v  -0.0312139466 -0.00399972918 -0.0113681406
v  -0.0308842901 -0.00589969987 -0.0106651969
v  -0.030884292 -0.00399974082 -0.0106651587
v  -0.030247312 -0.00589972036 -0.010221228
v  -0.0302473102 -0.00399974547 -0.010221187
v  -0.029473681 -0.00589971337 -0.0101552261
v  -0.0294736829 -0.00399975432 -0.0101551879
v  -0.028770702 -0.00589971244 -0.0104848836
v  -0.0287706982 -0.00399973802 -0.0104848426
v  -0.028326733 -0.00589969521 -0.0111218654
v  -0.0283267293 -0.00399973523 -0.0111218244
v  -0.0282543041 -0.00589969382 -0.0114071183
v  -0.0282543078 -0.00399971986 -0.0114070792
v  -0.0282607321 -0.00589967379 -0.0118954917
v  -0.0282607265 -0.00399971381 -0.0118954508
v  -0.0285903867 -0.00589966262 -0.0125984726
v  -0.028590383 -0.00399970263 -0.0125984326
v  -0.0292273685 -0.0058996575 -0.0130424453
v  -0.0292273667 -0.00399968307 -0.0130424034
v  -0.0300009958 -0.00589964911 -0.0131084435
v  -0.0300009977 -0.00399969006 -0.0131084053
v  -0.030703973 -0.00589966448 -0.0127787869
v  -0.0307039768 -0.00399969053 -0.0127787488
v  -0.025782153 -0.00630916376 -0.0105566261
v  -0.0257129744 -0.00632669823 -0.010590883
v  -0.0262243096 -0.00618182076 -0.0103709437
v  -0.0264628772 -0.00610402972 -0.0103038223
v  -0.0227445737 -0.0065801884 -0.0124492673
v  -0.0237093009 -0.00658385176 -0.0118122129
v  -0.022739362 -0.00659311237 -0.0124504967
v  -0.0247155279 -0.00650780881 -0.0111663034
v  -0.028885752 -0.00589963468 -0.0139823155
v  -0.0288857464 -0.00399967469 -0.0139822746
v  -0.0232814923 -0.00513641629 -0.0119518638
v  -0.023233844 -0.00535006681 -0.0119346036
v  -0.023103904 -0.00552172633 -0.0118875299
v  -0.0230819751 -0.00553917745 -0.0118795848
v  -0.026903769 -0.00396501133 -0.00966928992
v  -0.0267351102 -0.00399966631 -0.00956918299
v  -0.0266936924 -0.00399640342 -0.00954084471
v  -0.0265996382 -0.00396976387 -0.00947029516
v  -0.0265092161 -0.00391280418 -0.00939230714
v  -0.0264914893 -0.00389655051 -0.00937536638
v  -0.0263596326 -0.0035241642 -0.00916744024
v  -0.0264475998 -0.00384549727 -0.00932989735
v  -0.0263956785 -0.00375099457 -0.00926498696
v  -0.0263680536 -0.00365586579 -0.00921583641
v  -0.0263588503 -0.00354803726 -0.00917468686
v  -0.0265320744 -0.00391377835 -0.00934997108
v  -0.0265108272 -0.00375062902 -0.0091158757
v  -0.0264497586 -0.00372491148 -0.00914310385
v  -0.0265020281 -0.00383979501 -0.00923155062
v  -0.0270940475 -0.00375693408 -0.00950868241
v  -0.027103154 -0.00373520213 -0.00950002018
v  -0.0270534679 -0.00379869528 -0.00949688256
v  -0.0269949064 -0.0038386574 -0.00946178287
v  -0.0270570554 -0.0038338881 -0.00954302773
v  -0.0270646866 -0.0038200831 -0.00953620113
v  -0.0267253127 -0.00375968148 -0.00910548121
v  -0.0266548544 -0.00376880961 -0.00909620896
v  -0.0267467629 -0.00382750342 -0.00918693375
v  -0.0266225245 -0.00385524309 -0.00919303484
v  -0.0267845187 -0.00387640973 -0.0092707891
v  -0.0266829748 -0.00391795719 -0.00928817596
v  -0.0268372577 -0.00390565139 -0.0093550412
v  -0.0269608572 -0.00392790884 -0.0095560113
v  -0.0269839298 -0.00388728105 -0.00950608309
v  -0.0268538073 -0.00396040268 -0.00947515853
v  -0.0267605074 -0.00395422149 -0.00938339811
v  -0.0267953258 -0.00399042526 -0.00952125806
v  -0.0269292276 -0.00395605806 -0.00960969552
v  -0.0270027108 -0.00390619994 -0.00958983321
v  -0.0264017936 -0.00369206048 -0.00917773414
v  -0.0266772565 -0.00397598138 -0.00942400191
v  -0.0267189071 -0.00396872452 -0.00940252841
v  -0.0265787374 -0.00392394187 -0.00932602026
v  -0.0266298242 -0.00392558379 -0.0093049705
v  -0.0265596826 -0.00385283842 -0.00920877419
v  -0.0265811812 -0.00376588083 -0.00909958594
v  -0.0264527537 -0.00381796854 -0.00925923046
v  -0.0268386174 -0.00373625499 -0.00917301606
v  -0.0268446654 -0.00376831996 -0.00921083521
v  -0.0268703382 -0.00381743116 -0.00928877946
v  -0.0269293226 -0.00384936412 -0.00939122681
v  -0.0270121284 -0.00389637961 -0.00958188623
v  -0.027719833 -0.00116120023 -0.00888937432
v  -0.0277802218 0.000100260346 -0.00882314332
v  -0.0274589397 0.000100255413 -0.00840064604
v  -0.0276463367 -0.00175697438 -0.00896723568
v  -0.0275385883 -0.00235346705 -0.00907805469
v  -0.0272263251 -0.00343379285 -0.00938379113
v  -0.0274006743 -0.00290878187 -0.00921554305
v  -0.0272363685 -0.00340736494 -0.009374246
v  -0.0208549816 -0.00558522996 -0.0120891994
v  -0.0208911858 -0.00558731845 -0.0120957103
v  -0.0209029689 -0.00557854911 -0.0117002437
v  -0.020859886 -0.00557375746 -0.0116886701
v  -0.0208555181 -0.00557062775 -0.0116384635
v  -0.0202305131 -0.00558111398 -0.0140969492
v  -0.0202916972 -0.00558508048 -0.014056596
v  -0.00296727475 -0.0065853009 -0.00351591315
v  -0.00296499766 -0.00654197112 -0.00351521745
v  -0.00289645977 -0.00629780721 -0.00349435629
v  -0.00274035335 -0.00609094463 -0.00344684441
v  -0.00250953343 -0.00594883319 -0.00337660033
v  -0.00224442407 -0.00589983305 -0.00329592172
v  -0.00613639504 -0.00598856807 -0.00448032003
v  -0.00580142718 -0.00567977922 -0.0057931249
v  -0.00852324162 -0.00557367923 -0.00657956349
v  -0.0117189148 -0.00537841581 -0.00742442952
v  -0.0113681741 -0.00518626859 -0.00867083855
v  -0.00838205684 -0.00526538398 -0.00803408585
v  -0.0058236327 -0.00530738756 -0.00736734364
v  -0.0128399953 -0.00543444185 -0.00652033789
v  -0.00853039697 -0.00584343821 -0.00520885596
v  -0.0200303886 -0.0049709077 -0.00870849844
v  -0.0245513711 -0.00325920666 -0.00822507031
v  -0.0242507122 -0.00342964591 -0.00823474489
v  -0.0239840075 -0.00377076981 -0.00846954249
v  -0.0240393765 -0.00362166413 -0.00801664498
v  -0.0239076857 -0.00389493979 -0.00803567842
v  -0.0240258556 -0.0036922663 -0.00823765248
v  -0.0239074435 -0.00399751868 -0.00823633652
v  -0.023887977 -0.00410618214 -0.00845103618
v  -0.0238229353 -0.00434730295 -0.00885451213
v  -0.0237420164 -0.00462691439 -0.0093174465
v  -0.0237125456 -0.00470734295 -0.00948601495
v  -0.0236486644 -0.00485132821 -0.00985144358
v  -0.0235457532 -0.00501306914 -0.010440181
v  -0.0234364737 -0.00510700606 -0.0110652922
v  -0.0203409623 -0.00558691006 -0.0140241059
v  -0.0231659524 -0.00555355055 -0.0110560106
v  -0.0229686741 -0.0055813822 -0.01072504
v  -0.0231313743 -0.00554307271 -0.0115657207
v  -0.0224183854 -0.00558130164 -0.0126536759
v  -0.0230520815 -0.00557384826 -0.0107059125
v  -0.0230181366 -0.00557717867 -0.010703071
v  -0.0230835639 -0.00557033345 -0.0107266232
v  -0.0231264122 -0.00556430593 -0.010799082
v  -0.0232814867 0.00533705764 -0.0119516412
v  -0.0234193802 0.00531481393 -0.0111628622
v  -0.0238188114 0.00456462614 -0.00887792185
v  -0.0237347111 0.00484829629 -0.00935900304
v  -0.0237125382 0.004907839 -0.0094858231
v  -0.0235346779 0.00522618648 -0.0105033219
v  -0.0236371122 0.00507401628 -0.00991734397
v  -0.0239840019 0.0039712647 -0.00846937858
v  -0.0240258556 0.00389273884 -0.00823749322
v  -0.0242507085 0.00363012054 -0.00823459588
v  -0.023887977 0.00430668192 -0.00845086016
v  -0.0245513674 0.00345969014 -0.00822492782
v  -0.0240393821 0.00382213993 -0.00801648945
v  -0.0239076875 0.00409540907 -0.00803551078
v  -0.0239074416 0.00419800775 -0.00823616423
v  -0.024118958 0.00137875869 -0.00716097653
v  -0.0241267048 0.00107169698 -0.00711666653
v  -0.0241370648 0.000100224432 -0.00705742463
v  -0.0241267029 -0.000871250057 -0.00711670704
v  -0.0241189599 -0.00117833086 -0.00716103194
v  -0.0240773298 -0.00216785958 -0.00739921303
v  -0.0240645669 -0.00238031871 -0.00747222127
v  -0.0240645669 0.00258076913 -0.00747211697
v  -0.0240773242 0.00236831512 -0.00739911618
v  -0.0231263712 0.00576492539 -0.0107986722
v  -0.0231659394 0.00575418444 -0.0110554472
v  -0.0229686741 0.00578197977 -0.0107248025
v  -0.0230819713 0.00573980901 -0.0118793473
v  -0.0224183816 0.00578197045 -0.0126534374
v  -0.023131419 0.00574363396 -0.0115651339
v  -0.0230182223 0.00577782141 -0.0107027153
v  -0.0230519176 0.00577453524 -0.0107055167
v  -0.0230833422 0.00577097991 -0.0107261799
v  -0.0135440873 0.00480712019 -0.00989671517
v  -0.0133467279 0.00479830476 -0.0099333562
v  -0.013483095 0.00497675594 -0.00987506658
v  -0.0137861678 0.00481381873 -0.0098789921
v  -0.0142377876 0.00503878808 -0.00987243652
v  -0.0138631118 0.00498766592 -0.00984888617
v  -0.0142545085 0.00515494961 -0.00979476143
v  -0.0138638327 0.00515220826 -0.00974893663
v  -0.0142548392 0.00515669584 -0.00979318563
v  -0.0142670395 0.00521072932 -0.00973589253
v  -0.013866676 0.00526678702 -0.00959424023
v  -0.014287388 0.0052709626 -0.00963973347
v  -0.0143073229 0.00530433143 -0.0095449388
v  -0.0138235884 0.00531246979 -0.00942520611
v  -0.0143224448 0.00531592546 -0.00947273336
v  -0.0133138895 0.0052991719 -0.00947960746
v  -0.0134343803 0.00525525166 -0.00962743256
v  -0.0134622641 0.00514059933 -0.0097782081
v  -0.0142263686 0.00481751235 -0.00992286019
v  -0.0129317883 0.00476736249 -0.0100820465
v  -0.0131131168 0.00495600421 -0.00997194462
v  -0.013070967 0.0051196483 -0.00988202635
v  -0.0130130015 0.00523418188 -0.00974002015
v  -0.0128454464 0.00527452724 -0.00962524209
v  -0.0125306277 0.00524894614 -0.00978389755
v  -0.0126195131 0.00520282472 -0.00992760435
v  -0.0127059966 0.00508861896 -0.0100563103
v  -0.012768208 0.00492457394 -0.0101357372
v  -0.0127958236 0.00475267181 -0.0101550967
v  -0.00794289727 0.00498725101 -0.0104893548
v  -0.00803926215 0.00493987417 -0.010791556
v  -0.0077317371 0.00493717939 -0.0107539287
v  -0.00652657636 0.00516149634 -0.00918281917
v  -0.00689835055 0.00494108535 -0.0105847279
v  -0.00733221415 0.005084523 -0.00979301613
v  -0.00773115736 0.00503295101 -0.0101758456
v  -0.00334622152 0.0051046866 -0.00897843391
v  -0.00424422696 0.00535823591 -0.00757160364
v  -0.00400734507 0.00529760309 -0.00790909026
v  -0.0145232752 0.00529631693 -0.00950111449
v  -0.0147407306 0.00534879696 -0.00851112511
v  -0.0143869109 0.00535802636 -0.00894766022
v  -0.0146027021 0.00543411355 -0.00785859302
v  -0.0148161743 0.00544942077 -0.00712149637
v  -0.0150837759 0.00538498908 -0.00720293354
v  -0.0208911896 0.00578796305 -0.0120954728
v  -0.020340506 0.00578762358 -0.0140241673
v  -0.0208549742 0.00578587363 -0.0120889591
v  -0.0202916916 0.00578579633 -0.014056351
v  -0.0153223164 0.00530625926 -0.00727552874
v  -0.0153581509 0.00525095547 -0.00853908621
v  -0.0157013852 0.00524960086 -0.00754686631
v  -0.0157437399 0.00524953753 -0.00740377558
v  -0.0149039719 0.00525395945 -0.00958345458
v  -0.0145338718 0.00529415347 -0.00950329099
v  -0.0160288215 0.00282749627 -0.0168685094
v  -0.0163444374 0.00277383626 -0.0157823563
v  -0.0161578543 0.00314312335 -0.0167833827
v  -0.0166364927 0.00342632341 -0.0155628268
v  -0.0164913777 0.00379985431 -0.0165633075
v  -0.0168467537 0.00379977771 -0.0153986746
v  -0.0158708841 0.000500121096 -0.0161279794
v  -0.0159469545 0.00125415344 -0.0160728619
v  -0.0156979151 0.00168062013 -0.0170868337
v  -0.0160340462 0.00172883447 -0.0160096865
v  -0.0158932265 0.00243684719 -0.0169579685
v  -0.0161101148 0.00204597809 -0.0159543231
v  -0.0163124017 0.00268858392 -0.0158060715
v  -0.01557831 0.000888883253 -0.017165767
v  -0.0155392457 0.00010042276 -0.0171915628
v  -0.0164900403 -0.00359932333 -0.0165654663
v  -0.016183963 -0.00300255022 -0.0167680271
v  -0.0160284936 -0.00262730126 -0.0168703552
v  -0.0159050971 -0.00227485085 -0.0169515498
v  -0.0157024711 -0.00150354183 -0.0170847662
v  -0.0155800814 -0.000707309344 -0.0171650611
v  -0.014497634 0.00528412033 -0.0095904842
v  -0.0144705083 0.00525614992 -0.00967308227
v  -0.0144308172 0.00519234734 -0.00977574661
v  -0.014408174 0.00514465198 -0.00982527435
v  -0.0143631902 0.00502372952 -0.00990275946
v  -0.0143080857 0.00480652554 -0.00994206406
v  -0.0145074166 0.00528195594 -0.00959369633
v  -0.0144801661 0.00525428727 -0.00967537239
v  -0.0144398296 0.0051900344 -0.00977866724
v  -0.014418833 0.00514619052 -0.0098245861
v  -0.0143723059 0.00502119632 -0.00990545191
v  -0.0143183833 0.0048036729 -0.00994473696
v  -0.0117499158 0.00466356566 -0.0106708584
v  -0.0106422007 0.00458015874 -0.0110253496
v  -0.0117255384 0.00483570946 -0.0106475288
v  -0.0106233573 0.00475032348 -0.0109990174
v  -0.0116773332 0.00499611488 -0.010562595
v  -0.0105902506 0.00490922201 -0.0109100146
v  -0.0116129611 0.00510960352 -0.0104275066
v  -0.0105482154 0.0050230152 -0.0107701933
v  -0.0115463035 0.00515895756 -0.0102729201
v  -0.0105059193 0.00507468078 -0.0106103569
v  -0.00714927819 0.00444461312 -0.0110725109
v  -0.00678584352 0.00444809208 -0.0109862806
v  -0.00679537375 0.00461474294 -0.0109592145
v  -0.00801463984 0.00444737449 -0.0112066828
v  -0.00801244657 0.00466800388 -0.0111548435
v  -0.00682023354 0.00477091549 -0.010873084
v  -0.00801566336 0.0047700447 -0.0110880025
v  -0.00685709808 0.00488521392 -0.0107389065
v  -0.00802046526 0.00483977888 -0.01101592
v  -0.00803670101 0.00493427459 -0.0108194863
v  -0.00802550372 0.00488378573 -0.0109500885
v  -0.00879914314 0.00497044157 -0.0108246999
v  -0.00867434498 0.00463865511 -0.0112156058
v  -0.00866871141 0.00479526399 -0.0111250291
v  -0.00931830611 0.00482774992 -0.0111067854
v  -0.00889399089 0.00448050257 -0.0112448428
v  -0.0093332883 0.0046703415 -0.0111977486
v  -0.00977159943 0.00452521723 -0.0111845601
v  -0.00998824555 0.00470820209 -0.0111242626
v  -0.00993472338 0.00498033222 -0.0108924219
v  -0.00996398926 0.00486642867 -0.0110337492
v  -0.00866566319 0.00490941387 -0.0109846331
v  -0.00930217933 0.00494178943 -0.010965378
v  -0.0096536018 0.00501679303 -0.010768069
v  -0.00652053207 0.00410146359 -0.0109299375
v  -0.006501114 0.00421658996 -0.0109204696
v  -0.00664165709 0.00407065172 -0.0109529654
v  -0.00628660433 0.00420933263 -0.010893777
v  -0.00588550419 0.00437430898 -0.0108546494
v  -0.00633665919 0.00426545693 -0.0108881267
v  -0.00594330486 0.00444490975 -0.010824535
v  -0.00665254146 0.0040226304 -0.0109558469
v  -0.00666023046 0.00401564594 -0.0109574609
v  -0.00666050427 0.00401190529 -0.0109574217
v  -0.00369546749 0.00453489227 -0.0113897165
v  -0.00341957808 0.00441519497 -0.0118595771
v  -0.00339363236 0.00455042254 -0.0112646893
v  -0.0043008402 0.0046969261 -0.0107990056
v  -0.00426837616 0.00469295448 -0.0108098779
v  -0.00424157456 0.00469153794 -0.0108091244
v  -0.00472071208 0.00473205652 -0.0107309269
v  -0.00336853974 0.00476264581 -0.0103217391
v  -0.00336955581 0.00475013722 -0.0103768501
v  -0.00399359502 0.00462836633 -0.0110346666
v  -0.00508066081 0.00467673643 -0.010759579
v  -0.0051151067 0.00473813806 -0.0107069882
v  -0.00511020143 0.00461327378 -0.0108243106
v  -0.00504751503 0.00462679984 -0.0108232303
v  -0.00467262231 0.00468444265 -0.0108180344
v  -0.00462258048 0.00468878262 -0.010817321
v  -0.00553412922 0.00461591221 -0.0107636657
v  -0.00560849719 0.00447316654 -0.0108391531
v  -0.00551186502 0.00450443802 -0.0108351521
v  -0.00546491891 0.00451897457 -0.0108334357
v  -0.00521578081 0.00458825752 -0.0108264266
v  -0.00636008754 0.00398891512 -0.0109213553
v  -0.0059414953 0.00394438021 -0.0109450184
v  -0.00362361409 0.00390969263 -0.0138514303
v  -0.0036444813 0.00389341265 -0.0138287013
v  -0.00372419134 0.00384102343 -0.0138411829
v  -0.00354750548 0.00404391577 -0.0139811411
v  -0.00358897541 0.00397990644 -0.0139946733
v  -0.00355512183 0.00420026621 -0.0140743908
v  -0.00357631128 0.00406181673 -0.0140616614
v  -0.0037260484 0.00385420676 -0.0139717041
v  -0.00367068592 0.00390079641 -0.0140049625
v  -0.00365554355 0.00391741982 -0.0140140597
v  -0.00376232993 0.00382456789 -0.0138471536
v  -0.00377932191 0.00382499211 -0.0139396964
v  -0.00389799476 0.00380026619 -0.0138683943
v  -0.0035495013 0.0040349653 -0.0139743341
v  -0.0163905192 0.00304095936 -0.0156969912
v  -0.015656298 0.000809219549 -0.0160929523
v  -0.0157027412 0.00112713489 -0.0160681996
v  -0.0157847013 0.00152113941 -0.0160243716
v  -0.0159944296 0.0022023255 -0.0159116145
v  -0.0162027869 0.002687664 -0.0157989506
v  -0.0162788592 0.00283840299 -0.0157576837
v  -0.0148562314 0.0052188402 -0.00976114906
v  -0.0148107093 0.00510753412 -0.00992440525
v  -0.0147790313 0.00493806368 -0.010031187
v  -0.0147667564 0.00475404412 -0.0100642527
v  -0.0194012374 0.00517271599 -0.0107821738
v  -0.0193248801 0.00514917821 -0.0109212073
v  -0.0191736408 0.00506583601 -0.0110448981
v  -0.0189402904 0.00489162887 -0.0111277215
v  -0.0188947786 0.00485099154 -0.01113337
v  -0.0187325776 0.00468239887 -0.0111214025
v  -0.00402549561 0.00679839868 -0.000534043647
v  -0.00430182554 0.00679838751 -0.000311928801
v  -0.00399300084 0.00653559808 -0.000493620522
v  -0.00426932331 0.00653558783 -0.000271503814
v  -0.00389814004 0.00630680984 -0.000375616364
v  -0.00417447276 0.0063068131 -0.000153501518
v  -0.00375548378 0.00615378469 -0.000198146328
v  -0.00403181557 0.00615378842 2.39675865e-05
v  -0.00358694233 0.00610003481 1.15325674e-05
v  -0.00386327226 0.00610002363 0.000233645551
v  -0.00285704248 0.00652915798 -0.00267106574
v  -0.0029107295 0.0067642536 -0.00267294748
v  -0.00300876144 0.00679939566 -0.00209017098
v  -0.00291211344 0.0067935111 -0.0026657125
v  -0.00291237701 0.00679978635 -0.00266229175
v  -0.0026960317 0.00629485492 -0.00266775116
v  -0.00271776225 0.00631662784 -0.00266812602
v  -0.00281059276 0.00630485453 -0.00203666557
v  -0.00296112616 0.00654190732 -0.00207731314
v  -0.00252260827 0.00617304398 -0.00266404543
v  -0.00258159358 0.00614915881 -0.00197482854
v  -0.00228025205 0.00610348349 -0.00265817624
v  -0.00233296677 0.00610006973 -0.0019076867
v  -0.00221130904 0.00610007765 -0.00265654828
v  -0.00261170603 0.00610004598 -0.00118586887
v  -0.00284085702 0.00614912296 -0.00130321179
v  -0.00305194221 0.00630470458 -0.00141130202
v  -0.00319074746 0.00654163864 -0.0014823759
v  -0.00323476363 0.00679900497 -0.00150491111
v  -0.00303694047 0.00610003574 -0.000534758903
v  -0.00323645771 0.00614908617 -0.000697366893
v  -0.00342024863 0.00630458537 -0.000847158022
v  -0.00354114827 0.00654138578 -0.000945689157
v  -0.00357955322 0.00679867808 -0.000976983458
v  -0.00396219175 0.00560678961 -0.00641374802
v  -0.00297983363 0.00624859892 -0.0037061125
v  -0.00295615569 0.00629281299 -0.00351217855
v  -0.00338243879 0.00624915818 -0.00364198536
v  -0.00337751769 0.00621546013 -0.00379871577
v  -0.00341894943 0.00608193548 -0.00437884917
v  -0.00321756676 0.00584663264 -0.00545200333
v  -0.003580641 0.0058940975 -0.00516045419
v  -0.00331857614 0.00555275939 -0.00676624617
v  -0.00332938135 0.00548869371 -0.00706650456
v  -0.0032264404 0.00535454322 -0.0103286309
v  -0.00331177469 0.00542262057 -0.00867592916
v  -0.00348677859 0.00422704499 -0.012517876
v  -0.00338635221 0.00421721768 -0.0134392567
v  -0.00320376828 0.00459196372 -0.0130433422
v  -0.00317934807 0.00489936816 -0.0120894099
v  -0.00307320524 0.00522590848 -0.0125265652
v  -0.00310619082 0.00495728897 -0.0127095785
v  -0.0033268705 0.00453829067 -0.0120919188
v  -0.00342884939 0.00437422935 -0.0120394835
v  -0.00376056042 0.00388874323 -0.0130488491
v  -0.00366782025 0.00397407543 -0.0129918531
v  -0.00357496087 0.00408382248 -0.0128367376
v  -0.00337634142 0.00422456535 -0.013541488
v  -0.00307063945 0.00527259102 -0.0125996191
v  -0.00311592594 0.00489301886 -0.0128729036
v  -0.00310597569 0.00500797853 -0.0128654996
v  -0.00320923328 0.00457786815 -0.0132304709
v  -0.0032216534 0.00465769274 -0.0133381952
v  -0.00335254334 0.00428733369 -0.0135963382
v  -0.00328820758 0.00453097373 -0.0135276252
v  -0.00342325866 0.00433880743 -0.0138343116
v  -0.0136578633 -0.000207322199 -0.0159343667
v  -0.0136563731 0.000100404177 -0.0159384906
v  -0.0136849144 -0.00118880579 -0.0158640388
v  -0.0137447407 -0.00209955079 -0.0157116856
v  -0.0137057621 -0.00259718997 -0.0155775389
v  -0.0137502179 -0.00226817094 -0.015671799
v  -0.0123859234 -0.00359952403 -0.0150675299
v  -0.0127518727 -0.00355581404 -0.0151200686
v  -0.0130765941 -0.00342892925 -0.015209808
v  -0.0133541161 -0.00322132581 -0.0153257381
v  -0.0135695226 -0.00293916254 -0.0154535361
v  -0.0274878554 0.00610027881 -0.0102676107
v  -0.0271205064 0.0061297263 -0.0101614054
v  -0.0271134861 0.00613415334 -0.0102152713
v  -0.0271042529 0.00612807134 -0.0102686482
v  -0.026767442 0.00622090744 -0.010061672
v  -0.0267580543 0.00623564888 -0.0101681501
v  -0.0267478526 0.00622933637 -0.0102214357
v  -0.026734639 0.00621433975 -0.0102713043
v  -0.024889851 0.00420034258 -0.011596811
v  -0.0247436501 0.00420037145 -0.0124814091
v  -0.0247067455 0.00420374749 -0.0124680381
v  -0.024821559 0.00421271333 -0.0115855224
v  -0.0245733317 0.00430838624 -0.0124197016
v  -0.0247047301 0.0043311161 -0.0115662115
v  -0.0247503258 0.00425892789 -0.0115737477
v  -0.0246772505 0.00421205116 -0.0124573531
v  -0.0246364493 0.0042341901 -0.0124425702
v  -0.0246084742 0.0042588613 -0.0124324346
v  -0.0241798051 0.00421266584 -0.00939484779
v  -0.0240103863 0.00421317201 -0.00922537129
v  -0.0241705477 0.00420029415 -0.00928339828
v  -0.0240918659 0.00433108304 -0.00947414432
v  -0.0244357921 0.00433109468 -0.00996123906
v  -0.0246552415 0.0043310984 -0.0105156684
v  -0.0247378517 0.00433111098 -0.0111062005
v  -0.0242312141 0.004200303 -0.00934849121
v  -0.0246008318 0.00420031231 -0.00987196807
v  -0.0245399494 0.00421267794 -0.00990490336
v  -0.0248366781 0.00420032488 -0.0104678087
v  -0.0247697439 0.00421268353 -0.0104854666
v  -0.0249254517 0.00420033932 -0.0111024445
v  -0.0248562451 0.00421270309 -0.0111038312
v  -0.0248955227 0.00420034071 -0.0115610231
v  -0.0247840583 0.00425892184 -0.0111052757
v  -0.024699932 0.0042589074 -0.0105038816
v  -0.0244764443 0.00425889343 -0.0099392524
v  -0.0241261832 0.00425888132 -0.00944319367
v  -0.0238495078 0.00425009709 -0.00916708261
v  -0.0260936804 0.00386364851 -0.00998016167
v  -0.0261983518 0.00404601684 -0.0100180805
v  -0.0263579786 0.00420032209 -0.0100759091
v  -0.0263546556 0.0041607311 -0.0100747077
v  -0.0260700844 0.00374858268 -0.00997161493
v  -0.026635509 0.00420031464 -0.00987192709
v  -0.0282543004 0.00610030815 -0.011406865
v  -0.0282543041 0.00420034816 -0.0114069059
v  -0.0283267293 0.00610030675 -0.011121613
v  -0.0283267256 0.0042003328 -0.0111216512
v  -0.0287706982 0.00610028906 -0.0104846302
v  -0.028770702 0.00420032907 -0.0104846722
v  -0.0294736773 0.00610028859 -0.0101549728
v  -0.0294736791 0.00420031371 -0.0101550147
v  -0.0302473083 0.00610028161 -0.0102209756
v  -0.0302473065 0.00420032255 -0.0102210138
v  -0.0308842938 0.00610030117 -0.0106649464
v  -0.0308842883 0.00420032721 -0.0106649855
v  -0.0312139485 0.00610031234 -0.0113679282
v  -0.0312139448 0.00420033885 -0.0113679674
v  -0.0312203672 0.00610031839 -0.0118562998
v  -0.0312203709 0.00420035841 -0.0118563408
v  -0.0311479438 0.00610031933 -0.0121415546
v  -0.0311479419 0.00420036027 -0.0121415928
v  -0.0307039768 0.00610033656 -0.0127785364
v  -0.030703973 0.0042003775 -0.0127785755
v  -0.0300009921 0.00610035285 -0.0131081911
v  -0.030000994 0.00420037797 -0.013108233
v  -0.0292273648 0.00610034401 -0.013042192
v  -0.0292273629 0.00420038495 -0.0130422302
v  -0.028590383 0.00610033935 -0.0125982203
v  -0.0285903849 0.00420036446 -0.0125982612
v  -0.0282607246 0.00610031327 -0.0118952394
v  -0.0282607302 0.00420035329 -0.0118952803
v  -0.0235528145 0.00678960094 -0.0119142756
v  -0.0261058901 0.00641890243 -0.0104136961
v  -0.026224304 0.00638239458 -0.0103706773
v  -0.0227392092 0.00679523824 -0.012450086
v  -0.0227416791 0.00678605493 -0.0124499751
v  -0.0227540042 0.00676969951 -0.0124448808
v  -0.0257129669 0.00652728137 -0.010590611
v  -0.0251258872 0.00664925762 -0.0109157385
v  -0.0247036237 0.00670984434 -0.0111734532
v  -0.0288857501 0.0042003924 -0.0139821041
v  -0.0288857482 0.00610036729 -0.0139820632
v  -0.0231399033 0.00568869244 -0.0119003365
v  -0.023221992 0.00557462079 -0.0119300801
v  -0.0232805628 0.00536504202 -0.011951305
v  -0.0263588503 0.00374856172 -0.00917453505
v  -0.0263596307 0.00372469402 -0.0091672875
v  -0.0265317578 0.00413120724 -0.00941277575
v  -0.0269037709 0.00416555721 -0.00966911949
v  -0.0267282911 0.00420000497 -0.00956445094
v  -0.0265880693 0.00416496489 -0.00946077984
v  -0.0263643712 0.00383414119 -0.00920601562
v  -0.0264135469 0.00399049232 -0.0092892684
v  -0.0264504012 0.00404986599 -0.00933282357
v  -0.0268538017 0.00416093273 -0.0094749853
v  -0.0269608572 0.00412843842 -0.00955584273
v  -0.0269292258 0.00415660068 -0.00960952509
v  -0.0267953239 0.00419096276 -0.00952108577
v  -0.0266772509 0.00417651189 -0.00942382868
v  -0.0267605074 0.00415475527 -0.00938322768
v  -0.0264527462 0.00401849113 -0.00925906375
v  -0.0270951316 0.00395462289 -0.0095074242
v  -0.0270534661 0.00399924256 -0.00949671678
v  -0.0271031559 0.00393574825 -0.00949985813
v  -0.0269982219 0.00411123643 -0.00959339645
v  -0.0264017936 0.00389259774 -0.00917757489
v  -0.026449753 0.00392542873 -0.00914294086
v  -0.0265108235 0.0039511486 -0.00911571179
v  -0.0265811831 0.00396640552 -0.00909942295
v  -0.0265020244 0.00404031621 -0.00923138484
v  -0.0265596807 0.00405336078 -0.00920860749
v  -0.0266225189 0.00405577011 -0.0091928672
v  -0.0269839279 0.00408782857 -0.00950591452
v  -0.0269949064 0.00403918978 -0.00946161523
v  -0.0268372521 0.00410618447 -0.00935487263
v  -0.0268004481 0.00413341867 -0.00936721824
v  -0.0268386211 0.00393677736 -0.00917285588
v  -0.0267467629 0.00402802788 -0.00918676797
v  -0.0266863294 0.00404700777 -0.00918551534
v  -0.0268446691 0.00396883953 -0.00921067316
v  -0.026870342 0.00401795609 -0.00928861368
v  -0.0269293208 0.0040498944 -0.0093910601
v  -0.026682971 0.00411848817 -0.00928800646
v  -0.0266298261 0.0041261157 -0.0093048038
v  -0.0265787356 0.00412446912 -0.00932585075
v  -0.0265320726 0.00411430793 -0.00934980065
v  -0.0274006613 0.00310933497 -0.00921542384
v  -0.0275414605 0.00254045171 -0.0090750372
v  -0.027646333 0.00195751246 -0.00896716025
v  -0.027721975 0.00133955292 -0.00888701621
v  -0.027767837 0.000675701245 -0.00883698929
v  -0.0272263251 0.00363431708 -0.00938364211
v  0.00179491192 -0.00589987496 0.00173990801
v  0.00147668272 -0.00589988614 0.00201701187
v  0.000966635533 -0.00589992758 0.00114674773
v  0.00149981678 -0.00589989638 2.03968957e-05
v  0.00147660635 -0.00589988893 -0.000263859518
v  0.00245249085 -0.00589988008 -0.000484804623
v  0.00114694983 -0.00589987775 -0.000966841355
v  0.00222793408 -0.00589987822 -0.00113414321
v  0.00230828673 -0.0058998703 -0.000960065983
v  0.000509968027 -0.0058998731 -0.00141081307
v  0.00127763674 -0.00589984888 -0.00214895606
v  0.00186487846 -0.00589986006 -0.00166505389
v  0.00243811682 -0.00589988194 0.000552228652
v  0.00141060352 -0.00589991035 0.00050976593
v  0.00246266276 -0.0058998852 0.000429771841
v  0.00249905325 -0.00589988194 -6.57802448e-05
v  0.00126279891 -0.00589987356 0.00215736497
v  0.00104855932 -0.0058998703 0.0022692224
v  0.000263655558 -0.00589992851 0.00147640519
v  0.00232910551 -0.00589987868 0.000908027403
v  0.00210348144 -0.00589988893 0.00135073345
v  0.00201700442 -0.00589988707 0.00147674512
v  -0.000966635533 -0.00589987962 -0.00114715565
v  -0.000263658352 -0.00589986425 -0.00147681218
v  0.000684796833 -0.00589984749 -0.00240449421
v  -0.000408321619 -0.00589990383 0.0024661934
v  -0.000509974547 -0.0058999355 0.00141040329
v  8.69296491e-05 -0.00589985866 0.00249825045
v  0.000579340383 -0.00589987077 0.0024317028
v  -0.00108317845 -0.00589994295 0.00230312441
v  -0.00174084119 -0.00589994248 0.00205532834
v  -0.00114695262 -0.00589991501 0.000966434367
v  -0.00267741363 -0.00589993503 0.00159522612
v  -0.00147660822 -0.00589990336 0.000263453461
v  -0.00424181111 -0.00589991687 0.000781290233
v  -0.00149982702 -0.00589989731 -2.08057463e-05
v  -0.00141061284 -0.00589988334 -0.000510175712
v  -0.00452026725 -0.0058929841 0.000649801455
v  -0.0043130517 -0.00589990569 0.00053691119
v  -0.00408173539 -0.00589990569 0.000395753421
v  -0.00445528608 -0.00596720772 0.000273343176
v  -0.00443230756 -0.00628143502 -0.000119721517
v  -0.00447246525 -0.0065143574 -0.000178772025
v  -0.0045177117 -0.00604828168 0.000157670118
v  -0.00457017496 -0.00615618611 6.04549423e-05
v  -0.00459353067 -0.00622413401 1.71689317e-05
v  -0.00463561341 -0.00643048901 -6.08079135e-05
v  -0.0040255459 -0.0067829364 -0.000534852035
v  -0.00409356318 -0.00674152514 -0.000480048358
v  -0.0036470471 -0.00697280234 -0.000898502767
v  -0.00332541484 -0.0071035279 -0.00134266075
v  -0.0030861916 -0.00716504967 -0.00184781384
v  -0.00301686581 -0.00717263296 -0.00206355564
v  -0.00294546224 -0.00716927974 -0.00238406798
v  -0.00294656027 -0.0071398057 -0.00299628451
v  -0.00298819132 -0.00704696681 -0.00365339592
v  -0.00294641871 -0.00718573062 -0.00238102535
v  -0.0032272432 -0.00651173433 -0.00618130621
v  -0.00311817229 -0.00679401401 -0.00492933113
v  -0.00320901163 -0.00568392128 -0.00996211451
v  -0.0032686647 -0.00606518658 -0.00820872933
v  -0.00327030104 -0.00623359345 -0.00743673043
v  -0.00314132031 -0.00540205324 -0.0112288613
v  -0.0030695973 -0.00508763269 -0.0124862669
v  -0.00306788832 -0.00511376373 -0.0125691276
v  -0.00357059762 -0.00467292638 -0.0141000897
v  -0.00379160885 -0.00453597819 -0.0144193098
v  -0.00442688353 -0.00412625354 -0.0150506422
v  -0.00405222643 -0.00437277183 -0.0147184106
v  -0.00323204976 -0.00490908464 -0.0133703519
v  -0.00329923071 -0.00485558109 -0.0135559505
v  -0.01522996 -0.00359960087 -0.0113301622
v  -0.0152738057 -0.00359958829 -0.0118414853
v  -0.0150701199 -0.00359958387 -0.0123125371
v  -0.0148121063 -0.003599572 -0.0125517165
v  -0.0134522496 -0.00359955523 -0.0133094946
v  -0.011558027 -0.00359954825 -0.0139921168
v  -0.0120486002 -0.00359951076 -0.0159335118
v  -0.00957109779 -0.003599538 -0.0143179465
v  -0.00536304712 -0.00359956268 -0.0134667205
v  -0.00570651144 -0.0035995543 -0.0138480458
v  -0.00602740422 -0.00359954708 -0.01399229
v  -0.00755806454 -0.00359954149 -0.014276064
v  -0.00704971049 -0.00359951239 -0.0154921543
v  -0.0087080095 -0.00359951891 -0.0156870745
v  -0.00537031889 -0.00359958713 -0.0124714524
v  -0.0052531166 -0.00359956711 -0.0128185134
v  -0.00524129346 -0.00359956548 -0.0129681695
v  -0.00571932644 -0.00359958992 -0.0120951906
v  -0.00620495155 -0.00359958829 -0.0119292336
v  -0.00655548275 -0.0035995876 -0.0119594019
v  -0.00779380091 -0.00359958294 -0.0121889766
v  -0.00942237116 -0.0035995862 -0.0122228609
v  -0.01102982 -0.00359959598 -0.0119592603
v  -0.0125622721 -0.00359960599 -0.0114070103
v  -0.0136624146 -0.00359962136 -0.0107939588
v  -0.0139849484 -0.00359961041 -0.0106534185
v  -0.0144981463 -0.00359961926 -0.0106555792
v  -0.0149490414 -0.00359960995 -0.0109006697
v  -0.0123489192 -0.00357112987 -0.0159586929
v  -0.0126302838 -0.00348653854 -0.0160135347
v  -0.0134145208 -0.00209953333 -0.0165594164
v  -0.0134146791 -0.00238938094 -0.0164809339
v  -0.0133692687 -0.00263709901 -0.0164010767
v  -0.013251082 -0.00292865606 -0.0162902828
v  -0.0130894193 -0.00315845734 -0.0161883738
v  -0.0128809186 -0.00334656239 -0.0160933267
v  -0.0126627646 -0.00347231189 -0.0160221141
v  -0.017522363 -0.00529259257 -0.0157964341
v  -0.0175717548 -0.00524307601 -0.0158116426
v  -0.0170640051 -0.00475955801 -0.0161534064
v  -0.0212757811 -0.00655966019 -0.0133868176
v  -0.0225606151 -0.0066561643 -0.0125377718
v  -0.0156395268 -0.0021882474 -0.0171041861
v  -0.0154538387 -0.00144029921 -0.0172274485
v  -0.0153251747 -0.00130012131 -0.0172535945
v  -0.0152422134 -0.000687815831 -0.0173093993
v  -0.0153417271 -0.000677519594 -0.0173017867
v  -0.0152041586 0.000100437668 -0.017334925
v  -0.0162188765 -0.00357469218 -0.01671868
v  -0.0158956703 -0.0029034426 -0.0169339217
v  -0.01588553 -0.00314929476 -0.0168737955
v  -0.015511442 -0.00211723591 -0.0171278808
v  -0.0155410748 -0.0022190439 -0.0171078295
v  -0.0156828966 -0.00264838291 -0.0170116872
v  -0.017780127 -0.00557398191 -0.0155480159
v  -0.0180831719 -0.00570343994 -0.0154072922
v  -0.0179317761 -0.00567968329 -0.0154395523
v  -0.0186732654 -0.00602834672 -0.0149982451
v  -0.0186388791 -0.00607884442 -0.0149353966
v  -0.0189251993 -0.00620531803 -0.0147325136
v  -0.0192833357 -0.00628157519 -0.0145771643
v  -0.0195924621 -0.00644030282 -0.0142633365
v  -0.0199100059 -0.00647559576 -0.0141472379
v  -0.0181332231 -0.00564689748 -0.0154324388
v  -0.0187240168 -0.0059667374 -0.0150335608
v  -0.0193346795 -0.00621668575 -0.014622028
v  -0.0199618209 -0.00640876032 -0.0142005542
v  -0.0212381594 -0.00665305927 -0.013346957
v  -0.0211862493 -0.00672129123 -0.0132808127
v  -0.0225268174 -0.00675266236 -0.0124905379
v  -0.0212936811 -0.00645998353 -0.0133956345
v  -0.0208016299 -0.00638982514 -0.0137202293
v  -0.0200024787 -0.00632215058 -0.0142294997
v  -0.0200265981 -0.00623058528 -0.0142314974
v  -0.0193766207 -0.00613535382 -0.0146441991
v  -0.019424513 -0.0060567488 -0.0146286748
v  -0.0187670067 -0.00589223765 -0.0150484089
v  -0.0187975783 -0.00581451179 -0.0150422454
v  -0.0181771107 -0.0055809035 -0.015439746
v  -0.0153038641 0.00010042738 -0.0173268653
v  -0.0154052181 -0.00029278532 -0.0172799919
v  -0.0153953722 0.000100426638 -0.0172864739
v  -0.0224762112 -0.00682096044 -0.0124166505
v  -0.0220584925 -0.00683609815 -0.0125750806
v  -0.0224200804 -0.00685070409 -0.0123327887
v  -0.0198558681 -0.00651388755 -0.0140796229
v  -0.0203004833 -0.00661790231 -0.0137715107
v  -0.0211305674 -0.00675445935 -0.0132024996
v  -0.0161212049 -0.00362719968 -0.0167126097
v  -0.0162652638 -0.00388028543 -0.0166136362
v  -0.0166114159 -0.00420027412 -0.0164566133
v  -0.0163958427 -0.00408970052 -0.0165236052
v  -0.0170391351 -0.00491655618 -0.0160752311
v  -0.0174724106 -0.00533185899 -0.0157680269
v  -0.0183402803 -0.00558681041 -0.0153439101
v  -0.0176526979 -0.00512949144 -0.0157974828
v  -0.0176163502 -0.00518709887 -0.0158117898
v  -0.0173894912 -0.00490429206 -0.0159711111
v  -0.0171473958 -0.00466597825 -0.0161308087
v  -0.0166046135 -0.00399411609 -0.0164888557
v  -0.0163058229 -0.00351384608 -0.0166859478
v  -0.0160048176 -0.00290477346 -0.0168845057
v  -0.0157290176 -0.00215331535 -0.0170664228
v  -0.0155950207 -0.00165300386 -0.017154811
v  -0.015432952 -0.000665907166 -0.0172617007
v  -0.0227307882 -0.00665912125 -0.0124367969
v  -0.0227162968 -0.00671615545 -0.0124125546
v  -0.022673104 -0.00680278195 -0.0123408409
v  -0.0226015374 -0.00685360562 -0.0122234402
v  -0.0236218218 -0.00681458227 -0.0116596213
v  -0.0236966591 -0.00667593628 -0.0117855361
v  -0.0264915731 -0.00614258228 -0.010186784
v  -0.0262274481 -0.00622151652 -0.0103165759
v  -0.0262238961 -0.00624997821 -0.0102536166
v  -0.0257104188 -0.00638698414 -0.0105405832
v  -0.0251988526 -0.00650971383 -0.0108262142
v  -0.0246951114 -0.00659319246 -0.0111373356
v  -0.0246707853 -0.00666567637 -0.011078164
v  -0.0251792166 -0.0065722866 -0.0107637951
v  -0.0256973803 -0.00643496308 -0.0104760723
v  -0.0236662477 -0.00675790943 -0.0117323501
v  -0.024633212 -0.00671448326 -0.0110036591
v  -0.023571644 -0.00683886698 -0.0115805967
v  -0.0241840035 -0.00678995252 -0.0111818295
v  -0.0249060802 -0.00667502126 -0.0107321348
v  -0.0251477156 -0.00661331974 -0.0106894802
v  -0.0256453194 -0.00647389702 -0.0103314463
v  -0.0256747212 -0.00646464899 -0.0104036946
v  -0.0258268341 -0.00641018711 -0.0102506792
v  -0.0262136683 -0.00626450032 -0.0101867486
v  -0.0261978116 -0.00626447471 -0.0101212477
v  -0.0264891963 -0.00614835043 -0.0101250699
v  -0.0264673606 -0.00614894181 -0.0100667924
v  -0.02544 -0.00603487296 -0.00855647773
v  -0.0255806334 -0.00596762868 -0.00849233568
v  -0.02562337 -0.00603632443 -0.00871639326
v  -0.0258351248 -0.00591732189 -0.00847926456
v  -0.0261141546 -0.00603700662 -0.0092257075
v  -0.0260612201 -0.00593442889 -0.00880141556
v  -0.0264960397 -0.0059335581 -0.00930414721
v  -0.0266621988 -0.00589973899 -0.00909824762
v  -0.0261536166 -0.00589974737 -0.00852327235
v  -0.0299509969 -0.00400010403 -0.00886922795
v  -0.0285700634 -0.00399979437 -0.00809309632
v  -0.0286532752 -0.00399979996 -0.00817582663
v  -0.0287307389 -0.00399978738 -0.00826270599
v  -0.0309783146 -0.00399976037 -0.0094616795
v  -0.0314942412 -0.00399976317 -0.00985339098
v  -0.0320559889 -0.00399973383 -0.0106972596
v  -0.0322364643 -0.0039997166 -0.0116948066
v  -0.0320059881 -0.00399969192 -0.0126820002
v  -0.0314024612 -0.0039996868 -0.0134965125
v  -0.0305251256 -0.00399967423 -0.0140044047
v  -0.0295182541 -0.00399966072 -0.0141221667
v  -0.0279434063 -0.00399977388 -0.00887656212
v  -0.0276879333 -0.00399976736 -0.00907412916
v  -0.0272223409 -0.00399977108 -0.00943107344
v  -0.0309783109 -0.00543169631 -0.0094617093
v  -0.0313833356 -0.00589972083 -0.00974981766
v  -0.0309783146 -0.00589970499 -0.00946171582
v  -0.0317232087 -0.00589971198 -0.010113311
v  -0.0319842435 -0.00589971337 -0.0105352048
v  -0.0320561342 -0.0058997022 -0.0106972465
v  -0.0322117172 -0.00589967426 -0.0119895302
v  -0.032236509 -0.00589968264 -0.0116948485
v  -0.0322336182 -0.00589969428 -0.0114920503
v  -0.0321567506 -0.00589969801 -0.0110022137
v  -0.0320925266 -0.00589966727 -0.0124707622
v  -0.0320059881 -0.00589966681 -0.0126820421
v  -0.0314024948 -0.00589964958 -0.013496588
v  -0.0315829888 -0.00589965051 -0.0133182341
v  -0.0318796486 -0.00589965191 -0.0129208313
v  -0.0305251796 -0.00589963701 -0.0140045891
v  -0.0307846162 -0.00589963468 -0.0139019284
v  -0.031212518 -0.00589964399 -0.0136505729
v  -0.0293340664 -0.0058996398 -0.0140994638
v  -0.0298221968 -0.00589963607 -0.0141303856
v  -0.0303146522 -0.00589963188 -0.0140646184
v  -0.0276165809 -0.00590020977 -0.00874498859
v  -0.0264338814 -0.00589967705 -0.00857734494
v  -0.0290748402 -0.0058993944 -0.00888345949
v  -0.0298250075 -0.00589974364 -0.00901196152
v  -0.0304143224 -0.005899549 -0.00919290073
v  -0.0268834438 -0.00375781301 -0.00712354435
v  -0.026886832 -0.00371364248 -0.00710448436
v  -0.0272504948 -0.00365200522 -0.00747019565
v  -0.0269107874 -0.00381479762 -0.00715889735
v  -0.0273248237 -0.00396669842 -0.00740280515
v  -0.0272868294 -0.0039622956 -0.00738287298
v  -0.0272632781 -0.00388696254 -0.00745898904
v  -0.0270342082 -0.00390137103 -0.00724498462
v  -0.0274707694 -0.00397847034 -0.00747973844
v  -0.0277700368 -0.0039629559 -0.00771752838
v  -0.0278200246 -0.00398888439 -0.00766847143
v  -0.0279930457 -0.00399176637 -0.00776490755
v  -0.0281982031 -0.00395280356 -0.00804524589
v  -0.0283169616 -0.00399647653 -0.00794838089
v  -0.0286460388 -0.00398829626 -0.00832765456
v  -0.0285548139 -0.00394883147 -0.00839545671
v  -0.0284947641 -0.0039043983 -0.00843889359
v  -0.0283958819 -0.00378183369 -0.00850663427
v  -0.0280045345 -0.00357682398 -0.00821044575
v  -0.0280284267 -0.00337174092 -0.0081900619
v  -0.0283360109 -0.00331841805 -0.00851819851
v  -0.0283172671 -0.00352078816 -0.00854819734
v  -0.0283190962 -0.00354149612 -0.0085483389
v  -0.0280634277 -0.00379857817 -0.00816021115
v  -0.0283752438 -0.00374275702 -0.00851967651
v  -0.0276660621 -0.00384175614 -0.00780695956
v  -0.0276221428 -0.00366815366 -0.00784473866
v  -0.0272421613 -0.00382671086 -0.00747750374
v  -0.027234016 -0.00376350246 -0.00748465024
v  -0.0277510397 -0.00346734468 -0.00792565662
v  -0.0274545047 -0.0035820764 -0.00765672885
v  -0.0287582353 0.000100241341 -0.00805825833
v  -0.0287210494 -0.000952879782 -0.00810115132
v  -0.0284495708 -0.00285789231 -0.00839862879
v  -0.0285588317 -0.00230362918 -0.00828121416
v  -0.0286803674 -0.00141885958 -0.00814714469
v  0.00222903304 -0.00391681027 -0.00113194901
v  0.0021985285 -0.00391628221 -0.00119011384
v  0.00192007981 -0.00391238462 -0.00160103571
v  0.00156594999 -0.00390848052 -0.00194882415
v  0.0011501275 -0.00390458782 -0.00221978035
v  0.000688981265 -0.00390069629 -0.00240321876
v  -0.000182653777 -0.00390594103 0.00249312632
v  -0.000403063372 -0.003904043 0.0024671033
v  0.00240795687 -0.00391946547 -0.000671936199
v  0.00249239802 -0.0039213784 -0.000193819404
v  0.00193320774 -0.00392106408 0.00158489216
v  0.00248170644 -0.0039225691 0.000301058404
v  0.00243811868 -0.00392284896 0.000552271493
v  0.00237704068 -0.00392291695 0.000773984008
v  0.00217623264 -0.00392233115 0.0012301458
v  0.00201700628 -0.00392154139 0.00147678796
v  0.00160330534 -0.00391905708 0.00191794708
v  0.000338458456 -0.00391011685 0.00247678533
v  0.00126280263 -0.00391680468 0.00215740781
v  0.00121672265 -0.00391649408 0.00218372326
v  0.00079573784 -0.00391352363 0.00236977637
v  -0.0182250924 -0.00511831325 -0.0154198864
v  -0.0188690387 -0.00535454694 -0.0149950832
v  -0.0199884735 -0.00474967435 -0.00790046621
v  -0.0199771766 -0.00472371839 -0.00783996191
v  -0.0193736069 -0.00430068513 -0.00850861613
v  -0.0198810957 -0.00449039135 -0.00737323333
v  -0.019033581 -0.0037206437 -0.00840512291
v  -0.0197577886 -0.00414344855 -0.00686114235
v  -0.0196414907 -0.00372068817 -0.0064075226
v  -0.0200791713 -0.00494569261 -0.00842798594
v  -0.0199916642 -0.0049415403 -0.00869671442
v  -0.0201185606 -0.00502300309 -0.00867715105
v  -0.020266166 -0.00525956787 -0.00963215437
v  -0.0203681272 -0.00536998129 -0.0102088898
v  -0.020855153 -0.00557040842 -0.0116343144
v  -0.0208490323 -0.00556935975 -0.0116264736
v  -0.0206125323 -0.00551292347 -0.011152857
v  -0.0195956528 -0.00551411556 -0.0145157631
v  -0.0204646774 -0.00544209499 -0.0106504504
v  -0.0178799387 -0.00494388212 -0.0156475138
v  -0.0176874064 -0.00482842186 -0.0157744139
v  -0.0172104593 -0.00447014347 -0.0160888247
v  -0.0168113504 -0.00405790797 -0.0163525976
v  -7.7615492e-05 -0.00390428468 0.00149779115
v  0.000263655558 -0.00390703743 0.00147644617
v  0.000801851042 -0.00390446116 -0.0012678057
v  0.000509966165 -0.00390173146 -0.00141077209
v  -0.00147660822 -0.00388964522 0.000263495371
v  -0.00149982423 -0.00388852204 -2.07638368e-05
v  -0.00147202238 -0.00388807221 -0.000288342126
v  -0.00141060818 -0.00388800981 -0.000510132872
v  -0.00137504004 -0.0038880941 -0.000599451363
v  -0.00120234024 -0.00388890994 -0.000896977261
v  -0.000980602577 -0.00389029388 -0.00113520026
v  -0.000666339882 -0.00389241916 -0.00134399347
v  -0.000307169743 -0.00389500964 -0.00146833621
v  0.000449348241 -0.00390118151 -0.00143123604
v  7.2912313e-05 -0.00389795122 -0.00149835274
v  -0.000263655558 -0.00389532442 -0.00147676934
v  0.00109983049 -0.00390747609 -0.00102009531
v  0.00114695355 -0.00390798226 -0.000966798514
v  0.00145141967 -0.00391212991 -0.000378672034
v  0.00130466931 -0.0039098803 -0.000740249641
v  0.00149981864 -0.0039136745 2.04378739e-05
v  0.00147661008 -0.003912671 -0.000263817608
v  0.00121479481 -0.00391324935 0.000879702158
v  0.00139177591 -0.00391399721 0.000559152104
v  0.00141060725 -0.00391405076 0.000509808771
v  0.00148790702 -0.00391397672 0.00018963404
v  0.000293868594 -0.00390726374 0.00147073064
v  0.000631084666 -0.00390967494 0.00136058033
v  0.000954695977 -0.00391177414 0.00115674827
v  -0.000435075723 -0.00390129187 0.00143531617
v  -0.000509970821 -0.00390064646 0.00141044799
v  -0.000788409263 -0.00389819895 0.00127588678
v  -0.00109377969 -0.00389520056 0.00102625601
v  -0.00146271847 -0.0038900061 0.000332012773
v  -0.00132274441 -0.0038924336 0.000707119703
v  -0.00114695076 -0.00389462081 0.000966476277
v  -0.0208614711 -0.00556997163 -0.0116175301
v  -0.0208671484 -0.00557079725 -0.011625479
v  -0.0205245018 -0.0054509202 -0.0106369657
v  -0.0204212274 -0.0053492873 -0.00998235308
v  -0.020378517 -0.00528253196 -0.00961371046
v  -0.0203207321 -0.00527644483 -0.00962209515
v  -0.0206484888 -0.00551677076 -0.0111410134
v  -0.020205643 -0.00506860577 -0.00870770309
v  -0.0200844388 -0.00477409549 -0.00780403567
v  -0.0200264566 -0.00475371256 -0.00782072172
v  -0.0198556092 -0.00430412171 -0.00697914604
v  -0.0197641477 -0.00400959933 -0.00660034874
v  -0.0196780674 -0.00372100249 -0.00632427633
v  -0.019870162 -0.00371972518 -0.00619624322
v  -0.0197700206 -0.00372007536 -0.00622816477
v  -0.0199434124 -0.004041926 -0.00653387653
v  -0.0198482163 -0.0040378808 -0.00655808114
v  -0.0200158823 -0.00433592312 -0.00692487461
v  -0.0199316405 -0.00433033798 -0.0069460026
v  -0.0200849809 -0.00458195386 -0.00734776072
v  -0.020146396 -0.00478225946 -0.0077916407
v  -0.0201567914 -0.00457296474 -0.00733940117
v  -0.0201359112 -0.00448574731 -0.00718034897
v  -0.0201311633 -0.00446560979 -0.00714571495
v  -0.0201054309 -0.00435471395 -0.00696732709
v  -0.0200199317 -0.00394509034 -0.00644303253
v  -0.0200044587 -0.0038590685 -0.00635242695
v  -0.0199811403 -0.0037183438 -0.00621540425
v  -0.0202930141 -0.00507614948 -0.00869565178
v  -0.0202461127 -0.00491986983 -0.00816961192
v  -0.0202996843 -0.005096226 -0.00877249893
v  -0.0201813951 -0.00467297435 -0.00754216081
v  -0.0152982222 -0.00286542228 -0.00339275971
v  -0.0155633073 -0.00302635226 -0.00222088397
v  -0.0150613664 -0.00306079187 -0.00336511899
v  -0.0152964015 -0.0031625696 -0.00214523729
v  -0.0148273949 -0.00316804787 -0.00330137648
v  -0.0150193563 -0.00320870429 -0.00203099288
v  -0.0145670436 -0.00320871919 -0.00319216028
v  -0.015599329 -0.002208733 -0.00329706632
v  -0.01603177 -0.00220871484 -0.00218690652
v  -0.0155766308 -0.0023454444 -0.00332947774
v  -0.0159593895 -0.00251733256 -0.00223856559
v  -0.015458934 -0.00264545833 -0.00338085508
v  -0.0157924592 -0.00280814595 -0.00225237617
v  -0.0156922732 -0.00291884597 -0.00224325806
v  -0.0239681788 -0.00351904659 -0.00783375558
v  -0.0232719406 -0.00547257997 -0.0111274673
v  -0.0232548807 -0.00545148319 -0.010192899
v  -0.0230449028 -0.00550713576 -0.010276108
v  -0.0229976252 -0.00555708958 -0.0105529204
v  -0.0234275348 -0.00513469847 -0.00924444385
v  -0.0232149307 -0.00523012504 -0.00935248379
v  -0.0231071189 -0.00542367343 -0.00992687326
v  -0.0234280005 -0.00461489381 -0.00830353983
v  -0.0233184826 -0.00497694453 -0.0088299308
v  -0.0232447702 -0.00516450452 -0.00919912476
v  -0.0236089006 -0.00455936184 -0.00833210908
v  -0.0236928836 -0.00415111007 -0.00792613439
v  -0.0235193837 -0.0042035589 -0.00788057782
v  -0.0237663072 -0.00366795599 -0.00757012609
v  -0.0236045532 -0.00368189486 -0.00749028614
v  -0.0236795861 -0.00304433331 -0.00714273425
v  -0.0238773115 -0.00253297738 -0.00702080689
v  -0.0237222575 -0.00255209208 -0.00694125192
v  -0.0237910878 -0.0012600316 -0.00660996418
v  -0.023788318 -0.00134009728 -0.00662350794
v  -0.0239413977 -0.00125056901 -0.00669344934
v  -0.0237793829 -0.00156918296 -0.00666695647
v  -0.0237352531 -0.00237185438 -0.0068791965
v  -0.0240068082 0.000100209851 -0.00662682485
v  -0.0238125995 0.000100206096 -0.00650043087
v  -0.0238051247 -0.000727557053 -0.00654059509
v  -0.0241251308 0.000100215504 -0.00683363015
v  -0.0241184011 -0.00120653736 -0.00699050399
v  -0.0240621231 -0.00244023418 -0.00730745913
v  -0.0238400623 -0.00434869062 -0.0085484134
v  -0.023907965 -0.0039711548 -0.00816984195
v  -0.023687806 -0.00488362834 -0.00940258894
v  -0.0235296022 -0.0051833652 -0.0103022587
v  -0.0233811308 -0.00530699454 -0.011158512
v  -0.0240764059 0.000100207151 -0.00671952637
v  -0.0240568649 -0.00123190123 -0.00682640867
v  -0.0239971168 -0.00249393401 -0.00714883953
v  -0.0238955244 -0.00360617251 -0.00768743828
v  -0.0238292646 -0.00407732371 -0.00803449005
v  -0.0237538218 -0.00447419658 -0.00842855126
v  -0.0235874392 -0.00503577152 -0.00931677967
v  -0.0234214906 -0.00534674898 -0.0102459844
v  -0.0222566966 -0.00561248511 -0.0112200268
v  -0.0217152368 -0.00561243482 -0.0131175676
v  -0.02194543 -0.00561453402 -0.0114275143
v  -0.0158030353 0.00299455179 -0.00225258898
v  -0.0159593094 0.00271773455 -0.00223846966
v  -0.0154919736 0.00278294971 -0.00337276189
v  -0.01603177 0.00240893825 -0.00218680967
v  -0.0155993309 0.00240899529 -0.00329696946
v  -0.0155897988 0.00248019048 -0.00331472326
v  -0.0156990699 0.00311244768 -0.00224401522
v  -0.0153051652 0.00305826007 -0.00339294737
v  -0.0155861443 0.00320988963 -0.002225467
v  -0.0150654605 0.00325867929 -0.00336590968
v  -0.0153184664 0.00335550425 -0.00215280941
v  -0.0148904771 0.00334645901 -0.00332172308
v  -0.0148277152 0.00336841261 -0.00330141559
v  -0.0150733031 0.00340719824 -0.00205591414
v  -0.0145670408 0.0034089773 -0.00319201965
v  -0.0150193507 0.00340891699 -0.00203085132
v  -0.0234069657 0.00489433343 -0.00840270333
v  -0.0234340243 0.00479165418 -0.00827476569
v  -0.0236087553 0.00475988816 -0.00833184458
v  -0.0241184104 0.00140695379 -0.00699048862
v  -0.0233811364 0.00550755905 -0.0111582875
v  -0.0230801627 0.00566329667 -0.010077877
v  -0.0232547186 0.0056521045 -0.0101926243
v  -0.0232718885 0.00567322504 -0.0111272205
v  -0.0235296134 0.0053838985 -0.0103020472
v  -0.023687819 0.00508412952 -0.00940239895
v  -0.0238400716 0.00454915548 -0.00854825322
v  -0.0239079725 0.00417162059 -0.00816970319
v  -0.023774486 0.00189805147 -0.00669465587
v  -0.02378897 0.00154055306 -0.00662367558
v  -0.023941284 0.00145099405 -0.006693298
v  -0.0237917062 0.00146042602 -0.00661011972
v  -0.0238038283 0.00101106812 -0.00654923962
v  -0.0236927494 0.00435162522 -0.00792587921
v  -0.0235002991 0.00449799001 -0.00796530396
v  -0.0235873293 0.00399943069 -0.00756738335
v  -0.0237661749 0.00386845041 -0.00756988442
v  -0.0236587618 0.00345010613 -0.00724253012
v  -0.0237255171 0.00272030663 -0.00692991912
v  -0.0233043339 0.00521595916 -0.00889857858
v  -0.0234273765 0.0053352816 -0.00924417004
v  -0.0232444108 0.00536501594 -0.00919883698
v  -0.023204254 0.00545197586 -0.0094056325
v  -0.0238954909 0.00380665855 -0.00768724084
v  -0.0238292292 0.00427783001 -0.00803427398
v  -0.0237537846 0.00467471592 -0.00842832401
v  -0.0235873889 0.00523634907 -0.0093165366
v  -0.0234214459 0.00554735959 -0.0102457376
v  -0.0238771867 0.00273343222 -0.00702060293
v  -0.0240568332 0.00143233605 -0.00682630436
v  -0.0239970852 0.00269437837 -0.00714868307
v  -0.0240621306 0.00264067366 -0.00730739068
v  -0.0239681881 0.00371949095 -0.0078336373
v  -0.0213596467 0.00581503194 -0.013351907
v  -0.0219638608 0.00581330899 -0.0114160869
v  -0.0222574994 0.00581174809 -0.0112199578
v  -0.00476767495 0.00622957153 -0.00406353781
v  -0.00580135919 0.00588037679 -0.00579196122
v  -0.00582359731 0.00550796371 -0.0073664817
v  -0.00838208292 0.0054659755 -0.0080332784
v  -0.0113682933 0.00538684381 -0.00867011677
v  -0.011719102 0.00557895796 -0.00742347585
v  -0.0085232975 0.00577426702 -0.00657847896
v  -0.00842036214 0.0060525802 -0.00517512066
v  -0.0109837828 0.00581946038 -0.00595522206
v  -0.00719238771 0.00613703718 -0.00480142469
v  -0.00224441849 0.00610009348 -0.00329566794
v  -0.00243702997 0.00612554932 -0.00335428165
v  -0.00265381578 0.00622355239 -0.00342025235
v  -0.00275092758 0.00630108407 -0.00344980322
v  -0.00281885453 0.00637553073 -0.00347047299
v  -0.00296727475 0.00678557297 -0.00351563096
v  -0.0029261522 0.00656731613 -0.00350312144
v  -0.00291370042 0.00653568143 -0.00349933375
v  -0.0202212669 0.00578100746 -0.0141028007
v  -0.0209029708 0.0057791695 -0.0117000053
v  -0.020859886 0.00577439507 -0.0116884327
v  -0.0208546016 0.00577050587 -0.0116265947
v  -0.0199547745 0.00477621378 -0.00743497303
v  -0.0200207997 0.00479961466 -0.0074118739
v  -0.0201268364 0.00508511299 -0.00809915457
v  -0.0196652431 0.00401986716 -0.00650123833
v  -0.0196413659 0.00392109761 -0.00640728837
v  -0.0196892675 0.00392065058 -0.00630547991
v  -0.0199394058 0.00391931692 -0.00620164024
v  -0.0199810136 0.00391875021 -0.00621518912
v  -0.0200198479 0.00414575497 -0.00644306093
v  -0.0198791698 0.00392016675 -0.00619568164
v  -0.0199821442 0.00440659327 -0.00674014818
v  -0.0198289528 0.0039204685 -0.00620293804
v  -0.0197737534 0.00392047083 -0.00622567069
v  -0.0198926758 0.00440174621 -0.00676290318
v  -0.0197272263 0.00392055418 -0.00626073917
v  -0.019812759 0.00437446451 -0.00680035166
v  -0.0203360151 0.00553921564 -0.0100336885
v  -0.0201567728 0.00529306568 -0.0089247711
v  -0.0202176906 0.00529436814 -0.00880404096
v  -0.0200787596 0.00514566572 -0.00842503272
v  -0.0200139359 0.00500841485 -0.00804162864
v  -0.0198986977 0.00473484769 -0.00745091913
v  -0.0197794028 0.00441026362 -0.00694657397
v  -0.0205191486 0.00567273609 -0.0108526656
v  -0.0204051491 0.00560048409 -0.010384338
v  -0.0204146411 0.00558558851 -0.0102314278
v  -0.0205693208 0.00568984728 -0.0109408684
v  -0.0206857324 0.00573365577 -0.011290648
v  -0.0207019839 0.0057403692 -0.0113657871
v  -0.0208543446 0.00577033497 -0.0116233593
v  -0.0203784201 0.00548280915 -0.00960999262
v  -0.0204211157 0.00554868951 -0.00997465849
v  -0.02086653 0.00577072334 -0.011614305
v  -0.0207003355 0.00573459547 -0.0112849893
v  -0.0206413548 0.00571389031 -0.0111107202
v  -0.0204555001 0.00558978505 -0.0102242157
v  -0.0204232186 0.00555145787 -0.00999095198
v  -0.020151224 0.0047498038 -0.00729340687
v  -0.0200923942 0.00480719982 -0.00739567913
v  -0.0201054793 0.00455548381 -0.00696757436
v  -0.0200686231 0.0043898006 -0.00673415652
v  -0.0203000605 0.00529714441 -0.00877394248
v  -0.0202595331 0.00530107925 -0.00879754964
v  -0.0202616807 0.00517523801 -0.00833855569
v  -0.0201823283 0.00509330304 -0.00808902271
v  -0.0201814827 0.00487374794 -0.00754150609
v  -0.0201631114 0.00479895296 -0.00738750771
v  -0.0200304687 0.00517138606 -0.00870830752
v  -0.016004812 0.00310561666 -0.0168843772
v  -0.0157290194 0.00235415949 -0.0170663297
v  -0.0155950142 0.0018538622 -0.0171547364
v  -0.0154329538 0.000866761722 -0.017261669
v  -0.0154052135 0.000493640488 -0.0172799751
v  -0.016305821 0.00371467276 -0.0166857932
v  -0.0166046098 0.00419495208 -0.0164886806
v  -0.0167736728 0.00421226677 -0.0163771547
v  -0.017147392 0.0048667877 -0.0161306076
v  -0.0171007346 0.00457034353 -0.0161613896
v  -0.0173894875 0.00510509731 -0.0159708988
v  -0.0174741037 0.00488321343 -0.0159150846
v  -0.017652696 0.0053302967 -0.015797263
v  -0.0178719647 0.0051400736 -0.0156526212
v  -0.0183402784 0.00578758167 -0.0153436717
v  -0.0184439104 0.00541093387 -0.0152753117
v  -0.0187975783 0.00601528818 -0.0150419977
v  -0.0190410744 0.00560196536 -0.0148813762
v  -0.0194245148 0.00625750562 -0.0146284169
v  -0.0196273774 0.00571940979 -0.0144946044
v  -0.0200265944 0.00643131463 -0.0142312311
v  -0.0208016317 0.0065905368 -0.0137199573
v  -0.0212936811 0.00666068913 -0.0133953579
v  -0.0135441488 0.00380017865 -0.00989673659
v  -0.0143249249 0.0038001833 -0.00994649623
v  -0.0127958246 0.00380019471 -0.0101551153
v  -0.0117512019 0.00380019355 -0.0106698945
v  -0.0106421961 0.00380020728 -0.0110253645
v  -0.00943370722 0.0038002138 -0.0112188663
v  -0.00799017213 0.00380020309 -0.0112042427
v  -0.00678588077 0.00380020612 -0.0109863039
v  -0.00665833242 0.00380019704 -0.0109569617
v  -0.0059291888 0.00380019541 -0.0109470319
v  -0.00524074025 0.00380020309 -0.0111939041
v  -0.00538225658 0.0038369149 -0.0111193927
v  -0.00557895005 0.00388116064 -0.0110377027
v  -0.00359894987 0.00419337396 -0.0125338444
v  -0.00434172992 0.00460734172 -0.0110811051
v  -0.00522578508 0.00441026781 -0.01098896
v  -0.0051364582 0.0045798216 -0.010860255
v  -0.00483453646 0.0045080157 -0.0110513698
v  -0.00370083004 0.00431366125 -0.012129046
v  -0.00385997351 0.00441923784 -0.0117488839
v  -0.00407435931 0.00451650983 -0.0113977455
v  -0.00379606709 0.00386334723 -0.0130472817
v  -0.00390219036 0.00401814189 -0.0125621315
v  -0.00406460743 0.00380024244 -0.0126370192
v  -0.00393068604 0.00381284836 -0.0129102673
v  -0.00384615269 0.00383812049 -0.0130171431
v  -0.00428851694 0.00407390902 -0.0119197499
v  -0.0044381544 0.00380022195 -0.0119411703
v  -0.00431629084 0.00380022381 -0.0121307513
v  -0.00415239204 0.00396993477 -0.0122292591
v  -0.00410171412 0.00380023778 -0.0125529431
v  -0.00406352617 0.00385312526 -0.0125563275
v  -0.00533314422 0.00409366703 -0.0111048603
v  -0.00483832788 0.00394526822 -0.0114497468
v  -0.00486441609 0.00380020915 -0.0114635509
v  -0.0046205651 0.00380021683 -0.0117076188
v  -0.00553216785 0.00447160052 -0.0108567122
v  -0.00446980074 0.00417009089 -0.0116337836
v  -0.00469393283 0.00425990904 -0.0113766342
v  -0.00399436802 0.0041366443 -0.0122062284
v  -0.00413728785 0.00424139109 -0.0118710548
v  -0.00432898477 0.00433810148 -0.0115614347
v  -0.00456727948 0.00442842068 -0.0112825194
v  -0.00418489799 0.00382499467 -0.0144784125
v  -0.00407920685 0.0039174296 -0.0145767955
v  -0.00401154906 0.00406182697 -0.0146397734
v  -0.00399345718 0.00420028158 -0.0146566164
v  -0.00388215203 0.00420027459 -0.014531157
v  -0.00470242091 0.00391745334 -0.0151021453
v  -0.00477938913 0.00399013935 -0.0152184507
v  -0.00465179048 0.00406184467 -0.0151794786
v  -0.00470472313 0.00406163698 -0.0152133573
v  -0.00463952869 0.00415498251 -0.0151981395
v  -0.00522285514 0.00381248491 -0.0151800206
v  -0.00516446494 0.00382190454 -0.0151874563
v  -0.00478150789 0.00382501562 -0.014981336
v  -0.00501574762 0.00386144663 -0.015204927
v  -0.00491033215 0.00390595431 -0.0152143929
v  -0.00428623054 0.00380027317 -0.0143840779
v  -0.00485733338 0.0038002918 -0.0148655009
v  -0.00461908057 0.00420028903 -0.0151875233
v  -0.00541991927 0.00380028435 -0.0151564619
v  -0.0152633814 0.00380030065 -0.0152952606
v  -0.0148621257 0.00320406538 -0.0155321993
v  -0.0141510842 0.00380030042 -0.0152106015
v  -0.013453315 0.00331202382 -0.0153787611
v  -0.0131962616 0.00355485477 -0.0152544128
v  -0.0129143177 0.0037050799 -0.0151594663
v  -0.0125708394 0.00378958974 -0.0150878895
v  -0.0123859271 0.00380029669 -0.0150673753
v  -0.0137303518 0.00268172706 -0.0156133417
v  -0.0136280973 0.00302390405 -0.0154988319
v  -0.0135658802 0.00314696296 -0.0154505754
v  -0.0137447361 0.00230034231 -0.0157115906
v  -0.0144461663 0.00223965291 -0.0157855675
v  -0.0137258908 0.00206628186 -0.0157597829
v  -0.0142087573 0.00119106157 -0.0159359295
v  -0.0136736613 0.00111464574 -0.0158928074
v  -0.0183932874 0.00420057774 -0.0110309692
v  -0.0186418556 0.00457023364 -0.0110972226
v  -0.0181914717 0.00380020123 -0.0109771816
v  0.000966642052 0.00609999895 0.00114700198
v  0.000263654627 0.00609999709 0.00147665665
v  0.000300051644 0.00609997846 0.00248194207
v  0.00114694983 0.00610004785 -0.000966589898
v  0.00127764232 0.00610007811 -0.00214870274
v  0.000509973615 0.0061000539 -0.00141055975
v  0.000684795901 0.00610007858 -0.00240424369
v  -0.000263659284 0.00610006135 -0.00147656072
v  -0.000966636464 0.00610004598 -0.00114690419
v  0.00147660449 0.00610003667 -0.000263608992
v  0.00222793967 0.00610004831 -0.00113388989
v  0.00186487846 0.00610006601 -0.00166480243
v  -0.000408318825 0.0060999319 0.00246644765
v  -0.000509968959 0.00609999103 0.00141065754
v  -0.00108809303 0.00609997334 0.00230265595
v  -0.00180909876 0.00609999197 0.00202636421
v  -0.00114695355 0.00610001106 0.000966685824
v  -0.00212464388 0.00609999057 0.00187903084
v  -0.00141060725 0.00610004365 -0.000509921461
v  -0.00147660915 0.00610002223 0.000263703987
v  0.00126280077 0.00609997706 0.00215761643
v  0.00201700814 0.00609999429 0.00147699844
v  0.00141060911 0.00610001618 0.000510020182
v  0.00243812054 0.00610001432 0.00055248104
v  0.0024566073 0.00610002922 -0.000463256612
v  -0.00452026725 0.0060930904 0.000650053844
v  -0.004219478 0.00610001246 0.000794925727
v  -0.00431304611 0.0061000213 0.000537164509
v  -0.00408173725 0.00610001991 0.000396004878
v  -0.00331580173 0.00610000361 0.00125162676
v  -0.00443230383 0.00648155948 -0.000119451433
v  -0.00447245874 0.00671448698 -0.000178491697
v  -0.00445528328 0.00616732519 0.000273597427
v  -0.00451770891 0.00624839496 0.000157929026
v  -0.00457016751 0.00635630544 6.07194379e-05
v  -0.00459353253 0.00642426033 1.74343586e-05
v  -0.00463560596 0.00663062884 -6.05313107e-05
v  -0.00409356132 0.00694167102 -0.000479761511
v  -0.00402554125 0.00698309718 -0.000534561463
v  -0.00364704523 0.00717296964 -0.000898207538
v  -0.00332541205 0.00730370171 -0.00134236086
v  -0.00308618136 0.00736525981 -0.00184751116
v  -0.00297949091 0.00737325614 -0.00221061939
v  -0.00294545945 0.00736950897 -0.00238376344
v  -0.00298818573 0.0072472482 -0.0036530951
v  -0.00294656027 0.00734006055 -0.00299598137
v  -0.00294642244 0.00738596544 -0.00238072081
v  -0.00311816856 0.00699435081 -0.00492903963
v  -0.00322724041 0.00671213027 -0.00618102867
v  -0.00327029452 0.00643404061 -0.00743646268
v  -0.00326866563 0.00626566447 -0.00820843782
v  -0.00320901163 0.00588446669 -0.00996187236
v  -0.00314131752 0.00560264988 -0.0112286285
v  -0.00306959171 0.00528829265 -0.0124860471
v  -0.00306788646 0.00531441346 -0.0125689078
v  -0.0038911514 0.00467501441 -0.0145415207
v  -0.00357060041 0.00487365993 -0.0140998885
v  -0.00309083145 0.00526617561 -0.0127688749
v  -0.00323204696 0.0051097651 -0.0133701405
v  -0.00335710775 0.00501414016 -0.0136938291
v  -0.00405222736 0.00457352446 -0.0147182234
v  -0.0120485965 0.00380031089 -0.0159333553
v  -0.012444349 0.00375027093 -0.0159734972
v  -0.0125713898 0.00371053652 -0.0159991011
v  -0.0126302792 0.00368734449 -0.016013382
v  -0.0128809158 0.00354736368 -0.0160931833
v  -0.0129955383 0.00345462677 -0.0161415301
v  -0.0130885765 0.0033602193 -0.0161877833
v  -0.0132510774 0.00312947459 -0.0162901562
v  -0.0133349607 0.0029449875 -0.0163624845
v  -0.0134146782 0.00259020599 -0.0164808277
v  -0.0134145152 0.00230035977 -0.0165593214
v  -0.0133510716 -0.00100321206 -0.0167222768
v  -0.0133307735 0.000100413112 -0.0167743564
v  -0.013351067 0.00120406039 -0.0167222284
v  -0.0241840016 0.00699056592 -0.0111815399
v  -0.0235716403 0.00703948736 -0.0115803052
v  -0.0236218181 0.0070152008 -0.0116593307
v  -0.0227006767 0.00695640268 -0.012386525
v  -0.0236662459 0.00695854239 -0.0117320623
v  -0.0227186959 0.00690925075 -0.0124161895
v  -0.0236966517 0.00687657669 -0.0117852502
v  -0.0226676352 0.00700985966 -0.01233235
v  -0.0226015337 0.00705426186 -0.0122231469
v  -0.026467355 0.00634950167 -0.0100665297
v  -0.0264915675 0.00634315656 -0.0101865204
v  -0.0262136646 0.00646505738 -0.0101864794
v  -0.0262238923 0.0064505483 -0.0102533503
v  -0.0256747156 0.0066652284 -0.0104034171
v  -0.0246332064 0.00691508781 -0.0110033723
v  -0.0246707853 0.00686626974 -0.0110778809
v  -0.0251477119 0.00681391126 -0.0106891971
v  -0.0251792129 0.00677287672 -0.0107635148
v  -0.0256973784 0.0066355397 -0.0104757966
v  -0.0261978079 0.00646503782 -0.0101209804
v  -0.0262274425 0.00642209547 -0.0103163086
v  -0.0246951114 0.00679379655 -0.0111370552
v  -0.0251988526 0.00671030255 -0.0108259358
v  -0.0257104132 0.0065875696 -0.0105403084
v  -0.0258268304 0.00661074929 -0.0102504054
v  -0.0256453175 0.0066744634 -0.0103311706
v  -0.0249060802 0.00687560486 -0.0107318508
v  -0.0273182262 0.00610027555 -0.0100220758
v  -0.0266664531 0.00610025879 -0.00910344627
v  -0.0264960341 0.00613408675 -0.00930389203
v  -0.0261536129 0.0061002546 -0.00852301903
v  -0.0260612145 0.00613493612 -0.00880116224
v  -0.0257858336 0.00612420682 -0.0084767798
v  -0.0261273645 0.00623743189 -0.00924080983
v  -0.0256210789 0.00623689033 -0.00871434342
v  -0.0254399963 0.00623536808 -0.00855621975
v  -0.0255596805 0.00617505005 -0.0084973406
v  -0.0156395286 0.00238910341 -0.0171040893
v  -0.0158956684 0.00310429139 -0.0169337932
v  -0.0156828947 0.00284923101 -0.0170115717
v  -0.022560617 0.00685683032 -0.0125374878
v  -0.0225268193 0.00695333257 -0.0124902502
v  -0.0212757755 0.0067603658 -0.0133865345
v  -0.0212381575 0.00685374904 -0.0133466721
v  -0.0200024787 0.0065228804 -0.0142292297
v  -0.0199618153 0.00660949014 -0.0142002804
v  -0.0193766169 0.00633611064 -0.0146439355
v  -0.0193346776 0.00641743559 -0.0146217616
v  -0.0187670104 0.00609300658 -0.0150481593
v  -0.018724015 0.00616750866 -0.0150333038
v  -0.018177107 0.00578168966 -0.0154395057
v  -0.0181332249 0.00584769109 -0.0154321976
v  -0.0176163465 0.00538789155 -0.0158115663
v  -0.0175717492 0.00544387335 -0.0158114173
v  -0.0174724124 0.005532654 -0.0157677997
v  -0.0175223555 0.00549338479 -0.0157962069
v  -0.0177805256 0.00577504933 -0.0155474963
v  -0.0180831682 0.00590422424 -0.0154070482
v  -0.0199100077 0.00667632511 -0.0141469622
v  -0.0198558681 0.00671460899 -0.0140793454
v  -0.0195924789 0.00664104475 -0.0142630422
v  -0.0192833301 0.00648232456 -0.0145768961
v  -0.0189251974 0.00640607951 -0.0147322472
v  -0.0186732579 0.00622911472 -0.0149979861
v  -0.018639084 0.0062797037 -0.0149349961
v  -0.017931778 0.00588046573 -0.015439311
v  -0.0203004815 0.00681862282 -0.0137712276
v  -0.0211862419 0.006921981 -0.013280523
v  -0.0211305581 0.00695515797 -0.0132022081
v  -0.0220584851 0.00703676417 -0.0125747873
v  -0.0224762093 0.00702163344 -0.012416359
v  -0.0224200729 0.00705137011 -0.0123324944
v  -0.0162188802 0.00377553143 -0.0167185254
v  -0.0161212068 0.00382802682 -0.0167124532
v  -0.0158855431 0.00335016334 -0.0168736503
v  -0.0152422106 0.000888671319 -0.0173093658
v  -0.0153417289 0.000878385908 -0.017301755
v  -0.0153251747 0.00150098291 -0.0172535349
v  -0.015453835 0.00164115441 -0.0172273815
v  -0.0155114438 0.00231808471 -0.0171277896
v  -0.0155410729 0.00241989968 -0.0171077307
v  -0.016611414 0.00440109381 -0.0164564326
v  -0.0170640051 0.00496036839 -0.0161531996
v  -0.0170391351 0.00511736656 -0.0160750225
v  -0.0163958576 0.00429055421 -0.0165234171
v  -0.0162652563 0.00408112444 -0.0166134667
v  -0.027956076 0.00420029229 -0.00886657648
v  -0.0287307873 0.00420027133 -0.0082624983
v  -0.0297773723 0.00420029135 -0.00877161231
v  -0.0286534484 0.00420028064 -0.00817550626
v  -0.0285700671 0.00420027273 -0.00809292588
v  -0.0272250753 0.00420027878 -0.00942881405
v  -0.0276774317 0.00420031045 -0.00908206124
v  -0.0309783109 0.00420030765 -0.0094615072
v  -0.0314650945 0.00420030998 -0.00982488878
v  -0.0320428573 0.00420032209 -0.0106651578
v  -0.0322370157 0.00420034444 -0.011666243
v  -0.0320152491 0.00420037843 -0.0126615725
v  -0.0314144641 0.00420038542 -0.0134855434
v  -0.0305346344 0.00420040265 -0.0140010556
v  -0.0295221284 0.00420040777 -0.0141223297
v  -0.0293674581 0.00610036543 -0.0141044324
v  -0.0298645347 0.00610037008 -0.01412836
v  -0.0303551015 0.0061003617 -0.014054385
v  -0.0305346772 0.0061003603 -0.0140011469
v  -0.0314144939 0.00610035704 -0.0134855295
v  -0.0312459972 0.00610036077 -0.0136253638
v  -0.0308227893 0.00610035518 -0.0138837164
v  -0.0320152491 0.00610033749 -0.0126615344
v  -0.0319008864 0.00610034121 -0.0128845032
v  -0.0316111073 0.0061003482 -0.0132867666
v  -0.0322370939 0.00610032165 -0.0116662038
v  -0.0322173163 0.00610031513 -0.0119476384
v  -0.0321062841 0.0061003291 -0.0124309668
v  -0.0320430435 0.00610029604 -0.0106650479
v  -0.0321457423 0.00610030117 -0.010961243
v  -0.0322309844 0.00610031653 -0.0114501324
v  -0.0316971727 0.00610028906 -0.010079639
v  -0.031965673 0.0061002858 -0.0104976539
v  -0.0309783071 0.00563223008 -0.0094614746
v  -0.0313577242 0.00610027183 -0.00972747151
v  -0.0309783109 0.0061002369 -0.00946146343
v  -0.0294051953 0.00610026438 -0.00892934855
v  -0.0266182609 0.00610025041 -0.00860989653
v  -0.0277739353 0.00610025553 -0.0087602092
v  -0.0298073888 0.00610026671 -0.00900757685
v  -0.030415386 0.00610025832 -0.00919306837
v  -0.0284081586 0.00610025926 -0.0088170711
v  -0.0283777751 0.00394845847 -0.00851789303
v  -0.0283183325 0.00373666384 -0.00854783133
v  -0.0280043092 0.00377324596 -0.00821048114
v  -0.0277487226 0.00366870314 -0.00792337861
v  -0.0276220087 0.00386545388 -0.00784469396
v  -0.0274552871 0.00378225138 -0.00765727554
v  -0.0272504874 0.00385245751 -0.00747003593
v  -0.0272339508 0.00396171957 -0.00748453662
v  -0.0272328407 0.00415508682 -0.00735430233
v  -0.027295094 0.00413715607 -0.0074309241
v  -0.0272626244 0.0040860665 -0.00745939277
v  -0.027824156 0.00418973668 -0.00767074758
v  -0.0277693179 0.00416294858 -0.00771797588
v  -0.0274556056 0.00417783344 -0.00747143989
v  -0.0286507159 0.00419018371 -0.00832434744
v  -0.0285541136 0.00414864812 -0.00839645229
v  -0.0281972717 0.00415268028 -0.00804586615
v  -0.027919624 0.00419130456 -0.0077237729
v  -0.0283172578 0.00419755559 -0.00794863142
v  -0.0276651178 0.00404032692 -0.00780760869
v  -0.0272639003 0.00415974297 -0.00737067778
v  -0.0273241885 0.00416714093 -0.00740232831
v  -0.0268906374 0.00398123125 -0.00713626388
v  -0.0269214474 0.00402772566 -0.00716820313
v  -0.026882451 0.00394501304 -0.00711700879
v  -0.026886832 0.0039140638 -0.00710432138
v  -0.0280284211 0.00357221975 -0.00818991382
v  -0.0283360798 0.0035186396 -0.00851797871
v  -0.0284874905 0.00409819419 -0.00844434742
v  -0.0283944383 0.00397966569 -0.00850738864
v  -0.0280621909 0.00399664743 -0.00816110242
v  -0.0272417273 0.00402528001 -0.00747772027
v  -0.0270018689 0.00408653775 -0.00722508831
v  -0.0287210513 0.00115335756 -0.00810110848
v  -0.0286831185 0.0015926148 -0.00814399496
v  -0.0285588298 0.00250411243 -0.00828111172
v  -0.0284532122 0.00304200407 -0.00839463528
v  -0.0143376039 -0.00634844229 -0.0106275212
v  -0.0144981388 -0.00635367585 -0.010655635
v  -0.01517695 -0.00637163455 -0.0112040034
v  -0.0152299535 -0.00637297099 -0.0113302162
v  -0.0148121044 -0.00631776359 -0.0125517733
v  -0.014903754 -0.00632850127 -0.0124844732
v  -0.0149391154 -0.00633265683 -0.0124540944
v  -0.01513365 -0.00635509333 -0.0122200381
v  -0.0151575869 -0.00635778019 -0.0121787386
v  -0.0152639989 -0.0063696038 -0.0118935304
v  -0.0152720585 -0.00637372304 -0.0114938375
v  -0.0152791869 -0.00637372304 -0.0115414951
v  -0.0152730392 -0.00637067622 -0.0118462034
v  -0.0151544744 -0.00637104688 -0.0111614354
v  -0.014968724 -0.00636620866 -0.0109193474
v  -0.0146338474 -0.00635756878 -0.0107004791
v  -0.014678021 -0.00635876041 -0.0107196877
v  -0.0149334492 -0.00636531087 -0.0108866431
v  -0.0142891733 -0.00634668907 -0.0106239999
v  -0.0139856376 -0.00633304892 -0.0106533067
v  -0.0139390249 -0.0063304347 -0.0106659504
v  -0.0136624118 -0.00631081173 -0.0107940147
v  -0.00602740608 -0.00533140311 -0.0139923263
v  -0.00701252837 -0.00537720509 -0.0142006036
v  -0.00798415765 -0.00543861184 -0.014315851
v  -0.00876567233 -0.00550172105 -0.0143455602
v  -0.00973400194 -0.00559940981 -0.014305206
v  -0.0106953643 -0.00571853621 -0.0141796982
v  -0.0116490442 -0.00585544901 -0.0139680989
v  -0.0121575985 -0.00593350315 -0.0138180656
v  -0.0130802309 -0.00607726583 -0.0134752486
v  -0.0139656765 -0.00620837137 -0.0130528286
v  -0.00655548461 -0.00584100559 -0.0119594503
v  -0.00625037402 -0.00582626089 -0.0119265188
v  -0.00571908895 -0.00575345056 -0.012095388
v  -0.0058459267 -0.00577735808 -0.0120248972
v  -0.00590124168 -0.00578629738 -0.0120008951
v  -0.00619472563 -0.00582161499 -0.0119301779
v  -0.00554952584 -0.00571192894 -0.0122326277
v  -0.00559323467 -0.00572393415 -0.0121914325
v  -0.0053420309 -0.00563212112 -0.0125270151
v  -0.0053678304 -0.00564538222 -0.012476082
v  -0.00535021257 -0.00541442726 -0.0134419138
v  -0.00525386445 -0.00548278354 -0.0131384898
v  -0.00524114352 -0.00552291097 -0.0129680298
v  -0.00525311753 -0.00555900624 -0.0128185553
v  -0.00553784147 -0.00536062382 -0.0137074925
v  -0.00579786487 -0.0053320541 -0.0139028095
v  -0.0131818242 -0.00626804121 -0.0110870721
v  -0.0123895817 -0.00619593076 -0.0114856167
v  -0.00951633602 -0.00596522354 -0.0122157419
v  -0.0104016569 -0.00602761051 -0.0120984931
v  -0.0112644769 -0.00609695865 -0.0118949041
v  -0.0121027231 -0.0061700549 -0.0116064744
v  -0.00742714154 -0.00586327538 -0.0121398708
v  -0.00830523111 -0.00589784561 -0.0122318957
v  -0.00918761827 -0.00594474468 -0.0122364582
v  -0.00419729948 -0.00387109513 0.00175639894
v  -0.00410209037 -0.00491542881 0.00139526092
v  -0.00288460311 -0.0049052285 0.00182134379
v  -0.0051653292 -0.00586185884 0.000454302877
v  -0.00515925512 -0.00591153093 0.000417398289
v  -0.00525795203 -0.00530863227 0.000801762566
v  -0.00402651355 -0.00542888418 0.00117242709
v  -0.00531420391 -0.00492486265 0.000998203643
v  -0.00543352589 -0.00385935907 0.00141653884
v  -0.00534790289 -0.00466186507 0.00111710373
v  -0.00104077812 -0.00488920556 0.00234945212
v  -0.00168938842 -0.00389337749 0.00225541275
v  -0.00166422501 -0.00489466777 0.00220013876
v  -0.00275313761 -0.00388417556 0.00206463318
v  -0.00296458974 -0.00388230267 0.0020237742
v  -0.00283530634 -0.00542043382 0.00168818701
v  -0.00164673757 -0.00541144237 0.00215595029
v  -0.00519836694 -0.00612186594 0.000228839926
v  -0.00509647466 -0.00607308699 0.000292527489
v  -0.00500400644 -0.00599400327 0.000400111079
v  -0.00521766394 -0.00614449894 0.000202401541
v  -0.00509303436 -0.00619827397 0.0001802193
v  -0.00494713057 -0.00626916857 0.000123390928
v  -0.00498625636 -0.00598634314 0.000412080437
v  -0.0049278792 -0.00611617044 0.000232702121
v  -0.00489874743 -0.0059953481 0.000383008271
v  -0.00488099083 -0.00594996056 0.000474209897
v  -0.00477293506 -0.00592349842 0.000531080179
v  -0.00473134685 -0.00591588113 0.000552161597
v  -0.00475959107 -0.00616575545 0.000139386393
v  -0.00479619764 -0.0063466928 4.25456092e-05
v  -0.00483471155 -0.00658355281 -0.000128895976
v  -0.0047670342 -0.0065487586 -8.56230035e-05
v  -0.00473209377 -0.00652429694 -7.08727166e-05
v  -0.00469688699 -0.00649497844 -6.1464496e-05
v  -0.00419358723 -0.00690375362 -0.000477819704
v  -0.00413468108 -0.00682489062 -0.000466140918
v  -0.00432910025 -0.0070002093 -0.000570866279
v  -0.00426208787 -0.00696482882 -0.000515266322
v  -0.0040655788 -0.0068680644 -0.000522190705
v  -0.00412384979 -0.00694848504 -0.00053560175
v  -0.00419212505 -0.00701035745 -0.000575021841
v  -0.00425907783 -0.00704555912 -0.000632349402
v  -0.0031085778 -0.00727580069 -0.00184890581
v  -0.00295172352 -0.00722890673 -0.0023830384
v  -0.00297188479 -0.00729267718 -0.00238730293
v  -0.0030095065 -0.00735535473 -0.00239342079
v  -0.0031742407 -0.00737764733 -0.00186631829
v  -0.00304029696 -0.00738904858 -0.00239782874
v  -0.0032721851 -0.00744403154 -0.00189774204
v  -0.00311537646 -0.00744045433 -0.00240733847
v  -0.00368231721 -0.00706968782 -0.000885798596
v  -0.00374514237 -0.00716007594 -0.000900079496
v  -0.0038254559 -0.00722474512 -0.000941186212
v  -0.00360386446 -0.00739758695 -0.00144274998
v  -0.00390666164 -0.00725403382 -0.000998958945
v  -0.00335334148 -0.00720995944 -0.00133566651
v  -0.00341817923 -0.00730827963 -0.00135236606
v  -0.00350898411 -0.00737433974 -0.00139161386
v  -0.00337706227 -0.00746414904 -0.00193463685
v  -0.00324571971 -0.00746965548 -0.00242234766
v  -0.00303738285 -0.00734185521 -0.0030142013
v  -0.00333275832 -0.00540986797 -0.012590345
v  -0.00330583006 -0.00569283729 -0.0113033755
v  -0.00339412503 -0.00565043557 -0.0116264382
v  -0.00337717775 -0.00597214419 -0.0100326538
v  -0.00352217723 -0.00618146174 -0.00919694081
v  -0.00344261806 -0.00651822099 -0.0074962331
v  -0.00354742818 -0.00657519372 -0.00736253522
v  -0.00340140145 -0.00679273019 -0.00623209681
v  -0.00348255038 -0.00689747976 -0.00587862637
v  -0.0032952372 -0.00706853392 -0.0049683312
v  -0.00331293792 -0.0072638886 -0.00411367137
v  -0.0031721238 -0.00731473975 -0.00368002895
v  -0.00325894542 -0.0073740934 -0.00343876611
v  -0.00313573051 -0.00740546081 -0.00301725231
v  -0.00324281957 -0.00741627207 -0.00311088702
v  -0.00307601318 -0.00519711478 -0.0125167575
v  -0.00313015096 -0.00530326134 -0.012549134
v  -0.00315118209 -0.00551294954 -0.0112543134
v  -0.00322064292 -0.00579446601 -0.00998653099
v  -0.00328443386 -0.00634300895 -0.00746013969
v  -0.0032432843 -0.00661984552 -0.00620390475
v  -0.00313721597 -0.00690018572 -0.00494963722
v  -0.00301077496 -0.00715232547 -0.00366809173
v  -0.00297082588 -0.00724561978 -0.00300653279
v  -0.0032243114 -0.0053786966 -0.0125754066
v  -0.00320894085 -0.00561911426 -0.0112813869
v  -0.00327972881 -0.00589962257 -0.0100121545
v  -0.00334500335 -0.00644666934 -0.00748183345
v  -0.00330449734 -0.00672195619 -0.00622249022
v  -0.00319942273 -0.00699965004 -0.00496397261
v  -0.00307543203 -0.00724924356 -0.00367789436
v  -0.00333288591 -0.00540148932 -0.0126214977
v  -0.00323388726 -0.00537104253 -0.0126220006
v  -0.00314586423 -0.00530475704 -0.0126122348
v  -0.00308788009 -0.00521250535 -0.0125931455
v  -0.00359559059 -0.00475187693 -0.0141179897
v  -0.00325516332 -0.00500061316 -0.0133907422
v  -0.00463857315 -0.00403558183 -0.0151971001
v  -0.00464951899 -0.00405355822 -0.0151999164
v  -0.00407689251 -0.0044304328 -0.0147337094
v  -0.00466117542 -0.00407128548 -0.0152014215
v  -0.00411126018 -0.00448672334 -0.0147385737
v  -0.0034748381 -0.00518892612 -0.0133758057
v  -0.00355415791 -0.00511350529 -0.0136090489
v  -0.00338711776 -0.00515269954 -0.0133937048
v  -0.00370301865 -0.00488965819 -0.0141101405
v  -0.0033090841 -0.00508698076 -0.0133993682
v  -0.00471305102 -0.00413738424 -0.0151943201
v  -0.00468626432 -0.00410554837 -0.0152004603
v  -0.00460428745 -0.00422794838 -0.0151117546
v  -0.00415318739 -0.00453746133 -0.0147322714
v  -0.00377468299 -0.00492972508 -0.0140897185
v  -0.00403746031 -0.00471595861 -0.0145080425
v  -0.00419945084 -0.00457930984 -0.014715638
v  -0.00364126451 -0.00482747424 -0.0141218109
v  -0.00520472229 -0.00402473239 -0.0153831104
v  -0.00535302982 -0.00402157847 -0.0154223796
v  -0.00534676947 -0.00388581981 -0.015447245
v  -0.00487797707 -0.00406643981 -0.0152764199
v  -0.00471532345 -0.00391903799 -0.0152370865
v  -0.00538710505 -0.00363132777 -0.0152869951
v  -0.00540384185 -0.00360684027 -0.0152205098
v  -0.00530740339 -0.00361611578 -0.0152273877
v  -0.00537136011 -0.00367497536 -0.0153495548
v  -0.00529196113 -0.00364560611 -0.0152876563
v  -0.00518376008 -0.0037131859 -0.0153349135
v  -0.00499334466 -0.0038285898 -0.0153345885
v  -0.00508437678 -0.00379713508 -0.015354339
v  -0.00499451533 -0.0037763454 -0.0153124053
v  -0.0050970763 -0.00369345676 -0.0152861942
v  -0.0049989894 -0.00372983818 -0.0152819445
v  -0.00519497506 -0.00366583653 -0.0152877616
v  -0.00500629097 -0.00369096734 -0.0152453491
v  -0.00480478816 -0.00380170392 -0.0152411815
v  -0.00480614323 -0.0038376702 -0.0152600026
v  -0.0048098769 -0.00387631007 -0.0152744278
v  -0.00481597986 -0.00391658954 -0.015283837
v  -0.00483462308 -0.00399744418 -0.0152865434
v  -0.0050011687 -0.0039393818 -0.0153494729
v  -0.0051731579 -0.00390490168 -0.015401789
v  -0.00517241005 -0.00383754447 -0.0153942257
v  -0.00535009429 -0.00380913285 -0.0154340286
v  -0.00517598353 -0.00377183966 -0.0153715257
v  -0.0053585032 -0.00373615418 -0.015400623
v  -0.00700331945 -0.00388350827 -0.0157881211
v  -0.00700709736 -0.00401894376 -0.0157640502
v  -0.00868448429 -0.0040206858 -0.0159605127
v  -0.00869650114 -0.00363123789 -0.0158208534
v  -0.0120373154 -0.00363197806 -0.016068792
v  -0.0120430719 -0.00360697135 -0.0159997661
v  -0.0120319072 -0.00367664243 -0.0161336493
v  -0.00869097374 -0.00367474672 -0.0158850495
v  -0.0120275225 -0.00373924198 -0.0161862448
v  -0.00868646149 -0.00373573252 -0.0159374997
v  -0.0120247044 -0.00381378201 -0.0162200127
v  -0.00868350547 -0.0038085077 -0.0159718934
v  -0.012023678 -0.00389173138 -0.0162323806
v  -0.00868231989 -0.0038850389 -0.0159856267
v  -0.0120260855 -0.0040282784 -0.0162035394
v  -0.00702897413 -0.00363106397 -0.0156244729
v  -0.00701901969 -0.00367432041 -0.0156879853
v  -0.00701087108 -0.00373492693 -0.0157399587
v  -0.0070055062 -0.00380731979 -0.0157742016
v  -0.013055291 -0.00318835955 -0.0163206626
v  -0.0126033202 -0.00351296738 -0.0161509924
v  -0.0123283966 -0.00370416115 -0.0162210949
v  -0.012609683 -0.00361281051 -0.0162808746
v  -0.012601288 -0.0035539493 -0.0162210129
v  -0.0128630754 -0.00346634281 -0.0163617004
v  -0.0130781243 -0.00327041186 -0.0164558571
v  -0.0130582256 -0.00322334701 -0.0163915902
v  -0.0133908466 -0.00241959072 -0.0166072175
v  -0.0133957658 -0.00212655985 -0.0166853182
v  -0.0134328278 -0.00245967624 -0.0167435445
v  -0.0134410644 -0.00215056119 -0.0168212391
v  -0.013331105 -0.00270163058 -0.0165173188
v  -0.0132185537 -0.00296030543 -0.0164199807
v  -0.0133403288 -0.0027271104 -0.0165876951
v  -0.0132246958 -0.00299098343 -0.0164907165
v  -0.0133683216 -0.00275720307 -0.0166539401
v  -0.0132492147 -0.00302998023 -0.0165562443
v  -0.0128485076 -0.00337421033 -0.0162284784
v  -0.0128486305 -0.00341255451 -0.016299285
v  -0.0123380795 -0.0035762703 -0.0160254724
v  -0.0123299714 -0.00359915057 -0.0160964541
v  -0.0123263272 -0.00364229339 -0.016164545
v  -0.0123362672 -0.00377861015 -0.0162587985
v  -0.0126281194 -0.00368362106 -0.0163228698
v  -0.0128909815 -0.00353022269 -0.0164079517
v  -0.013113698 -0.00332495873 -0.0165058654
v  -0.0133434394 -0.00311712292 -0.0166450776
v  -0.0134698274 -0.00281960936 -0.0167484954
v  -0.0135372924 -0.00249676523 -0.0168418661
v  -0.0135455281 -0.0021625869 -0.016921211
v  -0.0123487515 -0.00385670061 -0.0162745304
v  -0.0123796696 -0.00399287278 -0.0162502918
v  -0.0126539767 -0.00375779835 -0.0163432974
v  -0.0126897339 -0.003896754 -0.0163211618
v  -0.0129285278 -0.003596592 -0.0164338313
v  -0.0130120553 -0.00371098984 -0.0164298583
v  -0.013160333 -0.0033807836 -0.0165370516
v  -0.0132281603 -0.00351479789 -0.0165273324
v  -0.0133589078 -0.00335126463 -0.0165995266
v  -0.0135924052 -0.00286757573 -0.0167772155
v  -0.0136316745 -0.00271459064 -0.0168239549
v  -0.0136665534 -0.00216102786 -0.0169606451
v  -0.0135828722 -0.000233636194 -0.017177308
v  -0.0135819484 0.000100455734 -0.0171819106
v  -0.0134586897 0.000100451121 -0.0171421077
v  -0.0133314803 -0.00101612252 -0.0168501958
v  -0.0133112837 0.000100423873 -0.0169073138
v  -0.0133759324 -0.00102764484 -0.0169878863
v  -0.0133551639 0.000100430967 -0.017041035
v  -0.013479827 -0.00103351194 -0.0170888025
v  -0.0136089241 -0.00122341013 -0.0171083286
v  -0.0229262151 -0.00687056733 -0.0107703228
v  -0.0233252421 -0.00683157612 -0.010442256
v  -0.0231046621 -0.00687965471 -0.011308399
v  -0.025322197 -0.00612307759 -0.00866867322
v  -0.0252065118 -0.006568674 -0.010212631
v  -0.0146067357 0.000100436591 -0.0172816068
v  -0.0140195563 0.000100424004 -0.0172259845
v  -0.0140746469 -0.00101497257 -0.0171758551
v  -0.014988224 -0.00406210078 -0.0164354704
v  -0.0148508493 -0.00381184742 -0.016540898
v  -0.0145480568 -0.00312614231 -0.0167791098
v  -0.0144192586 -0.00274969824 -0.0168834012
v  -0.0142471679 -0.0021004756 -0.0170263983
v  -0.0141287381 -0.00145298848 -0.0171280932
v  -0.0172787737 -0.00607596198 -0.0148156565
v  -0.0166256838 -0.00573835662 -0.0152610289
v  -0.0162903666 -0.00551767088 -0.0154924765
v  -0.0155785922 -0.00487840641 -0.0159969684
v  -0.0154505605 -0.00472928677 -0.0160902981
v  -0.017999636 -0.00634935172 -0.0143271964
v  -0.0211555231 -0.00682460982 -0.0127658388
v  -0.0186184701 -0.00652459078 -0.013907169
v  -0.0188330468 -0.00657505868 -0.0137609486
v  -0.0193037186 -0.00666979933 -0.013438574
v  -0.0197792873 -0.00674581341 -0.0131098237
v  -0.0244896691 -0.0067469338 -0.0108265635
v  -0.0236896686 -0.00683335774 -0.0114792529
v  -0.0253753308 -0.00634935359 -0.00935703423
v  -0.0248679873 -0.0063977777 -0.00909250695
v  -0.0251540095 -0.00623651827 -0.00882709585
v  -0.0258425176 -0.00627790904 -0.009642208
v  -0.0243339166 -0.00661576772 -0.00957499444
v  -0.0236981865 -0.00677457359 -0.0101280725
v  -0.0241366774 -0.00667486852 -0.00974901114
v  -0.0208305027 -0.00685513299 -0.012367378
v  -0.0216415357 -0.00689320592 -0.0117725497
v  -0.021955112 -0.00689842831 -0.0115352767
v  -0.0274761878 -0.00501608197 -0.00811261125
v  -0.026305465 -0.00502203731 -0.00770647638
v  -0.0265911762 -0.00447475864 -0.00741422875
v  -0.0259781778 -0.00549640739 -0.0080339117
v  -0.025598878 -0.00589973014 -0.00840448216
v  -0.025520226 -0.00596846128 -0.00848015957
v  -0.0284713395 -0.00553693902 -0.0086719729
v  -0.0291232578 -0.00550642004 -0.00878902059
v  -0.0288286861 -0.0043529477 -0.00834990013
v  -0.0299233459 -0.0043094377 -0.00887548923
v  -0.027732227 -0.00438979035 -0.00783791952
v  -0.0268380102 -0.00385757419 -0.00715620583
v  -0.02678678 -0.00399981113 -0.00721021974
v  -0.02866772 -0.0049653505 -0.00849554967
v  -0.0285740849 -0.00525723817 -0.00858005136
v  -0.0271672718 -0.00558157032 -0.00843379274
v  -0.0298561919 -0.00490323221 -0.00890218839
v  -0.0304383673 -0.00487565715 -0.00916629471
v  -0.0298159216 -0.00519280508 -0.00892155059
v  -0.0304028634 -0.00544993812 -0.00917059928
v  -0.029771097 -0.00547606591 -0.00894400012
v  -0.0272102617 -0.00244508684 -0.00675495435
v  -0.0273489393 -0.00153231772 -0.00660034921
v  -0.0273986813 -0.00101584755 -0.00654383563
v  -0.0274415836 0.000100208912 -0.00649429299
v  -0.0124433693 -0.0032087306 -0.00216535619
v  -0.0109527828 -0.0032087334 -0.000231763348
v  -0.0106282244 -0.0032087476 -0.00136919599
v  -0.0114277098 -0.00320872921 -0.00041996967
v  -0.0130687775 -0.00320871943 -0.00112363417
v  -0.0104960995 -0.00351295294 -0.000155624002
v  -0.010167934 -0.00351285236 -0.00130591914
v  -0.0105505483 -0.00342305936 -0.000145955011
v  -0.010302037 -0.00333829853 -0.00128851645
v  -0.0106633855 -0.0033089004 -0.000151826069
v  -0.0104860011 -0.00323178968 -0.00132070761
v  -0.0108024664 -0.00323446048 -0.000181654468
v  -0.010399065 -0.00365318614 -0.000168091618
v  -0.0100818165 -0.00363851874 -0.00132627971
v  -0.0102638695 -0.00375752104 -0.000155185349
v  -0.00990731362 -0.0037693847 -0.00131761469
v  -0.0101733906 -0.00379580585 -0.000135436654
v  -0.010039974 -0.00381702674 -9.34731215e-05
v  -0.00970693771 -0.00381681789 -0.00126094464
v  -0.0184107032 -0.00373330317 -0.00549620111
v  -0.0079023065 -0.00383675238 0.00063877739
v  -0.0157052092 -0.00375942164 -0.00411616685
v  -0.0124873016 -0.00379046123 -0.00248590484
v  -0.0107417786 -0.00380709046 -0.00168659538
v  -0.00630196556 -0.0038514107 0.00114388671
v  -0.0219519492 -0.00544715067 -0.0101364832
v  -0.0202494692 -0.00434473203 -0.0070101493
v  -0.020585781 -0.00390221155 -0.00663420139
v  -0.0207616854 -0.00552085554 -0.011101366
v  -0.021090541 -0.00511560356 -0.0089060301
v  -0.0219207872 -0.00464205677 -0.00799360313
v  -0.021528 -0.00491786096 -0.00843003299
v  -0.0222676974 -0.00427624071 -0.00760552194
v  -0.0208782014 -0.00337086688 -0.0063239648
v  -0.0186669827 -0.003580024 -0.00549607072
v  -0.0189782903 -0.0029519957 -0.00523565942
v  -0.0140715996 -0.00359362224 -0.00315674813
v  -0.0192381274 -0.00225197151 -0.00504499394
v  -0.0194363222 -0.0014979298 -0.00491724955
v  -0.0156653449 -0.00137349206 -0.00312757492
v  -0.0195627026 -0.000707877043 -0.00484560197
v  -0.0156895891 -0.00086887466 -0.0030653202
v  -0.0157010034 -0.000486904406 -0.00303602032
v  -0.0200565737 0.000100170226 -0.00502079679
v  -0.0157075375 0.000100134566 -0.00301924162
v  -0.0233063921 -0.00134523923 -0.0064522652
v  -0.023191208 -0.00203546579 -0.00657917
v  -0.0229436383 -0.00519046793 -0.00923492853
v  -0.0225681383 -0.00382006331 -0.00727030495
v  -0.0228221547 -0.00328586553 -0.00698777894
v  -0.023029821 -0.00268666563 -0.00675753737
v  -0.0211238749 -0.00276549673 -0.00607657153
v  -0.0213199388 -0.00210089795 -0.00588914938
v  -0.0214635301 -0.00139188312 -0.00575882662
v  -0.0215517823 -0.000653249328 -0.00568273105
v  -0.0215818305 0.000100191312 -0.00565799186
v  -0.0202494692 0.0045451629 -0.00700996164
v  -0.0192381274 0.00245232088 -0.00504489429
v  -0.0219519455 0.00564770726 -0.0101362495
v  -0.0229436364 0.00539098075 -0.00923470594
v  -0.0207616761 0.00572146568 -0.0111011267
v  -0.0219207779 0.00484253187 -0.00799340103
v  -0.0233063903 0.00154565845 -0.00645220326
v  -0.0231912006 0.00223587151 -0.00657907734
v  -0.0194363259 0.00169827277 -0.00491718249
v  -0.0156936422 0.000953918498 -0.00305487774
v  -0.0195627045 0.000908217684 -0.00484556844
v  -0.015652312 0.00177869585 -0.00316096004
v  -0.0123090995 0.00340894726 -0.00210309774
v  -0.0140716005 0.00379388616 -0.00315659493
v  -0.0189782903 0.00315235136 -0.00523553137
v  -0.00970693585 0.00401700102 -0.0012607798
v  -0.00978308357 0.00400976324 -0.00128743611
v  -0.011418025 0.00400088914 -0.00198434107
v  -0.00992949214 0.00395839848 -0.00132114533
v  -0.0100680683 0.0038533425 -0.00132769998
v  -0.0101679303 0.00371304131 -0.00130576733
v  -0.0102304127 0.00361480331 -0.00128962565
v  -0.0103436047 0.0035052821 -0.00129115861
v  -0.0184483398 0.00393330073 -0.0055147782
v  -0.0186669789 0.00378038571 -0.00549591519
v  -0.0161028393 0.00395588856 -0.00432238448
v  -0.014802251 0.00396844558 -0.00364754535
v  -0.0130606536 0.00398521731 -0.00276559778
v  -0.0106282197 0.00340893422 -0.00136905536
v  -0.0104810828 0.00343364896 -0.00131880306
v  -0.0205857791 0.00410263799 -0.00663403282
v  -0.0208782014 0.00357126724 -0.00632382091
v  -0.0210905336 0.00531612057 -0.00890580844
v  -0.0215280037 0.00511835515 -0.00842982344
v  -0.0222676918 0.00447670929 -0.00760533661
v  -0.022568142 0.00402051443 -0.00727014104
v  -0.0228221528 0.0034863092 -0.00698763691
v  -0.0230298154 0.00288708624 -0.00675742002
v  -0.0211238768 0.00296588661 -0.00607645232
v  -0.021319937 0.0023012883 -0.00588905532
v  -0.0215517767 0.000853618898 -0.00568269799
v  -0.0214635301 0.00159226265 -0.00575876329
v  -0.000403054059 0.00578877004 0.00246730912
v  0.00245660171 0.00412056642 -0.000463299453
v  0.00222903304 0.00411697943 -0.00113178045
v  0.00243811868 0.00412296643 0.000552439131
v  0.00201700442 0.00412178412 0.0014769556
v  0.00126279891 0.00411719549 0.00215757359
v  0.000300052576 0.00410998473 0.00248190109
v  -0.000403055921 0.00410406617 0.0024672728
v  0.000688983127 0.00410090946 -0.00240305066
v  0.0012776386 0.00410647737 -0.00214874558
v  0.00186487846 0.00411259197 -0.00166484434
v  -0.0199890807 0.00513993576 -0.00869571324
v  -0.0190334506 0.00392114418 -0.00840492267
v  -0.0194249209 0.00457018195 -0.00852404069
v  -0.00147661101 0.00408955244 0.000263661146
v  -0.00143498555 0.00408813776 -0.000436686911
v  -0.00135805644 0.00409148494 0.000636852346
v  -0.00114695355 0.00409408333 0.000966643915
v  -0.000509971753 0.0041005211 0.00141061563
v  0.000263659284 0.00410713721 0.00147661567
v  0.000966634601 0.00411217706 0.00114695821
v  0.00149453431 0.00411402015 0.000127509236
v  0.00141060725 0.00411427673 0.000509976409
v  0.00123055093 0.00411364716 0.000857692212
v  -0.000263654627 0.00409529638 -0.0014766017
v  0.000509973615 0.00410192693 -0.00141060073
v  0.00114694797 0.00410836376 -0.000966631807
v  0.00135805458 0.00411094772 -0.00063684117
v  0.00147660822 0.00411287975 -0.00026364997
v  -0.00141060911 0.00408815546 -0.000509966165
v  -0.00123055466 0.0040887855 -0.000857681036
v  -0.000966638327 0.00409025559 -0.00114694703
v  -0.00527499709 0.00380024314 -0.0127116526
v  -0.00554319657 0.00380023499 -0.0122388052
v  -0.00527915917 0.00380024733 -0.0132552506
v  -0.00555455871 0.00380025571 -0.0137239397
v  -0.00966248848 0.00380027597 -0.0143109206
v  -0.00870800484 0.00380030274 -0.0156869181
v  -0.00783163216 0.0038002783 -0.014303349
v  -0.00704971096 0.00380029343 -0.0154920006
v  -0.00602740794 0.00380027341 -0.0139921363
v  -0.0152828032 0.00380022358 -0.0117712207
v  -0.0152220177 0.00380021939 -0.0113078179
v  -0.0149661889 0.00380020821 -0.0109166801
v  -0.00601187907 0.00380021892 -0.0119634038
v  -0.00655547716 0.00380021916 -0.0119592454
v  -0.0151365073 0.00380023522 -0.0122151086
v  -0.0148121007 0.00380023476 -0.0125515601
v  -0.0132017704 0.00380025525 -0.0134227164
v  -0.0114692263 0.00380026898 -0.014014639
v  -0.0120170116 0.00380021613 -0.0116401054
v  -0.0102321412 0.00380022358 -0.012127771
v  -0.00838499982 0.00380022475 -0.0122357067
v  -0.0145659801 0.00380020007 -0.0106752757
v  -0.0141006708 0.0038001975 -0.0106314225
v  -0.0136624109 0.00380020007 -0.0107938014
v  -0.00519817695 0.00586039014 0.000592448749
v  -0.00528868474 0.00530637475 0.000909251161
v  -0.0040265182 0.00562896021 0.00117265712
v  -0.00164674036 0.0056114723 0.00215618126
v  -0.00283530354 0.00562049728 0.00168841984
v  -0.00515925139 0.006111647 0.00041765254
v  -0.000692464411 0.00410154182 0.00242018048
v  -0.0010407716 0.00508923689 0.00234966259
v  -0.0016893968 0.00409280462 0.00225560274
v  -0.00166422408 0.00509469863 0.0022003483
v  -0.00288460311 0.00510527706 0.00182155427
v  -0.00294525269 0.00408174284 0.00202786364
v  -0.00410208851 0.00511550717 0.00139547233
v  -0.00414114352 0.00407111365 0.00177022722
v  -0.00538226683 0.00456560403 0.00123808999
v  -0.00543352403 0.00405942462 0.00141670555
v  -0.00509302691 0.00639839796 0.000180485658
v  -0.00521766767 0.00634461874 0.000202663243
v  -0.00509647187 0.00627326407 0.000292717479
v  -0.0051151691 0.00625409419 0.000314553268
v  -0.00498534925 0.00618619518 0.000412528403
v  -0.00494712777 0.00646929117 0.000123659149
v  -0.00492788665 0.00631636614 0.000232893974
v  -0.00489877444 0.0061955736 0.00038308464
v  -0.0048908256 0.0061527798 0.000469624065
v  -0.0047961995 0.00654681819 4.2816624e-05
v  -0.00475962088 0.00636597117 0.00013958104
v  -0.00477554835 0.0061242925 0.00052887015
v  -0.00483471155 0.00678368472 -0.000128615648
v  -0.00476702861 0.0067488905 -8.53417441e-05
v  -0.00473209471 0.00672443351 -7.05951825e-05
v  -0.00469688233 0.0066951029 -6.11869618e-05
v  -0.00426155981 0.00716460915 -0.00051460322
v  -0.00432909466 0.00720036495 -0.000570566393
v  -0.00413352251 0.00702313473 -0.000465898775
v  -0.00419258699 0.00710279867 -0.000477143563
v  -0.00425907411 0.00724571338 -0.000632049516
v  -0.00419212133 0.00721051125 -0.000574721955
v  -0.00412384793 0.00714864023 -0.000535304658
v  -0.00406557694 0.00706821494 -0.000521896407
v  -0.00327217951 0.00764422864 -0.00189742912
v  -0.00337706786 0.00766435172 -0.00193432672
v  -0.00360386446 0.00759777101 -0.00144244079
v  -0.00324572064 0.00766989077 -0.00242202915
v  -0.00323623884 0.0076697818 -0.00242101308
v  -0.00314054172 0.00765135605 -0.00241006631
v  -0.0030911928 0.00762768881 -0.00240404066
v  -0.00317423418 0.00757784722 -0.00186600816
v  -0.00304029323 0.00758928992 -0.00239751209
v  -0.00298905 0.0075258729 -0.00238992553
v  -0.00310856942 0.00747601129 -0.00184859894
v  -0.00296668336 0.0074804686 -0.00238602422
v  -0.00390665885 0.00745420111 -0.000998653471
v  -0.00382544845 0.00742490077 -0.000940878876
v  -0.00374514423 0.00736024324 -0.000899777748
v  -0.00368231814 0.00726985279 -0.000885499641
v  -0.00350898318 0.00757452985 -0.00139130279
v  -0.00341817271 0.00750847394 -0.00135205686
v  -0.00335333776 0.00741015747 -0.00133536197
v  -0.00324387476 0.00761490455 -0.00312468316
v  -0.00313572492 0.0076057259 -0.00301693473
v  -0.00317212101 0.00751501974 -0.00367971696
v  -0.00303738005 0.00754211843 -0.00301388791
v  -0.00297081843 0.00744586717 -0.00300622126
v  -0.00322431326 0.00557935145 -0.0125751793
v  -0.00333276019 0.00561052701 -0.0125901131
v  -0.00341459736 0.00592776528 -0.0112882154
v  -0.00313014723 0.00550392969 -0.0125489058
v  -0.00330582354 0.00589343207 -0.0113031296
v  -0.00337717496 0.00617269427 -0.0100323977
v  -0.00353377219 0.00645855675 -0.00883894693
v  -0.00344261341 0.00671866536 -0.0074959537
v  -0.0035475567 0.00677337078 -0.00737273274
v  -0.00340139493 0.00699311541 -0.00623180624
v  -0.00348117482 0.00710254908 -0.00585629698
v  -0.00329523347 0.00726886513 -0.00496802945
v  -0.00331692025 0.00745656714 -0.00415438879
v  -0.00325947534 0.00757435011 -0.00343852956
v  -0.00315117557 0.00571355829 -0.011254075
v  -0.00322064385 0.00599501701 -0.00998628326
v  -0.00307601038 0.0053977631 -0.0125165349
v  -0.0032089334 0.00581970764 -0.0112811448
v  -0.00327972975 0.00610018289 -0.010011903
v  -0.00334499963 0.00664711511 -0.00748155825
v  -0.00330449082 0.00692235725 -0.00622220151
v  -0.00319942087 0.0071999887 -0.00496367412
v  -0.0030754311 0.00744953007 -0.0036775847
v  -0.00328443013 0.00654345658 -0.00745986775
v  -0.00324328337 0.00682022516 -0.00620362256
v  -0.00313721411 0.00710052252 -0.00494934246
v  -0.00301076844 0.00735260453 -0.00366778579
v  -0.00308787636 0.00541316858 -0.012592921
v  -0.00314585678 0.00550542213 -0.0126120057
v  -0.00323388539 0.00557170575 -0.0126217697
v  -0.00333288591 0.00560215674 -0.0126212668
v  -0.00463869702 0.00423657708 -0.0151969669
v  -0.00466117822 0.00427206419 -0.0152012473
v  -0.00411125831 0.00468747364 -0.0147383809
v  -0.00325516053 0.00520129316 -0.013390528
v  -0.00468673091 0.00430692406 -0.0152002173
v  -0.00471305382 0.00433815829 -0.0151941432
v  -0.00460428465 0.0044287201 -0.0151115721
v  -0.00415318273 0.00473820791 -0.0147320759
v  -0.00370301679 0.00509036798 -0.0141099319
v  -0.00364126824 0.00502820499 -0.0141216051
v  -0.00359558687 0.00495259883 -0.0141177848
v  -0.00330908224 0.00528766168 -0.0133991502
v  -0.00407689251 0.00463118684 -0.0147335194
v  -0.0033871159 0.00535339583 -0.013393485
v  -0.00347483624 0.00538961031 -0.0133755831
v  -0.00419945084 0.00478005596 -0.0147154406
v  -0.00403745659 0.00491669495 -0.0145078404
v  -0.00377468765 0.0051304372 -0.0140895154
v  -0.00355415419 0.00531420438 -0.0136088282
v  -0.00520834886 0.00383293815 -0.0152348317
v  -0.00535009708 0.00400991365 -0.0154338665
v  -0.00534676574 0.00408660434 -0.0154470755
v  -0.00517325848 0.00410806481 -0.0154016195
v  -0.00501973741 0.00424100971 -0.0153271146
v  -0.00500141922 0.00414212141 -0.0153492056
v  -0.00522834528 0.00422484661 -0.015389326
v  -0.00535302982 0.00422236696 -0.0154222064
v  -0.0048620943 0.00427069468 -0.0152701903
v  -0.00483502261 0.00419962872 -0.015286223
v  -0.00490355771 0.00406937534 -0.0153116975
v  -0.00517237373 0.00404034043 -0.0153945088
v  -0.00499335304 0.00403066725 -0.015334839
v  -0.00499446131 0.00397801166 -0.0153127201
v  -0.00490144826 0.00397790829 -0.0152740376
v  -0.0049989149 0.00393112004 -0.0152821876
v  -0.00500623696 0.00389194232 -0.0152454218
v  -0.0047154054 0.00412017526 -0.0152370241
v  -0.00481615961 0.00411834009 -0.0152838314
v  -0.00473290216 0.00418221485 -0.01524889
v  -0.00480616838 0.00403889827 -0.015260037
v  -0.00535850599 0.00393692357 -0.0154004619
v  -0.0051758457 0.00397413503 -0.0153720817
v  -0.00537135638 0.00387576385 -0.0153493946
v  -0.00518358499 0.00391492294 -0.015335517
v  -0.00538710691 0.00383210694 -0.0152868386
v  -0.00519482419 0.00386709813 -0.0152882133
v  -0.00540374126 0.00380770746 -0.015220752
v  -0.0120236753 0.00409255223 -0.0162322111
v  -0.00868231989 0.00408583041 -0.015985461
v  -0.0120247053 0.00401458936 -0.0162198488
v  -0.00868350454 0.00400931714 -0.0159717295
v  -0.0120275198 0.00394005282 -0.0161860809
v  -0.00868646242 0.00393653102 -0.0159373395
v  -0.0120319072 0.00387744582 -0.0161334909
v  -0.0086909784 0.00387555361 -0.0158848912
v  -0.0120373135 0.00383278518 -0.0160686336
v  -0.00869649835 0.00383203174 -0.0158206932
v  -0.0120430747 0.00380777195 -0.0159996115
v  -0.00700709457 0.00421973644 -0.0157638732
v  -0.00868448149 0.00422147941 -0.0159603395
v  -0.0120260837 0.00422909623 -0.0162033644
v  -0.00700332364 0.00408431282 -0.0157879554
v  -0.00700549968 0.00400812179 -0.015774034
v  -0.00701086875 0.00393572217 -0.0157397985
v  -0.00701901689 0.00387512101 -0.0156878252
v  -0.007028969 0.00383185875 -0.0156243155
v  -0.0133908531 0.00262042554 -0.0166071132
v  -0.013395763 0.00232739584 -0.0166852232
v  -0.0134410616 0.00235140696 -0.0168211441
v  -0.0126033183 0.00371378614 -0.0161508396
v  -0.013432825 0.00266050803 -0.0167434365
v  -0.0135455271 0.00236343243 -0.016921116
v  -0.012336269 0.0039794324 -0.0162586365
v  -0.0123283938 0.00390497129 -0.0162209328
v  -0.0126281157 0.00388443982 -0.0163227096
v  -0.0126096811 0.00381362718 -0.0162807181
v  -0.0128909806 0.00373105356 -0.0164077971
v  -0.0128630707 0.00366716273 -0.0163615495
v  -0.0131136943 0.00352578354 -0.0165057201
v  -0.0130781233 0.00347123831 -0.0164557155
v  -0.0132492129 0.00323080691 -0.0165561121
v  -0.0123487487 0.00405752612 -0.0162743628
v  -0.0126539785 0.00395861408 -0.0163431354
v  -0.0129285296 0.0037974047 -0.0164336767
v  -0.0131603256 0.00358161586 -0.0165369045
v  -0.0133434394 0.00331795425 -0.0166449416
v  -0.0134698218 0.00302044372 -0.0167483725
v  -0.0133683207 0.00295803556 -0.016653819
v  -0.0135372858 0.00269761076 -0.0168417562
v  -0.0128485123 0.00357501511 -0.016228335
v  -0.0130552882 0.00338918576 -0.0163205229
v  -0.0123299714 0.00379996141 -0.0160962995
v  -0.0123380823 0.00377707696 -0.0160253197
v  -0.0133403288 0.00292793894 -0.0165875759
v  -0.0133311069 0.00290246401 -0.0165172014
v  -0.0132246977 0.0031918094 -0.0164905861
v  -0.0132185519 0.00316112209 -0.0164198522
v  -0.0130582247 0.00342416437 -0.0163914524
v  -0.0128486333 0.00361336721 -0.0162991378
v  -0.0126012862 0.00375476619 -0.0162208583
v  -0.0123263281 0.00384311099 -0.0161643885
v  -0.0123796649 0.00419369061 -0.0162501186
v  -0.0126897357 0.00409757812 -0.0163209941
v  -0.0130120516 0.00391181279 -0.0164296981
v  -0.0132281603 0.00371562201 -0.0165271834
v  -0.013358905 0.00355210714 -0.0165993813
v  -0.0135924034 0.00306841126 -0.0167770926
v  -0.0136316782 0.00291544106 -0.0168238394
v  -0.0136665469 0.00236186874 -0.0169605464
v  -0.0135824475 0.000389723224 -0.017178325
v  -0.0136060305 0.00136339979 -0.0171143971
v  -0.013479826 0.00123438647 -0.0170887522
v  -0.0133759286 0.00122849992 -0.0169878379
v  -0.0133314868 0.00121698028 -0.0168501493
v  -0.0258425102 0.006478447 -0.00964193698
v  -0.0253223665 0.00632357411 -0.00866853632
v  -0.0248681605 0.006598284 -0.00909234211
v  -0.025375329 0.00654989155 -0.00935676228
v  -0.0243340936 0.00681629684 -0.00957480166
v  -0.0241368711 0.006875413 -0.00974879041
v  -0.0252065137 0.00676924596 -0.0102123516
v  -0.0236896686 0.00703398092 -0.0114789633
v  -0.0231046584 0.00708026905 -0.0113081057
v  -0.0244896635 0.00694751879 -0.0108262748
v  -0.0154505596 0.00493010366 -0.016090095
v  -0.0149882268 0.00426291628 -0.0164352972
v  -0.0140746422 0.00121582334 -0.0171758067
v  -0.0141287399 0.00165384368 -0.017128028
v  -0.0142471651 0.00230131834 -0.0170263052
v  -0.0144192623 0.00295054144 -0.016883282
v  -0.0145480558 0.0033269811 -0.0167789739
v  -0.0148508456 0.00401267689 -0.0165407341
v  -0.0155785875 0.00507921353 -0.0159967579
v  -0.0162903611 0.00571846357 -0.015492239
v  -0.0166256819 0.00593913812 -0.015260784
v  -0.0172787905 0.00627672113 -0.0148153957
v  -0.0179996844 0.00655008201 -0.0143269254
v  -0.0193038117 0.00687050726 -0.0134382937
v  -0.018833125 0.00677576568 -0.0137606692
v  -0.0186185595 0.00672531733 -0.0139068849
v  -0.0211555138 0.00702528749 -0.0127655454
v  -0.0208306443 0.00705579063 -0.0123670967
v  -0.0197793972 0.00694650924 -0.0131095415
v  -0.021955274 0.00709905708 -0.0115350075
v  -0.0216417164 0.00709383469 -0.0117722647
v  -0.0236983597 0.00697513903 -0.0101278517
v  -0.0233254302 0.00703214388 -0.0104420083
v  -0.0229263846 0.0070711649 -0.010770076
v  -0.0259785522 0.00569639402 -0.00803328212
v  -0.02716727 0.00578206312 -0.00843355432
v  -0.0274761915 0.0052165594 -0.00811239518
v  -0.0268378314 0.00405851239 -0.00715622166
v  -0.027732227 0.00459025986 -0.00783772767
v  -0.0266063083 0.00464181788 -0.00739836553
v  -0.0267867763 0.0042002569 -0.00721004652
v  -0.0304028559 0.00565045886 -0.00917036366
v  -0.0297710989 0.00567658152 -0.00894376542
v  -0.0255988799 0.00610021036 -0.00840423163
v  -0.0255202223 0.00616896851 -0.00847990345
v  -0.0263128895 0.00521005085 -0.00769873196
v  -0.029923344 0.00450994726 -0.00887530297
v  -0.028828688 0.00455342326 -0.00834971294
v  -0.0304383673 0.00507618347 -0.00916608516
v  -0.0298561919 0.00510374224 -0.00890197698
v  -0.0298159141 0.00539332209 -0.00892132614
v  -0.0291232523 0.00570693053 -0.00878878403
v  -0.0284713376 0.00573744532 -0.00867173541
v  -0.0285740886 0.00545773003 -0.00857982691
v  -0.0286677144 0.00516585028 -0.00849533547
v  -0.0273986775 0.00121626095 -0.0065437872
v  -0.0272102635 0.00264552282 -0.00675484817
v  -0.0273489431 0.00173273496 -0.00660028076
v  -0.00648414344 -0.00635269843 -0.00928245485
v  -0.00631253421 -0.00593719957 -0.0113704121
v  -0.0040789349 -0.00587782636 -0.0108489608
v  -0.00707711931 -0.00731839938 -0.00289219711
v  -0.00725821266 -0.00723329978 -0.00243923394
v  -0.010625381 -0.00685648946 -0.00351697113
v  -0.0108580133 -0.00669695064 -0.00314178504
v  -0.0104198251 -0.00696148491 -0.00393227069
v  -0.0102391606 -0.00701761385 -0.00438337587
v  -0.006937386 -0.00734859426 -0.0033875145
v  -0.00744434958 -0.00476169493 -0.0153564541
v  -0.00733369403 -0.00441705529 -0.0156040955
v  -0.00554998592 -0.00424722815 -0.015355546
v  -0.00395357981 -0.00550640142 -0.0124830334
v  -0.0098002404 -0.00459584501 -0.000347688794
v  -0.00949383248 -0.00524344482 -0.015054089
v  -0.00749765756 -0.0059719868 -0.0115541993
v  -0.00874486007 -0.00601239176 -0.0116686206
v  -0.0113890124 -0.00612105103 -0.0117378021
v  -0.0151629364 -0.00639671599 -0.0102229845
v  -0.0120846424 -0.00634281011 -0.0100318901
v  -0.0181460045 -0.00655055651 -0.0103603387
v  -0.0157042276 -0.00640195189 -0.0128421886
v  -0.0169471297 -0.0065189586 -0.0116419969
v  -0.013407317 -0.00570128951 -0.0148689449
v  -0.0144954985 -0.00615210226 -0.0139266821
v  -0.00689854799 -0.00535964547 -0.0142158354
v  -0.00663243793 -0.00494759902 -0.0149869537
v  -0.00758555392 -0.00504002022 -0.0150589179
v  -0.00383846462 -0.00514699146 -0.0136409551
v  -0.00587155856 -0.00528178085 -0.0140809678
v  -0.00712768175 -0.00470230635 0.000533818267
v  -0.00630186684 -0.00565174781 0.000246889889
v  -0.00551095325 -0.00643372769 -0.000178189017
v  -0.00515348464 -0.0067514698 -0.000451018102
v  -0.00483462401 -0.00701480452 -0.000768564641
v  -0.00411346834 -0.00745990174 -0.0025373539
v  -0.00420485996 -0.00743922126 -0.00202107988
v  -0.0043525584 -0.00736146281 -0.001551372
v  -0.00456432812 -0.00721951947 -0.00113421679
v  -0.00405859947 -0.00736464607 -0.00368036516
v  -0.00410593767 -0.00714495825 -0.00492193736
v  -0.0041734688 -0.00687013054 -0.00620360766
v  -0.00419873185 -0.0065961876 -0.00747213559
v  -0.0056757601 -0.00486201746 -0.0148483431
v  -0.00560161751 -0.00458526472 -0.0151282931
v  -0.0134898508 -0.00408104807 -0.0163030215
v  -0.0138449604 -0.0046505332 -0.0160087179
v  -0.0153796943 -0.00590735162 -0.0148432869
v  -0.0147930086 -0.00556647126 -0.0152765783
v  -0.0142781045 -0.00514854863 -0.0156664755
v  -0.0167074446 -0.00638800906 -0.013869619
v  -0.0181394313 -0.00665058242 -0.0127916848
v  -0.0195537228 -0.00675513316 -0.0116557013
v  -0.020844778 -0.0067431177 -0.0105079561
v  -0.0219827369 -0.00657007145 -0.00939506479
v  -0.0224917904 -0.00640146807 -0.00886629336
v  -0.0229596104 -0.0061662076 -0.00836383365
v  -0.0233852547 -0.00585515797 -0.00789361168
v  -0.0244005732 -0.00440201582 -0.00673049083
v  -0.0241063479 -0.00497218641 -0.00707299216
v  -0.0237677861 -0.00545917219 -0.00746155484
v  -0.0246502142 -0.00376056647 -0.00643582363
v  -0.0233096294 0.000100171674 -0.0050530103
v  -0.0251979493 -0.000719494594 -0.00577088166
v  -0.025129132 -0.00152727915 -0.00585651491
v  -0.0250147395 -0.00231132144 -0.00599706499
v  -0.0248550158 -0.0030596992 -0.00619075634
v  -0.0168722793 -0.00195008481 -0.00251745246
v  -0.0160660893 -0.00175171532 -0.00209881132
v  -0.0170707293 -0.00093631749 -0.00243763532
v  -0.0161105264 -0.000837145606 -0.00198470475
v  -0.0161254518 0.000100102014 -0.00194635894
v  -0.0165706389 -0.002918527 -0.00266288407
v  -0.0107256733 -0.00336152455 -0.000192666426
v  -0.0133748315 -0.00329000223 -0.00129201543
v  -0.0161896273 -0.0038189569 -0.00288408995
v  -0.0092622973 -0.00495649688 -0.0153869344
v  -0.00907013193 -0.0045989994 -0.0156715792
v  -0.00892028771 -0.00416483637 -0.0159127489
v  -0.012789214 -0.00654167542 -0.00815835409
v  -0.00912217889 -0.00634675659 -0.00973467529
v  -0.00675643235 -0.00727717765 -0.00447949069
v  -0.00660982821 -0.00683780247 -0.00688886363
v  -0.0066642724 -0.00708494801 -0.00566374557
v  -0.00970100611 -0.00689229276 -0.00644171517
v  -0.00993964262 -0.00701102149 -0.005372182
v  -0.0135250902 -0.00661320006 -0.00631435821
v  -0.0139217181 -0.0065197018 -0.00547474762
v  -0.0131503167 -0.0066073495 -0.00721885683
v  -0.00949743483 -0.00671702204 -0.00755030615
v  -0.0143483635 -0.00628735777 -0.00472991262
v  -0.0106180664 -0.00538518326 -0.00119486917
v  -0.00908660237 -0.00552858459 -0.000652422197
v  -0.00996716134 -0.00614502979 -0.00162898004
v  -0.00838382915 -0.006300529 -0.0010873843
v  -0.00936782453 -0.00672094058 -0.0022072508
v  -0.00775375776 -0.00687948475 -0.00167538552
v  -0.00748530589 -0.00708654523 -0.00203390373
v  -0.0111142565 -0.00648414716 -0.00280619133
v  -0.0116762742 -0.00591292093 -0.00224529393
v  -0.0122687994 -0.0051712119 -0.00181728974
v  -0.0128491968 -0.0042874231 -0.00150519237
v  -0.014808625 -0.00588559126 -0.00410398655
v  -0.0152848009 -0.00532515394 -0.00359448045
v  -0.0157530792 -0.00462873373 -0.00319123734
v  -0.00418244116 -0.00633638818 -0.00869116932
v  -0.0161496177 -0.00642168708 -0.0086732842
v  -0.019260399 -0.00644863443 -0.00906698406
v  -0.0177496113 -0.00641627703 -0.00888401642
v  -0.0197767485 -0.0063234074 -0.00844102725
v  -0.0182567034 -0.00632593269 -0.00819465611
v  -0.0202613939 -0.00613262597 -0.00784286577
v  -0.01874022 -0.00617100624 -0.00753429253
v  -0.017545091 -0.00607167976 -0.00649060542
v  -0.0166280195 -0.00637619058 -0.007908809
v  -0.0170936529 -0.00626742188 -0.00717499014
v  -0.0200401507 -0.000811967591 -0.00377164315
v  -0.0227448009 -0.000740972522 -0.00487885857
v  -0.0199155118 -0.00170704466 -0.0038601486
v  -0.0226619635 -0.00156868331 -0.00496879779
v  -0.0197190307 -0.00256801955 -0.00401256979
v  -0.0225262735 -0.00236950861 -0.005118798
v  -0.0194598921 -0.00337789231 -0.00423293421
v  -0.0223396681 -0.00313002896 -0.0053289528
v  -0.019147316 -0.00411957689 -0.00452527357
v  -0.0221041031 -0.00383678288 -0.00559935905
v  -0.0187905002 -0.00477607595 -0.00489362143
v  -0.0218215063 -0.00447636424 -0.00593010895
v  -0.0183986351 -0.00533029949 -0.00534199877
v  -0.0214938186 -0.00503531005 -0.00632129377
v  -0.0179809276 -0.00576525088 -0.00587444054
v  -0.0211229939 -0.00550018763 -0.00677301176
v  -0.020711191 -0.00586274453 -0.00728327036
v  -0.0129354242 -0.00537924189 -0.0152784474
v  -0.0125260539 -0.00498140743 -0.0156424455
v  -0.0121858828 -0.00450396677 -0.0159587394
v  -0.0200837385 0.000100140009 -0.00374302361
v  -0.019142 0.000100134086 -0.00332526863
v  -0.0160660837 0.0019519378 -0.00209873309
v  -0.0161105227 0.00103735959 -0.00198466424
v  -0.0130687766 0.00340888626 -0.0011234954
v  -0.0114277098 0.00340887625 -0.000419829972
v  -0.0109527828 0.00340887229 -0.000231624581
v  -0.0104960939 0.00371309184 -0.000155470334
v  -0.0105505493 0.00362318684 -0.000145807862
v  -0.0106633808 0.00350903906 -0.000151682645
v  -0.0108024627 0.00343459821 -0.000181511976
v  -0.0100399759 0.00401716866 -9.33101401e-05
v  -0.0101733841 0.00399594614 -0.00013527181
v  -0.0102638677 0.00395767018 -0.000155022368
v  -0.0103990631 0.00385332783 -0.000167934224
v  -0.00630196277 0.00405148417 0.00114405341
v  -0.0079023093 0.00403685495 0.000638941303
v  -0.0152720576 0.00657433411 -0.0114935655
v  -0.0152220158 0.00657339441 -0.0113077564
v  -0.0136624128 0.00651139021 -0.0107937455
v  -0.0139390277 0.00653102808 -0.0106656821
v  -0.013985632 0.00653363531 -0.0106530339
v  -0.0146338409 0.00655815378 -0.0107002053
v  -0.0143376011 0.00654902263 -0.0106272502
v  -0.0142891742 0.00654727453 -0.0106237289
v  -0.0141006475 0.00653941138 -0.0106313694
v  -0.014678021 0.00655934541 -0.0107194167
v  -0.0149334511 0.00656590704 -0.0108863721
v  -0.0151769463 0.00657224329 -0.0112037295
v  -0.0151544716 0.00657163933 -0.0111611634
v  -0.0149687221 0.0065668053 -0.0109190755
v  -0.015279186 0.00657433411 -0.0115412222
v  -0.0152730346 0.00657131569 -0.0118459305
v  -0.0151575841 0.00655842479 -0.0121784667
v  -0.0152639952 0.00657023024 -0.0118932584
v  -0.0148120997 0.00651841145 -0.0125515033
v  -0.0149037512 0.00652915984 -0.0124842031
v  -0.0149391107 0.00653330283 -0.0124538234
v  -0.0151336445 0.00655574072 -0.0122197652
v  -0.0139656793 0.00640904577 -0.0130525641
v  -0.01308023 0.00627796957 -0.0134749888
v  -0.0121575957 0.00613421714 -0.0138178114
v  -0.0116490405 0.00605616299 -0.0139678475
v  -0.00973399915 0.0058001508 -0.0143049657
v  -0.0106953625 0.00591925997 -0.0141794542
v  -0.00602740608 0.0055321292 -0.0139920982
v  -0.00701252976 0.00557793118 -0.0142003754
v  -0.0079841502 0.00563934771 -0.0143156154
v  -0.00876566581 0.00570245553 -0.0143453218
v  -0.00575298257 0.00553526962 -0.0138772838
v  -0.00571788289 0.00553786848 -0.0138553735
v  -0.00530391745 0.00563906878 -0.0133329676
v  -0.00531733222 0.00563126197 -0.0133680636
v  -0.00546940416 0.00557616819 -0.0136292018
v  -0.0054930374 0.00557060074 -0.0136578716
v  -0.00555437058 0.00555838784 -0.0137237199
v  -0.00527498312 0.00578594068 -0.0127116637
v  -0.00525311381 0.00575966341 -0.0128183169
v  -0.00524134282 0.00571868056 -0.0129884481
v  -0.00524293818 0.00570767839 -0.0130349128
v  -0.00527910516 0.00565663259 -0.0132550411
v  -0.00534202904 0.00583277317 -0.0125267738
v  -0.00536782667 0.00584603846 -0.0124758398
v  -0.00590123981 0.00598693546 -0.0120006483
v  -0.0058459267 0.0059779943 -0.0120246494
v  -0.00559322536 0.00592457643 -0.0121911867
v  -0.00554952957 0.00591257354 -0.0122323837
v  -0.00655547623 0.00604163669 -0.0119591979
v  -0.00625036843 0.00602689758 -0.0119262682
v  -0.00619471818 0.00602224888 -0.0119299274
v  -0.00601166673 0.00600248622 -0.0119634187
v  -0.00742713362 0.0060639088 -0.0121396175
v  -0.0102321878 0.00621554628 -0.0121277114
v  -0.00951633137 0.00616586953 -0.0122154839
v  -0.00918761268 0.00614539767 -0.012236204
v  -0.00830523204 0.00609848881 -0.0122316433
v  -0.012389577 0.00639654603 -0.0114853522
v  -0.0121027157 0.00637068273 -0.011606208
v  -0.0112644704 0.00629758416 -0.0118946424
v  -0.0104016569 0.00622825092 -0.0120982351
v  -0.0131818196 0.00646863831 -0.0110868048
v  -0.0120846434 0.00654336717 -0.0100316051
v  -0.012789215 0.00674215099 -0.00815806258
v  -0.00949743669 0.00691746641 -0.0075500058
v  -0.0113890097 0.00632166909 -0.0117375236
v  -0.00689854939 0.00556037854 -0.014215596
v  -0.00395357981 0.00570706837 -0.0124827838
v  -0.00407893397 0.00607841695 -0.0108486935
v  -0.00567576382 0.00506278314 -0.014848128
v  -0.00892029051 0.00436564395 -0.0159125645
v  -0.00907013658 0.00479979208 -0.0156713761
v  -0.0181394387 0.00685126008 -0.0127913887
v  -0.0133748362 0.00349018374 -0.00129187293
v  -0.0128491977 0.00448761554 -0.00150500704
v  -0.0107256761 0.00356165785 -0.000192522071
v  -0.0165706351 0.00311876577 -0.00266275555
v  -0.0161896273 0.00401920686 -0.00288392464
v  -0.0168722775 0.00215032627 -0.00251736585
v  -0.017070733 0.00113655836 -0.00243759342
v  -0.0251979474 0.000919867365 -0.0057708458
v  -0.0251291301 0.00172766449 -0.00585644599
v  -0.0250147395 0.00251170457 -0.00599696254
v  -0.0246502161 0.00396096148 -0.00643566065
v  -0.0248550158 0.00326009979 -0.00619062269
v  -0.0244005751 0.00460243225 -0.00673030037
v  -0.0241063479 0.00517260842 -0.00707277609
v  -0.0237677861 0.00565963145 -0.00746131781
v  -0.023385264 0.0060556219 -0.00789335743
v  -0.022959616 0.00636669667 -0.0083635645
v  -0.0224917959 0.00660197902 -0.00886601489
v  -0.0208447836 0.00694369804 -0.0105076591
v  -0.0219827387 0.00677060941 -0.00939477514
v  -0.0195537284 0.00695576426 -0.0116554024
v  -0.0167074539 0.00658873003 -0.013869334
v  -0.0142781157 0.00534935109 -0.0156662446
v  -0.0147930263 0.00576725323 -0.0152763305
v  -0.0153797064 0.0061081131 -0.0148430234
v  -0.0134898545 0.00428187149 -0.0163028352
v  -0.0138449753 0.00485135848 -0.0160085112
v  -0.00733369729 0.00461785635 -0.015603899
v  -0.00554998964 0.00444802083 -0.0153553588
v  -0.00560161658 0.00478603644 -0.01512809
v  -0.00383846648 0.00534771103 -0.0136407251
v  -0.00417346321 0.00707052462 -0.00620329566
v  -0.00410593301 0.00734530436 -0.00492161652
v  -0.00405859761 0.00756492466 -0.0036800392
v  -0.00411346927 0.00766014913 -0.00253702654
v  -0.00420485623 0.0076394421 -0.00202075299
v  -0.00435256027 0.00756164966 -0.00155105069
v  -0.00456432998 0.00741969841 -0.00113390293
v  -0.00483462494 0.0072149653 -0.000768258236
v  -0.00551095977 0.00663386146 -0.000177913345
v  -0.00712768314 0.00490241731 0.000534021296
v  -0.00630187057 0.00585184805 0.000247132964
v  -0.0098002404 0.00479597645 -0.000347489491
v  -0.00758555904 0.00524079893 -0.0150586953
v  -0.00949384179 0.00544421142 -0.0150538553
v  -0.014495505 0.00635282695 -0.0139264073
v  -0.0157042332 0.00660262629 -0.0128419036
v  -0.0169471372 0.00671958551 -0.0116417082
v  -0.0181460101 0.00675113453 -0.0103600482
v  -0.0151629448 0.00659728469 -0.0102227023
v  -0.00749765849 0.00617260952 -0.0115539283
v  -0.008744861 0.0062130196 -0.0116683468
v  -0.00631253608 0.00613780692 -0.011370142
v  -0.00587155763 0.00548251253 -0.0140807312
v  -0.00926230382 0.00515728956 -0.0153867155
v  -0.00744434912 0.00496248621 -0.0153562427
v  -0.00663243793 0.00514836842 -0.0149867339
v  -0.00912218262 0.00654729689 -0.00973438844
v  -0.00970100332 0.00709270826 -0.00644140644
v  -0.0131503223 0.00680779386 -0.00721856533
v  -0.00993964262 0.00721138483 -0.00537187047
v  -0.0135250939 0.00681360718 -0.00631406624
v  -0.0102391634 0.00721791992 -0.00438306807
v  -0.0139217125 0.00672006607 -0.00547445985
v  -0.0104198251 0.00716177374 -0.00393196568
v  -0.0143483672 0.00648769131 -0.00472963788
v  -0.0106253857 0.0070567634 -0.00351667171
v  -0.0108580114 0.00689720642 -0.00314149261
v  -0.014808625 0.00608589221 -0.00410373043
v  -0.0111142583 0.00668438571 -0.00280591007
v  -0.0157530811 0.00482899509 -0.00319103617
v  -0.0122688022 0.00537141273 -0.00181706576
v  -0.0152848074 0.00552544603 -0.00359425135
v  -0.0116762761 0.00611313852 -0.00224503689
v  -0.00748530729 0.00728674885 -0.002033595
v  -0.00936782733 0.00692115305 -0.00220695883
v  -0.00775376335 0.00707968324 -0.00167508703
v  -0.009967166 0.00634521898 -0.00162871461
v  -0.0083838366 0.00650069816 -0.00108711328
v  -0.0106180729 0.00558535755 -0.0011946382
v  -0.00908660609 0.00572874816 -0.00065218471
v  -0.00660982914 0.00703821192 -0.00688855676
v  -0.00666427426 0.00728531275 -0.00566343032
v  -0.00675643235 0.00747749908 -0.00447916752
v  -0.00693737855 0.00754886866 -0.00338718854
v  -0.00707712164 0.00751866214 -0.00289187627
v  -0.00725821499 0.00743353041 -0.00243891682
v  -0.0064841425 0.00655323034 -0.00928216707
v  -0.0041824393 0.00653688889 -0.00869088154
v  -0.00419873185 0.00679662498 -0.0074718371
v  -0.00515348837 0.00695162732 -0.000450725667
v  -0.0177496169 0.00661677402 -0.00888373423
v  -0.0192604009 0.00664914725 -0.00906669907
v  -0.0182567034 0.00652641663 -0.00819437578
v  -0.0197767504 0.0065239016 -0.00844074972
v  -0.0187402163 0.00637145061 -0.00753401965
v  -0.0202613957 0.00633308943 -0.00784259755
v  -0.0207111929 0.00606318563 -0.00728301331
v  -0.0227447972 0.000941317237 -0.00487882178
v  -0.0200401489 0.00101226172 -0.00377160404
v  -0.022661956 0.00176902302 -0.00496872468
v  -0.01991551 0.00190732791 -0.00386007177
v  -0.0225262735 0.00256986683 -0.00511869276
v  -0.0197190233 0.00276832632 -0.00401245477
v  -0.0223396681 0.00333038205 -0.00532881543
v  -0.0194598939 0.00357819861 -0.0042327866
v  -0.022104105 0.00403715624 -0.00559919327
v  -0.0191473179 0.00431990298 -0.00452509569
v  -0.0218215026 0.00467673875 -0.00592991291
v  -0.0187904984 0.00497641182 -0.00489341142
v  -0.0214938205 0.0052357018 -0.00632107537
v  -0.0183986351 0.00553066749 -0.0053417664
v  -0.0211229939 0.00570060778 -0.00677277101
v  -0.0179809295 0.00596562726 -0.00587418955
v  -0.017545091 0.00627208827 -0.00649033766
v  -0.0170936547 0.00646785321 -0.00717471354
v  -0.0166280214 0.00657664891 -0.00790852681
v  -0.0161496233 0.00662218221 -0.00867299922
v  -0.0121858912 0.00470479671 -0.0159585364
v  -0.012526067 0.00518220151 -0.0156422257
v  -0.0129354345 0.00558002666 -0.0152782071
v  -0.0134073282 0.00590205658 -0.0148686906

# 0 UV coordinates

# 3899 vertex normals
vn -0.0915681794 0.921876132 0.376509815
vn -0.0167557858 0.769419849 0.638523698
vn -0.104948506 0.901484966 0.419893533
vn -0.0573554188 0.886123955 0.459885597
vn -0.0495709069 0.970205903 0.237156287
vn -0.0373180993 0.966187596 0.255125344
vn 0.515859663 0.810290217 0.278062046
vn 0.624675214 0.743482709 0.238776848
vn 0.628874838 0.76058656 0.161320999
vn -0.201950029 0.125253305 0.97135365
vn -0.197311372 0.304334581 0.931905866
vn -0.127153456 0.363134772 0.923019469
vn -0.038803786 0.97203666 0.23160103
vn -0.0519223846 0.909348607 0.412782252
vn -0.0431160629 0.963301122 0.264937639
vn -0.084927164 0.844494462 0.528787732
vn -0.114112437 0.265386969 0.957365155
vn -0.173287734 0.0627510548 0.982870162
vn -0.0400473587 0.518588126 0.854085803
vn -0.0169137456 0.356202602 0.93425566
vn -0.019057706 0.436908841 0.899303913
vn -0.0152912559 0.7849226 0.619405091
vn -0.174579322 0.498615026 0.84906131
vn -0.136195019 0.655611336 0.742714465
vn -0.0465991423 0.75014621 0.659627974
vn 0.537021637 0.683447063 -0.494477332
vn 0.586439013 0.616745114 -0.52508533
vn 0.3239218 0.713119388 -0.621719837
vn 0.642732263 0.594893932 -0.482697099
vn 0.741695106 0.6697191 -0.0369402245
vn 0.725814998 0.68307364 0.0812591463
vn 0.285138637 0.69194442 -0.663256228
vn 0.743370235 0.655440629 -0.133411154
vn 0.713193059 0.638044715 -0.290266424
vn 0.316141516 -0.712098777 -0.626873195
vn 0.754986167 -0.59605962 -0.273329347
vn 0.709100962 -0.684289932 -0.170067474
vn 0.736034453 -0.676843226 -0.0116882706
vn 0.725074708 -0.683625698 0.0832022876
vn 0.285138249 -0.691920459 -0.663281262
vn 0.561545491 -0.638530016 -0.52625668
vn 0.649720728 -0.611402214 -0.451719254
vn 0.63483727 -0.643194854 -0.428114384
vn -0.889603317 0.0147825517 -0.456494868
vn -0.896366 0.00261706067 -0.443307042
vn -0.940194488 6.21286654e-06 -0.340638012
vn -0.887344658 -0.0107163414 -0.460982144
vn -0.890004456 -0.0194806345 -0.455535471
vn -0.865116298 0.0750699267 -0.495921701
vn -0.895296693 0.0511939861 -0.44251886
vn -0.890066743 0.0450759865 -0.453595966
vn -0.890592098 -0.0349327773 -0.453459471
vn -0.89386493 -0.0460062027 -0.445969731
vn -0.876311421 -0.0727503896 -0.47622025
vn -0.891412616 0.0360564366 -0.451755911
vn -0.88518852 0.0274730828 -0.464420617
vn 0.847881138 0.486943662 -0.209722534
vn 0.880457103 0.354747921 -0.314561814
vn 0.732322872 0.586506844 -0.345995605
vn 0.29650566 0.94640553 -0.128066659
vn 0.100421973 0.994567752 -0.0273939893
vn 0.305882722 0.951969981 -0.0137379067
vn 0.5898211 0.765652061 -0.256686598
vn 0.666208804 0.664414287 -0.338702679
vn 0.797924936 0.347477674 -0.492518991
vn 0.84256959 0.148525327 -0.517703235
vn 0.839439034 0.0633558631 -0.539748192
vn 0.484759659 0.850782454 -0.202922076
vn 0.47998789 0.877115309 -0.0167455561
vn 0.641975999 0.766681969 -0.00809971243
vn 0.726757705 0.673565805 -0.134656534
vn 0.000769614941 0.887008905 0.46175167
vn -0.00649031531 0.855117202 0.518394113
vn 0.00169686659 0.888598382 0.458682865
vn 0.00275684358 0.871974885 0.489542753
vn -0.0232289732 0.95854789 0.283983082
vn -0.0307416301 0.825680435 0.563299835
vn 0.559175253 0.804009497 0.202217311
vn -0.0016630016 0.967338204 0.253483891
vn 0.562299252 0.809050262 0.171047524
vn -0.00980872754 0.967049241 0.254400402
vn -0.0402979217 0.964807272 0.259851724
vn 0.0486645065 0.464859098 0.884046316
vn 0.0233283918 0.594224274 0.803961039
vn -0.0216094926 0.288175762 0.957333684
vn 0.105791107 0.316397011 0.942709506
vn 0.122770645 0.499343097 0.857661903
vn 0.158862367 0.57384187 0.80341047
vn 0.152015984 0.592429042 0.791150451
vn -0.00378904026 0.700530946 0.713611901
vn 0.149190426 0.702731252 0.695637167
vn 0.148054987 0.746763349 0.64840126
vn 0.116138555 0.78905195 0.603248656
vn 0.0514873825 0.744339406 0.665813744
vn 0.0962645113 0.824765861 0.557220221
vn 0.136850297 0.111710601 0.984272659
vn 0.0103190243 0.256595463 0.966463804
vn -0.0358841605 0.131624788 0.990649879
vn -0.180698037 0.0145079335 0.983431637
vn -0.147781447 0.0783016682 0.985915542
vn -0.0664426237 0.131923795 0.9890306
vn -0.210498482 0.0085753249 0.977556586
vn -0.107744083 0.121526085 0.986723125
vn -0.211209133 0.0162312835 0.977306068
vn -0.207038373 0.0870478675 0.974452555
vn -0.187776297 0.333860815 0.923729956
vn -0.149602249 0.645022929 0.749376059
vn -0.10154178 0.871248662 0.480224043
vn -0.0521027893 0.967853606 0.246058434
vn -0.0450362526 0.964533031 0.260092109
vn -0.0507396683 0.961570323 0.269829601
vn -0.0739711821 0.835903108 0.543869674
vn -0.0990276858 0.58199352 0.807141304
vn -0.107434653 0.336899668 0.935391068
vn -0.173373535 0.204786777 0.963329613
vn -0.0820629522 0.0314205363 0.996131778
vn -0.0964844972 0.157488063 0.982796192
vn -0.150787249 0.126495078 0.980439782
vn -0.245956972 0.0749141872 0.966381431
vn -0.156201601 0.418788522 0.894548595
vn -0.297661543 0.174980775 0.938498497
vn -0.176076382 0.363684356 0.914729893
vn -0.116892196 0.555484116 0.823270082
vn -0.11853195 0.662342489 0.739765227
vn -0.0633507967 0.699802399 0.711521745
vn -0.0798765719 0.790918887 0.60668534
vn 0.0355534032 0.881482482 0.470876187
vn -0.029285809 0.907746673 0.418495268
vn 0.0138510205 0.967071712 0.254127026
vn 0.125260949 0.974165976 0.18791014
vn 0.0321748555 0.992045105 0.121701881
vn -0.245967537 0.0443567932 0.968262553
vn -0.212671682 0.184902638 0.959469438
vn -0.176255539 0.359592527 0.916311741
vn -0.120166808 0.558920383 0.820468128
vn -0.0653463006 0.729212344 0.681160212
vn 0.0337124951 0.880202293 0.473399967
vn 0.117249787 0.975690484 0.185150072
vn -0.19647193 0.43109253 0.880657673
vn -0.245381132 0.108008645 0.963391006
vn -0.118534595 0.774718165 0.621096909
vn -0.0411523506 0.952919424 0.300418079
vn 0.0306844786 0.995098472 0.0940071419
vn -0.940043509 0.0239116773 -0.340215296
vn -0.924039125 0.0310931075 -0.381031275
vn -0.94019562 1.70772819e-05 -0.340635151
vn -0.893228233 0.065344803 -0.444829583
vn -0.891320825 0.0891746134 -0.444516838
vn 0.0127321333 0.999385715 -0.0326516628
vn 0.0127389077 0.999384999 -0.0326687098
vn 0.110924318 0.993275166 -0.0331711546
vn 0.0398375355 0.998817563 -0.0278659295
vn 0.0127253085 0.999386489 -0.0326306038
vn 0.0428898484 0.99868679 -0.0280212779
vn 0.0370982401 0.998810291 -0.0316485688
vn 0.989131808 0.089650698 0.116537921
vn 0.995734453 0.0911232382 -0.0144761829
vn 0.960857213 0.0974630862 -0.259334683
vn 0.875174463 0.0983120129 -0.473713458
vn 0.937198162 0.00580789754 -0.34874922
vn 0.98674649 0.0165649708 0.161422148
vn 0.900167465 0.0999783948 -0.423913538
vn 0.875625789 0.238618851 -0.419929206
vn 0.817171276 0.386563092 -0.42755124
vn 0.940286636 0.0475011505 -0.337052941
vn 0.751279771 0.485345572 -0.447234243
vn 0.675300479 0.554795265 -0.485974759
vn 0.763742566 0.119691744 -0.634327352
vn 0.604058981 0.25650093 -0.754532933
vn 0.868121445 0.0198579766 -0.495954484
vn 0.643266022 0.326017827 -0.692763448
vn 0.6865381 0.247402936 -0.683708429
vn 0.425397664 0.272335142 -0.863058746
vn -0.599829912 0.285135031 -0.747597635
vn -0.702296257 0.296765059 -0.647078574
vn -0.836148441 0.16795966 -0.52215451
vn 0.445276111 0.13236849 -0.885555089
vn 0.461292714 -0.00146647403 -0.887246728
vn 0.13713105 0.129650295 -0.982031465
vn 0.0655457601 0.00275338953 -0.997845829
vn -0.155063465 0.112964325 -0.981424689
vn 0.666386485 0.186665267 -0.721862137
vn 0.711016178 0.12122456 -0.692647576
vn 0.697474718 0.0625093281 -0.713877797
vn 0.720853686 0.0381083377 -0.692038834
vn 0.727941692 -6.84164552e-05 -0.685638964
vn -0.71508503 0.17627649 -0.676446617
vn 0.597956896 0.444054276 -0.667280555
vn 0.698962808 0.363752216 -0.615739644
vn 0.539094865 0.390675902 -0.746156275
vn 0.340665221 0.411541849 -0.845328689
vn 0.0754840896 0.402872324 -0.912138164
vn 0.114981592 0.262333214 -0.958102643
vn -0.201003209 0.359487712 -0.911244333
vn -0.169207543 0.235032916 -0.95714587
vn -0.461934239 0.287619531 -0.838982522
vn -0.43997404 0.188497603 -0.878004253
vn -0.70614028 0.117648371 -0.698229611
vn -0.699571609 0.0550955869 -0.712435186
vn -0.426224798 0.0888607427 -0.900242269
vn -0.350405484 0.00365530024 -0.93659097
vn -0.708423793 0.00230442802 -0.705783606
vn 0.635815799 0.500953138 -0.587183237
vn 0.484140784 0.542140841 -0.686797678
vn 0.250268966 0.5536924 -0.794222951
vn 0.00270961295 0.543702364 -0.839273691
vn -0.257399589 0.494842708 -0.829985559
vn -0.499486834 0.412558287 -0.761779904
vn -0.0277275555 0.679688334 0.732976794
vn -0.0260321666 0.90329802 0.428223252
vn 0.039490398 0.900625646 0.432797879
vn -0.0147502329 0.980721712 0.194852069
vn 0.0184349921 0.978180051 0.20693928
vn 0.131030351 0.894154429 0.428157598
vn 0.0977678597 0.899328589 0.426203609
vn 0.0142497048 0.979826212 0.199342921
vn -7.30012034e-05 0.979892492 0.199526235
vn -0.0312051307 0.356647909 0.933717608
vn -0.00512217637 0.10358528 0.994607389
vn 0.132577181 0.355731577 0.925136864
vn 0.20348157 0.0939928144 0.974556565
vn 0.292345017 0.358578086 0.886541724
vn 0.375821233 0.0914148465 0.922172308
vn 0.387256294 0.342086226 0.856159806
vn 0.440009981 0.0845377222 0.894004822
vn 0.0947034135 0.677084029 0.729786694
vn 0.212784454 0.67639035 0.705137432
vn 0.276287377 0.667057931 0.691880822
vn 0.00530958408 0.975295782 0.220839381
vn -0.0148504265 0.973641932 0.227597579
vn 0.106867403 0.885775447 0.451642781
vn 0.0558120012 0.880619287 0.47052601
vn 0.232286558 0.660505712 0.713985324
vn 0.142910749 0.655342102 0.741689503
vn 0.325860649 0.347105056 0.879393458
vn 0.208186552 0.342176288 0.916282594
vn 0.368569583 0.0873211622 0.925489902
vn 0.237697974 0.0864743218 0.967482209
vn -0.0547620319 0.872613907 0.48533082
vn -0.0444453508 0.647303522 0.760935485
vn 0.0183169972 0.648618817 0.760892868
vn 0.00691995816 0.0778421983 0.996941686
vn 0.0188059043 0.879686832 0.475181431
vn -0.0244190246 0.969215512 0.245000333
vn -0.0139619894 0.876518965 0.481164813
vn -0.0440384075 0.965724707 0.255805433
vn 0.137642771 0.318974018 0.937715352
vn 0.0751078576 0.652534783 0.754027247
vn 0.121954612 0.0847363919 0.988911927
vn -0.0400479771 0.31442821 0.948436022
vn 0.0489297882 0.318290293 0.946729779
vn 0.641500115 0.754962444 0.136049122
vn -0.0463955477 0.981388152 0.18634589
vn 0.00255990145 0.983858049 0.178932056
vn -0.0205319785 0.979985476 0.198007464
vn -0.0373142064 0.982990384 0.179826632
vn -0.0387176983 0.983997583 0.17392458
vn -0.0520899929 0.983780265 0.171647757
vn -0.0423812382 0.983978331 0.173177555
vn 0.0375030674 0.995614648 0.0857036486
vn 0.0773874596 0.993160009 0.0874329284
vn 0.169004202 0.982429087 0.0791869685
vn 0.120299019 0.990471721 0.0670363083
vn 0.381573498 0.696567416 -0.607614696
vn 0.298446238 0.723260403 -0.622755349
vn -0.705628633 0.469093919 0.531073689
vn -0.663686812 0.561358094 0.494364947
vn -0.594360769 0.679618299 0.42994678
vn -0.525950134 0.771734834 0.357493699
vn -0.463334918 0.845378757 0.265810788
vn -0.40893364 0.897996306 0.162406325
vn -0.302471995 0.952399611 0.0380220711
vn -0.235534683 0.971728563 -0.0163411777
vn 0.351080269 0.67179805 -0.652249932
vn 0.0823203102 0.996148288 0.0301986318
vn 0.257353514 0.697367847 -0.668915093
vn 0.9813627 0.15546234 0.112954743
vn 0.930464745 0.163866609 -0.327693343
vn 0.890732527 0.328614235 -0.314019442
vn 0.935701847 0.322430909 -0.143179953
vn 0.950552762 0.259670109 0.170355454
vn 0.955637991 0.243221432 0.166130424
vn 0.862204313 0.489944547 0.128678307
vn 0.169425607 0.985531509 -0.00474867271
vn 0.166128144 0.986075461 -0.00752729736
vn 0.418915719 0.906702578 0.0489905737
vn 0.386129081 0.922145128 0.0235078819
vn 0.699549496 0.711256027 0.0688860938
vn 0.666656375 0.739459693 0.0936414599
vn 0.894002676 0.432558507 0.116842821
vn 0.521950483 0.649220586 -0.553245127
vn 0.691369116 0.497205526 -0.524209261
vn 0.868697822 0.0151682589 -0.495110065
vn 0.874848366 0.127598256 -0.467289001
vn 0.809582293 0.339196771 -0.479084641
vn -0.406430393 -0.19809927 -0.891947865
vn -0.0302230697 0.738616705 -0.673447847
vn -0.177455693 0.746267021 -0.641556799
vn -0.499369711 -0.10610833 -0.859866798
vn -0.294458985 0.740475714 -0.604143739
vn -0.521706998 -0.0900669843 -0.848357081
vn -0.291025966 -0.35063833 -0.890144229
vn -0.219246 -0.42690444 -0.877316236
vn 0.124481916 0.732406259 -0.669391811
vn -0.0904624984 -0.523797333 -0.847025931
vn 0.246902078 0.718938053 -0.649743915
vn 0.100740969 -0.645682216 -0.756931901
vn 0.335252076 0.00411848444 -0.942119539
vn 0.215665042 -0.696208417 -0.684676945
vn 0.240222514 -0.706936479 -0.665232241
vn 0.871260941 -0.0275886264 -0.490044147
vn 0.98938179 -0.0526108108 0.135483801
vn 0.86887455 -0.115987018 -0.48125273
vn 0.892553508 -0.198300838 -0.40500024
vn 0.838419616 -0.247929439 -0.485369653
vn 0.774829388 -0.382404 -0.503395021
vn 0.832224309 -0.367081255 -0.415516615
vn 0.678989947 -0.512663007 -0.525499046
vn 0.765394986 -0.469346136 -0.440323561
vn 0.50258112 -0.656084955 -0.562996089
vn 0.615620375 -0.605170667 -0.504757464
vn 0.691261709 -0.546663165 -0.472564071
vn 0.36296612 1.59554438e-05 -0.931802273
vn 0.362966686 1.92282168e-05 -0.931802094
vn 0.362966627 1.93971682e-05 -0.931802213
vn 0.362970561 1.45402128e-05 -0.931800663
vn 0.362971216 1.55571088e-05 -0.931800306
vn 0.362967283 1.28259853e-05 -0.931801915
vn 0.362967163 1.4515138e-05 -0.931801975
vn 0.362960011 1.42600757e-05 -0.931804717
vn 0.362966031 1.79174203e-05 -0.931802392
vn 0.362965107 1.4990178e-05 -0.93180275
vn 0.362965912 1.47733936e-05 -0.931802392
vn 0.362971187 1.8725159e-05 -0.931800425
vn 0.36297214 1.91049076e-05 -0.931800067
vn 0.362968534 2.18875193e-05 -0.931801438
vn 0.362965733 2.33385581e-05 -0.931802392
vn 0.362966061 2.08581951e-05 -0.931802332
vn 0.362967163 2.50356097e-05 -0.931801915
vn 0.3629677 2.50416888e-05 -0.931801736
vn 0.362965196 2.53474809e-05 -0.93180269
vn 0.362963498 2.6565298e-05 -0.931803405
vn -0.0550248325 0.401517719 0.91419673
vn -0.00467051845 0.3202371 0.947326005
vn -0.0573632084 0.295255542 0.953694642
vn -0.0611883588 0.307194293 0.949677706
vn -0.0659074634 0.273909211 0.95949465
vn -0.0725204945 0.271757215 0.959629536
vn -0.0761567056 0.211019158 0.974510729
vn -0.070841521 0.230786726 0.970422089
vn -0.0940295085 0.183693349 0.978475988
vn -0.0860834792 0.152332783 0.984573185
vn -0.0717083216 0.123576552 0.989740729
vn -0.078967452 0.0658459067 0.994700134
vn -0.0883212015 0.00395472581 0.996084154
vn -0.0851088092 0.00670331158 0.996349156
vn -0.0746980682 0.10645736 0.991507471
vn -0.101320028 0.0412729308 0.993997395
vn -0.0918008834 -0.921652079 0.377001286
vn 0.53957206 -0.78795898 0.29661876
vn -0.0873422399 -0.90620786 0.413713336
vn 0.619317889 -0.739402175 0.264063776
vn -0.0480477437 -0.968554318 0.244118646
vn 0.629866004 -0.757223368 0.172863111
vn -0.0328075066 -0.973610103 0.225846946
vn -0.0444253422 -0.948923767 0.312361926
vn -0.0564797856 -0.911902428 0.406502366
vn -0.0715323687 -0.849513471 0.522694886
vn -0.0514800027 -0.78887558 0.612392843
vn -0.00705154147 -0.751792073 0.659362435
vn -0.0140437223 -0.785234272 0.619039357
vn -0.018381482 -0.44465971 0.895510912
vn -0.0357822143 -0.545504212 0.837343872
vn -0.0441715643 -0.744645715 0.66599673
vn -0.0428237841 -0.899574935 0.434662044
vn -0.12341778 -0.426153541 0.89619261
vn -0.0992936343 -0.233245924 0.967335045
vn -0.065900512 -0.308929414 0.948799074
vn -0.183471814 -0.12652494 0.974848449
vn -0.172264114 -0.395277798 0.902264178
vn -0.150770932 -0.632252038 0.759950876
vn -0.0486552529 -0.947597086 0.31574139
vn -0.108040839 -0.81270349 0.572573364
vn -0.0304182768 -0.983674884 0.177365527
vn -0.0322292522 -0.983182311 0.179759935
vn 0.940192163 -0.00638976553 -0.340584457
vn 0.9337551 -0.0870120153 -0.347174823
vn 0.748896241 -0.119826779 -0.651763856
vn 0.877324104 -0.0925889909 -0.47088182
vn 0.942573905 -0.130675718 -0.307373375
vn 0.989734411 -0.0192911029 -0.141610533
vn 0.996070325 -0.087744303 -0.0120274471
vn 0.989275336 -0.0893695876 0.11553105
vn 0.867110312 -0.467223078 0.172691241
vn 0.912207067 -0.396297961 -0.104048893
vn 0.983256519 -0.15424104 0.097037442
vn 0.884878635 -0.329992592 -0.328777462
vn 0.95797658 -0.26142481 0.118059099
vn 0.891850948 -0.438111365 0.112517521
vn 0.681920528 -0.721687257 0.118962064
vn 0.70971936 -0.701727867 0.0622627139
vn 0.365414441 -0.930662692 0.0184218138
vn 0.458788425 -0.886296391 0.0631814748
vn 0.202979192 -0.979182601 0.000942406827
vn 0.0936914086 -0.995493114 -0.014673424
vn 0.0542264394 -0.998205662 -0.0253956709
vn 0.0930483565 -0.995264411 -0.0281189308
vn 0.112100601 -0.993114769 -0.034006916
vn 0.012708731 -0.999385774 -0.0326578543
vn 0.0126951048 -0.999386907 -0.0326266848
vn 0.0127223767 -0.999384582 -0.0326897353
vn -0.924025238 -0.0311026964 -0.381064266
vn -0.940042198 -0.0239297859 -0.340217382
vn -0.9030931 -0.0601365641 -0.425213695
vn -0.940193951 -1.05896663e-06 -0.340639472
vn -0.897288322 -0.0648645163 -0.436653644
vn -0.483288974 0.138420939 -0.864448667
vn -0.519194901 0.147344917 -0.841858685
vn -0.514711916 0.0901203528 -0.852613688
vn -0.32170856 -0.735978723 -0.595683575
vn -0.26379621 -0.749431849 -0.607259095
vn -0.391730338 0.230580091 -0.890718877
vn -0.148519769 -0.757294595 -0.635961235
vn -0.28427279 0.360448122 -0.888406515
vn 2.80303811e-05 -0.74147588 -0.670979619
vn -0.190212637 0.455683649 -0.869581223
vn 0.162468538 -0.731977403 -0.66167444
vn -0.0298533347 0.566407919 -0.823584139
vn 0.155613601 0.675648034 -0.720613718
vn 0.31809485 -0.0169790164 -0.947906792
vn 0.240550905 0.707651615 -0.664352596
vn 0.604050398 -0.256476283 -0.754548252
vn 0.876123965 -0.0801261663 -0.47538048
vn -0.707121551 -0.115652062 -0.697569907
vn 0.45301047 -0.133165091 -0.881503522
vn -0.839689314 -0.161737919 -0.518423259
vn -0.75247848 -0.269082606 -0.601141036
vn 0.639185786 -0.496799409 -0.587053537
vn 0.476691365 -0.549092174 -0.686486185
vn 0.601451814 -0.447015762 -0.662142336
vn 0.539762378 -0.389900833 -0.746079087
vn -0.699632883 -0.0587893575 -0.712079763
vn -0.440147817 -0.188680679 -0.877877891
vn -0.429080158 -0.0933498442 -0.898429751
vn -0.169448599 -0.235239089 -0.957052529
vn -0.152299881 -0.117638476 -0.981308222
vn 0.114730798 -0.262542874 -0.958075225
vn 0.137186006 -0.129313186 -0.9820683
vn 0.429908484 -0.277201295 -0.859265983
vn -0.462371618 -0.287826717 -0.838670611
vn -0.655173063 -0.346752286 -0.67120111
vn -0.715273023 -0.173554555 -0.676951468
vn -0.543432176 -0.31144169 -0.77954185
vn 0.341559738 -0.408934206 -0.846232653
vn 0.232693523 -0.590622842 -0.772669613
vn 0.0751161054 -0.402776092 -0.912211061
vn 0.0131868748 -0.567947984 -0.822958708
vn -0.201346412 -0.359561086 -0.911139667
vn -0.268583924 -0.504729807 -0.82043314
vn -0.505145609 -0.428893596 -0.748917997
vn 0.766859949 -0.126688138 -0.629186749
vn 0.712665796 -0.0494067036 -0.699761748
vn 0.689067066 -0.250325412 -0.680090964
vn 0.635772884 -0.318015486 -0.703320026
vn 0.699067056 -0.363917589 -0.615523577
vn 0.640951097 -0.169984728 -0.748523176
vn 0.063523747 -0.995491683 0.0704355612
vn 0.0607734174 -0.995174408 0.0770350173
vn 0.253465831 -0.925177693 0.282491326
vn 0.224770591 -0.926550508 0.301632673
vn 0.471224844 -0.707126379 0.527180612
vn 0.414444029 -0.706546605 0.573609591
vn 0.615822732 -0.382145077 0.689004779
vn 0.557491124 -0.380066782 0.738073826
vn 0.663369834 -0.0986187607 0.741764605
vn 0.58132273 -0.148972765 0.799919248
vn 0.981160343 -0.186850652 0.049103342
vn 0.931859553 -0.360980749 0.0364799909
vn 0.892919719 -0.381682605 0.238773406
vn 0.0848223045 -0.996131182 0.0229740348
vn 0.351522058 -0.931413352 0.0943470895
vn 0.0780553147 -0.996945262 0.00272387499
vn 0.311329842 -0.950126886 0.0182367675
vn 0.67550528 -0.71430856 0.182909295
vn 0.852042794 -0.522671402 0.0289424881
vn 0.720044494 -0.693442404 0.0259507392
vn 0.567644477 -0.823006272 0.0209887996
vn 0.996967375 -0.0639628917 0.0443258807
vn 0.972961366 -0.0876360387 0.213696063
vn 0.997160733 -0.0232614726 0.071618408
vn 0.94577986 -0.0873719379 0.312836528
vn 0.886104524 -0.0894034207 0.454781085
vn 0.0781251714 -0.996140301 0.0400131755
vn 0.0680225939 -0.996144235 0.0554044321
vn 0.323734164 -0.931493402 0.165879771
vn 0.281177521 -0.931730807 0.229819223
vn 0.62268132 -0.714464486 0.319074303
vn 0.541922748 -0.714364588 0.442722231
vn 0.822811246 -0.381105155 0.421592981
vn 0.716852307 -0.38101241 0.58391124
vn 0.77178818 -0.0919044539 0.629203081
vn 0.690024495 0.711154997 0.134628296
vn -0.0166067574 0.974335551 0.224487156
vn 0.69294399 0.710661769 0.121607319
vn 0.700752199 0.707313895 0.0930239037
vn 0.23449263 0.768046498 -0.595917523
vn 0.57075429 0.194406494 -0.797775567
vn -0.00490309857 0.975437343 0.220223054
vn 0.726470351 0.683443606 0.0717340708
vn -0.0068122847 0.974618733 0.223767877
vn -0.0123725748 0.973100126 0.230050027
vn 0.965890646 0.250113904 0.0670689121
vn 0.989340484 0.128036767 0.0693672895
vn 0.994276762 0.101964414 0.0318908431
vn 0.574193299 0.790234506 0.214082465
vn 0.56245923 0.811288297 0.159533635
vn 0.891919017 0.43908602 0.108092062
vn 0.603547752 0.771908283 0.199719295
vn 0.779753506 0.622626185 0.0657349974
vn 0.606257737 0.773343086 0.185451388
vn 0.948678434 0.303961247 0.0872736871
vn 0.970358789 0.236522242 0.0496092886
vn 0.905209363 0.422029495 0.0498706065
vn 0.991248608 0.127534911 0.0340746492
vn 0.604597628 0.770001531 0.203861043
vn 0.957613587 0.104119636 -0.268580467
vn 0.928691924 0.0863994658 -0.360647142
vn 0.929834366 0.308159649 -0.201111138
vn 0.976999819 0.0590958372 -0.204887614
vn 0.993180633 -0.00269738329 -0.116554707
vn 0.995261848 0.034258768 -0.0909959972
vn 0.982295752 0.180343434 -0.0507094562
vn 0.960839331 0.227631718 -0.158023909
vn 0.865624368 0.50000459 -0.0262642857
vn 0.483631462 0.289636493 -0.825960875
vn 0.477435231 0.437075287 -0.762247145
vn 0.561546564 0.355229795 -0.747313321
vn 0.159851775 0.854340315 -0.49451983
vn 0.136176243 0.908225715 -0.395704538
vn 0.215872034 0.929135561 -0.300177157
vn 0.0474678017 0.991096199 -0.12439882
vn 0.0107316868 0.998527408 -0.0531768128
vn 0.053467229 0.995527565 -0.0778844878
vn 0.125632808 0.953929007 -0.272462487
vn 0.424450725 0.7089535 -0.563228726
vn 0.39648059 0.579387546 -0.712118745
vn 0.331860125 0.694475055 -0.638414621
vn 0.264614016 0.831324875 -0.488751829
vn 0.781547487 0.131521925 -0.609824181
vn 0.704340339 0.0930359662 -0.703739405
vn 0.66884619 0.369565278 -0.645031989
vn 0.52320683 0.0725995824 -0.849107683
vn 0.518159807 0.698054612 -0.494196355
vn 0.269594073 0.927182019 -0.26010102
vn 0.0686048865 0.995525122 -0.0649852753
vn 0.509198189 0.840000689 0.187392771
vn 0.565657377 0.806357086 0.172684565
vn 0.418866992 0.889837205 0.180942252
vn 0.429651856 0.881638408 0.195225626
vn 0.204466 0.734728217 0.64681381
vn 0.0181341134 0.881292224 0.472223759
vn 0.0181341153 0.881292224 0.472223788
vn 0.331465304 0.878290057 0.344582796
vn 0.254633039 0.907488585 0.334105492
vn 0.349107206 0.72619909 0.592249155
vn 0.391813487 0.274952263 0.877999663
vn 0.400768489 0.732616365 0.550143421
vn 0.569952548 0.31589672 0.75852716
vn 0.410767436 0.820864916 0.396800816
vn 0.560801923 0.74545759 0.360269547
vn 0.147028416 0.913833201 0.378538638
vn 0.16491355 0.911333621 0.377193034
vn 0.203597575 0.911329389 0.357808352
vn 0.20202966 0.788884819 0.580383301
vn 0.198818922 0.543115854 0.815779567
vn 0.297424495 0.556557 0.775746703
vn 0.310479134 0.208638385 0.927401066
vn 0.352102041 0.318458945 0.880118191
vn 0.721044183 0.587554336 0.367253751
vn 0.443817526 0.869874835 0.215276137
vn 0.691753983 0.577273607 0.433856517
vn 0.452606469 0.849421501 0.271349251
vn 0.643161416 0.556215763 0.526276886
vn 0.440024108 0.838278949 0.321973979
vn 0.577664375 0.54122144 0.611050963
vn 0.461086392 0.548572361 0.697472453
vn 0.510397077 0.752523065 0.41617763
vn 0.453724504 0.756489754 0.471017271
vn 0.387358606 0.759083629 0.52320677
vn 0.316429496 0.768513799 0.556110501
vn 0.115270622 0.687042296 0.717415869
vn -0.108672492 0.693101943 0.712600887
vn -0.146221578 0.710308254 0.68853581
vn -0.0674390569 0.719418049 0.691295624
vn 0.0530749857 0.720369399 0.691556931
vn 0.164596081 0.722399056 0.671600878
vn 0.258519799 0.723912656 0.639623284
vn 0.282606751 0.698441863 0.657504737
vn 0.0958393291 0.673774064 0.732695997
vn -0.120892316 0.688523233 0.715066969
vn -0.560460806 0.680536866 0.471967429
vn -0.766037285 0.363151193 0.53038466
vn -0.72957468 0.423312753 0.537147224
vn -0.0587587096 0.429093271 0.901346922
vn -0.0659414455 0.410575658 0.909439027
vn -0.068474859 0.346177846 0.93566668
vn -0.0753904507 0.21860595 0.972896576
vn -0.0922675654 0.100637123 0.990635693
vn -0.0905210972 0.000795407104 0.995894194
vn -0.217717841 -0.974611223 -0.0522696525
vn -0.159644485 -0.982545257 0.0954902992
vn -0.0215735678 -0.999759197 -0.00402452424
vn -0.118934669 -0.980138004 -0.158694774
vn -0.330262244 -0.927557647 0.174824759
vn -0.332279652 -0.942462981 -0.0367938355
vn -0.302112162 -0.917593896 -0.25835979
vn -0.261277765 -0.898181617 -0.353558481
vn 0.340849042 0.00140729162 -0.940117061
vn 0.340635508 3.82580001e-05 -0.940195382
vn 0.340635449 3.3194905e-05 -0.94019556
vn 0.340131491 0.000243924529 -0.940377951
vn 0.340604424 0.000203810385 -0.940206707
vn 0.342163533 0.000965237559 -0.939639986
vn 0.343834549 0.000906953937 -0.939029813
vn 0.343828678 0.000663980027 -0.939032078
vn 0.340639591 1.43628295e-05 -0.940193951
vn 0.340635657 1.84712244e-05 -0.940195382
vn 0.340635389 2.15132604e-05 -0.940195501
vn 0.340635628 2.09378049e-05 -0.940195382
vn 0.340639651 2.12231462e-05 -0.940193951
vn 0.34063518 1.93766555e-05 -0.94019556
vn 0.340635628 1.77967304e-05 -0.940195441
vn 0.340640038 2.9955745e-05 -0.940193772
vn 0.340630591 8.45761042e-06 -0.940197229
vn 0.105481029 0.989228368 -0.101493411
vn 0.267367214 0.936148524 -0.228343338
vn 0.0655360967 0.996427 -0.0532753542
vn 0.309508383 0.936225653 -0.166391566
vn 0.0718130991 0.996670961 -0.0385986343
vn 0.340165734 0.936211169 -0.0882944912
vn 0.0789135918 0.996671438 -0.020463068
vn 0.35299933 0.935565352 -0.0104366355
vn 0.0823910609 0.996597171 -0.002367571
vn 0.355651051 0.933670163 0.0420996174
vn 0.0865798891 0.996205568 0.00886289589
vn 0.924031258 0.365933806 0.110718705
vn 0.929056764 0.368880659 -0.0279391482
vn 0.899368286 0.369628459 -0.233477175
vn 0.818397999 0.369598061 -0.440025002
vn 0.701682687 0.372502863 -0.607357323
vn 0.505680561 0.629751205 -0.58966136
vn 0.532354116 0.712045074 -0.457810968
vn 0.615450025 0.715355575 -0.330889136
vn 0.676378131 0.715320408 -0.175583035
vn 0.699576735 0.714250088 -0.0209581945
vn 0.699640512 0.709381938 0.0853254125
vn 0.29242751 0.911532938 -0.28912586
vn 0.510122478 0.66000855 -0.551510453
vn 0.305893838 0.721311271 -0.621400654
vn 0.685260713 0.505584776 -0.524215281
vn 0.871688187 0.093119517 -0.481132567
vn 0.843984187 0.238464087 -0.480443329
vn 0.779353499 0.378350019 -0.499459147
vn -0.590607584 0.0739506483 -0.803563416
vn -0.590607524 0.0739506409 -0.803563297
vn -0.590607524 0.0739506409 -0.803563356
vn 0.909520149 -9.29172347e-06 0.415659964
vn 0.909516335 -8.98824783e-06 0.4156681
vn 0.99307698 -2.36239066e-06 0.117464706
vn 0.993075609 -8.28994644e-07 0.11747662
vn 0.97461015 5.87656132e-06 -0.223908857
vn 0.974609792 5.45547982e-06 -0.223910153
vn 0.90539366 9.42042698e-06 -0.424573153
vn 0.9053936 9.42042607e-06 -0.424573183
vn 0.571805239 1.70482635e-05 -0.82038939
vn 0.571805358 1.71123611e-05 -0.820389271
vn 0.339990109 1.99164515e-05 -0.940428972
vn 0.339989334 1.94435452e-05 -0.94042933
vn 0.0850048661 2.10856924e-05 -0.996380568
vn 0.0850024819 2.01079893e-05 -0.996380806
vn -0.424577534 1.77797738e-05 -0.905391574
vn -0.424573213 1.97225945e-05 -0.90539366
vn -0.424576074 1.84169785e-05 -0.90539223
vn -0.424571812 2.03597901e-05 -0.905394256
vn -0.82039094 1.39410549e-05 -0.571802974
vn -0.820391059 1.3941135e-05 -0.571803033
vn -0.909515798 1.07483911e-05 -0.415669352
vn -0.909520924 8.89490002e-06 -0.415658176
vn -0.993075907 2.31043782e-06 -0.11747466
vn -0.993076563 2.54169936e-06 -0.117469721
vn -0.974610031 -4.06287609e-06 0.223909199
vn -0.97461164 -2.22441895e-06 0.223901823
vn -0.76465404 -1.18192293e-05 0.644441009
vn -0.764653206 -1.26160739e-05 0.644441962
vn -0.33998844 -1.98786693e-05 0.940429688
vn -0.339988679 -1.97141544e-05 0.940429568
vn -0.0850023702 -2.1453483e-05 0.996380746
vn -0.0850056335 -2.01079874e-05 0.996380448
vn 0.424577475 -1.7779772e-05 0.905391634
vn 0.42457673 -1.74662382e-05 0.905391872
vn 0.644438982 -1.42662102e-05 0.764655709
vn 0.64444226 -1.57949053e-05 0.764652908
vn -0.456252545 -0.570158184 -0.683193386
vn -0.488692701 -0.520853281 -0.699922323
vn -0.417196959 -0.698731363 -0.581137896
vn -0.353328764 -0.737030327 -0.576146662
vn -0.517609298 -0.123528562 -0.846652985
vn -0.529525697 -0.305286139 -0.791456223
vn -0.506667316 -0.18641609 -0.841746569
vn -0.521260262 -0.373728603 -0.767212272
vn 0.210835114 -0.69506371 -0.687338948
vn 0.20112294 0.69279319 -0.692522407
vn 0.840893388 0.0715820342 -0.536445916
vn 0.774094105 0.252248615 -0.580645323
vn 0.680209398 0.447957456 -0.580214739
vn 0.269567907 0.962373734 -0.0342048854
vn 0.271965772 0.962089837 0.0204387307
vn 0.0552416965 0.998097122 -0.0273965802
vn -0.113878801 0.992778003 -0.0377280936
vn -0.447029054 0.878927767 -0.166285843
vn -0.0804997087 0.983424842 -0.162466288
vn -0.28461504 0.94519943 -0.159975991
vn -0.680316567 0.692230821 -0.240802616
vn -0.479918182 0.855966985 -0.19235152
vn -0.565627933 0.782181025 -0.26126188
vn -0.921178758 0.0600927435 -0.384471714
vn -0.932373106 0.131005347 -0.336924136
vn -0.652655065 0.69844085 -0.293635547
vn -0.782935441 0.519082963 -0.342877418
vn -0.876626909 0.368197203 -0.309767693
vn -0.871678174 0.305808723 -0.382959843
vn -0.906294644 0.166337341 -0.388538271
vn -0.430436552 0.84949708 -0.305088699
vn -0.419376194 0.621065319 -0.662118912
vn -0.620245576 0.537232935 -0.571556032
vn -0.465378731 0.75005585 -0.469935
vn 0.676878512 0.506917536 -0.533732235
vn 0.670864761 0.492186427 -0.554700851
vn 0.675331056 0.528336644 -0.51457572
vn 0.650615096 0.55811286 -0.514985502
vn 0.653468013 0.615260899 -0.440946221
vn 0.646260023 0.577679634 -0.498632371
vn 0.320813626 0.660356641 -0.678975463
vn 0.059890639 0.692865551 -0.718575299
vn 0.331962705 0.717779577 -0.612040281
vn -0.0323968418 0.806261659 -0.59067136
vn 0.384696364 0.736904383 -0.555860102
vn 0.0976081789 0.852507472 -0.513520718
vn 0.467616022 0.725065649 -0.505583942
vn 0.52842474 0.812240779 -0.247047007
vn 0.612397373 0.68082732 -0.401800573
vn 0.393022835 0.867662013 -0.304459721
vn 0.233677551 0.876816809 -0.420222729
vn 0.188951299 0.972550869 -0.135802224
vn 0.438800037 0.897726417 -0.0392651781
vn 0.425981104 0.797805727 -0.426668644
vn -0.77646786 0.420990527 -0.468897313
vn -0.0864936337 0.96889931 -0.231846943
vn 0.0740961581 0.935322106 -0.345951378
vn -0.271134615 0.883274913 -0.382506877
vn -0.116731189 0.891120315 -0.438495666
vn -0.280948013 0.800660133 -0.529161096
vn -0.187944502 0.672151506 -0.716162801
vn -0.638315618 0.666028738 -0.385951966
vn 0.590038478 0.566908002 -0.574865162
vn 0.594087541 0.567834318 -0.569757998
vn 0.607366562 0.576018572 -0.547090888
vn 0.625804484 0.591983259 -0.507862866
vn 0.5895015 0.73194176 -0.34168601
vn 0.793784976 0.126041472 -0.594994903
vn 0.795849204 0.0191493351 -0.605191946
vn 0.800501585 0.000637454563 -0.599330366
vn 0.776755631 0.214238554 -0.592243612
vn 0.755378783 0.290147036 -0.58755213
vn 0.68111515 0.474871278 -0.557296574
vn 0.732303977 0.374250323 -0.568917871
vn 0.693467438 0.446041673 -0.565817714
vn -0.0767190531 0.996755123 -0.0243622325
vn -0.0409858115 0.999059081 -0.0141794588
vn -0.0684014112 0.996531427 -0.0473966338
vn -0.129604399 0.990558147 -0.0446905643
vn -0.0950578004 0.994207382 -0.0501562394
vn -0.453819513 0.667269588 -0.590592206
vn -0.429467589 0.68329972 -0.590473533
vn 0.995493233 -0.0275099147 -0.0907543153
vn 0.754867315 -0.0869676173 -0.650086045
vn 0.705039024 -0.236923888 -0.668421268
vn 0.60713917 -0.415624857 -0.677228272
vn 0.454929739 -0.560842395 -0.691733181
vn 0.282384813 -0.670154154 -0.686405241
vn 0.204899237 0.783159196 -0.587092876
vn -0.0433864407 0.972828805 0.227424115
vn -0.0105897654 0.979610085 0.200628623
vn 0.0301160067 0.989866734 0.138769269
vn -0.00652573956 0.988169849 0.153224096
vn -0.0302576162 0.980614543 0.193596318
vn -0.050634332 0.974694014 0.217733234
vn 0.258416027 0.740932524 -0.61987108
vn 0.232555047 0.768588364 -0.595978141
vn -0.380461335 0.895011365 -0.232816771
vn 0.297840685 0.95239979 -0.0650036559
vn 0.339172751 0.939263165 -0.0524070412
vn 0.584547997 0.804497778 -0.105295114
vn 0.623185396 0.780353785 -0.0518451184
vn 0.913336039 0.405962676 0.031807933
vn 0.723799288 0.641329527 -0.254580021
vn 0.79756695 0.443261623 -0.409153044
vn 0.799160659 0.576907337 -0.168879241
vn 0.890561521 0.38915062 -0.235503465
vn 0.858215153 0.510785162 -0.0506471209
vn 0.953573406 0.290290773 -0.0801804513
vn 0.972462296 0.233053029 -0.0018723734
vn 0.989047289 0.095454812 0.112578429
vn 0.988388717 0.0968035087 0.117119223
vn 0.986864448 0.0929673314 0.132119864
vn 0.983020961 0.122512698 0.136603191
vn 0.98320806 0.10365174 0.150193989
vn 0.981371582 0.104553565 0.161178604
vn -0.41232717 0.693784475 -0.590465367
vn 0.388746291 0.921344757 -0.00037551776
vn 0.0214254949 0.997574568 -0.0662253946
vn 0.416414559 0.906546235 0.0690848231
vn -0.355233163 0.720946729 -0.595017076
vn 0.137723014 0.987381101 -0.0781731084
vn 0.0782733858 0.994348824 -0.0717194751
vn 0.199764609 0.978007197 -0.0599672087
vn 0.346838593 0.937775671 -0.016729122
vn 0.862270832 -0.0112803271 -0.506321847
vn 0.981779218 -0.101153225 0.160865411
vn 0.989022553 -0.0961183161 0.112230211
vn 0.988211393 -0.0945495814 0.120410249
vn 0.98675108 -0.0932510495 0.132765159
vn 0.98234725 -0.106261507 0.153955936
vn 0.984724045 -0.107367478 0.137079492
vn 0.895323575 -0.439732552 0.0709294602
vn 0.855736375 -0.512766838 -0.0691769347
vn 0.639882922 -0.767447472 -0.0396777093
vn 0.974008918 -0.223871678 0.0344712026
vn 0.33560589 -0.941320896 -0.0358281061
vn 0.365633875 -0.927947938 -0.0722807646
vn 0.62880373 -0.767946184 -0.121919759
vn 0.79142791 -0.58151257 -0.188374281
vn 0.810106874 -0.530193388 -0.250243455
vn 0.798489034 -0.439055711 -0.411880165
vn 0.865217686 -0.435455829 -0.248548925
vn 0.943184376 -0.316331595 -0.101674043
vn 0.996245861 -0.0181293599 0.0846493617
vn 0.997496009 -0.0075147613 0.0703236535
vn 0.985063434 -3.67831922e-06 0.172191516
vn 0.998440564 0.000599040941 0.0558220893
vn 0.997754335 0.0064621754 0.0666683614
vn 0.996232629 0.0171868727 0.0850016028
vn 0.996603251 0.0264492296 0.0779896826
vn 0.995450437 0.0360895507 0.0881810337
vn 0.99666208 0.0782337412 0.0233290885
vn 0.997069001 -0.0749669075 0.0152767207
vn 0.995470047 -0.0349644795 0.088413395
vn 0.996869862 -0.0257583354 0.0747457147
vn 0.340183169 -0.940242469 -0.0148155401
vn 0.388731122 -0.921351135 -0.000427217601
vn 0.0265435595 -0.996667206 -0.0771355256
vn 0.284263492 -0.957877159 -0.0408107787
vn -0.363140225 -0.71693933 -0.59508574
vn 0.410164654 -0.90955323 0.0669159293
vn 0.0680007637 -0.993504345 -0.0912422463
vn 0.134634838 -0.987570465 -0.0811048448
vn 0.199734882 -0.978034496 -0.0596193969
vn 0.118961468 -0.083377637 0.989391863
vn 0.279226184 -0.0534118265 0.958738685
vn 0.142759234 -0.350749999 0.925523758
vn -0.0099154925 -0.0987512842 0.995062768
vn -0.140835956 -0.417061567 0.897900343
vn -0.0332211964 -0.358355522 0.932994068
vn -0.109031774 -0.621125579 0.776089549
vn -0.0343599804 -0.677426398 0.734787643
vn -0.0890121013 -0.707191765 0.701396167
vn -0.0659656003 -0.799479246 0.59706074
vn -0.0338700004 -0.902934372 0.428441644
vn -0.029205896 -0.904656112 0.425140351
vn 0.00587297091 -0.970010459 0.242992267
vn -0.0126778167 -0.984467387 0.175109595
vn 0.0347013921 -0.992159307 0.120065108
vn 0.00289847725 -0.97967875 0.200552061
vn 0.0388545804 -0.900240242 0.433656394
vn 0.0946202949 -0.677236021 0.729656458
vn -0.149275541 -0.128079101 0.980465472
vn 0.41035679 -0.0585446954 0.910043776
vn 0.267235786 -0.40763405 0.873166442
vn 0.212800682 -0.676314414 0.705205441
vn 0.0984265953 -0.899263382 0.426189661
vn 0.0165988971 -0.979694605 0.19980675
vn 0.019534234 -0.978050828 0.207448959
vn 0.131959692 -0.894500971 0.427147001
vn 0.277743578 -0.667348981 0.691016495
vn 0.384172589 -0.346021563 0.855967581
vn 0.4433994 -0.0769041479 0.893018842
vn -0.0519046299 -0.983768463 0.171771958
vn -0.0421474874 -0.982049346 0.183855072
vn -0.0585454069 -0.953384578 0.296024233
vn -0.0480042547 -0.981035709 0.187788218
vn -0.049871102 -0.966069162 0.253423005
vn -0.0379103273 -0.983511269 0.176828533
vn -0.0425346084 -0.983941913 0.173347235
vn 0.633291364 -0.76045996 0.143675953
vn -0.0227811113 -0.979213297 0.201549783
vn 0.00383475679 -0.983649373 0.180053473
vn 0.125745162 -0.98420471 0.124615863
vn 0.152262986 -0.985320628 0.0771964639
vn 0.0767895728 -0.992547691 0.0946169421
vn 0.128530398 -0.988668442 0.0775544122
vn 0.309797734 -0.71860522 -0.622600853
vn 0.382381767 -0.696070194 -0.607676208
vn -0.0427346341 -0.998950481 -0.0164869204
vn -0.413384765 -0.693657875 -0.589874506
vn -0.0768382773 -0.996745467 -0.0243819356
vn -0.43115443 -0.682060301 -0.590677202
vn 0.348746151 -0.671144843 -0.654171824
vn 0.0838692337 -0.996025145 0.0299976729
vn 0.0728231296 -0.997161984 0.0190980695
vn 0.258077323 -0.691990852 -0.674199462
vn 0.0456041321 -0.99203068 0.117453843
vn 0.126228437 -0.984140396 0.124635883
vn -0.783883631 -0.140366629 -0.604833603
vn -0.91364193 -0.29249832 -0.282317668
vn -0.778391361 -0.168016702 -0.604877949
vn -0.893302202 -0.356823325 -0.273291469
vn -0.766750813 -0.209180102 -0.606907606
vn -0.687240481 -0.695627511 -0.209291384
vn -0.956407964 -0.0529924184 -0.287185848
vn -0.95533818 -0.101765066 -0.277439862
vn -0.79005295 -0.0744516551 -0.608500838
vn -0.945061743 -0.163794518 -0.282895088
vn -0.785275459 -0.116240293 -0.608136892
vn -0.938364506 -0.204907462 -0.278361201
vn -0.926555336 -0.251038313 -0.280134112
vn -0.790180624 -0.0416937433 -0.611454248
vn -0.794566214 0.00130628271 -0.607176125
vn -0.957710385 0.00515283877 -0.287687689
vn -0.763732314 0.207159087 -0.611390352
vn -0.684173644 0.698871374 -0.208531171
vn -0.893343985 0.356110662 -0.274083346
vn -0.775096714 0.166635573 -0.609473288
vn -0.914061904 0.291460633 -0.282031149
vn -0.781985998 0.144146279 -0.606399059
vn -0.925117433 0.25285092 -0.283238679
vn -0.786172092 0.116488948 -0.606929779
vn -0.936049283 0.205544114 -0.285593033
vn -0.790137231 0.0786424428 -0.607863903
vn -0.944090784 0.161399648 -0.28747651
vn -0.950034261 0.115066834 -0.29016304
vn -0.792945445 0.0381963626 -0.608094215
vn -0.956781507 0.0480439216 -0.28681162
vn 0.0854420513 -0.964415014 0.250206888
vn 0.0309231952 -0.900688469 0.433363765
vn -0.025468193 -0.796598136 0.603972554
vn -0.0697101131 -0.640818894 0.764520586
vn -0.158037588 -0.410129845 0.898230314
vn -0.215691969 -0.117407054 0.969377458
vn 0.0860159844 -0.963553429 0.253310382
vn 0.0272890087 -0.899328649 0.436421037
vn -0.0323356278 -0.794262826 0.606713116
vn -0.0852628946 -0.664357305 0.742536008
vn -0.172290847 -0.399681151 0.900317132
vn -0.233508959 -0.107344672 0.966411233
vn 0.368566006 -0.0868115872 0.925539136
vn 0.236987218 -0.0813823491 0.968098104
vn 0.325601578 -0.347299367 0.879412711
vn 0.210165814 -0.344508648 0.914955854
vn 0.232055202 -0.660832405 0.713758349
vn 0.142667949 -0.655357301 0.741722763
vn 0.10681811 -0.885908127 0.45139426
vn 0.0553803146 -0.880892515 0.470065176
vn 0.00544862123 -0.975236475 0.22109744
vn -0.00794115104 -0.971523881 0.236808434
vn -0.176403672 -0.1433433 0.973824561
vn -0.230207548 -0.0878779665 0.969165683
vn -0.202141181 -0.339926749 0.9184708
vn -0.0956170559 -0.109216683 0.989408433
vn -0.106918797 -0.39038074 0.914424002
vn -0.149361193 -0.642111421 0.751920462
vn -0.101534434 -0.633450389 0.767092705
vn -0.0965751112 -0.875307977 0.473824054
vn -0.105056137 -0.783237636 0.612782121
vn -0.0514053516 -0.958881021 0.279114246
vn -0.110688522 -0.876591921 0.468331724
vn -0.044772204 -0.962026298 0.269260049
vn -0.0514159799 -0.295969576 0.95381254
vn -0.0366783962 -0.643598258 0.764484227
vn 0.0183146447 -0.648649931 0.760866523
vn -0.00272109639 -0.0652900785 0.997862637
vn 0.0488819554 -0.318131983 0.946785331
vn 0.126438692 -0.077827692 0.988916636
vn 0.131827235 -0.32771787 0.935533285
vn 0.0192545485 -0.880776703 0.47314021
vn 0.0752587467 -0.652485251 0.754055083
vn -0.0397524275 -0.878616035 0.475871474
vn -0.0143227465 -0.87664485 0.480924755
vn -0.027919773 -0.967638612 0.250790656
vn -0.142091766 -0.0736148059 0.987112343
vn -0.185171708 -0.0363332853 0.982034266
vn -0.208150357 -0.0112425573 0.978032231
vn -0.0469362773 -0.146231323 0.988136351
vn 0.090464212 -0.34541586 0.93407917
vn -0.127517805 -0.136858091 0.98234874
vn -0.0250745863 -0.300615907 0.953415573
vn -0.191697419 -0.00847741496 0.981417477
vn -0.192320526 0.0182400104 0.981162608
vn -0.184328392 -0.00693318713 0.98284024
vn -0.00114484516 -0.967405319 0.253230542
vn 0.523640871 -0.830704927 0.189022437
vn 0.525717795 -0.832423866 0.17518951
vn -0.0231871363 -0.957021832 0.289087445
vn -0.0414072722 -0.965197206 0.258224636
vn -0.0375036336 -0.966363132 0.254432142
vn 0.0160093587 -0.920913219 0.389438808
vn 0.590892315 -0.785183251 0.185293198
vn 0.535169005 -0.826053977 0.176717222
vn -0.00994451996 -0.967601299 0.252287388
vn -0.00255534938 -0.699183524 0.714937687
vn 0.0550191924 -0.453000873 0.889810741
vn 0.140344635 -0.741103292 0.656558633
vn 0.131643414 -0.784524918 0.605962574
vn 0.0844393522 -0.837512493 0.539854407
vn 0.0640633404 -0.883931339 0.463207632
vn 0.0728213564 -0.496713877 0.864853919
vn 0.152196303 -0.557911456 0.815825403
vn 0.146342859 -0.563866794 0.812796414
vn 0.13988179 -0.602720916 0.785595596
vn 0.178637117 -0.683677554 0.70758307
vn -0.0254910216 -0.147702664 0.988703251
vn 0.129846826 -0.105963208 0.985855758
vn 0.704406857 -0.708526254 -0.0424431786
vn 0.617114544 -0.786154985 0.0336147137
vn 0.476689517 -0.878981471 -0.012600814
vn 0.841334224 -0.332462817 -0.426175028
vn 0.742843091 -0.584058344 -0.327200234
vn 0.848225474 -0.10849379 -0.518403828
vn 0.988516986 -0.151095286 0.00212636404
vn 0.988516927 -0.151095256 0.0021263638
vn 0.487802893 -0.847043872 -0.211104423
vn 0.618348002 -0.770128191 -0.156679377
vn 0.666253448 -0.664362848 -0.338715643
vn 0.738396287 -0.390470237 -0.549821615
vn 0.305572599 -0.952037752 -0.0157959126
vn 0.296559274 -0.946378827 -0.128139362
vn 0.100161731 -0.994576931 -0.0280045662
vn 0.851998925 -0.480612099 -0.207629517
vn -0.00935777929 -0.322808325 0.946418166
vn -0.0554636642 -0.401867479 0.914016664
vn -0.0525787361 -0.299010992 0.952800035
vn -0.0907071829 -0.0437067039 0.994918108
vn -0.0763880014 -0.0669847131 0.994825542
vn -0.0842157453 -0.128263652 0.988157988
vn -0.0756559297 -0.105875783 0.991497099
vn -0.0969148651 -0.181855828 0.978537679
vn -0.0670498386 -0.146552235 0.986927927
vn -0.0832981914 -0.205450282 0.975116253
vn -0.0665580183 -0.225500122 0.971966803
vn -0.0624407679 -0.273379475 0.959877491
vn -0.0702657849 -0.275077403 0.95885092
vn -0.0639119297 -0.308005035 0.949235559
vn -0.0326881409 -0.923923314 0.381178796
vn -0.136665046 -0.700818181 0.700126112
vn -0.222817004 -0.366302878 0.903423965
vn -0.254175276 -0.0945162028 0.962528765
vn -0.235181883 -0.971868873 -0.0126605146
vn -0.29990077 -0.953098834 0.0407689214
vn -0.428356022 -0.887098908 0.171949506
vn -0.518168688 -0.78316468 0.343735665
vn -0.59703511 -0.669460833 0.442008346
vn -0.668125927 -0.548696399 0.502533555
vn 0.66184628 0.0958996564 0.743480146
vn 0.586551249 0.157715335 0.794407666
vn 0.616206348 0.382218152 0.688621163
vn 0.576712906 0.365710497 0.730519116
vn 0.470232338 0.707731664 0.527254641
vn 0.414554358 0.704726398 0.575765133
vn 0.252383143 0.925142884 0.283572733
vn 0.221676409 0.926925242 0.302769184
vn 0.0634067953 0.995446384 0.0711758286
vn 0.0595215783 0.995253444 0.0769927949
vn 0.917775691 0.395189941 0.0388936661
vn 0.990392387 0.133406132 0.0364090428
vn 0.961102247 0.0881201401 0.261757791
vn 0.998590171 0.0260817893 0.0462327488
vn 0.997685492 0.00811654422 0.0675116852
vn 0.640106082 0.767728269 0.0292844251
vn 0.771646798 0.635054469 0.035593383
vn 0.677712917 0.712883472 0.180283859
vn 0.892579794 0.379224449 0.243906036
vn 0.418337494 0.907940269 0.0252634287
vn 0.352700412 0.931376159 0.09022668
vn 0.157946974 0.987321019 0.015807189
vn 0.0835687295 0.996302307 0.0199452192
vn 0.022977734 0.999735236 0.00123290485
vn 0.0781316534 0.996137738 0.0400647074
vn 0.323739052 0.931485713 0.165913537
vn 0.622669101 0.714467645 0.319091409
vn 0.822802663 0.381070673 0.421640664
vn 0.884226501 0.0925675556 0.457793355
vn 0.0687820166 0.996096134 0.0553304143
vn 0.282210439 0.931685925 0.228732795
vn 0.541973591 0.714950621 0.441712916
vn 0.716501832 0.381109983 0.58427757
vn 0.776902437 0.101437196 0.621396124
vn -0.0208114907 -0.974441469 0.223675489
vn 0.730295122 -0.680357635 0.0615020469
vn 0.570739329 -0.194599584 -0.797739089
vn 0.231848031 -0.765424907 -0.600309312
vn -0.00897994358 -0.976054192 0.217342168
vn -0.00887131225 -0.97392118 0.226712719
vn 0.704240501 -0.703343809 0.0967101529
vn -0.00677984813 -0.972825289 0.2314412
vn 0.693208992 -0.710632026 0.120263822
vn 0.689381301 -0.711897314 0.133999035
vn 0.986617565 -0.149966836 0.0639974624
vn 0.994255126 -0.101920053 0.0326960981
vn 0.585661173 -0.787624717 0.191437125
vn 0.822450697 -0.566447675 0.0520751663
vn 0.91618067 -0.397793829 0.0487145782
vn 0.95190233 -0.295828879 0.0797951594
vn 0.991638303 -0.123562299 0.0372261293
vn 0.973888874 -0.221982688 0.0475839935
vn 0.893275976 -0.442201108 0.0807235688
vn 0.560969412 -0.809465468 0.173432618
vn 0.584393919 -0.785750449 0.202682063
vn 0.610765219 -0.766411841 0.1989443
vn 0.60086149 -0.772637784 0.204930499
vn 0.877663374 -0.479037434 -0.0151655171
vn 0.997166872 -0.0372285917 -0.0653619841
vn 0.98148632 -0.184031919 -0.0530743115
vn 0.987961233 -0.0342218839 -0.15086922
vn 0.957456052 -0.271284848 -0.0983988568
vn 0.963270068 -0.0630610213 -0.261025101
vn 0.926881433 -0.326800495 -0.184641257
vn 0.94297713 -0.084633559 -0.321918219
vn 0.914058208 -0.0942136943 -0.394488722
vn -0.0722605512 0.054025054 0.995921493
vn -0.0981935933 -0.0162390862 0.995034814
vn -0.0878968984 0.121673837 0.988670588
vn -0.0853927657 0.202186301 0.975617051
vn -0.0685095564 0.292352676 0.953853428
vn -0.0744143873 0.253086984 0.964577317
vn -0.0695471391 0.473276228 0.878164411
vn -0.069603689 0.470444888 0.879680097
vn -0.0695328712 0.442721128 0.893959284
vn -0.0692823976 0.402851224 0.912639499
vn -0.0741631091 0.345620602 0.93543905
vn -0.0214971546 0.999761343 -0.00390132051
vn -0.166340485 0.982916176 0.0787818655
vn -0.173960462 0.984000981 -0.0384702906
vn -0.135382563 0.979170442 -0.151317105
vn -0.326216072 0.930144966 0.1685628
vn -0.321698219 0.946435332 -0.0277552363
vn -0.300895125 0.918843269 -0.255321503
vn -0.270068079 0.894325256 -0.356714964
vn 0.0862338543 -0.996163726 0.0148791252
vn 0.263907224 -0.713520646 -0.649030924
vn 0.346895546 -0.705854654 -0.617602348
vn 0.355198145 -0.933667004 0.0458289497
vn 0.830071568 -0.301725954 -0.468980402
vn 0.924815655 -0.36449191 0.108912133
vn 0.699112296 -0.709896743 0.0853730142
vn 0.471037835 -0.663719893 -0.581032813
vn 0.598123491 -0.585101664 -0.547635257
vn 0.709498525 -0.477562487 -0.518214226
vn 0.272341341 -0.93491137 -0.227532119
vn 0.308862925 -0.892213702 -0.329482287
vn 0.105562173 -0.989185512 -0.101826563
vn 0.704001307 -0.369650573 -0.606416225
vn 0.817296505 -0.369562 -0.442097485
vn 0.898704529 -0.358628869 -0.252419204
vn 0.931608498 -0.362777323 -0.0223215818
vn 0.065538533 -0.996409774 -0.053594552
vn 0.0717979074 -0.99666208 -0.038857583
vn 0.309203058 -0.936169028 -0.167275354
vn 0.0788854733 -0.996666014 -0.0208306201
vn 0.339897126 -0.936176598 -0.0896852016
vn 0.082519345 -0.996584952 -0.00298091304
vn 0.352676094 -0.935667515 -0.0120765939
vn 0.0833316445 -0.996484876 0.00858242996
vn 0.69939518 -0.714347422 -0.0235400945
vn 0.675693452 -0.715302229 -0.178272545
vn 0.61464566 -0.71530503 -0.33248955
vn 0.53267169 -0.714426577 -0.453713238
vn 0.487964898 -0.660041988 -0.571169734
vn 0.340635389 1.90349019e-05 -0.94019556
vn 0.340636551 2.72737961e-05 -0.940195024
vn 0.340635329 2.04141161e-05 -0.940195382
vn 0.340634763 2.02378633e-05 -0.940195739
vn 0.34063679 2.11428578e-05 -0.940194964
vn 0.340628266 2.5251511e-05 -0.940198064
vn 0.340620607 2.62651356e-05 -0.940200865
vn 0.340635598 1.75440855e-05 -0.940195382
vn 0.340635568 1.61169173e-05 -0.940195382
vn 0.340635061 2.18714704e-05 -0.94019556
vn 0.340650111 4.49701038e-05 -0.940190136
vn 0.340664655 6.24069871e-05 -0.940184832
vn 0.340635389 1.72539731e-05 -0.940195501
vn 0.340628684 3.22694141e-05 -0.940197825
vn 0.340634316 2.10908238e-05 -0.940195918
vn 0.340634972 2.2717004e-05 -0.94019562
vn -0.59060818 -0.0739555806 -0.803562462
vn -0.59060812 -0.0739555731 -0.803562462
vn -0.59060818 -0.0739555731 -0.803562462
vn -0.993075132 4.89613103e-06 -0.117480718
vn -0.993076742 2.5867007e-06 -0.11746683
vn -0.909515858 8.47909359e-06 -0.415669292
vn -0.909519017 8.23064147e-06 -0.415662378
vn -0.64444232 1.64393059e-05 -0.764652967
vn -0.644439638 1.7968101e-05 -0.764655173
vn -0.424577773 2.07008561e-05 -0.905391514
vn -0.424578428 2.03872951e-05 -0.905391157
vn 0.0850068256 2.18947534e-05 -0.996380329
vn 0.0850035474 2.05492797e-05 -0.996380627
vn 0.339988977 1.99299629e-05 -0.940429389
vn 0.339987844 1.98272082e-05 -0.940429747
vn 0.571803153 1.7424476e-05 -0.82039094
vn 0.571805358 1.85714052e-05 -0.82038933
vn 0.905393541 1.14036775e-05 -0.424573153
vn 0.905392945 1.07353217e-05 -0.424574673
vn 0.974611402 6.86241037e-06 -0.223903075
vn 0.974609792 4.84177053e-06 -0.223910436
vn 0.993076026 -2.82553287e-06 0.117472962
vn 0.993075669 -3.01925661e-06 0.117476821
vn 0.90951997 -8.93494871e-06 0.415660203
vn 0.909515381 -7.26170401e-06 0.415670216
vn 0.820391953 -1.05580284e-05 0.571801603
vn 0.820391417 -1.01634669e-05 0.571802437
vn 0.424571812 -1.7807406e-05 0.905394256
vn 0.424576104 -1.97501322e-05 0.90539223
vn 0.424573183 -1.84445798e-05 0.9053936
vn 0.424577534 -2.03873024e-05 0.905391574
vn -0.0850024745 -2.18947662e-05 0.996380687
vn -0.0850057527 -2.05492815e-05 0.996380448
vn -0.339988828 -1.99299702e-05 0.940429509
vn -0.339991301 -1.92666612e-05 0.940428615
vn -0.764652789 -1.31163688e-05 0.644442499
vn -0.764654636 -1.24575545e-05 0.644440353
vn -0.974609911 -2.64663208e-06 0.223909527
vn -0.974609733 -2.38398957e-06 0.223910555
vn -0.523553669 0.323047966 -0.788372636
vn -0.440066904 0.654987156 -0.614274383
vn -0.383845717 0.738314092 -0.554576218
vn -0.515155792 0.223206908 -0.827522337
vn -0.517294526 0.125745252 -0.846519113
vn -0.519577086 0.125030071 -0.845226109
vn -0.473530114 0.563559592 -0.676882327
vn -0.504728615 0.466564476 -0.72633779
vn -0.52627629 0.362662852 -0.769096196
vn 0.202317119 -0.693940341 -0.691024303
vn 0.210899577 0.696173728 -0.686195016
vn 0.69642055 -0.42650649 -0.577140093
vn 0.773563027 -0.271918148 -0.572416663
vn 0.83727783 -0.0961651504 -0.538254619
vn -0.876074791 -0.368285984 -0.311220914
vn -0.932168007 -0.131360352 -0.337353259
vn -0.91219455 -0.145764887 -0.382953823
vn -0.921163082 -0.060183242 -0.38449508
vn -0.44339928 -0.883853912 -0.148994446
vn -0.687331259 -0.687051177 -0.235661566
vn -0.444610476 -0.867473125 -0.22318545
vn 0.271501392 -0.961816251 0.0345905721
vn -0.109111466 -0.993450403 -0.0339253172
vn -0.00578676071 -0.998836696 -0.0478711687
vn -0.279016346 -0.941677868 -0.188129172
vn -0.874345362 -0.307762027 -0.375236899
vn -0.763604999 -0.537711322 -0.357454926
vn -0.59728986 -0.745039463 -0.296919584
vn 0.394247025 -0.863339245 -0.314983636
vn 0.55242312 -0.790647864 -0.264016241
vn 0.443129241 -0.895815432 -0.0339287035
vn 0.185917273 -0.972525358 -0.14010413
vn -0.0703838691 -0.963013411 -0.260098636
vn 0.182638451 -0.897946894 -0.400418162
vn -0.627267122 -0.657724202 -0.417054981
vn 0.692492604 -0.528909862 -0.490620494
vn 0.704923391 -0.566665411 -0.426583439
vn 0.671391189 -0.492784888 -0.553531289
vn 0.630021632 -0.740037143 -0.235409915
vn -0.796540022 -0.45062834 -0.403060883
vn -0.616234243 -0.549084604 -0.56458962
vn -0.420638442 -0.622853458 -0.659633994
vn -0.138458535 -0.685578406 -0.714710772
vn -0.473970979 -0.743268669 -0.472126275
vn -0.284846455 -0.787187099 -0.546990812
vn -0.0791240558 -0.78808099 -0.610465229
vn 0.66515094 -0.665102601 -0.339430213
vn 0.652717829 -0.557554483 -0.512925327
vn 0.481826693 -0.712580204 -0.509973049
vn 0.336578012 -0.810619116 -0.479178369
vn 0.600466609 -0.559016407 -0.571787238
vn 0.353712678 -0.700751305 -0.619544148
vn 0.146220684 -0.749085367 -0.646135211
vn 0.598365247 -0.567162156 -0.565938294
vn 0.608385146 -0.569396436 -0.552860856
vn 0.628455162 -0.591321409 -0.505354524
vn 0.105400875 -0.859099805 -0.500837386
vn -0.112873711 -0.884841859 -0.452011615
vn -0.288057446 -0.878448665 -0.38124907
vn -0.486528248 -0.820119858 -0.301153839
vn 0.724461138 -0.384424567 -0.572165847
vn 0.748811066 -0.280293852 -0.60059756
vn 0.769052982 -0.217412472 -0.601073503
vn 0.779575825 -0.1321899 -0.61219883
vn 0.773803473 -0.0724038333 -0.62927407
vn 0.681460857 -0.446236521 -0.580072522
vn 0.514388978 -0.688170731 0.511688232
vn 0.438699156 -0.689246953 0.576612353
vn 2.64885566e-05 -1 3.07304836e-05
vn 1.34340407e-05 -1 -2.02822648e-05
vn 3.19253331e-06 -1 -1.95495286e-05
vn 0.710526466 -0.688467503 -0.145480394
vn 1.00801071e-06 -1 -2.17288889e-05
vn 0.630407929 -0.689436197 -0.356740236
vn 0.673615158 -0.692708671 -0.257676661
vn 4.10135726e-06 -1 -2.16009921e-05
vn 0.380526721 -0.680242717 -0.626473665
vn 0.542963207 -0.679710686 -0.49313724
vn 0.696782351 -0.695522547 0.175335959
vn 2.91318665e-05 -1 -7.87887438e-06
vn 0.71559459 -0.691800654 0.0966245532
vn 0.727399707 -0.686128318 -0.0108432453
vn 0.365477294 -0.695193648 0.618976653
vn 0.287063479 -0.691887319 0.662485063
vn 9.83575319e-06 -0.99999994 5.99914456e-05
vn 0.673398018 -0.686372221 0.27464202
vn 0.621932805 -0.690911055 0.368566751
vn 0.572147429 -0.695887446 0.434036911
vn 3.60064064e-06 -1 -2.06541772e-05
vn -4.67145901e-06 -1 -1.22948932e-05
vn 0.245525852 -0.695869863 -0.674894154
vn -0.10533838 -0.686089396 0.719850779
vn 1.73692661e-05 -0.99999994 1.51764407e-05
vn 0.0196548142 -0.6826967 0.730437517
vn 0.168312088 -0.68732357 0.706581473
vn -0.18351157 -0.710613906 0.679228425
vn -0.245740861 -0.747172713 0.617530763
vn -1.3744168e-06 -1 -2.45977008e-05
vn -0.250966817 -0.810493648 0.529259503
vn 1.69877489e-06 -1 -2.12425111e-05
vn -0.229563475 -0.861110508 0.453640133
vn 2.49250797e-06 -1 -2.29966663e-05
vn 2.70179476e-06 -0.99999994 -1.55227826e-05
vn -0.156978428 -0.843745768 0.51327461
vn 0.0416854322 -0.994167626 0.0994644389
vn 0.0586402416 -0.994773626 0.0835867375
vn 0.163697883 -0.927337348 0.33652395
vn 0.495203108 -0.426661402 0.75679183
vn 0.504278064 -0.257110357 0.824377298
vn 0.278905869 -0.793094337 0.541491389
vn 0.371565342 -0.653552175 0.659400284
vn 0.439845562 -0.486507088 0.754881978
vn 0.412553161 -0.372315586 0.831373036
vn 0.638407886 -0.0816294849 0.765357375
vn 0.59644872 -0.0738404617 0.799247444
vn 0.735480547 -0.0855714232 0.672120512
vn 0.849034607 -0.0970181152 0.519353092
vn 0.924462199 -0.0958990604 0.369016141
vn 0.954790592 -0.145628229 0.259166777
vn 0.993669212 -0.027981244 0.108805574
vn 0.990437627 -0.128396973 -0.0504734442
vn 0.989186883 -0.107438423 -0.0998310819
vn 0.99003011 -0.0821181834 0.114441395
vn 0.996739447 -0.0365053639 -0.0719568655
vn 0.991165519 -0.0645357221 -0.115870968
vn 0.999118567 -0.0195138808 0.0371637568
vn 0.998775005 0.0414313376 0.02705344
vn 0.999375284 -0.0279318672 -0.0216516927
vn 0.998476624 -0.0120566804 0.0538417213
vn 0.999238908 0.0128713446 0.0368224829
vn 0.993293285 -0.102162585 -0.0541406684
vn 0.85087508 -0.0752058849 -0.519957304
vn 0.732028306 -0.188968018 -0.654542387
vn 0.572632849 -0.0984117314 -0.813883722
vn 0.697874308 -0.048047509 -0.714606822
vn 0.949897587 -0.091672875 -0.29881525
vn 0.881189167 -0.161196724 -0.44443357
vn -4.93888479e-07 1 2.29127836e-05
vn 1.06047155e-05 1 3.16684454e-05
vn 2.40523586e-05 1 3.48876092e-05
vn 6.44030979e-06 1 3.2991833e-05
vn 3.07097835e-05 1 1.36631024e-05
vn 8.72961863e-08 1 1.88082795e-05
vn 0.0316431336 0.999444187 0.0104915788
vn 1.12465398e-06 1 1.95611719e-05
vn 0.0483775325 0.997832477 -0.0446094275
vn -5.19344269e-07 0.99999994 1.65233214e-05
vn 9.5241046e-07 1 2.10729977e-05
vn 1.71575664e-06 1 2.75929397e-05
vn 2.69272073e-06 1 2.42555489e-05
vn 9.80826258e-07 0.99999994 2.38283901e-05
vn 0.017545091 0.993039608 -0.116466992
vn 0.0117482729 0.993140042 -0.116339386
vn 8.16892953e-06 1 -0.000156754046
vn 8.03592557e-05 1 6.43530147e-05
vn 2.96491598e-05 1 2.62927497e-05
vn -0.000183480282 1 -3.97711628e-05
vn 5.05706066e-06 0.99999994 2.06509903e-05
vn -1.99064698e-06 0.99999994 2.35780517e-05
vn 4.55257322e-07 1 2.36066899e-05
vn -4.12351255e-06 1 1.56958267e-05
vn 3.4470844e-07 0.99999994 1.70155054e-05
vn -4.70392706e-06 1 1.38412252e-05
vn 1.2328991e-05 1 8.49363369e-06
vn 4.80490689e-06 1 1.97465579e-05
vn -6.42215036e-06 1 2.96568087e-05
vn -9.73831561e-07 1 3.50959999e-05
vn 0.182146221 0.983179152 0.0134736123
vn 0.234972745 0.968423486 0.0833296552
vn 0.337928206 0.941087127 0.012628221
vn 0.438321412 0.884439766 0.160127088
vn 0.966697156 0.0249295644 0.254705995
vn 0.928899348 0.0369106717 0.368488252
vn 0.952940524 0.163347095 0.255386293
vn 0.918364763 0.151350155 0.365649283
vn 0.911663294 0.335032493 0.237956464
vn 0.872082651 0.350929707 0.341057301
vn 0.825798929 0.526982009 0.200863153
vn 0.770308733 0.565442502 0.294786543
vn 0.704874516 0.692669988 0.152840257
vn 0.620503604 0.74909538 0.232015803
vn 0.559951603 0.822977364 0.0957202315
vn 0.438426256 0.8974756 0.0481643602
vn -0.11577785 -0.540924728 -0.833064198
vn -0.275665581 -0.374710351 -0.885212183
vn -0.244819164 -0.320777476 -0.914967418
vn -0.488064915 -0.342332393 -0.802870631
vn -0.485239059 -0.353448004 -0.799760878
vn -0.25059405 -0.119955011 -0.960631788
vn -0.233265549 -0.0884053111 -0.968386114
vn -0.0100573599 -0.11377731 -0.99345541
vn 0.00629774714 -0.0628959239 -0.998000205
vn -0.240869954 -0.0408478715 -0.969697475
vn 0.00679033529 6.04550805e-05 -0.999976993
vn -0.2580446 -0.203584746 -0.94443959
vn -0.246001959 -0.160964951 -0.955810249
vn -0.0246706512 -0.289257973 -0.95693326
vn -0.0110895699 -0.167537481 -0.985803425
vn -0.00707301497 -0.206972674 -0.978321135
vn -0.0342722796 -0.224822223 -0.973796904
vn -0.025130799 -0.67933929 -0.733393788
vn -0.115577839 -0.66173172 -0.740778565
vn 0.00431061909 -0.752482533 -0.658598065
vn -0.127504691 -0.711210966 -0.691318691
vn 0.000851689489 -0.828924537 -0.559359848
vn -0.0261124708 -0.854802132 -0.518296719
vn -0.129670143 -0.791781068 -0.596882164
vn -0.0246768948 -0.903868973 -0.427097112
vn -0.173474073 -0.813465416 -0.555140376
vn -0.288718671 -0.450167865 -0.844979584
vn -0.302618951 -0.509474456 -0.805516958
vn -0.31766963 -0.557772219 -0.766795993
vn -0.339211792 -0.598077774 -0.72611177
vn -0.362149656 -0.646150827 -0.671815991
vn -0.195887342 -0.867515504 -0.457214326
vn -0.384678692 -0.677542508 -0.626864016
vn -0.542151988 -0.0862183422 -0.835845411
vn -0.535330236 -0.101005293 -0.838581741
vn -0.470082015 -0.314201146 -0.824803412
vn -0.535422385 -0.0790748224 -0.840874612
vn -0.456460178 -0.290728152 -0.84090507
vn -0.532253385 -0.0740413368 -0.843341172
vn -0.44560656 -0.264854789 -0.855153024
vn -0.52840507 -0.0673662499 -0.846315503
vn -0.436395258 -0.227328137 -0.870563745
vn -0.238496944 6.48531932e-05 -0.971143305
vn -0.469025195 -0.00544136856 -0.883168101
vn -0.477515668 2.15444925e-05 -0.878623247
vn -0.234535322 -0.8916924 -0.387140512
vn -0.0847326443 -0.973310292 -0.213277578
vn -0.0695646331 -0.987932563 -0.13838388
vn -0.0207665041 -0.931435347 -0.363313526
vn -0.0772747546 -0.928403616 -0.363449067
vn -0.0345575772 -0.969722927 -0.241750568
vn -0.0120739108 -0.339330912 -0.940589547
vn -0.0366135724 -0.363283187 -0.930959165
vn -0.245686725 -0.289145678 -0.92522043
vn -0.0254959483 -0.415100515 -0.909418166
vn -0.027882548 -0.535914302 -0.84381187
vn 0.0132514024 -0.651404798 -0.758614719
vn -0.525059581 -0.0669545308 -0.848427594
vn -0.522882998 -0.0507410988 -0.850892901
vn -0.417080194 -0.196606174 -0.887350082
vn -0.483551145 -0.0987410918 -0.869728982
vn -0.486331135 -0.0810048208 -0.870011687
vn -0.47886318 -0.0666104779 -0.87535882
vn -0.479258358 -0.054877419 -0.875956595
vn -0.476081729 -0.0461677313 -0.878188312
vn -0.475569308 -0.032171376 -0.879089892
vn -0.467066914 -0.0293562096 -0.883734524
vn -0.47602126 -0.0123506803 -0.879347026
vn -0.48507911 -0.344356924 -0.803813696
vn -0.420224011 -0.575916588 -0.70123601
vn -0.285199702 -0.830212533 -0.478965968
vn -0.097492598 -0.981131911 -0.166959003
vn -0.257754743 -0.911786497 -0.319699526
vn -0.498342156 -0.461359799 -0.734031379
vn -0.384842843 -0.911727607 -0.14369671
vn -0.424249262 -0.788721442 -0.444894344
vn -0.412115157 -0.877276659 -0.246062607
vn -0.475405306 -0.673621297 -0.565883517
vn -0.489895523 -0.596547723 -0.635714769
vn -0.502193213 -0.524448395 -0.687572479
vn -0.415740401 -0.763988376 -0.493438631
vn -0.430349171 -0.792054534 -0.432954192
vn -0.431538731 -0.82993567 -0.353526711
vn -0.401676893 -0.726202369 -0.557929933
vn -0.279074639 -0.934751272 -0.219903156
vn -0.0465468056 -0.998674393 -0.0219745561
vn -0.15069598 -0.985302269 -0.0804371759
vn -0.2097743 -0.977744639 -0.00317586935
vn -0.31856668 -0.936820805 -0.14450641
vn -0.274710476 -0.958148777 0.0805299506
vn -0.351608783 -0.928954899 -0.115819462
vn -0.305044383 -0.941357791 0.144199237
vn -0.376666188 -0.926108062 -0.021129746
vn -0.335056245 -0.929094136 0.156592697
vn -0.386867791 -0.921317577 0.0388221107
vn -0.372240096 -0.905920088 0.201856479
vn -0.198563233 -0.85762769 0.47439149
vn -0.169790417 -0.862029374 0.477573514
vn -0.274522841 -0.912180066 0.304244369
vn -0.165278763 -0.869774818 0.464945912
vn -0.318089545 -0.908746004 0.270184577
vn -0.20131059 -0.962750435 0.180515096
vn -0.200005472 -0.968349099 0.149324089
vn -0.0495697744 -0.998020887 0.0386931598
vn -0.103224166 -0.913466394 0.393603772
vn -0.348549306 0.677295208 0.647907853
vn -0.411903322 0.575142503 0.706786275
vn -0.0364439934 0.998705387 0.0354886241
vn 7.29455996e-06 1 4.66031543e-06
vn 3.6241031e-06 1 1.47308911e-05
vn -3.09214329e-06 1 3.23857312e-05
vn 1.49883431e-06 1 1.73038025e-05
vn -3.94064155e-05 1 0.000113261201
vn -0.0194192957 0.999660015 0.0173992664
vn 3.52820689e-06 0.99999994 2.57608335e-05
vn -0.39218989 0.689539254 0.608870149
vn 1.98047155e-06 1 2.38617558e-05
vn -0.536404848 0.672565997 0.50982821
vn -4.08005292e-07 1 2.18671757e-05
vn -0.688187003 0.670191944 0.277923286
vn 3.89609841e-06 0.99999994 2.36399701e-05
vn -0.74158746 0.670607686 -0.0182619542
vn 3.00339707e-06 1 2.61795412e-05
vn -0.673018396 0.670988977 -0.311159313
vn 6.72260239e-06 0.99999994 1.19369288e-05
vn -0.493884504 0.671318054 -0.552639425
vn -6.69919018e-06 1 1.56971473e-05
vn -0.233698994 0.671615362 -0.703077257
vn -4.05725086e-06 1 1.98927501e-05
vn 0.0425199233 0.675530195 -0.736105382
vn 9.18206752e-06 1 1.85180452e-05
vn 8.43521138e-06 1 1.77106558e-05
vn 1.63117111e-05 1 8.79136951e-06
vn -2.52028622e-06 1 2.35909883e-05
vn 4.55536428e-06 0.99999994 1.81749529e-05
vn 3.89113939e-06 1 1.86654233e-05
vn -0.547008455 -0.00327692367 0.837120712
vn -0.542999685 -0.625460386 0.560312986
vn -0.367699206 -0.688127339 0.625522256
vn -0.577869773 -0.672000408 0.463122159
vn -0.639278293 -0.687111855 0.345254391
vn -0.669839978 -0.696118176 0.258329093
vn -0.718135297 -0.684744179 -0.124125458
vn -0.717400432 -0.69621098 -0.0250347182
vn -0.723639846 -0.686835468 0.0678400546
vn -0.710811079 -0.683678865 0.165320367
vn -0.692822874 -0.686584711 -0.220449746
vn -0.650113761 -0.696261764 -0.304255873
vn -0.478859544 -0.696196496 -0.534793317
vn -0.551793277 -0.686375499 -0.473722458
vn -0.612392783 -0.685780406 -0.393294156
vn -0.230796054 -0.696097016 -0.67983973
vn -0.322975963 -0.686155558 -0.651825845
vn -0.410409093 -0.686822832 -0.599865675
vn 0.119995311 -0.684598207 -0.718975961
vn -0.0306259468 -0.68291676 -0.729853988
vn -0.144189298 -0.687874734 -0.711363316
vn -5.38355052e-05 -1 1.8716577e-05
vn -0.000148518084 -0.99999994 -0.000187320737
vn -0.0719836131 -0.856568754 0.51098758
vn -6.63432866e-06 -1 -8.92817043e-05
vn 2.22514677e-06 -0.99999994 -1.87281257e-05
vn 8.55071903e-07 -0.99999994 -1.90481842e-05
vn -2.00214163e-06 -1 -1.87518726e-05
vn -1.58226754e-07 -1 -1.98765247e-05
vn 6.2462459e-06 -1 -1.57902778e-05
vn 1.58861582e-08 -1 -2.25270232e-05
vn -1.71634456e-05 -1 3.5621124e-05
vn -0.0846723467 -0.925314069 0.369627446
vn 8.77200932e-07 -1 -1.88523682e-05
vn -2.29096713e-06 -1 -2.74038393e-05
vn -1.73784008e-06 -1 -2.8560351e-05
vn 5.2295286e-07 -1 -3.60839767e-05
vn -0.0962755382 -0.776562452 0.622641027
vn -0.174089476 -0.730641365 0.66019392
vn -0.264949769 -0.701545596 0.661540091
vn -0.458862722 -0.343658686 0.819355607
vn -0.488624543 -0.366167307 0.791939139
vn -0.699932337 -0.267878264 0.66206938
vn -0.484633684 -0.261924058 0.834581316
vn -0.467740536 0.145162627 0.871863902
vn -0.475127786 0.100280695 0.874183953
vn -0.519078553 0.572150528 0.634981394
vn -0.510737956 -0.145000532 0.847420514
vn -0.489017397 0.189852849 0.851362348
vn -0.296708077 0.853780508 0.427812129
vn -0.453358918 0.368730575 0.811482191
vn -0.463283956 0.389590293 0.795981944
vn -0.303924114 0.87861073 0.368338466
vn -0.440815151 0.449998289 0.776648879
vn -0.152676791 0.977311134 0.146807969
vn -0.290660292 0.910374045 0.29450947
vn -0.450615942 0.779387116 0.435317099
vn -0.558574319 0.625944614 0.544231594
vn -0.70477283 0.0831582472 0.704542518
vn -0.721285999 -0.239674285 0.649848342
vn -0.727399528 -0.254137397 0.63741982
vn -0.737301469 -0.0579189509 0.67307651
vn -0.715683639 0.181161121 0.674520254
vn -0.553296506 0.556927621 0.6194309
vn -0.658383965 0.405541122 0.634087443
vn -0.514127553 0.546561003 0.661017478
vn -0.671524525 0.0712634996 0.737547576
vn -0.638050973 0.302767634 0.707970917
vn -0.695750296 -0.00868563168 0.718231261
vn -0.706872404 -0.255529583 0.659572601
vn -0.700351596 -0.257934779 0.665565491
vn -0.615440488 0.000624331762 -0.788183033
vn -0.616332769 0.00281932717 -0.787480772
vn -0.616021454 0.0164776538 -0.787557065
vn -0.615221143 0.0220814962 -0.788045287
vn -0.61315757 0.0745487735 -0.786435127
vn -0.613203824 0.0737233832 -0.786477029
vn -0.611558437 0.0662994608 -0.788416505
vn -0.613684714 0.0654970184 -0.786829889
vn -0.614123523 0.0606847554 -0.786873281
vn -0.614012659 0.0609565303 -0.786938846
vn -0.612193584 0.0614707246 -0.788314819
vn -0.610019445 0.0583173744 -0.790237486
vn -0.608210564 0.0555875003 -0.791826963
vn -0.611249149 0.0584855266 -0.789274395
vn -0.609871984 0.0482124165 -0.791032076
vn -0.613609195 0.0553135611 -0.787670135
vn -0.610725403 0.0412240438 -0.790768683
vn -0.615408242 0.0477264486 -0.786762297
vn -0.611805558 0.0326797776 -0.790332735
vn -0.616419196 0.0394433364 -0.786429703
vn -0.616106868 0.0293894261 -0.787114143
vn -0.60159874 0.0619470477 -0.796392739
vn -0.602427363 0.0643672943 -0.795574069
vn -0.605526626 0.0652576387 -0.793145061
vn -0.605820179 0.0581075959 -0.79347676
vn -0.609260678 0.065128684 -0.790290952
vn -0.605450273 0.0608001389 -0.793557346
vn -0.605469704 0.0645122454 -0.793249488
vn -0.602824986 0.0635887086 -0.795335412
vn -0.602258325 0.0634474456 -0.795775831
vn -0.600830734 0.0329370201 -0.798697531
vn -0.600559533 0.0276903696 -0.799100459
vn 0.909359157 0.00274092681 -0.41600278
vn 0.85711503 -0.00239193649 -0.515119433
vn 0.769454598 -0.0007982307 -0.638700962
vn 0.626462817 0.00209143711 -0.77944845
vn 0.458083481 0.00163512735 -0.888907731
vn 0.330509603 -8.83799294e-05 -0.943802595
vn -0.0381898545 -0.00917465333 0.999228477
vn -0.144491538 -0.00723736221 0.989479542
vn 0.962921679 0.0048651197 -0.269737214
vn 0.997369528 -0.000346411281 -0.0724834874
vn 0.749669611 -0.00344050815 0.661803365
vn 0.995577157 -0.00423532166 0.0938519612
vn 0.975462556 -0.00237109466 0.220152676
vn 0.941808283 -0.00576705532 0.336100966
vn 0.881766319 -0.004669277 0.471663237
vn 0.815952599 -1.32873256e-05 0.578118742
vn 0.647642493 -0.00511237746 0.761927128
vn 0.123060748 -0.00317887589 0.99239403
vn 0.536030114 -1.92464031e-05 0.844198942
vn 0.451963484 0.00238457415 0.892033219
vn 0.317183912 0.0044480525 0.948353708
vn -0.627568901 0.496762484 -0.599486709
vn -0.579398513 0.549111485 -0.60230726
vn -0.582802236 0.788328111 -0.197180882
vn -0.635279477 0.739997268 -0.220961794
vn -0.299932331 0.411464065 -0.860661328
vn -0.597826779 0.743068039 -0.30075407
vn -0.246803701 0.316723496 -0.915846229
vn -0.751100719 0.592980981 -0.290208906
vn -0.787806571 0.533584058 -0.307650417
vn -0.503068864 0.836421549 -0.217532977
vn -0.211834773 0.525191665 -0.824196517
vn -0.473002434 0.863885105 -0.173121929
vn -0.395608664 0.907601774 -0.140544847
vn -0.293958217 0.948560536 -0.117564745
vn -0.0846730247 0.995221674 -0.0486250855
vn -0.125797331 0.990800858 -0.0498861223
vn -0.177077323 0.981921256 -0.0668903142
vn -0.517556965 0.607644916 -0.602413774
vn -0.228461549 0.968812048 -0.0959615633
vn -0.658116341 0.458358139 -0.597319484
vn -0.686172068 0.410919338 -0.600260913
vn -0.719640255 0.339916348 -0.605454147
vn -0.74652046 0.266856998 -0.609503567
vn 0.0685803071 0.0224161725 -0.997393727
vn -0.12408787 2.04030403e-05 -0.992271304
vn -0.170917183 0.017747093 -0.985125482
vn -0.552749872 0.0211494658 0.833078742
vn -0.38034144 -1.93196556e-05 0.924846172
vn -0.344565809 0.0170987919 0.938606381
vn 0.990135074 2.9211119e-06 -0.140115872
vn 0.968279481 0.0109376395 -0.249630556
vn 0.999937475 -9.89997829e-07 0.0111834677
vn 0.998923421 0.00473249191 0.0461464338
vn 0.982589006 0.000800619891 0.185791031
vn 0.924832523 0.016267132 0.38002646
vn 0.947797656 -8.98370945e-06 0.318872511
vn 0.898436904 0.00359874964 0.439087719
vn 0.804703534 0.0065602446 0.593640506
vn 0.644317269 0.023070924 0.764410257
vn 0.647940338 -2.81174034e-05 0.761691153
vn 0.443056732 0.00394946197 0.896484852
vn 0.175680295 0.0230285786 0.984177947
vn 0.260630012 0.00157485693 0.965437472
vn -0.246501669 0.00242650067 0.969139338
vn -0.0570672862 0.00510089332 0.998357296
vn 0.127687171 -2.1374939e-05 0.991814435
vn -0.6872558 0.0161780752 0.72623533
vn -0.76355952 0.0114777619 0.645635426
vn -0.7860955 -1.18240378e-05 0.618105173
vn -0.967434824 0.00638209283 0.253039628
vn -0.952051103 0.0138583547 0.305624872
vn -0.883277833 0.016653128 0.46855396
vn -0.998782575 0.000734566769 -0.049324628
vn -0.999983668 1.22927656e-06 0.00571788568
vn -0.988940954 -1.27389569e-06 0.148309991
vn -0.926191866 0.0115871411 -0.376874506
vn -0.644279003 0.0232852921 -0.764436066
vn -0.809247434 0.0043736496 -0.587451577
vn -0.906541526 0.0019026543 -0.422112465
vn -0.956394911 0.00599680562 -0.292014956
vn -0.987511575 0.00748851476 -0.157368571
vn -0.249026701 0.00101777026 -0.968496084
vn -0.424234599 0.00452457136 -0.905541062
vn -0.635378361 6.85520936e-05 -0.772201002
vn 0.232809409 0.0168186836 -0.972376943
vn 0.335440934 0.0160316695 -0.94192487
vn 0.376219571 2.0016163e-05 -0.92653048
vn 0.539952755 0.00572575349 -0.841675818
vn 0.764423192 0.0224974137 -0.644322157
vn 0.691065133 0.00323849148 -0.722785354
vn 0.961047232 0.00278574019 -0.276370257
vn 0.889679432 0.00534876296 -0.456554443
vn 0.789367437 1.209739e-05 -0.613921106
vn -0.0731417239 0.995047569 -0.0673100129
vn -0.0559744984 0.997590959 -0.0409790389
vn -0.109047554 0.986715734 -0.120419018
vn -0.131773129 0.97736752 -0.165494397
vn -0.0485953689 0.981576681 -0.184785351
vn -0.222025573 0.96137923 -0.162648693
vn -0.0995578617 0.991415679 -0.0847532377
vn -0.267289519 0.938982308 -0.216491178
vn -0.307662338 0.898665786 -0.312639982
vn -0.452442378 0.858358681 -0.241901398
vn -0.585854769 0.731632531 -0.348551333
vn -0.643436372 0.643143296 -0.415158272
vn -0.618758917 0.635147691 -0.462303847
vn -0.0582294315 0.721770465 -0.689678729
vn -0.346898526 0.715805829 -0.606039226
vn -0.00439509051 0.770141304 -0.637858272
vn -0.345115542 0.749059677 -0.565512836
vn -0.0408444777 0.827850819 -0.559459269
vn -0.327489793 0.820813 -0.467992008
vn -0.193296984 0.884813011 -0.423960179
vn -0.0261672791 0.931738615 -0.362185866
vn 0.110539712 0.871832252 -0.477168083
vn 0.0894289464 0.859161377 -0.503829539
vn 0.0954107344 0.847691774 -0.521838546
vn 0.167946741 0.797569811 -0.579375744
vn 0.189617306 0.714021206 -0.673957765
vn 0.190785438 0.681274414 -0.706729293
vn 0.272437871 0.64692384 -0.712226927
vn -0.0382600725 0.961483002 -0.272188753
vn -0.0531811677 0.946032047 -0.319679707
vn -0.061103072 0.972189128 -0.226085827
vn 0.0540486164 0.907762706 -0.415987283
vn 0.682302833 0.678565562 0.272050858
vn 0.519043326 0.830197275 0.203387603
vn 0.482697397 0.854653955 0.191232502
vn 0.283137143 0.953179717 0.106216282
vn 0.254653007 0.961862087 0.0998655483
vn 0.0689774975 0.997282803 0.0258668084
vn 0.0688809231 0.997264326 0.0268185697
vn 0.931075335 0.0394892432 0.362683356
vn 0.931267977 0.0649845973 0.358492672
vn 0.912137866 0.195340618 0.360342175
vn 0.894428432 0.291627258 0.33904469
vn 0.83111459 0.447327912 0.33037281
vn 0.778280795 0.553371906 0.296746641
vn 0.655148327 0.710229516 0.257594168
vn 0.913324833 0.267151535 -0.307356179
vn 0.975762129 0.187871501 -0.112217017
vn 0.716240346 0.695634663 0.0556081235
vn 0.388966471 0.909043491 -0.149483114
vn 0.0835794806 0.979020059 -0.185834259
vn 0.0554765686 0.985623479 -0.159588709
vn 0.435964763 0.84476757 -0.310326368
vn 0.143323109 0.937426627 -0.317316502
vn 0.11918471 0.956336439 -0.266862571
vn 0.233480632 0.785154521 -0.573601961
vn 0.268318534 0.844270349 -0.463910073
vn 0.133532614 0.906397045 -0.400765926
vn 0.487930328 0.721436322 -0.491379261
vn 0.52992481 0.602657914 -0.596643269
vn 0.27844432 0.668581665 -0.689541399
vn 0.571550906 0.486140788 -0.661057234
vn 0.321828127 0.544021428 -0.774898291
vn 0.42209965 0.425371259 -0.800556779
vn 0.623262644 0.307216406 -0.719139695
vn 0.37784341 0.354294389 -0.855400383
vn 0.409735024 0.146370023 -0.900384903
vn 0.412853777 0.176895469 -0.893453777
vn 0.641415775 0.144015983 -0.753555059
vn 0.438883275 0.230454892 -0.868488371
vn 0.412471682 0.283792585 -0.865637898
vn 0.684167981 0.00185095111 -0.729322016
vn 0.445146859 0.00504240766 -0.89544338
vn 0.464387894 0.0604952462 -0.883563399
vn 0.971407175 0.00229341094 -0.237408772
vn 0.981537759 0.0602104142 -0.181544438
vn 0.977078497 0.128685743 -0.169580415
vn 0.945804 0.316104978 -0.0743800998
vn 0.980777144 0.170282125 -0.0952910632
vn 0.929943621 0.367633134 -0.00711992243
vn 0.918510258 0.389806867 0.0662535504
vn 0.912329733 0.388623208 0.128943726
vn 0.863436401 -0.000650200178 -0.504457355
vn 0.857560277 0.111241713 -0.502210736
vn 0.845490396 0.233345807 -0.480307847
vn 0.821044326 0.354288816 -0.447622448
vn 0.795875251 0.471984029 -0.379227847
vn 0.773928106 0.557566702 -0.300257534
vn 0.729983985 0.659701049 -0.17865549
vn 0.701330662 0.711396575 -0.0452785604
vn -0.00338656385 0.998360872 -0.0571329035
vn -0.395680696 0.700113952 -0.594371259
vn -0.028637521 0.998640835 -0.0435461886
vn 0.771631002 -0.550698757 0.318302512
vn 0.894228339 -0.284936011 0.345206112
vn 0.851294696 -0.408236206 0.329606652
vn 0.929695308 -0.0672316179 0.362141579
vn 0.936809599 -0.0346456803 0.348120004
vn 0.92703414 -0.137873605 0.348709673
vn 0.670516551 -0.685955226 0.282618284
vn 0.70049566 -0.659920871 0.271680593
vn 0.537396014 -0.816859007 0.209635004
vn 0.500056088 -0.84345305 0.196292922
vn 0.314697266 -0.942016423 0.116493657
vn 0.351119578 -0.926440895 0.135728851
vn 0.214144647 -0.973015726 0.0859211758
vn 0.101263039 -0.994133711 0.0379988104
vn 0.0659205914 -0.997416496 0.0285453815
vn 0.0129505759 -0.999903738 0.00499270856
vn 0.247804865 -0.815714717 -0.522687733
vn 0.240345404 -0.752103746 -0.613656223
vn 0.50184232 -0.712706149 -0.490106314
vn 0.981665492 -0.0623530298 -0.180124834
vn 0.911191463 -0.392758548 0.124381982
vn 0.093283996 -0.96579057 -0.241964519
vn 0.383749187 -0.909971654 -0.157124415
vn 0.716323912 -0.695411146 0.0573007688
vn 0.917549908 -0.391901404 0.0671978667
vn 0.929849029 -0.367845953 -0.00836943556
vn 0.945400834 -0.317072928 -0.075379014
vn 0.428156704 -0.785426974 -0.446974665
vn 0.428156674 -0.785426974 -0.446974635
vn 0.98167032 -0.16267705 -0.0992953479
vn 0.480224907 -0.235730663 -0.844875813
vn 0.410445184 -0.185425818 -0.892833591
vn 0.642679989 -0.145308644 -0.752228677
vn 0.410114855 -0.14881064 -0.899811745
vn 0.434972823 -0.0754304081 -0.897278607
vn 0.528122842 -0.602958679 -0.597935796
vn 0.290103525 -0.694923699 -0.657967269
vn 0.325953126 -0.573595524 -0.751493752
vn 0.572752893 -0.479032367 -0.665193379
vn 0.470707655 -0.423457265 -0.774027288
vn 0.401055962 -0.333313763 -0.853261888
vn 0.231402323 -0.862410247 -0.450223893
vn 0.437461823 -0.844685555 -0.308437079
vn 0.133225113 -0.909566879 -0.393623173
vn 0.147803336 -0.943106055 -0.297834009
vn 0.824364722 -0.355820924 -0.440243304
vn 0.7985726 -0.467362076 -0.379281521
vn 0.773269832 -0.558140039 -0.300887823
vn 0.729744911 -0.659468055 -0.180482864
vn 0.702992737 -0.709518313 -0.0488347933
vn 0.606817007 -0.316913396 -0.728929937
vn 0.856602013 -0.111737065 -0.503733814
vn 0.845175445 -0.234284863 -0.480405062
vn 0.976902664 -0.128442854 -0.170773551
vn 0.952849746 -0.250236958 -0.171635866
vn 0.96129477 -0.222824812 -0.16205366
vn -0.401523888 -0.696716964 -0.594444275
vn -0.0206622556 -0.999141335 -0.0359094217
vn -0.00528045651 -0.99851799 -0.0541655123
vn 0.195718765 -0.785600603 -0.586963177
vn -0.0420306288 -0.97379005 0.223531201
vn -0.0508396514 -0.974816978 0.217134163
vn -0.0224378072 -0.98122108 0.191576868
vn -0.00982296653 -0.989016712 0.147476673
vn 0.0128396023 -0.988620579 0.149881527
vn 0.00178145932 -0.9800089 0.198945999
vn 0.239959896 -0.768114209 -0.593649626
vn 0.242238879 -0.752737224 -0.612133145
vn 0.215338632 -0.779302478 -0.588486969
vn 0.273701012 0.671129584 -0.688964963
vn 0.39255023 0.604951918 -0.69277513
vn 0.538005292 0.51370126 -0.668327212
vn 0.619229674 0.437890798 -0.651771605
vn 0.675468564 0.342024744 -0.653269827
vn 0.992384613 0.0574593619 -0.10895405
vn 0.747258961 0.155663803 -0.646043897
vn 0.721968293 0.251586109 -0.644566655
vn -0.453288466 -0.667890608 -0.590298057
vn -0.0695051402 -0.994699299 -0.0757791772
vn -0.117747791 -0.991602421 -0.0534793623
vn -0.0933796689 -0.994646013 -0.0442653559
vn -0.518912375 -0.795071006 -0.313993603
vn -0.303734094 -0.868834496 -0.390988648
vn -0.320793957 -0.905629933 -0.277354658
vn -0.756075442 -0.562630773 -0.334359765
vn -0.794398308 -0.508311212 -0.332492113
vn -0.61959821 -0.645303845 -0.446856767
vn 0.139255449 -0.698696017 -0.7017349
vn 0.301540107 -0.638992667 -0.707645357
vn 0.146184161 -0.713614583 -0.685116351
vn -0.0222117286 -0.739555061 -0.672729492
vn -0.0532023534 -0.803397059 -0.593062103
vn -0.17008318 -0.752258241 -0.636536956
vn -0.323308438 -0.739279389 -0.590709507
vn -0.329895914 -0.789697945 -0.517248392
vn -0.471684217 -0.706504226 -0.527603745
vn -0.617724001 -0.679783046 -0.395363301
vn -0.287373245 -0.946890831 -0.144271642
vn -0.429537266 -0.888791978 -0.159832895
vn -0.291935295 -0.933543682 -0.208014101
vn -0.483024716 -0.85220325 -0.201089114
vn -0.564531505 -0.793050051 -0.228857771
vn -0.673090756 -0.695660949 -0.251007318
vn -0.727012515 -0.625220478 -0.28381744
vn -0.200804576 -0.975178957 -0.093293421
vn -0.296544433 -0.949624777 -0.101361394
vn -0.201121941 -0.971762598 -0.123399049
vn -0.145455107 -0.985760748 -0.0843711048
vn -0.189122006 -0.980691552 -0.0497684628
vn -0.136441886 -0.98873657 -0.0615115687
vn -0.0943884104 -0.994272649 -0.050127089
vn -0.22555761 -0.95878613 -0.172780082
vn -0.146430299 -0.976742029 -0.156631023
vn -0.0574139506 -0.996874392 -0.0542683378
vn -0.0754579231 -0.993868291 -0.0808204934
vn -0.119308546 -0.988816857 -0.0894792974
vn -0.0331958421 -0.988091826 -0.150241673
vn -0.103145987 -0.983481586 -0.148744747
vn 0.153281629 -0.85460794 -0.496134967
vn -0.0873393789 -0.893363297 -0.440764964
vn 0.0738951489 -0.835005343 -0.54525733
vn 0.192436635 -0.758919656 -0.622100532
vn -0.0156593081 -0.968679786 -0.2478192
vn -0.117314667 -0.966519773 -0.228203237
vn -0.0392138511 -0.952686191 -0.301415682
vn -0.00788439717 -0.940804005 -0.338859379
vn 0.0429370515 -0.910658896 -0.410922021
vn 0.124895029 -0.873848498 -0.469883084
vn -0.378791481 -0.896943629 -0.228055298
vn -0.479688823 0.0443459935 -0.876317263
vn -0.478939295 0.0316335261 -0.877277792
vn -0.472559273 0.0264341794 -0.88090235
vn -0.477288127 0.0115488665 -0.878670931
vn -0.469434977 0.00560300378 -0.882949293
vn -0.481517255 0.0544255339 -0.874745071
vn -0.475621164 0.0676640943 -0.877044022
vn -0.749541938 -0.262562722 -0.607657552
vn -0.484578222 0.0813308135 -0.870958805
vn -0.727134466 -0.324188858 -0.605125546
vn -0.483407557 0.0989687294 -0.869782925
vn -0.698202252 -0.385688245 -0.603123665
vn -0.522799015 0.0508571975 -0.850937545
vn -0.663950682 -0.442503363 -0.602793753
vn -0.525155187 0.0661928877 -0.848428369
vn -0.61697185 -0.509610593 -0.599702239
vn -0.528666615 0.0675950721 -0.846133888
vn -0.560821772 -0.573742747 -0.596907079
vn -0.532218814 0.0744084939 -0.843330622
vn -0.505269349 -0.624043524 -0.596047461
vn -0.535241723 0.0791852549 -0.840979218
vn -0.535324812 0.101069137 -0.838577569
vn -0.542223811 0.0863586962 -0.835784435
vn 0.0974863097 -0.673592627 0.732645452
vn -0.12088713 -0.688559175 0.715033174
vn 0.281216592 -0.697409093 0.659194767
vn 0.258559376 -0.723968089 0.639544606
vn 0.160054594 -0.724499106 0.670435369
vn 0.0539544523 -0.722269058 0.689504325
vn -0.0612547584 -0.723949552 0.687128007
vn -0.148199692 -0.708803833 0.689662218
vn -0.106422454 -0.694067299 0.712000489
vn 0.0963998958 -0.679816902 0.727018595
vn 0.349731088 -0.726862669 0.591065884
vn 0.352105677 -0.318472028 0.880112052
vn 0.292785406 -0.145704061 0.945011735
vn 0.319416702 -0.886775732 0.334068447
vn 0.11986161 -0.913772404 0.388140738
vn 0.303010941 -0.563354671 0.768645525
vn 0.212028846 -0.732151091 0.647301018
vn 0.221587017 -0.793056071 0.56741637
vn 0.24302423 -0.90914017 0.338235706
vn 0.197016209 -0.914020836 0.354613155
vn 0.160468772 -0.911355853 0.379051983
vn 0.546426117 -0.814572453 0.194653958
vn 0.562708735 -0.739533722 0.369389683
vn 0.395280838 -0.898511648 0.190865844
vn 0.417629331 -0.890680373 0.179650158
vn 0.488976359 -0.851262093 0.190407351
vn 0.651128471 -0.549226582 0.523814738
vn 0.438514173 -0.841495335 0.315580338
vn 0.452245206 -0.849067032 0.273055583
vn 0.69588238 -0.573482752 0.432279199
vn 0.443725199 -0.869967163 0.215093344
vn 0.70859921 -0.587255359 0.391175568
vn 0.383860856 -0.27387014 0.881842315
vn 0.576158464 -0.294185102 0.762559235
vn 0.42329064 -0.753759265 0.502664924
vn 0.409316152 -0.819709182 0.400670826
vn 0.179479107 -0.559034646 0.809485972
vn 0.572369516 -0.539435267 0.617578089
vn 0.457839578 -0.54634285 0.70135051
vn 0.512630284 -0.751312673 0.415619373
vn 0.455773205 -0.755320668 0.470915735
vn 0.389264971 -0.757966161 0.52341193
vn 0.305446684 -0.763262153 0.569327116
vn 0.269577742 -0.927179277 -0.260127544
vn 0.51814872 -0.69804877 -0.494216472
vn 0.667774498 -0.37052092 -0.645593941
vn 0.699689388 -0.0920400098 -0.708493829
vn 0.779964626 -0.118922278 -0.614420593
vn 0.426772684 -0.707065761 -0.563846707
vn 0.442199588 -0.519360185 -0.731248558
vn 0.556994379 -0.379880011 -0.738544881
vn 0.453921646 -0.33600992 -0.82525897
vn 0.550278544 -0.120389029 -0.826256573
vn 0.0603791624 -0.971093178 -0.230938077
vn 0.155371815 -0.938010037 -0.309833616
vn 0.220703006 -0.928739667 -0.297880501
vn 0.233852223 -0.854597092 -0.463656157
vn 0.332832724 -0.725081027 -0.602893054
vn 0.0685916021 -0.995523691 -0.0650222749
vn 0.0544385798 -0.995753288 -0.0742408484
vn 0.56905371 -0.006477396 -0.822274864
vn 0.029900305 -0.997510016 -0.0638733879
vn -0.0668185577 -0.409450799 0.909881949
vn -0.0710665435 -0.348558813 0.934588909
vn -0.0675846562 -0.411548465 0.908878446
vn -0.0663839579 -0.391445547 0.917803705
vn -0.0677880719 -0.424840242 0.90272671
vn -0.0716734529 -0.453990072 0.88811934
vn -0.0719566196 -0.456546068 0.88678515
vn -0.0719613209 -0.456403702 0.886858046
vn -0.0551017299 -0.268774688 0.961625695
vn -0.0718649477 -0.317098916 0.945665777
vn -0.0741501525 -0.346615374 0.935072005
vn -0.0715198442 -0.237679258 0.968707144
vn -0.0792076066 -0.224220872 0.971314132
vn -0.0826828033 -0.175453529 0.981009543
vn -0.0897226185 -0.105775021 0.990334034
vn -0.0945922732 -0.0916493014 0.991288364
vn -0.0587235838 -0.429223806 0.901287138
vn -0.76395309 -0.364433855 0.532507002
vn -0.723762035 -0.429682076 0.539946198
vn -0.561662376 -0.680011153 0.47129634
vn 8.57967166e-07 1 2.1834805e-05
vn -1.1901996e-05 1 3.00158226e-05
vn 0.112280294 0.670359433 0.733492494
vn -9.64435117e-07 1 2.24378673e-05
vn 0.383632302 0.67683059 -0.628272712
vn -1.14048407e-06 1 2.51142137e-05
vn 0.247360677 0.694835722 -0.675289631
vn -1.35252731e-06 0.99999994 2.30126407e-05
vn 1.21080723e-06 1 1.93504038e-05
vn 5.65278424e-06 1 1.96188848e-05
vn 0.657352626 0.677914679 -0.329118997
vn 0.543279529 0.676837027 -0.49672842
vn -0.0948061123 0.683950365 0.723342121
vn 1.00551006e-05 0.99999994 4.30481559e-05
vn -0.190015852 0.710689127 0.677358747
vn -0.26918301 0.737726867 0.619111836
vn 4.2139668e-06 1 2.11066945e-05
vn -0.256605148 0.764406264 0.591470122
vn -5.26692611e-06 0.99999994 2.17668185e-05
vn -2.60896263e-06 1 1.89674956e-05
vn 0.37766555 0.66408962 0.64525485
vn 0.603218317 0.664095104 0.441707164
vn -5.26870679e-07 0.99999994 2.47807111e-05
vn 0.729158998 0.664101362 0.165216833
vn 0.733215213 0.670252025 -0.114707522
vn -0.146234006 0.907671213 0.393381
vn -0.190888926 0.875739753 0.443442523
vn 0.033535935 0.994596124 0.0982538164
vn 0.0584234223 0.994978428 0.0812680647
vn -0.230402961 0.838249743 0.49421829
vn 0.5137977 0.41122672 0.752930582
vn 0.485069543 0.283625782 0.827202439
vn 0.164133459 0.927520633 0.335806131
vn 0.291837752 0.78911531 0.540488422
vn 0.366150588 0.64767319 0.668171585
vn 0.396425545 0.498909086 0.770672798
vn 0.380187571 0.378900349 0.843736887
vn 0.597132027 0.0718722641 0.798916638
vn 0.636414111 0.0862157419 0.766514122
vn 0.741511941 0.0844878778 0.665598929
vn 0.846357226 0.0900562033 0.524946988
vn 0.930131555 0.103168398 0.352436543
vn 0.95718962 0.153387949 0.245479703
vn 0.994457603 0.01982053 0.103253566
vn 0.989109576 0.104314618 -0.103830345
vn 0.990408897 0.128722012 -0.050208386
vn 0.986311316 0.129989371 0.101453438
vn 0.992885768 0.0551495105 -0.105528936
vn 0.996364534 0.0409681536 -0.0746936351
vn 0.999361694 0.0287666135 -0.0211785287
vn 0.998831391 -0.0407087915 0.0260519553
vn 0.999096692 0.0172877647 0.0388202816
vn 0.998523235 0.0110901278 0.053183876
vn 0.998444676 -0.0258548427 0.0493934527
vn 0.996606588 0.0592166223 -0.0571736395
vn 0.722517133 0.184509307 -0.66627723
vn 0.841601133 0.0663801879 -0.536004841
vn 0.967757404 0.143093988 -0.207291275
vn 0.946023703 0.0835175589 -0.313151687
vn 0.873031318 0.169043273 -0.457428336
vn 0.679923832 0.0394505076 -0.732220769
vn 0.0607436113 -0.997233033 -0.0428549871
vn 0.0200712699 -0.999688804 0.0148126725
vn 0.216619253 -0.976252198 0.00282139238
vn 0.139101416 -0.98794663 0.0679144561
vn 0.321133912 -0.947003663 0.00755673228
vn 0.330791622 -0.934969783 0.128094941
vn 0.419629067 -0.907018244 0.035062734
vn 0.540611625 -0.836240292 0.0918765739
vn 0.513851106 -0.835354745 0.195293412
vn 0.615544438 -0.77341336 0.151449129
vn 0.671815336 -0.694000125 0.258897632
vn 0.720546365 -0.675638795 0.155965418
vn 0.757970989 -0.579944611 0.298570275
vn 0.815586984 -0.542892158 0.200214982
vn 0.82935077 -0.458719224 0.318989009
vn 0.887057066 -0.395961881 0.237368703
vn 0.900678217 -0.266069442 0.34349069
vn 0.951773524 -0.174909756 0.252059191
vn 0.931263924 -0.068450734 0.357857645
vn 0.967211962 -0.0213517509 0.2530711
vn 0.931848168 0.000245727395 0.362848461
vn 0.931921542 -4.20539291e-05 0.362659931
vn 0.966581881 -0.0117221326 0.256090164
vn 0.93185854 0.000211549079 0.362821817
vn 0.967640758 -4.43683639e-05 0.252332121
vn 0.966597259 0.0118180597 0.25602755
vn 0.931939304 0.000140235701 0.362614155
vn 0.931800902 -6.12070871e-05 0.362969875
vn -0.150682732 0.985308766 -0.0803829432
vn -0.0456289388 0.99865675 -0.0245470349
vn -0.254169405 0.912072659 -0.321747214
vn -0.383873433 0.678241849 -0.626601279
vn -0.401270151 0.728444636 -0.555293262
vn -0.45735088 0.47794497 -0.749932468
vn -0.501540661 0.457778186 -0.734095395
vn -0.270663053 0.865626216 -0.421227753
vn -0.0967197716 0.983374178 -0.153689325
vn -0.382872671 0.910392165 0.15682663
vn -0.391924083 0.914842188 -0.0972585157
vn -0.373385012 0.927517712 -0.0171638168
vn -0.412094682 0.877320409 -0.245940596
vn -0.350892186 0.928994834 -0.117657527
vn -0.280908942 0.934184909 -0.219974518
vn -0.419211268 0.76315999 -0.491781175
vn -0.320061177 0.93601042 -0.146442056
vn -0.431659937 0.791150928 -0.4333013
vn -0.426754355 0.831228554 -0.356286198
vn -0.33949548 0.928506434 0.150394782
vn -0.414485812 0.791347802 -0.449410915
vn -0.5041067 0.525041997 -0.685716808
vn -0.496961594 0.583908439 -0.641934693
vn -0.470663548 0.674659014 -0.568604529
vn -0.323350787 0.942856193 0.0804147124
vn -0.274698973 0.958145916 0.0806039572
vn -0.2097532 0.977749467 -0.00310594426
vn -0.0500427447 0.998155057 0.0343829691
vn -0.0489960946 0.998022974 0.0393646508
vn -0.199644044 0.968183935 0.150871158
vn -0.117917344 0.907751322 0.402595431
vn -0.186025381 0.966601193 0.176286072
vn -0.175316036 0.865006149 0.470136732
vn -0.317515999 0.908891797 0.270368814
vn -0.28302446 0.912546456 0.295222163
vn -0.186564371 0.860160112 0.474677145
vn -0.130850673 0.807325065 0.575416684
vn -0.251663327 0.118758895 -0.960500896
vn -0.246342421 0.161924347 -0.955560505
vn -0.0196481757 0.230832562 -0.97279501
vn -0.481374413 0.356465042 -0.800756693
vn -0.371084273 0.666562021 -0.64652276
vn -0.487763971 0.3428922 -0.802814603
vn -0.36137569 0.646465063 -0.671930492
vn -0.469566494 0.314917922 -0.824823678
vn -0.338625014 0.5985623 -0.725986481
vn -0.456025183 0.291500509 -0.840873718
vn -0.317154139 0.558399916 -0.766552508
vn -0.445371389 0.266020179 -0.854913771
vn -0.302174926 0.510228276 -0.805206478
vn -0.435803115 0.228688866 -0.870504022
vn -0.288443863 0.450988263 -0.844635844
vn -0.417304635 0.197685495 -0.887004614
vn -0.275573403 0.3763313 -0.884553075
vn 0.0156519786 0.650869608 -0.759028256
vn -0.117274791 0.539875329 -0.833535433
vn -0.0250974949 0.679408908 -0.733330488
vn -0.116657101 0.661757708 -0.740586102
vn -0.174225435 0.812588453 -0.556188464
vn -0.0132578006 0.932024658 -0.362152427
vn -0.0236201808 0.908679545 -0.416825563
vn -0.130797014 0.790773094 -0.597971559
vn -0.0229230411 0.854687691 -0.518636286
vn -0.128367335 0.710133195 -0.692266226
vn 0.00572823407 0.835282207 -0.549791694
vn 0.00424096314 0.75255394 -0.658516943
vn -0.0759028047 0.926928818 -0.367480278
vn -0.196145639 0.866959035 -0.458158076
vn -0.0480701998 0.967716813 -0.247413397
vn -0.0804695338 0.97677654 -0.198575467
vn -0.215178415 0.892309844 -0.396839112
vn -0.0489859246 0.990561604 -0.128015622
vn -0.255993098 0.202660993 -0.945196271
vn -0.0125704203 0.336215734 -0.941701055
vn -0.0374409221 0.288569838 -0.956726491
vn 0.00721373037 0.0618496649 -0.998059332
vn -0.241011471 0.0389290228 -0.969741225
vn -0.00646022288 0.115542866 -0.993281484
vn -0.238566563 0.0840476751 -0.967482269
vn -0.0055783079 0.173570976 -0.984805644
vn -0.000468245125 0.20730345 -0.978276491
vn -0.248604491 0.289067477 -0.92446512
vn -0.244213179 0.319825262 -0.915462613
vn -0.0241361149 0.542045891 -0.840002179
vn -0.029871583 0.411060989 -0.911118209
vn -0.0477279499 0.36095497 -0.931361079
vn 1.5137939e-05 -1 -3.86230058e-05
vn -0.0178396869 -0.999714077 0.0159203485
vn -0.359053344 -0.68485862 0.634073615
vn -0.0332451798 -0.998920679 0.032439135
vn -0.383025736 -0.553155899 0.73980397
vn -1.81217956e-07 -1 -2.56912226e-05
vn -2.0193449e-05 -1 2.46390318e-05
vn 2.01686862e-06 -1 -2.89925028e-05
vn -3.72879686e-06 -1 -2.07949888e-05
vn -1.18565258e-05 -1 -1.96100973e-05
vn -2.45058641e-06 -0.99999994 -1.85555873e-05
vn 8.65013874e-08 -1 -1.55369871e-05
vn -1.88350356e-07 -1 -3.19221836e-05
vn 4.42150349e-06 -1 -4.10390858e-05
vn -4.57399938e-06 -0.99999994 -3.39293038e-05
vn -9.2114733e-06 -1 1.23830678e-05
vn -2.12528857e-06 -0.99999994 -1.82118656e-05
vn -0.400638133 -0.686679125 0.606597781
vn 4.02729529e-06 -1 -1.71791908e-05
vn -0.525936186 -0.669144273 0.52501142
vn -7.03333308e-06 -1 -3.18648963e-05
vn -0.683205068 -0.67181915 0.286163867
vn 7.39729512e-06 -1 -1.46521006e-05
vn -0.740924597 -0.67150557 -0.0105407434
vn 1.74750573e-06 -1 -2.38871926e-05
vn -0.675356925 -0.671127915 -0.305745512
vn -2.80054974e-06 -1 -1.35093724e-05
vn -0.49727729 -0.670704246 -0.550337195
vn 7.11731855e-06 -1 -2.8516477e-05
vn -0.23618865 -0.670202196 -0.703593493
vn 0.0380369984 -0.675709724 -0.736185789
vn 0.108916953 0.685854554 -0.719542086
vn -0.0453773141 0.680328071 -0.731501579
vn -0.151276141 0.686889172 -0.710843801
vn -0.237808123 0.69614321 -0.677371383
vn -0.484959811 0.696239948 -0.529210687
vn -0.417815775 0.686561406 -0.595032275
vn -0.334096491 0.684152305 -0.648317218
vn -0.653937399 0.696270347 -0.29592827
vn -0.617701948 0.686249375 -0.384065419
vn -0.559263408 0.685483038 -0.46619463
vn -0.717697918 0.696192443 -0.0150320632
vn -0.719004512 0.68596524 -0.111732028
vn -0.69553858 0.686765432 -0.211138457
vn -0.665841043 0.696078956 0.268570125
vn -0.70564121 0.685672045 0.178674236
vn -0.721631229 0.688034832 0.0765276551
vn -0.566434681 0.673961103 0.474265844
vn -0.633621514 0.689294755 0.351278424
vn -0.546859682 -0.00698603736 0.837195158
vn -0.529964864 0.633531392 0.563715458
vn -0.365328193 0.688815534 0.626153708
vn 5.03252568e-06 1 2.18547084e-05
vn 7.54933467e-07 1 1.81086598e-05
vn -0.113875687 0.777153969 0.618921638
vn -0.0714180991 0.909558594 0.409392893
vn -0.0816588998 0.874939442 0.477297455
vn -0.17390734 0.742653072 0.646701336
vn -8.4023668e-06 1 2.91760807e-05
vn -0.272975117 0.705977798 0.653513491
vn -0.0556150638 0.830024183 0.554947495
vn -1.32978505e-06 1 1.9922003e-05
vn -1.5092063e-06 0.99999994 2.59204535e-05
vn 2.18743753e-06 0.99999994 1.99702954e-05
vn 7.20009552e-07 1 1.7089922e-05
vn -1.4713454e-06 1 2.50070188e-05
vn 4.83340136e-06 0.99999994 1.57611776e-05
vn 1.47645478e-05 1 1.8213168e-05
vn 3.75554896e-06 1 9.74769409e-06
vn 4.80924109e-06 1 1.64303856e-05
vn -3.89631577e-06 0.99999994 1.74332181e-05
vn -3.32495324e-06 0.99999994 2.28544941e-05
vn -0.649141669 -0.413314313 0.638581574
vn -0.727240086 -0.0674200654 0.683064103
vn -0.707434893 -0.0742661729 0.702865899
vn -0.710711539 0.248543695 0.658114851
vn -0.672451258 -0.0652442798 0.737260222
vn -0.69888711 0.264734924 0.664433718
vn -0.699500442 0.272644997 0.66057843
vn -0.694440067 0.0131199034 0.719430923
vn -0.512127042 -0.0847141519 0.854721844
vn -0.416718036 -0.723095298 0.550889373
vn -0.542340815 -0.533798516 0.648787856
vn -0.453502625 -0.365630627 0.812803507
vn -0.30090943 -0.850937903 0.430532426
vn -0.462799102 -0.18590714 0.866749883
vn -0.140460163 -0.979358017 0.145357922
vn -0.291814804 -0.905718267 0.307438642
vn -0.310310334 -0.878061473 0.364301443
vn -0.464531243 -0.382065117 0.798897386
vn -0.477984756 -0.413410038 0.774998605
vn -0.516287088 -0.54185164 0.66320765
vn -0.481542081 -0.180166155 0.857704699
vn -0.468644083 -0.172180131 0.866444886
vn -0.484876841 0.301318765 0.821036696
vn -0.503040373 0.221281156 0.835454941
vn -0.45874083 0.361769497 0.811590731
vn -0.487346262 0.36811915 0.791821897
vn -0.71703285 0.233937308 0.65661037
vn -0.726467371 0.248512626 0.640692353
vn -0.440483093 -0.777459204 0.448922992
vn -0.556935251 -0.609467864 0.564244628
vn -0.563439369 -0.550130308 0.616354346
vn -0.633404732 -0.288919717 0.717860639
vn -0.515861392 0.123827524 0.847675443
vn -0.615699589 -0.01133902 -0.787899435
vn -0.615096509 -0.0171550661 -0.788265169
vn -0.615939617 -0.0223111995 -0.787477314
vn -0.614890397 -0.0282515511 -0.788106322
vn -0.61461848 -0.0322848372 -0.788163602
vn -0.61376524 -0.0395483784 -0.788497448
vn -0.61333555 -0.0404275805 -0.788787127
vn -0.612785637 -0.048523929 -0.788758039
vn -0.611727417 -0.0480586775 -0.789607406
vn -0.61111027 -0.0552605726 -0.789614201
vn -0.60882616 -0.0565749146 -0.791283667
vn -0.611442387 -0.0610269196 -0.788932145
vn -0.613808155 -0.061870046 -0.78702718
vn -0.610777915 -0.0649554133 -0.789133072
vn -0.613458037 -0.0627594218 -0.787229657
vn -0.613438308 -0.0627604872 -0.787244976
vn -0.613608181 -0.0609393455 -0.787255704
vn -0.61420536 -0.0472779311 -0.787728786
vn -0.614262104 -0.0457726941 -0.78777349
vn -0.606057346 -0.0601761006 -0.793141484
vn -0.609522998 -0.0771311745 -0.789007246
vn -0.604586363 -0.0634375066 -0.794009387
vn -0.605430067 -0.0653932542 -0.793207526
vn -0.600589931 -0.0272390787 -0.799093068
vn -0.600857556 -0.0324572437 -0.798696876
vn -0.60217917 -0.0631357655 -0.795860648
vn 0.121975318 -0.00300714863 -0.992528498
vn 0.245115355 2.03341642e-05 -0.969493926
vn 0.248546198 -0.010811666 -0.968559742
vn 0.90358001 -0.00221837335 -0.42841351
vn 0.947843313 8.4361418e-06 -0.318736672
vn 0.945146859 -0.0107204504 -0.326469809
vn 0.554021239 -1.70195872e-05 0.832502484
vn 0.588688076 -0.00615822384 0.808336735
vn 0.626234233 -0.00421849685 0.779623508
vn 0.815412343 -0.00706950622 0.578837395
vn 0.713415325 -0.00209801132 0.700738311
vn 0.82323724 7.65836667e-05 0.567697465
vn 0.905414402 -0.00359310489 0.424513519
vn 0.986902237 -0.010124662 0.161001682
vn 0.96317029 -0.00164209341 0.268887341
vn 0.980437815 -0.00326715293 -0.196801573
vn 0.997784019 -0.00355290878 -0.0664408952
vn 0.99462992 9.88999091e-05 0.103495933
vn 0.842728972 -0.00342984498 -0.538327098
vn 0.677781582 -0.0102134719 -0.735192358
vn 0.740241945 -0.00072728924 -0.672340095
vn 0.358794063 -0.0024578108 -0.933413506
vn 0.474808246 -0.00340189156 -0.880082726
vn 0.61623174 -0.000520115485 -0.787564695
vn -0.00766684301 -0.00358266616 -0.999964237
vn -0.204645544 -0.0065723462 -0.978814065
vn -0.176949158 4.37345261e-06 -0.984219968
vn -0.339178473 -8.14463565e-05 -0.940722048
vn -0.446681917 0.00243241107 -0.8946895
vn -0.468891501 1.77211787e-05 -0.883255839
vn -0.288043082 -0.0044573443 0.95760709
vn -0.302184761 -0.00481664343 0.953237236
vn -0.163202286 -0.00118640461 0.986591935
vn -0.104491949 -0.0136474995 0.994432151
vn -0.0698872358 -0.00538897235 0.997540355
vn -0.000537101587 -0.00974633638 0.999952376
vn 0.0713854954 -0.0162169207 0.997316897
vn 0.091145955 -0.00108036888 0.995836914
vn 0.175011933 -0.00662273355 0.984544039
vn 0.252590358 -0.0150032528 0.967456937
vn 0.253815114 5.7542311e-05 0.967252791
vn 0.322473437 -0.00857474562 0.9465397
vn 0.416129023 -0.0105573488 0.909244239
vn 0.389642745 -0.00310713053 0.920960903
vn 0.474556923 -0.000193895845 0.880224824
vn 0.152825221 0.00402922649 -0.98824501
vn 0.135111824 -0.00134282571 -0.990829408
vn 0.0246226247 -8.23705559e-05 -0.999696791
vn -0.122233212 -0.00259926543 -0.992497981
vn -0.540831149 -0.00711800763 -0.84110111
vn -0.526844382 -0.0196052641 -0.849735618
vn -0.437836468 -0.0327143557 -0.898459256
vn -0.315985829 -0.0127974516 -0.948677659
vn -0.145265222 -0.000248028897 -0.989392638
vn -0.860989034 -0.00903981179 -0.508543134
vn -0.73646003 -0.00507652014 -0.676461995
vn -0.643640339 -0.00353138614 -0.765319943
vn -0.97988975 -0.00206416682 -0.199528918
vn -0.922890425 -0.000287475559 -0.385062397
vn -0.843478143 0.000189590879 -0.537163436
vn -0.903807759 -0.0216342565 0.42739144
vn -0.98394841 -0.00954824872 0.178197488
vn -0.996868849 -0.00272332132 0.0790260211
vn -0.999899387 -3.17621925e-05 -0.0141811697
vn -0.979211211 4.80393783e-06 -0.202843234
vn -0.882914364 0.000173992288 0.46953392
vn -0.589975178 -0.00026194728 0.807421327
vn -0.735831201 -0.0164462011 0.676965296
vn -0.485072374 -0.0020641943 0.874471664
vn -0.487861961 0.000118710384 -0.872920692
vn -0.414268166 0.00734964153 -0.910125196
vn -0.419217944 -0.000396453834 -0.907885432
vn -0.250690401 0.00655932957 -0.968045115
vn -0.0739914849 0.00739444932 -0.997231483
vn -0.105955444 0.00804452598 -0.994338334
vn -0.175657913 0.0110038202 -0.984389782
vn -0.286219209 0.00535670668 -0.958149195
vn -0.35549891 0.00896992348 -0.934633613
vn 0.105942748 0.00678737368 -0.994349062
vn 0.157626435 0.00410994887 -0.987490356
vn 0.0496975258 0.0033859571 -0.998758614
vn -0.0281230006 0.0029805724 -0.999599993
vn -0.259601682 -0.30893141 0.914969087
vn -0.300490052 -0.372900635 0.877867222
vn -0.297138274 -0.236341119 0.925122499
vn -0.262332588 -0.567318559 0.780596733
vn -0.256284893 -0.614461958 0.746159911
vn -0.285222322 -0.512650192 0.809838235
vn -0.349874109 -0.450645208 0.821283817
vn -0.279300064 -0.44497627 0.850874543
vn -0.273175806 -0.356249571 0.893566549
vn -0.276908308 -0.391231358 0.877644479
vn -0.173230723 -0.0369957164 0.984186172
vn -0.182359815 -0.044475697 0.982225478
vn -0.255826861 -0.0815096051 0.963280261
vn -0.218045071 -0.165237382 0.961848617
vn -0.198661625 -0.205185205 0.95834893
vn -0.36485073 -0.280934989 0.887670815
vn -0.333666593 -0.114410378 0.935722589
vn -0.189959154 -0.672775388 0.715044558
vn 0.00519427564 -0.765826523 0.643026114
vn -0.140490517 -0.720083237 0.679516494
vn -0.266850859 -0.644163072 0.71682936
vn -0.107606202 -0.66987747 0.734632611
vn 0.11317873 -0.57271266 0.811905622
vn -0.105065323 -0.735047638 0.669825554
vn 0.17072323 -0.686309993 0.706988037
vn 0.130132601 -0.849698782 0.51095742
vn -0.0748098344 -0.79868418 0.597082078
vn -0.0794150904 -0.859977603 0.504114747
vn -0.0860491768 -0.894682109 0.438336998
vn 0.274568856 -0.569697201 0.774633467
vn 0.248038754 -0.467454731 0.848506212
vn -0.152959302 -0.738498926 0.656675637
vn 0.00096842082 -0.664417386 0.747361064
vn 0.146249399 -0.565392196 0.811752975
vn 0.289211661 -0.44880265 0.845537066
vn 0.275830686 -0.535950422 0.797918975
vn 0.476495296 -0.284923822 0.831727505
vn -0.115450561 -0.829292834 0.546758115
vn 0.043050386 -0.732678056 0.679212511
vn 0.519728541 -0.309694707 0.796223164
vn 0.328329504 -0.572259545 0.751477718
vn 0.102007665 -0.773260057 0.625830114
vn -0.0759294927 -0.873623192 0.480642676
vn 0.853526533 -0.38533172 0.350730449
vn 0.968680561 -0.222726882 0.109775849
vn 0.903668821 -0.415397763 0.104054123
vn 0.796412945 -0.598752379 0.0849831477
vn 0.645100057 -0.707574725 0.288416415
vn 0.652367353 -0.755323172 0.0624792539
vn 0.330061615 -0.925761104 0.184460819
vn 0.407924503 -0.91263473 0.0263701305
vn 0.634808123 -0.336268514 0.695659518
vn 0.430694908 -0.627725363 0.648431063
vn 0.169116452 -0.83938545 0.516557634
vn 0.018230265 -0.974317312 0.22444053
vn -0.0346195623 -0.929011941 0.368427038
vn 0.762838483 -0.367781579 0.531802714
vn 0.552431881 -0.682622731 0.47837773
vn 0.257885814 -0.899054229 0.353830934
vn 0.0655258074 -0.99369061 0.0910246819
vn 0.115652375 -0.993138611 -0.0173265263
vn 0.695632577 -0.711511493 -0.0992306694
vn 0.205596387 -0.948675871 -0.240300342
vn 0.448710263 -0.87678504 -0.172936723
vn 0.202572897 -0.955521882 -0.214341193
vn 0.437261432 -0.882460475 -0.173395261
vn 0.150538713 -0.967512071 -0.203121603
vn 0.432242125 -0.881368041 -0.190674961
vn 0.156092435 -0.964748144 -0.211886883
vn 0.433822691 -0.875158787 -0.214231133
vn 0.14890714 -0.964280546 -0.219065368
vn 0.386291236 -0.895699561 -0.220230237
vn 0.165599912 -0.96708864 -0.193174347
vn 0.385839969 -0.905393541 -0.177172214
vn 0.12704657 -0.982311189 -0.137564689
vn 0.364829183 -0.926106751 -0.0960520953
vn 0.0924055502 -0.989181101 -0.113938361
vn 0.972260714 -0.222622007 -0.0717528313
vn 0.800614476 -0.579290092 -0.153099582
vn 0.957482576 -0.288213253 -0.0126502458
vn 0.954258859 -0.297941506 -0.0249178633
vn 0.949048996 -0.30586952 -0.0758283213
vn 0.940858543 -0.314844668 -0.125131994
vn 0.928891301 -0.336022317 -0.155723959
vn 0.917061329 -0.374839604 -0.13599126
vn 0.913958788 -0.399029344 -0.0738573447
vn 0.494065374 -0.842842102 -0.213346317
vn 0.767028034 -0.633346856 -0.102663048
vn 0.758789659 -0.642053723 -0.10956829
vn 0.747495472 -0.648605883 -0.143390998
vn 0.738571823 -0.648294747 -0.185001224
vn 0.723929703 -0.659702718 -0.201787427
vn 0.704857647 -0.688949704 -0.168890789
vn 0.199748635 -0.940254688 -0.27572
vn 0.453386128 -0.849183679 -0.27079165
vn 0.73554492 -0.637252033 -0.229964122
vn 0.925464869 -0.34613356 -0.153968543
vn 0.770296276 -0.279451221 -0.573193312
vn 0.870335817 -0.323831946 -0.371009886
vn 0.461499155 -0.0759319142 -0.883885026
vn 0.428937584 -0.163210601 -0.888467669
vn 0.627766848 -0.208114609 -0.750064731
vn 0.406001329 -0.250142395 -0.878971994
vn 0.521588266 -0.38492623 -0.761431277
vn 0.178204909 -0.926030278 -0.332732499
vn 0.273134589 -0.8715505 -0.407182187
vn 0.452004552 -0.802444041 -0.389583647
vn 0.424641639 -0.711295068 -0.56012392
vn 0.695567071 -0.588155389 -0.412625223
vn 0.258051634 -0.444290191 -0.857913435
vn 0.3493945 -0.346261859 -0.870647013
vn 0.371229559 -0.428960472 -0.82351774
vn 0.389669329 -0.537103415 -0.748116016
vn 0.226204753 -0.842743278 -0.488482505
vn 0.354460269 -0.691789091 -0.629115105
vn 0.252298146 -0.663497925 -0.704355061
vn 0.616189122 -0.512706459 -0.597865343
vn 0.24137789 -0.328827024 -0.91302228
vn 0.215658516 -0.315481484 -0.924101055
vn 0.224362731 -0.00572867598 -0.974488914
vn 0.24891451 -0.376942247 -0.892163694
vn 0.481671274 0.0908072591 -0.871634662
vn 0.0980994329 0.891463161 -0.442345768
vn 0.0476328135 0.974113286 -0.220984817
vn 0.115601584 0.941324472 -0.317087591
vn 0.152642861 0.744029045 -0.650477469
vn 0.170855358 0.843567729 -0.509118617
vn 0.236816853 0.627517045 -0.741714358
vn 0.334543943 0.248317435 -0.909075797
vn 0.287165046 0.405644953 -0.867749095
vn 0.326843679 0.472362518 -0.818563819
vn 0.240905419 0.720070839 -0.650740027
vn 0.319822371 0.608061552 -0.726618767
vn 0.203745633 0.816862822 -0.539650798
vn 0.277074516 0.746238828 -0.605274558
vn 0.390901208 0.478198886 -0.786461711
vn 0.401249021 0.348872274 -0.846928179
vn 0.408809185 0.207595423 -0.88869518
vn 0.413427263 0.059359815 -0.908600211
vn 0.332071722 -0.178428307 -0.92622453
vn 0.277460158 -0.10990569 -0.954429984
vn 0.271694511 -0.0561100356 -0.960746467
vn 0.275317758 0.210681796 -0.937983572
vn 0.214935571 0.30318743 -0.928374946
vn 0.263277888 0.443063617 -0.856959343
vn 0.190516382 0.544013143 -0.817161679
vn 0.159178257 0.00239415304 -0.987246931
vn 0.154594347 -0.329704702 -0.931340635
vn 0.0950203836 -0.320151597 -0.942588985
vn 0.0389952064 0.914859414 -0.401885122
vn 0.0877782106 0.888038516 -0.451312155
vn 0.0705554709 0.97282207 -0.220542908
vn 0.100708149 0.739863455 -0.665176749
vn 0.0632200986 0.746714413 -0.662133515
vn 0.110397778 0.532850921 -0.838976979
vn 0.0796628222 0.545075059 -0.834594011
vn 0.111339137 0.284812063 -0.952095389
vn 0.0904684141 0.305045903 -0.948030889
vn 0.0992687494 -0.0318333656 -0.994551301
vn 0.0949835107 -0.00286135008 -0.995474756
vn 0.0784080997 -0.348396629 -0.934062123
vn 0.0634436011 0.914290667 -0.400059342
vn 0.105875127 0.747317612 -0.655977726
vn 0.133381829 0.546941996 -0.826476693
vn 0.151542276 0.308487117 -0.939079642
vn 0.769322157 0.623799145 -0.137906134
vn 0.430737734 0.859698594 -0.274560332
vn 0.248193249 0.536130667 -0.806823432
vn 0.421693087 0.501403451 -0.755492926
vn 0.450929672 0.696717262 -0.557895482
vn 0.574515998 0.429978073 -0.696455538
vn 0.683864474 0.333499938 -0.648927748
vn 0.762244403 0.487435788 -0.425898701
vn 0.992922366 0.0841906741 -0.0837679282
vn 0.995521307 -0.0359102227 -0.0874508321
vn 0.847962558 -0.0450705327 -0.528136551
vn 0.841749609 -0.117070131 -0.527021885
vn 0.951523602 0.300167322 -0.067099236
vn 0.883020878 0.461224824 -0.0868668407
vn 0.922217727 0.207632914 -0.326194614
vn 0.862417042 0.343914419 -0.371429414
vn 0.797780097 0.0596454926 -0.599991083
vn 0.749464571 0.177719057 -0.637745082
vn 0.621851981 0.757315934 -0.199430957
vn 0.624035299 0.608594418 -0.490094513
vn 0.213460639 0.964201152 -0.157324016
vn 0.244165257 0.884765089 -0.396956086
vn 0.255900055 0.741072595 -0.620746791
vn 0.221023709 0.286530942 -0.932227731
vn 0.358866274 0.264396966 -0.895158768
vn 0.480234623 0.216906428 -0.849897802
vn 0.570288122 0.166547418 -0.804383934
vn 0.468855649 -0.073018156 -0.880251467
vn 0.495310038 -0.118823461 -0.860551596
vn 0.508348048 -0.166729674 -0.844857156
vn 0.505240381 -0.173622653 -0.845332682
vn 0.166408539 -0.0333768018 -0.985491872
vn 0.102792464 -0.322734654 -0.940891147
vn 0.249330103 -0.0400279649 -0.967590988
vn 0.124302357 -0.317455858 -0.940090775
vn 0.321570933 -0.0548218004 -0.945297062
vn 0.142456323 -0.306912869 -0.94101578
vn 0.379267126 -0.0800649822 -0.921816707
vn 0.160222352 -0.296441287 -0.941515446
vn 0.164751023 -0.276429325 -0.946807325
vn 0.180261165 -0.258147746 -0.949139476
vn 0.186101094 -0.235719889 -0.953835666
vn 0.193336517 -0.197040722 -0.961143076
vn 0.266187966 -0.055562757 -0.96231848
vn 0.204870403 -0.0007810549 -0.978788793
vn 0.524995744 -0.00106733537 -0.851104259
vn 0.995492458 -0.0461760871 -0.0828391835
vn 0.995698452 0.000243403527 -0.0926523954
vn 0.846232235 -0.0837059319 -0.52619797
vn 0.846387029 0.000204236698 -0.532568157
vn 0.48822248 -0.0858647823 -0.868484914
vn 0.228295028 -0.128599212 -0.965061486
vn -0.00192050554 -0.995967567 0.0896932259
vn -0.0261598956 -0.992340505 0.120730698
vn -0.0504088961 -0.998696387 -0.00803117733
vn -0.204716191 -0.876443624 0.435818613
vn -0.210620046 -0.967579126 0.139390722
vn 0.0951164588 2.18166788e-05 -0.995466113
vn 0.0903629735 0.00232462981 -0.995906174
vn 0.0947492272 -0.0858262703 -0.991794646
vn 0.0673840195 -0.455752164 -0.88755244
vn 0.0733319372 -0.388373345 -0.918579638
vn 0.0844998732 -0.329360604 -0.940415621
vn 0.0815181285 -0.264963567 -0.960806429
vn 0.0854060724 -0.201374307 -0.975783944
vn 0.0920625255 -0.146903872 -0.984857202
vn 0.0597375669 -0.872700572 -0.48458755
vn 0.0587942898 -0.801948667 -0.594492733
vn 0.0645429343 -0.719270051 -0.69172585
vn 0.0611712597 -0.610641301 -0.789541185
vn 0.064460367 -0.532970905 -0.84367466
vn 0.0615101308 -0.930298626 -0.361608863
vn 0.00280481088 -0.992506683 -0.122158542
vn 0.0547860563 -0.958315015 -0.280411631
vn 0.056770131 -0.973617673 -0.221010864
vn 0.0546189807 -0.98149848 -0.183514327
vn 0.0428917818 -0.99086386 -0.127863541
vn -0.14071098 -0.989217579 0.0406065695
vn -0.122383058 -0.990240157 -0.066684708
vn -0.264683157 -0.92960304 0.256477982
vn -0.139405951 -0.929907918 0.34034878
vn -0.183522776 -0.893433273 0.409995645
vn -0.312382668 -0.918956816 0.240698114
vn -0.104211003 -0.958588064 0.265045106
vn -0.0520747788 -0.985047579 0.164223865
vn -0.0770498812 -0.97539252 0.206573695
vn 0.0404636152 -0.998396158 -0.0395957343
vn 0.01579169 -0.999766469 -0.0147548467
vn 0.0145097049 -0.999705374 0.0194575265
vn -0.273798227 -0.529593647 0.802848101
vn -0.230513513 -0.59677124 0.768588006
vn -0.275838166 -0.511690438 0.813686788
vn -0.175756931 -0.693310916 0.698877215
vn -0.138845921 -0.77160126 0.620768309
vn -0.123609364 -0.802468717 0.583750427
vn -0.174397916 -0.469020903 0.865797162
vn -0.202448159 -0.278732121 0.938788176
vn -0.43774268 -0.290376216 0.850918949
vn -0.451962501 -0.0920812711 0.887271643
vn -0.365104795 -0.447582155 0.816314101
vn -0.273921162 -0.418537736 0.865906179
vn -0.280142099 -0.455749005 0.84487468
vn -0.347231239 -0.335512698 0.875706434
vn -0.24652192 -0.358564138 0.900365889
vn -0.194597483 -0.63626498 0.746524453
vn -0.373817861 -0.0945144296 0.922673941
vn -0.43080759 0.00147032959 0.902442575
vn -0.322616309 -0.104200043 0.940776825
vn -0.395770371 -0.0475236401 0.917118967
vn -0.279056668 -0.137832105 0.95033133
vn -0.685563326 -0.291021764 0.667314947
vn -0.535946071 -0.276569813 0.797666013
vn -0.730530679 -0.248935238 0.635889947
vn -0.751062155 -0.166308627 0.638942003
vn -0.553281665 -0.181160077 0.813056171
vn -0.76047802 -0.0927191749 0.642710268
vn -0.560977459 -0.10177958 0.821550429
vn -0.566408575 0.000354053656 0.824124515
vn -0.764430046 0.000748064427 0.64470619
vn 1.00142042e-05 1 -6.46317494e-06
vn 0.0809656382 0.996449471 0.0230905376
vn 0.0691685006 0.997399271 0.0202574413
vn 1.18222015e-05 1 -8.06274693e-06
vn 9.24238066e-06 1 -5.17950957e-06
vn 0.82831794 0.507963002 0.236353636
vn 0.806660652 0.546607554 0.224763349
vn 0.764351189 0.606124699 0.21995464
vn 0.662068009 0.727340877 0.180668682
vn 0.566351354 0.807955503 0.162646621
vn 0.317889273 0.944029808 0.0880577937
vn 0.30411607 0.948729336 0.0861750767
vn 0.722663462 0.659300089 0.207559153
vn 0.69729054 0.688233316 0.200301886
vn 0.492573947 0.858665884 0.141646579
vn 0.395893663 0.910986662 0.115635216
vn 0.253100663 0.964248538 0.0785167962
vn 0.0769783258 0.996640027 0.0279827174
vn 0.0607976876 0.997996449 0.0175166242
vn 0.0142132612 0.999846518 -0.0102390563
vn 0.00833211374 0.999961972 0.00255976478
vn 0.0124606723 0.999900579 -0.00658418098
vn 0.00725748064 0.999963105 0.00459325919
vn 0.00852547586 0.999961317 0.00216297642
vn 0.00845049322 0.999961495 0.00235038437
vn 0.00834988058 0.999961853 0.00256308611
vn 0.00846522022 0.999961555 0.00230095698
vn 0.00853726547 0.99996084 0.00234271144
vn 0.00848858152 0.999960899 0.00245568505
vn 0.00827327929 0.999962568 0.00250608823
vn 0.00804755837 0.999964476 0.00251914607
vn 0.00822496042 0.999963045 0.00247831782
vn 0.00840308238 0.999961853 0.00240718527
vn 0.00807120837 0.999964595 0.00240225228
vn 0.0124347406 0.999857247 -0.0114342272
vn 0.00950081553 0.999953985 -0.0013229117
vn 0.00871678628 0.999961019 0.00144306233
vn 0.00850465987 0.999961317 0.0022448129
vn 0.00832680613 0.999961019 0.00294667529
vn 0.00820528716 0.999960303 0.00347725744
vn 0.0082044322 0.999960303 0.00347619341
vn 0.00829164311 0.999961257 0.00294385711
vn 0.0083476482 0.999961913 0.00257051759
vn 0.00835104007 0.999961853 0.00255994545
vn 0.00831572246 0.999959409 0.00347740809
vn 0.00823044777 0.999961317 0.00311931549
vn 0.00835109223 0.999961972 0.00255342945
vn 0.00837905519 0.999961793 0.0025032158
vn 0.00835003145 0.999961793 0.00255819527
vn 0.00834773388 0.999961853 0.00257264357
vn 0.00827567652 0.999961793 0.00279954472
vn 0.00816457998 0.999963164 0.00266869157
vn 0.00788503047 0.999965727 0.00252955128
vn 0.00770151615 0.999968112 0.00212105783
vn 0.00801746454 0.999964893 0.00242503663
vn 0.00808611605 0.999963522 0.00271727471
vn 0.00808354095 0.999964237 0.00247396273
vn 0.00811424479 0.999963999 0.00248533511
vn 0.00821915548 0.999963105 0.0025146578
vn 0.00806808099 0.999964297 0.00249797804
vn 0.00806078222 0.999964416 0.00247650477
vn 0.00797456317 0.999965072 0.00249521923
vn 0.00807799865 0.999964297 0.00248530414
vn 0.0081551699 0.999963582 0.00248185243
vn 0.00722222356 0.999965608 0.0040861126
vn 0.00774910022 0.999965549 0.00299407518
vn 0.00834675878 0.999961913 0.00256609684
vn 0.00837616902 0.999961436 0.00265099527
vn 0.00836898107 0.999956965 0.00401934935
vn 0.00817712024 0.999963343 0.00251517771
vn 0.0080125276 0.999964535 0.00261481362
vn 0.00760571053 0.999967873 0.00255706557
vn 0.0078445226 0.99996531 0.00278272573
vn 0.00784737431 0.99996525 0.00281735626
vn 0.00784012116 0.999965549 0.00274027814
vn 0.00837290753 0.999959469 0.00329110841
vn 0.00815922953 0.999963105 0.00271062483
vn 0.0089657763 0.999952555 0.00383409392
vn 0.00854636729 0.999960005 0.00263939495
vn 0.00887540821 0.999954998 0.00336330943
vn 0.00848892331 0.999960303 0.00270978268
vn 0.00843537692 0.999961257 0.00250106235
vn 0.00837596506 0.999961495 0.00258992915
vn 0.00837449357 0.999960899 0.00286223437
vn 0.00836872682 0.999961555 0.00261285855
vn 0.0083422875 0.999961913 0.00256315898
vn 0.00841647293 0.999961913 0.00234665954
vn 0.00841186754 0.999961317 0.00256499182
vn 0.00852211285 0.999961078 0.00225557853
vn 0.00848390628 0.999960721 0.00254937774
vn 0.00856477767 0.999960661 0.00231744349
vn 0.00855631568 0.999960482 0.00240238896
vn 0.00861508213 0.999960184 0.00231220154
vn -0.0314714536 0.978727281 -0.202737093
vn 0.343458325 0.452476382 -0.822983325
vn 0.340961486 0.46261403 -0.818372488
vn 0.369179606 0.38803798 -0.844471991
vn 0.217073664 0.770403862 -0.59946382
vn 0.26671195 0.664854467 -0.697734416
vn -0.0567319244 0.993852019 -0.0950761735
vn 0.0201717652 0.95581758 -0.293267459
vn 0.142143458 0.841329098 -0.521498382
vn 0.0744799748 0.909556746 -0.408851206
vn 0.208414927 0.735921502 -0.644191563
vn 0.358259261 0.603806555 -0.712087035
vn 0.313854486 0.534967363 -0.784413993
vn 0.356428236 0.540573955 -0.762062132
vn 0.377733618 0.439513415 -0.814951062
vn 0.387963176 0.531310558 -0.753122568
vn 0.391393006 0.489880025 -0.778992355
vn 0.388685703 0.427717507 -0.816076696
vn 0.356758863 0.403858393 -0.842390418
vn 0.366526902 0.380327433 -0.849122524
vn 0.362392128 0.3785474 -0.851688802
vn 0.360269368 0.36247614 -0.859544575
vn 0.409481615 0.367648482 -0.834960699
vn 0.411875218 0.335210353 -0.847344577
vn 0.392727047 0.313505322 -0.864569128
vn 0.41177249 0.293002039 -0.862898111
vn 0.405663788 0.389668375 -0.826798379
vn 0.400411576 0.430902392 -0.808698833
vn 0.402555496 0.443359822 -0.80086273
vn 0.385528713 0.417507708 -0.822833478
vn 0.360806882 0.38269031 -0.850509465
vn 0.413841665 0.246217161 -0.876420081
vn 0.400579989 0.199865833 -0.894197524
vn 0.416391671 0.171764672 -0.892812908
vn 0.406630546 0.0997110084 -0.908135056
vn 0.418915421 0.106954373 -0.901704252
vn 0.418731213 0.0570349321 -0.906317294
vn 0.397251457 0.00114123884 -0.917709172
vn 0.419110775 -0.00785134546 -0.907901227
vn 0.336769938 0.164694548 -0.927071571
vn 0.340151548 0.26745677 -0.90153414
vn 0.0145273851 0.928414047 -0.371263206
vn 0.262071073 0.613705099 -0.7447716
vn 0.300900936 0.497613698 -0.813535035
vn 0.31730932 0.383046746 -0.867519379
vn 0.341509044 0.408250928 -0.846582949
vn 0.357582152 0.293232948 -0.886650681
vn 0.366757005 0.188436314 -0.911032915
vn 0.379780322 0.0862907842 -0.921043336
vn 0.374827027 0.00565012265 -0.927077532
vn 0.228378132 -0.787278295 -0.572744548
vn 0.408004075 -0.365995347 -0.836409032
vn 0.409323245 -0.323793054 -0.853002191
vn 0.394784242 -0.314135909 -0.863402545
vn -0.0287985355 -0.979050577 -0.201570362
vn 0.0187364276 -0.934038401 -0.35668081
vn -0.058247067 -0.991964698 -0.112308607
vn 0.133697793 -0.831603408 -0.53903681
vn 0.338537216 -0.166912049 -0.926030815
vn 0.329417735 -0.27272892 -0.903937399
vn 0.400801271 -0.199639171 -0.894149005
vn 0.420037299 -0.0915027112 -0.90288192
vn 0.404870272 -0.0991926268 -0.908977866
vn 0.412391394 -0.285892665 -0.86498481
vn 0.414294541 -0.250337988 -0.87503767
vn 0.417183012 -0.181182384 -0.890579164
vn 0.38775745 -0.417925477 -0.821573138
vn 0.40165925 -0.443246931 -0.801375031
vn 0.393717706 -0.470086902 -0.789939642
vn 0.400216401 -0.432203233 -0.808100939
vn 0.380699754 -0.441413522 -0.812540352
vn 0.404953897 -0.394236296 -0.824978888
vn 0.405826807 -0.388571799 -0.827234387
vn 0.311890602 -0.615427732 -0.723859787
vn 0.316496104 -0.599838912 -0.734862864
vn 0.373265535 -0.396513224 -0.838719428
vn 0.351855934 -0.453615338 -0.818798304
vn 0.361768067 -0.411960602 -0.836308718
vn 0.369763017 -0.386248916 -0.845036745
vn 0.373738706 -0.376040369 -0.847887397
vn 0.370390534 -0.377834469 -0.848558784
vn 0.359164864 -0.601555645 -0.713534474
vn 0.359976113 -0.548928678 -0.754383564
vn 0.387908608 -0.549332023 -0.740108967
vn 0.390854686 -0.515426457 -0.762606263
vn 0.39466995 -0.428433567 -0.812822402
vn 0.364527941 -0.388481826 -0.846286714
vn 0.354754835 -0.345579743 -0.868748307
vn 0.273715407 -0.662252605 -0.697496533
vn 0.315795302 -0.536024332 -0.782911956
vn 0.0225353036 -0.957150578 -0.288712502
vn 0.0745219737 -0.911870837 -0.403655797
vn 0.192715734 -0.732440293 -0.652986884
vn 0.241265312 -0.607413292 -0.756861985
vn 0.280588537 -0.488393158 -0.826282144
vn 0.308988154 -0.377655983 -0.872870147
vn 0.342171103 -0.409499824 -0.845712006
vn 0.358075291 -0.294165075 -0.88614279
vn 0.371619076 -0.0922941864 -0.923786283
vn 0.366702229 -0.189326525 -0.910870433
vn -0.118212663 0.00759100867 0.992959201
vn 0.987944663 7.07804866e-05 -0.154807657
vn 0.894210815 1.68520965e-05 -0.44764629
vn 0.975299597 -5.97430835e-06 0.22088629
vn 0.806610763 -1.40836819e-05 0.591082871
vn 0.504481196 -1.86251254e-05 0.863422692
vn 0.150630757 -2.06402401e-05 0.988590002
vn -0.091307722 -2.13683979e-05 0.995822728
vn 0.344108105 5.39206376e-05 -0.938930035
vn 0.520769596 1.7711156e-05 -0.85369736
vn 0.737681687 -4.87439029e-05 -0.675148666
vn -0.213996544 -0.537256122 -0.815819502
vn -0.25145784 -0.315168083 -0.915116429
vn -0.297632664 -0.428008348 -0.853360176
vn 0.992358804 1.70982423e-06 -0.123386055
vn 0.981961846 -0.00107993872 0.18907623
vn 0.985229552 -0.0151754627 -0.170565277
vn 0.942046583 -0.0160518456 0.335098058
vn 0.905594707 -0.00311103626 -0.424132735
vn 0.759410918 -0.0115299076 -0.650509179
vn 0.721524894 1.41798755e-05 -0.692388535
vn 0.571804106 1.69670548e-05 -0.820390165
vn 0.571805358 1.64034936e-05 -0.82038939
vn 0.0850030333 2.0705731e-05 -0.996380687
vn 0.0850028768 2.07656758e-05 -0.996380746
vn -0.175772846 1.98629314e-05 -0.98443079
vn -0.17451781 2.1372136e-05 -0.984654009
vn -0.644003868 -0.00302895252 -0.765016198
vn -0.592531264 1.99585265e-05 -0.805547416
vn -0.984161735 -0.0232507586 0.175741494
vn -0.996388316 -0.00318448502 -0.0848534629
vn -0.937579751 -0.0116486968 -0.347575009
vn -0.934856176 -0.0196931921 -0.354480147
vn -0.828921139 -0.0287682749 -0.558625221
vn 0.638255 -0.0115462812 0.769738555
vn 0.4245736 -1.91838153e-05 0.905393481
vn 0.424577445 -1.7519711e-05 0.905391574
vn -0.0850043222 -2.046585e-05 0.996380627
vn -0.0850045756 -2.05638589e-05 0.996380508
vn -0.085004501 -2.05337583e-05 0.996380627
vn -0.0850042403 -2.0435582e-05 0.996380568
vn -0.571807146 -1.67486414e-05 0.820388019
vn -0.571807325 -1.68247625e-05 0.82038784
vn -0.720211685 -1.39621216e-05 0.693754435
vn -0.759361386 -0.0116545167 0.65056473
vn -0.905180812 -0.00318610063 0.425014734
vn -0.98437202 -5.4768675e-06 0.17610155
vn 0.921284735 -9.49403784e-06 0.388888747
vn 0.820513487 -0.00312483427 0.571618617
vn 0.59357053 -1.77049042e-05 0.804781973
vn -2.95407312e-06 -1 -1.71629599e-05
vn 1.20666016e-06 -1 -2.80689637e-05
vn 3.12502289e-06 -1 -1.56964597e-05
vn -4.13787302e-06 -1 -2.24934374e-05
vn -3.84710546e-07 -1 -2.01597813e-05
vn 0.011740162 -0.993134618 -0.116386637
vn -1.07857454e-06 -1 -1.54644422e-05
vn 0.0175595321 -0.993032217 -0.116527133
vn -1.25274128e-05 -0.99999994 -1.67157177e-05
vn 2.35849916e-06 -0.99999994 -1.9509931e-05
vn 3.72899922e-06 -1 -2.14365409e-05
vn 1.361822e-06 -1 -2.7357697e-05
vn 5.27645989e-06 -1 -2.72620491e-05
vn -3.5706546e-06 -1 -1.88825416e-05
vn 5.66178605e-05 -1 7.23593257e-05
vn 9.26011053e-05 -1 2.80737131e-05
vn 0.000193073894 -1 -5.61740089e-05
vn -2.16414406e-07 -1 -2.47173029e-05
vn 1.09259588e-06 -1 -2.59589815e-05
vn -3.83895639e-07 -1 -2.57916035e-05
vn -7.68111306e-07 -1 -1.86701036e-05
vn -1.38491654e-08 -1 -1.35981609e-05
vn 7.05760669e-07 -1 -2.00422364e-05
vn -6.60157866e-06 -1 -2.08190049e-05
vn -3.53383621e-06 -0.99999994 -2.25431704e-05
vn 3.03010597e-06 -0.99999994 -2.03429645e-05
vn -0.278272629 0.557558 0.782108307
vn -0.273498982 0.454424649 0.847759604
vn -0.331189036 0.441257149 0.834029913
vn -0.329081088 0.0951630399 0.939494371
vn -0.377237856 0.27867499 0.883194149
vn -0.3144418 0.588573813 0.74478668
vn -0.165759027 0.00582324294 0.986149013
vn -0.21149765 0.0313199535 0.976876557
vn -0.21730864 0.0776170641 0.973012149
vn -0.276413262 0.0865730345 0.957131565
vn -0.299695402 0.230843484 0.925685644
vn -0.223554224 0.236274377 0.945620358
vn -0.289993763 0.360291064 0.886619449
vn -0.23473914 0.348186225 0.907559276
vn -0.253002793 0.385457814 0.887362301
vn -0.267434031 0.344609946 0.899846077
vn -0.0779941306 0.662513852 0.74497807
vn -0.266568899 0.637981474 0.722440839
vn -0.0160363466 0.746732116 0.664931536
vn -0.162329555 0.696203649 0.699249387
vn -0.0954805613 0.750706732 0.653699338
vn 0.0719190091 0.582550883 0.809606194
vn 0.0998639241 0.69904989 0.708065391
vn 0.108291544 0.849127412 0.516967595
vn -0.0766374171 0.79004842 0.6082353
vn 0.28490597 0.45971638 0.841123879
vn 0.305001557 0.609820902 0.731500149
vn -0.0729572996 0.881083369 0.467299938
vn -0.138759539 0.743469477 0.65421629
vn -0.00123847753 0.660901785 0.750471473
vn 0.144950897 0.565032959 0.812235832
vn 0.289113969 0.448770165 0.845587671
vn 0.0456529558 0.7303496 0.681546271
vn -0.12128818 0.82908076 0.545815229
vn 0.479061574 0.279113203 0.832223415
vn 0.27781111 0.53106916 0.800491452
vn -0.0805474222 0.875954211 0.475622118
vn 0.102606617 0.772594512 0.626553595
vn 0.330560714 0.572104514 0.750617087
vn 0.523111224 0.310492873 0.793693125
vn 0.329556137 0.924918473 0.189521775
vn 0.0562361702 0.994305253 0.0905234069
vn 0.011561689 0.97583127 0.218219548
vn 0.00675559463 0.999283373 -0.0372463539
vn 0.105688773 0.99409914 -0.024427183
vn 0.31979081 0.94740653 0.0124319261
vn 0.520819962 0.852644563 0.0417573787
vn 0.644998312 0.706896245 0.290301234
vn 0.691886008 0.718872249 0.0672032982
vn 0.836262167 0.540639818 0.0915113688
vn 0.860165358 0.377391249 0.343061805
vn 0.935187995 0.33853364 0.104011491
vn -0.0406174026 0.931324422 0.361918539
vn 0.172259584 0.838861585 0.516369939
vn 0.430914074 0.627680182 0.648329079
vn 0.634846985 0.333675742 0.696871459
vn 0.259809613 0.898312569 0.354307353
vn 0.551436484 0.683404624 0.478410006
vn 0.763499796 0.365606904 0.532352865
vn 0.111076966 0.987480462 -0.11200159
vn 0.367435247 0.924487233 -0.101561353
vn 0.383132547 0.90650779 -0.177349955
vn 0.696112037 0.711167216 -0.0983322114
vn 0.914722443 0.397533655 -0.0724562034
vn 0.484160572 0.851868808 -0.199770257
vn 0.200404868 0.951417446 -0.233758211
vn 0.170937121 0.961762547 -0.213993773
vn 0.790415227 0.59961921 -0.125301942
vn 0.452431947 0.873742878 -0.178546324
vn 0.442061245 0.880304754 -0.172178552
vn 0.145428106 0.968022287 -0.204410002
vn 0.430994749 0.881834269 -0.191341966
vn 0.15563643 0.964872837 -0.211654499
vn 0.433646262 0.875229061 -0.214301065
vn 0.146745607 0.964746833 -0.21847038
vn 0.387603641 0.895013869 -0.220711678
vn 0.161239818 0.968165576 -0.191460833
vn 0.145818874 0.978688478 -0.144587994
vn 0.957651198 0.28760317 -0.0137410462
vn 0.954440951 0.297350585 -0.0250019263
vn 0.967375755 0.251561701 -0.0300156474
vn 0.76708138 0.632980645 -0.104507051
vn 0.758732378 0.642156363 -0.10936299
vn 0.747414887 0.648673892 -0.143503457
vn 0.73842591 0.648356974 -0.185365245
vn 0.723747373 0.659754932 -0.202269912
vn 0.70480895 0.68898201 -0.168962196
vn 0.949240863 0.305378377 -0.0754045174
vn 0.941294968 0.313653499 -0.124840915
vn 0.929535806 0.334342986 -0.155492872
vn 0.917836785 0.37300092 -0.135815054
vn 0.921259344 0.347489655 -0.174734816
vn 0.731908381 0.633808434 -0.250193775
vn 0.446321636 0.849942684 -0.279990256
vn 0.196406811 0.940235078 -0.278176755
vn 0.471323848 0.119361818 -0.873845816
vn 0.424308479 0.227898523 -0.876370132
vn 0.521546304 0.384804785 -0.76152128
vn 0.868340611 0.322987318 -0.376382619
vn 0.330398202 0.346931815 -0.877767324
vn 0.247524574 0.45018819 -0.857940674
vn 0.348607659 0.449499607 -0.822449327
vn 0.38970539 0.537179351 -0.748042762
vn 0.424621195 0.711336672 -0.560086608
vn 0.616154313 0.512779474 -0.597838759
vn 0.762191713 0.277748644 -0.584738791
vn 0.695596159 0.588132739 -0.412608534
vn 0.621197402 0.201133221 -0.757402897
vn 0.452008784 0.802455246 -0.389555544
vn 0.206759423 0.922518253 -0.325899631
vn 0.252290964 0.663532853 -0.704324722
vn 0.366598666 0.677097738 -0.638078511
vn 0.231866002 0.842978835 -0.48541218
vn 0.284682155 0.860114038 -0.423272818
vn 0.12942481 -0.891605139 -0.433923602
vn 0.2289415 -0.30570522 -0.924191594
vn 0.228020459 -0.00137492048 -0.973655343
vn 0.262918115 0.0483532958 -0.963605762
vn 0.250119388 0.355544776 -0.900571108
vn 0.295306623 0.0857710242 -0.951544642
vn 0.236437812 0.336267829 -0.91160357
vn 0.214148268 0.317167938 -0.923875034
vn 0.258575082 0.379877478 -0.888162196
vn 0.310017198 0.18428649 -0.932699263
vn 0.350475818 -0.179934591 -0.919124722
vn 0.264647186 -0.209782869 -0.941250741
vn 0.316036195 -0.263195604 -0.911509275
vn 0.292373955 -0.455900073 -0.840638161
vn 0.363201886 -0.498692662 -0.787013352
vn 0.280293167 -0.625596404 -0.728055477
vn 0.251587272 -0.734679222 -0.630039871
vn 0.438234836 -0.147432685 -0.88668704
vn 0.393818796 -0.0836401582 -0.915374875
vn 0.43665871 0.0456531644 -0.898468077
vn 0.438371807 -0.327580065 -0.836971581
vn 0.20987536 -0.546591341 -0.81067282
vn 0.256878912 -0.439976752 -0.860484481
vn 0.177527279 -0.748324931 -0.639135242
vn 0.238813072 -0.629961789 -0.738996863
vn 0.135816827 -0.892471313 -0.43017295
vn 0.204087585 -0.787339211 -0.581760466
vn 0.0896385983 -0.973948598 -0.208300248
vn 0.0998059809 0.0311772563 -0.994518459
vn 0.0952996612 0.00267928303 -0.995445073
vn 0.111123085 -0.284790367 -0.952127159
vn 0.0907776058 -0.305012316 -0.948012114
vn 0.110221691 -0.532831907 -0.839012206
vn 0.0799021125 -0.545064032 -0.834578335
vn 0.100587375 -0.73985225 -0.665207326
vn 0.063382566 -0.746694863 -0.662140071
vn 0.0856220052 -0.888838887 -0.450149238
vn 0.0390543081 -0.914821208 -0.401966274
vn 0.0739673451 -0.971440196 -0.22546117
vn 0.151733607 0.325816453 -0.93317765
vn 0.0961588696 0.320162773 -0.942469716
vn 0.0777916014 0.348364562 -0.934125602
vn 0.159480661 -0.00239542895 -0.987198174
vn 0.15159516 -0.308415949 -0.939094603
vn 0.133419901 -0.546898007 -0.826499701
vn 0.105902612 -0.747290909 -0.656003714
vn 0.0634795129 -0.914237797 -0.400174439
vn 0.991300106 -0.101459339 -0.0838456154
vn 0.995426655 0.0413444713 -0.0861188173
vn 0.841984928 0.120881133 -0.525784314
vn 0.441857666 -0.856576681 -0.266529649
vn 0.844687223 0.0385976918 -0.533866823
vn 0.50465548 0.173419714 -0.845723629
vn 0.221023947 -0.286467046 -0.932247281
vn 0.248197421 -0.536107123 -0.806837797
vn 0.358862609 -0.264363289 -0.895170212
vn 0.421692222 -0.501378119 -0.755510271
vn 0.480229199 -0.216863751 -0.849911809
vn 0.574512064 -0.429926783 -0.696490526
vn 0.573738813 -0.151407048 -0.804922163
vn 0.69449538 -0.330592632 -0.639049888
vn 0.748286426 -0.18604143 -0.636754274
vn 0.167073816 0.0320296399 -0.985423982
vn 0.251154423 0.0383433178 -0.967187345
vn 0.322723866 0.0528322309 -0.945017517
vn 0.379488736 0.0789240077 -0.921823919
vn 0.464989036 0.0718816146 -0.882393539
vn 0.495703369 0.118025541 -0.86043489
vn 0.797032714 -0.0603085272 -0.600917399
vn 0.507004261 0.164858565 -0.846030831
vn 0.61991787 -0.758235395 -0.20194304
vn 0.771014631 -0.623464763 -0.129722953
vn 0.246170789 -0.88498354 -0.395226687
vn 0.187190458 -0.954968274 -0.230207309
vn 0.924139202 -0.189405054 -0.331801832
vn 0.960680604 -0.272195488 -0.0547946393
vn 0.862698674 -0.342982233 -0.371637136
vn 0.881263912 -0.465360761 -0.0825430825
vn 0.762574613 -0.486887097 -0.425935268
vn 0.624037921 -0.608569384 -0.490122378
vn 0.45094198 -0.696709394 -0.557895422
vn 0.255890995 -0.741052806 -0.62077409
vn 0.102701582 0.3241162 -0.940426111
vn 0.123540394 0.319155663 -0.939615607
vn 0.141052604 0.30853042 -0.940698266
vn 0.156274989 0.29637447 -0.942199707
vn 0.14826116 0.295310378 -0.94382751
vn 0.183548614 0.254962236 -0.949370325
vn 0.187636226 0.23380062 -0.954007328
vn 0.19395493 0.192692935 -0.961899638
vn 0.226575017 0.0485954508 -0.972780704
vn 0.21926415 0.125217721 -0.967596889
vn 0.50753206 0.0965129584 -0.85621047
vn 0.846328795 0.0835827515 -0.52606225
vn 0.995485961 0.0459899828 -0.0830220729
vn -0.312148452 0.917473435 0.246588215
vn -0.193226799 0.882045209 0.429720312
vn -0.136387274 0.921276748 0.364208221
vn -0.264029235 0.929004014 0.259306818
vn -0.104233287 0.95856905 0.265105337
vn -0.0761587471 0.974531293 0.210922748
vn -0.209739417 0.96783036 0.138973296
vn -0.122883201 0.990040183 -0.0687039867
vn -0.0491990373 0.998751521 -0.0086538652
vn -0.141199365 0.98923707 0.0383772142
vn 0.0595620088 0.539448023 -0.839909554
vn 0.0693337992 0.455675811 -0.887441516
vn 0.0986393765 0.0823661312 -0.991708755
vn 0.0997306183 0.151717588 -0.983379662
vn 0.0872001648 0.199247658 -0.976061702
vn 0.0771878883 0.268026024 -0.960314572
vn 0.0764188245 0.318066329 -0.944983542
vn 0.0751685202 0.392905414 -0.916501522
vn 0.0543522984 0.598716438 -0.799114823
vn 0.0719371736 0.724682868 -0.685317338
vn 0.0632183328 0.804273129 -0.590887547
vn 0.0661435276 0.88032335 -0.469740212
vn 0.0629943386 0.928289354 -0.366484046
vn 0.0546828322 0.980408907 -0.189230457
vn 0.0637468174 0.973375678 -0.220172793
vn 0.0648612007 0.965674698 -0.251526207
vn -0.000532563194 0.992978871 -0.118290603
vn 0.0434010327 0.998264551 -0.0398016497
vn 0.0477105491 0.992208242 -0.115093604
vn 0.0132791009 0.999868691 0.00929649547
vn 0.00906522665 0.999853671 -0.0145063559
vn -0.049734097 0.98516041 0.164273128
vn -0.023339821 0.992338896 0.121320963
vn 0.000413858856 0.995340228 0.0964239612
vn -0.179185271 0.688510776 0.702741325
vn -0.171277374 0.592672229 0.787022054
vn -0.274427891 0.516091347 0.811380982
vn -0.272806227 0.418060958 0.866488159
vn -0.374900162 0.469255745 0.799530447
vn -0.282418281 0.519507408 0.806444049
vn -0.28118977 0.455341905 0.844746113
vn -0.410143822 0.0393011644 0.911173701
vn -0.277078331 0.113475084 0.954123199
vn -0.136007056 0.767645717 0.626276433
vn -0.125263274 0.80242312 0.583460629
vn -0.241685942 0.599375367 0.763110101
vn -0.466427714 0.0705438852 0.881741822
vn -0.382335633 0.306685269 0.871644199
vn -0.47812888 0.0362180434 0.877542555
vn -0.382237613 0.106757827 0.917876542
vn -0.315514177 0.12875694 0.940144897
vn -0.22290051 0.205203712 0.952998877
vn -0.149622813 0.377375782 0.913893104
vn -0.237755105 0.364520967 0.900331616
vn -0.298700005 0.314292073 0.901109755
vn -0.560790837 0.100849062 0.821792603
vn -0.532630265 0.281169146 0.798278749
vn -0.731056392 0.252795398 0.633759439
vn -0.551776946 0.179746181 0.814391553
vn -0.754825056 0.162804589 0.635400474
vn -0.760953605 0.0901770443 0.642508864
vn -0.684215546 0.289770484 0.669240117
vn 0.0430883467 -0.980946422 -0.189439967
vn 0.0651534572 -0.980066299 -0.187683418
vn 0.0786568299 -0.975608289 -0.204943106
vn -0.100310758 -0.991031647 0.0882839039
vn -0.136921093 -0.970397592 0.198950037
vn -0.193640366 -0.957626104 0.213203415
vn -0.235297471 -0.918753803 0.317059368
vn -0.156915322 -0.980835974 0.115492679
vn -0.117212139 -0.993014038 0.0135711161
vn -0.0633345097 -0.997836888 -0.0176148508
vn 0.11266192 -0.675406516 -0.728788912
vn 0.119297892 -0.526937187 -0.841489792
vn 0.185099438 -0.49635148 -0.848158896
vn 0.101944819 -0.963401496 -0.247920781
vn -0.38316527 -0.402782291 0.831234515
vn -0.367622614 -0.375476211 0.850806177
vn -0.325777113 -0.443593055 0.834921896
vn 0.0850427076 -0.90481478 -0.417226374
vn 0.0646935329 -0.909156144 -0.411399871
vn 0.0756859779 -0.849313676 -0.522434652
vn 0.0540905669 -0.983123899 -0.174761847
vn 0.0479695201 -0.983136177 -0.17647098
vn 0.0444753841 -0.986584485 -0.157076329
vn 0.0496397316 -0.986657619 -0.155056581
vn 0.0520130694 -0.986064017 -0.158026829
vn 0.0546810366 -0.985952318 -0.157822877
vn 0.0456775725 -0.992511392 -0.113289863
vn 0.0446529239 -0.991821826 -0.119564459
vn 0.0463521332 -0.988542318 -0.143651202
vn 0.0412735082 -0.998494446 -0.0361279696
vn 0.0397400074 -0.998477161 -0.0382653736
vn 0.0376318656 -0.999144197 -0.0171668604
vn 0.0390846618 -0.998458624 -0.0394067056
vn 0.0259488001 -0.996844232 -0.0750211775
vn 0.0323703289 -0.992881715 -0.114621252
vn 0.0183113292 -0.994314671 -0.104895361
vn 0.0277017187 -0.994558573 -0.100428358
vn 0.0266907811 -0.994923651 -0.0970285535
vn 0.0312072299 -0.994202375 -0.102897361
vn 0.0403464809 -0.993242741 -0.108816952
vn 0.0462263674 -0.99288547 -0.109733887
vn 0.0580473132 -0.997934163 -0.0275298972
vn 0.0498663001 -0.998305261 -0.0299976952
vn 0.0438094549 -0.998477161 -0.0335288756
vn 0.0555706583 -0.998206556 -0.0222602636
vn 0.0457167178 -0.997050464 0.0616464801
vn 0.0560380891 -0.998323262 -0.014510286
vn 0.056918487 -0.998310804 -0.011659584
vn 0.0989899486 -0.99493444 -0.0175070334
vn 0.0956138298 -0.993509114 -0.061624743
vn 0.100556195 -0.994714499 -0.0207711924
vn 0.104541332 -0.993972957 -0.0329970568
vn 0.0872434378 -0.996157169 -0.00770756276
vn 0.085622251 -0.99600172 0.0254859067
vn 0.0896834582 -0.995933831 -0.00852698926
vn 0.09514267 -0.995387912 -0.0122861387
vn 0.0873962119 -0.996149957 -0.00686719222
vn 0.0750088692 -0.997182906 8.20063542e-06
vn 0.0577373132 -0.998287916 -0.009348616
vn 0.0827052072 -0.885264635 -0.45767504
vn 0.0847597867 -0.92453742 -0.371545881
vn 0.0925941393 -0.967546642 -0.235116377
vn 0.099225454 -0.977832854 -0.184383377
vn 0.0995364934 -0.980584621 -0.168956414
vn 0.0976434723 -0.985299826 -0.140179083
vn 0.0989204645 -0.990649223 -0.0939618647
vn 0.0984969214 -0.898862243 -0.42701894
vn 0.101378664 -0.920400202 -0.377605498
vn 0.101740897 -0.901633739 -0.420363426
vn 0.144182831 -0.803421378 -0.577689886
vn 0.101500824 -0.829064488 -0.549863279
vn 0.140017197 -0.958984435 -0.246462926
vn 0.142364129 -0.927534044 -0.3455621
vn 0.11937435 -0.962257922 -0.24455969
vn 0.0962755531 -0.970573545 -0.220721304
vn 0.132488668 -0.952641487 -0.273716956
vn 0.131024987 -0.94262439 -0.307069629
vn 0.135895818 -0.913343728 -0.383843035
vn 0.134235844 -0.937805653 -0.320158422
vn 0.115580544 -0.939610124 -0.32213968
vn 0.0723222494 -0.978692293 -0.192174196
vn 0.0701012909 -0.979581118 -0.18843177
vn 0.0686007366 -0.979809523 -0.187795892
vn 0.0649666861 -0.980233252 -0.186874494
vn 0.0742113218 -0.977978289 -0.195067242
vn 0.0759554729 -0.977360845 -0.197475463
vn 0.0779663175 -0.976707518 -0.199908897
vn 0.0808406994 -0.97585237 -0.202920943
vn 0.0899658129 -0.974066019 -0.207609326
vn 0.0947537646 -0.973263443 -0.209236562
vn -0.297732413 -0.373184443 0.878685772
vn -0.319786608 -0.381526321 0.867279768
vn -0.344663888 -0.387583613 0.854977071
vn -0.282503098 -0.362596959 0.888096452
vn -0.286255598 -0.432151496 0.855162382
vn -0.258053392 -0.560296595 0.787068009
vn -0.215772629 -0.714272141 0.665775836
vn -0.197556689 -0.797267616 0.570382178
vn -0.169652596 -0.875173867 0.453088105
vn -0.0234650336 -0.999405086 -0.0252740998
vn -0.0576285124 -0.994556904 0.0868080184
vn -0.0938932374 -0.974209845 0.205181047
vn -0.132457435 -0.933544576 0.333090872
vn 0.0130706932 -0.991835594 -0.126851097
vn 0.042564217 -0.979978621 -0.194499627
vn 0.0516097993 -0.97621578 -0.210568383
vn 0.0565361492 -0.976121366 -0.209739536
vn 0.167827517 -0.808863103 -0.563537478
vn 0.182469383 -0.646585584 -0.740697026
vn 0.0750852078 -0.449402094 -0.890168488
vn 0.0741658658 -0.552157044 -0.83043474
vn 0.0838422775 -0.890100956 -0.447985262
vn 0.07823883 -0.7846542 -0.614976823
vn 0.0749054998 -0.671604514 -0.737113655
vn 0.0945453346 -0.970387101 -0.222283676
vn 0.091427438 -0.994625747 -0.0485866666
vn 0.0810726508 -0.995076954 0.0570003204
vn 0.0588423871 -0.987493634 0.14626582
vn 0.0202654488 -0.967856765 0.250684142
vn -0.0202436261 -0.936986506 0.348778695
vn -0.0618859306 -0.893474281 0.444830179
vn -0.109224655 -0.828198731 0.549687922
vn -0.244585961 -0.535182714 0.808552504
vn -0.205663651 -0.637799859 0.742235661
vn -0.159382924 -0.739571929 0.653934598
vn -0.273843884 -0.438452452 0.856019258
vn -0.351428926 0.000192923602 0.936214566
vn -0.328031063 -0.0936511755 0.940013409
vn -0.323216021 -0.170520857 0.930835128
vn -0.31340456 -0.255588502 0.914577484
vn -0.297269732 -0.343929082 0.890698254
vn -0.416230261 -0.205945671 0.885628998
vn -0.415729851 -0.16823563 0.893792748
vn -0.415595263 -0.10024257 0.904008806
vn -0.417832494 -0.0854217038 0.904499352
vn -0.417560846 -0.00200476684 0.908646762
vn -0.409957737 -0.309766442 0.857892513
vn -0.413158506 -0.293406129 0.862097979
vn -0.410944581 -0.320811301 0.85334909
vn -0.420696616 -0.265815824 0.867384732
vn -0.416296452 -0.227965996 0.880186796
vn -0.342750907 -0.288694799 0.893967032
vn -0.3470231 -0.291127115 0.891526818
vn -0.35105136 -0.29456532 0.888816178
vn -0.349038601 -0.303808957 0.886494279
vn -0.343221694 -0.301540941 0.889534593
vn -0.363161623 -0.330653876 0.871080756
vn -0.363735527 -0.370555401 0.854625762
vn -0.367845953 -0.376177192 0.850399971
vn -0.394237578 -0.336485803 0.855192363
vn -0.394284576 -0.398924619 0.827888191
vn -0.395455331 -0.441926122 0.805181026
vn -0.407066524 -0.376421005 0.832228363
vn -0.408935934 -0.325251132 0.852632999
vn 0.0753958076 -0.715340853 -0.694696248
vn 0.0754410699 -0.575859904 -0.814060211
vn 0.0730620101 -0.456882507 -0.886521459
vn -0.0267269462 -0.994695067 -0.0993344486
vn 0.0164342802 -0.986546338 -0.162654221
vn -0.0250354875 -0.992948413 -0.11587365
vn 0.0219639931 -0.980213761 -0.196719825
vn 0.00427228725 -0.984028101 -0.177961588
vn -0.0397284776 -0.989269435 -0.140597478
vn -0.0761691257 -0.993990123 -0.0786251351
vn -0.105012067 -0.994459629 0.00474687153
vn -0.16479291 -0.979635954 0.114702262
vn -0.0617127754 -0.996126354 -0.0626397207
vn -0.0132428771 -0.986282349 -0.164534628
vn -0.235330343 -0.930613756 0.280317217
vn -0.341285199 -0.57853061 0.740828395
vn -0.295793742 -0.578736842 0.759980202
vn -0.297569096 -0.73869735 0.604796708
vn -0.259577364 -0.732494831 0.629341602
vn -0.241856694 -0.872666001 0.424216121
vn -0.212379202 -0.860988498 0.462162107
vn -0.172146499 -0.932147205 0.318539172
vn -0.283531696 -0.851205111 0.441655487
vn -0.329447985 -0.736706853 0.59053117
vn -0.360459626 -0.588818967 0.723437071
vn -0.376938611 -0.451196104 0.808912456
vn -0.296410412 -0.83392179 0.465526789
vn -0.342655838 -0.707863688 0.617669761
vn -0.374498427 -0.571416318 0.730228961
vn 0.0625677332 -0.976767957 -0.204962492
vn -0.00788357854 -0.999653459 0.0251183044
vn 0.0115566514 -0.988484681 0.150878742
vn -0.0115583036 -0.994043827 0.108366847
vn -0.0240445267 -0.972355306 0.232265308
vn -0.0413510688 -0.987852514 0.149791524
vn -0.0810850486 -0.949706733 0.302460462
vn -0.0645770431 -0.983201206 0.170719415
vn -0.154849216 -0.951684892 0.265174627
vn -0.0598713644 -0.996102512 0.0647702217
vn -0.103446655 -0.984699309 0.140235603
vn -0.394004613 -0.0968526229 0.913991213
vn -0.363234222 -0.0958416834 0.92675525
vn -0.391828179 -0.195348501 0.899060428
vn -0.355379462 -0.182929844 0.916647255
vn -0.385544032 -0.300287098 0.87245822
vn -0.346856892 -0.278457969 0.895629108
vn -0.374150842 -0.41295144 0.830350697
vn -0.332943588 -0.378993839 0.86343056
vn -0.355042189 -0.533614457 0.767594039
vn -0.311926782 -0.485375792 0.816769302
vn -0.324979186 -0.659352362 0.677969813
vn -0.281812638 -0.596907198 0.75118804
vn -0.280835271 -0.782141924 0.556224465
vn -0.240687132 -0.710168779 0.661611676
vn -0.222539008 -0.885957122 0.406886339
vn -0.1884446 -0.815545917 0.547150314
vn -0.136316478 -0.894777298 0.425195903
vn 0.0752372295 -0.77193594 -0.631232381
vn 0.0705447569 -0.650594115 -0.75614202
vn 0.0693647712 -0.5320521 -0.843865514
vn -0.392574549 0.00158568274 0.919718862
vn -0.408827841 0.00663952436 0.912587345
vn 0.931801498 -4.58664908e-06 0.362968296
vn 0.931800961 -9.95423306e-06 0.362969846
vn 0.931801856 -9.99161512e-06 0.362967432
vn 0.931802154 -6.25832718e-06 0.362966657
vn 0.931801796 -8.35311403e-06 0.362967551
vn 0.931802154 -1.12543412e-05 0.362966776
vn 0.931802988 -8.45610066e-06 0.362964332
vn 0.931803763 -7.34899777e-06 0.362962365
vn 0.931803823 -8.440692e-06 0.362962276
vn 0.93180269 -2.56056228e-06 0.362965226
vn 0.9318012 -5.13579289e-06 0.36296913
vn 1.27375752e-05 -1 -5.11527651e-05
vn 1.37072057e-05 -1 -5.11909057e-05
vn 1.34127367e-05 -0.99999994 -5.02679432e-05
vn 0.0714940131 -0.99723351 0.0203467719
vn 0.080765076 -0.996462941 0.0232093204
vn 0.820874572 -0.52087605 0.234206915
vn 0.828238785 -0.508359611 0.235777214
vn 0.776571631 -0.589553118 0.222179651
vn 0.763912022 -0.607715905 0.217070878
vn 0.576692462 -0.800108314 0.165082827
vn 0.568245411 -0.80672878 0.16212903
vn 0.30336532 -0.948883116 0.0871222541
vn 0.299405664 -0.950315356 0.0851877779
vn 0.0303803775 -0.999513805 0.0070147533
vn 0.0748146549 -0.996965945 0.0214852709
vn 0.26049155 -0.962264597 0.0786831379
vn 0.199584052 -0.978426754 0.0533599555
vn 0.488693416 -0.860609472 0.143283263
vn 0.44620505 -0.885836065 0.12726149
vn 0.723435879 -0.658758461 0.20658569
vn 0.692826986 -0.693473577 0.197699532
vn 0.00611293549 -0.999960899 0.00638238667
vn 0.00495575648 -0.999948978 0.00880698022
vn 0.00836117193 -0.999961913 0.00250018109
vn 0.00685962755 -0.999962211 0.00532652205
vn 0.00834837183 -0.999961913 0.00251724664
vn 0.00835638493 -0.999961853 0.00252977922
vn 0.00903446786 -0.99995786 0.00159828959
vn 0.00835429411 -0.999961853 0.00252999808
vn 0.00833591819 -0.999962091 0.00251844688
vn 0.0083468603 -0.999961913 0.00252135936
vn 0.00834157784 -0.999962032 0.00251671812
vn 0.0083494531 -0.999961972 0.00252192118
vn 0.00835128315 -0.999961972 0.00252361642
vn 0.00835481193 -0.999961853 0.00252450956
vn 0.00835198723 -0.999961853 0.00252825255
vn 0.00835201051 -0.999961913 0.00251730462
vn 0.0084057888 -0.999961734 0.00241675763
vn 0.00834773947 -0.999961972 0.00251854141
vn 0.00874812622 -0.999959111 0.00226867432
vn 0.0238322355 -0.999222994 -0.0313927755
vn 0.0229960158 -0.999297917 -0.0295759402
vn 0.013896524 -0.999854326 -0.00991546828
vn 0.0083597796 -0.999961913 0.00249677734
vn 0.00830099918 -0.999962151 0.00260620192
vn 0.00835297909 -0.999961972 0.00251027825
vn 0.00835370831 -0.999961853 0.00251582731
vn 0.00835409854 -0.999961972 0.00252002152
vn 0.00835835747 -0.999961793 0.0025268856
vn 0.00835732929 -0.999961853 0.00252101524
vn 0.00834814925 -0.999962032 0.00251666037
vn 0.00834353548 -0.999962032 0.00251734373
vn 0.00833520945 -0.999962091 0.00251179212
vn 0.00835116301 -0.999961853 0.00252447953
vn 0.00835409015 -0.999961853 0.00252737524
vn 0.00834986288 -0.999961972 0.00252585462
vn 0.0083481418 -0.999961972 0.0025172818
vn 0.00834828429 -0.999961913 0.00252669631
vn 0.00833059568 -0.999962211 0.00251688971
vn 0.00834948476 -0.999962032 0.00252151047
vn 0.00835190713 -0.999961913 0.00252544694
vn 0.0083469525 -0.999962032 0.00252023502
vn 0.00835079607 -0.999961913 0.00252713333
vn 0.00835017022 -0.999961972 0.00252933661
vn 0.00834868383 -0.999961972 0.00252156332
vn 0.00834813714 -0.999961972 0.00252102339
vn 0.00834776182 -0.999961972 0.00252608187
vn 0.00835016184 -0.999961913 0.00252738432
vn 0.0083482014 -0.999961913 0.00252002641
vn 0.00834430382 -0.999962032 0.00252396544
vn 0.979424596 0.00415721862 -0.201767147
vn 0.94421041 6.66523147e-06 -0.329342693
vn 0.93756789 0.00888512004 -0.347688735
vn -0.468885034 1.78852624e-05 -0.883259177
vn -0.41005978 -0.00253864774 -0.912055135
vn -0.338145465 0.00218696799 -0.941091299
vn -0.130187735 0.00887748692 -0.991449594
vn -0.223380372 0.00169464294 -0.974729776
vn 0.322793633 -0.000612808275 -0.946469188
vn 0.153811395 0.00448418781 -0.988090098
vn 0.313588768 0.00801387616 -0.949525118
vn 0.0212602485 0.00597443432 -0.999756098
vn -0.110994883 2.02034844e-05 -0.993820965
vn 0.476104975 0.00238878001 -0.879385233
vn 0.693782747 0.00761248544 -0.720144093
vn 0.615900338 0.00134291907 -0.787822902
vn 0.901306689 0.00161099585 -0.433178544
vn 0.842754722 0.00209042337 -0.53829366
vn 0.739941299 9.51082111e-05 -0.672671378
vn 0.9976933 0.00287526823 -0.0678222775
vn 0.995377779 0.00626547821 0.0958327353
vn 0.994488418 -0.000679132238 0.104843907
vn 0.855791271 0.00206954055 0.517317057
vn 0.906612396 0.00436567608 0.421941787
vn 0.962833166 0.00535972742 0.270043612
vn 0.608505726 0.00565299625 0.793529391
vn 0.562699795 0.0137375286 0.826547146
vn 0.623097658 0.0239443127 0.781777442
vn 0.712280095 0.00985506643 0.701826155
vn 0.821940005 0.000108570384 0.569574177
vn 0.474031121 0.00239293906 0.880504966
vn 0.401127368 0.0115028452 0.915950119
vn 0.392120332 0.000172581756 0.919914007
vn 0.319357157 0.00572913187 0.947616994
vn 0.240604326 0.0101779364 0.970570028
vn 0.254719704 0.000245637406 0.967014849
vn 0.0811760575 0.00616122037 0.996680737
vn 0.0985181406 0.00878432766 0.995096445
vn 0.168744117 0.0150297498 0.985545337
vn -0.0874198973 0.00705821393 0.99614656
vn -0.330564529 0.00924320798 0.943738103
vn -0.287184 0.00954124238 0.957827926
vn -0.172163561 0.0222819448 0.984816313
vn -0.0645271018 0.0102370791 0.997863472
vn -0.00532606523 0.0205921363 0.999773681
vn -0.465215087 0.00867962465 0.885155141
vn -0.703709424 0.015238231 0.710324407
vn -0.578517854 0.00731827132 0.815636873
vn -0.94490689 0.00111235457 0.327337474
vn -0.905465484 0.00726847025 0.424357712
vn -0.963233829 0.0145141883 0.268271953
vn -0.821145236 0.032020729 0.569820285
vn -0.766262829 0.0241804421 0.642072141
vn -0.685013115 -1.77778165e-05 0.728530824
vn -0.96759212 0.0165837947 -0.251973063
vn -0.959379792 5.16164619e-06 -0.282117844
vn -0.989627004 0.00323395617 -0.14362447
vn -0.999619067 0.0141141471 -0.0237155166
vn -0.996763825 0.0129570086 0.0793340728
vn -0.974689543 3.12572229e-06 0.223562464
vn -0.909800351 0.0135336062 -0.41482541
vn -0.710496843 0.0113893161 -0.703608215
vn -0.84618485 0.0108065568 -0.532779813
vn -0.356606007 0.00213052006 -0.934252441
vn -0.470284224 0.0110198678 -0.882446229
vn -0.268295467 0.0112370476 -0.963271141
vn -0.606300116 0.00960466638 -0.795177996
vn -0.738672256 -0.000165466234 -0.674064755
vn 0.156295836 2.08654419e-05 -0.987710357
vn 0.0180262215 0.0123364851 -0.999761403
vn 0.0820895582 -0.00143132056 -0.996623933
vn -0.1110413 0.0124125453 -0.993738294
vn -0.245019197 1.70645999e-05 -0.969518244
vn 0.152004629 -0.00593325961 -0.988361955
vn 0.0455242246 -0.0159796514 -0.998835444
vn -0.147700369 2.155947e-05 -0.98903209
vn -0.0886647776 -0.0101011805 -0.996010363
vn -0.162248865 -0.015634276 -0.986625969
vn -0.0365487039 -0.0109955296 -0.999271452
vn 0.0544139184 -0.00012319602 -0.998518527
vn -0.424154282 -0.00688906806 -0.905563712
vn -0.359359145 0.00032463207 -0.933199286
vn -0.363393456 -0.0140316067 -0.931530118
vn -0.278552443 -0.00502683455 -0.960407913
vn -0.203489482 -0.00229681656 -0.979074538
vn -0.484381706 -0.00697169825 -0.874829054
vn 0.0136282071 0.99323076 -0.115355901
vn -0.0253097285 0.995215356 -0.0943707451
vn -0.0107876733 0.98690176 -0.160961539
vn 0.0451125838 0.989631236 -0.136363134
vn 0.0526534878 0.992491007 -0.110404752
vn 0.0403601192 0.991721392 -0.121900164
vn 0.0462328121 0.992890418 -0.109686427
vn 0.115760505 0.939689994 -0.321842045
vn 0.10349974 0.919691503 -0.378755152
vn 0.101740226 0.901653826 -0.42032057
vn 0.106799737 0.964294255 -0.242343754
vn 0.0822838396 0.974927545 -0.206750453
vn 0.162657246 0.808900416 -0.56499809
vn 0.0810998604 0.464787155 -0.881700456
vn 0.0777734369 0.574640095 -0.814702451
vn 0.0861666128 0.994561851 -0.0584967025
vn -0.396977037 0.39257887 0.829633176
vn -0.392928094 0.335490704 0.856185436
vn -0.376000434 0.448764473 0.810699761
vn -0.36373648 0.37052545 0.854638338
vn -0.351151615 0.294495016 0.888799846
vn -0.348944008 0.304144889 0.886416316
vn -0.367849648 0.376100808 0.850432098
vn -0.369902462 0.340134531 0.864569724
vn -0.343204379 0.30146578 0.889566839
vn -0.346365273 0.286719948 0.893209338
vn -0.342321813 0.288695186 0.894131422
vn -0.408261299 0.319642931 0.85507375
vn -0.428791761 0.261294037 0.864790738
vn -0.413479 0.292302459 0.862319171
vn -0.410130888 0.308408231 0.858298898
vn -0.415330112 0.355699629 0.837244749
vn -0.394022167 0.439468831 0.807225943
vn -0.412655443 0.373521656 0.830781043
vn -0.399438143 0.392381698 0.828544319
vn -0.422337919 0.234456286 0.875591755
vn -0.414801955 0.206064999 0.886271119
vn -0.41572836 0.168197304 0.893800676
vn -0.416609287 0.106107622 0.902872026
vn -0.414559275 0.0878533721 0.905771732
vn -0.328473777 0.0932726189 0.939896286
vn -0.324010611 0.169770852 0.930695951
vn -0.315101653 0.255784512 0.913939476
vn -0.284809023 0.434797198 0.854303837
vn -0.310362428 0.351569682 0.883217931
vn -0.253566146 0.538829923 0.803347051
vn -0.219422251 0.641730309 0.734871447
vn -0.175621063 0.744813144 0.64374727
vn -0.122796774 0.830883384 0.542728186
vn -0.0799671635 0.901766062 0.424762636
vn -0.0337220617 0.939893067 0.339799821
vn 0.0478064977 0.990555227 0.128510356
vn 0.0100666294 0.970819414 0.239600286
vn 0.073406294 0.996580184 0.0379419997
vn 0.0907558873 0.968468726 -0.232016295
vn 0.07009992 0.668848097 -0.740086675
vn 0.0712585598 0.780133843 -0.621541142
vn 0.0792860091 0.887933016 -0.453087896
vn 0.0735026821 0.448338151 -0.890836835
vn 0.0702453554 0.548879862 -0.832944512
vn 0.117638446 0.523814023 -0.843670607
vn 0.196055576 0.503465712 -0.841477573
vn 0.18820025 0.645980835 -0.739790142
vn 0.135735959 0.925792873 -0.352821857
vn 0.0548197925 0.975708485 -0.212103307
vn 0.0472386368 0.979608417 -0.19528456
vn 0.0157458074 0.991273403 -0.130878374
vn -0.0202456806 0.999592364 -0.0201287754
vn -0.0499419495 0.994675279 0.0901489854
vn -0.0864530653 0.974162638 0.208645642
vn -0.127291054 0.933230162 0.335973948
vn -0.165264681 0.870137691 0.464271307
vn -0.235158294 0.708232462 0.665663183
vn -0.3199476 0.381401896 0.867275119
vn -0.297537625 0.372816056 0.878908098
vn -0.287069887 0.430223107 0.855861545
vn -0.287302881 0.355273783 0.8895154
vn -0.264575034 0.572907627 0.775742829
vn -0.325529963 0.443223745 0.835214257
vn -0.383193165 0.402767986 0.831228614
vn -0.344634235 0.387542576 0.855007648
vn -0.372456044 0.373888016 0.849402249
vn 0.10487961 0.830935895 -0.546393514
vn 0.0772550106 0.851625323 -0.518426478
vn 0.088236399 0.902114987 -0.422377616
vn 0.0946771428 0.967948735 -0.232619047
vn 0.0765033364 0.919860601 -0.384712666
vn 0.0646880642 0.909168303 -0.411373734
vn 0.0976946801 0.993411183 -0.05991669
vn 0.0939854681 0.989575982 -0.109114908
vn 0.0967865065 0.985404611 -0.140035704
vn 0.0995386615 0.980586708 -0.168942869
vn 0.0992291495 0.977843106 -0.184326723
vn 0.0873733759 0.996151149 -0.00698818173
vn 0.0880268365 0.996095836 -0.00667091087
vn 0.0897230506 0.995515645 0.0299738683
vn 0.0911509991 0.995798528 -0.00876015052
vn 0.0951424539 0.995388329 -0.0122446055
vn 0.0989379138 0.994942665 -0.0173334256
vn 0.100554191 0.994715631 -0.0207257066
vn 0.104562111 0.993971467 -0.0329758823
vn 0.0531014726 0.998235464 -0.0265715718
vn 0.0548035242 0.998315811 -0.019031018
vn 0.059802305 0.995383441 0.0750700384
vn 0.0560486838 0.998323679 -0.0144358426
vn 0.0568277724 0.998313069 -0.0118983453
vn 0.073198013 0.997314036 -0.00262755505
vn 0.0873951912 0.996115267 -0.0107855527
vn 0.0399567448 0.998499036 -0.0374590345
vn 0.0391559303 0.998462677 -0.0392308943
vn 0.0226652399 0.999231875 -0.0319680534
vn 0.0403321795 0.993248045 -0.108773015
vn 0.031201046 0.994207263 -0.102851644
vn 0.0267118011 0.994921803 -0.0970420167
vn 0.0276512001 0.994580865 -0.100221567
vn 0.0294937883 0.993951082 -0.105789043
vn 0.0253699999 0.996352792 -0.0814711228
vn 0.0407620184 0.998496115 -0.0366588533
vn 0.0438070484 0.998478353 -0.0334970504
vn 0.0498618372 0.998306692 -0.029956976
vn 0.0502576344 0.98317349 -0.175625056
vn 0.050849285 0.985046029 -0.164616451
vn 0.0479633659 0.985996246 -0.159720823
vn 0.052003555 0.986073434 -0.157970801
vn 0.0499356985 0.986584008 -0.155429825
vn 0.0481761359 0.987427473 -0.150553063
vn 0.0707274303 0.979740798 -0.187364623
vn 0.0686170235 0.979819715 -0.187736869
vn 0.0635395199 0.979737401 -0.189940512
vn 0.0615390092 0.981089354 -0.183511883
vn 0.0591753758 0.982741177 -0.175265878
vn 0.080839254 0.975861132 -0.20287922
vn 0.0773822367 0.97689265 -0.19923003
vn 0.0969168246 0.969913185 -0.223328441
vn 0.0953349248 0.971837819 -0.215505078
vn 0.092568934 0.972994626 -0.21145317
vn 0.0860680714 0.974474549 -0.207344174
vn 0.0746261403 0.977832794 -0.195637047
vn 0.0723381042 0.979173303 -0.18970181
vn 0.0744320527 0.979777455 -0.185730979
vn 0.129612669 0.913822234 -0.384875834
vn 0.129317015 0.938842893 -0.319141299
vn 0.131455541 0.938352764 -0.319708675
vn 0.130585775 0.943010151 -0.306070626
vn 0.130550906 0.946383178 -0.295491666
vn 0.130900145 0.94895947 -0.286951184
vn 0.13271977 0.953251004 -0.271473974
vn 0.135103181 0.955711663 -0.261462033
vn 0.137980223 0.957881987 -0.251840234
vn 0.121348836 0.960440636 -0.250655472
vn 0.0991268381 0.968078494 -0.230212674
vn 0.075144127 0.715662301 -0.694392383
vn 0.116651475 0.677888453 -0.725850999
vn 0.14222008 0.81221509 -0.565756142
vn 0.0957487822 0.897684336 -0.430110395
vn 0.0236845892 0.985862255 -0.16587536
vn -0.0370998494 0.989432633 -0.1401667
vn -0.0605438501 0.996202111 -0.0625770614
vn -0.073724404 0.994253755 -0.0776165947
vn -0.103888191 0.994573772 0.00550503703
vn -0.118520245 0.992790341 0.0178943928
vn -0.159992248 0.979509294 0.12232773
vn -0.159682438 0.980528474 0.114303961
vn -0.22717452 0.930638909 0.286885113
vn -0.196049213 0.957424283 0.211904436
vn -0.236396655 0.918395936 0.317278385
vn -0.292493522 0.834261715 0.467391551
vn -0.280472815 0.850800335 0.444380224
vn -0.373714924 0.570364892 0.731451273
vn -0.359613299 0.5904333 0.722541988
vn -0.341651529 0.706778288 0.619466484
vn -0.323790491 0.734697282 0.596137106
vn -0.171885014 0.931850851 0.319545746
vn -0.242057458 0.87154448 0.426401764
vn -0.213451326 0.860629082 0.462337583
vn -0.298204988 0.739219546 0.603844404
vn -0.261671454 0.734081984 0.62661916
vn -0.338125557 0.585069835 0.737132609
vn -0.297698647 0.580705762 0.757730961
vn 0.0269434918 0.980226219 -0.196037441
vn 0.00742620882 0.984039426 -0.177796036
vn -0.0220805369 0.993094385 -0.115221314
vn -0.0616813712 0.997975528 -0.0155018875
vn -0.0988715664 0.991113424 0.088987045
vn -0.1356453 0.97040391 0.199791387
vn 0.0447064936 0.980364203 -0.192060649
vn 0.0669651702 0.976469159 -0.204996675
vn 0.0594649352 0.976349056 -0.207861587
vn -0.186498389 0.807400763 0.559752107
vn 0.00089839357 0.996637583 0.0819311887
vn 0.0156288072 0.988172174 0.152550533
vn -0.042278599 0.988066077 0.148114905
vn -0.0244861171 0.972938478 0.229763389
vn -0.0893828645 0.971416235 0.21991165
vn -0.0637272522 0.941826642 0.330002159
vn -0.125861779 0.898003995 0.421601295
vn -0.361923218 0.0934350565 0.927513599
vn -0.393865675 0.0948328525 0.914262891
vn -0.355060756 0.182236552 0.916908801
vn -0.391621262 0.194796011 0.899270415
vn -0.346409768 0.277554423 0.89608252
vn -0.385116011 0.299500734 0.872917533
vn -0.33244431 0.377881914 0.864109993
vn -0.373483717 0.4118945 0.831175566
vn -0.311500728 0.484100074 0.817688465
vn -0.354183495 0.532316685 0.768890858
vn -0.281644881 0.595571756 0.752310097
vn -0.324052393 0.657942891 0.679780245
vn -0.241034284 0.708954453 0.662786543
vn -0.2800439 0.780858994 0.558421493
vn -0.189595893 0.81481576 0.547839999
vn -0.222146645 0.885119915 0.408917606
vn -0.162838519 0.952981114 0.255559266
vn -0.110168532 0.983844638 0.141112223
vn -0.0622524843 0.996054053 0.0632521212
vn -0.0275396723 0.999619305 -0.00171710795
vn 0.0647200942 0.527555108 -0.847051919
vn 0.067641966 0.649689615 -0.757184267
vn 0.0729127899 0.771299541 -0.632282078
vn 0.0870941952 0.888528824 -0.450478882

# Mesh 'lf_proximal_link' with 6524 faces
g lf_proximal_link
usemtl white
f  1//1 2//2 3//3
f  3//3 2//2 4//4
f  3//3 4//4 5//5
f  5//5 4//4 6//6
f  7//7 1//1 3//3
f  7//7 3//3 8//8
f  8//8 3//3 5//5
f  8//8 5//5 9//9
f  10//10 11//11 12//12
f  13//13 14//14 15//15
f  15//15 14//14 16//16
f  17//17 18//18 10//10
f  10//10 12//12 17//17
f  17//17 12//12 19//19
f  17//17 19//19 20//20
f  20//20 19//19 21//21
f  21//21 19//19 2//2
f  21//21 2//2 22//22
f  11//11 23//23 12//12
f  12//12 23//23 24//24
f  12//12 24//24 19//19
f  19//19 24//24 25//25
f  19//19 25//25 2//2
f  2//2 25//25 4//4
f  24//24 16//16 25//25
f  25//25 16//16 14//14
f  25//25 14//14 4//4
f  4//4 14//14 13//13
f  4//4 13//13 6//6
f  26//26 27//27 28//28
f  26//26 28//28 29//29
f  30//30 28//28 31//31
f  31//31 28//28 32//32
f  30//30 33//33 28//28
f  28//28 33//33 34//34
f  28//28 34//34 29//29
f  35//35 36//36 37//37
f  37//37 38//38 35//35
f  35//35 38//38 39//39
f  35//35 39//39 40//40
f  41//41 42//42 35//35
f  35//35 42//42 43//43
f  35//35 43//43 36//36
f  44//44 45//45 46//46
f  46//46 45//45 47//47
f  46//46 47//47 48//48
f  49//49 50//50 46//46
f  46//46 50//50 51//51
f  48//48 52//52 46//46
f  46//46 52//52 53//53
f  46//46 53//53 54//54
f  51//51 55//55 46//46
f  46//46 55//55 56//56
f  46//46 56//56 44//44
f  57//57 58//58 59//59
f  60//60 61//61 62//62
f  63//63 59//59 64//64
f  64//64 59//59 65//65
f  59//59 58//58 65//65
f  65//65 58//58 66//66
f  65//65 66//66 67//67
f  60//60 62//62 68//68
f  68//68 62//62 69//69
f  68//68 69//69 63//63
f  63//63 69//69 70//70
f  63//63 70//70 59//59
f  59//59 70//70 71//71
f  59//59 71//71 57//57
f  72//72 73//73 1//1
f  72//72 1//1 74//74
f  74//74 1//1 75//75
f  75//75 1//1 7//7
f  75//75 7//7 76//76
f  73//73 77//77 1//1
f  1//1 77//77 22//22
f  1//1 22//22 2//2
f  78//78 79//79 80//80
f  80//80 79//79 81//81
f  80//80 81//81 7//7
f  7//7 81//81 82//82
f  7//7 82//82 76//76
f  83//83 21//21 22//22
f  83//83 22//22 84//84
f  21//21 83//83 20//20
f  20//20 83//83 85//85
f  20//20 85//85 17//17
f  86//86 85//85 87//87
f  87//87 85//85 83//83
f  87//87 83//83 88//88
f  88//88 83//83 89//89
f  72//72 90//90 73//73
f  73//73 90//90 84//84
f  73//73 84//84 77//77
f  77//77 84//84 22//22
f  89//89 83//83 91//91
f  91//91 83//83 84//84
f  91//91 84//84 92//92
f  92//92 84//84 90//90
f  92//92 90//90 93//93
f  93//93 90//90 72//72
f  93//93 72//72 94//94
f  94//94 72//72 74//74
f  94//94 74//74 95//95
f  95//95 74//74 75//75
f  95//95 75//75 76//76
f  86//86 96//96 97//97
f  97//97 96//96 98//98
f  99//99 100//100 98//98
f  98//98 100//100 101//101
f  98//98 101//101 97//97
f  102//102 100//100 99//99
f  18//18 17//17 85//85
f  100//100 103//103 101//101
f  101//101 103//103 97//97
f  102//102 104//104 100//100
f  100//100 104//104 18//18
f  100//100 18//18 103//103
f  103//103 18//18 85//85
f  103//103 85//85 97//97
f  97//97 85//85 86//86
f  10//10 18//18 105//105
f  10//10 105//105 11//11
f  11//11 105//105 106//106
f  11//11 106//106 23//23
f  23//23 106//106 107//107
f  23//23 107//107 24//24
f  24//24 107//107 108//108
f  24//24 108//108 16//16
f  16//16 108//108 109//109
f  16//16 109//109 15//15
f  110//110 109//109 108//108
f  110//110 108//108 111//111
f  111//111 108//108 112//112
f  112//112 108//108 107//107
f  112//112 107//107 113//113
f  113//113 107//107 106//106
f  113//113 106//106 114//114
f  115//115 116//116 117//117
f  114//114 106//106 117//117
f  117//117 106//106 105//105
f  117//117 105//105 115//115
f  118//118 119//119 120//120
f  120//120 119//119 121//121
f  121//121 122//122 120//120
f  120//120 122//122 123//123
f  120//120 123//123 124//124
f  124//124 123//123 125//125
f  124//124 125//125 126//126
f  126//126 125//125 127//127
f  126//126 127//127 128//128
f  128//128 127//127 129//129
f  129//129 127//127 130//130
f  129//129 130//130 131//131
f  119//119 132//132 121//121
f  121//121 132//132 133//133
f  121//121 133//133 122//122
f  122//122 133//133 134//134
f  122//122 134//134 123//123
f  123//123 134//134 135//135
f  123//123 135//135 125//125
f  125//125 135//135 136//136
f  125//125 136//136 127//127
f  136//136 137//137 127//127
f  127//127 137//137 138//138
f  127//127 138//138 130//130
f  136//136 135//135 139//139
f  139//139 135//135 134//134
f  139//139 134//134 140//140
f  140//140 134//134 133//133
f  140//140 133//133 132//132
f  139//139 141//141 136//136
f  136//136 141//141 142//142
f  136//136 142//142 137//137
f  137//137 142//142 143//143
f  137//137 143//143 138//138
f  144//144 145//145 146//146
f  146//146 145//145 147//147
f  146//146 147//147 148//148
f  148//149 149//150 150//151
f  151//152 146//153 152//154
f  152//154 146//153 148//149
f  152//154 148//149 153//155
f  153//155 148//149 150//151
f  31//31 154//156 30//30
f  30//30 154//156 155//157
f  30//30 155//157 33//33
f  33//33 155//157 156//158
f  33//33 156//158 34//34
f  34//34 156//158 157//159
f  158//160 159//161 160//162
f  160//162 161//163 158//160
f  158//160 161//163 162//164
f  158//160 162//164 163//165
f  163//165 162//164 164//166
f  164//166 165//167 163//165
f  163//165 165//167 27//27
f  163//165 27//27 166//168
f  166//168 27//27 26//26
f  166//168 26//26 157//159
f  157//159 26//26 29//29
f  157//159 29//29 34//34
f  167//169 168//170 31//31
f  31//31 168//170 154//156
f  31//31 32//32 167//169
f  169//171 170//172 171//173
f  149//174 148//148 172//175
f  172//175 148//148 147//147
f  172//175 147//147 173//176
f  173//176 147//147 145//145
f  174//177 175//178 176//179
f  176//179 175//178 177//180
f  176//179 177//180 178//181
f  179//182 180//183 174//177
f  174//177 180//183 181//184
f  174//177 181//184 175//178
f  175//178 181//184 182//185
f  175//178 182//185 183//186
f  55//55 51//51 184//187
f  184//187 51//51 50//50
f  184//187 50//50 49//49
f  185//188 186//189 187//190
f  187//190 186//189 169//171
f  187//190 169//171 188//191
f  188//191 169//171 171//173
f  188//191 171//173 189//192
f  189//192 171//173 190//193
f  189//192 190//193 191//194
f  191//194 190//193 192//195
f  191//194 192//195 193//196
f  193//196 192//195 194//197
f  193//196 194//197 184//187
f  184//187 194//197 195//198
f  184//187 195//198 55//55
f  55//55 195//198 56//56
f  45//45 44//44 196//199
f  178//181 177//180 197//200
f  197//200 177//180 198//201
f  197//200 198//201 196//199
f  196//199 198//201 199//202
f  196//199 199//202 45//45
f  200//203 185//188 201//204
f  201//204 185//188 187//190
f  201//204 187//190 202//205
f  202//205 187//190 188//191
f  202//205 188//191 203//206
f  203//206 188//191 189//192
f  203//206 189//192 204//207
f  204//207 189//192 191//194
f  204//207 191//194 205//208
f  205//208 191//194 193//196
f  205//208 193//196 172//175
f  172//175 193//196 184//187
f  172//175 184//187 149//174
f  149//174 184//187 49//49
f  170//172 179//182 171//173
f  171//173 179//182 174//177
f  171//173 174//177 190//193
f  190//193 174//177 176//179
f  190//193 176//179 192//195
f  192//195 176//179 178//181
f  192//195 178//181 194//197
f  194//197 178//181 197//200
f  194//197 197//200 195//198
f  195//198 197//200 196//199
f  195//198 196//199 56//56
f  56//56 196//199 44//44
f  206//209 207//210 208//211
f  126//126 128//128 207//210
f  129//129 131//131 209//212
f  210//213 211//214 212//215
f  210//213 212//215 213//216
f  213//216 212//215 208//211
f  213//216 208//211 214//217
f  214//217 208//211 207//210
f  214//217 207//210 209//212
f  209//212 207//210 128//128
f  209//212 128//128 129//129
f  215//218 120//120 124//124
f  216//219 118//118 120//120
f  120//120 215//218 216//219
f  216//219 215//218 217//220
f  216//219 217//220 218//221
f  218//221 217//220 219//222
f  218//221 219//222 220//223
f  220//223 219//222 221//224
f  220//223 221//224 222//225
f  206//209 208//211 223//226
f  223//226 208//211 212//215
f  223//226 212//215 224//227
f  224//227 212//215 211//214
f  224//227 211//214 225//228
f  126//126 207//210 124//124
f  124//124 207//210 206//209
f  124//124 206//209 215//218
f  215//218 206//209 223//226
f  215//218 223//226 217//220
f  217//220 223//226 224//227
f  217//220 224//227 219//222
f  219//222 224//227 225//228
f  219//222 225//228 221//224
f  226//229 227//230 228//231
f  228//231 227//230 229//232
f  228//231 229//232 230//233
f  230//233 229//232 231//234
f  230//233 231//234 232//235
f  232//235 231//234 233//236
f  232//235 233//236 234//237
f  234//237 233//236 235//238
f  210//213 226//229 211//214
f  211//214 226//229 228//231
f  211//214 228//231 225//228
f  225//228 228//231 230//233
f  225//228 230//233 221//224
f  221//224 230//233 232//235
f  221//224 232//235 222//225
f  222//225 232//235 234//237
f  236//239 237//240 238//241
f  117//117 116//116 239//242
f  117//117 239//242 114//114
f  229//232 227//230 240//243
f  240//243 227//230 241//244
f  240//243 241//244 242//245
f  242//245 241//244 243//246
f  233//236 231//234 244//247
f  244//247 231//234 245//248
f  244//247 245//248 238//241
f  246//249 235//238 233//236
f  237//240 247//250 238//241
f  238//241 247//250 248//251
f  238//241 248//251 244//247
f  233//236 244//247 246//249
f  246//249 244//247 248//251
f  246//249 248//251 239//242
f  239//242 248//251 247//250
f  239//242 247//250 114//114
f  114//114 247//250 237//240
f  114//114 237//240 113//113
f  113//113 237//240 236//239
f  113//113 236//239 112//112
f  111//111 112//112 243//246
f  243//246 112//112 236//239
f  243//246 236//239 242//245
f  242//245 236//239 238//241
f  242//245 238//241 240//243
f  240//243 238//241 245//248
f  240//243 245//248 229//232
f  229//232 245//248 231//234
f  9//9 5//5 249//252
f  249//252 5//5 250//253
f  249//252 250//253 251//254
f  251//254 250//253 252//255
f  5//5 6//6 250//253
f  250//253 6//6 13//13
f  250//253 13//13 253//256
f  253//256 13//13 15//15
f  253//256 15//15 254//257
f  254//257 15//15 109//109
f  254//257 109//109 110//110
f  111//111 255//258 110//110
f  110//110 255//258 256//259
f  110//110 256//259 254//257
f  257//260 131//131 130//130
f  257//260 130//130 258//261
f  258//261 130//130 259//262
f  258//261 259//262 260//263
f  260//263 259//262 261//264
f  260//263 261//264 262//265
f  139//139 140//140 263//266
f  263//266 264//267 139//139
f  139//139 264//267 265//268
f  139//139 265//268 141//141
f  265//268 266//269 141//141
f  141//141 266//269 267//270
f  141//141 267//270 142//142
f  142//142 267//270 268//271
f  268//271 269//272 142//142
f  142//142 269//272 270//273
f  142//142 270//273 143//143
f  271//274 261//264 259//262
f  138//138 143//143 272//275
f  273//276 271//274 272//275
f  272//275 271//274 259//262
f  272//275 259//262 138//138
f  138//138 259//262 130//130
f  158//160 163//165 274//277
f  274//277 163//165 275//278
f  275//278 276//279 274//277
f  274//277 276//279 277//280
f  274//277 277//280 278//281
f  278//281 277//280 279//282
f  278//281 279//282 280//283
f  151//152 152//154 281//284
f  281//284 152//154 282//285
f  281//284 282//285 283//286
f  282//285 284//287 283//286
f  283//286 284//287 285//288
f  283//286 285//288 286//289
f  286//289 285//288 280//283
f  280//283 285//288 287//290
f  280//283 287//290 278//281
f  288//291 28//28 27//27
f  27//27 165//167 288//291
f  288//291 165//167 164//166
f  288//291 164//166 289//292
f  289//292 164//166 162//164
f  289//292 162//164 161//163
f  159//161 290//293 160//162
f  160//162 290//293 291//294
f  160//162 291//294 161//163
f  161//163 291//294 292//295
f  161//163 292//295 289//292
f  293//296 294//297 295//298
f  293//296 295//298 296//299
f  296//299 295//298 297//300
f  296//299 297//300 298//301
f  293//296 299//302 294//297
f  294//297 299//302 300//303
f  294//297 300//303 301//304
f  301//304 300//303 302//305
f  301//304 302//305 303//306
f  303//306 302//305 304//307
f  303//306 304//307 305//308
f  305//308 304//307 306//309
f  305//308 306//309 307//310
f  308//311 309//312 310//313
f  310//313 309//312 311//314
f  310//313 311//314 312//315
f  312//315 311//314 313//316
f  313//316 311//314 314//317
f  313//316 314//317 315//318
f  315//318 314//317 316//319
f  315//318 316//319 317//320
f  41//41 35//35 318//321
f  318//321 35//35 317//320
f  318//321 317//320 319//322
f  319//322 317//320 316//319
f  49//323 46//324 320//325
f  321//326 322//327 323//328
f  324//329 320//325 323//328
f  323//328 320//325 325//330
f  323//328 325//330 321//326
f  149//331 49//323 150//332
f  150//332 49//323 320//325
f  150//332 320//325 326//333
f  326//333 320//325 324//329
f  327//334 328//335 329//336
f  54//337 330//338 331//339
f  320//325 332//340 333//341
f  332//340 320//325 331//339
f  331//339 320//325 46//324
f  331//339 46//324 54//337
f  327//334 329//336 333//341
f  333//341 329//336 334//342
f  333//341 334//342 320//325
f  335//343 336//344 337//345
f  337//345 336//344 338//346
f  337//345 338//346 339//347
f  339//347 338//346 340//348
f  339//347 340//348 341//349
f  341//349 340//348 342//350
f  341//349 342//350 343//351
f  343//351 342//350 344//352
f  343//351 344//352 345//353
f  346//354 347//355 348//356
f  344//352 349//357 345//353
f  345//353 349//357 346//354
f  345//353 346//354 350//358
f  350//358 346//354 348//356
f  351//359 352//360 353//361
f  353//361 352//360 354//362
f  353//361 354//362 355//363
f  355//363 354//362 356//364
f  357//365 358//366 355//363
f  355//363 358//366 359//367
f  359//367 360//368 355//363
f  355//363 360//368 361//369
f  355//363 361//369 353//361
f  353//361 361//369 362//370
f  353//361 362//370 351//359
f  363//371 362//370 364//372
f  364//372 362//370 361//369
f  364//372 361//369 365//373
f  365//373 361//369 360//368
f  365//373 360//368 366//374
f  366//374 360//368 359//367
f  366//374 359//367 367//375
f  368//376 369//377 370//378
f  371//379 369//377 372//380
f  372//380 369//377 368//376
f  372//380 368//376 373//381
f  374//382 375//383 367//375
f  367//375 375//383 373//381
f  367//375 373//381 366//374
f  366//374 373//381 368//376
f  366//374 368//376 365//373
f  365//373 368//376 370//378
f  365//373 370//378 364//372
f  359//367 358//366 367//375
f  367//375 358//366 357//365
f  367//375 357//365 374//382
f  374//382 357//365 376//384
f  374//382 376//384 377//385
f  311//314 309//312 378//386
f  318//321 379//387 41//41
f  41//41 379//387 380//388
f  318//321 319//322 379//387
f  379//387 319//322 316//319
f  379//387 316//319 378//386
f  378//386 316//319 314//317
f  378//386 314//317 311//314
f  37//37 36//36 381//389
f  381//389 36//36 43//43
f  381//389 43//43 380//388
f  380//388 43//43 42//42
f  380//388 42//42 41//41
f  381//389 382//390 37//37
f  37//37 382//390 383//391
f  37//37 383//391 38//38
f  38//38 383//391 384//392
f  38//38 384//392 39//39
f  39//39 384//392 385//393
f  386//394 387//395 388//396
f  387//395 389//397 388//396
f  388//396 389//397 379//387
f  388//396 379//387 378//386
f  388//396 390//398 386//394
f  386//394 390//398 391//399
f  386//394 391//399 392//400
f  391//399 393//401 392//400
f  392//400 393//401 394//402
f  392//400 394//402 395//403
f  395//403 394//402 396//404
f  396//404 394//402 397//405
f  396//404 397//405 398//406
f  399//407 331//408 400//409
f  400//409 331//408 330//410
f  401//411 398//406 400//409
f  400//409 398//406 397//405
f  400//409 397//405 399//407
f  402//412 403//413 404//414
f  404//414 403//413 401//415
f  404//414 401//415 400//416
f  405//417 406//418 407//419
f  407//419 408//420 405//417
f  405//417 408//420 409//421
f  405//417 409//421 410//422
f  410//422 409//421 411//423
f  410//422 411//423 412//424
f  412//424 411//423 413//425
f  412//424 413//425 414//426
f  414//426 413//425 415//427
f  414//426 415//427 416//428
f  416//428 415//427 417//429
f  417//429 415//427 418//430
f  417//429 418//430 419//431
f  420//432 40//40 39//39
f  39//39 385//393 420//432
f  420//432 385//393 421//433
f  53//53 52//52 422//434
f  47//47 45//45 199//202
f  177//180 175//178 423//435
f  402//412 404//414 424//436
f  424//436 404//414 425//437
f  426//438 427//439 428//440
f  428//440 427//439 429//441
f  52//52 48//48 422//434
f  422//434 48//48 430//442
f  422//434 430//442 431//443
f  431//443 430//442 432//444
f  431//443 432//444 433//445
f  433//445 432//444 434//446
f  433//445 434//446 435//447
f  435//447 434//446 436//448
f  435//447 436//448 437//449
f  438//450 439//451 440//452
f  440//452 439//451 425//437
f  440//452 425//437 330//453
f  330//453 425//437 404//414
f  330//453 404//414 400//416
f  429//441 427//439 441//454
f  441//454 427//439 442//455
f  441//454 442//455 443//456
f  443//456 442//455 444//457
f  443//456 444//457 445//458
f  445//458 444//457 446//459
f  445//458 446//459 438//450
f  438//450 446//459 447//460
f  438//450 447//460 439//451
f  448//461 423//435 449//462
f  449//462 423//435 175//178
f  449//462 175//178 183//186
f  450//463 451//464 441//454
f  441//454 451//464 429//441
f  429//441 451//464 452//465
f  429//441 452//465 428//440
f  48//48 47//47 430//442
f  430//442 47//47 199//202
f  430//442 199//202 432//444
f  432//444 199//202 198//201
f  432//444 198//201 434//446
f  434//446 198//201 177//180
f  434//446 177//180 436//448
f  436//448 177//180 423//435
f  436//448 423//435 437//449
f  437//449 423//435 448//461
f  437//449 448//461 453//466
f  453//466 450//463 437//449
f  437//449 450//463 441//454
f  437//449 441//454 435//447
f  435//447 441//454 443//456
f  435//447 443//456 433//445
f  433//445 443//456 445//458
f  433//445 445//458 431//443
f  431//443 445//458 438//450
f  431//443 438//450 422//434
f  422//434 438//450 440//452
f  422//434 440//452 53//53
f  53//53 440//452 330//453
f  53//53 330//453 54//54
f  454//467 455//468 456//469
f  456//469 455//468 457//470
f  456//469 457//470 458//471
f  458//471 457//470 459//472
f  458//471 459//472 460//473
f  460//473 459//472 461//474
f  460//473 461//474 462//475
f  462//475 461//474 463//476
f  464//477 465//478 466//479
f  467//480 468//481 469//482
f  469//482 468//481 470//483
f  466//479 465//478 471//484
f  465//478 472//485 471//484
f  471//484 472//485 473//486
f  471//484 473//486 468//481
f  468//481 473//486 474//487
f  468//481 474//487 470//483
f  475//488 476//489 477//490
f  475//488 464//477 476//489
f  476//489 464//477 466//479
f  476//489 466//479 478//491
f  478//491 466//479 479//492
f  480//493 481//494 482//495
f  482//495 481//494 483//496
f  482//495 483//496 484//497
f  484//497 483//496 485//498
f  484//497 485//498 486//499
f  486//499 485//498 487//500
f  460//473 487//500 458//471
f  458//471 487//500 485//498
f  458//471 485//498 456//469
f  456//469 485//498 483//496
f  456//469 483//496 454//467
f  454//467 483//496 481//494
f  467//480 480//493 468//481
f  468//481 480//493 482//495
f  468//481 482//495 471//484
f  471//484 482//495 484//497
f  471//484 484//497 466//479
f  466//479 484//497 486//499
f  466//479 486//499 479//492
f  479//492 486//499 487//500
f  479//492 487//500 488//501
f  488//501 487//500 460//473
f  488//501 460//473 462//475
f  489//502 249//252 251//254
f  251//254 252//255 489//502
f  489//502 252//255 490//503
f  489//502 490//503 491//504
f  491//504 490//503 492//505
f  493//506 494//507 495//508
f  495//508 494//507 496//509
f  495//508 496//509 497//510
f  497//510 496//509 492//505
f  497//510 492//505 498//511
f  498//511 492//505 490//503
f  80//80 7//7 499//512
f  499//512 7//7 8//8
f  499//512 8//8 500//513
f  500//513 8//8 9//9
f  500//513 9//9 501//514
f  501//514 9//9 249//252
f  501//514 249//252 489//502
f  502//515 503//516 504//517
f  504//517 503//516 78//78
f  70//70 505//518 506//519
f  506//519 505//518 507//520
f  508//521 509//522 510//523
f  509//522 508//521 511//524
f  511//524 508//521 499//512
f  511//524 499//512 500//513
f  80//80 499//512 78//78
f  78//78 499//512 508//521
f  78//78 508//521 504//517
f  504//517 508//521 510//523
f  504//517 510//523 502//515
f  502//515 510//523 506//519
f  502//515 506//519 512//525
f  512//525 506//519 507//520
f  513//526 514//527 515//528
f  514//527 67//67 66//66
f  513//526 515//528 516//529
f  517//530 518//531 519//532
f  519//532 518//531 516//529
f  519//532 516//529 520//533
f  520//533 516//529 515//528
f  509//522 511//524 517//530
f  510//523 521//534 506//519
f  506//519 521//534 71//71
f  506//519 71//71 70//70
f  514//527 66//66 515//528
f  515//528 66//66 58//58
f  515//528 58//58 57//57
f  517//530 519//532 509//522
f  509//522 519//532 520//533
f  509//522 520//533 510//523
f  510//523 520//533 515//528
f  510//523 515//528 521//534
f  521//534 515//528 57//57
f  521//534 57//57 71//71
f  522//535 523//536 524//537
f  525//538 526//539 527//540
f  528//541 529//542 530//543
f  528//541 530//543 531//544
f  524//537 523//536 532//545
f  523//536 533//546 532//545
f  532//545 533//546 534//547
f  532//545 534//547 527//540
f  527//540 534//547 535//548
f  527//540 535//548 525//538
f  536//549 537//550 538//551
f  538//551 537//550 539//552
f  63//63 64//64 540//553
f  540//553 64//64 65//65
f  540//553 65//65 538//551
f  538//551 65//65 67//67
f  538//551 67//67 536//549
f  63//63 540//553 68//68
f  68//68 540//553 541//554
f  68//68 541//554 60//60
f  542//555 527//540 530//543
f  530//543 527//540 526//539
f  530//543 526//539 531//544
f  61//61 60//60 542//555
f  542//555 60//60 541//554
f  542//555 541//554 527//540
f  527//540 541//554 540//553
f  527//540 540//553 532//545
f  532//545 540//553 538//551
f  532//545 538//551 524//537
f  524//537 538//551 539//552
f  524//537 539//552 522//535
f  62//62 543//556 544//557
f  505//518 70//70 544//557
f  544//557 70//70 69//69
f  544//557 69//69 62//62
f  543//556 62//62 545//558
f  545//558 62//62 61//61
f  545//558 61//61 546//559
f  92//92 547//560 91//91
f  95//561 93//561 94//562
f  502//515 548//563 549//564
f  550//565 551//566 552//567
f  552//567 551//566 553//568
f  552//567 553//568 554//569
f  544//557 543//556 505//518
f  505//518 543//556 555//570
f  505//518 555//570 507//520
f  507//520 555//570 512//525
f  556//571 81//81 557//572
f  557//572 81//81 79//79
f  557//572 79//79 558//573
f  558//573 79//79 78//78
f  558//573 78//78 549//564
f  549//564 78//78 503//516
f  549//564 503//516 502//515
f  95//95 76//76 556//571
f  556//571 76//76 82//82
f  556//571 82//82 81//81
f  547//560 92//92 559//574
f  560//575 88//88 561//576
f  561//576 88//88 89//89
f  551//566 86//86 87//87
f  96//96 86//86 562//577
f  562//577 86//86 551//566
f  562//577 551//566 563//578
f  563//578 551//566 550//565
f  545//558 546//559 564//579
f  564//579 546//559 565//580
f  564//579 565//580 566//581
f  566//581 565//580 567//582
f  566//581 567//582 568//583
f  568//583 567//582 569//584
f  568//583 569//584 570//585
f  570//585 569//584 554//569
f  570//585 554//569 571//586
f  571//586 554//569 553//568
f  571//586 553//568 561//576
f  561//576 553//568 551//566
f  561//576 551//566 560//575
f  560//575 551//566 87//87
f  560//575 87//87 88//88
f  543//556 545//558 555//570
f  555//570 545//558 564//579
f  555//570 564//579 572//587
f  572//587 564//579 566//581
f  572//587 566//581 573//588
f  573//588 566//581 568//583
f  573//588 568//583 574//589
f  574//589 568//583 570//585
f  574//589 570//585 575//590
f  575//590 570//585 571//586
f  575//590 571//586 559//574
f  559//574 571//586 561//576
f  559//574 561//576 547//560
f  547//560 561//576 89//89
f  547//560 89//89 91//91
f  502//515 512//525 548//563
f  548//563 512//525 555//570
f  548//563 555//570 549//564
f  549//564 555//570 572//587
f  549//564 572//587 558//573
f  558//573 572//587 573//588
f  558//573 573//588 557//572
f  557//572 573//588 574//589
f  557//572 574//589 556//571
f  556//571 574//589 575//590
f  556//571 575//590 95//95
f  95//95 575//590 559//574
f  95//95 559//574 93//93
f  93//93 559//574 92//92
f  563//578 550//565 576//591
f  577//592 99//99 98//98
f  563//578 576//591 562//577
f  577//592 98//98 576//591
f  576//591 98//98 96//96
f  576//591 96//96 562//577
f  105//105 18//18 104//104
f  577//592 578//593 99//99
f  99//99 578//593 105//105
f  99//99 105//105 102//102
f  102//102 105//105 104//104
f  105//105 578//593 115//115
f  115//115 578//593 579//594
f  115//115 579//594 116//116
f  116//116 579//594 239//242
f  239//242 579//594 580//595
f  239//242 580//595 246//249
f  246//249 580//595 581//596
f  246//249 581//596 235//238
f  234//237 235//238 581//596
f  581//596 582//597 234//237
f  234//237 582//597 583//598
f  234//237 583//598 222//225
f  222//225 583//598 220//223
f  220//223 583//598 584//599
f  220//223 584//599 218//221
f  132//132 119//119 585//600
f  585//600 119//119 118//118
f  585//600 118//118 584//599
f  584//599 118//118 216//219
f  584//599 216//219 218//221
f  132//132 585//600 140//140
f  140//140 585//600 586//601
f  586//601 587//602 140//140
f  140//140 587//602 588//603
f  140//140 588//603 263//266
f  589//604 590//605 335//343
f  335//343 590//605 591//606
f  592//607 342//350 591//606
f  591//606 342//350 340//348
f  340//348 338//346 591//606
f  591//606 338//346 336//344
f  591//606 336//344 335//343
f  593//608 594//609 347//355
f  347//355 346//354 593//608
f  593//608 346//354 349//357
f  593//608 349//357 592//607
f  592//607 349//357 344//352
f  592//607 344//352 342//350
f  595//610 596//611 597//612
f  598//613 595//610 597//612
f  599//614 596//611 600//615
f  600//615 596//611 595//610
f  600//615 595//610 601//616
f  601//616 595//610 598//613
f  601//616 598//613 602//617
f  603//618 604//619 605//620
f  606//621 280//622 607//623
f  607//623 280//622 279//624
f  607//623 279//624 277//625
f  608//626 144//627 286//628
f  286//628 144//627 146//629
f  286//628 280//622 608//626
f  608//626 280//622 606//621
f  608//626 606//621 609//630
f  609//630 606//621 603//618
f  609//630 603//618 610//631
f  610//631 603//618 605//620
f  146//629 151//632 286//628
f  286//628 151//632 281//633
f  286//628 281//633 283//634
f  603//635 611//636 612//637
f  612//637 611//636 613//638
f  612//637 613//638 614//639
f  614//639 613//638 615//640
f  614//639 615//640 616//641
f  616//641 615//640 617//642
f  616//641 617//642 618//643
f  618//643 617//642 619//644
f  618//643 619//644 620//645
f  155//157 154//156 621//646
f  621//646 622//647 155//157
f  155//157 622//647 623//648
f  155//157 623//648 156//158
f  156//158 623//648 624//649
f  156//158 624//649 157//159
f  157//159 624//649 625//650
f  157//159 625//650 166//168
f  163//165 166//168 275//278
f  275//278 166//168 625//650
f  275//278 625//650 276//279
f  276//279 625//650 607//651
f  276//279 607//651 277//280
f  611//636 626//652 613//638
f  613//638 626//652 627//653
f  613//638 627//653 615//640
f  615//640 627//653 628//654
f  615//640 628//654 617//642
f  617//642 628//654 629//655
f  617//642 629//655 619//644
f  619//644 629//655 630//656
f  603//635 606//657 611//636
f  611//636 606//657 607//651
f  611//636 607//651 626//652
f  626//652 607//651 625//650
f  626//652 625//650 627//653
f  627//653 625//650 624//649
f  627//653 624//649 628//654
f  628//654 624//649 623//648
f  628//654 623//648 629//655
f  629//655 623//648 622//647
f  629//655 622//647 630//656
f  630//656 622//647 621//646
f  621//646 154//156 168//170
f  631//658 632//659 620//645
f  620//645 619//644 631//658
f  631//658 619//644 630//656
f  631//658 630//656 633//660
f  168//170 634//661 621//646
f  621//646 634//661 635//662
f  621//646 635//662 630//656
f  630//656 635//662 636//663
f  630//656 636//663 633//660
f  637//664 605//665 604//666
f  638//667 639//668 640//669
f  640//669 639//668 641//670
f  640//669 641//670 642//671
f  642//671 641//670 643//672
f  642//671 643//672 644//673
f  644//673 643//672 645//674
f  644//675 645//676 646//677
f  646//677 645//676 647//678
f  646//677 647//678 648//679
f  648//679 647//678 649//680
f  648//681 649//682 650//683
f  650//683 649//682 651//684
f  650//685 651//686 652//687
f  652//687 651//686 653//688
f  652//687 653//688 654//689
f  654//689 653//688 655//690
f  654//689 655//690 656//691
f  656//691 655//690 657//692
f  656//691 657//692 658//693
f  658//693 657//692 659//694
f  658//693 659//694 660//695
f  660//695 659//694 661//696
f  660//695 661//696 662//697
f  662//697 661//696 663//698
f  662//699 663//700 664//701
f  664//701 663//700 665//702
f  664//701 665//702 638//667
f  638//667 665//702 639//668
f  597//612 306//309 598//613
f  598//613 306//309 304//307
f  598//613 304//307 302//305
f  300//303 299//302 666//703
f  666//703 299//302 293//296
f  666//703 293//296 667//704
f  666//703 668//705 300//303
f  300//303 668//705 669//706
f  300//303 669//706 302//305
f  302//305 669//706 602//617
f  302//305 602//617 598//613
f  296//299 670//707 671//708
f  671//708 670//707 672//709
f  296//299 671//708 293//296
f  293//296 671//708 673//710
f  293//296 673//710 667//704
f  307//310 674//711 305//308
f  305//308 674//711 675//712
f  305//308 675//712 632//659
f  290//293 676//713 305//308
f  676//713 677//714 305//308
f  305//308 677//714 678//715
f  305//308 678//715 679//716
f  632//659 631//658 633//660
f  633//660 636//663 632//659
f  632//659 636//663 635//662
f  632//659 635//662 634//661
f  28//28 290//293 32//32
f  32//32 290//293 305//308
f  32//32 305//308 167//169
f  167//169 305//308 632//659
f  167//169 632//659 168//170
f  168//170 632//659 634//661
f  28//28 288//291 290//293
f  290//293 288//291 289//292
f  290//293 289//292 291//294
f  291//294 289//292 292//295
f  680//717 681//718 637//719
f  637//719 681//718 605//720
f  681//718 682//721 605//720
f  605//720 682//721 683//722
f  605//720 683//722 610//723
f  610//723 683//722 684//724
f  610//723 684//724 685//725
f  145//145 144//144 686//726
f  686//726 144//144 608//727
f  685//725 687//728 610//723
f  610//723 687//728 688//729
f  610//723 688//729 609//730
f  609//730 688//729 689//731
f  609//730 689//731 608//727
f  608//727 689//731 690//732
f  608//727 690//732 686//726
f  684//724 683//722 691//733
f  692//734 693//735 694//736
f  695//737 696//738 697//739
f  698//740 699//741 697//739
f  697//739 699//741 700//742
f  697//739 700//742 695//737
f  201//204 202//205 701//743
f  701//743 202//205 702//744
f  701//743 702//744 703//745
f  703//745 702//744 704//746
f  703//745 704//746 705//747
f  705//747 704//746 706//748
f  705//747 706//748 707//749
f  708//750 709//751 710//752
f  710//752 709//751 707//749
f  710//752 707//749 711//753
f  711//753 707//749 706//748
f  683//722 682//721 712//754
f  712//754 682//721 681//718
f  712//754 681//718 713//755
f  713//755 681//718 680//717
f  713//755 680//717 714//756
f  173//176 145//145 686//726
f  686//726 690//732 173//176
f  173//176 690//732 715//757
f  173//176 715//757 172//175
f  172//175 693//735 205//208
f  205//208 693//735 692//734
f  205//208 692//734 204//207
f  716//758 717//759 718//760
f  718//760 717//759 719//761
f  718//760 719//761 694//736
f  694//736 719//761 720//762
f  694//736 720//762 692//734
f  692//734 720//762 721//763
f  692//734 721//763 204//207
f  204//207 721//763 203//206
f  172//175 715//757 693//735
f  693//735 715//757 722//764
f  693//735 722//764 694//736
f  694//736 722//764 691//733
f  694//736 691//733 718//760
f  718//760 691//733 683//722
f  718//760 683//722 716//758
f  716//758 683//722 712//754
f  716//758 712//754 717//759
f  690//732 689//731 715//757
f  715//757 689//731 688//729
f  715//757 688//729 722//764
f  722//764 688//729 687//728
f  722//764 687//728 691//733
f  691//733 687//728 685//725
f  691//733 685//725 684//724
f  200//203 201//204 723//765
f  723//765 201//204 701//743
f  723//765 701//743 724//766
f  724//766 701//743 703//745
f  724//766 703//745 725//767
f  725//767 703//745 705//747
f  725//767 705//747 726//768
f  726//768 705//747 707//749
f  726//768 707//749 698//740
f  698//740 707//749 709//751
f  698//740 709//751 699//741
f  699//741 709//751 708//750
f  699//741 708//750 727//769
f  202//205 203//206 702//744
f  702//744 203//206 721//763
f  702//744 721//763 704//746
f  704//746 721//763 720//762
f  704//746 720//762 706//748
f  706//748 720//762 719//761
f  706//748 719//761 711//753
f  711//753 719//761 717//759
f  711//753 717//759 710//752
f  710//752 717//759 712//754
f  710//752 712//754 708//750
f  708//750 712//754 713//755
f  708//750 713//755 727//769
f  727//769 713//755 714//756
f  728//770 729//771 730//772
f  181//184 728//770 182//185
f  182//185 728//770 730//772
f  182//185 730//772 183//186
f  181//184 180//183 728//770
f  728//770 180//183 179//182
f  728//770 179//182 731//773
f  731//773 179//182 170//172
f  731//773 170//172 732//774
f  726//768 698//740 697//739
f  724//766 725//767 733//775
f  733//775 725//767 726//768
f  733//775 726//768 696//738
f  696//738 726//768 697//739
f  170//172 169//171 732//774
f  732//774 169//171 186//189
f  732//774 186//189 734//776
f  734//776 186//189 185//188
f  734//776 185//188 735//777
f  735//777 185//188 200//203
f  735//777 200//203 733//775
f  733//775 200//203 723//765
f  733//775 723//765 724//766
f  736//778 737//779 738//780
f  739//781 740//782 741//783
f  742//784 736//778 741//783
f  741//783 736//778 738//780
f  741//783 738//780 739//781
f  475//488 743//785 464//477
f  464//477 743//785 744//786
f  464//477 744//786 465//478
f  465//478 744//786 745//787
f  470//483 474//487 746//788
f  746//788 474//487 473//486
f  746//788 473//486 745//787
f  745//787 473//486 472//485
f  745//787 472//485 465//478
f  746//788 747//789 470//483
f  470//483 747//789 748//790
f  470//483 748//790 469//482
f  749//791 750//792 751//793
f  258//261 260//263 752//794
f  227//230 226//229 753//795
f  753//795 226//229 210//213
f  753//795 210//213 213//216
f  131//131 257//260 209//212
f  209//212 257//260 753//795
f  209//212 753//795 214//217
f  214//217 753//795 213//216
f  754//796 243//246 241//244
f  256//259 255//258 754//796
f  754//796 255//258 111//111
f  754//796 111//111 243//246
f  755//797 490//503 252//255
f  252//255 250//253 755//797
f  755//797 250//253 253//256
f  755//797 253//256 754//796
f  754//796 253//256 254//257
f  754//796 254//257 256//259
f  498//511 750//792 497//510
f  497//510 750//792 749//791
f  497//510 749//791 495//508
f  495//508 749//791 493//506
f  260//263 262//265 752//794
f  752//794 262//265 756//798
f  752//794 756//798 757//799
f  257//260 258//261 753//795
f  753//795 258//261 752//794
f  753//795 752//794 751//793
f  751//793 752//794 757//799
f  751//793 757//799 749//791
f  498//511 490//503 750//792
f  750//792 490//503 755//797
f  750//792 755//797 751//793
f  751//793 755//797 754//796
f  751//793 754//796 753//795
f  753//795 754//796 241//244
f  753//795 241//244 227//230
f  758//800 273//276 270//273
f  270//273 273//276 272//275
f  270//273 272//275 143//143
f  150//151 326//801 759//802
f  759//802 326//801 324//803
f  759//802 324//803 760//804
f  760//804 285//288 759//802
f  759//802 285//288 284//287
f  759//802 284//287 150//151
f  150//151 284//287 282//285
f  150//151 282//285 153//155
f  153//155 282//285 152//154
f  274//277 278//281 761//805
f  323//806 322//807 762//808
f  762//808 322//807 763//809
f  762//808 763//809 764//810
f  764//810 763//809 765//811
f  764//810 765//811 761//805
f  761//805 765//811 766//812
f  761//805 766//812 274//277
f  278//281 287//290 761//805
f  761//805 287//290 285//288
f  761//805 285//288 764//810
f  764//810 285//288 760//804
f  764//810 760//804 762//808
f  762//808 760//804 324//803
f  762//808 324//803 323//806
f  158//160 274//277 767//813
f  158//160 767//813 159//161
f  159//161 767//813 768//814
f  159//161 768//814 290//293
f  290//293 768//814 769//815
f  290//293 769//815 770//816
f  770//816 771//817 290//293
f  290//293 771//817 772//818
f  290//293 772//818 676//713
f  773//819 737//779 742//784
f  742//784 737//779 736//778
f  303//306 305//308 679//716
f  295//298 294//297 679//716
f  679//716 294//297 301//304
f  679//716 301//304 303//306
f  774//820 775//821 776//822
f  776//822 775//821 777//823
f  776//822 777//823 679//716
f  679//716 777//823 297//300
f  679//716 297//300 295//298
f  778//824 779//825 780//826
f  780//826 779//825 775//821
f  780//826 775//821 781//827
f  781//827 775//821 774//820
f  308//311 782//828 783//829
f  388//396 378//386 784//830
f  784//830 378//386 309//312
f  784//830 309//312 785//831
f  785//831 309//312 308//311
f  785//831 308//311 786//832
f  783//829 787//833 308//311
f  308//311 787//833 788//834
f  308//311 788//834 786//832
f  789//835 790//836 791//837
f  390//398 388//396 792//838
f  399//407 397//405 394//402
f  399//407 394//402 331//408
f  793//839 791//837 332//840
f  332//840 791//837 333//841
f  791//837 790//836 333//841
f  333//841 790//836 794//842
f  333//841 794//842 327//843
f  328//844 327//843 795//845
f  795//845 327//843 794//842
f  795//845 794//842 796//846
f  796//846 794//842 790//836
f  796//846 790//836 792//838
f  792//838 790//836 789//835
f  792//838 789//835 390//398
f  332//840 331//408 793//839
f  793//839 331//408 394//402
f  793//839 394//402 791//837
f  791//837 394//402 393//401
f  791//837 393//401 789//835
f  789//835 393//401 391//399
f  789//835 391//399 390//398
f  797//847 798//848 320//849
f  798//848 799//850 320//849
f  320//849 799//850 800//851
f  320//849 800//851 801//852
f  801//852 802//853 320//849
f  320//849 802//853 803//854
f  320//849 803//854 325//855
f  334//856 804//857 320//849
f  320//849 804//857 805//858
f  320//849 805//858 797//847
f  806//859 807//860 808//861
f  809//862 418//430 415//427
f  808//861 807//860 810//863
f  415//427 413//425 809//862
f  809//862 413//425 411//423
f  809//862 411//423 409//421
f  807//860 811//864 810//863
f  810//863 811//864 809//862
f  810//863 809//862 408//420
f  408//420 809//862 409//421
f  812//865 813//866 808//861
f  808//861 813//866 814//867
f  808//861 814//867 806//859
f  815//868 816//869 817//870
f  815//868 817//870 818//871
f  819//872 820//873 821//874
f  821//874 820//873 822//875
f  821//874 822//875 823//876
f  823//876 822//875 824//877
f  824//877 822//875 825//878
f  824//877 825//878 826//879
f  826//879 825//878 827//880
f  827//880 825//878 828//881
f  827//880 828//881 829//882
f  830//883 828//881 831//884
f  831//884 828//881 825//878
f  831//884 825//878 832//885
f  832//885 825//878 822//875
f  832//885 822//875 817//870
f  817//870 822//875 820//873
f  817//870 820//873 818//871
f  818//871 820//873 819//872
f  818//871 819//872 833//886
f  816//869 834//887 817//870
f  817//870 834//887 835//888
f  817//870 835//888 832//885
f  832//885 835//888 836//889
f  832//885 836//889 831//884
f  831//884 836//889 837//890
f  831//884 837//890 830//883
f  830//883 837//890 838//891
f  839//892 838//891 840//893
f  840//893 838//891 837//890
f  840//893 837//890 841//894
f  841//894 837//890 836//889
f  841//894 836//889 842//895
f  842//895 836//889 835//888
f  842//895 835//888 843//896
f  843//896 835//888 834//887
f  844//897 845//898 846//899
f  377//385 847//900 848//901
f  848//901 847//900 849//902
f  848//901 849//902 846//899
f  846//899 849//902 850//903
f  846//899 850//903 844//897
f  355//363 356//364 851//904
f  377//385 376//384 847//900
f  847//900 376//384 357//365
f  847//900 357//365 852//905
f  852//905 357//365 355//363
f  852//905 355//363 853//906
f  853//906 355//363 851//904
f  854//907 829//882 855//908
f  855//908 829//882 856//909
f  856//909 857//910 855//908
f  855//908 857//910 858//911
f  855//908 858//911 859//912
f  860//913 861//914 862//915
f  862//915 861//914 863//916
f  855//908 859//912 864//917
f  865//918 855//908 866//919
f  866//919 855//908 864//917
f  866//919 864//917 867//920
f  865//918 868//921 855//908
f  855//908 868//921 869//922
f  855//908 869//922 854//907
f  870//923 871//924 872//925
f  872//925 871//924 873//926
f  872//925 873//926 874//927
f  874//927 873//926 875//928
f  876//929 877//930 878//931
f  878//931 877//930 879//932
f  878//931 879//932 880//933
f  880//933 879//932 881//934
f  880//933 881//934 870//923
f  870//923 881//934 882//935
f  870//923 882//935 871//924
f  878//931 883//936 876//929
f  876//929 883//936 884//937
f  876//929 884//937 348//938
f  885//939 589//940 335//941
f  885//939 335//941 886//942
f  886//942 335//941 337//943
f  886//942 337//943 887//944
f  887//944 337//943 339//945
f  887//944 339//945 888//946
f  888//946 339//945 341//947
f  888//946 341//947 889//948
f  341//947 343//949 889//948
f  889//948 343//949 345//950
f  889//948 345//950 890//951
f  345//950 350//952 890//951
f  890//951 350//952 348//938
f  890//951 348//938 884//937
f  829//882 854//907 827//880
f  827//880 854//907 891//953
f  827//880 891//953 826//879
f  826//879 891//953 892//954
f  826//879 892//954 824//877
f  824//877 892//954 893//955
f  824//877 893//955 823//876
f  823//876 893//955 894//956
f  823//876 894//956 821//874
f  821//874 894//956 895//957
f  821//874 895//957 819//872
f  819//872 895//957 896//958
f  819//872 896//958 833//886
f  854//907 869//922 891//953
f  891//953 869//922 897//959
f  891//953 897//959 892//954
f  892//954 897//959 898//960
f  892//954 898//960 893//955
f  893//955 898//960 899//961
f  893//955 899//961 894//956
f  894//956 899//961 900//962
f  894//956 900//962 895//957
f  900//962 901//963 895//957
f  895//957 901//963 902//964
f  895//957 902//964 896//958
f  903//965 904//966 905//967
f  905//967 904//966 906//968
f  905//967 906//968 907//969
f  907//969 906//968 908//970
f  907//969 908//970 909//971
f  909//971 908//970 910//972
f  909//971 910//972 911//973
f  911//973 910//972 912//974
f  843//896 903//965 842//895
f  842//895 903//965 905//967
f  842//895 905//967 841//894
f  841//894 905//967 907//969
f  841//894 907//969 840//893
f  840//893 907//969 909//971
f  840//893 909//971 839//892
f  839//892 909//971 911//973
f  913//975 914//976 915//977
f  913//975 915//977 916//978
f  916//978 915//977 917//979
f  917//979 915//977 918//980
f  917//979 918//980 919//981
f  919//981 918//980 920//982
f  919//981 920//982 921//983
f  921//983 920//982 848//901
f  921//983 848//901 846//899
f  845//898 922//984 846//899
f  846//899 922//984 923//985
f  846//899 923//985 921//983
f  922//984 845//898 924//986
f  917//979 919//981 925//987
f  925//987 919//981 926//988
f  925//987 926//988 927//989
f  928//990 929//991 930//992
f  930//992 929//991 931//993
f  930//992 931//993 904//966
f  904//966 931//993 906//968
f  910//972 908//970 932//994
f  932//994 908//970 933//995
f  932//994 933//995 927//989
f  921//983 923//985 934//996
f  934//996 923//985 922//984
f  934//996 922//984 935//997
f  935//997 922//984 924//986
f  935//997 924//986 936//998
f  912//974 910//972 936//998
f  936//998 910//972 932//994
f  936//998 932//994 935//997
f  935//997 932//994 927//989
f  935//997 927//989 934//996
f  934//996 927//989 926//988
f  934//996 926//988 921//983
f  921//983 926//988 919//981
f  916//978 917//979 928//990
f  928//990 917//979 925//987
f  928//990 925//987 929//991
f  929//991 925//987 927//989
f  929//991 927//989 931//993
f  931//993 927//989 933//995
f  931//993 933//995 906//968
f  906//968 933//995 908//970
f  937//999 938//1000 939//1001
f  940//1002 941//1003 942//1004
f  942//1004 941//1003 943//1005
f  942//1004 943//1005 369//377
f  937//999 939//1001 944//1006
f  944//1006 939//1001 945//1007
f  944//1006 945//1007 946//1008
f  937//999 940//1002 938//1000
f  938//1000 940//1002 942//1004
f  938//1000 942//1004 371//379
f  371//379 942//1004 369//377
f  374//382 377//385 848//901
f  374//382 848//901 375//383
f  848//901 920//982 375//383
f  375//383 920//982 918//980
f  375//383 918//980 373//381
f  373//381 918//980 915//977
f  373//381 915//977 372//380
f  372//380 915//977 914//976
f  372//380 914//976 371//379
f  947//1009 948//1010 949//1011
f  950//1012 951//1013 952//1014
f  362//370 363//371 351//359
f  351//359 363//371 953//1015
f  351//359 953//1015 352//360
f  953//1015 950//1012 352//360
f  352//360 950//1012 952//1014
f  352//360 952//1014 954//1016
f  954//1016 952//1014 955//1017
f  955//1017 952//1014 949//1011
f  949//1011 952//1014 956//1018
f  949//1011 956//1018 947//1009
f  957//1019 958//1020 959//1021
f  960//1022 961//1023 953//1015
f  953//1015 961//1023 962//1024
f  953//1015 962//1024 950//1012
f  950//1012 962//1024 951//1013
f  943//1005 941//1003 963//1025
f  963//1025 941//1003 964//1026
f  964//1026 965//1027 963//1025
f  963//1025 965//1027 966//1028
f  963//1025 966//1028 958//1020
f  958//1020 966//1028 967//1029
f  958//1020 967//1029 959//1021
f  959//1021 960//1022 957//1019
f  957//1019 960//1022 953//1015
f  957//1019 953//1015 958//1020
f  958//1020 953//1015 363//371
f  958//1020 363//371 963//1025
f  963//1025 363//371 364//372
f  963//1025 364//372 943//1005
f  943//1005 364//372 370//378
f  943//1005 370//378 369//377
f  944//1006 946//1008 937//999
f  937//999 946//1008 968//1030
f  937//999 968//1030 940//1002
f  940//1002 968//1030 969//1031
f  940//1002 969//1031 941//1003
f  970//1032 971//1033 972//1034
f  973//1035 974//1036 975//1037
f  975//1038 974//1039 976//1039
f  977//1040 978//1041 974//1036
f  974//1036 978//1041 979//1042
f  974//1036 979//1042 976//1043
f  977//1040 980//1044 981//1045
f  981//1045 980//1044 982//1046
f  973//1035 983//1047 974//1036
f  974//1036 983//1047 970//1032
f  974//1036 970//1032 977//1040
f  977//1040 970//1032 972//1034
f  977//1040 972//1034 980//1044
f  984//1048 873//1049 871//1050
f  348//356 347//355 876//1051
f  876//1051 347//355 985//1052
f  876//1051 985//1052 877//1053
f  877//1053 985//1052 986//1054
f  877//1053 986//1054 879//1055
f  879//1055 986//1054 987//1056
f  879//1055 987//1056 881//1057
f  881//1057 987//1056 988//1058
f  881//1057 988//1058 882//1059
f  882//1059 988//1058 989//1060
f  882//1059 989//1060 871//1050
f  871//1050 989//1060 990//1061
f  871//1050 990//1061 984//1048
f  869//922 868//921 897//959
f  897//959 868//921 991//1062
f  897//959 991//1062 898//960
f  898//960 991//1062 899//961
f  899//961 991//1062 992//1063
f  899//961 992//1063 900//962
f  900//962 992//1063 993//1064
f  900//962 993//1064 901//963
f  901//963 993//1064 994//1065
f  901//963 994//1065 902//964
f  991//1062 868//921 995//1066
f  995//1066 996//1067 991//1062
f  991//1062 996//1067 997//1068
f  991//1062 997//1068 992//1063
f  992//1063 997//1068 998//1069
f  992//1063 998//1069 993//1064
f  998//1069 999//1070 993//1064
f  993//1064 999//1070 1000//1071
f  993//1064 1000//1071 994//1065
f  1001//1072 1002//1073 1003//1074
f  1003//1074 1002//1073 1004//1075
f  1003//1074 1004//1075 1005//1076
f  1005//1076 1004//1075 1006//1077
f  1005//1076 1006//1077 1007//1078
f  1007//1078 1006//1077 1008//1079
f  1007//1078 1008//1079 1009//1080
f  1009//1080 1008//1079 1010//1081
f  1011//1082 1012//1083 1013//1084
f  1013//1084 1012//1083 1014//1085
f  1013//1084 1014//1085 1015//1086
f  1016//1087 1017//1088 1018//1089
f  1018//1089 1017//1088 1011//1082
f  1018//1089 1011//1082 1019//1090
f  1019//1090 1011//1082 1013//1084
f  1016//1087 1018//1089 1020//1091
f  1020//1091 1018//1089 1021//1092
f  1020//1091 1021//1092 1022//1093
f  1022//1093 1021//1092 1023//1094
f  1022//1093 1023//1094 1024//1095
f  1025//1096 1023//1094 1026//1097
f  1026//1097 1023//1094 1021//1092
f  1026//1097 1021//1092 1027//1098
f  1027//1098 1021//1092 1018//1089
f  1027//1098 1018//1089 1028//1099
f  1028//1099 1018//1089 1019//1090
f  1028//1099 1019//1090 1029//1100
f  1029//1100 1019//1090 1013//1084
f  1030//1101 1025//1096 1031//1102
f  1031//1102 1025//1096 1026//1097
f  1031//1102 1026//1097 1032//1103
f  1032//1103 1026//1097 1027//1098
f  1032//1103 1027//1098 1033//1104
f  1033//1104 1027//1098 1028//1099
f  1033//1104 1028//1099 1034//1105
f  1034//1105 1028//1099 1029//1100
f  1009//1080 1030//1101 1007//1078
f  1007//1078 1030//1101 1031//1102
f  1007//1078 1031//1102 1005//1076
f  1005//1076 1031//1102 1032//1103
f  1005//1076 1032//1103 1003//1074
f  1003//1074 1032//1103 1033//1104
f  1003//1074 1033//1104 1001//1072
f  1001//1072 1033//1104 1034//1105
f  1035//1106 852//905 853//906
f  1036//1107 1037//1108 1038//1109
f  1038//1109 1039//1110 1036//1107
f  1036//1107 1039//1110 1040//1111
f  1036//1107 1040//1111 1041//1112
f  1041//1112 1040//1111 1042//1113
f  1041//1112 1042//1113 1043//1114
f  1043//1114 1042//1113 1035//1106
f  1043//1114 1035//1106 1044//1115
f  1044//1115 1035//1106 853//906
f  1044//1115 853//906 851//904
f  356//364 1045//1116 851//904
f  851//904 1045//1116 1046//1117
f  851//904 1046//1117 1044//1115
f  356//364 354//362 1045//1116
f  1045//1116 354//362 352//360
f  1045//1116 352//360 954//1016
f  1047//1118 1048//1119 1049//1120
f  954//1016 1050//1121 1045//1116
f  1045//1116 1050//1121 1051//1122
f  1051//1122 1050//1121 1052//1123
f  1052//1123 1050//1121 1053//1124
f  1052//1123 1053//1124 1049//1120
f  1049//1120 1053//1124 1054//1125
f  1049//1120 1054//1125 1047//1118
f  1055//1126 971//1033 1056//1127
f  1056//1127 971//1033 1048//1119
f  1056//1127 1048//1119 1057//1128
f  1057//1128 1048//1119 1047//1118
f  954//1016 955//1017 1050//1121
f  1050//1121 955//1017 949//1011
f  1050//1121 949//1011 1053//1124
f  1053//1124 949//1011 948//1010
f  1053//1124 948//1010 1054//1125
f  1058//1129 1048//1119 971//1033
f  1059//1130 1060//1131 1061//1132
f  1061//1132 1060//1131 1062//1133
f  1061//1132 1062//1133 1063//1134
f  970//1032 983//1047 1064//1135
f  1064//1135 983//1047 973//1035
f  1063//1134 1062//1133 1065//1136
f  1065//1136 1062//1133 1064//1135
f  1065//1136 1064//1135 1066//1137
f  1066//1137 1064//1135 973//1035
f  1066//1137 973//1035 975//1037
f  971//1033 970//1032 1058//1129
f  1058//1129 970//1032 1064//1135
f  1058//1129 1064//1135 1048//1119
f  1048//1119 1064//1135 1062//1133
f  1048//1119 1062//1133 1049//1120
f  1049//1120 1062//1133 1060//1131
f  1049//1120 1060//1131 1052//1123
f  1052//1123 1060//1131 1059//1130
f  1052//1123 1059//1130 1051//1122
f  1067//1138 1068//1139 594//609
f  1067//1138 594//609 1069//1140
f  594//609 593//608 1069//1140
f  1069//1140 593//608 592//607
f  1069//1140 592//607 1070//1141
f  591//606 1071//1142 592//607
f  592//607 1071//1142 1072//1143
f  592//607 1072//1143 1070//1141
f  590//605 1073//1144 1074//1145
f  1074//1145 1075//1146 590//605
f  590//605 1075//1146 1076//1147
f  590//605 1076//1147 591//606
f  591//606 1076//1147 1077//1148
f  591//606 1077//1148 1071//1142
f  1078//1149 1079//1150 1080//1151
f  1081//1152 1078//1149 1080//1151
f  1079//1150 1082//1153 1080//1151
f  1080//1151 1082//1153 1083//1154
f  1080//1151 1083//1154 1081//1152
f  1081//1152 1083//1154 1084//1155
f  1081//1152 1084//1155 1085//1156
f  1086//1157 1087//1158 1088//1159
f  1086//1157 1088//1159 1089//1160
f  421//433 385//393 1090//1161
f  1090//1161 385//393 1091//1162
f  1090//1161 1091//1162 1092//1163
f  1088//1159 1093//1164 1089//1160
f  1089//1160 1093//1164 1094//1165
f  1089//1160 1094//1165 1092//1163
f  1092//1163 1094//1165 1095//1166
f  1092//1163 1095//1166 1090//1161
f  1096//1167 1097//1168 1098//1169
f  380//388 379//387 389//397
f  389//397 1099//1170 380//388
f  380//388 1099//1170 1100//1171
f  380//388 1100//1171 381//389
f  381//389 1100//1171 1101//1172
f  381//389 1101//1172 382//390
f  382//390 1101//1172 383//391
f  383//391 1101//1172 1102//1173
f  383//391 1102//1173 384//392
f  384//392 1102//1173 1091//1162
f  384//392 1091//1162 385//393
f  1098//1169 1103//1174 1096//1167
f  1096//1167 1103//1174 1104//1175
f  1096//1167 1104//1175 1105//1176
f  1105//1176 1104//1175 1106//1177
f  1105//1176 1106//1177 1107//1178
f  1107//1178 1106//1177 1108//1179
f  1107//1178 1108//1179 1109//1180
f  1109//1180 1108//1179 1110//1181
f  1109//1180 1110//1181 1089//1160
f  1089//1160 1110//1181 1086//1157
f  1089//1160 1092//1163 1109//1180
f  1109//1180 1092//1163 1111//1182
f  1109//1180 1111//1182 1107//1178
f  1107//1178 1111//1182 1112//1183
f  1107//1178 1112//1183 1105//1176
f  1105//1176 1112//1183 1113//1184
f  1105//1176 1113//1184 1096//1167
f  1096//1167 1113//1184 1114//1185
f  1096//1167 1114//1185 1097//1168
f  1097//1168 1114//1185 1115//1186
f  1092//1163 1091//1162 1111//1182
f  1111//1182 1091//1162 1102//1173
f  1111//1182 1102//1173 1112//1183
f  1112//1183 1102//1173 1101//1172
f  1112//1183 1101//1172 1113//1184
f  1113//1184 1101//1172 1100//1171
f  1113//1184 1100//1171 1114//1185
f  1114//1185 1100//1171 1099//1170
f  1114//1185 1099//1170 1115//1186
f  1115//1186 1099//1170 389//397
f  1115//1186 389//397 387//395
f  1116//1187 1117//1188 386//1189
f  1098//1190 1097//1191 386//1189
f  386//1189 1097//1191 1115//1192
f  386//1189 1115//1192 387//1193
f  398//1194 401//1195 403//1196
f  1098//1190 386//1189 1118//1197
f  1118//1197 386//1189 1117//1188
f  1118//1197 1117//1188 1119//1198
f  392//1199 395//1200 396//1201
f  396//1201 398//1194 392//1199
f  392//1199 398//1194 403//1196
f  392//1199 403//1196 386//1189
f  386//1189 403//1196 1120//1202
f  386//1189 1120//1202 1116//1187
f  1121//1203 1118//1204 1119//1205
f  1122//1206 1123//1207 1124//1208
f  1124//1208 1123//1207 1125//1209
f  1124//1208 1125//1209 1126//1210
f  1126//1210 1125//1209 1127//1211
f  1126//1210 1127//1211 1128//1212
f  1128//1212 1127//1211 1129//1213
f  1128//1214 1129//1215 1130//1216
f  1130//1216 1129//1215 1131//1217
f  1130//1216 1131//1217 1132//1218
f  1132//1218 1131//1217 1133//1219
f  1132//1220 1133//1221 1134//1222
f  1134//1222 1133//1221 1135//1223
f  1134//1222 1135//1223 1136//1224
f  1136//1224 1135//1223 1137//1225
f  1136//1224 1137//1225 1138//1226
f  1138//1226 1137//1225 1139//1227
f  1138//1226 1139//1227 1140//1228
f  1140//1228 1139//1227 1141//1229
f  1140//1230 1141//1231 1142//1232
f  1142//1232 1141//1231 1143//1233
f  1142//1234 1143//1235 1144//1236
f  1144//1236 1143//1235 1145//1237
f  1144//1236 1145//1237 1146//1238
f  1146//1238 1145//1237 1147//1239
f  1146//1238 1147//1239 1148//1240
f  1148//1240 1147//1239 1149//1241
f  1148//1240 1149//1241 1122//1206
f  1122//1206 1149//1241 1123//1207
f  1150//1242 405//417 410//422
f  1151//1243 412//424 1152//1244
f  1152//1244 412//424 414//426
f  1152//1244 414//426 1085//1156
f  1085//1156 414//426 416//428
f  1085//1156 416//428 1081//1152
f  1081//1152 416//428 417//429
f  1081//1152 417//429 1078//1149
f  405//417 1150//1242 406//418
f  1153//1245 1154//1246 1150//1242
f  1150//1242 1154//1246 1155//1247
f  1150//1242 1155//1247 406//418
f  1151//1243 1156//1248 412//424
f  412//424 1156//1248 1157//1249
f  412//424 1157//1249 410//422
f  410//422 1157//1249 1158//1250
f  410//422 1158//1250 1150//1242
f  1087//1158 1159//1251 418//430
f  418//430 1159//1251 1160//1252
f  418//430 1160//1252 419//431
f  418//430 809//862 1161//1253
f  1093//1164 1088//1159 420//432
f  1093//1164 420//432 1094//1165
f  1161//1253 1162//1254 418//430
f  418//430 1162//1254 1163//1255
f  418//430 1163//1255 782//828
f  1088//1159 1087//1158 420//432
f  420//432 1087//1158 418//430
f  420//432 418//430 40//40
f  40//40 418//430 782//828
f  1094//1165 420//432 1095//1166
f  1095//1166 420//432 421//433
f  1095//1166 421//433 1090//1161
f  782//828 308//311 40//40
f  40//40 308//311 310//313
f  40//40 310//313 35//35
f  35//35 310//313 312//315
f  312//315 313//316 35//35
f  35//35 313//316 315//318
f  35//35 315//318 317//320
f  1116//1256 1120//1257 1164//1258
f  1164//1258 1120//1257 1165//1259
f  1165//1259 1120//1257 403//413
f  1165//1259 403//413 402//412
f  1119//1260 1117//1261 1166//1262
f  1167//1263 1121//1264 1168//1265
f  1168//1265 1121//1264 1119//1260
f  1168//1265 1119//1260 1169//1266
f  1169//1266 1119//1260 1166//1262
f  1164//1258 1170//1267 1116//1256
f  1116//1256 1170//1267 1171//1268
f  1116//1256 1171//1268 1117//1261
f  1117//1261 1171//1268 1172//1269
f  1117//1261 1172//1269 1166//1262
f  1173//1270 1174//1271 1175//1272
f  1176//1273 1177//1274 1178//1275
f  1172//1269 1171//1268 1179//1276
f  1180//1277 1181//1278 1182//1279
f  1175//1272 1174//1271 1183//1280
f  1170//1267 424//436 1184//1281
f  1184//1281 424//436 425//437
f  1184//1281 425//437 1185//1282
f  1185//1282 425//437 439//451
f  1185//1282 439//451 1186//1283
f  1186//1283 439//451 447//460
f  1186//1283 447//460 1187//1284
f  1170//1267 1164//1258 424//436
f  424//436 1164//1258 1165//1259
f  424//436 1165//1259 402//412
f  1172//1269 1179//1276 1166//1262
f  1171//1268 1170//1267 1179//1276
f  1179//1276 1170//1267 1184//1281
f  1179//1276 1184//1281 1188//1285
f  1188//1285 1184//1281 1185//1282
f  1188//1285 1185//1282 1189//1286
f  1189//1286 1185//1282 1186//1283
f  1189//1286 1186//1283 1190//1287
f  1190//1287 1186//1283 1187//1284
f  1167//1263 1168//1265 1176//1273
f  1181//1278 1191//1288 1192//1289
f  1192//1289 1191//1288 1193//1290
f  1194//1291 1193//1290 1173//1270
f  1173//1270 1193//1290 1191//1288
f  1173//1270 1191//1288 1174//1271
f  1174//1271 1191//1288 1181//1278
f  1174//1271 1181//1278 1183//1280
f  1183//1280 1181//1278 1180//1277
f  426//438 1195//1292 427//439
f  427//439 1195//1292 1196//1293
f  1197//1294 444//457 1196//1293
f  1196//1293 444//457 442//455
f  1196//1293 442//455 427//439
f  1198//1295 1199//1296 1193//1290
f  1193//1290 1199//1296 1200//1297
f  1193//1290 1200//1297 1192//1289
f  1176//1273 1168//1265 1177//1274
f  1177//1274 1168//1265 1169//1266
f  1177//1274 1169//1266 1166//1262
f  1183//1280 1167//1263 1175//1272
f  1175//1272 1167//1263 1176//1273
f  1175//1272 1176//1273 1173//1270
f  1173//1270 1176//1273 1178//1275
f  1173//1270 1178//1275 1194//1291
f  1194//1291 1178//1275 1197//1294
f  1194//1291 1197//1294 1193//1290
f  1193//1290 1197//1294 1196//1293
f  1193//1290 1196//1293 1198//1295
f  1198//1295 1196//1293 1195//1292
f  447//460 446//459 1187//1284
f  1187//1284 446//459 444//457
f  1187//1284 444//457 1190//1287
f  1190//1287 444//457 1197//1294
f  1190//1287 1197//1294 1201//1298
f  1201//1298 1197//1294 1178//1275
f  1201//1298 1178//1275 1202//1299
f  1202//1299 1178//1275 1177//1274
f  1202//1299 1177//1274 1203//1300
f  1203//1300 1177//1274 1166//1262
f  1203//1300 1166//1262 1204//1301
f  1204//1301 1166//1262 1179//1276
f  1204//1301 1179//1276 1203//1300
f  1203//1300 1179//1276 1188//1285
f  1203//1300 1188//1285 1202//1299
f  1202//1299 1188//1285 1189//1286
f  1202//1299 1189//1286 1201//1298
f  1201//1298 1189//1286 1190//1287
f  453//466 448//461 730//772
f  730//772 448//461 449//462
f  730//772 449//462 183//186
f  1205//1302 452//465 1206//1303
f  1206//1303 452//465 451//464
f  1206//1303 451//464 1207//1304
f  1207//1304 451//464 450//463
f  1207//1304 450//463 1208//1305
f  1208//1305 450//463 453//466
f  1208//1305 453//466 1209//1306
f  1209//1306 453//466 730//772
f  1209//1306 730//772 729//771
f  1181//1278 1192//1289 1182//1279
f  1182//1279 1192//1289 1200//1297
f  1182//1279 1200//1297 1210//1307
f  1210//1307 1200//1297 1199//1296
f  1210//1307 1199//1296 1198//1295
f  1198//1295 1195//1292 1210//1307
f  1210//1307 1195//1292 426//438
f  1210//1307 426//438 1205//1302
f  1205//1302 426//438 428//440
f  1205//1302 428//440 452//465
f  1211//1308 1212//1309 1213//1310
f  1214//1311 1215//1312 1216//1313
f  1217//1314 1218//1315 1215//1312
f  1215//1312 1218//1315 1219//1316
f  1215//1312 1219//1316 1216//1313
f  1220//1317 1221//1318 1217//1314
f  1217//1314 1221//1318 1222//1319
f  1217//1314 1222//1319 1218//1315
f  1223//1320 1224//1321 1225//1322
f  1225//1322 1224//1321 1214//1311
f  1225//1322 1214//1311 1226//1323
f  1226//1323 1214//1311 1216//1313
f  1212//1309 1227//1324 1213//1310
f  1213//1310 1227//1324 1228//1325
f  1213//1310 1228//1325 1229//1326
f  1223//1320 1230//1327 1224//1321
f  1224//1321 1230//1327 1231//1328
f  1224//1321 1231//1328 1213//1310
f  1213//1310 1231//1328 1232//1329
f  1213//1310 1232//1329 1211//1308
f  1233//1330 469//482 1234//1331
f  1234//1331 469//482 748//790
f  1234//1331 748//790 1220//1317
f  1220//1317 748//790 1235//1332
f  1220//1317 1235//1332 1221//1318
f  1236//1333 1237//1334 1238//1335
f  1238//1335 1237//1334 1229//1326
f  1238//1335 1229//1326 1239//1336
f  1239//1336 1229//1326 1228//1325
f  1236//1333 1240//1337 1237//1334
f  1237//1334 1240//1337 1241//1338
f  1237//1334 1241//1338 1242//1339
f  1242//1339 1241//1338 1243//1340
f  1242//1339 1243//1340 1244//1341
f  1244//1341 1243//1340 1245//1342
f  1246//1343 481//494 1247//1344
f  1247//1344 481//494 480//493
f  1247//1344 480//493 1233//1330
f  1233//1330 480//493 467//480
f  1233//1330 467//480 469//482
f  1248//1345 1249//1346 1245//1342
f  1245//1342 1249//1346 1250//1347
f  1245//1342 1250//1347 1244//1341
f  1244//1341 1250//1347 455//468
f  1244//1341 455//468 1246//1343
f  1246//1343 455//468 454//467
f  1246//1343 454//467 481//494
f  1250//1347 1249//1346 1251//1348
f  459//472 1252//1349 461//474
f  461//474 1252//1349 1253//1350
f  461//474 1253//1350 463//476
f  1250//1347 1251//1348 455//468
f  1254//1351 1255//1352 459//472
f  459//472 1255//1352 1256//1353
f  459//472 1256//1353 1252//1349
f  1252//1349 1256//1353 1257//1354
f  1252//1349 1257//1354 1253//1350
f  1254//1351 459//472 1251//1348
f  1251//1348 459//472 457//470
f  1251//1348 457//470 455//468
f  1258//1355 462//475 1259//1356
f  1259//1356 462//475 463//476
f  488//501 462//475 1258//1355
f  1258//1355 1260//1357 488//501
f  488//501 1260//1357 1261//1358
f  488//501 1261//1358 479//492
f  479//492 1261//1358 1262//1359
f  479//492 1262//1359 478//491
f  478//491 1262//1359 1263//1360
f  478//491 1263//1360 476//489
f  476//489 1263//1360 1264//1361
f  476//489 1264//1361 477//490
f  496//509 494//507 743//785
f  475//488 1265//1362 1266//1363
f  475//488 477//490 1265//1362
f  1265//1362 477//490 1264//1361
f  1265//1362 1264//1361 1267//1364
f  1268//1365 492//505 1269//1366
f  1269//1366 492//505 496//509
f  1269//1366 496//509 1266//1363
f  1266//1363 496//509 743//785
f  1266//1363 743//785 475//488
f  1270//1367 500//513 1271//1368
f  1271//1368 500//513 501//514
f  1271//1368 501//514 1272//1369
f  1272//1369 501//514 489//502
f  1272//1369 489//502 1268//1365
f  1268//1365 489//502 491//504
f  1268//1365 491//504 492//505
f  1270//1367 1273//1370 500//513
f  500//513 1273//1370 1274//1371
f  500//513 1274//1371 511//524
f  1274//1371 1275//1372 511//524
f  511//524 1275//1372 517//530
f  1276//1373 1277//1374 536//549
f  1278//1375 539//552 537//550
f  536//549 1277//1374 537//550
f  537//550 1277//1374 1279//1376
f  537//550 1279//1376 1278//1375
f  517//530 1275//1372 1280//1377
f  517//530 1280//1377 518//531
f  536//549 67//67 1276//1373
f  1276//1373 67//67 514//527
f  1276//1373 514//527 1281//1378
f  1281//1378 514//527 513//526
f  1281//1378 513//526 1280//1377
f  1280//1377 513//526 516//529
f  1280//1377 516//529 518//531
f  1282//1379 1283//1380 586//601
f  586//601 1283//1380 589//940
f  1283//1380 1284//1381 589//940
f  589//940 1284//1381 1285//1382
f  589//940 1285//1382 590//1383
f  590//1383 1285//1382 1286//1384
f  590//1383 1286//1384 1073//1385
f  1073//1385 1286//1384 1287//1386
f  1073//1385 1287//1386 1288//1387
f  1288//1387 1287//1386 1289//1388
f  1290//1389 542//555 1291//1390
f  1291//1390 542//555 530//543
f  1291//1390 530//543 1292//1391
f  1292//1391 530//543 529//542
f  1292//1391 529//542 1293//1392
f  1293//1392 529//542 1294//1393
f  1293//1392 1294//1393 1289//1388
f  1289//1388 1294//1393 1295//1394
f  1289//1388 1295//1394 1288//1387
f  554//569 569//584 1296//1395
f  1296//1395 569//584 567//582
f  1296//1395 567//582 1297//1396
f  1297//1396 567//582 565//580
f  1297//1396 565//580 1298//1397
f  1298//1397 565//580 546//559
f  1298//1397 546//559 1290//1389
f  1290//1389 546//559 61//61
f  1290//1389 61//61 542//555
f  554//569 1296//1395 552//567
f  552//567 1296//1395 1299//1398
f  552//567 1299//1398 550//565
f  550//565 1299//1398 576//591
f  576//591 1299//1398 1300//1399
f  576//591 1300//1399 577//592
f  577//592 1300//1399 1301//1400
f  577//592 1301//1400 578//593
f  578//593 1301//1400 579//594
f  579//594 1301//1400 1302//1401
f  579//594 1302//1401 580//595
f  580//595 1302//1401 1303//1402
f  580//595 1303//1402 581//596
f  581//596 1303//1402 1304//1403
f  581//596 1304//1403 582//597
f  582//597 1304//1403 1305//1404
f  582//597 1305//1404 583//598
f  583//598 1305//1404 1306//1405
f  583//598 1306//1405 584//599
f  584//599 1306//1405 1307//1406
f  584//599 1307//1406 585//600
f  585//600 1307//1406 1308//1407
f  585//600 1308//1407 586//601
f  586//601 1308//1407 1309//1408
f  586//601 1309//1408 1282//1379
f  1073//1385 1288//1387 1310//1409
f  1073//1385 1310//1409 1074//1410
f  1074//1410 1310//1409 1311//1411
f  1074//1410 1311//1411 1075//1412
f  1312//1413 1070//1414 1313//1415
f  1313//1415 1070//1414 1072//1416
f  1313//1415 1072//1416 1314//1417
f  1314//1417 1072//1416 1071//1418
f  1314//1417 1071//1418 1315//1419
f  1315//1419 1071//1418 1077//1420
f  1315//1419 1077//1420 1316//1421
f  1316//1421 1077//1420 1076//1422
f  1316//1421 1076//1422 1317//1423
f  1317//1423 1076//1422 1075//1412
f  1317//1423 1075//1412 1318//1424
f  1318//1424 1075//1412 1311//1411
f  1319//1425 1320//1426 1321//1427
f  1322//1428 1323//1429 298//301
f  1324//1430 1325//1431 1326//1432
f  1326//1432 1325//1431 1327//1433
f  1327//1433 1325//1431 1328//1434
f  1327//1433 1328//1434 1329//1435
f  1330//1436 1331//1437 1332//1438
f  1326//1432 1333//1439 1324//1430
f  1324//1430 1333//1439 1334//1440
f  1324//1430 1334//1440 1331//1437
f  1331//1437 1334//1440 1335//1441
f  1331//1437 1335//1441 1332//1438
f  1319//1425 1336//1442 1337//1443
f  1337//1443 1336//1442 1338//1444
f  1337//1443 1338//1444 1339//1445
f  1338//1444 1340//1446 1339//1445
f  1339//1445 1340//1446 1341//1447
f  1339//1445 1341//1447 1342//1448
f  1342//1448 1341//1447 1343//1449
f  1342//1448 1343//1449 1344//1450
f  1320//1426 1319//1425 1345//1451
f  1345//1451 1319//1425 1337//1443
f  1345//1451 1337//1443 1346//1452
f  1346//1452 1337//1443 1339//1445
f  1346//1452 1339//1445 1347//1453
f  1347//1453 1339//1445 1342//1448
f  1347//1453 1342//1448 1348//1454
f  1348//1454 1342//1448 1344//1450
f  1348//1454 1344//1450 1349//1455
f  1349//1455 1344//1450 1350//1456
f  1349//1455 1350//1456 1351//1457
f  298//301 1352//1458 1322//1428
f  1322//1428 1352//1458 1353//1459
f  1322//1428 1353//1459 1354//1460
f  1354//1460 1353//1459 1355//1461
f  1354//1460 1355//1461 1356//1462
f  1356//1462 1355//1461 1357//1463
f  1356//1462 1357//1463 1358//1464
f  1358//1464 1357//1463 1359//1465
f  1358//1464 1359//1465 1360//1466
f  1329//1435 1328//1434 1361//1467
f  1361//1467 1328//1434 1362//1468
f  1361//1467 1362//1468 1363//1469
f  1351//1457 1350//1456 1364//1470
f  1364//1470 1350//1456 1365//1471
f  1364//1470 1365//1471 1366//1472
f  1343//1449 1367//1473 1344//1450
f  1344//1450 1367//1473 1368//1474
f  1344//1450 1368//1474 1350//1456
f  1350//1456 1368//1474 1369//1475
f  1350//1456 1369//1475 1365//1471
f  1332//1438 1370//1476 1330//1436
f  1330//1436 1370//1476 1371//1477
f  1330//1436 1371//1477 1372//1478
f  1372//1478 1371//1477 1373//1479
f  1372//1478 1373//1479 1321//1427
f  1321//1427 1373//1479 1374//1480
f  1321//1427 1374//1480 1319//1425
f  1319//1425 1374//1480 1375//1481
f  1319//1425 1375//1481 1336//1442
f  1351//1457 1323//1429 1349//1455
f  1349//1455 1323//1429 1322//1428
f  1349//1455 1322//1428 1348//1454
f  1348//1454 1322//1428 1354//1460
f  1348//1454 1354//1460 1347//1453
f  1347//1453 1354//1460 1356//1462
f  1347//1453 1356//1462 1346//1452
f  1346//1452 1356//1462 1358//1464
f  1346//1452 1358//1464 1345//1451
f  1345//1451 1358//1464 1360//1466
f  1345//1451 1360//1466 1320//1426
f  1376//1482 1377//1483 1378//1484
f  1378//1484 1377//1483 1379//1485
f  1359//1465 1376//1482 1360//1466
f  1360//1466 1376//1482 1378//1484
f  1360//1466 1378//1484 1320//1426
f  1320//1426 1378//1484 1379//1485
f  1320//1426 1379//1485 1321//1427
f  1321//1427 1379//1485 1380//1486
f  1321//1427 1380//1486 1372//1478
f  1372//1478 1380//1486 1381//1487
f  1372//1478 1381//1487 1330//1436
f  1330//1436 1381//1487 1382//1488
f  1330//1436 1382//1488 1331//1437
f  1331//1437 1382//1488 1383//1489
f  1331//1437 1383//1489 1324//1430
f  1324//1430 1383//1489 1384//1490
f  1324//1430 1384//1490 1325//1431
f  1325//1431 1384//1490 1385//1491
f  1325//1431 1385//1491 1328//1434
f  1328//1434 1385//1491 1386//1492
f  1328//1434 1386//1492 1362//1468
f  670//707 296//299 298//301
f  1387//1493 672//709 298//301
f  298//301 672//709 670//707
f  298//301 1323//1429 1387//1493
f  1387//1493 1323//1429 1351//1457
f  1387//1493 1351//1457 1388//1494
f  1388//1494 1351//1457 1364//1470
f  1388//1494 1364//1470 1389//1495
f  1389//1495 1364//1470 1366//1472
f  1389//1495 1366//1472 1390//1496
f  1391//1497 1389//1495 1390//1496
f  672//709 1387//1493 671//708
f  671//708 1387//1493 1392//1498
f  600//615 601//616 1393//1499
f  1393//1499 601//616 1394//1500
f  1393//1499 1394//1500 1395//1501
f  1395//1501 1394//1500 1396//1502
f  601//616 602//617 669//706
f  1396//1502 667//704 1397//1503
f  1397//1503 667//704 673//710
f  1397//1503 673//710 1398//1504
f  1398//1504 1399//1505 1397//1503
f  1397//1503 1399//1505 1400//1506
f  1397//1503 1400//1506 1396//1502
f  1396//1502 1400//1506 1401//1507
f  1396//1502 1401//1507 1395//1501
f  601//616 669//706 1394//1500
f  1394//1500 669//706 668//705
f  1394//1500 668//705 1396//1502
f  1396//1502 668//705 666//703
f  1396//1502 666//703 667//704
f  1387//1493 1388//1494 1392//1498
f  1392//1498 1388//1494 1389//1495
f  1392//1498 1389//1495 1402//1508
f  1402//1508 1389//1495 1391//1497
f  1402//1508 1391//1497 1403//1509
f  1390//1496 1404//1510 1391//1497
f  1391//1497 1404//1510 1405//1511
f  1391//1497 1405//1511 1403//1509
f  1403//1509 1405//1511 1406//1512
f  1403//1509 1406//1512 1407//1513
f  1407//1513 1406//1512 1408//1514
f  1407//1513 1408//1514 1409//1515
f  1409//1515 1408//1514 1410//1516
f  1409//1515 1410//1516 1411//1517
f  1411//1517 1410//1516 1412//1518
f  1411//1517 1412//1518 1413//1519
f  1413//1519 1412//1518 1414//1520
f  1413//1519 1414//1520 599//614
f  599//614 600//615 1413//1519
f  1413//1519 600//615 1393//1499
f  1413//1519 1393//1499 1411//1517
f  1411//1517 1393//1499 1395//1501
f  1411//1517 1395//1501 1409//1515
f  1409//1515 1395//1501 1401//1507
f  1409//1515 1401//1507 1407//1513
f  1407//1513 1401//1507 1400//1506
f  1407//1513 1400//1506 1403//1509
f  1403//1509 1400//1506 1399//1505
f  1403//1509 1399//1505 1402//1508
f  1402//1508 1399//1505 1398//1504
f  1402//1508 1398//1504 1392//1498
f  1392//1498 1398//1504 673//710
f  1392//1498 673//710 671//708
f  1415//1521 1416//1522 1417//1523
f  1417//1523 1416//1522 1418//1524
f  1417//1523 1418//1524 1419//1525
f  1419//1525 1418//1524 1420//1526
f  1419//1525 1420//1526 1421//1527
f  1422//1528 597//612 596//611
f  1418//1524 1423//1529 1420//1526
f  1420//1526 1423//1529 1422//1528
f  1420//1526 1422//1528 1421//1527
f  1421//1527 1422//1528 596//611
f  1421//1527 596//611 1419//1525
f  1419//1525 596//611 599//614
f  1424//1530 1425//1531 1426//1532
f  637//1533 604//1534 653//1535
f  614//639 604//1534 612//637
f  612//637 604//1534 603//635
f  614//639 616//641 604//1534
f  604//1534 616//641 618//643
f  604//1534 618//643 675//712
f  675//712 618//643 620//645
f  675//712 620//645 632//659
f  651//1536 649//1537 1427//1538
f  653//1535 604//1534 655//1539
f  1426//1532 1427//1538 1424//1530
f  1424//1530 1427//1538 649//1537
f  1424//1530 649//1537 1428//1540
f  1428//1540 649//1537 647//1541
f  1428//1540 647//1541 1429//1542
f  1429//1542 647//1541 645//1543
f  1429//1542 645//1543 1430//1544
f  1430//1544 645//1543 643//1545
f  1430//1544 643//1545 1431//1546
f  1431//1546 643//1545 641//1547
f  1431//1546 641//1547 1432//1548
f  1432//1548 641//1547 639//1549
f  1432//1548 639//1549 1433//1550
f  1433//1550 639//1549 665//1551
f  1433//1550 665//1551 1434//1552
f  1434//1552 665//1551 663//1553
f  1434//1552 663//1553 1435//1554
f  1435//1554 663//1553 661//1555
f  1435//1554 661//1555 675//712
f  675//712 661//1555 659//1556
f  675//712 659//1556 604//1534
f  604//1534 659//1556 657//1557
f  604//1534 657//1557 655//1539
f  1427//1538 1436//1558 651//1536
f  651//1536 1436//1558 1437//1559
f  651//1536 1437//1559 653//1535
f  653//1535 1437//1559 1438//1560
f  653//1535 1438//1560 637//1533
f  1439//1561 1428//1540 1429//1542
f  1440//1562 1441//1563 1439//1561
f  1440//1562 1439//1561 1442//1564
f  1442//1564 1439//1561 1429//1542
f  1442//1564 1429//1542 1443//1565
f  1443//1565 1429//1542 1430//1544
f  1443//1565 1430//1544 1444//1566
f  1445//1567 1446//1568 1431//1546
f  1431//1546 1446//1568 1447//1569
f  1431//1546 1447//1569 1430//1544
f  1430//1544 1447//1569 1448//1570
f  1430//1544 1448//1570 1444//1566
f  1445//1567 1431//1546 1449//1571
f  1449//1571 1431//1546 1432//1548
f  1449//1571 1432//1548 1450//1572
f  1433//1550 1451//1573 1452//1574
f  1433//1550 1452//1574 1432//1548
f  1432//1548 1452//1574 1453//1575
f  1432//1548 1453//1575 1450//1572
f  1434//1552 1454//1576 1455//1577
f  1434//1552 1455//1577 1433//1550
f  1433//1550 1455//1577 1456//1578
f  1433//1550 1456//1578 1451//1573
f  1435//1554 675//712 674//711
f  674//711 1457//1579 1435//1554
f  1435//1554 1457//1579 1458//1580
f  1435//1554 1458//1580 1434//1552
f  1434//1552 1458//1580 1459//1581
f  1434//1552 1459//1581 1454//1576
f  648//1582 650//1583 1460//1584
f  1460//1584 650//1583 652//1585
f  660//1586 674//711 658//1587
f  658//1587 674//711 307//310
f  1454//1576 662//1588 1455//1577
f  1455//1577 662//1588 664//1589
f  1455//1577 664//1589 1456//1578
f  1456//1578 664//1589 1451//1573
f  1454//1576 1459//1581 662//1588
f  662//1588 1459//1581 1458//1580
f  662//1588 1458//1580 660//1586
f  660//1586 1458//1580 1457//1579
f  660//1586 1457//1579 674//711
f  1444//1566 642//1590 1443//1565
f  1443//1565 642//1590 644//1591
f  1443//1565 644//1591 1442//1564
f  1442//1564 644//1591 1440//1562
f  1440//1562 644//1591 646//1592
f  1440//1562 646//1592 1441//1563
f  1423//1529 1461//1593 1422//1528
f  1422//1528 1461//1593 1460//1584
f  1422//1528 1460//1584 597//612
f  597//612 1460//1584 652//1585
f  597//612 652//1585 306//309
f  306//309 652//1585 654//1594
f  306//309 654//1594 307//310
f  307//310 654//1594 656//1595
f  307//310 656//1595 658//1587
f  1449//1571 638//1596 1445//1567
f  1445//1567 638//1596 640//1597
f  1460//1584 1462//1598 648//1582
f  648//1582 1462//1598 1463//1599
f  648//1582 1463//1599 646//1592
f  646//1592 1463//1599 1464//1600
f  646//1592 1464//1600 1441//1563
f  1449//1571 1450//1572 638//1596
f  638//1596 1450//1572 1453//1575
f  638//1596 1453//1575 664//1589
f  664//1589 1453//1575 1452//1574
f  664//1589 1452//1574 1451//1573
f  1444//1566 1448//1570 642//1590
f  642//1590 1448//1570 1447//1569
f  642//1590 1447//1569 640//1597
f  640//1597 1447//1569 1446//1568
f  640//1597 1446//1568 1445//1567
f  1465//1601 1466//1602 1467//1603
f  1465//1601 1467//1603 1468//1604
f  1469//1605 1470//1606 1471//1607
f  1471//1607 1470//1606 1472//1608
f  1471//1607 1472//1608 1468//1604
f  1469//1605 1471//1607 1473//1609
f  1473//1609 1471//1607 1474//1610
f  1473//1609 1474//1610 1475//1611
f  1475//1611 1474//1610 1476//1612
f  1476//1612 1474//1610 1477//1613
f  1476//1612 1477//1613 1478//1614
f  1479//1615 1427//1538 1426//1532
f  1426//1532 1425//1531 1479//1615
f  1479//1615 1425//1531 1478//1614
f  1479//1615 1478//1614 1480//1616
f  1480//1616 1478//1614 1477//1613
f  1480//1616 1477//1613 1481//1617
f  1481//1617 1477//1613 1482//1618
f  1483//1619 1484//1620 1485//1621
f  1485//1621 1486//1622 1483//1619
f  1483//1619 1486//1622 1487//1623
f  1483//1619 1487//1623 1488//1624
f  1488//1624 1487//1623 1489//1625
f  1488//1624 1489//1625 1482//1618
f  1488//1624 1490//1626 1491//1627
f  1491//1627 1490//1626 1492//1628
f  1491//1627 1492//1628 1493//1629
f  1488//1624 1491//1627 1483//1619
f  1483//1619 1491//1627 1494//1630
f  1483//1619 1494//1630 1484//1620
f  1482//1618 1477//1613 1488//1624
f  1488//1624 1477//1613 1474//1610
f  1488//1624 1474//1610 1490//1626
f  1490//1626 1474//1610 1471//1607
f  1490//1626 1471//1607 1492//1628
f  1492//1628 1471//1607 1468//1604
f  1492//1628 1468//1604 1493//1629
f  1493//1629 1468//1604 1467//1603
f  1493//1629 1467//1603 1491//1627
f  1491//1627 1467//1603 1495//1631
f  1491//1627 1495//1631 1494//1630
f  1496//1632 729//1633 1497//1634
f  1497//1634 729//1633 728//1635
f  1427//1636 1479//1637 1436//1638
f  1436//1638 1479//1637 1480//1639
f  1480//1639 1481//1640 1436//1638
f  1436//1638 1481//1640 1482//1641
f  1436//1638 1482//1641 1489//1642
f  1489//1642 1487//1643 735//1644
f  735//1644 1487//1643 1486//1645
f  735//1644 1486//1645 734//1646
f  734//1646 1486//1645 1485//1647
f  734//1646 1485//1647 732//1648
f  732//1648 1485//1647 1498//1649
f  732//1648 1498//1649 731//1650
f  731//1650 1498//1649 1499//1651
f  731//1650 1499//1651 728//1635
f  728//1635 1499//1651 1500//1652
f  728//1635 1500//1652 1497//1634
f  699//1653 727//1654 1438//1655
f  1489//1642 735//1644 1436//1638
f  1436//1638 735//1644 733//1656
f  1436//1638 733//1656 1437//1657
f  733//1656 696//1658 1437//1657
f  1437//1657 696//1658 695//1659
f  1437//1657 695//1659 1438//1655
f  1438//1655 695//1659 700//1660
f  1438//1655 700//1660 699//1653
f  727//1654 714//1661 1438//1655
f  1438//1655 714//1661 680//1662
f  1438//1655 680//1662 637//1663
f  1501//1664 1218//1315 1502//1665
f  1502//1665 1218//1315 1222//1319
f  1502//1665 1222//1319 1503//1666
f  1503//1666 1222//1319 1504//1667
f  1504//1667 1222//1319 1221//1318
f  1504//1667 1221//1318 1505//1668
f  1505//1668 1221//1318 1235//1332
f  1505//1668 1235//1332 1506//1669
f  1507//1670 1508//1671 1236//1333
f  1218//1315 1501//1664 1219//1316
f  1219//1316 1501//1664 1509//1672
f  1219//1316 1509//1672 1216//1313
f  1216//1313 1509//1672 1510//1673
f  1216//1313 1510//1673 1226//1323
f  1211//1308 1232//1329 1511//1674
f  1226//1323 1510//1673 1225//1322
f  1225//1322 1510//1673 1512//1675
f  1225//1322 1512//1675 1223//1320
f  1223//1320 1512//1675 1513//1676
f  1223//1320 1513//1676 1230//1327
f  1230//1327 1513//1676 1514//1677
f  1230//1327 1514//1677 1231//1328
f  1231//1328 1514//1677 1515//1678
f  1231//1328 1515//1678 1232//1329
f  1232//1329 1515//1678 1516//1679
f  1232//1329 1516//1679 1511//1674
f  1211//1308 1511//1674 1212//1309
f  1212//1309 1511//1674 1517//1680
f  1212//1309 1517//1680 1227//1324
f  1507//1670 1236//1333 1518//1681
f  1517//1680 1519//1682 1227//1324
f  1227//1324 1519//1682 1520//1683
f  1227//1324 1520//1683 1228//1325
f  1228//1325 1520//1683 1521//1684
f  1228//1325 1521//1684 1239//1336
f  1239//1336 1521//1684 1518//1681
f  1239//1336 1518//1681 1238//1335
f  1238//1335 1518//1681 1236//1333
f  269//272 1522//1685 1523//1686
f  1524//1687 1525//1688 1526//1689
f  1526//1689 1525//1688 1527//1690
f  1526//1689 1527//1690 1528//1691
f  1528//1691 1527//1690 1529//1692
f  1528//1691 1529//1692 1530//1693
f  1524//1687 1526//1689 1531//1694
f  1531//1694 1526//1689 1532//1695
f  1531//1694 1532//1695 1533//1696
f  1533//1696 1532//1695 758//800
f  1533//1696 758//800 1534//1697
f  1534//1697 758//800 270//273
f  1534//1697 270//273 1535//1698
f  740//782 1536//1699 1537//1700
f  740//782 1537//1700 741//783
f  1538//1701 1523//1686 1537//1700
f  1537//1700 1523//1686 1539//1702
f  1537//1700 1539//1702 741//783
f  270//273 269//272 1535//1698
f  1535//1698 269//272 1523//1686
f  1535//1698 1523//1686 1540//1703
f  1540//1703 1523//1686 1538//1701
f  1522//1685 269//272 1541//1704
f  1541//1704 269//272 268//271
f  1541//1704 268//271 267//270
f  267//270 266//269 1541//1704
f  1541//1704 266//269 265//268
f  1541//1704 265//268 1542//1705
f  1542//1705 265//268 264//267
f  1542//1705 264//267 1543//1706
f  264//267 263//266 1543//1706
f  1543//1706 263//266 588//603
f  1543//1706 588//603 1544//1707
f  1544//1707 588//603 587//602
f  587//602 586//601 1544//1707
f  1544//1707 586//601 589//940
f  1544//1707 589//940 885//939
f  747//789 746//788 494//507
f  746//788 745//787 494//507
f  494//507 745//787 744//786
f  494//507 744//786 743//785
f  758//800 1532//1695 273//276
f  273//276 1532//1695 1526//1689
f  273//276 1526//1689 271//274
f  271//274 1526//1689 1528//1691
f  271//274 1528//1691 1506//1669
f  747//789 1506//1669 748//790
f  748//790 1506//1669 1235//1332
f  757//799 756//798 1506//1669
f  757//799 1506//1669 749//791
f  747//789 494//507 1506//1669
f  1506//1669 494//507 493//506
f  1506//1669 493//506 749//791
f  756//798 262//265 1506//1669
f  1506//1669 262//265 261//264
f  1506//1669 261//264 271//274
f  1545//1708 1546//1709 1229//1710
f  1547//1711 1548//1712 1220//1713
f  1549//1714 1244//1715 1550//1716
f  1550//1716 1244//1715 1246//1717
f  1550//1716 1246//1717 1551//1718
f  1551//1718 1246//1717 1247//1719
f  1551//1718 1247//1719 1552//1720
f  1552//1720 1247//1719 1553//1721
f  1553//1721 1247//1719 1554//1722
f  1554//1722 1247//1719 1233//1723
f  1554//1722 1233//1723 1555//1724
f  1555//1724 1233//1723 1556//1725
f  1556//1725 1233//1723 1234//1726
f  1556//1725 1234//1726 1557//1727
f  1548//1712 1558//1728 1220//1713
f  1220//1713 1558//1728 1559//1729
f  1220//1713 1559//1729 1234//1726
f  1234//1726 1559//1729 1560//1730
f  1234//1726 1560//1730 1557//1727
f  1547//1711 1220//1713 1561//1731
f  1561//1731 1220//1713 1217//1732
f  1561//1731 1217//1732 1562//1733
f  1215//1734 1563//1735 1217//1732
f  1217//1732 1563//1735 1564//1736
f  1217//1732 1564//1736 1562//1733
f  1214//1737 1565//1738 1215//1734
f  1215//1734 1565//1738 1566//1739
f  1215//1734 1566//1739 1563//1735
f  1224//1740 1213//1741 1567//1742
f  1567//1742 1568//1743 1224//1740
f  1224//1740 1568//1743 1569//1744
f  1224//1740 1569//1744 1214//1737
f  1214//1737 1569//1744 1570//1745
f  1214//1737 1570//1745 1565//1738
f  1546//1709 1571//1746 1229//1710
f  1229//1710 1571//1746 1572//1747
f  1229//1710 1572//1747 1213//1741
f  1213//1741 1572//1747 1573//1748
f  1213//1741 1573//1748 1567//1742
f  1545//1708 1229//1710 1574//1749
f  1574//1749 1229//1710 1237//1750
f  1574//1749 1237//1750 1575//1751
f  1575//1751 1237//1750 1576//1752
f  1576//1752 1237//1750 1242//1753
f  1576//1752 1242//1753 1577//1754
f  1549//1714 1578//1755 1244//1715
f  1244//1715 1578//1755 1579//1756
f  1244//1715 1579//1756 1242//1753
f  1242//1753 1579//1756 1580//1757
f  1242//1753 1580//1757 1577//1754
f  1581//1758 1537//1700 1582//1759
f  1582//1759 1537//1700 1536//1699
f  1583//1760 1584//1761 1535//1698
f  1584//1761 1585//1762 1535//1698
f  1535//1698 1585//1762 1586//1763
f  1535//1698 1586//1763 1534//1697
f  1535//1698 1540//1703 1583//1760
f  1583//1760 1540//1703 1538//1701
f  1583//1760 1538//1701 1587//1764
f  1587//1764 1538//1701 1537//1700
f  1587//1764 1537//1700 1581//1758
f  1586//1763 1588//1765 1534//1697
f  1534//1697 1588//1765 1533//1696
f  1589//1766 1524//1687 1531//1694
f  1525//1688 1590//1767 1527//1690
f  1527//1690 1590//1767 1591//1768
f  1527//1690 1591//1768 1529//1692
f  1529//1692 1591//1768 1592//1769
f  1529//1692 1592//1769 1530//1693
f  1530//1693 1592//1769 1593//1770
f  1594//1771 1595//1772 1596//1773
f  1596//1773 1595//1772 1597//1774
f  1596//1773 1597//1774 1598//1775
f  1598//1775 1597//1774 1599//1776
f  1598//1775 1599//1776 1600//1777
f  1600//1777 1599//1776 1589//1766
f  1600//1777 1589//1766 1601//1778
f  1602//1779 1603//1780 1600//1777
f  1600//1777 1603//1780 1604//1781
f  1600//1777 1604//1781 1598//1775
f  1598//1775 1604//1781 1605//1782
f  1598//1775 1605//1782 1596//1773
f  1596//1773 1605//1782 1606//1783
f  1596//1773 1606//1783 1594//1771
f  1594//1771 1606//1783 1607//1784
f  1594//1771 1607//1784 1608//1785
f  1588//1765 1609//1786 1610//1787
f  1586//1763 1585//1762 1588//1765
f  1588//1765 1585//1762 1611//1788
f  1588//1765 1611//1788 1609//1786
f  1602//1779 1600//1777 1612//1789
f  1612//1789 1600//1777 1601//1778
f  1612//1789 1601//1778 1610//1787
f  1610//1787 1601//1778 1589//1766
f  1610//1787 1589//1766 1588//1765
f  1588//1765 1589//1766 1531//1694
f  1588//1765 1531//1694 1533//1696
f  1525//1688 1524//1687 1590//1767
f  1590//1767 1524//1687 1589//1766
f  1590//1767 1589//1766 1591//1768
f  1591//1768 1589//1766 1599//1776
f  1591//1768 1599//1776 1592//1769
f  1592//1769 1599//1776 1597//1774
f  1592//1769 1597//1774 1593//1770
f  1593//1770 1597//1774 1595//1772
f  1613//1790 1614//1791 1615//1792
f  1615//1792 1614//1791 1616//1793
f  1615//1792 1616//1793 1617//1794
f  1617//1794 1616//1793 1618//1795
f  1617//1794 1618//1795 1619//1796
f  1620//1797 1621//1798 1622//1799
f  1622//1799 1621//1798 1623//1800
f  1622//1799 1623//1800 1624//1801
f  1624//1801 1623//1800 1625//1802
f  1624//1801 1625//1802 1613//1790
f  1613//1790 1625//1802 1626//1803
f  1613//1790 1626//1803 1614//1791
f  322//807 321//1804 1627//1805
f  679//716 678//715 776//822
f  776//822 678//715 1628//1806
f  776//822 1628//1806 774//820
f  1629//1807 1630//1808 1631//1809
f  775//821 779//825 1631//1809
f  1631//1809 779//825 778//824
f  1631//1809 778//824 1629//1807
f  1629//1807 778//824 780//826
f  1629//1807 780//826 781//827
f  1632//1810 1633//1811 1629//1807
f  1629//1807 1633//1811 1634//1812
f  1629//1807 1634//1812 1630//1808
f  1635//1813 1636//1814 1632//1810
f  1632//1810 1636//1814 1637//1815
f  1632//1810 1637//1815 1633//1811
f  1632//1810 1638//1816 1635//1813
f  1635//1813 1638//1816 1639//1817
f  1635//1813 1639//1817 1640//1818
f  1640//1818 1639//1817 1641//1819
f  1640//1818 1641//1819 1642//1820
f  1642//1820 1641//1819 1643//1821
f  1643//1821 1641//1819 1644//1822
f  1643//1821 1644//1822 1645//1823
f  1646//1824 1647//1825 1648//1826
f  1648//1826 1647//1825 1649//1827
f  1648//1826 1649//1827 1644//1822
f  1644//1822 1649//1827 1650//1828
f  1644//1822 1650//1828 1645//1823
f  1651//1829 1652//1830 1648//1826
f  1648//1826 1652//1830 1653//1831
f  1648//1826 1653//1831 1646//1824
f  799//850 1654//1832 800//851
f  800//851 1654//1832 1655//1833
f  321//1804 325//855 1627//1805
f  1627//1805 325//855 803//854
f  1627//1805 803//854 1656//1834
f  1656//1834 803//854 802//853
f  1656//1834 802//853 1655//1833
f  1655//1833 802//853 801//852
f  1655//1833 801//852 800//851
f  274//277 766//812 1657//1835
f  1657//1835 766//812 765//811
f  1657//1835 765//811 1658//1836
f  1659//1837 768//814 1657//1835
f  1657//1835 768//814 767//813
f  1657//1835 767//813 274//277
f  771//817 770//816 1659//1837
f  1659//1837 770//816 769//815
f  1659//1837 769//815 768//814
f  1659//1837 1660//1838 771//817
f  771//817 1660//1838 1661//1839
f  771//817 1661//1839 772//818
f  772//818 1661//1839 677//714
f  772//818 677//714 676//713
f  1662//1840 1651//1829 1663//1841
f  1663//1841 1651//1829 1648//1826
f  1663//1841 1648//1826 1664//1842
f  1664//1842 1648//1826 1644//1822
f  1664//1842 1644//1822 1665//1843
f  1665//1843 1644//1822 1641//1819
f  1665//1843 1641//1819 1666//1844
f  1666//1844 1641//1819 1639//1817
f  1666//1844 1639//1817 1667//1845
f  1667//1845 1639//1817 1638//1816
f  1667//1845 1638//1816 1668//1846
f  1668//1846 1638//1816 1632//1810
f  1668//1846 1632//1810 1669//1847
f  1669//1847 1632//1810 1629//1807
f  1669//1847 1629//1807 1628//1806
f  1628//1806 1629//1807 781//827
f  1628//1806 781//827 774//820
f  1654//1832 1662//1840 1655//1833
f  1655//1833 1662//1840 1663//1841
f  1655//1833 1663//1841 1656//1834
f  1656//1834 1663//1841 1664//1842
f  1656//1834 1664//1842 1627//1805
f  1627//1805 1664//1842 1665//1843
f  1627//1805 1665//1843 322//807
f  322//807 1665//1843 1666//1844
f  322//807 1666//1844 763//809
f  765//811 763//809 1658//1836
f  1658//1836 763//809 1666//1844
f  1658//1836 1666//1844 1657//1835
f  1657//1835 1666//1844 1667//1845
f  1657//1835 1667//1845 1659//1837
f  1659//1837 1667//1845 1668//1846
f  1659//1837 1668//1846 1660//1838
f  1660//1838 1668//1846 1669//1847
f  1660//1838 1669//1847 1661//1839
f  1661//1839 1669//1847 1628//1806
f  1661//1839 1628//1806 677//714
f  677//714 1628//1806 678//715
f  777//823 775//821 1670//1848
f  777//823 1670//1848 1671//1849
f  1670//1848 1672//1850 1671//1849
f  1671//1849 1672//1850 737//779
f  1671//1849 737//779 773//819
f  1673//1851 1674//1852 1675//1853
f  1676//1854 1677//1855 1674//1852
f  1674//1852 1677//1855 1678//1856
f  1674//1852 1678//1856 1675//1853
f  1673//1851 1675//1853 1679//1857
f  1679//1857 1675//1853 1680//1858
f  1679//1857 1680//1858 1681//1859
f  1681//1859 1680//1858 1682//1860
f  1681//1859 1682//1860 1683//1861
f  1682//1860 1684//1862 1683//1861
f  1683//1861 1684//1862 1685//1863
f  1683//1861 1685//1863 1686//1864
f  1686//1864 1685//1863 1687//1865
f  1686//1864 1687//1865 1688//1866
f  1689//1867 1690//1868 1691//1869
f  798//848 797//847 1692//1870
f  1163//1255 1162//1254 1693//1871
f  812//865 808//861 1694//1872
f  812//865 1694//1872 813//866
f  1695//1873 806//859 814//867
f  1696//1874 1161//1253 811//864
f  811//864 1161//1253 809//862
f  783//829 782//828 1163//1255
f  1163//1255 1693//1871 783//829
f  783//829 1693//1871 1697//1875
f  783//829 1697//1875 787//833
f  787//833 1697//1875 788//834
f  788//834 1697//1875 1698//1876
f  788//834 1698//1876 786//832
f  1699//1877 388//396 784//830
f  1699//1877 784//830 1698//1876
f  1698//1876 784//830 785//831
f  1698//1876 785//831 786//832
f  328//1878 795//1878 1700//1879
f  1700//1880 795//845 796//846
f  1700//1880 796//846 1699//1877
f  1699//1877 796//846 792//838
f  1699//1877 792//838 388//396
f  798//848 1692//1870 799//850
f  1701//1881 1702//1882 1703//1883
f  1703//1883 1702//1882 1704//1884
f  1703//1883 1704//1884 1705//1885
f  1691//1869 1690//1868 1706//1886
f  1690//1868 1707//1887 1706//1886
f  1706//1886 1707//1887 1708//1888
f  1706//1886 1708//1888 1709//1889
f  1709//1889 1708//1888 1710//1890
f  1709//1889 1710//1890 1711//1891
f  1689//1867 1691//1869 1712//1892
f  1712//1892 1691//1869 1713//1893
f  1712//1892 1713//1893 1714//1894
f  814//867 813//866 1695//1873
f  1695//1873 813//866 1694//1872
f  1695//1873 1694//1872 1713//1893
f  1713//1893 1694//1872 1715//1895
f  1713//1893 1715//1895 1714//1894
f  1709//1889 1716//1896 1706//1886
f  1706//1886 1716//1896 1717//1897
f  1706//1886 1717//1897 1691//1869
f  1691//1869 1717//1897 1718//1898
f  1691//1869 1718//1898 1713//1893
f  1713//1893 1718//1898 1719//1899
f  1713//1893 1719//1899 1695//1873
f  1695//1873 1719//1899 1720//1900
f  1695//1873 1720//1900 806//859
f  806//859 1720//1900 1696//1874
f  806//859 1696//1874 807//860
f  807//860 1696//1874 811//864
f  1721//1901 1703//1883 1722//1902
f  1721//1901 1722//1902 1723//1903
f  1723//1903 1722//1902 1692//1870
f  1723//1903 1692//1870 1724//1904
f  1724//1904 1692//1870 797//847
f  1724//1904 797//847 805//858
f  1701//1881 1703//1883 1711//1891
f  1711//1891 1703//1883 1721//1901
f  1711//1891 1721//1901 1709//1889
f  1709//1889 1721//1901 1723//1903
f  1709//1889 1723//1903 1716//1896
f  1716//1896 1723//1903 1724//1904
f  1716//1896 1724//1904 1725//1905
f  799//850 1692//1870 1654//1832
f  1654//1832 1692//1870 1722//1902
f  1654//1832 1722//1902 1662//1840
f  1662//1840 1722//1902 1703//1883
f  1662//1840 1703//1883 1651//1829
f  1651//1829 1703//1883 1705//1885
f  1651//1829 1705//1885 1652//1830
f  805//858 804//857 1724//1904
f  1724//1904 804//857 334//856
f  1724//1904 334//856 1725//1905
f  1725//1905 334//856 329//1906
f  1725//1905 329//1906 1716//1896
f  1716//1896 329//1906 328//844
f  1716//1896 328//844 1717//1897
f  1717//1897 328//844 1700//1880
f  1717//1897 1700//1880 1718//1898
f  1718//1898 1700//1880 1699//1877
f  1718//1898 1699//1877 1719//1899
f  1719//1899 1699//1877 1698//1876
f  1719//1899 1698//1876 1720//1900
f  1720//1900 1698//1876 1697//1875
f  1720//1900 1697//1875 1696//1874
f  1696//1874 1697//1875 1693//1871
f  1696//1874 1693//1871 1161//1253
f  1161//1253 1693//1871 1162//1254
f  861//914 860//913 1726//1907
f  1726//1907 860//913 1727//1908
f  1726//1907 1727//1908 810//863
f  810//863 1727//1908 1728//1909
f  810//863 1728//1909 808//861
f  1039//1110 1038//1109 1729//1910
f  1730//1911 1042//1113 1040//1111
f  852//905 1035//1106 847//900
f  847//900 1035//1106 1731//1912
f  847//900 1731//1912 849//902
f  849//902 1731//1912 1732//1913
f  849//902 1732//1913 850//903
f  850//903 1732//1913 844//897
f  936//998 924//986 1732//1913
f  1732//1913 924//986 845//898
f  1732//1913 845//898 844//897
f  856//909 829//882 828//881
f  856//909 828//881 1733//1914
f  1733//1914 828//881 830//883
f  1733//1914 830//883 838//891
f  838//891 839//892 1733//1914
f  1733//1914 839//892 911//973
f  1733//1914 911//973 912//974
f  857//910 856//909 1734//1915
f  1734//1915 856//909 1733//1914
f  1734//1915 1733//1914 1732//1913
f  1732//1913 1733//1914 912//974
f  1732//1913 912//974 936//998
f  1735//1916 1736//1917 1737//1918
f  1736//1917 1735//1916 1738//1919
f  1738//1919 1735//1916 1730//1911
f  1738//1919 1730//1911 1729//1910
f  1729//1910 1730//1911 1040//1111
f  1729//1910 1040//1111 1039//1110
f  858//911 857//910 1737//1918
f  1737//1918 857//910 1734//1915
f  1737//1918 1734//1915 1735//1916
f  1735//1916 1734//1915 1732//1913
f  1735//1916 1732//1913 1730//1911
f  1730//1911 1732//1913 1731//1912
f  1730//1911 1731//1912 1042//1113
f  1042//1113 1731//1912 1035//1106
f  1022//1093 1024//1095 1739//1920
f  1022//1093 1739//1920 1020//1091
f  1739//1920 1740//1921 1020//1091
f  1020//1091 1740//1921 1741//1922
f  1020//1091 1741//1922 1016//1087
f  1016//1087 1741//1922 1742//1923
f  1016//1087 1742//1923 1017//1088
f  1017//1088 1742//1923 1743//1924
f  1017//1088 1743//1924 1011//1082
f  1744//1925 1012//1083 1745//1926
f  1745//1926 1012//1083 1011//1082
f  1745//1926 1011//1082 1746//1927
f  1746//1927 1011//1082 1743//1924
f  862//915 863//916 1747//1928
f  860//913 862//915 1748//1929
f  1748//1929 862//915 1747//1928
f  1748//1929 1747//1928 1749//1930
f  1749//1930 1747//1928 1750//1931
f  1751//1932 1752//1933 1753//1934
f  1754//1935 1755//1936 1756//1937
f  1757//1938 1758//1939 1759//1940
f  1757//1938 1759//1940 1760//1941
f  1760//1941 1759//1940 1761//1942
f  1760//1941 1761//1942 1762//1943
f  1763//1944 1764//1945 1765//1946
f  1765//1946 1764//1945 1766//1947
f  1765//1946 1766//1947 1756//1937
f  1767//1948 1768//1949 1769//1950
f  1769//1950 1768//1949 1770//1951
f  1769//1950 1770//1951 1753//1934
f  1753//1934 1770//1951 1771//1952
f  1753//1934 1771//1952 1751//1932
f  1751//1932 1771//1952 1772//1953
f  1751//1932 1772//1953 1773//1954
f  1774//1955 1775//1956 1776//1957
f  1776//1957 1775//1956 1767//1948
f  1776//1957 1777//1958 1774//1955
f  1774//1955 1777//1958 1778//1959
f  1774//1955 1778//1959 1779//1960
f  1779//1960 1778//1959 1780//1961
f  1754//1935 1756//1937 1773//1954
f  1773//1954 1756//1937 1766//1947
f  1773//1954 1766//1947 1751//1932
f  1751//1932 1766//1947 1764//1945
f  1751//1932 1764//1945 1752//1933
f  1767//1948 1769//1950 1776//1957
f  1776//1957 1769//1950 1781//1962
f  1776//1957 1781//1962 1782//1963
f  1783//1964 1780//1961 1784//1965
f  1784//1965 1780//1961 1778//1959
f  1784//1965 1778//1959 1785//1966
f  1785//1966 1778//1959 1777//1958
f  1785//1966 1777//1958 1786//1967
f  1786//1967 1777//1958 1776//1957
f  1786//1967 1776//1957 1787//1968
f  1787//1968 1776//1957 1782//1963
f  1788//1969 1789//1970 1790//1971
f  1790//1971 1789//1970 1761//1942
f  1790//1971 1761//1942 1791//1972
f  1791//1972 1761//1942 1759//1940
f  1792//1973 1793//1974 1794//1975
f  1794//1975 1793//1974 1795//1976
f  1794//1975 1795//1976 1796//1977
f  1796//1977 1795//1976 1789//1970
f  1796//1977 1789//1970 1797//1978
f  1797//1978 1789//1970 1788//1969
f  1792//1973 1781//1962 1793//1974
f  1793//1974 1781//1962 1769//1950
f  1793//1974 1769//1950 1795//1976
f  1795//1976 1769//1950 1753//1934
f  1795//1976 1753//1934 1789//1970
f  1789//1970 1753//1934 1752//1933
f  1789//1970 1752//1933 1761//1942
f  1761//1942 1752//1933 1764//1945
f  1761//1942 1764//1945 1762//1943
f  1762//1943 1764//1945 1763//1944
f  995//1066 868//921 865//918
f  995//1066 865//918 1798//1979
f  1798//1979 865//918 866//919
f  1798//1979 866//919 867//920
f  810//863 408//420 407//419
f  1379//1485 1377//1483 1542//1705
f  298//301 297//300 777//823
f  1355//1461 741//783 1357//1463
f  1357//1463 741//783 1539//1702
f  1357//1463 1539//1702 1359//1465
f  1359//1465 1539//1702 1523//1686
f  1359//1465 1523//1686 1376//1482
f  1376//1482 1523//1686 1522//1685
f  1376//1482 1522//1685 1377//1483
f  1377//1483 1522//1685 1541//1704
f  1377//1483 1541//1704 1542//1705
f  1379//1485 1542//1705 1380//1486
f  1380//1486 1542//1705 1543//1706
f  1380//1486 1543//1706 1381//1487
f  1381//1487 1543//1706 1544//1707
f  1381//1487 1544//1707 1382//1488
f  1382//1488 1544//1707 885//939
f  1382//1488 885//939 1383//1489
f  298//301 777//823 1352//1458
f  1352//1458 777//823 1671//1849
f  1352//1458 1671//1849 1353//1459
f  1353//1459 1671//1849 773//819
f  1353//1459 773//819 1355//1461
f  1355//1461 773//819 742//784
f  1355//1461 742//784 741//783
f  1799//1980 1800//1981 880//933
f  885//939 886//942 1383//1489
f  1383//1489 886//942 887//944
f  1383//1489 887//944 1384//1490
f  1384//1490 887//944 888//946
f  1384//1490 888//946 1385//1491
f  1385//1491 888//946 889//948
f  1385//1491 889//948 1386//1492
f  1386//1492 889//948 890//951
f  1386//1492 890//951 1362//1468
f  1362//1468 890//951 884//937
f  1362//1468 884//937 1363//1469
f  880//933 1800//1981 878//931
f  878//931 1800//1981 1801//1982
f  878//931 1801//1982 883//936
f  883//936 1801//1982 1802//1983
f  883//936 1802//1983 884//937
f  884//937 1802//1983 1803//1984
f  884//937 1803//1984 1363//1469
f  880//933 870//923 1799//1980
f  1799//1980 870//923 872//925
f  1799//1980 872//925 1804//1985
f  1804//1985 872//925 874//927
f  1804//1985 874//927 1805//1986
f  1805//1986 874//927 1806//1987
f  1805//1986 1806//1987 1807//1988
f  1807//1988 1806//1987 1808//1989
f  1807//1988 1808//1989 1809//1990
f  1809//1990 1808//1989 1810//1991
f  1809//1990 1810//1991 1811//1992
f  1811//1992 1810//1991 1812//1993
f  1811//1992 1812//1993 1813//1994
f  1813//1994 1812//1993 1814//1995
f  1813//1994 1814//1995 1815//1996
f  1815//1996 1814//1995 1816//1997
f  1815//1996 1816//1997 1817//1998
f  1817//1998 1816//1997 1818//1999
f  1817//1998 1818//1999 1819//2000
f  1819//2000 1818//1999 1747//1928
f  810//863 407//419 1726//1907
f  1747//1928 863//916 1819//2000
f  1819//2000 863//916 861//914
f  1819//2000 861//914 1820//2001
f  1820//2001 861//914 1726//1907
f  1820//2001 1726//1907 1821//2002
f  1821//2002 1726//1907 407//419
f  816//869 815//868 1822//2003
f  815//868 818//871 1822//2003
f  1822//2003 818//871 833//886
f  1822//2003 833//886 1823//2004
f  1823//2004 833//886 896//958
f  1823//2004 896//958 902//964
f  816//869 1822//2003 834//887
f  834//887 1822//2003 1824//2005
f  834//887 1824//2005 843//896
f  843//896 1824//2005 1825//2006
f  843//896 1825//2006 903//965
f  903//965 1825//2006 1826//2007
f  903//965 1826//2007 904//966
f  928//990 930//992 1827//2008
f  1827//2008 930//992 904//966
f  1827//2008 904//966 1826//2007
f  928//990 1827//2008 916//978
f  916//978 1827//2008 1828//2009
f  916//978 1828//2009 913//975
f  913//975 1828//2009 1829//2010
f  913//975 1829//2010 914//976
f  945//1007 939//1001 914//976
f  914//976 939//1001 938//1000
f  914//976 938//1000 371//379
f  945//1007 914//976 946//1008
f  946//1008 914//976 1829//2010
f  946//1008 1829//2010 1830//2011
f  1831//2012 1832//2013 1833//2014
f  1833//2014 1834//2015 1831//2012
f  1831//2012 1834//2015 969//1031
f  1831//2012 969//1031 1830//2011
f  1830//2011 969//1031 968//1030
f  1830//2011 968//1030 946//1008
f  1056//1127 1057//1128 1835//2016
f  951//1013 962//1024 1836//2017
f  966//1028 1837//2018 967//1029
f  967//1029 1837//2018 1838//2019
f  967//1029 1838//2019 959//1021
f  961//1023 960//1022 1839//2020
f  947//1009 956//1018 1836//2017
f  1836//2017 956//1018 952//1014
f  1836//2017 952//1014 951//1013
f  1057//1128 1047//1118 1835//2016
f  1835//2016 1047//1118 1054//1125
f  1835//2016 1054//1125 1840//2021
f  1840//2021 1054//1125 948//1010
f  1840//2021 948//1010 1841//2022
f  1841//2022 948//1010 947//1009
f  1841//2022 947//1009 1842//2023
f  1842//2023 947//1009 1836//2017
f  1843//2024 1055//1126 1844//2025
f  1845//2026 1846//2027 1844//2025
f  1844//2025 1846//2027 1847//2028
f  1844//2025 1847//2028 1843//2024
f  1848//2029 1849//2030 1850//2031
f  1848//2029 1850//2031 1851//2032
f  1851//2032 1850//2031 1852//2033
f  1851//2032 1852//2033 1853//2034
f  1834//2015 1833//2014 1854//2035
f  1854//2035 1833//2014 1832//2013
f  1854//2035 1832//2013 1855//2036
f  1855//2036 1832//2013 1856//2037
f  1855//2036 1856//2037 1857//2038
f  965//1027 964//1026 1858//2039
f  1858//2039 964//1026 941//1003
f  1858//2039 941//1003 1854//2035
f  1854//2035 941//1003 969//1031
f  1854//2035 969//1031 1834//2015
f  1849//2030 1848//2029 1857//2038
f  1857//2038 1848//2029 1859//2040
f  1857//2038 1859//2040 1855//2036
f  1855//2036 1859//2040 1860//2041
f  1855//2036 1860//2041 1854//2035
f  1854//2035 1860//2041 1837//2018
f  1854//2035 1837//2018 1858//2039
f  1858//2039 1837//2018 966//1028
f  1858//2039 966//1028 965//1027
f  1852//2033 1845//2026 1853//2034
f  1853//2034 1845//2026 1844//2025
f  1853//2034 1844//2025 1851//2032
f  1851//2032 1844//2025 1861//2042
f  1851//2032 1861//2042 1848//2029
f  1848//2029 1861//2042 1862//2043
f  1848//2029 1862//2043 1859//2040
f  1859//2040 1862//2043 1863//2044
f  1859//2040 1863//2044 1860//2041
f  1860//2041 1863//2044 1864//2045
f  1860//2041 1864//2045 1837//2018
f  1837//2018 1864//2045 1839//2020
f  1837//2018 1839//2020 1838//2019
f  1838//2019 1839//2020 960//1022
f  1838//2019 960//1022 959//1021
f  1055//1126 1056//1127 1844//2025
f  1844//2025 1056//1127 1835//2016
f  1844//2025 1835//2016 1861//2042
f  1861//2042 1835//2016 1840//2021
f  1861//2042 1840//2021 1862//2043
f  1862//2043 1840//2021 1841//2022
f  1862//2043 1841//2022 1863//2044
f  1863//2044 1841//2022 1842//2023
f  1863//2044 1842//2023 1864//2045
f  1864//2045 1842//2023 1836//2017
f  1864//2045 1836//2017 1839//2020
f  1839//2020 1836//2017 962//1024
f  1839//2020 962//1024 961//1023
f  1845//2026 982//1046 1846//2027
f  1846//2027 982//1046 980//1044
f  971//1033 1055//1126 972//1034
f  972//1034 1055//1126 1843//2024
f  972//1034 1843//2024 980//1044
f  980//1044 1843//2024 1847//2028
f  980//1044 1847//2028 1846//2027
f  981//1045 1865//2046 977//1040
f  977//1040 1865//2046 1866//2047
f  977//1040 1866//2047 978//1041
f  1867//2048 1868//2049 1869//2050
f  978//1041 1866//2047 979//1042
f  979//1042 1866//2047 1867//2048
f  979//1042 1867//2048 976//1043
f  976//1043 1867//2048 1869//2050
f  976//1043 1869//2050 975//1037
f  1870//2051 1871//2052 1872//2053
f  1872//2053 1871//2052 1873//2054
f  1872//2053 1873//2054 1874//2055
f  1875//2056 1876//2057 1877//2058
f  1877//2058 1876//2057 1878//2059
f  1877//2058 1878//2059 1870//2051
f  1870//2051 1878//2059 1879//2060
f  1870//2051 1879//2060 1871//2052
f  981//1045 982//1046 1865//2046
f  1865//2046 982//1046 1880//2061
f  1865//2046 1880//2061 1881//2062
f  1882//2063 1868//2049 1874//2055
f  1874//2055 1868//2049 1867//2048
f  1874//2055 1867//2048 1872//2053
f  1872//2053 1867//2048 1866//2047
f  1872//2053 1866//2047 1870//2051
f  1870//2051 1866//2047 1865//2046
f  1870//2051 1865//2046 1877//2058
f  1877//2058 1865//2046 1881//2062
f  1877//2058 1881//2062 1875//2056
f  1875//2056 1881//2062 1883//2064
f  1884//2065 1885//2066 1886//2067
f  1886//2067 1885//2066 1887//2068
f  1886//2067 1887//2068 1888//2069
f  1888//2069 1889//2070 1886//2067
f  1886//2067 1889//2070 1890//2071
f  1886//2067 1890//2071 1891//2072
f  1892//2073 1893//2074 1885//2066
f  1885//2066 1893//2074 1894//2075
f  1885//2066 1894//2075 1887//2068
f  1892//2073 1885//2066 1895//2076
f  1895//2076 1885//2066 1896//2077
f  1895//2076 1896//2077 1897//2078
f  1897//2078 1896//2077 1898//2079
f  1897//2078 1898//2079 1899//2080
f  1899//2080 1898//2079 594//609
f  1899//2080 594//609 1068//1139
f  347//355 594//609 985//1052
f  985//1052 594//609 1898//2079
f  1896//2077 987//1056 1898//2079
f  1898//2079 987//1056 986//1054
f  1898//2079 986//1054 985//1052
f  984//1048 990//1061 1885//2066
f  1885//2066 990//1061 989//1060
f  1885//2066 989//1060 1896//2077
f  1896//2077 989//1060 988//1058
f  1896//2077 988//1058 987//1056
f  984//1048 1885//2066 873//1049
f  873//1049 1885//2066 1884//2065
f  873//1049 1884//2065 875//2081
f  1900//2082 994//1065 1901//2083
f  1901//2083 994//1065 1000//1071
f  1900//2082 1902//2084 994//1065
f  994//1065 1902//2084 1823//2004
f  994//1065 1823//2004 902//964
f  1903//2085 1904//2086 1905//2087
f  1906//2088 1907//2089 1908//2090
f  1908//2090 1907//2089 1909//2091
f  1908//2090 1909//2091 1910//2092
f  1910//2092 1909//2091 1739//1920
f  1910//2092 1739//1920 1911//2093
f  1912//2094 1913//2095 1906//2088
f  1906//2088 1913//2095 1914//2096
f  1906//2088 1914//2096 1907//2089
f  1905//2087 1904//2086 1915//2097
f  1915//2097 1904//2086 1916//2098
f  1915//2097 1916//2098 1917//2099
f  1917//2099 1916//2098 1918//2100
f  1918//2100 1916//2098 1919//2101
f  1918//2100 1919//2101 1920//2102
f  1739//1920 1024//1095 1911//2093
f  1911//2093 1024//1095 1023//1094
f  1911//2093 1023//1094 1921//2103
f  1921//2103 1023//1094 1025//1096
f  1921//2103 1025//1096 1922//2104
f  1905//2087 1923//2105 1903//2085
f  1903//2085 1923//2105 1924//2106
f  1903//2085 1924//2106 1925//2107
f  1925//2107 1924//2106 1926//2108
f  1925//2107 1926//2108 1912//2094
f  1912//2094 1926//2108 1927//2109
f  1912//2094 1927//2109 1913//2095
f  1025//1096 1030//1101 1922//2104
f  1922//2104 1030//1101 1009//1080
f  1922//2104 1009//1080 1010//1081
f  1928//2110 1929//2111 1930//2112
f  1930//2112 1929//2111 1931//2113
f  1920//2102 1919//2101 1932//2114
f  1932//2114 1919//2101 1922//2104
f  1932//2114 1922//2104 1929//2111
f  1929//2111 1922//2104 1010//1081
f  1929//2111 1010//1081 1931//2113
f  1931//2113 1010//1081 1008//1079
f  1006//1077 1004//1075 1933//2115
f  1933//2115 1004//1075 1002//1073
f  1933//2115 1002//1073 1934//2116
f  1930//2112 1931//2113 1935//2117
f  1935//2117 1931//2113 1008//1079
f  1935//2117 1008//1079 1936//2118
f  1936//2118 1008//1079 1006//1077
f  1936//2118 1006//1077 1937//2119
f  1937//2119 1006//1077 1933//2115
f  1937//2119 1933//2115 1938//2120
f  1938//2120 1933//2115 1934//2116
f  1938//2120 1934//2116 1939//2121
f  1002//1073 1001//1072 1940//2122
f  1940//2122 1001//1072 1941//2123
f  1001//1072 1942//2124 1941//2123
f  1001//1072 1034//1105 1942//2124
f  1942//2124 1034//1105 1029//1100
f  1942//2124 1029//1100 1943//2125
f  1943//2125 1029//1100 1944//2126
f  1944//2126 1029//1100 1013//1084
f  1944//2126 1013//1084 1945//2127
f  1945//2127 1013//1084 1015//1086
f  1945//2127 1015//1086 1946//2128
f  1744//1925 1037//1108 1036//1107
f  1012//1083 1744//1925 1014//1085
f  1014//1085 1744//1925 1947//2129
f  1014//1085 1947//2129 1015//1086
f  1015//1086 1947//2129 1948//2130
f  1015//1086 1948//2130 1946//2128
f  1946//2128 1948//2130 1949//2131
f  1744//1925 1036//1107 1947//2129
f  1947//2129 1036//1107 1041//1112
f  1947//2129 1041//1112 1950//2132
f  1950//2132 1041//1112 1043//1114
f  1950//2132 1043//1114 1951//2133
f  1951//2133 1043//1114 1952//2134
f  1952//2134 1043//1114 1044//1115
f  1952//2134 1044//1115 1953//2135
f  1953//2135 1044//1115 1046//1117
f  1953//2135 1046//1117 1954//2136
f  1954//2136 1046//1117 1045//1116
f  1954//2136 1045//1116 1955//2137
f  1955//2137 1045//1116 1051//1122
f  1955//2137 1051//1122 1956//2138
f  1957//2139 1956//2138 1059//1130
f  1059//1130 1956//2138 1051//1122
f  1958//2140 1959//2141 975//1037
f  1957//2139 1059//1130 1960//2142
f  1960//2142 1059//1130 1061//1132
f  1960//2142 1061//1132 1961//2143
f  1961//2143 1061//1132 1063//1134
f  1961//2143 1063//1134 1962//2144
f  1962//2144 1063//1134 1065//1136
f  1962//2144 1065//1136 1959//2141
f  1959//2141 1065//1136 1066//1137
f  1959//2141 1066//1137 975//1037
f  1882//2063 1963//2145 1868//2049
f  1868//2049 1963//2145 1958//2140
f  1868//2049 1958//2140 1869//2050
f  1869//2050 1958//2140 975//1037
f  1964//2146 1891//2147 1965//2148
f  1965//2148 1891//2147 1890//2149
f  1965//2148 1890//2149 1966//2150
f  1966//2150 1890//2149 1889//2151
f  1966//2150 1889//2151 1967//2152
f  1967//2152 1889//2151 1968//2153
f  1968//2153 1889//2151 1888//2154
f  1968//2153 1888//2154 1969//2155
f  1969//2155 1888//2154 1887//2156
f  1969//2155 1887//2156 1970//2157
f  1970//2157 1887//2156 1894//2158
f  1970//2157 1894//2158 1971//2159
f  1971//2159 1894//2158 1893//2160
f  1971//2159 1893//2160 1972//2161
f  1972//2161 1893//2160 1892//2162
f  1972//2161 1892//2162 1973//2163
f  1973//2163 1892//2162 1895//2164
f  1973//2163 1895//2164 1974//2165
f  1974//2165 1895//2164 1897//2166
f  1070//1414 1312//1413 1069//2167
f  1069//2167 1312//1413 1975//2168
f  1069//2167 1975//2168 1067//2169
f  1067//2169 1975//2168 1976//2170
f  1974//2165 1897//2166 1977//2171
f  1977//2171 1897//2166 1899//2172
f  1977//2171 1899//2172 1976//2170
f  1976//2170 1899//2172 1068//2173
f  1976//2170 1068//2173 1067//2169
f  1978//2174 1979//2175 1980//2176
f  1981//2177 1982//2178 1980//2176
f  1983//2179 1153//1245 1984//2180
f  1984//2180 1153//1245 1150//1242
f  1984//2180 1150//1242 1158//1250
f  1981//2177 1980//2176 1985//2181
f  1985//2181 1980//2176 1979//2175
f  1985//2181 1979//2175 1986//2182
f  1082//1153 1987//2183 1988//2184
f  1988//2184 1989//2185 1990//2186
f  1990//2186 1989//2185 1991//2187
f  1992//2188 1993//2189 1994//2190
f  1994//2190 1993//2189 1995//2191
f  1994//2190 1995//2191 1991//2187
f  1991//2187 1995//2191 1996//2192
f  1991//2187 1996//2192 1990//2186
f  1988//2184 1987//2183 1989//2185
f  1989//2185 1987//2183 1997//2193
f  1989//2185 1997//2193 1991//2187
f  1083//1154 1998//2194 1084//1155
f  1084//1155 1998//2194 1152//1244
f  1084//1155 1152//1244 1085//1156
f  1981//2177 1983//2179 1982//2178
f  1982//2178 1983//2179 1984//2180
f  1982//2178 1984//2180 1999//2195
f  1999//2195 1984//2180 1158//1250
f  1999//2195 1158//1250 2000//2196
f  2000//2196 1158//1250 1157//1249
f  2000//2196 1157//1249 2001//2197
f  2001//2197 1157//1249 1156//1248
f  2001//2197 1156//1248 1998//2194
f  1998//2194 1156//1248 1151//1243
f  1998//2194 1151//1243 1152//1244
f  1997//2193 2002//2198 1991//2187
f  1991//2187 2002//2198 2003//2199
f  1991//2187 2003//2199 1994//2190
f  1994//2190 2003//2199 2004//2200
f  1994//2190 2004//2200 1992//2188
f  1992//2188 2004//2200 1978//2174
f  1978//2174 1980//2176 1992//2188
f  1992//2188 1980//2176 1982//2178
f  1992//2188 1982//2178 1993//2189
f  1993//2189 1982//2178 1999//2195
f  1993//2189 1999//2195 1995//2191
f  1995//2191 1999//2195 2000//2196
f  1995//2191 2000//2196 1996//2192
f  1996//2192 2000//2196 2001//2197
f  1996//2192 2001//2197 1990//2186
f  1990//2186 2001//2197 1998//2194
f  1990//2186 1998//2194 1988//2184
f  1988//2184 1998//2194 1083//1154
f  1988//2184 1083//1154 1082//1153
f  2005//2201 2006//2202 2007//2203
f  2007//2203 2006//2202 2008//2204
f  2007//2203 2008//2204 2009//2205
f  2009//2205 2008//2204 2010//2206
f  2011//2207 1082//1153 1079//1150
f  1078//1149 2005//2201 1079//1150
f  1079//1150 2005//2201 2007//2203
f  1079//1150 2007//2203 2011//2207
f  2011//2207 2007//2203 2009//2205
f  2011//2207 2009//2205 2012//2208
f  2012//2208 2009//2205 2010//2206
f  2012//2208 2010//2206 2013//2209
f  2013//2209 2010//2206 2014//2210
f  2015//2211 2016//2212 2017//2213
f  1361//1467 1363//1469 1803//1984
f  2018//2214 2019//2215 2020//2216
f  2020//2216 2019//2215 2021//2217
f  2020//2216 2021//2217 2022//2218
f  2022//2218 2021//2217 2023//2219
f  2022//2218 2023//2219 2024//2220
f  2024//2220 2023//2219 2025//2221
f  2024//2220 2025//2221 2026//2222
f  2026//2222 2025//2221 2027//2223
f  2026//2222 2027//2223 2028//2224
f  2028//2224 2027//2223 2029//2225
f  2028//2224 2029//2225 2030//2226
f  2030//2226 2029//2225 2031//2227
f  2032//2228 2033//2229 2034//2230
f  2034//2230 2033//2229 2035//2231
f  2036//2232 2037//2233 2038//2234
f  2036//2232 2038//2234 2039//2235
f  2039//2235 2038//2234 2040//2236
f  2039//2235 2040//2236 2041//2237
f  2041//2237 2040//2236 2042//2238
f  2041//2237 2042//2238 2035//2231
f  2035//2231 2042//2238 2043//2239
f  2035//2231 2043//2239 2034//2230
f  2037//2233 2036//2232 2044//2240
f  2044//2240 2036//2232 2045//2241
f  2044//2240 2045//2241 2046//2242
f  2046//2242 2045//2241 2047//2243
f  2047//2243 2045//2241 2048//2244
f  2047//2243 2048//2244 2049//2245
f  2050//2246 2051//2247 2016//2212
f  2016//2212 2051//2247 2052//2248
f  2016//2212 2052//2248 2017//2213
f  1329//1435 1361//1467 2053//2249
f  2053//2249 1361//1467 2054//2250
f  2053//2249 2054//2250 2055//2251
f  2055//2251 2054//2250 2056//2252
f  2055//2251 2056//2252 2057//2253
f  2057//2253 2056//2252 2015//2211
f  2057//2253 2015//2211 2058//2254
f  2058//2254 2015//2211 2017//2213
f  407//419 2018//2214 1821//2002
f  1821//2002 2018//2214 2020//2216
f  1821//2002 2020//2216 1820//2001
f  1820//2001 2020//2216 2022//2218
f  1820//2001 2022//2218 1819//2000
f  1361//1467 1803//1984 2054//2250
f  2054//2250 1803//1984 1802//1983
f  2054//2250 1802//1983 2056//2252
f  2056//2252 1802//1983 1801//1982
f  2056//2252 1801//1982 2015//2211
f  2015//2211 1801//1982 1800//1981
f  2015//2211 1800//1981 2016//2212
f  2016//2212 1800//1981 1799//1980
f  2016//2212 1799//1980 2050//2246
f  2050//2246 1799//1980 1804//1985
f  2050//2246 1804//1985 2059//2255
f  2059//2255 1804//1985 1805//1986
f  2059//2255 1805//1986 2060//2256
f  2060//2256 1805//1986 1807//1988
f  2060//2256 1807//1988 1809//1990
f  1819//2000 2022//2218 1817//1998
f  1817//1998 2022//2218 2024//2220
f  1817//1998 2024//2220 1815//1996
f  1815//1996 2024//2220 2026//2222
f  1815//1996 2026//2222 1813//1994
f  1813//1994 2026//2222 2028//2224
f  1813//1994 2028//2224 1811//1992
f  1811//1992 2028//2224 2030//2226
f  1811//1992 2030//2226 1809//1990
f  1809//1990 2030//2226 2031//2227
f  1809//1990 2031//2227 2060//2256
f  2060//2256 2031//2227 2061//2257
f  2060//2256 2061//2257 2059//2255
f  2059//2255 2061//2257 2062//2258
f  2059//2255 2062//2258 2050//2246
f  2050//2246 2062//2258 2063//2259
f  2050//2246 2063//2259 2051//2247
f  2032//2228 2061//2257 2033//2229
f  2033//2229 2061//2257 2031//2227
f  2033//2229 2031//2227 2035//2231
f  2035//2231 2031//2227 2029//2225
f  2035//2231 2029//2225 2041//2237
f  2041//2237 2029//2225 2027//2223
f  2041//2237 2027//2223 2039//2235
f  2039//2235 2027//2223 2025//2221
f  2039//2235 2025//2221 2036//2232
f  2036//2232 2025//2221 2023//2219
f  2036//2232 2023//2219 2045//2241
f  2045//2241 2023//2219 2021//2217
f  2045//2241 2021//2217 2048//2244
f  2048//2244 2021//2217 2019//2215
f  2018//2214 1981//2177 2019//2215
f  2019//2215 1981//2177 1985//2181
f  2019//2215 1985//2181 2048//2244
f  2048//2244 1985//2181 1986//2182
f  2048//2244 1986//2182 2049//2245
f  407//419 406//418 1155//1247
f  1155//1247 1154//1246 407//419
f  407//419 1154//1246 1153//1245
f  407//419 1153//1245 2018//2214
f  2018//2214 1153//1245 1983//2179
f  2018//2214 1983//2179 1981//2177
f  2064//2260 2065//2261 2066//2262
f  2066//2262 2065//2261 2067//2263
f  2066//2262 2067//2263 2068//2264
f  1125//2265 1118//2266 1127//2267
f  1127//2267 1118//2266 1129//2268
f  1104//1175 1103//1174 1125//2265
f  1125//2265 1103//1174 1098//1169
f  1125//2265 1098//1169 1118//2266
f  1145//2269 1159//1251 1147//2270
f  1147//2270 1159//1251 1087//1158
f  1147//2270 1087//1158 1149//2271
f  1087//1158 1086//1157 1149//2271
f  1149//2271 1086//1157 1110//1181
f  1149//2271 1110//1181 1123//2272
f  1123//2272 1110//1181 1108//1179
f  1123//2272 1108//1179 1125//2265
f  1125//2265 1108//1179 1106//1177
f  1125//2265 1106//1177 1104//1175
f  1118//2266 1121//2273 1129//2268
f  1129//2268 1121//2273 2069//2274
f  1129//2268 2069//2274 2070//2275
f  2070//2275 2064//2260 1129//2268
f  1129//2268 2064//2260 2066//2262
f  1129//2268 2066//2262 1131//2276
f  1131//2276 2066//2262 2071//2277
f  1131//2276 2071//2277 1133//2278
f  1133//2278 2071//2277 2072//2279
f  1133//2278 2072//2279 1135//2280
f  1135//2280 2072//2279 2073//2281
f  1135//2280 2073//2281 1137//2282
f  1137//2282 2073//2281 2074//2283
f  1137//2282 2074//2283 1139//2284
f  1139//2284 2074//2283 2075//2285
f  1139//2284 2075//2285 1141//2286
f  1141//2286 2075//2285 2076//2287
f  1141//2286 2076//2287 1143//2288
f  1143//2288 2076//2287 2077//2289
f  1143//2288 2077//2289 1145//2269
f  1145//2269 2077//2289 2078//2290
f  1145//2269 2078//2290 1159//1251
f  1160//1252 1159//1251 2079//2291
f  2079//2291 1159//1251 2078//2290
f  2079//2291 2078//2290 2080//2292
f  2080//2292 2078//2290 2081//2293
f  2081//2293 2078//2290 2077//2289
f  2081//2293 2077//2289 2082//2294
f  2076//2287 2083//2295 2084//2296
f  2076//2287 2084//2296 2077//2289
f  2077//2289 2084//2296 2085//2297
f  2077//2289 2085//2297 2082//2294
f  2075//2285 2086//2298 2087//2299
f  2075//2285 2087//2299 2076//2287
f  2076//2287 2087//2299 2088//2300
f  2076//2287 2088//2300 2083//2295
f  2074//2283 2089//2301 2090//2302
f  2074//2283 2090//2302 2075//2285
f  2075//2285 2090//2302 2091//2303
f  2075//2285 2091//2303 2086//2298
f  2073//2281 2092//2304 2093//2305
f  2073//2281 2093//2305 2074//2283
f  2074//2283 2093//2305 2094//2306
f  2074//2283 2094//2306 2089//2301
f  2072//2279 2095//2307 2073//2281
f  2073//2281 2095//2307 2096//2308
f  2073//2281 2096//2308 2092//2304
f  2072//2279 2071//2277 2095//2307
f  2095//2307 2071//2277 2097//2309
f  2095//2307 2097//2309 2098//2310
f  2098//2310 2097//2309 2099//2311
f  1126//2312 1128//2313 2100//2314
f  2008//2204 2006//2202 2101//2315
f  2101//2315 2006//2202 2102//2316
f  2100//2314 1128//2313 2103//2317
f  2103//2317 1128//2313 1130//2318
f  2103//2317 1130//2318 2104//2319
f  2102//2316 2006//2202 2105//2320
f  2105//2320 2006//2202 2005//2201
f  2105//2320 2005//2201 2100//2314
f  2100//2314 2005//2201 1078//1149
f  2100//2314 1078//1149 1126//2312
f  2093//2305 2092//2304 1134//2321
f  1134//2321 2092//2304 2096//2308
f  1134//2321 2096//2308 1132//2322
f  1144//2323 1146//2324 419//431
f  419//431 1146//2324 1148//2325
f  419//431 1148//2325 417//429
f  417//429 1148//2325 1122//2326
f  417//429 1122//2326 1078//1149
f  1078//1149 1122//2326 1124//2327
f  1078//1149 1124//2327 1126//2312
f  2096//2308 2095//2307 1132//2322
f  1132//2322 2095//2307 2098//2310
f  1132//2322 2098//2310 1130//2318
f  1130//2318 2098//2310 2099//2311
f  1130//2318 2099//2311 2104//2319
f  2093//2305 1134//2321 2094//2306
f  2094//2306 1134//2321 1136//2328
f  2094//2306 1136//2328 2089//2301
f  2087//2299 2086//2298 1138//2329
f  1138//2329 2086//2298 2091//2303
f  1138//2329 2091//2303 1136//2328
f  1136//2328 2091//2303 2090//2302
f  1136//2328 2090//2302 2089//2301
f  419//431 1160//1252 1144//2323
f  1144//2323 1160//1252 2079//2291
f  1144//2323 2079//2291 1142//2330
f  1142//2330 2079//2291 2080//2292
f  1142//2330 2080//2292 2081//2293
f  2087//2299 1138//2329 2088//2300
f  2088//2300 1138//2329 1140//2331
f  2088//2300 1140//2331 2083//2295
f  2081//2293 2082//2294 1142//2330
f  1142//2330 2082//2294 2085//2297
f  1142//2330 2085//2297 1140//2331
f  1140//2331 2085//2297 2084//2296
f  1140//2331 2084//2296 2083//2295
f  2106//2332 2107//2333 2108//2334
f  2109//2335 2110//2336 2108//2334
f  2111//2337 2112//2338 2113//2339
f  2114//2340 2115//2341 2116//2342
f  2117//2343 2118//2344 2119//2345
f  2120//2346 2121//2347 2122//2348
f  2067//2263 2065//2261 2120//2346
f  2118//2344 2117//2343 2123//2349
f  2118//2344 2123//2349 2122//2348
f  2122//2348 2123//2349 2124//2350
f  2122//2348 2124//2350 2120//2346
f  2120//2346 2124//2350 2068//2264
f  2120//2346 2068//2264 2067//2263
f  2116//2342 2115//2341 2125//2351
f  2114//2340 2126//2352 2115//2341
f  2115//2341 2126//2352 2127//2353
f  2115//2341 2127//2353 2125//2351
f  2113//2339 2128//2354 2129//2355
f  2128//2354 2113//2339 2130//2356
f  2130//2356 2113//2339 2112//2338
f  2130//2356 2112//2338 2131//2357
f  2109//2335 2108//2334 2132//2358
f  2132//2358 2108//2334 2107//2333
f  2132//2358 2107//2333 2133//2359
f  2134//2360 2135//2361 2136//2362
f  2136//2362 2135//2361 2106//2332
f  2109//2335 2111//2337 2110//2336
f  2110//2336 2111//2337 2113//2339
f  2110//2336 2113//2339 2137//2363
f  2137//2363 2113//2339 2129//2355
f  2137//2363 2129//2355 2138//2364
f  2127//2353 2119//2345 2125//2351
f  2125//2351 2119//2345 2118//2344
f  2125//2351 2118//2344 2136//2362
f  2136//2362 2118//2344 2122//2348
f  2136//2362 2122//2348 2134//2360
f  2134//2360 2122//2348 2121//2347
f  2106//2332 2108//2334 2136//2362
f  2136//2362 2108//2334 2110//2336
f  2136//2362 2110//2336 2125//2351
f  2125//2351 2110//2336 2137//2363
f  2125//2351 2137//2363 2116//2342
f  2116//2342 2137//2363 2138//2364
f  2116//2342 2138//2364 2114//2340
f  729//1633 1496//1632 1209//2365
f  1209//2365 1496//1632 2139//2366
f  1209//2365 2139//2366 1208//2367
f  1208//2367 2139//2366 2140//2368
f  1208//2367 2140//2368 1207//2369
f  1207//2369 2140//2368 2141//2370
f  1207//2369 2141//2370 1206//2371
f  1206//2371 2141//2370 2142//2372
f  1206//2371 2142//2372 1205//2373
f  1205//2373 2142//2372 2133//2374
f  1205//2373 2133//2374 1210//2375
f  2107//2376 2106//2377 2064//2378
f  2064//2378 2106//2377 2135//2379
f  2064//2378 2135//2379 2134//2380
f  2134//2380 2121//2381 2064//2378
f  2064//2378 2121//2381 2120//2382
f  2064//2378 2120//2382 2065//2383
f  2133//2374 2107//2376 1210//2375
f  1210//2375 2107//2376 2064//2378
f  1210//2375 2064//2378 1182//2384
f  1182//2384 2064//2378 2070//2385
f  1182//2384 2070//2385 1180//2386
f  1180//2386 2070//2385 2069//2387
f  1121//2388 1167//2389 2069//2387
f  2069//2387 1167//2389 1183//2390
f  2069//2387 1183//2390 1180//2386
f  2143//2391 2144//2392 1308//2393
f  2145//2394 2146//2395 1282//2396
f  2147//2397 1285//2398 2148//2399
f  2148//2399 1285//2398 1284//2400
f  2148//2399 1284//2400 2149//2401
f  2149//2401 1284//2400 2150//2402
f  2150//2402 1284//2400 2151//2403
f  2151//2403 1284//2400 1283//2404
f  2151//2403 1283//2404 2152//2405
f  2146//2395 2153//2406 1282//2396
f  1282//2396 2153//2406 2154//2407
f  1282//2396 2154//2407 1283//2404
f  1283//2404 2154//2407 2155//2408
f  1283//2404 2155//2408 2152//2405
f  2145//2394 1282//2396 2156//2409
f  2156//2409 1282//2396 1309//2410
f  2156//2409 1309//2410 2157//2411
f  2144//2392 2158//2412 1308//2393
f  1308//2393 2158//2412 2159//2413
f  1308//2393 2159//2413 1309//2410
f  1309//2410 2159//2413 2160//2414
f  1309//2410 2160//2414 2157//2411
f  2143//2391 1308//2393 2161//2415
f  2161//2415 1308//2393 1307//2416
f  2161//2415 1307//2416 2162//2417
f  2162//2417 1307//2416 2163//2418
f  2163//2418 1307//2416 1306//2419
f  2163//2418 1306//2419 2164//2420
f  2165//2421 1292//2422 2166//2423
f  2166//2423 1292//2422 1293//2424
f  2166//2423 1293//2424 2167//2425
f  2167//2425 1293//2424 2168//2426
f  2168//2426 1293//2424 1289//2427
f  2168//2426 1289//2427 2169//2428
f  2169//2428 1289//2427 2170//2429
f  2170//2429 1289//2427 1287//2430
f  2170//2429 1287//2430 2171//2431
f  2171//2431 1287//2430 2172//2432
f  2172//2432 1287//2430 1286//2433
f  2172//2432 1286//2433 2173//2434
f  2173//2434 1286//2433 2174//2435
f  2174//2435 1286//2433 1285//2398
f  2174//2435 1285//2398 2147//2397
f  2175//2436 1301//2437 2176//2438
f  2176//2438 1301//2437 1300//2439
f  1299//2440 2177//2441 1300//2439
f  1300//2439 2177//2441 2178//2442
f  2178//2442 2179//2443 1300//2439
f  1300//2439 2179//2443 2180//2444
f  1300//2439 2180//2444 2176//2438
f  1296//2445 2181//2446 1299//2440
f  1299//2440 2181//2446 2182//2447
f  1299//2440 2182//2447 2177//2441
f  1297//2448 2183//2449 1296//2445
f  1296//2445 2183//2449 2184//2450
f  1296//2445 2184//2450 2181//2446
f  2185//2451 2186//2452 1298//2453
f  1298//2453 2186//2452 2187//2454
f  1298//2453 2187//2454 1297//2448
f  1297//2448 2187//2454 2188//2455
f  1297//2448 2188//2455 2183//2449
f  1298//2453 1290//2456 2185//2451
f  2185//2451 1290//2456 1291//2457
f  2185//2451 1291//2457 2189//2458
f  1292//2422 2165//2421 1291//2457
f  1291//2457 2165//2421 2190//2459
f  1291//2457 2190//2459 2189//2458
f  2164//2420 1306//2419 2191//2460
f  2191//2460 1306//2419 1305//2461
f  2191//2460 1305//2461 2192//2462
f  1304//2463 1303//2464 2193//2465
f  2193//2465 2194//2466 1304//2463
f  1304//2463 2194//2466 2195//2467
f  1304//2463 2195//2467 1305//2461
f  1305//2461 2195//2467 2196//2468
f  1305//2461 2196//2468 2192//2462
f  1302//2469 1301//2437 2175//2436
f  2175//2436 2197//2470 1302//2469
f  1302//2469 2197//2470 2198//2471
f  1302//2469 2198//2471 1303//2464
f  1303//2464 2198//2471 2199//2472
f  1303//2464 2199//2472 2193//2465
f  2200//2473 2201//2474 2202//2475
f  2203//2476 2204//2477 1248//1345
f  2203//2476 1248//1345 2205//2478
f  2205//2478 1248//1345 2206//2479
f  2205//2478 2206//2479 2207//2480
f  2200//2473 2208//2481 2201//2474
f  2201//2474 2208//2481 2209//2482
f  2201//2474 2209//2482 2207//2480
f  2210//2483 2211//2484 2212//2485
f  2212//2485 2211//2484 2213//2486
f  2212//2485 2213//2486 2202//2475
f  2202//2475 2213//2486 2214//2487
f  2202//2475 2214//2487 2200//2473
f  1240//1337 1236//1333 1508//1671
f  1248//1345 1245//1342 2206//2479
f  2206//2479 1245//1342 1243//1340
f  2206//2479 1243//1340 2215//2488
f  2215//2488 1243//1340 1241//1338
f  2215//2488 1241//1338 2216//2489
f  2216//2489 1241//1338 1240//1337
f  2207//2480 2206//2479 2201//2474
f  2201//2474 2206//2479 2215//2488
f  2201//2474 2215//2488 2202//2475
f  2202//2475 2215//2488 2216//2489
f  2202//2475 2216//2489 2212//2485
f  2212//2485 2216//2489 1240//1337
f  2212//2485 1240//1337 2210//2483
f  2210//2483 1240//1337 1508//1671
f  2210//2483 1508//1671 2211//2484
f  2217//2490 2218//2491 2219//2492
f  2217//2490 2220//2493 2218//2491
f  2218//2491 2220//2493 2221//2494
f  2218//2491 2221//2494 2222//2495
f  2223//2496 2219//2492 2224//2497
f  2225//2498 1254//1351 2226//2499
f  2226//2499 1254//1351 1251//1348
f  2226//2499 1251//1348 2227//2500
f  1249//1346 1248//1345 1251//1348
f  1251//1348 1248//1345 2228//2501
f  1251//1348 2228//2501 2227//2500
f  1257//1354 1256//1353 2229//2502
f  2226//2499 2223//2496 2225//2498
f  2225//2498 2223//2496 2224//2497
f  2225//2498 2224//2497 1254//1351
f  1254//1351 2224//2497 2229//2502
f  1254//1351 2229//2502 1255//1352
f  1255//1352 2229//2502 1256//1353
f  2219//2492 2218//2491 2224//2497
f  2224//2497 2218//2491 2222//2495
f  2224//2497 2222//2495 2229//2502
f  2229//2502 2222//2495 2230//2503
f  2229//2502 2230//2503 1257//1354
f  2220//2493 2231//2504 2221//2494
f  2221//2494 2231//2504 2232//2505
f  2221//2494 2232//2505 2222//2495
f  2232//2505 2233//2506 2222//2495
f  2222//2495 2233//2506 2234//2507
f  2222//2495 2234//2507 2230//2503
f  2230//2503 2234//2507 1257//1354
f  2235//2508 2236//2509 1257//1354
f  1259//1356 463//476 2236//2509
f  2236//2509 463//476 1253//1350
f  2236//2509 1253//1350 1257//1354
f  2231//2504 2237//2510 2232//2505
f  2232//2505 2237//2510 2238//2511
f  2232//2505 2238//2511 2233//2506
f  2233//2506 2238//2511 2235//2508
f  2233//2506 2235//2508 2234//2507
f  2234//2507 2235//2508 1257//1354
f  1258//1355 1259//1356 2239//2512
f  2239//2512 1259//1356 2236//2509
f  2239//2512 2236//2509 2240//2513
f  2240//2513 2236//2509 2235//2508
f  2240//2513 2235//2508 2241//2514
f  2241//2514 2235//2508 2238//2511
f  2241//2514 2238//2511 2242//2515
f  2242//2515 2238//2511 2237//2510
f  2243//2516 1262//1359 1261//1358
f  1267//1364 1264//1361 1263//1360
f  1262//1359 2243//2516 1263//1360
f  1267//1364 1263//1360 2244//2517
f  2244//2517 1263//1360 2243//2516
f  2244//2517 2243//2516 2245//2518
f  2245//2518 2243//2516 2246//2519
f  2246//2519 2243//2516 2247//2520
f  2246//2519 2247//2520 2248//2521
f  2248//2521 2247//2520 2249//2522
f  2248//2521 2249//2522 2250//2523
f  1260//1357 1258//1355 2251//2524
f  2251//2524 1258//1355 2239//2512
f  2251//2524 2239//2512 2252//2525
f  2252//2525 2239//2512 2240//2513
f  2252//2525 2240//2513 2253//2526
f  2253//2526 2240//2513 2241//2514
f  2254//2527 2253//2526 2255//2528
f  2255//2528 2253//2526 2241//2514
f  2255//2528 2241//2514 2242//2515
f  1260//1357 2251//2524 2256//2529
f  2256//2529 2251//2524 2252//2525
f  2256//2529 2252//2525 2257//2530
f  2257//2530 2252//2525 2253//2526
f  2257//2530 2253//2526 2258//2531
f  2258//2531 2253//2526 2254//2527
f  2258//2531 2254//2527 2259//2532
f  2260//2533 2250//2523 2259//2532
f  2259//2532 2250//2523 2249//2522
f  2259//2532 2249//2522 2258//2531
f  2258//2531 2249//2522 2247//2520
f  2258//2531 2247//2520 2257//2530
f  2257//2530 2247//2520 2243//2516
f  2257//2530 2243//2516 2256//2529
f  2256//2529 2243//2516 1261//1358
f  2256//2529 1261//1358 1260//1357
f  2246//2519 2248//2521 2261//2534
f  2262//2535 2263//2536 2264//2537
f  2264//2537 2263//2536 2265//2538
f  2264//2537 2265//2538 2266//2539
f  2266//2539 2265//2538 2267//2540
f  2266//2539 2267//2540 2268//2541
f  2268//2541 2267//2540 2269//2542
f  2268//2541 2269//2542 2270//2543
f  2270//2543 2269//2542 2271//2544
f  2270//2543 2271//2544 2272//2545
f  2272//2545 2271//2544 2273//2546
f  2272//2545 2273//2546 2274//2547
f  2274//2547 2273//2546 2275//2548
f  2274//2547 2275//2548 2276//2549
f  2276//2549 2275//2548 2250//2523
f  2276//2549 2250//2523 2260//2533
f  1265//1362 1267//1364 2244//2517
f  2277//2550 1274//1371 1273//1370
f  2278//2551 2277//2550 2279//2552
f  2277//2550 1273//1370 2279//2552
f  2279//2552 1273//1370 1270//1367
f  2279//2552 1270//1367 2280//2553
f  2280//2553 1270//1367 1271//1368
f  2280//2553 1271//1368 2281//2554
f  1271//1368 1272//1369 2281//2554
f  2281//2554 1272//1369 1268//1365
f  2281//2554 1268//1365 2282//2555
f  2282//2555 1268//1365 1269//1366
f  2282//2555 1269//1366 2283//2556
f  2283//2556 1269//1366 1266//1363
f  2283//2556 1266//1363 2284//2557
f  2284//2557 1266//1363 1265//1362
f  2284//2557 1265//1362 2285//2558
f  2285//2558 1265//1362 2244//2517
f  2285//2558 2244//2517 2245//2518
f  2286//2559 2278//2551 2287//2560
f  2287//2560 2278//2551 2279//2552
f  2287//2560 2279//2552 2288//2561
f  2288//2561 2279//2552 2280//2553
f  2288//2561 2280//2553 2289//2562
f  2289//2562 2280//2553 2281//2554
f  2289//2562 2281//2554 2290//2563
f  2290//2563 2281//2554 2282//2555
f  2290//2563 2282//2555 2291//2564
f  2291//2564 2282//2555 2283//2556
f  2291//2564 2283//2556 2292//2565
f  2292//2565 2283//2556 2284//2557
f  2292//2565 2284//2557 2261//2534
f  2261//2534 2284//2557 2285//2558
f  2261//2534 2285//2558 2246//2519
f  2246//2519 2285//2558 2245//2518
f  2262//2535 2286//2559 2263//2536
f  2263//2536 2286//2559 2287//2560
f  2263//2536 2287//2560 2265//2538
f  2265//2538 2287//2560 2288//2561
f  2265//2538 2288//2561 2267//2540
f  2267//2540 2288//2561 2289//2562
f  2267//2540 2289//2562 2269//2542
f  2269//2542 2289//2562 2290//2563
f  2269//2542 2290//2563 2271//2544
f  2271//2544 2290//2563 2291//2564
f  2271//2544 2291//2564 2273//2546
f  2273//2546 2291//2564 2292//2565
f  2273//2546 2292//2565 2275//2548
f  2275//2548 2292//2565 2261//2534
f  2275//2548 2261//2534 2250//2523
f  2250//2523 2261//2534 2248//2521
f  2262//2535 2293//2566 2286//2559
f  2286//2559 2293//2566 2294//2567
f  2286//2559 2294//2567 2278//2551
f  2278//2551 2294//2567 2295//2568
f  2278//2551 2295//2568 2277//2550
f  2277//2550 2295//2568 2296//2569
f  2277//2550 2296//2569 1274//1371
f  1274//1371 2296//2569 1275//1372
f  1277//1374 1276//1373 2297//2570
f  2298//2571 2296//2569 2295//2568
f  539//552 1278//1375 2299//2572
f  2299//2572 1278//1375 2300//2573
f  1278//1375 1279//1376 2301//2574
f  2300//2573 1278//1375 2302//2575
f  2302//2575 1278//1375 2301//2574
f  2302//2575 2301//2574 2303//2576
f  2304//2577 2305//2578 2306//2579
f  2306//2579 2305//2578 2307//2580
f  2306//2579 2307//2580 2308//2581
f  2309//2582 2310//2583 2311//2584
f  2311//2584 2310//2583 2312//2585
f  2305//2578 2313//2586 2307//2580
f  2307//2580 2313//2586 2314//2587
f  2307//2580 2314//2587 2312//2585
f  2312//2585 2314//2587 2315//2588
f  2312//2585 2315//2588 2311//2584
f  1275//1372 2296//2569 1280//1377
f  1280//1377 2296//2569 2298//2571
f  1280//1377 2298//2571 1281//1378
f  2316//2589 2303//2576 2297//2570
f  2297//2570 2303//2576 2301//2574
f  2297//2570 2301//2574 1277//1374
f  1277//1374 2301//2574 1279//1376
f  2293//2566 2304//2577 2294//2567
f  2294//2567 2304//2577 2306//2579
f  2294//2567 2306//2579 2295//2568
f  2295//2568 2306//2579 2308//2581
f  2295//2568 2308//2581 2298//2571
f  2310//2583 2302//2575 2312//2585
f  2312//2585 2302//2575 2303//2576
f  2312//2585 2303//2576 2307//2580
f  2307//2580 2303//2576 2316//2589
f  2307//2580 2316//2589 2308//2581
f  2308//2581 2316//2589 2297//2570
f  2308//2581 2297//2570 2298//2571
f  2298//2571 2297//2570 1276//1373
f  2298//2571 1276//1373 1281//1378
f  2317//2590 2318//2591 2319//2592
f  2310//2583 2309//2582 2320//2593
f  2321//2594 2299//2572 2300//2573
f  2322//2595 2323//2596 2324//2597
f  2325//2598 2322//2595 2326//2599
f  2325//2598 2326//2599 2327//2600
f  2328//2601 2329//2602 2330//2603
f  2330//2603 2329//2602 2331//2604
f  2330//2603 2331//2604 2332//2605
f  2322//2595 2324//2597 2326//2599
f  2326//2599 2324//2597 2333//2606
f  2326//2599 2333//2606 2327//2600
f  2329//2602 2327//2600 2331//2604
f  2331//2604 2327//2600 2333//2606
f  2331//2604 2333//2606 531//544
f  531//544 2333//2606 2324//2597
f  531//544 2324//2597 528//541
f  528//541 2324//2597 2323//2596
f  528//541 2323//2596 529//542
f  2334//2607 534//547 2335//2608
f  2335//2608 534//547 533//546
f  2335//2608 533//546 523//536
f  2336//2609 2321//2594 2337//2610
f  2337//2610 2321//2594 2300//2573
f  2337//2610 2300//2573 2338//2611
f  2338//2611 2300//2573 2302//2575
f  2338//2611 2302//2575 2339//2612
f  2332//2605 2336//2609 2330//2603
f  2330//2603 2336//2609 2337//2610
f  2330//2603 2337//2610 2328//2601
f  2328//2601 2337//2610 2338//2611
f  2328//2601 2338//2611 2340//2613
f  2340//2613 2338//2611 2339//2612
f  2320//2593 2317//2590 2341//2614
f  2341//2614 2317//2590 2319//2592
f  2341//2614 2319//2592 2342//2615
f  2342//2615 2319//2592 2343//2616
f  2342//2615 2343//2616 2344//2617
f  2344//2617 2343//2616 2345//2618
f  526//539 525//538 2334//2607
f  2334//2607 525//538 535//548
f  2334//2607 535//548 534//547
f  531//544 526//539 2331//2604
f  2331//2604 526//539 2334//2607
f  2331//2604 2334//2607 2332//2605
f  2332//2605 2334//2607 2335//2608
f  2332//2605 2335//2608 2336//2609
f  2336//2609 2335//2608 523//536
f  2336//2609 523//536 2321//2594
f  2321//2594 523//536 522//535
f  2321//2594 522//535 2299//2572
f  2299//2572 522//535 539//552
f  2302//2575 2310//2583 2339//2612
f  2339//2612 2310//2583 2320//2593
f  2339//2612 2320//2593 2340//2613
f  2340//2613 2320//2593 2341//2614
f  2340//2613 2341//2614 2328//2601
f  2328//2601 2341//2614 2342//2615
f  2328//2601 2342//2615 2329//2602
f  2329//2602 2342//2615 2344//2617
f  2329//2602 2344//2617 2327//2600
f  2327//2600 2344//2617 2345//2618
f  2327//2600 2345//2618 2325//2598
f  2346//2619 2347//2620 2348//2621
f  2349//2622 2350//2623 2351//2624
f  2350//2623 2349//2622 2352//2625
f  2352//2625 2349//2622 2353//2626
f  2352//2625 2353//2626 2354//2627
f  2354//2627 2353//2626 2355//2628
f  2354//2627 2355//2628 2356//2629
f  2356//2629 2355//2628 2357//2630
f  2356//2629 2357//2630 2358//2631
f  2358//2631 2357//2630 2359//2632
f  2358//2631 2359//2632 2360//2633
f  1294//1393 2349//2622 1295//1394
f  1295//1394 2349//2622 2351//2624
f  1295//1394 2351//2624 1288//1387
f  1294//1393 2361//2634 2349//2622
f  2349//2622 2361//2634 2362//2635
f  2349//2622 2362//2635 2353//2626
f  2353//2626 2362//2635 2363//2636
f  2353//2626 2363//2636 2355//2628
f  2355//2628 2363//2636 2364//2637
f  2355//2628 2364//2637 2357//2630
f  2357//2630 2364//2637 2346//2619
f  2357//2630 2346//2619 2359//2632
f  2359//2632 2346//2619 2348//2621
f  2359//2632 2348//2621 2360//2633
f  2318//2591 2347//2620 2319//2592
f  2319//2592 2347//2620 2346//2619
f  2319//2592 2346//2619 2343//2616
f  2343//2616 2346//2619 2364//2637
f  2343//2616 2364//2637 2345//2618
f  2345//2618 2364//2637 2363//2636
f  2345//2618 2363//2636 2325//2598
f  2325//2598 2363//2636 2362//2635
f  2325//2598 2362//2635 2322//2595
f  2322//2595 2362//2635 2361//2634
f  2322//2595 2361//2634 2323//2596
f  2323//2596 2361//2634 1294//1393
f  2323//2596 1294//1393 529//542
f  1315//1419 1316//1421 2365//2638
f  1318//1424 1311//1411 2366//2639
f  2367//2640 2368//2641 2369//2642
f  2370//2643 2371//2644 2372//2645
f  1312//1413 2373//2646 2374//2647
f  2374//2647 2373//2646 2375//2648
f  2374//2647 2375//2648 2376//2649
f  1313//1415 1314//1417 2377//2650
f  2377//2650 1314//1417 2378//2651
f  2377//2650 2378//2651 2379//2652
f  2379//2652 2378//2651 2380//2653
f  1312//1413 1313//1415 2373//2646
f  2373//2646 1313//1415 2377//2650
f  2373//2646 2377//2650 2375//2648
f  2375//2648 2377//2650 2379//2652
f  2375//2648 2379//2652 2381//2654
f  2381//2654 2379//2652 2380//2653
f  2381//2654 2380//2653 2382//2655
f  2383//2656 2369//2642 2384//2657
f  2384//2657 2369//2642 2368//2641
f  2384//2657 2368//2641 2370//2643
f  2370//2643 2372//2645 2384//2657
f  2384//2657 2372//2645 2365//2638
f  2384//2657 2365//2638 2383//2656
f  2383//2656 2365//2638 1316//1421
f  2383//2656 1316//1421 1317//1423
f  1311//1411 1310//1409 2385//2658
f  1311//1411 2385//2658 2366//2639
f  2366//2639 2385//2658 2386//2659
f  2366//2639 2386//2659 2387//2660
f  2387//2660 2386//2659 2352//2625
f  2387//2660 2352//2625 2354//2627
f  2367//2640 2388//2661 2389//2662
f  2367//2640 2389//2662 2368//2641
f  2368//2641 2389//2662 2390//2663
f  2368//2641 2390//2663 2370//2643
f  2370//2643 2390//2663 2391//2664
f  2370//2643 2391//2664 2371//2644
f  2382//2655 2392//2665 2381//2654
f  2381//2654 2392//2665 2393//2666
f  2381//2654 2393//2666 2375//2648
f  2375//2648 2393//2666 2394//2667
f  2375//2648 2394//2667 2376//2649
f  2376//2649 2394//2667 2395//2668
f  2358//2631 2360//2633 2396//2669
f  2396//2669 2360//2633 2397//2670
f  2396//2669 2397//2670 2398//2671
f  2398//2671 2397//2670 2399//2672
f  2398//2671 2399//2672 2400//2673
f  2400//2673 2399//2672 2401//2674
f  2400//2673 2401//2674 2402//2675
f  2402//2675 2401//2674 2403//2676
f  2402//2675 2403//2676 2392//2665
f  2392//2665 2403//2676 2404//2677
f  2392//2665 2404//2677 2393//2666
f  2393//2666 2404//2677 2405//2678
f  2393//2666 2405//2678 2394//2667
f  2394//2667 2405//2678 2406//2679
f  2394//2667 2406//2679 2395//2668
f  2395//2668 2406//2679 2407//2680
f  1310//1409 1288//1387 2385//2658
f  2385//2658 1288//1387 2351//2624
f  2385//2658 2351//2624 2386//2659
f  2386//2659 2351//2624 2350//2623
f  2386//2659 2350//2623 2352//2625
f  1317//1423 1318//1424 2383//2656
f  2383//2656 1318//1424 2366//2639
f  2383//2656 2366//2639 2369//2642
f  2369//2642 2366//2639 2387//2660
f  2369//2642 2387//2660 2367//2640
f  2367//2640 2387//2660 2354//2627
f  2367//2640 2354//2627 2388//2661
f  2388//2661 2354//2627 2356//2629
f  1314//1417 1315//1419 2378//2651
f  2378//2651 1315//1419 2365//2638
f  2378//2651 2365//2638 2380//2653
f  2380//2653 2365//2638 2372//2645
f  2380//2653 2372//2645 2382//2655
f  2382//2655 2372//2645 2371//2644
f  2382//2655 2371//2644 2392//2665
f  2392//2665 2371//2644 2391//2664
f  2392//2665 2391//2664 2402//2675
f  2402//2675 2391//2664 2390//2663
f  2402//2675 2390//2663 2400//2673
f  2400//2673 2390//2663 2389//2662
f  2400//2673 2389//2662 2398//2671
f  2398//2671 2389//2662 2388//2661
f  2398//2671 2388//2661 2396//2669
f  2396//2669 2388//2661 2356//2629
f  2396//2669 2356//2629 2358//2631
f  2408//2681 2409//2682 2410//2683
f  1976//2170 1975//2168 2411//2684
f  1976//2170 2411//2684 2412//2685
f  2412//2685 2411//2684 2413//2686
f  2412//2685 2413//2686 2414//2687
f  2414//2687 2413//2686 2415//2688
f  2414//2687 2415//2688 2410//2683
f  2410//2683 2415//2688 2416//2689
f  2410//2683 2416//2689 2408//2681
f  1975//2168 1312//1413 2411//2684
f  2411//2684 1312//1413 2374//2647
f  2411//2684 2374//2647 2413//2686
f  2413//2686 2374//2647 2376//2649
f  2413//2686 2376//2649 2415//2688
f  2415//2688 2376//2649 2395//2668
f  2415//2688 2395//2668 2416//2689
f  2416//2689 2395//2668 2407//2680
f  2417//2690 2418//2691 2419//2692
f  2420//2693 1415//1521 1417//1523
f  1412//1518 1410//1516 2421//2694
f  2422//2695 2423//2696 2424//2697
f  2425//2698 1370//1476 2426//2699
f  2426//2699 1370//1476 1332//1438
f  2426//2699 1332//1438 2427//2700
f  2427//2700 1332//1438 1335//1441
f  2427//2700 1335//1441 2428//2701
f  2428//2701 1335//1441 1334//1440
f  2428//2701 1334//1440 2429//2702
f  2429//2702 1334//1440 1333//1439
f  2429//2702 1333//1439 2430//2703
f  2430//2703 1333//1439 1326//1432
f  2430//2703 1326//1432 2424//2697
f  2424//2697 1326//1432 1327//1433
f  2424//2697 1327//1433 2422//2695
f  2422//2695 1327//1433 1329//1435
f  2431//2704 1340//1446 1338//1444
f  2431//2704 1338//1444 2432//2705
f  2432//2705 1338//1444 1336//1442
f  2432//2705 1336//1442 2433//2706
f  2433//2706 1336//1442 1375//1481
f  2433//2706 1375//1481 2434//2707
f  2434//2707 1375//1481 1374//1480
f  2434//2707 1374//1480 2435//2708
f  2435//2708 1374//1480 1373//1479
f  2435//2708 1373//1479 2425//2698
f  2425//2698 1373//1479 1371//1477
f  2425//2698 1371//1477 1370//1476
f  1340//1446 2431//2704 1341//1447
f  1341//1447 2431//2704 2436//2709
f  1341//1447 2436//2709 1343//1449
f  1365//1471 1369//1475 2437//2710
f  2437//2710 1369//1475 1368//1474
f  2436//2709 2438//2711 1343//1449
f  1343//1449 2438//2711 2439//2712
f  1343//1449 2439//2712 1367//1473
f  1367//1473 2439//2712 2440//2713
f  1367//1473 2440//2713 1368//1474
f  1368//1474 2440//2713 2441//2714
f  1368//1474 2441//2714 2437//2710
f  1365//1471 2437//2710 1366//1472
f  1366//1472 2437//2710 2419//2692
f  1366//1472 2419//2692 1390//1496
f  1410//1516 1408//1514 2421//2694
f  2421//2694 1408//1514 1406//1512
f  2421//2694 1406//1512 2442//2715
f  2442//2715 1406//1512 1405//1511
f  2442//2715 1405//1511 2443//2716
f  2443//2716 1405//1511 1404//1510
f  2443//2716 1404//1510 1390//1496
f  1419//1525 599//614 1414//1520
f  2444//2717 2445//2718 2446//2719
f  1414//1520 2447//2720 1419//1525
f  1419//1525 2447//2720 2444//2717
f  1419//1525 2444//2717 1417//1523
f  1417//1523 2444//2717 2446//2719
f  1417//1523 2446//2719 2420//2693
f  1414//1520 1412//1518 2447//2720
f  2447//2720 1412//1518 2421//2694
f  2447//2720 2421//2694 2444//2717
f  2444//2717 2421//2694 2448//2721
f  2444//2717 2448//2721 2445//2718
f  1390//1496 2419//2692 2443//2716
f  2443//2716 2419//2692 2418//2691
f  2443//2716 2418//2691 2442//2715
f  2442//2715 2418//2691 2449//2722
f  2442//2715 2449//2722 2421//2694
f  2421//2694 2449//2722 2450//2723
f  2421//2694 2450//2723 2448//2721
f  2441//2714 2451//2724 2437//2710
f  2437//2710 2451//2724 2452//2725
f  2437//2710 2452//2725 2419//2692
f  2419//2692 2452//2725 2453//2726
f  2419//2692 2453//2726 2417//2690
f  2454//2727 2455//2728 2456//2729
f  2457//2730 1418//1524 2458//2731
f  2458//2731 1418//1524 1416//1522
f  2458//2731 1416//1522 2459//2732
f  2459//2732 1416//1522 1415//1521
f  1461//1593 2460//2733 1460//1584
f  1460//1584 2460//2733 2461//2734
f  1460//1584 2461//2734 1462//1598
f  1439//1561 1441//1563 1464//1600
f  1478//1614 1425//1531 2462//2735
f  2462//2735 1425//1531 1424//1530
f  2462//2735 1424//1530 2463//2736
f  2463//2736 1424//1530 1428//1540
f  1472//1608 1470//1606 2464//2737
f  2464//2737 1470//1606 1469//1605
f  1469//1605 1473//1609 2464//2737
f  2464//2737 1473//1609 1475//1611
f  2464//2737 1475//1611 1476//1612
f  1466//1602 1465//1601 2465//2738
f  2465//2738 1465//1601 1468//1604
f  2465//2738 1468//1604 2466//2739
f  2466//2739 1468//1604 1472//1608
f  2466//2739 1472//1608 2456//2729
f  2456//2729 1472//1608 2464//2737
f  2456//2729 2464//2737 2454//2727
f  2454//2727 2464//2737 2467//2740
f  2467//2740 2468//2741 2454//2727
f  2454//2727 2468//2741 2469//2742
f  2454//2727 2469//2742 2455//2728
f  2455//2728 2469//2742 2457//2730
f  2470//2743 2471//2744 2472//2745
f  2472//2745 2471//2744 2473//2746
f  2467//2740 2470//2743 2468//2741
f  2468//2741 2470//2743 2472//2745
f  2468//2741 2472//2745 2474//2747
f  2474//2747 2472//2745 2473//2746
f  2474//2747 2473//2746 1463//1599
f  1463//1599 1462//1598 2474//2747
f  2474//2747 1462//1598 2461//2734
f  2474//2747 2461//2734 2468//2741
f  2468//2741 2461//2734 2460//2733
f  2468//2741 2460//2733 2469//2742
f  2469//2742 2460//2733 1461//1593
f  2469//2742 1461//1593 2457//2730
f  2457//2730 1461//1593 1423//1529
f  2457//2730 1423//1529 1418//1524
f  1476//1612 1478//1614 2464//2737
f  2464//2737 1478//1614 2462//2735
f  2464//2737 2462//2735 2467//2740
f  2467//2740 2462//2735 2463//2736
f  2467//2740 2463//2736 2470//2743
f  2470//2743 2463//2736 1428//1540
f  2470//2743 1428//1540 2471//2744
f  2471//2744 1428//1540 1439//1561
f  2471//2744 1439//1561 2473//2746
f  2473//2746 1439//1561 1464//1600
f  2473//2746 1464//1600 1463//1599
f  1498//2748 1485//1621 1484//1620
f  1484//1620 1494//1630 2475//2749
f  1494//1630 1495//1631 2475//2749
f  2475//2749 1495//1631 1467//1603
f  2475//2749 1467//1603 1466//1602
f  1498//2748 1484//1620 1499//2750
f  1499//2750 1484//1620 2475//2749
f  1499//2750 2475//2749 1500//2751
f  1500//2751 2475//2749 2476//2752
f  1500//2751 2476//2752 1497//2753
f  2476//2752 2477//2754 1497//2753
f  1497//2753 2477//2754 2478//2755
f  1497//2753 2478//2755 1496//2756
f  2479//2757 1619//1796 1618//1795
f  2480//2758 2481//2759 2482//2760
f  2482//2760 2481//2759 2479//2757
f  2482//2760 2479//2757 2483//2761
f  2483//2761 2479//2757 1618//1795
f  2484//2762 2485//2763 2486//2764
f  2486//2764 2485//2763 2487//2765
f  2486//2764 2487//2765 2488//2766
f  2488//2766 2487//2765 2489//2767
f  2488//2766 2489//2767 2490//2768
f  2490//2768 2489//2767 2481//2759
f  2490//2768 2481//2759 2480//2758
f  2485//2763 2484//2762 2491//2769
f  2485//2763 2491//2769 2492//2770
f  2492//2770 2491//2769 2493//2771
f  2492//2770 2493//2771 2494//2772
f  2493//2771 2495//2773 2494//2772
f  2494//2772 2495//2773 2496//2774
f  2494//2772 2496//2774 2497//2775
f  1608//2776 2498//2777 1594//2778
f  1594//2778 2498//2777 1595//2779
f  1554//2780 1555//2781 1528//2782
f  1554//2780 1528//2782 1553//2783
f  1511//2784 1567//2785 1573//2786
f  1572//2787 1519//2788 1573//2786
f  1573//2786 1519//2788 1517//2789
f  1573//2786 1517//2789 1511//2784
f  1574//2790 1575//2791 2497//2775
f  2497//2775 1575//2791 1576//2792
f  2497//2775 1576//2792 1577//2793
f  1577//2793 1580//2794 2497//2775
f  2497//2775 1580//2794 1579//2795
f  2497//2775 1579//2795 1578//2796
f  1578//2796 1549//2797 2497//2775
f  2497//2775 1549//2797 1550//2798
f  2497//2775 1550//2798 1551//2799
f  2497//2775 2496//2774 2499//2800
f  2214//2801 2213//2802 1574//2790
f  2498//2777 2500//2803 1552//2804
f  1552//2804 2500//2803 2501//2805
f  1552//2804 2501//2805 1551//2799
f  1551//2799 2501//2805 2502//2806
f  1551//2799 2502//2806 2497//2775
f  1555//2781 1556//2807 1528//2782
f  1528//2782 1556//2807 1557//2808
f  1528//2782 1557//2808 1506//2809
f  1506//2809 1557//2808 1560//2810
f  1506//2809 1560//2810 1559//2811
f  2213//2802 2211//2812 1574//2790
f  1574//2790 2211//2812 1508//2813
f  1574//2790 1508//2813 1545//2814
f  1545//2814 1508//2813 1507//2815
f  1545//2814 1507//2815 1546//2816
f  1546//2816 1507//2815 1518//2817
f  1546//2816 1518//2817 1571//2818
f  1571//2818 1518//2817 1521//2819
f  1571//2818 1521//2819 1572//2787
f  1572//2787 1521//2819 1520//2820
f  1572//2787 1520//2820 1519//2788
f  1553//2783 1528//2782 1552//2804
f  1552//2804 1528//2782 1530//2821
f  1552//2804 1530//2821 2498//2777
f  2498//2777 1530//2821 1593//2822
f  2498//2777 1593//2822 1595//2779
f  2499//2800 2503//2823 2497//2775
f  2497//2775 2503//2823 2208//2824
f  2497//2775 2208//2824 1574//2790
f  1574//2790 2208//2824 2200//2825
f  1574//2790 2200//2825 2214//2801
f  1559//2811 1558//2826 1506//2809
f  1506//2809 1558//2826 1548//2827
f  1506//2809 1548//2827 1505//2828
f  1505//2828 1548//2827 1547//2829
f  1505//2828 1547//2829 1504//2830
f  1504//2830 1547//2829 1561//2831
f  1504//2830 1561//2831 1503//2832
f  1503//2832 1561//2831 1562//2833
f  1503//2832 1562//2833 1502//2834
f  1502//2834 1562//2833 1564//2835
f  1502//2834 1564//2835 1501//2836
f  1501//2836 1564//2835 1563//2837
f  1501//2836 1563//2837 1509//2838
f  1509//2838 1563//2837 1510//2839
f  1563//2837 1566//2840 1510//2839
f  1510//2839 1566//2840 1565//2841
f  1510//2839 1565//2841 1512//2842
f  1512//2842 1565//2841 1570//2843
f  1512//2842 1570//2843 1513//2844
f  1513//2844 1570//2843 1569//2845
f  1513//2844 1569//2845 1514//2846
f  1514//2846 1569//2845 1568//2847
f  1514//2846 1568//2847 1515//2848
f  1515//2848 1568//2847 1567//2785
f  1515//2848 1567//2785 1516//2849
f  1516//2849 1567//2785 1511//2784
f  1631//1809 1630//1808 2504//2850
f  2494//2851 2497//2852 2502//2853
f  1605//1782 2505//2854 2506//2855
f  738//780 737//779 1672//1850
f  1582//1759 1672//1850 1581//1758
f  1581//1758 1672//1850 1670//1848
f  1581//1758 1670//1848 1587//1764
f  1587//1764 1670//1848 2507//2856
f  739//781 738//780 740//782
f  740//782 738//780 1672//1850
f  740//782 1672//1850 1536//1699
f  1536//1699 1672//1850 1582//1759
f  1583//1760 2504//2850 1584//1761
f  1584//1761 2504//2850 2508//2857
f  1584//1761 2508//2857 1585//1762
f  2509//2858 1610//1787 2510//2859
f  2510//2859 1610//1787 1609//1786
f  2510//2859 1609//1786 2508//2857
f  2508//2857 1609//1786 1611//1788
f  2508//2857 1611//1788 1585//1762
f  1604//1781 1603//1780 2511//2860
f  2511//2860 1603//1780 1602//1779
f  2511//2860 1602//1779 2509//2858
f  2509//2858 1602//1779 1612//1789
f  2509//2858 1612//1789 1610//1787
f  2498//2861 1608//1785 2512//2862
f  2512//2862 1608//1785 1607//1784
f  2512//2862 1607//1784 2506//2855
f  2506//2855 1607//1784 1606//1783
f  2506//2855 1606//1783 1605//1782
f  2513//2863 2514//2864 2500//2865
f  2500//2865 2514//2864 2515//2866
f  2500//2865 2515//2866 2501//2867
f  2494//2851 2502//2853 2492//2868
f  2492//2868 2502//2853 2485//2869
f  2485//2869 2502//2853 2489//2870
f  2485//2869 2489//2870 2487//2871
f  1613//2872 2514//2864 1624//2873
f  1624//2873 2514//2864 2516//2874
f  1624//2873 2516//2874 1622//2875
f  1613//2872 1615//2876 2514//2864
f  2514//2864 1615//2876 1617//2877
f  2514//2864 1617//2877 2515//2866
f  2515//2866 1617//2877 1619//2878
f  2515//2866 1619//2878 2501//2867
f  2501//2867 1619//2878 2479//2879
f  2501//2867 2479//2879 2502//2853
f  2502//2853 2479//2879 2481//2880
f  2502//2853 2481//2880 2489//2870
f  1622//2875 2516//2874 1620//2881
f  1620//2881 2516//2874 2517//2882
f  1620//2881 2517//2882 2518//2883
f  2518//2883 2517//2882 2519//2884
f  2518//2883 2519//2884 2520//2885
f  2520//2885 2519//2884 2521//2886
f  2521//2886 2519//2884 2522//2887
f  2521//2886 2522//2887 2523//2888
f  2524//2889 1647//1825 1646//1824
f  1647//1825 2524//2889 1649//1827
f  1649//1827 2524//2889 1650//1828
f  1650//1828 2524//2889 2525//2890
f  1650//1828 2525//2890 1645//1823
f  1634//1812 1633//1811 2526//2891
f  2526//2891 1633//1811 1637//1815
f  2526//2891 1637//1815 1636//1814
f  1630//1808 1634//1812 2504//2850
f  2504//2850 1634//1812 2526//2891
f  2504//2850 2526//2891 2508//2857
f  2508//2857 2526//2891 1636//1814
f  2508//2857 1636//1814 2510//2859
f  2510//2859 1636//1814 1635//1813
f  2510//2859 1635//1813 2509//2858
f  2509//2858 1635//1813 1640//1818
f  2509//2858 1640//1818 2511//2860
f  2511//2860 1640//1818 1642//1820
f  2511//2860 1642//1820 2527//2892
f  2527//2892 1642//1820 1643//1821
f  2527//2892 1643//1821 2528//2893
f  2528//2893 1643//1821 1645//1823
f  2528//2893 1645//1823 2529//2894
f  2529//2894 1645//1823 2525//2890
f  775//821 1631//1809 1670//1848
f  1670//1848 1631//1809 2504//2850
f  1670//1848 2504//2850 2507//2856
f  2507//2856 2504//2850 1583//1760
f  2507//2856 1583//1760 1587//1764
f  2500//2865 2498//2861 2513//2863
f  2513//2863 2498//2861 2512//2862
f  2513//2863 2512//2862 2514//2864
f  2514//2864 2512//2862 2530//2895
f  2514//2864 2530//2895 2516//2874
f  2516//2874 2530//2895 2531//2896
f  2516//2874 2531//2896 2517//2882
f  2517//2882 2531//2896 2532//2897
f  2517//2882 2532//2897 2519//2884
f  2519//2884 2532//2897 2533//2898
f  2519//2884 2533//2898 2522//2887
f  1646//1824 1653//1831 2524//2889
f  2524//2889 1653//1831 1652//1830
f  2524//2889 1652//1830 2534//2899
f  1605//1782 1604//1781 2505//2854
f  2505//2854 1604//1781 2511//2860
f  2505//2854 2511//2860 2506//2855
f  2506//2855 2511//2860 2527//2892
f  2506//2855 2527//2892 2512//2862
f  2512//2862 2527//2892 2528//2893
f  2512//2862 2528//2893 2530//2895
f  2530//2895 2528//2893 2529//2894
f  2530//2895 2529//2894 2531//2896
f  2531//2896 2529//2894 2525//2890
f  2531//2896 2525//2890 2532//2897
f  2532//2897 2525//2890 2524//2889
f  2532//2897 2524//2889 2533//2898
f  2533//2898 2524//2889 2534//2899
f  2533//2898 2534//2899 2522//2887
f  1797//1978 1788//1969 2535//2900
f  1680//2901 1675//2902 2536//2903
f  1694//1872 2537//2904 2538//2905
f  1750//1931 1780//1961 1783//1964
f  860//913 1748//1929 1727//1908
f  1727//1908 1748//1929 1749//1930
f  1694//1872 808//861 2537//2904
f  2537//2904 808//861 1728//1909
f  2537//2904 1728//1909 2539//2906
f  1712//1892 1714//1894 2538//2905
f  2538//2905 1714//1894 1715//1895
f  2538//2905 1715//1895 1694//1872
f  1707//1887 1690//1868 2540//2907
f  2541//2908 1652//1830 1705//1885
f  1705//1885 1704//1884 2541//2908
f  2541//2908 1704//1884 1702//1882
f  2541//2908 1702//1882 2542//2909
f  2543//2910 2544//2911 2545//2912
f  2545//2912 2544//2911 2523//2888
f  2545//2912 2523//2888 2522//2887
f  1675//2902 1678//2913 2536//2903
f  2536//2903 1678//2913 1677//2914
f  2536//2903 1677//2914 2543//2910
f  2543//2910 1677//2914 2546//2915
f  2543//2910 2546//2915 2544//2911
f  2547//2916 1687//2917 2548//2918
f  2548//2918 1687//2917 1685//2919
f  2548//2918 1685//2919 2549//2920
f  2549//2920 1685//2919 1684//2921
f  2549//2920 1684//2921 1682//2922
f  2550//2923 2551//2924 2552//2925
f  2552//2925 2551//2924 2553//2926
f  2552//2925 2553//2926 2554//2927
f  2554//2927 2555//2928 2552//2925
f  2552//2925 2555//2928 2556//2929
f  2552//2925 2556//2929 2557//2930
f  1758//1939 2558//2931 2559//2932
f  2559//2932 2558//2931 2560//2933
f  2559//2932 2560//2933 2549//2920
f  2549//2920 2560//2933 2561//2934
f  2549//2920 2561//2934 2548//2918
f  2548//2918 2561//2934 2562//2935
f  2548//2918 2562//2935 2547//2916
f  2547//2916 2562//2935 2552//2925
f  2547//2916 2552//2925 2563//2936
f  2563//2936 2552//2925 2557//2930
f  2563//2936 2557//2930 2564//2937
f  1788//1969 1790//1971 2535//2900
f  2535//2900 1790//1971 1791//1972
f  2535//2900 1791//1972 2565//2938
f  2565//2938 1791//1972 1759//1940
f  2565//2938 1759//1940 2566//2939
f  1781//1962 1792//1973 2567//2940
f  2567//2940 1792//1973 1794//1975
f  2567//2940 1794//1975 2568//2941
f  2568//2941 1794//1975 1796//1977
f  2568//2941 1796//1977 2540//2907
f  2540//2907 1796//1977 2569//2942
f  2540//2907 2569//2942 1707//1887
f  1707//1887 2569//2942 2570//2943
f  1707//1887 2570//2943 1708//1888
f  1708//1888 2570//2943 2571//2944
f  1708//1888 2571//2944 1710//1890
f  1710//1890 2571//2944 2572//2945
f  1710//1890 2572//2945 1711//1891
f  1711//1891 2572//2945 2542//2909
f  1711//1891 2542//2909 1701//1881
f  1701//1881 2542//2909 1702//1882
f  1782//1963 1781//1962 2537//2904
f  2537//2904 1781//1962 2567//2940
f  2537//2904 2567//2940 2538//2905
f  2538//2905 2567//2940 2568//2941
f  2538//2905 2568//2941 1712//1892
f  1712//1892 2568//2941 2540//2907
f  1712//1892 2540//2907 1689//1867
f  1689//1867 2540//2907 1690//1868
f  1782//1963 2537//2904 1787//1968
f  1787//1968 2537//2904 2539//2906
f  1787//1968 2539//2906 1786//1967
f  1749//1930 1750//1931 1727//1908
f  1727//1908 1750//1931 1783//1964
f  1727//1908 1783//1964 1728//1909
f  1728//1909 1783//1964 1784//1965
f  1728//1909 1784//1965 2539//2906
f  2539//2906 1784//1965 1785//1966
f  2539//2906 1785//1966 1786//1967
f  1759//1940 1758//1939 2566//2939
f  2566//2939 1758//1939 2559//2932
f  2566//2939 2559//2932 2573//2946
f  2573//2946 2559//2932 2549//2920
f  2573//2946 2549//2920 2574//2947
f  2522//2887 2534//2899 2545//2912
f  2545//2912 2534//2899 2575//2948
f  2545//2912 2575//2948 2543//2910
f  2543//2910 2575//2948 2576//2949
f  2543//2910 2576//2949 2536//2903
f  1796//1977 1797//1978 2569//2942
f  2569//2942 1797//1978 2535//2900
f  2569//2942 2535//2900 2570//2943
f  2570//2943 2535//2900 2565//2938
f  2570//2943 2565//2938 2571//2944
f  2571//2944 2565//2938 2566//2939
f  2571//2944 2566//2939 2572//2945
f  2572//2945 2566//2939 2573//2946
f  2572//2945 2573//2946 2542//2909
f  2542//2909 2573//2946 2574//2947
f  2542//2909 2574//2947 2541//2908
f  2534//2899 1652//1830 2575//2948
f  2575//2948 1652//1830 2541//2908
f  2575//2948 2541//2908 2576//2949
f  2576//2949 2541//2908 2574//2947
f  2576//2949 2574//2947 2536//2903
f  2536//2903 2574//2947 2549//2920
f  2536//2903 2549//2920 1680//2901
f  1680//2901 2549//2920 1682//2922
f  1905//2087 1915//2097 2577//2950
f  2578//2951 2579//2952 1913//2095
f  1913//2095 1927//2109 2578//2951
f  2578//2951 1927//2109 1926//2108
f  2578//2951 1926//2108 2580//2953
f  2580//2953 1926//2108 1924//2106
f  2580//2953 1924//2106 2581//2954
f  2581//2954 1924//2106 1923//2105
f  2581//2954 1923//2105 2582//2955
f  2582//2955 1923//2105 1905//2087
f  2582//2955 1905//2087 2583//2956
f  2583//2956 1905//2087 2577//2950
f  2583//2956 2577//2950 2584//2957
f  2585//2958 1909//2091 1907//2089
f  2585//2958 1907//2089 2586//2959
f  2586//2959 1907//2089 1914//2096
f  2586//2959 1914//2096 2587//2960
f  2587//2960 1914//2096 1913//2095
f  2587//2960 1913//2095 2579//2952
f  2588//2961 1798//1979 867//920
f  1742//1923 1741//1922 1037//1108
f  1037//1108 1741//1922 1740//1921
f  1037//1108 1740//1921 2585//2958
f  2585//2958 1740//1921 1739//1920
f  2585//2958 1739//1920 1909//2091
f  1738//1919 1729//1910 2585//2958
f  2585//2958 1729//1910 1038//1109
f  2585//2958 1038//1109 1037//1108
f  1037//1108 1744//1925 1745//1926
f  2589//2962 2590//2963 1737//1918
f  2589//2962 1737//1918 2585//2958
f  2585//2958 1737//1918 1736//1917
f  2585//2958 1736//1917 1738//1919
f  2588//2961 867//920 2590//2963
f  2590//2963 867//920 864//917
f  2590//2963 864//917 1737//1918
f  1737//1918 864//917 859//912
f  1737//1918 859//912 858//911
f  1745//1926 1746//1927 1037//1108
f  1037//1108 1746//1927 1743//1924
f  1037//1108 1743//1924 1742//1923
f  875//928 1902//2084 1900//2082
f  874//927 875//928 1806//1987
f  1806//1987 875//928 1900//2082
f  1806//1987 1900//2082 1808//1989
f  1808//1989 1900//2082 1901//2083
f  1808//1989 1901//2083 1810//1991
f  1810//1991 1901//2083 1000//1071
f  1810//1991 1000//1071 1812//1993
f  1812//1993 1000//1071 999//1070
f  1812//1993 999//1070 998//1069
f  996//1067 995//1066 1775//1956
f  998//1069 997//1068 1812//1993
f  1812//1993 997//1068 996//1067
f  1812//1993 996//1067 1814//1995
f  1814//1995 996//1067 1775//1956
f  1814//1995 1775//1956 1816//1997
f  1779//1960 1780//1961 1750//1931
f  1775//1956 1774//1955 1816//1997
f  1816//1997 1774//1955 1779//1960
f  1816//1997 1779//1960 1818//1999
f  1818//1999 1779//1960 1750//1931
f  1818//1999 1750//1931 1747//1928
f  2590//2963 1771//1952 2588//2961
f  2588//2961 1771//1952 1770//1951
f  2588//2961 1770//1951 1798//1979
f  1798//1979 1770//1951 1768//1949
f  1798//1979 1768//1949 995//1066
f  995//1066 1768//1949 1767//1948
f  995//1066 1767//1948 1775//1956
f  1755//1936 1754//1935 2589//2962
f  2589//2962 1754//1935 1773//1954
f  2589//2962 1773//1954 2590//2963
f  2590//2963 1773//1954 1772//1953
f  2590//2963 1772//1953 1771//1952
f  2591//2964 2592//2965 1922//2966
f  1922//2966 2592//2965 1921//2967
f  2591//2964 1922//2966 2593//2968
f  2593//2968 1922//2966 1919//2969
f  2593//2968 1919//2969 2594//2970
f  2594//2970 1919//2969 1916//2971
f  2594//2970 1916//2971 2595//2972
f  2595//2973 1916//2974 1904//2975
f  2595//2973 1904//2975 2596//2976
f  2596//2976 1904//2975 1903//2977
f  2596//2976 1903//2977 2597//2978
f  1912//2979 2598//2980 1925//2981
f  1925//2981 2598//2980 2599//2982
f  1925//2981 2599//2982 1903//2977
f  1903//2977 2599//2982 2600//2983
f  1903//2977 2600//2983 2597//2978
f  1911//2984 2601//2985 1910//2986
f  1910//2987 2601//2988 2602//2989
f  1910//2987 2602//2989 1908//2990
f  1908//2991 2602//2992 2603//2993
f  1908//2991 2603//2993 1906//2994
f  1906//2994 2603//2993 2604//2995
f  1906//2994 2604//2995 1912//2979
f  1912//2979 2604//2995 2605//2996
f  1912//2979 2605//2996 2598//2980
f  2592//2965 2606//2997 1921//2967
f  1921//2967 2606//2997 2607//2998
f  1921//2967 2607//2998 1911//2984
f  1911//2984 2607//2998 2608//2999
f  1911//2984 2608//2999 2601//2985
f  1850//2031 1849//2030 2609//3000
f  2609//3000 1849//2030 1857//2038
f  2609//3000 1857//2038 2610//3001
f  2611//3002 1845//2026 2609//3000
f  2609//3000 1845//2026 1852//2033
f  2609//3000 1852//2033 1850//2031
f  2612//3003 1880//2061 2611//3002
f  2611//3002 1880//2061 982//1046
f  2611//3002 982//1046 1845//2026
f  2613//3004 2614//3005 2615//3006
f  2615//3006 2614//3005 2616//3007
f  2615//3006 2616//3007 2617//3008
f  2617//3008 2616//3007 1883//2064
f  2617//3008 1883//2064 2612//3003
f  2612//3003 1883//2064 1881//2062
f  2612//3003 1881//2062 1880//2061
f  2618//3009 2619//3010 1902//2084
f  1902//2084 2619//3010 2620//3011
f  1902//2084 2620//3011 1823//2004
f  1857//2038 1856//2037 2610//3001
f  2610//3001 1856//2037 1832//2013
f  2610//3001 1832//2013 2621//3012
f  2621//3012 1832//2013 1831//2012
f  2621//3012 1831//2012 2622//3013
f  2618//3009 1902//2084 2623//3014
f  2623//3014 1902//2084 875//928
f  2623//3014 875//928 2624//3015
f  2624//3015 875//928 1884//3016
f  2624//3015 1884//3016 2625//3017
f  2625//3017 1884//3016 1886//3018
f  2625//3017 1886//3018 2626//3019
f  2626//3019 1886//3018 1891//2147
f  2626//3019 1891//2147 2613//3004
f  2613//3004 1891//2147 1964//2146
f  2613//3004 1964//2146 2614//3005
f  2627//3020 2628//3021 1826//2007
f  1831//2012 1830//2011 2622//3013
f  2622//3013 1830//2011 1829//2010
f  2622//3013 1829//2010 2629//3022
f  2629//3022 1829//2010 1828//2009
f  2629//3022 1828//2009 2628//3021
f  2628//3021 1828//2009 1827//2008
f  2628//3021 1827//2008 1826//2007
f  2620//3011 2630//3023 1823//2004
f  1823//2004 2630//3023 2631//3024
f  1823//2004 2631//3024 1822//2003
f  1822//2003 2631//3024 2632//3025
f  1822//2003 2632//3025 1824//2005
f  1824//2005 2632//3025 2627//3020
f  1824//2005 2627//3020 1825//2006
f  1825//2006 2627//3020 1826//2007
f  2633//3026 2634//3027 2635//3028
f  1917//2099 1918//2100 2636//3029
f  2636//3029 1918//2100 1920//2102
f  2636//3029 1920//2102 2637//3030
f  2637//3030 1920//2102 1932//2114
f  2637//3030 1932//2114 2635//3028
f  2635//3028 1932//2114 1929//2111
f  2635//3028 1929//2111 2633//3026
f  2633//3026 1929//2111 1928//2110
f  2633//3026 1928//2110 2638//3031
f  2577//2950 1915//2097 1917//2099
f  2584//2957 2577//2950 2639//3032
f  2639//3032 2577//2950 2640//3033
f  2639//3032 2640//3033 2641//3034
f  2640//3033 2642//3035 2641//3034
f  2641//3034 2642//3035 2643//3036
f  2641//3034 2643//3036 2644//3037
f  2644//3037 2643//3036 2645//3038
f  2644//3037 2645//3038 2646//3039
f  2577//2950 1917//2099 2640//3033
f  2640//3033 1917//2099 2636//3029
f  2640//3033 2636//3029 2642//3035
f  2642//3035 2636//3029 2637//3030
f  2642//3035 2637//3030 2643//3036
f  2643//3036 2637//3030 2635//3028
f  2643//3036 2635//3028 2645//3038
f  2645//3038 2635//3028 2634//3027
f  2645//3038 2634//3027 2646//3039
f  2646//3039 2634//3027 2647//3040
f  2646//3039 2647//3040 2648//3041
f  2649//3042 2650//3043 2651//3044
f  2651//3044 2650//3043 2652//3045
f  2651//3044 2652//3045 2653//3046
f  2654//3047 2649//3042 2655//3048
f  2655//3048 2649//3042 2651//3044
f  2655//3048 2651//3044 2656//3049
f  2656//3049 2651//3044 2653//3046
f  2656//3049 2653//3046 2657//3050
f  1939//2121 2658//3051 1938//2120
f  1938//2120 2658//3051 2659//3052
f  1938//2120 2659//3052 1937//2119
f  1937//2119 2659//3052 1936//2118
f  1928//2110 1930//2112 2660//3053
f  2660//3053 1930//2112 1935//2117
f  2660//3053 1935//2117 2657//3050
f  2657//3050 1935//2117 1936//2118
f  2657//3050 1936//2118 2656//3049
f  2656//3049 1936//2118 2659//3052
f  2656//3049 2659//3052 2655//3048
f  2655//3048 2659//3052 2658//3051
f  2655//3048 2658//3051 2654//3047
f  2661//3054 2650//3043 2662//3055
f  2662//3055 2650//3043 2649//3042
f  2662//3055 2649//3042 2663//3056
f  2663//3056 2649//3042 2654//3047
f  2663//3056 2654//3047 2664//3057
f  2664//3057 2654//3047 2658//3051
f  2664//3057 2658//3051 1939//2121
f  2665//3058 2666//3059 2661//3054
f  1939//2121 2667//3060 2668//3061
f  1939//2121 1934//2116 2667//3060
f  2667//3060 1934//2116 1002//1073
f  2667//3060 1002//1073 1940//2122
f  2661//3054 2662//3055 2665//3058
f  2665//3058 2662//3055 2663//3056
f  2665//3058 2663//3056 2668//3061
f  2668//3061 2663//3056 2664//3057
f  2668//3061 2664//3057 1939//2121
f  2669//3062 2666//3059 2670//3063
f  2670//3063 2666//3059 2665//3058
f  2670//3063 2665//3058 2671//3064
f  2671//3064 2665//3058 2668//3061
f  2671//3064 2668//3061 2672//3065
f  2672//3065 2668//3061 2667//3060
f  2672//3065 2667//3060 1941//2123
f  1941//2123 2667//3060 1940//2122
f  2673//3066 2674//3067 2675//3068
f  2676//3069 2674//3067 2677//3070
f  2677//3070 2674//3067 2673//3066
f  2677//3070 2673//3066 2678//3071
f  2678//3071 2673//3066 2679//3072
f  2679//3072 2673//3066 2680//3073
f  2679//3072 2680//3073 2681//3074
f  2681//3074 2680//3073 2682//3075
f  2682//3075 2680//3073 2683//3076
f  2682//3075 2683//3076 2684//3077
f  2685//3078 2669//3062 2686//3079
f  2686//3079 2669//3062 2670//3063
f  2686//3079 2670//3063 2687//3080
f  2687//3080 2670//3063 2671//3064
f  2687//3080 2671//3064 2688//3081
f  2688//3081 2671//3064 2672//3065
f  1943//2125 2688//3081 1942//2124
f  1942//2124 2688//3081 2672//3065
f  1942//2124 2672//3065 1941//2123
f  2685//3078 2686//3079 2689//3082
f  2689//3082 2686//3079 2687//3080
f  2689//3082 2687//3080 2690//3083
f  2690//3083 2687//3080 2688//3081
f  2690//3083 2688//3081 2691//3084
f  2691//3084 2688//3081 1943//2125
f  2691//3084 1943//2125 1944//2126
f  1946//2128 1949//2131 1945//2127
f  1945//2127 1949//2131 2684//3077
f  1945//2127 2684//3077 1944//2126
f  1944//2126 2684//3077 2683//3076
f  1944//2126 2683//3076 2691//3084
f  2691//3084 2683//3076 2680//3073
f  2691//3084 2680//3073 2690//3083
f  2690//3083 2680//3073 2673//3066
f  2690//3083 2673//3066 2689//3082
f  2689//3082 2673//3066 2675//3068
f  2689//3082 2675//3068 2685//3078
f  2692//3085 2693//3086 2694//3087
f  2679//3072 2681//3074 2695//3088
f  2696//3089 2682//3075 2684//3077
f  2692//3085 2676//3069 2693//3086
f  2693//3086 2676//3069 2677//3070
f  2693//3086 2677//3070 2678//3071
f  2697//3090 2698//3091 2699//3092
f  2700//3093 2697//3090 2701//3094
f  2701//3094 2697//3090 2699//3092
f  2701//3094 2699//3092 2702//3095
f  2702//3095 2699//3092 2703//3096
f  2702//3095 2703//3096 2704//3097
f  2704//3097 2703//3096 2705//3098
f  2704//3097 2705//3098 2706//3099
f  2706//3099 2705//3098 2707//3100
f  2706//3099 2707//3100 2708//3101
f  2708//3101 2707//3100 2709//3102
f  2708//3101 2709//3102 2694//3087
f  2694//3087 2709//3102 2710//3103
f  2694//3087 2710//3103 2692//3085
f  1956//2138 2711//3104 1955//2137
f  1955//2137 2711//3104 2712//3105
f  1955//2137 2712//3105 1954//2136
f  2713//3106 2700//3093 2714//3107
f  2714//3107 2700//3093 2701//3094
f  2714//3107 2701//3094 2715//3108
f  2715//3108 2701//3094 2702//3095
f  2715//3108 2702//3095 2716//3109
f  2716//3109 2702//3095 2704//3097
f  2716//3109 2704//3097 2717//3110
f  2717//3110 2704//3097 2706//3099
f  2717//3110 2706//3099 2718//3111
f  2718//3111 2706//3099 2708//3101
f  2718//3111 2708//3101 2719//3112
f  2719//3112 2708//3101 2694//3087
f  2719//3112 2694//3087 2695//3088
f  2695//3088 2694//3087 2693//3086
f  2695//3088 2693//3086 2679//3072
f  2679//3072 2693//3086 2678//3071
f  1956//2138 2713//3106 2711//3104
f  2711//3104 2713//3106 2714//3107
f  2711//3104 2714//3107 2712//3105
f  2712//3105 2714//3107 2715//3108
f  2712//3105 2715//3108 2720//3113
f  2720//3113 2715//3108 2716//3109
f  2720//3113 2716//3109 2721//3114
f  2721//3114 2716//3109 2717//3110
f  2721//3114 2717//3110 2722//3115
f  2722//3115 2717//3110 2718//3111
f  2722//3115 2718//3111 2723//3116
f  2723//3116 2718//3111 2719//3112
f  2723//3116 2719//3112 2696//3089
f  2696//3089 2719//3112 2695//3088
f  2696//3089 2695//3088 2682//3075
f  2682//3075 2695//3088 2681//3074
f  1954//2136 2712//3105 1953//2135
f  1953//2135 2712//3105 2720//3113
f  1953//2135 2720//3113 1952//2134
f  1952//2134 2720//3113 2721//3114
f  1952//2134 2721//3114 1951//2133
f  1951//2133 2721//3114 2722//3115
f  1951//2133 2722//3115 1950//2132
f  1950//2132 2722//3115 2723//3116
f  1950//2132 2723//3116 1947//2129
f  1947//2129 2723//3116 2696//3089
f  1947//2129 2696//3089 1948//2130
f  1948//2130 2696//3089 2684//3077
f  1948//2130 2684//3077 1949//2131
f  1956//2138 1957//2139 2713//3106
f  2713//3106 1957//2139 2724//3117
f  2713//3106 2724//3117 2700//3093
f  2700//3093 2724//3117 2725//3118
f  2700//3093 2725//3118 2697//3090
f  2697//3090 2725//3118 2726//3119
f  2697//3090 2726//3119 2698//3091
f  2698//3091 2726//3119 2727//3120
f  2728//3121 2729//3122 2730//3123
f  1960//2142 1961//2143 2731//3124
f  2732//3125 2733//3126 2734//3127
f  2732//3125 2734//3127 2729//3122
f  2729//3122 2734//3127 2735//3128
f  2729//3122 2735//3128 2730//3123
f  2730//3123 2735//3128 2736//3129
f  2730//3123 2736//3129 2737//3130
f  1961//2143 1962//2144 2731//3124
f  2731//3124 1962//2144 2738//3131
f  2731//3124 2738//3131 2739//3132
f  1962//2144 1959//2141 2738//3131
f  2738//3131 1959//2141 1958//2140
f  2738//3131 1958//2140 2740//3133
f  2740//3133 1958//2140 1963//2145
f  2740//3133 1963//2145 2728//3121
f  2728//3121 1963//2145 1882//2063
f  2725//3118 2741//3134 2726//3119
f  2726//3119 2741//3134 2742//3135
f  2726//3119 2742//3135 2727//3120
f  2734//3127 2743//3136 2735//3128
f  2735//3128 2743//3136 2744//3137
f  2735//3128 2744//3137 2736//3129
f  2736//3129 2744//3137 2745//3138
f  2736//3129 2745//3138 2746//3139
f  1957//2139 1960//2142 2724//3117
f  2724//3117 1960//2142 2731//3124
f  2724//3117 2731//3124 2725//3118
f  2725//3118 2731//3124 2739//3132
f  2725//3118 2739//3132 2741//3134
f  2740//3133 2728//3121 2730//3123
f  2740//3133 2730//3123 2738//3131
f  2738//3131 2730//3123 2737//3130
f  2738//3131 2737//3130 2739//3132
f  2739//3132 2737//3130 2736//3129
f  2739//3132 2736//3129 2741//3134
f  2741//3134 2736//3129 2746//3139
f  2741//3134 2746//3139 2742//3135
f  1876//2057 1875//2056 2747//3140
f  2748//3141 2749//3142 2750//3143
f  2751//3144 2752//3145 2753//3146
f  2753//3146 2752//3145 2750//3143
f  2753//3146 2750//3143 2754//3147
f  2754//3147 2750//3143 2749//3142
f  2751//3144 2755//3148 2752//3145
f  2752//3145 2755//3148 2756//3149
f  2752//3145 2756//3149 2757//3150
f  2755//3148 2733//3126 2756//3149
f  2756//3149 2733//3126 2732//3125
f  2756//3149 2732//3125 2729//3122
f  2748//3141 2750//3143 2758//3151
f  2758//3151 2750//3143 2752//3145
f  2758//3151 2752//3145 2759//3152
f  2759//3152 2752//3145 2757//3150
f  2759//3152 2757//3150 2760//3153
f  2760//3153 2757//3150 2761//3154
f  2760//3153 2761//3154 2762//3155
f  1871//2052 1879//2060 2761//3154
f  2761//3154 1879//2060 2763//3156
f  2761//3154 2763//3156 2762//3155
f  2728//3121 1882//2063 2764//3157
f  2764//3157 1882//2063 1874//2055
f  2764//3157 1874//2055 1873//2054
f  2765//3158 2766//3159 2767//3160
f  2767//3160 2766//3159 2764//3157
f  2767//3160 2764//3157 1871//2052
f  1871//2052 2764//3157 1873//2054
f  1876//2057 2747//3140 1878//2059
f  2768//3161 2769//3162 2770//3163
f  2770//3163 2769//3162 2771//3164
f  2770//3163 2771//3164 2772//3165
f  2772//3165 2771//3164 2773//3166
f  2772//3165 2773//3166 2774//3167
f  2774//3167 2773//3166 2747//3140
f  2774//3167 2747//3140 1883//2064
f  1883//2064 2747//3140 1875//2056
f  1871//2052 2761//3154 2767//3160
f  2767//3160 2761//3154 2757//3150
f  2767//3160 2757//3150 2765//3158
f  2765//3158 2757//3150 2756//3149
f  2765//3158 2756//3149 2766//3159
f  2766//3159 2756//3149 2729//3122
f  2766//3159 2729//3122 2764//3157
f  2764//3157 2729//3122 2728//3121
f  1879//2060 1878//2059 2763//3156
f  2763//3156 1878//2059 2747//3140
f  2763//3156 2747//3140 2762//3155
f  2762//3155 2747//3140 2773//3166
f  2762//3155 2773//3166 2760//3153
f  2760//3153 2773//3166 2771//3164
f  2760//3153 2771//3164 2759//3152
f  2759//3152 2771//3164 2769//3162
f  2759//3152 2769//3162 2758//3151
f  2758//3151 2769//3162 2768//3161
f  2758//3151 2768//3161 2748//3141
f  2775//3168 2776//3169 2777//3170
f  2777//3170 2776//3169 2778//3171
f  2777//3170 2778//3171 2779//3172
f  2779//3172 2778//3171 2780//3173
f  2779//3172 2780//3173 2781//3174
f  2781//3174 2780//3173 2782//3175
f  2781//3174 2782//3175 2783//3176
f  2783//3176 2782//3175 2784//3177
f  2783//3176 2784//3177 2785//3178
f  2614//3005 1964//2146 2785//3178
f  2786//3179 2776//3169 2787//3180
f  2787//3180 2776//3169 2775//3168
f  2787//3180 2775//3168 2788//3181
f  2786//3179 2789//3182 2776//3169
f  2776//3169 2789//3182 2790//3183
f  2776//3169 2790//3183 2778//3171
f  2778//3171 2790//3183 2791//3184
f  2778//3171 2791//3184 2780//3173
f  2780//3173 2791//3184 2792//3185
f  2780//3173 2792//3185 2782//3175
f  2782//3175 2792//3185 2793//3186
f  2782//3175 2793//3186 2784//3177
f  2786//3179 2754//3147 2789//3182
f  2789//3182 2754//3147 2749//3142
f  2789//3182 2749//3142 2790//3183
f  2790//3183 2749//3142 2748//3141
f  2790//3183 2748//3141 2791//3184
f  2791//3184 2748//3141 2768//3161
f  2791//3184 2768//3161 2792//3185
f  2792//3185 2768//3161 2770//3163
f  2792//3185 2770//3163 2793//3186
f  2793//3186 2770//3163 2772//3165
f  2793//3186 2772//3165 2774//3167
f  2785//3178 2784//3177 2614//3005
f  2614//3005 2784//3177 2793//3186
f  2614//3005 2793//3186 2616//3007
f  2616//3007 2793//3186 2774//3167
f  2616//3007 2774//3167 1883//2064
f  2794//3187 2795//3188 2796//3189
f  1966//2150 1967//2152 2797//3190
f  2798//3191 2796//3189 2799//3192
f  2777//3170 2779//3172 2800//3193
f  2800//3193 2779//3172 2801//3194
f  2800//3193 2801//3194 2802//3195
f  2802//3195 2801//3194 2803//3196
f  2802//3195 2803//3196 2804//3197
f  2804//3197 2803//3196 2805//3198
f  2804//3197 2805//3198 2806//3199
f  2806//3199 2805//3198 2807//3200
f  2806//3199 2807//3200 2808//3201
f  2775//3168 2777//3170 2809//3202
f  2809//3202 2777//3170 2800//3193
f  2809//3202 2800//3193 2810//3203
f  2810//3203 2800//3193 2802//3195
f  2810//3203 2802//3195 2811//3204
f  2811//3204 2802//3195 2804//3197
f  2811//3204 2804//3197 2812//3205
f  2812//3205 2804//3197 2806//3199
f  2812//3205 2806//3199 2813//3206
f  2813//3206 2806//3199 2808//3201
f  2813//3206 2808//3201 2814//3207
f  2814//3207 2808//3201 2815//3208
f  2814//3207 2815//3208 2816//3209
f  2797//3190 1967//2152 2817//3210
f  2817//3210 1967//2152 1968//2153
f  2817//3210 1968//2153 2818//3211
f  2819//3212 2820//3213 2797//3190
f  2797//3190 2820//3213 1965//2148
f  2797//3190 1965//2148 1966//2150
f  2796//3189 2798//3191 2794//3187
f  2794//3187 2798//3191 2821//3214
f  2794//3187 2821//3214 2822//3215
f  2822//3215 2821//3214 2823//3216
f  2822//3215 2823//3216 2824//3217
f  2824//3217 2823//3216 2825//3218
f  2824//3217 2825//3218 2818//3211
f  2818//3211 2825//3218 2826//3219
f  2818//3211 2826//3219 2817//3210
f  2817//3210 2826//3219 2827//3220
f  2817//3210 2827//3220 2797//3190
f  2797//3190 2827//3220 2828//3221
f  2797//3190 2828//3221 2819//3212
f  1968//2153 1969//2155 2818//3211
f  2818//3211 1969//2155 1970//2157
f  2818//3211 1970//2157 2824//3217
f  2824//3217 1970//2157 1971//2159
f  2824//3217 1971//2159 2822//3215
f  2822//3215 1971//2159 1972//2161
f  2822//3215 1972//2161 2794//3187
f  2794//3187 1972//2161 1973//2163
f  2794//3187 1973//2163 2795//3188
f  2795//3188 1973//2163 1974//2165
f  2788//3181 2775//3168 2829//3222
f  2829//3222 2775//3168 2809//3202
f  2829//3222 2809//3202 2830//3223
f  2830//3223 2809//3202 2810//3203
f  2830//3223 2810//3203 2831//3224
f  2831//3224 2810//3203 2811//3204
f  2831//3224 2811//3204 2832//3225
f  2832//3225 2811//3204 2812//3205
f  2832//3225 2812//3205 2833//3226
f  2833//3226 2812//3205 2813//3206
f  2833//3226 2813//3206 2834//3227
f  2834//3227 2813//3206 2814//3207
f  2834//3227 2814//3207 2835//3228
f  2835//3228 2814//3207 2816//3209
f  2835//3228 2816//3209 2836//3229
f  1964//2146 1965//2148 2785//3178
f  2785//3178 1965//2148 2820//3213
f  2785//3178 2820//3213 2783//3176
f  2783//3176 2820//3213 2819//3212
f  2783//3176 2819//3212 2781//3174
f  2781//3174 2819//3212 2828//3221
f  2781//3174 2828//3221 2779//3172
f  2779//3172 2828//3221 2801//3194
f  2801//3194 2828//3221 2827//3220
f  2801//3194 2827//3220 2803//3196
f  2803//3196 2827//3220 2826//3219
f  2803//3196 2826//3219 2805//3198
f  2805//3198 2826//3219 2825//3218
f  2805//3198 2825//3218 2807//3200
f  2807//3200 2825//3218 2823//3216
f  2807//3200 2823//3216 2808//3201
f  2808//3201 2823//3216 2821//3214
f  2808//3201 2821//3214 2815//3208
f  2815//3208 2821//3214 2798//3191
f  2815//3208 2798//3191 2816//3209
f  2816//3209 2798//3191 2799//3192
f  2816//3209 2799//3192 2836//3229
f  2837//3230 2838//3231 2839//3232
f  2410//2683 2409//2682 2837//3230
f  2837//3230 2839//3232 2410//2683
f  2410//2683 2839//3232 2840//3233
f  2410//2683 2840//3233 2414//2687
f  2414//2687 2840//3233 2841//3234
f  2414//2687 2841//3234 2412//2685
f  2795//3188 1974//2165 1977//2171
f  2838//3231 2836//3229 2839//3232
f  2839//3232 2836//3229 2799//3192
f  2839//3232 2799//3192 2840//3233
f  2840//3233 2799//3192 2796//3189
f  2840//3233 2796//3189 2841//3234
f  2841//3234 2796//3189 2795//3188
f  2795//3188 1977//2171 2841//3234
f  2841//3234 1977//2171 1976//2170
f  2841//3234 1976//2170 2412//2685
f  1997//2193 1987//2183 2842//3235
f  2843//3236 2844//3237 2845//3238
f  2846//3239 2847//3240 2848//3241
f  1986//2182 2849//3242 2850//3243
f  2850//3243 2849//3242 2851//3244
f  2852//3245 2853//3246 2062//2258
f  2422//2695 1329//1435 2053//2249
f  2854//3247 2423//2696 2422//2695
f  2422//2695 2053//2249 2854//3247
f  2854//3247 2053//2249 2055//2251
f  2854//3247 2055//2251 2855//3248
f  2855//3248 2055//2251 2057//2253
f  2855//3248 2057//2253 2856//3249
f  2856//3249 2057//2253 2857//3250
f  2857//3250 2057//2253 2058//2254
f  2857//3250 2058//2254 2858//3251
f  2058//2254 2017//2213 2858//3251
f  2858//3251 2017//2213 2052//2248
f  2858//3251 2052//2248 2859//3252
f  2859//3252 2052//2248 2051//2247
f  2859//3252 2051//2247 2853//3246
f  2853//3246 2051//2247 2063//2259
f  2853//3246 2063//2259 2062//2258
f  2852//3245 2062//2258 2860//3253
f  2860//3253 2062//2258 2061//2257
f  2860//3253 2061//2257 2861//3254
f  2061//2257 2032//2228 2861//3254
f  2861//3254 2032//2228 2034//2230
f  2861//3254 2034//2230 2862//3255
f  2862//3255 2034//2230 2043//2239
f  2862//3255 2043//2239 2863//3256
f  2863//3256 2043//2239 2042//2238
f  2863//3256 2042//2238 2864//3257
f  2865//3258 2866//3259 2038//2234
f  2042//2238 2040//2236 2864//3257
f  2864//3257 2040//2236 2038//2234
f  2864//3257 2038//2234 2867//3260
f  2867//3260 2038//2234 2866//3259
f  2868//3261 2869//3262 2870//3263
f  2850//3243 2871//3264 2868//3261
f  2868//3261 2871//3264 2872//3265
f  2868//3261 2872//3265 2869//3262
f  2848//3241 2847//3240 2851//3244
f  2847//3240 2873//3266 2851//3244
f  2851//3244 2873//3266 2874//3267
f  2851//3244 2874//3267 2850//3243
f  2850//3243 2874//3267 2875//3268
f  2850//3243 2875//3268 2871//3264
f  2012//2208 2013//2209 2843//3236
f  2843//3236 2845//3238 2012//2208
f  2012//2208 2845//3238 2842//3235
f  2012//2208 2842//3235 2011//2207
f  2011//2207 2842//3235 1987//2183
f  2011//2207 1987//2183 1082//1153
f  2844//3237 2846//3239 2845//3238
f  2845//3238 2846//3239 2848//3241
f  2845//3238 2848//3241 2842//3235
f  2842//3235 2848//3241 2002//2198
f  2842//3235 2002//2198 1997//2193
f  1986//2182 1979//2175 2849//3242
f  2849//3242 1979//2175 1978//2174
f  2849//3242 1978//2174 2851//3244
f  2851//3244 1978//2174 2004//2200
f  2851//3244 2004//2200 2848//3241
f  2848//3241 2004//2200 2003//2199
f  2848//3241 2003//2199 2002//2198
f  2038//2234 2037//2233 2865//3258
f  2865//3258 2037//2233 2044//2240
f  2865//3258 2044//2240 2870//3263
f  2870//3263 2044//2240 2046//2242
f  2870//3263 2046//2242 2868//3261
f  2868//3261 2046//2242 2047//2243
f  2868//3261 2047//2243 2850//3243
f  2850//3243 2047//2243 2049//2245
f  2850//3243 2049//2245 1986//2182
f  2876//3269 2877//3270 2878//3271
f  2130//2356 2131//2357 2879//3272
f  2117//2343 2119//2345 2880//3273
f  2881//3274 2127//2353 2126//2352
f  2126//2352 2114//2340 2881//3274
f  2881//3274 2114//2340 2138//2364
f  2881//3274 2138//2364 2882//3275
f  2882//3275 2138//2364 2129//2355
f  2882//3275 2129//2355 2879//3272
f  2879//3272 2129//2355 2128//2354
f  2879//3272 2128//2354 2130//2356
f  2068//2264 2124//2350 2880//3273
f  2124//2350 2123//2349 2880//3273
f  2880//3273 2123//2349 2117//2343
f  2104//2319 2099//2311 2097//2309
f  2883//3276 2884//3277 2104//2319
f  2104//2319 2884//3277 2103//2317
f  2877//3270 2101//2315 2102//2316
f  2101//2315 2877//3270 2008//2204
f  2008//2204 2877//3270 2876//3269
f  2008//2204 2876//3269 2010//2206
f  2010//2206 2876//3269 2885//3278
f  2010//2206 2885//3278 2014//2210
f  2014//2210 2885//3278 2886//3279
f  2014//2210 2886//3279 2013//2209
f  2887//3280 2880//3273 2881//3274
f  2881//3274 2880//3273 2119//2345
f  2881//3274 2119//2345 2127//2353
f  2071//2277 2066//2262 2888//3281
f  2888//3281 2066//2262 2068//2264
f  2888//3281 2068//2264 2889//3282
f  2889//3282 2068//2264 2880//3273
f  2889//3282 2880//3273 2878//3271
f  2878//3271 2880//3273 2887//3280
f  2878//3271 2887//3280 2876//3269
f  2890//3283 2891//3284 2883//3276
f  2883//3276 2891//3284 2892//3285
f  2883//3276 2892//3285 2884//3277
f  2884//3277 2892//3285 2893//3286
f  2884//3277 2893//3286 2103//2317
f  2103//2317 2893//3286 2100//2314
f  2105//2320 2100//2314 2894//3287
f  2894//3287 2100//2314 2893//3286
f  2894//3287 2893//3286 2895//3288
f  2895//3288 2893//3286 2892//3285
f  2895//3288 2892//3285 2896//3289
f  2896//3289 2892//3285 2891//3284
f  2104//2319 2097//2309 2883//3276
f  2883//3276 2097//2309 2071//2277
f  2883//3276 2071//2277 2890//3283
f  2890//3283 2071//2277 2888//3281
f  2890//3283 2888//3281 2891//3284
f  2891//3284 2888//3281 2889//3282
f  2891//3284 2889//3282 2896//3289
f  2896//3289 2889//3282 2878//3271
f  2896//3289 2878//3271 2895//3288
f  2895//3288 2878//3271 2877//3270
f  2895//3288 2877//3270 2894//3287
f  2894//3287 2877//3270 2102//2316
f  2894//3287 2102//2316 2105//2320
f  1496//2756 2478//2755 2897//3290
f  2898//3291 2141//3292 2899//3293
f  2899//3293 2141//3292 2140//3294
f  2899//3293 2140//3294 2897//3290
f  2897//3290 2140//3294 2139//3295
f  2897//3290 2139//3295 1496//2756
f  2898//3291 2131//2357 2112//2338
f  2112//2338 2111//2337 2898//3291
f  2898//3291 2111//2337 2109//2335
f  2898//3291 2109//2335 2141//3292
f  2141//3292 2109//2335 2132//2358
f  2141//3292 2132//2358 2142//3296
f  2142//3296 2132//2358 2133//2359
f  2900//3297 2901//3298 2902//3299
f  2903//3300 2904//3301 2905//3302
f  2905//3302 2904//3301 2906//3303
f  2907//3304 2908//3305 2909//3306
f  2910//3307 2911//3308 2912//3309
f  2264//2537 2902//3299 2913//3310
f  2493//3311 2491//3312 2914//3313
f  2168//3314 2169//3315 2915//3316
f  2197//3317 2916//3318 2917//3319
f  2193//3320 2199//3321 2917//3319
f  2917//3319 2199//3321 2198//3322
f  2917//3319 2198//3322 2197//3317
f  2918//3323 2195//3324 2917//3319
f  2917//3319 2195//3324 2194//3325
f  2917//3319 2194//3325 2193//3320
f  2158//3326 2144//3327 2919//3328
f  2919//3328 2144//3327 2143//3329
f  2161//3330 2162//3331 2920//3332
f  2920//3332 2162//3331 2163//3333
f  2920//3332 2163//3333 2164//3334
f  2164//3334 2191//3335 2920//3332
f  2920//3332 2191//3335 2192//3336
f  2920//3332 2192//3336 2196//3337
f  2157//3338 2160//3339 2919//3328
f  2919//3328 2160//3339 2159//3340
f  2919//3328 2159//3340 2158//3326
f  2156//3341 2921//3342 2145//3343
f  2145//3343 2921//3342 2146//3344
f  2149//3345 2922//3346 2148//3347
f  2148//3347 2922//3346 2147//3348
f  2152//3349 2923//3350 2151//3351
f  2151//3351 2923//3350 2922//3346
f  2151//3351 2922//3346 2150//3352
f  2150//3352 2922//3346 2149//3345
f  2152//3349 2155//3353 2923//3350
f  2923//3350 2155//3353 2154//3354
f  2923//3350 2154//3354 2921//3342
f  2921//3342 2154//3354 2153//3355
f  2921//3342 2153//3355 2146//3344
f  2924//3356 2170//3357 2925//3358
f  2925//3358 2170//3357 2171//3359
f  2171//3359 2172//3360 2925//3358
f  2925//3358 2172//3360 2173//3361
f  2925//3358 2173//3361 2922//3346
f  2922//3346 2173//3361 2174//3362
f  2922//3346 2174//3362 2147//3348
f  2168//3314 2915//3316 2167//3363
f  2926//3364 2166//3365 2927//3366
f  2927//3366 2166//3365 2928//3367
f  2927//3366 2928//3367 2910//3307
f  2186//3368 2929//3369 2187//3370
f  2187//3370 2929//3369 2913//3310
f  2187//3370 2913//3310 2188//3371
f  2186//3368 2185//3372 2929//3369
f  2929//3369 2185//3372 2189//3373
f  2929//3369 2189//3373 2930//3374
f  2930//3374 2189//3373 2190//3375
f  2930//3374 2190//3375 2165//3376
f  2179//3377 2902//3299 2180//3378
f  2180//3378 2902//3299 2901//3298
f  2180//3378 2901//3298 2176//3379
f  2176//3379 2901//3298 2175//3380
f  2179//3377 2178//3381 2902//3299
f  2902//3299 2178//3381 2177//3382
f  2902//3299 2177//3382 2182//3383
f  2182//3383 2181//3384 2902//3299
f  2902//3299 2181//3384 2184//3385
f  2902//3299 2184//3385 2913//3310
f  2913//3310 2184//3385 2183//3386
f  2913//3310 2183//3386 2188//3371
f  2499//3387 2496//3388 2914//3313
f  2914//3313 2496//3388 2495//3389
f  2914//3313 2495//3389 2493//3311
f  2208//2481 2503//3390 2931//3391
f  2205//2478 2207//2480 2931//3391
f  2931//3391 2207//2480 2209//2482
f  2931//3391 2209//2482 2208//2481
f  2220//2493 2217//2490 2204//2477
f  2217//2490 2219//2492 2204//2477
f  2204//2477 2219//2492 2223//2496
f  2204//2477 2223//2496 2226//2499
f  2226//2499 2227//2500 2204//2477
f  2204//2477 2227//2500 2228//2501
f  2204//2477 2228//2501 1248//1345
f  2205//2478 2931//3391 2203//2476
f  2203//2476 2931//3391 2932//3392
f  2203//2476 2932//3392 2204//2477
f  2204//2477 2932//3392 2933//3393
f  2204//2477 2933//3393 2220//2493
f  2220//2493 2933//3393 2934//3394
f  2220//2493 2934//3394 2231//2504
f  2231//2504 2934//3394 2237//2510
f  2237//2510 2934//3394 2935//3395
f  2237//2510 2935//3395 2242//2515
f  2276//2549 2260//2533 2936//3396
f  2936//3396 2260//2533 2259//2532
f  2936//3396 2259//2532 2937//3397
f  2937//3397 2259//2532 2254//2527
f  2937//3397 2254//2527 2938//3398
f  2938//3398 2254//2527 2255//2528
f  2938//3398 2255//2528 2939//3399
f  2276//2549 2936//3396 2274//2547
f  2274//2547 2936//3396 2940//3400
f  2274//2547 2940//3400 2272//2545
f  2272//2545 2940//3400 2941//3401
f  2272//2545 2941//3401 2270//2543
f  2941//3401 2942//3402 2270//2543
f  2270//2543 2942//3402 2943//3403
f  2270//2543 2943//3403 2268//2541
f  2304//2577 2293//2566 2913//3310
f  2913//3310 2293//2566 2262//2535
f  2913//3310 2262//2535 2264//2537
f  2304//2577 2913//3310 2305//2578
f  2305//2578 2913//3310 2929//3369
f  2305//2578 2929//3369 2313//2586
f  2313//2586 2929//3369 2930//3374
f  2313//2586 2930//3374 2314//2587
f  2314//2587 2930//3374 2944//3404
f  2314//2587 2944//3404 2315//2588
f  2315//2588 2944//3404 2945//3405
f  2315//2588 2945//3405 2311//2584
f  2309//2582 2912//3309 2320//2593
f  2320//2593 2912//3309 2317//2590
f  2317//2590 2912//3309 2318//2591
f  2318//2591 2912//3309 2911//3308
f  2318//2591 2911//3308 2347//2620
f  2399//2672 2946//3406 2401//2674
f  2401//2674 2946//3406 2403//2676
f  2404//2677 2426//2699 2405//2678
f  2405//2678 2426//2699 2427//2700
f  2405//2678 2427//2700 2406//2679
f  2406//2679 2427//2700 2428//2701
f  2406//2679 2428//2701 2407//2680
f  2428//2701 2429//2702 2407//2680
f  2407//2680 2429//2702 2430//2703
f  2407//2680 2430//2703 2416//2689
f  2416//2689 2430//2703 2424//2697
f  2416//2689 2424//2697 2408//2681
f  2408//2681 2424//2697 2423//2696
f  2408//2681 2423//2696 2409//2682
f  2404//2677 2403//2676 2426//2699
f  2426//2699 2403//2676 2946//3406
f  2426//2699 2946//3406 2425//2698
f  2425//2698 2946//3406 2947//3407
f  2948//3408 2432//2705 2949//3409
f  2949//3409 2432//2705 2433//2706
f  2949//3409 2433//2706 2950//3410
f  2950//3410 2433//2706 2434//2707
f  2950//3410 2434//2707 2947//3407
f  2947//3407 2434//2707 2435//2708
f  2947//3407 2435//2708 2425//2698
f  2951//3411 2436//2709 2948//3408
f  2948//3408 2436//2709 2431//2704
f  2948//3408 2431//2704 2432//2705
f  2441//2714 2440//2713 2952//3412
f  2952//3412 2440//2713 2439//2712
f  2952//3412 2439//2712 2951//3411
f  2951//3411 2439//2712 2438//2711
f  2951//3411 2438//2711 2436//2709
f  2441//2714 2952//3412 2451//2724
f  2451//2724 2952//3412 2953//3413
f  2451//2724 2953//3413 2452//2725
f  2452//2725 2953//3413 2453//2726
f  2453//2726 2953//3413 2954//3414
f  2453//2726 2954//3414 2417//2690
f  2417//2690 2954//3414 2418//2691
f  2418//2691 2954//3414 2955//3415
f  2418//2691 2955//3415 2449//2722
f  2449//2722 2955//3415 2450//2723
f  2450//2723 2955//3415 2956//3416
f  2450//2723 2956//3416 2448//2721
f  2448//2721 2956//3416 2445//2718
f  2445//2718 2956//3416 2957//3417
f  2445//2718 2957//3417 2446//2719
f  2446//2719 2957//3417 2420//2693
f  2420//2693 2957//3417 2958//3418
f  2420//2693 2958//3418 1415//1521
f  2959//3419 2455//2728 2960//3420
f  2960//3420 2455//2728 2457//2730
f  2960//3420 2457//2730 2961//3421
f  2961//3421 2457//2730 2458//2731
f  2961//3421 2458//2731 2958//3418
f  2958//3418 2458//2731 2459//2732
f  2958//3418 2459//2732 1415//1521
f  2962//3422 2466//2739 2959//3419
f  2959//3419 2466//2739 2456//2729
f  2959//3419 2456//2729 2455//2728
f  2963//3423 2478//2755 2964//3424
f  2964//3424 2478//2755 2477//2754
f  2964//3424 2477//2754 2965//3425
f  2965//3425 2477//2754 2476//2752
f  2965//3425 2476//2752 2966//3426
f  2966//3426 2476//2752 2475//2749
f  2966//3426 2475//2749 2967//3427
f  2967//3427 2475//2749 1466//1602
f  2967//3427 1466//1602 2962//3422
f  2962//3422 1466//1602 2465//2738
f  2962//3422 2465//2738 2466//2739
f  2968//3428 2969//3429 2970//3430
f  2970//3430 2969//3429 2971//3431
f  2970//3430 2971//3431 2972//3432
f  1626//3433 1625//3434 2973//3435
f  2973//3435 1625//3434 1623//3436
f  2973//3435 1623//3436 2968//3428
f  2968//3428 1623//3436 1621//3437
f  2968//3428 1621//3437 2969//3429
f  2488//3438 2490//3439 2480//3440
f  2488//3438 2974//3441 2486//3442
f  2486//3442 2974//3441 2484//3443
f  2488//3438 2480//3440 2974//3441
f  2974//3441 2480//3440 2482//3444
f  2974//3441 2482//3444 2484//3443
f  2484//3443 2482//3444 2483//3445
f  2484//3443 2483//3445 2975//3446
f  2975//3446 2483//3445 1618//3447
f  2975//3446 1618//3447 2976//3448
f  2976//3448 1618//3447 1616//3449
f  2976//3448 1616//3449 2973//3435
f  2973//3435 1616//3449 1614//3450
f  2973//3435 1614//3450 1626//3433
f  2166//3365 2167//3363 2928//3367
f  2928//3367 2167//3363 2915//3316
f  2928//3367 2915//3316 2910//3307
f  2910//3307 2915//3316 2977//3451
f  2910//3307 2977//3451 2911//3308
f  2911//3308 2977//3451 2978//3452
f  2911//3308 2978//3452 2347//2620
f  2347//2620 2978//3452 2979//3453
f  2347//2620 2979//3453 2348//2621
f  2309//2582 2311//2584 2912//3309
f  2912//3309 2311//2584 2945//3405
f  2912//3309 2945//3405 2910//3307
f  2910//3307 2945//3405 2944//3404
f  2910//3307 2944//3404 2927//3366
f  2927//3366 2944//3404 2930//3374
f  2927//3366 2930//3374 2926//3364
f  2926//3364 2930//3374 2165//3376
f  2926//3364 2165//3376 2166//3365
f  2980//3454 2920//3332 2981//3455
f  2909//3306 2908//3305 2982//3456
f  2983//3457 2984//3458 2985//3459
f  2985//3459 2984//3458 2986//3460
f  2985//3459 2986//3460 2987//3461
f  2987//3461 2986//3460 2988//3462
f  2916//3318 2981//3455 2917//3319
f  2917//3319 2981//3455 2920//3332
f  2917//3319 2920//3332 2918//3323
f  2918//3323 2920//3332 2196//3337
f  2918//3323 2196//3337 2195//3324
f  2989//3463 2980//3454 2990//3464
f  2990//3464 2980//3454 2981//3455
f  2990//3464 2981//3455 2900//3297
f  2900//3297 2981//3455 2916//3318
f  2900//3297 2916//3318 2901//3298
f  2901//3298 2916//3318 2197//3317
f  2901//3298 2197//3317 2175//3380
f  2984//3458 2982//3456 2986//3460
f  2986//3460 2982//3456 2908//3305
f  2986//3460 2908//3305 2988//3462
f  2988//3462 2908//3305 2907//3304
f  2988//3462 2907//3304 2991//3465
f  2914//3313 2992//3466 2993//3467
f  2993//3467 2992//3466 2994//3468
f  2993//3467 2994//3468 2995//3469
f  2995//3469 2994//3468 2996//3470
f  2995//3469 2996//3470 2997//3471
f  2997//3471 2996//3470 2998//3472
f  2904//3301 2998//3472 2906//3303
f  2906//3303 2998//3472 2996//3470
f  2906//3303 2996//3470 2999//3473
f  2999//3473 2996//3470 2994//3468
f  2999//3473 2994//3468 3000//3474
f  3000//3474 2994//3468 2992//3466
f  3000//3474 2992//3466 3001//3475
f  3001//3475 2992//3466 2914//3313
f  3001//3475 2914//3313 3002//3476
f  3002//3476 2914//3313 2491//3312
f  2909//3306 2903//3300 2907//3304
f  2907//3304 2903//3300 2905//3302
f  2907//3304 2905//3302 2991//3465
f  2991//3465 2905//3302 2906//3303
f  2991//3465 2906//3303 3003//3477
f  3003//3477 2906//3303 2999//3473
f  3003//3477 2999//3473 3004//3478
f  3004//3478 2999//3473 3000//3474
f  3004//3478 3000//3474 3005//3479
f  3005//3479 3000//3474 3001//3475
f  3005//3479 3001//3475 2976//3448
f  2976//3448 3001//3475 3002//3476
f  2976//3448 3002//3476 2975//3446
f  2975//3446 3002//3476 2491//3312
f  2975//3446 2491//3312 2484//3443
f  2264//2537 2266//2539 2902//3299
f  2902//3299 2266//2539 3006//3480
f  2902//3299 3006//3480 2900//3297
f  2900//3297 3006//3480 2983//3457
f  2900//3297 2983//3457 2990//3464
f  2990//3464 2983//3457 2985//3459
f  2990//3464 2985//3459 2989//3463
f  2989//3463 2985//3459 2987//3461
f  2266//2539 2268//2541 3006//3480
f  3006//3480 2268//2541 2943//3403
f  3006//3480 2943//3403 2983//3457
f  2983//3457 2943//3403 2942//3402
f  2983//3457 2942//3402 2984//3458
f  2984//3458 2942//3402 2941//3401
f  2984//3458 2941//3401 2982//3456
f  2982//3456 2941//3401 2940//3400
f  2982//3456 2940//3400 2909//3306
f  2909//3306 2940//3400 2936//3396
f  2909//3306 2936//3396 2903//3300
f  2903//3300 2936//3396 2937//3397
f  2903//3300 2937//3397 2904//3301
f  2904//3301 2937//3397 2938//3398
f  2904//3301 2938//3398 2998//3472
f  2998//3472 2938//3398 2939//3399
f  2998//3472 2939//3399 2997//3471
f  2503//3390 2499//3387 2931//3391
f  2931//3391 2499//3387 2914//3313
f  2931//3391 2914//3313 2932//3392
f  2932//3392 2914//3313 2993//3467
f  2932//3392 2993//3467 2933//3393
f  2933//3393 2993//3467 2995//3469
f  2933//3393 2995//3469 2934//3394
f  2934//3394 2995//3469 2997//3471
f  2934//3394 2997//3471 2935//3395
f  2935//3395 2997//3471 2939//3399
f  2935//3395 2939//3399 2242//2515
f  2242//2515 2939//3399 2255//2528
f  3007//3481 2921//3342 2919//3328
f  2919//3328 2921//3342 2156//3341
f  2919//3328 2156//3341 2157//3338
f  3008//3482 3009//3483 3010//3484
f  3010//3484 3009//3483 3011//3485
f  3010//3484 3011//3485 3012//3486
f  3012//3486 3011//3485 3013//3487
f  3012//3486 3013//3487 3014//3488
f  3008//3482 2921//3342 3009//3483
f  3009//3483 2921//3342 3007//3481
f  3009//3483 3007//3481 3011//3485
f  3011//3485 3007//3481 3015//3489
f  3011//3485 3015//3489 3013//3487
f  3013//3487 3015//3489 3016//3490
f  3013//3487 3016//3490 3014//3488
f  3017//3491 3018//3492 3019//3493
f  3019//3493 3018//3492 3020//3494
f  3019//3493 3020//3494 3021//3495
f  3021//3495 3020//3494 3022//3496
f  3021//3495 3022//3496 3023//3497
f  3023//3497 3022//3496 3024//3498
f  3023//3497 3024//3498 3025//3499
f  3025//3499 3024//3498 3026//3500
f  3025//3499 3026//3500 3027//3501
f  3027//3501 3026//3500 3028//3502
f  3027//3501 3028//3502 3029//3503
f  3029//3503 3028//3502 3030//3504
f  3029//3503 3030//3504 3031//3505
f  3031//3505 3030//3504 3032//3506
f  3031//3505 3032//3506 3014//3488
f  3014//3488 3032//3506 3033//3507
f  3014//3488 3033//3507 3012//3486
f  2970//3430 3017//3491 2968//3428
f  2968//3428 3017//3491 3019//3493
f  2968//3428 3019//3493 2973//3435
f  2973//3435 3019//3493 3021//3495
f  2973//3435 3021//3495 2976//3448
f  2976//3448 3021//3495 3023//3497
f  2976//3448 3023//3497 3005//3479
f  3005//3479 3023//3497 3025//3499
f  3005//3479 3025//3499 3004//3478
f  3004//3478 3025//3499 3027//3501
f  3004//3478 3027//3501 3003//3477
f  3003//3477 3027//3501 3029//3503
f  3003//3477 3029//3503 2991//3465
f  2991//3465 3029//3503 3031//3505
f  2991//3465 3031//3505 2988//3462
f  2988//3462 3031//3505 3014//3488
f  2988//3462 3014//3488 2987//3461
f  2987//3461 3014//3488 3016//3490
f  2987//3461 3016//3490 2989//3463
f  2989//3463 3016//3490 3015//3489
f  2989//3463 3015//3489 2980//3454
f  2980//3454 3015//3489 3007//3481
f  2980//3454 3007//3481 2920//3332
f  2920//3332 3007//3481 2919//3328
f  2920//3332 2919//3328 2161//3330
f  2161//3330 2919//3328 2143//3329
f  2169//3315 2170//3357 2915//3316
f  2915//3316 2170//3357 2924//3356
f  2915//3316 2924//3356 2977//3451
f  2977//3451 2924//3356 3034//3508
f  2977//3451 3034//3508 2978//3452
f  2978//3452 3034//3508 3035//3509
f  2978//3452 3035//3509 2979//3453
f  2979//3453 3035//3509 3036//3510
f  2979//3453 3036//3510 2348//2621
f  2348//2621 3036//3510 2360//2633
f  2399//2672 2397//2670 2946//3406
f  2946//3406 2397//2670 2360//2633
f  2946//3406 2360//2633 2947//3407
f  2947//3407 2360//2633 3036//3510
f  2947//3407 3036//3510 2950//3410
f  2950//3410 3036//3510 3035//3509
f  2950//3410 3035//3509 2949//3409
f  2949//3409 3035//3509 3034//3508
f  2949//3409 3034//3508 2948//3408
f  2948//3408 3034//3508 2924//3356
f  2948//3408 2924//3356 2951//3411
f  2951//3411 2924//3356 2925//3358
f  2951//3411 2925//3358 2952//3412
f  2952//3412 2925//3358 2922//3346
f  2952//3412 2922//3346 2953//3413
f  2953//3413 2922//3346 2923//3350
f  2953//3413 2923//3350 2954//3414
f  2954//3414 2923//3350 2921//3342
f  2954//3414 2921//3342 2955//3415
f  2955//3415 2921//3342 3008//3482
f  2955//3415 3008//3482 2956//3416
f  2956//3416 3008//3482 3010//3484
f  2956//3416 3010//3484 2957//3417
f  2957//3417 3010//3484 3012//3486
f  2957//3417 3012//3486 2958//3418
f  2958//3418 3012//3486 3033//3507
f  2958//3418 3033//3507 2961//3421
f  2961//3421 3033//3507 3032//3506
f  2961//3421 3032//3506 2960//3420
f  2960//3420 3032//3506 3030//3504
f  2960//3420 3030//3504 2959//3419
f  2959//3419 3030//3504 3028//3502
f  2959//3419 3028//3502 2962//3422
f  2962//3422 3028//3502 3026//3500
f  2962//3422 3026//3500 2967//3427
f  2967//3427 3026//3500 3024//3498
f  2967//3427 3024//3498 2966//3426
f  2966//3426 3024//3498 3022//3496
f  2966//3426 3022//3496 2965//3425
f  2965//3425 3022//3496 3020//3494
f  2965//3425 3020//3494 2964//3424
f  2964//3424 3020//3494 3018//3492
f  2964//3424 3018//3492 2963//3423
f  2963//3423 3018//3492 3017//3491
f  2963//3423 3017//3491 3037//3511
f  3037//3511 3017//3491 2970//3430
f  3037//3511 2970//3430 3038//3512
f  3038//3512 2970//3430 2972//3432
f  1621//1798 1620//1797 2969//3513
f  2969//3513 1620//1797 2518//3514
f  2969//3513 2518//3514 2971//3515
f  1677//1855 1676//1854 2546//3516
f  2546//3516 1676//1854 3039//3517
f  2546//3516 3039//3517 2544//3518
f  2544//3518 3039//3517 3040//3519
f  2544//3518 3040//3519 2523//3520
f  2523//3520 3040//3519 2972//3521
f  2523//3520 2972//3521 2521//3522
f  2521//3522 2972//3521 2971//3515
f  2521//3522 2971//3515 2520//3523
f  2520//3523 2971//3515 2518//3514
f  1688//1866 1687//1865 3041//3524
f  3041//3524 1687//1865 2547//3525
f  3041//3524 2547//3525 3042//3526
f  3042//3526 2547//3525 2563//3527
f  3042//3526 2563//3527 3043//3528
f  2555//3529 3044//3530 2556//3531
f  2556//3531 3044//3530 3045//3532
f  2556//3531 3045//3532 2557//3533
f  3045//3532 3046//3534 2557//3533
f  2557//3533 3046//3534 3047//3535
f  2557//3533 3047//3535 2564//3536
f  2564//3536 3047//3535 3043//3528
f  2564//3536 3043//3528 2563//3527
f  2550//3537 3048//3538 3049//3539
f  2550//3537 3049//3539 2551//3540
f  2551//3540 3049//3539 3050//3541
f  2551//3540 3050//3541 2553//3542
f  2553//3542 3050//3541 3051//3543
f  2553//3542 3051//3543 2554//3544
f  2554//3544 3051//3543 3044//3530
f  2554//3544 3044//3530 2555//3529
f  1762//3545 1763//3546 2558//3547
f  2558//3547 1763//3546 1765//3548
f  2589//3549 2585//3550 1755//3551
f  1755//3551 2585//3550 2550//3537
f  2583//3552 2584//3553 2596//3554
f  2596//3554 2584//3553 2595//3555
f  2583//3552 2596//3554 2582//3556
f  2582//3556 2596//3554 2597//3557
f  2582//3556 2597//3557 2581//3558
f  2581//3558 2597//3557 2600//3559
f  2581//3558 2600//3559 2580//3560
f  2561//3561 2560//3562 1755//3551
f  1755//3551 2560//3562 2558//3547
f  1755//3551 2558//3547 1756//3563
f  1756//3563 2558//3547 1765//3548
f  1758//3564 1757//3565 2558//3547
f  2558//3547 1757//3565 1760//3566
f  2558//3547 1760//3566 1762//3545
f  2550//3537 2552//3567 1755//3551
f  1755//3551 2552//3567 2562//3568
f  1755//3551 2562//3568 2561//3561
f  2600//3559 2599//3569 2580//3560
f  2580//3560 2599//3569 2598//3570
f  2580//3560 2598//3570 2578//3571
f  2578//3571 2598//3570 2605//3572
f  2578//3571 2605//3572 2579//3573
f  2579//3573 2605//3572 2604//3574
f  2579//3573 2604//3574 2587//3575
f  2587//3575 2604//3574 2603//3576
f  2587//3575 2603//3576 2586//3577
f  2586//3577 2603//3576 2602//3578
f  2586//3577 2602//3578 2585//3550
f  2585//3550 2602//3578 2601//3579
f  2585//3550 2601//3579 2550//3537
f  2550//3537 2601//3579 2608//3580
f  2550//3537 2608//3580 2607//3581
f  2584//3553 2639//3582 2595//3555
f  2595//3555 2639//3582 2641//3583
f  2595//3555 2641//3583 2594//3584
f  2594//3584 2641//3583 2644//3585
f  2594//3584 2644//3585 2593//3586
f  2593//3586 2644//3585 2646//3587
f  2593//3586 2646//3587 2591//3588
f  2607//3581 2606//3589 2550//3537
f  2550//3537 2606//3589 2592//3590
f  2550//3537 2592//3590 2591//3588
f  2646//3587 2648//3591 2591//3588
f  2591//3588 2648//3591 3052//3592
f  2591//3588 3052//3592 2550//3537
f  2550//3537 3052//3592 3053//3593
f  2550//3537 3053//3593 3048//3538
f  3054//3594 3055//3595 2619//3596
f  3056//3597 2632//3598 3057//3599
f  3057//3599 2632//3598 2631//3600
f  3057//3599 2631//3600 3058//3601
f  3059//3602 3060//3603 2630//3604
f  2630//3604 3060//3603 3061//3605
f  2630//3604 3061//3605 2631//3600
f  2631//3600 3061//3605 3062//3606
f  2631//3600 3062//3606 3058//3601
f  3059//3602 2630//3604 3063//3607
f  3063//3607 2630//3604 2620//3608
f  3063//3607 2620//3608 3064//3609
f  3055//3595 3065//3610 2619//3596
f  2619//3596 3065//3610 3066//3611
f  2619//3596 3066//3611 2620//3608
f  2620//3608 3066//3611 3067//3612
f  2620//3608 3067//3612 3064//3609
f  3054//3594 2619//3596 3068//3613
f  3068//3613 2619//3596 2618//3614
f  3068//3613 2618//3614 3069//3615
f  2623//3616 3070//3617 2618//3614
f  2618//3614 3070//3617 3071//3618
f  2618//3614 3071//3618 3069//3615
f  2624//3619 3072//3620 2623//3616
f  2623//3616 3072//3620 3073//3621
f  3073//3621 3074//3622 2623//3616
f  2623//3616 3074//3622 3075//3623
f  2623//3616 3075//3623 3070//3617
f  3072//3620 2624//3619 3076//3624
f  3076//3624 2624//3619 2625//3625
f  3076//3624 2625//3625 3077//3626
f  3077//3626 2625//3625 3078//3627
f  3078//3627 2625//3625 2626//3628
f  3078//3627 2626//3628 3079//3629
f  2613//3630 3080//3631 2626//3628
f  2626//3628 3080//3631 3081//3632
f  2626//3628 3081//3632 3079//3629
f  2615//3633 2617//3634 3082//3635
f  3082//3635 3083//3636 2615//3633
f  2615//3633 3083//3636 3084//3637
f  2615//3633 3084//3637 2613//3630
f  2613//3630 3084//3637 3085//3638
f  2613//3630 3085//3638 3080//3631
f  3082//3635 2617//3634 3086//3639
f  3086//3639 2617//3634 2612//3640
f  3086//3639 2612//3640 3087//3641
f  3088//3642 3089//3643 2611//3644
f  3089//3643 3090//3645 2611//3644
f  2611//3644 3090//3645 3091//3646
f  2611//3644 3091//3646 2612//3640
f  2612//3640 3091//3646 3092//3647
f  2612//3640 3092//3647 3087//3641
f  2609//3648 3093//3649 3094//3650
f  3094//3650 3095//3651 2609//3648
f  2609//3648 3095//3651 3096//3652
f  2609//3648 3096//3652 2611//3644
f  2611//3644 3096//3652 3097//3653
f  2611//3644 3097//3653 3088//3642
f  3093//3649 2609//3648 3098//3654
f  3098//3654 2609//3648 2610//3655
f  3098//3654 2610//3655 3099//3656
f  3100//3657 3101//3658 2621//3659
f  2621//3659 3101//3658 3102//3660
f  2621//3659 3102//3660 2610//3655
f  2610//3655 3102//3660 3103//3661
f  2610//3655 3103//3661 3099//3656
f  3104//3662 3105//3663 2622//3664
f  2622//3664 3105//3663 3106//3665
f  2622//3664 3106//3665 2621//3659
f  2621//3659 3106//3665 3107//3666
f  2621//3659 3107//3666 3100//3657
f  3104//3662 2622//3664 3108//3667
f  3108//3667 2622//3664 2629//3668
f  3109//3669 3110//3670 2628//3671
f  2628//3671 3110//3670 3111//3672
f  2628//3671 3111//3672 2629//3668
f  2629//3668 3111//3672 3112//3673
f  2629//3668 3112//3673 3108//3667
f  3113//3674 3114//3675 2627//3676
f  2627//3676 3114//3675 3115//3677
f  2627//3676 3115//3677 2628//3671
f  2628//3671 3115//3677 3116//3678
f  2628//3671 3116//3678 3109//3669
f  3113//3674 2627//3676 3117//3679
f  3117//3679 2627//3676 2632//3598
f  3117//3679 2632//3598 3056//3597
f  3118//3680 3119//3681 3120//3682
f  3116//3683 3115//3684 3121//3685
f  3121//3685 3115//3684 3114//3686
f  3082//3687 3122//3688 3083//3689
f  2698//3091 3123//3690 3124//3691
f  2745//3138 2744//3137 3125//3692
f  2786//3179 3126//3693 3127//3694
f  2865//3258 2870//3263 3128//3695
f  1688//3696 3129//3697 3130//3698
f  3042//3699 3043//3700 3131//3701
f  3041//3702 3042//3699 3044//3703
f  3044//3703 3042//3699 3131//3701
f  3044//3703 3131//3701 3045//3704
f  3043//3700 3047//3705 3131//3701
f  3131//3701 3047//3705 3046//3706
f  3131//3701 3046//3706 3045//3704
f  3132//3707 1674//3708 1673//3709
f  1673//3709 1679//3710 3132//3707
f  3132//3707 1679//3710 1681//3711
f  3132//3707 1681//3711 3133//3712
f  3133//3712 1681//3711 1683//3713
f  3133//3712 1683//3713 1686//3714
f  1674//3708 3132//3707 1676//3715
f  1676//3715 3132//3707 3134//3716
f  1676//3715 3134//3716 3039//3717
f  3039//3717 3134//3716 3135//3718
f  3039//3717 3135//3718 3040//3719
f  3040//3719 3135//3718 3038//3512
f  3040//3719 3038//3512 2972//3432
f  2478//2755 3136//3720 2897//3290
f  2897//3290 3136//3720 3137//3721
f  3138//3722 2898//3291 3137//3721
f  3137//3721 2898//3291 2899//3293
f  3137//3721 2899//3293 2897//3290
f  2879//3272 2131//2357 3139//3723
f  3139//3723 2131//2357 2898//3291
f  3139//3723 2898//3291 3140//3724
f  3140//3724 2898//3291 3138//3722
f  2879//3272 3139//3723 2882//3275
f  2882//3275 3139//3723 3141//3725
f  2882//3275 3141//3725 2881//3274
f  2881//3274 3141//3725 3142//3726
f  2881//3274 3142//3726 2887//3280
f  2887//3280 3142//3726 3143//3727
f  2887//3280 3143//3727 2876//3269
f  2876//3269 3143//3727 3144//3728
f  2876//3269 3144//3728 2885//3278
f  2843//3236 2013//2209 3144//3728
f  3144//3728 2013//2209 2886//3279
f  3144//3728 2886//3279 2885//3278
f  3144//3728 3145//3729 2843//3236
f  2843//3236 3145//3729 3146//3730
f  2843//3236 3146//3730 2844//3237
f  3147//3731 2875//3268 3148//3732
f  3148//3732 2875//3268 2874//3267
f  2874//3267 2873//3266 3148//3732
f  3148//3732 2873//3266 2847//3240
f  3148//3732 2847//3240 3146//3730
f  3146//3730 2847//3240 2846//3239
f  3146//3730 2846//3239 2844//3237
f  3128//3695 2870//3263 3149//3733
f  2870//3263 2869//3262 3149//3733
f  3149//3733 2869//3262 2872//3265
f  3149//3733 2872//3265 3147//3731
f  3147//3731 2872//3265 2871//3264
f  3147//3731 2871//3264 2875//3268
f  2863//3256 2864//3257 3150//3734
f  3150//3734 2864//3257 2867//3260
f  3150//3734 2867//3260 3128//3695
f  3128//3695 2867//3260 2866//3259
f  3128//3695 2866//3259 2865//3258
f  2860//3253 2861//3254 3151//3735
f  3151//3735 2861//3254 2862//3255
f  3151//3735 2862//3255 3152//3736
f  3152//3736 2862//3255 2863//3256
f  3152//3736 2863//3256 3153//3737
f  3153//3737 2863//3256 3150//3734
f  3154//3738 2853//3246 2852//3245
f  2833//3226 2857//3250 2832//3225
f  2832//3225 2857//3250 2858//3251
f  2832//3225 2858//3251 2859//3252
f  2833//3226 2834//3227 2857//3250
f  2857//3250 2834//3227 2835//3228
f  2857//3250 2835//3228 2856//3249
f  2854//3247 2855//3248 2838//3231
f  2838//3231 2855//3248 2856//3249
f  2838//3231 2856//3249 2836//3229
f  2836//3229 2856//3249 2835//3228
f  2854//3247 2838//3231 2423//2696
f  2423//2696 2838//3231 2837//3230
f  2423//2696 2837//3230 2409//2682
f  2829//3222 2830//3223 3154//3738
f  2860//3253 3151//3735 2852//3245
f  2852//3245 3151//3735 3155//3739
f  2852//3245 3155//3739 3154//3738
f  3154//3738 3155//3739 2788//3181
f  3154//3738 2788//3181 2829//3222
f  2859//3252 2853//3246 2832//3225
f  2832//3225 2853//3246 3154//3738
f  2832//3225 3154//3738 2831//3224
f  2831//3224 3154//3738 2830//3223
f  3127//3694 3156//3740 2786//3179
f  2786//3179 3156//3740 3157//3741
f  2786//3179 3157//3741 2754//3147
f  2755//3148 2751//3144 3157//3741
f  3157//3741 2751//3144 2753//3146
f  3157//3741 2753//3146 2754//3147
f  2743//3136 2734//3127 3158//3742
f  3158//3742 2734//3127 2733//3126
f  2698//3091 2727//3120 3123//3690
f  3123//3690 2727//3120 2742//3135
f  3123//3690 2742//3135 3159//3743
f  3160//3744 2707//3100 2705//3098
f  2707//3100 3160//3744 2709//3102
f  2709//3102 3160//3744 3161//3745
f  2709//3102 3161//3745 2710//3103
f  2710//3103 3161//3745 3162//3746
f  2710//3103 3162//3746 2692//3085
f  2692//3085 3162//3746 3163//3747
f  2692//3085 3163//3747 2676//3069
f  2676//3069 3163//3747 3164//3748
f  2676//3069 3164//3748 2674//3067
f  2674//3067 3164//3748 3165//3749
f  2674//3067 3165//3749 2675//3068
f  2675//3068 3165//3749 3166//3750
f  2675//3068 3166//3750 2685//3078
f  2685//3078 3166//3750 3167//3751
f  2685//3078 3167//3751 2669//3062
f  3168//3752 2650//3043 2661//3054
f  2638//3031 1928//2110 2660//3053
f  2660//3053 2657//3050 2638//3031
f  2638//3031 2657//3050 2653//3046
f  2638//3031 2653//3046 2652//3045
f  3048//3753 3053//3754 3169//3755
f  3169//3755 3053//3754 3052//3756
f  2652//3045 2650//3043 2638//3031
f  2638//3031 2650//3043 3168//3752
f  2638//3031 3168//3752 2633//3026
f  2633//3026 3168//3752 3170//3757
f  2633//3026 3170//3757 2634//3027
f  2634//3027 3170//3757 3169//3755
f  2634//3027 3169//3755 2647//3040
f  2647//3040 3169//3755 3052//3756
f  2647//3040 3052//3756 2648//3041
f  3171//3758 3050//3759 3049//3760
f  1688//3696 3041//3702 3129//3697
f  3129//3697 3041//3702 3044//3703
f  3129//3697 3044//3703 3130//3698
f  3130//3698 3044//3703 3051//3761
f  3172//3762 3173//3763 3085//3764
f  3174//3765 3081//3766 3173//3763
f  3173//3763 3081//3766 3080//3767
f  3173//3763 3080//3767 3085//3764
f  3175//3768 3076//3769 3174//3765
f  3174//3765 3076//3769 3077//3770
f  3077//3770 3078//3771 3174//3765
f  3174//3765 3078//3771 3079//3772
f  3174//3765 3079//3772 3081//3766
f  3069//3773 3071//3774 3176//3775
f  3176//3775 3071//3774 3175//3768
f  3071//3774 3070//3776 3175//3768
f  3175//3768 3070//3776 3075//3777
f  3175//3768 3075//3777 3074//3778
f  3074//3778 3073//3779 3175//3768
f  3175//3768 3073//3779 3072//3780
f  3175//3768 3072//3780 3076//3769
f  3067//3781 3066//3782 3177//3783
f  3177//3783 3066//3782 3065//3784
f  3065//3784 3055//3785 3177//3783
f  3177//3783 3055//3785 3054//3786
f  3177//3783 3054//3786 3176//3775
f  3176//3775 3054//3786 3068//3787
f  3176//3775 3068//3787 3069//3773
f  3061//3788 3060//3789 3178//3790
f  3118//3680 3113//3791 3117//3792
f  3117//3792 3056//3793 3118//3680
f  3118//3680 3056//3793 3057//3794
f  3118//3680 3057//3794 3058//3795
f  3061//3788 3178//3790 3062//3796
f  3060//3789 3059//3797 3178//3790
f  3178//3790 3059//3797 3063//3798
f  3178//3790 3063//3798 3064//3799
f  3179//3800 3112//3801 3180//3802
f  3180//3802 3112//3801 3111//3803
f  3111//3803 3110//3804 3180//3802
f  3180//3802 3110//3804 3109//3805
f  3180//3802 3109//3805 3116//3683
f  3106//3806 3105//3807 3181//3808
f  3181//3808 3105//3807 3104//3809
f  3181//3808 3104//3809 3179//3800
f  3179//3800 3104//3809 3108//3810
f  3179//3800 3108//3810 3112//3801
f  3103//3811 3102//3812 3124//3691
f  3094//3813 3093//3814 3123//3690
f  3123//3690 3093//3814 3098//3815
f  3123//3690 3098//3815 3124//3691
f  3124//3691 3098//3815 3099//3816
f  3124//3691 3099//3816 3103//3811
f  3102//3812 3101//3817 3124//3691
f  3124//3691 3101//3817 3100//3818
f  3124//3691 3100//3818 3181//3808
f  3181//3808 3100//3818 3107//3819
f  3181//3808 3107//3819 3106//3806
f  3122//3688 3082//3687 3182//3820
f  3182//3820 3082//3687 3086//3821
f  3182//3820 3086//3821 3159//3743
f  3086//3821 3087//3822 3159//3743
f  3159//3743 3087//3822 3092//3823
f  3159//3743 3092//3823 3091//3824
f  3091//3824 3090//3825 3159//3743
f  3159//3743 3090//3825 3089//3826
f  3159//3743 3089//3826 3088//3827
f  3088//3827 3097//3828 3159//3743
f  3159//3743 3097//3828 3096//3829
f  3159//3743 3096//3829 3123//3690
f  3123//3690 3096//3829 3095//3830
f  3123//3690 3095//3830 3094//3813
f  3127//3694 3183//3831 3184//3832
f  3127//3694 3184//3832 3156//3740
f  3156//3740 3184//3832 3158//3742
f  3156//3740 3158//3742 3157//3741
f  3157//3741 3158//3742 2733//3126
f  3157//3741 2733//3126 2755//3148
f  2744//3137 2743//3136 3125//3692
f  3125//3692 2743//3136 3158//3742
f  3125//3692 3158//3742 3185//3833
f  3185//3833 3158//3742 3184//3832
f  3185//3833 3184//3832 3172//3762
f  3172//3762 3184//3832 3183//3831
f  3172//3762 3183//3831 3173//3763
f  2742//3135 2746//3139 3159//3743
f  3159//3743 2746//3139 2745//3138
f  3159//3743 2745//3138 3182//3820
f  3182//3820 2745//3138 3125//3692
f  3182//3820 3125//3692 3122//3688
f  3122//3688 3125//3692 3185//3833
f  3122//3688 3185//3833 3083//3689
f  3083//3689 3185//3833 3172//3762
f  3083//3689 3172//3762 3084//3834
f  3084//3834 3172//3762 3085//3764
f  3186//3835 3121//3685 3118//3680
f  3118//3680 3121//3685 3114//3686
f  3118//3680 3114//3686 3113//3791
f  3120//3682 3119//3681 3187//3836
f  3187//3836 3119//3681 3188//3837
f  3187//3836 3188//3837 3189//3838
f  3189//3838 3188//3837 3190//3839
f  3189//3838 3190//3839 3191//3840
f  3191//3840 3190//3839 3192//3841
f  3191//3840 3192//3841 3193//3842
f  3193//3842 3192//3841 3194//3843
f  3193//3842 3194//3843 3195//3844
f  3195//3844 3194//3843 3196//3845
f  3196//3845 3194//3843 3197//3846
f  3196//3845 3197//3846 3198//3847
f  1686//3714 1688//3696 3133//3712
f  3133//3712 1688//3696 3130//3698
f  3133//3712 3130//3698 3199//3848
f  3199//3848 3130//3698 3200//3849
f  3199//3848 3200//3849 3201//3850
f  3201//3850 3200//3849 3202//3851
f  3203//3852 3204//3853 3205//3854
f  3205//3854 3204//3853 3206//3855
f  3205//3854 3206//3855 3207//3856
f  3207//3856 3206//3855 3208//3857
f  3207//3856 3208//3857 3209//3858
f  3209//3858 3208//3857 3171//3758
f  3204//3853 3202//3851 3206//3855
f  3206//3855 3202//3851 3200//3849
f  3206//3855 3200//3849 3208//3857
f  3208//3857 3200//3849 3130//3698
f  3208//3857 3130//3698 3171//3758
f  3171//3758 3130//3698 3051//3761
f  3171//3758 3051//3761 3050//3759
f  3210//3859 3120//3682 3211//3860
f  3211//3860 3120//3682 3187//3836
f  3211//3860 3187//3836 3212//3861
f  3212//3861 3187//3836 3189//3838
f  3212//3861 3189//3838 3213//3862
f  3213//3862 3189//3838 3191//3840
f  3213//3862 3191//3840 3214//3863
f  3214//3863 3191//3840 3193//3842
f  3214//3863 3193//3842 3215//3864
f  3215//3864 3193//3842 3195//3844
f  3215//3864 3195//3844 3203//3852
f  3203//3852 3195//3844 3196//3845
f  3203//3852 3196//3845 3204//3853
f  3204//3853 3196//3845 3198//3847
f  3204//3853 3198//3847 3202//3851
f  3202//3851 3198//3847 3197//3846
f  3202//3851 3197//3846 3201//3850
f  3116//3683 3121//3685 3180//3802
f  3180//3802 3121//3685 3186//3835
f  3180//3802 3186//3835 3179//3800
f  3179//3800 3186//3835 3216//3865
f  3179//3800 3216//3865 3181//3808
f  3181//3808 3216//3865 3217//3866
f  3181//3808 3217//3866 3124//3691
f  3124//3691 3217//3866 2699//3092
f  3124//3691 2699//3092 2698//3091
f  3118//3680 3120//3682 3186//3835
f  3186//3835 3120//3682 3210//3859
f  3186//3835 3210//3859 3216//3865
f  3216//3865 3210//3859 3218//3867
f  3216//3865 3218//3867 3217//3866
f  3217//3866 3218//3867 2703//3096
f  3217//3866 2703//3096 2699//3092
f  3207//3856 3219//3868 3205//3854
f  3205//3854 3219//3868 3167//3751
f  3205//3854 3167//3751 3203//3852
f  3203//3852 3167//3751 3166//3750
f  3203//3852 3166//3750 3215//3864
f  3215//3864 3166//3750 3165//3749
f  3215//3864 3165//3749 3214//3863
f  3214//3863 3165//3749 3164//3748
f  3214//3863 3164//3748 3213//3862
f  3213//3862 3164//3748 3163//3747
f  3213//3862 3163//3747 3212//3861
f  3212//3861 3163//3747 3162//3746
f  3212//3861 3162//3746 3211//3860
f  3211//3860 3162//3746 3161//3745
f  3211//3860 3161//3745 3210//3859
f  3210//3859 3161//3745 3160//3744
f  3210//3859 3160//3744 3218//3867
f  3218//3867 3160//3744 2705//3098
f  3218//3867 2705//3098 2703//3096
f  3049//3760 3048//3753 3171//3758
f  3171//3758 3048//3753 3169//3755
f  3171//3758 3169//3755 3209//3858
f  3209//3858 3169//3755 3170//3757
f  3209//3858 3170//3757 3207//3856
f  3207//3856 3170//3757 3168//3752
f  3207//3856 3168//3752 3219//3868
f  3219//3868 3168//3752 2661//3054
f  3219//3868 2661//3054 3167//3751
f  3167//3751 2661//3054 2666//3059
f  3167//3751 2666//3059 2669//3062
f  3064//3799 3067//3781 3178//3790
f  3178//3790 3067//3781 3177//3783
f  3178//3790 3177//3783 3220//3869
f  3220//3869 3177//3783 3221//3870
f  3220//3869 3221//3870 3222//3871
f  3222//3871 3221//3870 3223//3872
f  3222//3871 3223//3872 3224//3873
f  3224//3873 3223//3872 3225//3874
f  3224//3873 3225//3874 3226//3875
f  2963//3423 3037//3511 3227//3876
f  3227//3876 3037//3511 3228//3877
f  3227//3876 3228//3877 3229//3878
f  3229//3878 3228//3877 3230//3879
f  3229//3878 3230//3879 3231//3880
f  3231//3880 3230//3879 3232//3881
f  3231//3880 3232//3881 3233//3882
f  3233//3882 3232//3881 3234//3883
f  3233//3882 3234//3883 3235//3884
f  3235//3884 3234//3883 3236//3885
f  3235//3884 3236//3885 3237//3886
f  3237//3886 3236//3885 3238//3887
f  3237//3886 3238//3887 3239//3888
f  3239//3888 3238//3887 3240//3889
f  3239//3888 3240//3889 3241//3890
f  3241//3890 3240//3889 3242//3891
f  3241//3890 3242//3891 3226//3875
f  3226//3875 3242//3891 3243//3892
f  3226//3875 3243//3892 3224//3873
f  3224//3873 3243//3892 3244//3893
f  3224//3873 3244//3893 3222//3871
f  3222//3871 3244//3893 3245//3894
f  3222//3871 3245//3894 3220//3869
f  3220//3869 3245//3894 3246//3895
f  3220//3869 3246//3895 3178//3790
f  3126//3693 3247//3896 3127//3694
f  3127//3694 3247//3896 3248//3897
f  3127//3694 3248//3897 3183//3831
f  3183//3831 3248//3897 3249//3898
f  3183//3831 3249//3898 3173//3763
f  3173//3763 3249//3898 3250//3899
f  3173//3763 3250//3899 3174//3765
f  2478//2755 2963//3423 3136//3720
f  3136//3720 2963//3423 3227//3876
f  3136//3720 3227//3876 3137//3721
f  3137//3721 3227//3876 3229//3878
f  3137//3721 3229//3878 3138//3722
f  3138//3722 3229//3878 3231//3880
f  3138//3722 3231//3880 3140//3724
f  3140//3724 3231//3880 3233//3882
f  3140//3724 3233//3882 3139//3723
f  3139//3723 3233//3882 3235//3884
f  3139//3723 3235//3884 3141//3725
f  3141//3725 3235//3884 3237//3886
f  3141//3725 3237//3886 3142//3726
f  3142//3726 3237//3886 3239//3888
f  3142//3726 3239//3888 3143//3727
f  3143//3727 3239//3888 3241//3890
f  3143//3727 3241//3890 3144//3728
f  3144//3728 3241//3890 3226//3875
f  3144//3728 3226//3875 3145//3729
f  3145//3729 3226//3875 3225//3874
f  3145//3729 3225//3874 3146//3730
f  3146//3730 3225//3874 3223//3872
f  3146//3730 3223//3872 3148//3732
f  3148//3732 3223//3872 3221//3870
f  3148//3732 3221//3870 3147//3731
f  3147//3731 3221//3870 3177//3783
f  3147//3731 3177//3783 3149//3733
f  3149//3733 3177//3783 3176//3775
f  3149//3733 3176//3775 3128//3695
f  3128//3695 3176//3775 3175//3768
f  3128//3695 3175//3768 3150//3734
f  3150//3734 3175//3768 3174//3765
f  3150//3734 3174//3765 3153//3737
f  3153//3737 3174//3765 3250//3899
f  3153//3737 3250//3899 3152//3736
f  3152//3736 3250//3899 3249//3898
f  3152//3736 3249//3898 3151//3735
f  3151//3735 3249//3898 3248//3897
f  3151//3735 3248//3897 3155//3739
f  3155//3739 3248//3897 3247//3896
f  3155//3739 3247//3896 2788//3181
f  2788//3181 3247//3896 3126//3693
f  2788//3181 3126//3693 2787//3180
f  2787//3180 3126//3693 2786//3179
f  3037//3511 3038//3512 3228//3877
f  3228//3877 3038//3512 3135//3718
f  3228//3877 3135//3718 3230//3879
f  3230//3879 3135//3718 3134//3716
f  3230//3879 3134//3716 3232//3881
f  3232//3881 3134//3716 3132//3707
f  3232//3881 3132//3707 3234//3883
f  3234//3883 3132//3707 3133//3712
f  3234//3883 3133//3712 3236//3885
f  3236//3885 3133//3712 3199//3848
f  3236//3885 3199//3848 3238//3887
f  3238//3887 3199//3848 3201//3850
f  3238//3887 3201//3850 3240//3889
f  3240//3889 3201//3850 3197//3846
f  3240//3889 3197//3846 3242//3891
f  3242//3891 3197//3846 3194//3843
f  3242//3891 3194//3843 3243//3892
f  3243//3892 3194//3843 3192//3841
f  3243//3892 3192//3841 3244//3893
f  3244//3893 3192//3841 3190//3839
f  3244//3893 3190//3839 3245//3894
f  3245//3894 3190//3839 3188//3837
f  3245//3894 3188//3837 3246//3895
f  3246//3895 3188//3837 3119//3681
f  3246//3895 3119//3681 3178//3790
f  3178//3790 3119//3681 3118//3680
f  3178//3790 3118//3680 3062//3796
f  3062//3796 3118//3680 3058//3795

