# File produced by Open Asset Import Library (http://www.assimp.sf.net)
# (assimp v5.2.0)
mtllib white.mtl

mtllib mf_proximal_link.mtl

# 3291 vertex positions
v  -0.0279810634 9.99137774e-05 -0.0075106849
v  -0.0265326686 -0.00070044247 -0.00701554213
v  -0.0257248655 9.99137774e-05 -0.00666926522
v  -0.0237932727 9.99137774e-05 -0.00591091113
v  -0.0221536234 -0.000750186271 -0.00527708698
v  -0.0219686925 9.99137774e-05 -0.00514861615
v  -0.00753218122 -0.00686146459 -0.00167713594
v  -0.00589344837 -0.00715973089 -0.00156990252
v  -0.0061704386 -0.0069504478 -0.0012162393
v  -0.0156848039 -0.00551477028 -0.00487102708
v  -0.0126473401 -0.00560651021 -0.00291118119
v  -0.0161775481 -0.00497361971 -0.00442425208
v  -0.00440390594 -0.00462384289 -0.014855681
v  -0.00402416848 -0.00492095808 -0.0143067315
v  -0.00489192642 -0.00480869645 -0.0148003548
v  -0.0129939318 -0.00264301756 -0.0176901594
v  -0.0168198906 -0.00281268405 -0.0184652247
v  -0.0130031984 -0.00245661521 -0.0177344531
v  -0.0166500248 -0.00212189974 -0.018619135
v  -0.0338961035 -0.00591572607 -0.0121246614
v  -0.0338080749 -0.00590008078 -0.0120791513
v  -0.0341480188 -0.00590008544 -0.0121728666
v  -0.0356421471 -0.00190266455 -0.010394928
v  -0.0312137492 -0.00148640422 -0.00880536623
v  -0.035693001 -0.00152298657 -0.0103408555
v  -0.0116095934 -0.00320897112 -0.000690304674
v  -0.0131797353 -0.00320897484 -0.00147093367
v  -0.0115773529 -0.00342346402 -0.000753982924
v  -0.0100813247 -0.00591488974 -0.0122544793
v  -0.0106007662 -0.00595401274 -0.0120591447
v  -0.0104269302 -0.00593103701 -0.0121957725
v  -0.0113384733 -0.00597957755 -0.011971809
v  -0.00528540276 -0.00567314913 -0.0123982439
v  -0.00512943417 -0.00559917884 -0.0126806414
v  -0.00505872443 -0.0059196935 -0.0111022918
v  -0.00497083366 -0.00556587754 -0.0127649903
v  -0.00511751417 -0.00559046911 -0.012715105
v  -0.00531158037 -0.00568204978 -0.0123657817
v  -0.00537955295 -0.00570265995 -0.0122922678
v  -0.00555344671 -0.00574387843 -0.0121542346
v  -0.00558985677 -0.00575095275 -0.0121321743
v  -0.00585268997 -0.00579049112 -0.0120245051
v  -0.00588828791 -0.0057945135 -0.0120159565
v  -0.00592665747 -0.00579853402 -0.0120081939
v  -0.00627895631 -0.00582116609 -0.0120038241
v  -0.00752347708 -0.00594841549 -0.01163413
v  -0.00639631134 -0.0058231228 -0.0120292529
v  -0.00731509086 -0.00583238294 -0.0122323483
v  -0.00736737624 -0.00534546515 -0.0144829843
v  -0.00491352007 -0.00522751408 -0.0139680775
v  -0.00644074008 -0.00533896731 -0.0142024672
v  -0.00583497807 -0.00531789241 -0.014052839
v  -0.00552726351 -0.00532607222 -0.0139107043
v  -0.00536640733 -0.00534779625 -0.0137766702
v  -0.0052824337 -0.00536641618 -0.0136799971
v  -0.00512205251 -0.00543107884 -0.0133805722
v  -0.00509902369 -0.00544864452 -0.0133036906
v  -0.00506566465 -0.00551200984 -0.013034449
v  -0.00510384701 -0.00557910418 -0.0127603915
v  -0.0102683939 -0.00547189498 -0.0148377875
v  -0.00920104142 -0.0055004512 -0.0144436182
v  -0.0102381706 -0.00558397314 -0.0143532725
v  -0.008501417 -0.00545045221 -0.0144489054
v  -0.00809893757 -0.00542440219 -0.0144317169
v  -0.00746301841 -0.00538744265 -0.014374244
v  -0.0146679701 -0.00598046323 -0.0127314003
v  -0.0139196711 -0.00583679089 -0.013934724
v  -0.0137533881 -0.00589963933 -0.0132545363
v  -0.0128009208 -0.00581403496 -0.0136843631
v  -0.0135185402 -0.0056285602 -0.0151115833
v  -0.0126140825 -0.00579704857 -0.013756224
v  -0.0118130315 -0.00572394254 -0.0140213203
v  -0.0112668723 -0.00567437848 -0.0141639337
v  -0.0103920149 -0.00559712062 -0.0143313697
v  -0.0151287345 -0.00604939507 -0.0120726787
v  -0.0182431974 -0.00612481637 -0.0129572023
v  -0.0149954436 -0.00601877226 -0.012400033
v  -0.0147606982 -0.00598921021 -0.0126649272
v  -0.0176724121 -0.00602971809 -0.0143000567
v  -0.0150455516 -0.00610330282 -0.0113823526
v  -0.0185826048 -0.00618319167 -0.0114044826
v  -0.0150922621 -0.00609530834 -0.0114927543
v  -0.0151459184 -0.00607822416 -0.0117201991
v  -0.0151476311 -0.00605926057 -0.0119567467
v  -0.0107019236 -0.00623852061 -0.0101054329
v  -0.0118781934 -0.00601220177 -0.0117893806
v  -0.0114914803 -0.00598854804 -0.0119239949
v  -0.0123725887 -0.00604431378 -0.0115872249
v  -0.0132099977 -0.00610227184 -0.0111605497
v  -0.0135389967 -0.00612559775 -0.0109606888
v  -0.0142129213 -0.00614407239 -0.0108017633
v  -0.013979027 -0.0061430377 -0.0108034471
v  -0.0143942442 -0.00615407387 -0.0106943725
v  -0.0138623202 -0.00614064978 -0.010824115
v  -0.0144437468 -0.00614067586 -0.0108527066
v  -0.0145510295 -0.0061376025 -0.0108962003
v  -0.0148393866 -0.00612345664 -0.0110970782
v  -0.00824732892 -0.00585091254 -0.0123368446
v  -0.00855249539 -0.00585897593 -0.0123495273
v  -0.00949748885 -0.00589050772 -0.0123221455
v  -0.00759292208 -0.0055855806 -0.000231110491
v  -0.00694703683 -0.00590025587 -0.00023819413
v  -0.00704517402 -0.00542719057 7.67875463e-05
v  -0.00495833531 -0.00590022421 0.000441384502
v  -0.00496717449 -0.00609383779 0.000277627259
v  -0.00495011453 -0.00590021955 0.000444099307
v  -0.00502729788 -0.00590023445 0.00041859597
v  -0.00683637056 -0.00636544311 -0.000644229352
v  -0.00486724451 -0.00633688318 8.25151801e-05
v  -0.00715885777 -0.00471783476 0.000438982621
v  -0.00836972892 -0.00464333827 4.89559025e-05
v  -0.00803760346 -0.00377530488 0.000527469441
v  -0.00726628769 -0.00378943863 0.000782747753
v  -0.010236986 -0.00359186018 -0.000227682292
v  -0.0109448843 -0.00445627375 -0.000937908888
v  -0.0100860968 -0.00369462604 -0.000204090029
v  -0.00992367417 -0.00373925874 -0.000155257992
v  -0.00989124831 -0.00374105619 -0.000142933801
v  -0.0113852089 -0.00320897112 -0.000587504357
v  -0.0107736373 -0.00320897112 -0.000319643877
v  -0.0106210802 -0.00323573919 -0.000264138915
v  -0.0105442042 -0.00327011431 -0.000243308954
v  -0.0104793655 -0.00331170717 -0.000230113976
v  -0.0103584388 -0.00343184592 -0.000220838934
v  -0.0138570294 -0.00404816354 -0.00226033945
v  -0.0149288019 -0.00320898229 -0.00241187867
v  -0.0151022468 -0.0031901584 -0.00249808561
v  -0.0152805187 -0.00313189486 -0.00256911293
v  -0.0172335375 -0.00355007919 -0.00384607632
v  -0.015391985 -0.00307413237 -0.00260423496
v  -0.015978761 -0.00175780838 -0.00248279516
v  -0.0177143812 -0.00270783575 -0.00368447788
v  -0.0159390308 -0.00220897468 -0.00258106086
v  -0.0158493035 -0.00254934141 -0.0026437249
v  -0.0158329755 -0.00258496264 -0.00264763366
v  -0.0156815164 -0.00282290252 -0.00265606865
v  -0.0156575665 -0.00285116257 -0.00265444256
v  -0.0155998683 -0.0029124436 -0.0026482204
v  -0.0154250432 -0.00305350358 -0.00261319894
v  -0.0203412306 9.99137774e-05 -0.0044195205
v  -0.0183757488 -0.000862766348 -0.00354077481
v  -0.0188211817 9.99137774e-05 -0.00369811757
v  -0.0173863936 9.99137774e-05 -0.00298780948
v  -0.0307946727 -0.00298213819 -0.00907484442
v  -0.0354594849 -0.00284928503 -0.0105833448
v  -0.0354080535 -0.00305418903 -0.0106350956
v  -0.0352118798 -0.0037013446 -0.0108281327
v  -0.030220544 -0.00429669907 -0.00954242423
v  -0.0351013169 -0.00400008122 -0.0109345363
v  -0.0299071241 -0.00485773245 -0.00985522009
v  -0.0345140062 -0.00512767816 -0.0114743598
v  -0.029593084 -0.00533950375 -0.0102232005
v  -0.0292868484 -0.00573401945 -0.0106462706
v  -0.0325882174 -0.00654322701 -0.0130213853
v  -0.0289797205 -0.00604661694 -0.0111163976
v  -0.0330800377 -0.00635154592 -0.0126567706
v  -0.033537101 -0.00609775959 -0.0122995777
v  -0.0337167047 -0.00597140612 -0.0121542094
v  -0.0337703191 -0.00594424503 -0.0121299867
v  -0.0286587086 -0.00628595939 -0.011623567
v  -0.028310813 -0.00646071462 -0.0121577615
v  -0.0322512649 -0.00663889619 -0.013259952
v  -0.0293099228 -0.00686815241 -0.0150097208
v  -0.0274825469 -0.00665070629 -0.0132672749
v  -0.0294555239 -0.00687036151 -0.0149354758
v  -0.0309067331 -0.00683712913 -0.0141288172
v  -0.0312976651 -0.00680245971 -0.0138891526
v  -0.0233960375 -0.00637512607 -0.0163068008
v  -0.0249830969 -0.00660542352 -0.0153846601
v  -0.0272124 -0.00675389497 -0.0159839429
v  -0.0263915733 -0.00668381946 -0.0143653359
v  -0.0237016249 -0.00605869992 -0.0174392257
v  -0.0249255765 -0.00640056049 -0.0169394836
v  -0.025042044 -0.00642633671 -0.0168919414
v  -0.0218177177 -0.00593109569 -0.0171255209
v  -0.0210903902 -0.00560960779 -0.0174941495
v  -0.023383975 -0.0059439023 -0.0175702497
v  -0.0204354972 -0.00521149999 -0.0178345852
v  -0.0221198443 -0.00532017602 -0.01811078
v  -0.0225353204 -0.00556177599 -0.0179282278
v  -0.0176924374 -0.00458611129 -0.017761752
v  -0.0210834686 -0.00445513846 -0.0186041575
v  -0.0215483401 -0.00489967084 -0.0183751844
v  -0.0200454053 -0.00282751443 -0.0191774126
v  -0.0170475058 -0.00346076349 -0.0182701796
v  -0.020190658 -0.00314594666 -0.0190904606
v  -0.0164670628 -0.00065492501 -0.0187984724
v  -0.0171891674 9.99137774e-05 -0.019012114
v  -0.0165043343 9.99137774e-05 -0.0188364219
v  -0.0195648186 -0.00102305633 -0.0194917619
v  -0.0178236533 9.99137774e-05 -0.0191723052
v  -0.0184172392 9.99137774e-05 -0.0193165001
v  -0.0189789273 9.99137774e-05 -0.0194435865
v  -0.0194917675 9.99137774e-05 -0.0195461959
v  -0.0157831255 9.99137774e-05 -0.018651817
v  -0.0129114529 9.99137774e-05 -0.0179633219
v  -0.0129411789 -0.00131774356 -0.0178997405
v  -0.0135496696 9.99137774e-05 -0.0181089342
v  -0.0141738784 9.99137774e-05 -0.0182547215
v  -0.0149949444 9.99137774e-05 -0.0184538271
v  -0.0129960077 -0.00223788852 -0.017777577
v  -0.0129567608 -0.0016380552 -0.0178655311
v  -0.0165337827 -0.00139908714 -0.0187306404
v  -0.0196256824 -0.00140671653 -0.0194486752
v  -0.0198242273 -0.00221884297 -0.0193159021
v  -0.012488802 -0.00387059781 -0.0171857271
v  -0.0173369851 -0.00405546511 -0.0180352665
v  -0.0125601087 -0.00378475967 -0.017236935
v  -0.012858632 -0.00324662635 -0.0174947958
v  -0.0128594087 -0.00324452715 -0.0174956284
v  -0.0116973026 -0.00437177019 -0.0167764314
v  -0.0125834299 -0.00426087948 -0.0169961322
v  -0.0119619779 -0.00427351939 -0.0168831479
v  -0.0123473462 -0.00401366362 -0.0170920696
v  -0.0206547603 -0.00392678799 -0.018828772
v  -0.0124846324 -0.0038752954 -0.0171828233
v  -0.00731497444 -0.00468731811 -0.0156678949
v  -0.0100149103 -0.0048413747 -0.0160798896
v  -0.00731508806 -0.00452277856 -0.0158151574
v  -0.00929194037 -0.00447106315 -0.01628072
v  -0.0099540446 -0.00451384438 -0.0163723771
v  -0.00994591694 -0.00445561344 -0.0164141841
v  -0.010209824 -0.00444956636 -0.0164661147
v  -0.0060906643 -0.00456097024 -0.0154554779
v  -0.00728236139 -0.00452372106 -0.0158063583
v  -0.00732317474 -0.00495140767 -0.0153443292
v  -0.00344829168 -0.00561470864 -0.011902106
v  -0.00340800639 -0.00547012268 -0.0124913082
v  -0.00350996759 -0.00532173412 -0.0130846538
v  -0.0037206579 -0.00514196279 -0.0137089267
v  -0.00366787333 -0.00655227201 -0.00757521065
v  -0.00357946008 -0.00701938337 -0.00541659165
v  -0.0052120965 -0.00687786425 -0.00649780408
v  -0.00520823151 -0.00714037055 -0.00524452794
v  -0.00523873325 -0.00734430132 -0.00403572107
v  -0.00348026026 -0.0072417534 -0.00432288786
v  -0.00341873243 -0.00738250976 -0.00346066616
v  -0.00340905692 -0.00741551118 -0.00319483597
v  -0.00536926743 -0.00742257619 -0.00292674918
v  -0.00340842362 -0.00745690288 -0.00273120124
v  -0.00345539674 -0.00746822311 -0.00212184899
v  -0.00549256988 -0.00739363255 -0.00242700335
v  -0.00348679163 -0.00745875062 -0.00194115564
v  -0.0056655053 -0.00730812037 -0.00197297707
v  -0.00370820332 -0.00734336721 -0.00126828905
v  -0.00369558018 -0.00735103106 -0.00129470322
v  -0.00355783664 -0.00742778322 -0.00165682938
v  -0.00404882804 -0.00711379992 -0.00074207969
v  -0.00393097103 -0.00719777634 -0.000895944424
v  -0.0048052473 -0.00642668968 9.73977149e-06
v  -0.00459158234 -0.00666497229 -0.000197377056
v  -0.00422450434 -0.00698056305 -0.00054405909
v  -0.0113202007 -0.00442512194 -0.0166764911
v  -0.0127268704 -0.00467517739 -0.0167220887
v  -0.0129001802 -0.00500968238 -0.0164009593
v  -0.0100906407 -0.00510195969 -0.01573148
v  -0.0130961053 -0.00527233584 -0.0160285402
v  -0.0145237856 -0.00628722692 -0.00879226625
v  -0.0109079406 -0.0066820127 -0.00687375898
v  -0.014615803 -0.00631646672 -0.00785349123
v  -0.0108166188 -0.00654523959 -0.00795212667
v  -0.00778889284 -0.00700027635 -0.00601415196
v  -0.00772014447 -0.00677885721 -0.00720248418
v  -0.0110525591 -0.0067606573 -0.00584250223
v  -0.0112797879 -0.00673178909 -0.00489840237
v  -0.0147547796 -0.00628684973 -0.00696159201
v  -0.0149649326 -0.00616446743 -0.0061477269
v  -0.0116189476 -0.00654602563 -0.00408150395
v  -0.0152705004 -0.00591541221 -0.00544305518
v  -0.0120864967 -0.00616651354 -0.00342206378
v  -0.0102595463 -0.00536766881 -0.00122408289
v  -0.0132535035 -0.00489179837 -0.00253016967
v  -0.0167075228 -0.00431203144 -0.00408763485
v  -0.00516035501 -0.00636243867 -0.00894804858
v  -0.00359494798 -0.00609017024 -0.00973579381
v  -0.00790655334 -0.00716363871 -0.00487172557
v  -0.00811534841 -0.00720735313 -0.00382359372
v  -0.0084575275 -0.00706982845 -0.00291814189
v  -0.00895874668 -0.00670479937 -0.00219199434
v  -0.00868975371 -0.00691577094 -0.00253257249
v  -0.00957846269 -0.00612729462 -0.00163471047
v  -0.00817638077 -0.00627900241 -0.00110893417
v  -0.00549124554 -0.00590032293 0.000264842995
v  -0.0187995397 -0.00615630718 -0.00977361295
v  -0.0189109184 -0.00608569523 -0.00897980202
v  -0.0190527197 -0.00595484069 -0.00822973344
v  -0.0313333496 -0.00069890765 -0.00874019787
v  -0.035750933 -0.000912308984 -0.0102779968
v  -0.0230129678 -0.00371946627 -0.00665092887
v  -0.0226041153 -0.00433559297 -0.0069327075
v  -0.0207462143 -0.00384836155 -0.00578354951
v  -0.0202959925 -0.00447179424 -0.00607938133
v  -0.0222178679 -0.00487113046 -0.00729504041
v  -0.0198748596 -0.00500455918 -0.00646527391
v  -0.0218841303 -0.00531264534 -0.00774697075
v  -0.0195170343 -0.00543154543 -0.00695241196
v  -0.0192472972 -0.00574353011 -0.00754630426
v  -0.0186459944 -0.00405193726 -0.00492534321
v  -0.0181553103 -0.00469112815 -0.00523996819
v  -0.0176982936 -0.00522603979 -0.0056545902
v  -0.0173128415 -0.0056392909 -0.00618240703
v  -0.0170266852 -0.0059208204 -0.00682993792
v  -0.0168268178 -0.00608983403 -0.00757698575
v  -0.0191324577 -0.00332584651 -0.00469751889
v  -0.0215970427 -0.00238994183 -0.00541731948
v  -0.0211912971 -0.00314937392 -0.00556659186
v  -0.0234145261 -0.00303617911 -0.00644066185
v  -0.0219292212 -0.0015851747 -0.00532454671
v  -0.0181088485 -0.001805373 -0.0035877442
v  -0.0260979775 -0.00225197198 -0.0071678427
v  -0.0257767346 -0.00297855074 -0.00731718959
v  -0.0160312504 -0.00084074802 -0.00235295761
v  -0.0160490125 9.99137774e-05 -0.00230902806
v  -0.0263582487 -0.00148850342 -0.00706955139
v  -0.0303213131 9.99137774e-05 -0.00834900979
v  -0.0330355205 9.99137774e-05 -0.00929411221
v  -0.0357869528 9.99137774e-05 -0.0102378437
v  -0.0169443861 -0.00584122119 -0.0154205812
v  -0.0161790159 -0.00547634764 -0.0163361281
v  -0.0158198047 -0.00520183938 -0.0167224575
v  -0.0154962111 -0.0048521203 -0.0170640498
v  -0.025419401 -0.00365594635 -0.00752436277
v  -0.0250508673 -0.00427185977 -0.00779613527
v  -0.0246960167 -0.00481399475 -0.00813927688
v  -0.024379747 -0.00527005596 -0.00856056251
v  -0.0241195243 -0.005631804 -0.00906296074
v  -0.0239032004 -0.00590722868 -0.00963423681
v  -0.0237112138 -0.00610837387 -0.0102583533
v  -0.0235240012 -0.00624728715 -0.0109192729
v  -0.0230867732 -0.00638255617 -0.0122883813
v  -0.0224406719 -0.00638918346 -0.0136183016
v  -0.02148824 -0.00631537987 -0.0148078743
v  -0.0203410815 -0.00611376716 -0.0158403013
v  -0.019163046 -0.005713074 -0.0167198796
v  -0.0186136495 -0.00541579956 -0.0171036925
v  -0.0181179903 -0.00504202629 -0.0174509045
v  -0.00317661464 -0.00735104224 -0.00319764577
v  -0.00341245811 -0.00604314124 -0.00971549191
v  -0.00331191998 -0.0055844984 -0.0118859084
v  -0.00325120427 -0.00592096196 -0.00968030561
v  -0.00326568913 -0.00556451036 -0.0118781375
v  -0.00314275548 -0.00547808735 -0.0118496846
v  -0.00315451622 -0.00574522698 -0.00963728502
v  -0.00310622994 -0.00543863652 -0.0118380031
v  -0.00302984938 -0.00530886417 -0.0118024955
v  -0.00313642062 -0.00556626031 -0.00959486142
v  -0.00300097 -0.00507934066 -0.01174674
v  -0.00301375054 -0.00525993714 -0.0117899524
v  -0.00320012495 -0.00593253085 -0.00791738089
v  -0.00322570466 -0.00621051481 -0.00750132557
v  -0.00320375804 -0.00600970956 -0.00756632956
v  -0.00300484803 -0.00719176652 -0.00318715349
v  -0.00304114074 -0.006919106 -0.00430623535
v  -0.00296032615 -0.00710889278 -0.00317974668
v  -0.00292488653 -0.00697496021 -0.00316619128
v  -0.0031628143 -0.00636157067 -0.00599974254
v  -0.00314157922 -0.00668563368 -0.00538381701
v  -0.0031252224 -0.00648083957 -0.00548360217
v  -0.00299331546 -0.00677770516 -0.00412506936
v  -0.00292179734 -0.00693600485 -0.00316193514
v  -0.00314499065 -0.00708347326 -0.00432650046
v  -0.00307013188 -0.00727087213 -0.00319323223
v  -0.00348607544 -0.00650514243 -0.00756486459
v  -0.00340180378 -0.00697171362 -0.00542214885
v  -0.00330415834 -0.00719713466 -0.00433192635
v  -0.00324263424 -0.00685389945 -0.00541098835
v  -0.00332451332 -0.00638420274 -0.00753871212
v  -0.0047394298 -0.00633532787 0.000105100684
v  -0.00494687632 -0.00590022234 0.000445160083
v  -0.00475986395 -0.00610143645 0.000282381661
v  -0.00477494113 -0.00593870273 0.000429865904
v  -0.00307805557 -0.00733806333 -0.00257993955
v  -0.00296346191 -0.00718846032 -0.00257086847
v  -0.00291249063 -0.0069973697 -0.00279610138
v  -0.00299669988 -0.00700372132 -0.00179749075
v  -0.002930196 -0.0070340815 -0.0022644205
v  -0.00291895494 -0.0070314887 -0.00243422855
v  -0.00303108152 -0.00718120718 -0.0018765917
v  -0.00311609358 -0.00713337352 -0.00151748676
v  -0.00301522948 -0.0069928742 -0.00171425287
v  -0.0032573007 -0.00704808487 -0.00116067845
v  -0.00316995569 -0.00689916546 -0.00125710573
v  -0.0034463238 -0.0069299764 -0.000846004114
v  -0.00339273922 -0.00676315976 -0.00087537989
v  -0.00366173871 -0.00678902259 -0.00058230944
v  -0.0037188977 -0.00655613793 -0.000501598231
v  -0.00411434658 -0.00648591528 -0.000177629292
v  -0.00404107012 -0.00635378761 -0.000218384899
v  -0.00452364609 -0.00620149774 0.000133433379
v  -0.00434565917 -0.00617339509 2.88700685e-05
v  -0.00466064923 -0.00606955355 0.000272418372
v  -0.00458878651 -0.00601404021 0.000268486328
v  -0.00469184108 -0.0059527508 0.000393818133
v  -0.00461720489 -0.0059679742 0.000332833268
v  -0.00461348519 -0.00594879175 0.000355960801
v  -0.00460407976 -0.00599652948 0.000293925405
v  -0.00459744316 -0.00593293784 0.00037188828
v  -0.00470153801 -0.00590022141 0.000465094112
v  -0.00457179546 -0.0059208055 0.00038093701
v  -0.00459191855 -0.00590022048 0.000441027805
v  -0.0045590736 -0.00591682317 0.000382932834
v  -0.00437126495 -0.00590021769 0.000364478678
v  -0.00437448919 -0.00590021955 0.000364689156
v  -0.0043885652 -0.00590029312 0.000367490575
v  -0.00391244143 -0.00705888355 -0.000649119727
v  -0.0043455977 -0.00672170194 -0.000229919329
v  -0.00353291258 -0.00731502986 -0.00122300349
v  -0.00370939635 -0.00720129488 -0.00091490522
v  -0.00324005261 -0.00743455207 -0.00258760154
v  -0.00331449695 -0.00743156066 -0.00191116426
v  -0.00339943916 -0.00739185652 -0.00156491902
v  -0.00462809298 -0.00627688365 0.000133114867
v  -0.00422156602 -0.00661734259 -0.000179805793
v  -0.00377224665 -0.00694421539 -0.00058942847
v  -0.00355944224 -0.00708948495 -0.000856709667
v  -0.00337329879 -0.00720840087 -0.00117312931
v  -0.00323398225 -0.00729086017 -0.0015291376
v  -0.00314879604 -0.0073344023 -0.00188740995
v  -0.00536355376 -0.00538480049 0.000573813915
v  -0.00620806962 -0.0054025366 0.000335816294
v  -0.0064497292 -0.00486748712 0.000538370572
v  -0.00575490668 -0.004850714 0.000701708719
v  -0.00689751841 -0.00379607896 0.000874125399
v  -0.00652526319 -0.00380271557 0.000953469425
v  -0.00458462164 -0.00383734959 0.00137876999
v  -0.0014579054 -0.00388562563 0.000352872536
v  -0.0052648671 -0.00382515113 0.00121641625
v  -0.026729431 -0.00341650331 -0.00928993244
v  -0.0261247084 -0.00342758605 -0.009091896
v  -0.0263891537 -0.00342248613 -0.00923627429
v  -0.0261037145 -0.0034270552 -0.00929311756
v  -0.0231706798 -0.00348193618 -0.00807516184
v  -0.0258678757 -0.00343035581 -0.00944789033
v  -0.0257079657 -0.00343203777 -0.00967934448
v  -0.0209840909 -0.00352254929 -0.00723552331
v  -3.64836305e-05 -0.00391467148 0.00149955694
v  -0.000781374052 -0.00390113029 0.00128041115
v  -0.000426990911 -0.00391232083 0.00246421807
v  -0.000934977084 -0.00390311959 0.00232160464
v  -0.00131689385 -0.00388961355 0.000718181953
v  -0.0123867458 -0.00368762808 -0.00270900782
v  0.000707821921 -0.00391008379 -0.00239767134
v  -0.0145032257 -0.00364653068 -0.00392784178
v  -0.0163934045 -0.00360985333 -0.00501019694
v  -0.0181885064 -0.0035753441 -0.00596461259
v  -0.00149955787 -0.00388320792 -3.64854932e-05
v  -0.00233688392 -0.00387778576 0.00194331538
v  -0.00312115066 -0.00386366877 0.00174435694
v  -0.00390581042 -0.00384955178 0.00154696219
v  -0.0254241675 -0.00343291694 -0.0105677722
v  -0.0256700534 -0.00343222218 -0.00977949984
v  -0.019191416 -0.00355626503 -0.00645213807
v  0.00186561421 -0.00394750992 0.001664198
v  0.000718181953 -0.00392660918 0.00131689571
v  0.00105624832 -0.00393649423 0.00226593483
v  0.000149177387 -0.00392218912 0.0024955757
v  0.000101398677 -0.00392139191 0.00249797944
v  -0.00935843308 -0.00374530116 -0.00122244377
v  -0.00103454664 -0.00388643774 -0.00108614471
v  -0.000718181953 -0.00389076467 -0.00131689664
v  -0.00128041022 -0.00388362887 -0.000781374983
v  -0.00143901818 -0.00388252805 -0.000423355028
v  -0.00941538531 -0.00374484668 -0.0011070529
v  -0.00977844093 -0.00374195585 -0.000371530652
v  -0.0107633397 -0.00371881062 -0.00185175892
v  0.00103454664 -0.00393093424 0.00108614471
v  0.00128041022 -0.00393374311 0.000781374983
v  0.00237135589 -0.00395220751 0.000791629776
v  0.00145148486 -0.00393485883 0.000378410332
v  0.0024911724 -0.00394982332 -0.000209768303
v  0.00149955787 -0.00393416407 3.64836305e-05
v  0.00145790353 -0.00393174822 -0.000352872536
v  0.00220556371 -0.00394074293 -0.0011770213
v  0.00131689385 -0.00392775843 -0.000718181953
v  0.00156100839 -0.00392644713 -0.00195271708
v  0.000781374052 -0.00391624356 -0.00128041208
v  3.64854932e-05 -0.00390270236 -0.00149955601
v  -0.0101846149 -0.00343313487 -0.000573216006
v  -0.0101271169 -0.00354504259 -0.000544396229
v  -0.0099652037 -0.00369253242 -0.000463902019
v  -0.00990151241 -0.00372028956 -0.000432359055
v  -0.0102561554 -0.00320900651 -0.00137387402
v  -0.0101133026 -0.0032325522 -0.00132078677
v  -0.0100262696 -0.00327023352 -0.00129812304
v  -0.00995981228 -0.00331243547 -0.00128650758
v  -0.00983405393 -0.0034355917 -0.00128376205
v  -0.0116714342 -0.00320901023 -0.00205198396
v  -0.0136873191 -0.00320901768 -0.00315643009
v  -0.0144511685 -0.00320902141 -0.00359331211
v  -0.014604711 -0.00319412583 -0.00367231714
v  -0.0148974797 -0.00308535108 -0.00377458148
v  -0.0149433026 -0.00305823283 -0.00378486514
v  -0.0151804835 -0.00286181131 -0.00381045742
v  -0.0152112646 -0.00282745482 -0.00380981714
v  -0.0153883975 -0.00255574891 -0.00377755705
v  -0.0154043622 -0.00252059335 -0.00377078075
v  -0.0154898595 -0.00220899517 -0.00369210821
v  -0.0156041943 0.00094649347 -0.00340929721
v  -0.0155551787 0.00176271761 -0.00353054935
v  -0.0160102509 0.00148626755 -0.00240489841
v  -0.0159390308 0.00240880391 -0.00258106086
v  -0.0154898595 0.00240882253 -0.00369210821
v  -0.0156208389 9.99137774e-05 -0.00336813089
v  -0.0160452854 0.000530752935 -0.00231823884
v  -0.0160263572 0.00116193446 -0.00236507412
v  -0.0155686438 -0.00138750894 -0.00349723315
v  -0.0155955506 -0.000941872888 -0.00343068503
v  -0.0156120285 -0.000516806147 -0.00338992244
v  -0.0221536383 0.000950013869 -0.0052770921
v  -0.0168268327 0.00628966046 -0.00757698994
v  -0.0189109333 0.00628552353 -0.00897980481
v  -0.0190527271 0.00615466898 -0.00822973717
v  -0.00759294443 0.0057854089 -0.000231115147
v  -0.0109448992 0.00465610018 -0.000937916338
v  -0.00836975034 0.00484316563 4.89493832e-05
v  -0.00817639567 0.00647882884 -0.00110894069
v  -0.00683638826 0.00656527048 -0.000644235872
v  -0.0113852089 0.00340880034 -0.000587504357
v  -0.0115773678 0.00362329138 -0.000753989443
v  -0.0116095934 0.00340880034 -0.000690304674
v  -0.0131797353 0.00340880407 -0.00147093367
v  -0.0138570443 0.00424798904 -0.0022603469
v  -0.0149288019 0.00340881152 -0.00241187867
v  -0.0345140062 0.00532750553 -0.0114743598
v  -0.0302205514 0.00449652737 -0.00954242609
v  -0.0299071316 0.00505756168 -0.00985522103
v  -0.0129960077 0.00243771775 -0.017777577
v  -0.0166500248 0.00232172711 -0.018619135
v  -0.0130031984 0.00265644444 -0.0177344531
v  -0.0125599923 0.00398473581 -0.0172368512
v  -0.0170475133 0.00366059272 -0.0182701796
v  -0.0173369851 0.00425529433 -0.0180352665
v  -0.00369491708 0.00755084259 -0.00129438099
v  -0.00589346699 0.00735955825 -0.00156990811
v  -0.0038945172 0.00742268888 -0.000948248431
v  -0.00462540425 0.00683152257 -0.000166695565
v  -0.00480571948 0.00662643416 9.67178494e-06
v  -0.00824732892 0.00605074083 -0.0123368446
v  -0.00752349198 0.00614824472 -0.0116341328
v  -0.00731509086 0.00603221124 -0.0122323483
v  -0.00644074008 0.00553879654 -0.0142024672
v  -0.00736739114 0.00554529345 -0.0144829862
v  -0.00746301841 0.00558727188 -0.014374244
v  -0.0142129213 0.00634390069 -0.0108017633
v  -0.0143761598 0.00634194305 -0.0108320676
v  -0.0143942591 0.00635390123 -0.0106943753
v  -0.0145510295 0.00633743173 -0.0108962003
v  -0.0138623202 0.00634047715 -0.010824115
v  -0.0107019376 0.00643834798 -0.0101054348
v  -0.0135389967 0.00632542698 -0.0109606888
v  -0.0132099977 0.00630209921 -0.0111605497
v  -0.0123725887 0.00624414114 -0.0115872249
v  -0.012051655 0.00622307276 -0.0117223961
v  -0.0114914803 0.00618837727 -0.0119239949
v  -0.0113384733 0.00617940677 -0.011971809
v  -0.0150455516 0.00630313111 -0.0113823526
v  -0.0185826197 0.00638301997 -0.0114044845
v  -0.0148393866 0.00632328494 -0.0110970782
v  -0.0150999408 0.0062935031 -0.0115150325
v  -0.0147606982 0.00618903851 -0.0126649272
v  -0.0182432123 0.00632464467 -0.0129572041
v  -0.0149954436 0.00621860055 -0.012400033
v  -0.0151287345 0.00624922244 -0.0120726787
v  -0.0151459184 0.00627805246 -0.0117201991
v  -0.0146679701 0.00618029153 -0.0127314003
v  -0.017672427 0.00622954732 -0.0143000577
v  -0.0137533881 0.00609946763 -0.0132545363
v  -0.0128009208 0.00601386232 -0.0136843631
v  -0.0118130315 0.0059237699 -0.0140213203
v  -0.013919686 0.00603662012 -0.013934725
v  -0.0135185476 0.00582838943 -0.0151115842
v  -0.0112668723 0.00587420678 -0.0141639337
v  -0.0102381706 0.00578380143 -0.0143532725
v  -0.00938589964 0.00571441604 -0.0144347614
v  -0.00920104142 0.00570028042 -0.0144436182
v  -0.0102684088 0.00567172421 -0.0148377893
v  -0.008501417 0.00565027958 -0.0144489054
v  -0.00497084856 0.00576570584 -0.0127649941
v  -0.00491353497 0.00542734331 -0.0139680812
v  -0.00506566465 0.00571183814 -0.013034449
v  -0.00512205251 0.00563090621 -0.0133805722
v  -0.0051792711 0.00560072204 -0.0135161337
v  -0.0052824337 0.00556624448 -0.0136799971
v  -0.00552726351 0.00552589959 -0.0139107043
v  -0.00583497807 0.00551772071 -0.014052839
v  -0.00639631134 0.00602295017 -0.0120292529
v  -0.00505873933 0.00611952087 -0.0111022955
v  -0.00627895631 0.00602099439 -0.0120038241
v  -0.00592665747 0.00599836139 -0.0120081939
v  -0.00588828791 0.0059943418 -0.0120159565
v  -0.00558985677 0.00595078198 -0.0121321743
v  -0.00555344671 0.00594370766 -0.0121542346
v  -0.00531158037 0.00588187901 -0.0123657817
v  -0.00528540276 0.00587297743 -0.0123982439
v  -0.00520299748 0.00583994528 -0.0125218378
v  -0.00512943417 0.00579900807 -0.0126806414
v  -0.00511751417 0.00579029648 -0.012715105
v  -0.0106007811 0.00615384011 -0.0120591465
v  -0.0104269302 0.00613086438 -0.0121957725
v  -0.0100813247 0.00611471897 -0.0122544793
v  -0.00949748885 0.00609033508 -0.0123221455
v  -0.00855249539 0.00605880423 -0.0123495273
v  -0.00495011453 0.00610004691 0.000444099307
v  -0.00496652909 0.00629533036 0.000276362523
v  -0.00495833531 0.0061000525 0.000441384502
v  -0.00502729788 0.00610006368 0.00041859597
v  -0.00549124554 0.00610015122 0.000264842995
v  -0.00694703683 0.00610008417 -0.00023819413
v  -0.00487285107 0.00652771769 8.96966085e-05
v  -0.0040493831 0.00731374836 -0.000742535107
v  -0.00617045723 0.00715027517 -0.00121624488
v  -0.00419658609 0.00720345927 -0.000575622544
v  -0.00446330197 0.00698359078 -0.000314387493
v  -0.00536928605 0.00762240356 -0.00292675477
v  -0.00549258851 0.00759345992 -0.00242700893
v  -0.00351622328 0.00764669618 -0.00180711411
v  -0.00366190635 0.00757034635 -0.00136708468
v  -0.00566552393 0.00750794774 -0.00197298359
v  -0.00341873243 0.00758233806 -0.00346066616
v  -0.00340905692 0.00761534041 -0.00319483597
v  -0.00340689719 0.00762626855 -0.003093821
v  -0.00342454389 0.00767053803 -0.0023758905
v  -0.00357946008 0.00721921166 -0.00541659165
v  -0.00366787333 0.00675210124 -0.00757521065
v  -0.00516036991 0.00656226603 -0.00894805323
v  -0.00359494798 0.0062899976 -0.00973579381
v  -0.00344829168 0.00581453694 -0.011902106
v  -0.00440390594 0.00482367119 -0.014855681
v  -0.00489194132 0.00500852568 -0.0148003586
v  -0.0040241722 0.0051207873 -0.0143067297
v  -0.00372066163 0.00534179201 -0.0137089249
v  -0.00350997131 0.00552156335 -0.0130846528
v  -0.00340800267 0.00566995097 -0.0124913082
v  -0.00929136202 0.00467090448 -0.0162805971
v  -0.00731498934 0.00488714641 -0.0156678986
v  -0.00731513277 0.00472260593 -0.0158151686
v  -0.00728236139 0.00472354842 -0.0158063583
v  -0.0125834448 0.0044607087 -0.0169961341
v  -0.0127268853 0.00487500569 -0.0167220905
v  -0.0119619779 0.00447334861 -0.0168831479
v  -0.0116973026 0.00457159756 -0.0167764314
v  -0.0113202007 0.00462495117 -0.0166764911
v  -0.00995405205 0.00471367268 -0.0163723789
v  -0.010209824 0.00464939466 -0.0164661147
v  -0.0124891242 0.00407005614 -0.0171859562
v  -0.0124846324 0.00407512439 -0.0171828233
v  -0.0123473462 0.00421349285 -0.0170920696
v  -0.0176924448 0.00478593959 -0.017761752
v  -0.0129939318 0.00284284493 -0.0176901594
v  -0.0128594087 0.00344435452 -0.0174956284
v  -0.0128586246 0.00344645558 -0.0174947958
v  -0.016819898 0.00301251141 -0.0184652265
v  -0.0129567608 0.00183788466 -0.0178655311
v  -0.0165337902 0.0015989166 -0.0187306404
v  -0.0129411789 0.00151757302 -0.0178997405
v  -0.0164670628 0.000854752609 -0.0187984742
v  -0.0195648186 0.0012228858 -0.0194917619
v  -0.0196256824 0.00160654413 -0.0194486752
v  -0.0198242273 0.0024186722 -0.0193159021
v  -0.0204354972 0.00541132828 -0.017834587
v  -0.0215483401 0.00509949913 -0.0183751844
v  -0.0221198443 0.00552000431 -0.01811078
v  -0.0225353204 0.00576160429 -0.0179282278
v  -0.0210903902 0.00580943702 -0.0174941514
v  -0.023383975 0.00614373153 -0.0175702497
v  -0.0218177252 0.00613092398 -0.0171255209
v  -0.0237016249 0.00625852821 -0.0174392257
v  -0.0249255765 0.00660038879 -0.0169394836
v  -0.0233960375 0.00657495437 -0.0163068008
v  -0.025042044 0.00662616594 -0.0168919414
v  -0.0249831043 0.00680525182 -0.015384661
v  -0.0272124 0.00695372326 -0.0159839429
v  -0.0263915807 0.00688364869 -0.0143653369
v  -0.0293099228 0.00706797978 -0.0150097208
v  -0.0294555239 0.00707019074 -0.0149354758
v  -0.0274825469 0.00685053458 -0.0132672759
v  -0.0309067331 0.00703695742 -0.0141288172
v  -0.0312976651 0.00700228801 -0.0138891526
v  -0.0283108205 0.00666054292 -0.0121577634
v  -0.0322512649 0.00683872355 -0.013259952
v  -0.028658716 0.00648578769 -0.0116235679
v  -0.0325882174 0.00674305437 -0.0130213853
v  -0.0330800377 0.00655137328 -0.0126567706
v  -0.028979728 0.00624644523 -0.0111163985
v  -0.033537101 0.00629758788 -0.0122995777
v  -0.0338080749 0.00609990908 -0.0120791513
v  -0.0338554159 0.00612218445 -0.012122645
v  -0.0341480188 0.00609991467 -0.0121728666
v  -0.0337167047 0.00617123535 -0.0121542094
v  -0.0292868558 0.00593384868 -0.0106462725
v  -0.0337460265 0.00615402078 -0.0121374782
v  -0.029593084 0.00553933112 -0.0102232024
v  -0.0354080535 0.0032540164 -0.0106350956
v  -0.0307946801 0.00318196556 -0.00907484628
v  -0.0352118798 0.00390117383 -0.0108281327
v  -0.0352050029 0.00391825242 -0.0108335884
v  -0.0351013169 0.00419991044 -0.0109345363
v  -0.0312137492 0.00168623368 -0.00880536716
v  -0.0356414206 0.002107359 -0.0103956982
v  -0.0354578346 0.00305599859 -0.0105850166
v  -0.0313333496 0.000898735248 -0.0087401988
v  -0.0357507579 0.00111465307 -0.0102781961
v  -0.035693001 0.00172281603 -0.0103408555
v  -0.0183757562 0.001062594 -0.00354078086
v  -0.0181088615 0.00200520037 -0.00358774979
v  -0.0154250432 0.0032533328 -0.00261319894
v  -0.0177143887 0.00290766312 -0.00368448487
v  -0.0155998683 0.00311227096 -0.0026482204
v  -0.0156575665 0.0030509918 -0.00265444256
v  -0.0156815164 0.00302273175 -0.00265606865
v  -0.0158493035 0.00274916878 -0.0026437249
v  -0.0151022468 0.00338998763 -0.00249808561
v  -0.017233545 0.00374990655 -0.00384608191
v  -0.015391985 0.0032739616 -0.00260423496
v  -0.0107736373 0.00340879848 -0.000319643877
v  -0.0106210802 0.00343556656 -0.000264138915
v  -0.0104793655 0.00351153454 -0.000230113976
v  -0.0104673021 0.00352074346 -0.000228178687
v  -0.0103584388 0.00363167329 -0.000220838934
v  -0.00989124831 0.00394088542 -0.000142933801
v  -0.0100860968 0.00389445527 -0.000204090029
v  -0.010236986 0.00379168941 -0.000227682292
v  -0.00713384803 0.00509169465 0.000359728932
v  -0.00803759601 0.00397513201 0.000527473167
v  -0.00726622902 0.00398928998 0.000782758929
v  -0.0100906556 0.00530178798 -0.01573148
v  -0.0130961202 0.00547216414 -0.0160285402
v  -0.0100149177 0.00504120393 -0.0160798896
v  -0.0129001951 0.00520951068 -0.0164009612
v  -0.00732318964 0.00515123596 -0.015344332
v  -0.00994593184 0.0046554408 -0.016414186
v  -0.0060906643 0.0047607976 -0.0154554779
v  -0.0132535184 0.00509162387 -0.00253017619
v  -0.0167075377 0.00451185694 -0.0040876409
v  -0.012647355 0.00580633571 -0.00291118771
v  -0.016177563 0.00517344614 -0.00442425907
v  -0.0120865116 0.00636633998 -0.00342206936
v  -0.0156848188 0.00571459671 -0.0048710322
v  -0.01161897 0.00674585206 -0.00408151001
v  -0.0152705153 0.00611523865 -0.00544306124
v  -0.0112798028 0.00693161367 -0.00489840843
v  -0.0149649475 0.00636429479 -0.00614773203
v  -0.011052574 0.0069604828 -0.00584250689
v  -0.0147547945 0.00648667617 -0.00696159713
v  -0.0109079555 0.00688184006 -0.00687376317
v  -0.0146158179 0.00651629409 -0.00785349589
v  -0.0108166337 0.00674506603 -0.00795212947
v  -0.0145238079 0.00648705428 -0.00879226997
v  -0.00868976861 0.00711559644 -0.00253257994
v  -0.00895876903 0.0069046258 -0.00219200086
v  -0.00957847759 0.00632712012 -0.00163471606
v  -0.0102595612 0.00556749431 -0.00122408941
v  -0.00772015937 0.00697868457 -0.00720248837
v  -0.00778890774 0.00720010279 -0.00601415616
v  -0.0052121114 0.00707769161 -0.00649780827
v  -0.00520825014 0.00734019792 -0.00524453307
v  -0.00790656824 0.00736346422 -0.00487173069
v  -0.00523875188 0.00754412776 -0.00403572619
v  -0.00811536331 0.00740717864 -0.00382359885
v  -0.00348026026 0.00744158169 -0.00432288786
v  -0.0084575424 0.00726965396 -0.00291814841
v  -0.00753219612 0.00706129102 -0.00167714152
v  -0.0265326761 0.000900271931 -0.00701554492
v  -0.0263582636 0.00168833288 -0.00706955418
v  -0.0260979831 0.00245179934 -0.00716784596
v  -0.0226041302 0.00453542126 -0.00693271169
v  -0.0222178828 0.00507095782 -0.0072950446
v  -0.0250508748 0.00447168713 -0.00779613806
v  -0.0246960316 0.00501382304 -0.0081392806
v  -0.0218841378 0.00551247364 -0.00774697354
v  -0.0243797544 0.00546988426 -0.0085605653
v  -0.0241195317 0.0058316323 -0.00906296354
v  -0.0254194085 0.00385577371 -0.00752436556
v  -0.025776742 0.00317837996 -0.00731719239
v  -0.0230129734 0.00391929364 -0.0066509326
v  -0.0234145336 0.00323600834 -0.00644066604
v  -0.0215970576 0.0025897692 -0.0054173246
v  -0.0192473121 0.00594335748 -0.00754630845
v  -0.0170267001 0.00612064777 -0.00682994304
v  -0.0195170492 0.00563137187 -0.00695241708
v  -0.0173128564 0.00583911827 -0.00618241215
v  -0.0198748745 0.00520438654 -0.0064652781
v  -0.0176983085 0.00542586623 -0.00565459533
v  -0.0202960074 0.0046716216 -0.00607938645
v  -0.0181553252 0.00489095552 -0.00523997331
v  -0.0207462218 0.00404818868 -0.00578355463
v  -0.0186460093 0.00425176462 -0.00492534926
v  -0.021191312 0.00334920129 -0.00556659652
v  -0.0191324726 0.00352567388 -0.00469752401
v  -0.0219292361 0.0017850023 -0.00532455184
v  -0.0187995546 0.00635613641 -0.00977361575
v  -0.0154962186 0.00505194953 -0.0170640517
v  -0.0158198122 0.0054016686 -0.0167224593
v  -0.0161790308 0.00567617593 -0.01633613
v  -0.0169443935 0.00604104949 -0.0154205821
v  -0.0210834686 0.00465496583 -0.0186041575
v  -0.0181179978 0.00524185551 -0.0174509063
v  -0.018613657 0.00561562693 -0.0171036944
v  -0.019163046 0.00591290323 -0.0167198796
v  -0.020341089 0.00631359546 -0.0158403032
v  -0.0214882474 0.00651520817 -0.0148078753
v  -0.0224406794 0.00658901175 -0.0136183035
v  -0.0230867807 0.00658238446 -0.0122883832
v  -0.0235240087 0.00644711545 -0.0109192748
v  -0.0237112213 0.0063082031 -0.0102583552
v  -0.0239032079 0.00610705605 -0.0096342396
v  -0.0206547603 0.00412661536 -0.018828772
v  -0.020190658 0.00334577402 -0.0190904606
v  -0.0200454053 0.00302734179 -0.0191774126
v  -0.0366696864 -0.00295582647 -0.0120836403
v  -0.036821641 -0.00262030819 -0.0121017313
v  -0.0367505141 -0.00294598611 -0.0121756978
v  -0.0370175466 -0.00129077432 -0.0118921855
v  -0.0370836109 9.99137774e-05 -0.0118185002
v  -0.0352777615 -0.00370100746 -0.0109014688
v  -0.0355436727 -0.00360847684 -0.0111392671
v  -0.035988979 -0.00332755083 -0.0114788795
v  -0.0363758877 -0.00307654822 -0.011795125
v  -0.0364551134 -0.00303445058 -0.0118672885
v  -0.037159849 -0.00590008544 -0.0121218842
v  -0.0377305709 -0.00538468035 -0.0120216263
v  -0.0377274379 -0.00590008544 -0.0121059911
v  -0.0378384292 -0.00590008544 -0.0121076507
v  -0.0384749919 -0.00590008544 -0.0121600451
v  -0.0353400335 -0.00544100022 -0.0119004548
v  -0.0365248211 -0.00590008544 -0.0121686738
v  -0.0353265256 -0.00590008544 -0.0122443903
v  -0.0347750373 -0.00545579242 -0.0118279643
v  -0.0344913676 -0.00590008544 -0.0122091286
v  -0.0356827341 -0.00431279046 -0.0113004176
v  -0.0354450382 -0.00391665893 -0.0110182725
v  -0.0352693573 -0.00384686212 -0.0109173385
v  -0.0352490135 -0.00383039261 -0.0109018302
v  -0.03521448 -0.00378635596 -0.0108683249
v  -0.0352039523 -0.00375336269 -0.0108492468
v  -0.0352049842 -0.00372353056 -0.010835899
v  -0.0362062827 -0.00395631092 -0.0113265561
v  -0.0356602371 -0.00394480908 -0.0111143431
v  -0.0356353112 -0.00394292595 -0.0111039104
v  -0.0362339765 -0.00395644503 -0.011336958
v  -0.0365998074 -0.00428926712 -0.011564116
v  -0.0368498489 -0.00397303933 -0.0115656639
v  -0.0373878442 -0.00400008494 -0.0117559033
v  -0.0377018526 -0.00426586019 -0.0118805924
v  -0.0389981382 -0.00400008494 -0.0122745093
v  -0.0389981382 -0.00590009848 -0.0122745102
v  -0.0383451432 -0.00481591979 -0.0120908115
v  -0.0377247855 -0.0048339474 -0.0119450884
v  -0.0365714543 -0.00486839423 -0.0117468471
v  -0.0365100875 -0.00541280909 -0.0119527578
v  -0.0355359092 -0.00490294909 -0.0115831578
v  -0.0338674262 -0.00628449349 -0.0130913509
v  -0.0342805572 -0.0059743165 -0.0126588466
v  -0.034784127 -0.00597171811 -0.0132459719
v  -0.0341991819 -0.00632992527 -0.0137057705
v  -0.0331542157 -0.00658508157 -0.0136498539
v  -0.0323144533 -0.0067680967 -0.0142325871
v  -0.0332753435 -0.00663272711 -0.0143354777
v  -0.0337978601 -0.0064905216 -0.0139935659
v  -0.0297884308 -0.00682097254 -0.0159518681
v  -0.0313321352 -0.00685539329 -0.0148269879
v  -0.0315011218 -0.00682163378 -0.0152692841
v  -0.031951081 -0.00680040149 -0.0150610823
v  -0.0326694287 -0.00673459517 -0.0146903591
v  -0.0288997833 -0.00681830989 -0.0160023924
v  -0.027327653 -0.00660599535 -0.0168482587
v  -0.0275196601 -0.00668677734 -0.0165661369
v  -0.0255804211 -0.00621998636 -0.0175335184
v  -0.0261210036 -0.0064531141 -0.0171058141
v  -0.0267010778 -0.00649791723 -0.0170846675
v  -0.0252070799 -0.00609751279 -0.0176879764
v  -0.0231911335 -0.00493380381 -0.0186120663
v  -0.0236809868 -0.0053072446 -0.018389795
v  -0.0237750299 -0.00537174335 -0.0183461756
v  -0.0241329595 -0.0055967276 -0.0181784797
v  -0.0244139191 -0.00575138489 -0.018046882
v  -0.0246765725 -0.00588041497 -0.0179246068
v  -0.0229767561 -0.0047486159 -0.0187072288
v  -0.0224389583 -0.00421235198 -0.0189427305
v  -0.0222191159 -0.00395509275 -0.0190391559
v  -0.0219067931 -0.0035365806 -0.0191778801
v  -0.0202193186 9.99137774e-05 -0.0196569599
v  -0.0216138903 -0.00306287827 -0.0193118267
v  -0.0215236377 -0.00289372215 -0.0193543863
v  -0.0212032311 -0.00214190828 -0.0195131842
v  -0.0209978223 -0.00139081327 -0.0196256898
v  -0.0209297296 -0.00100354699 -0.0196663104
v  -0.0208774861 -0.000539822853 -0.0196993463
v  -0.0208530743 9.99137774e-05 -0.0197164193
v  -0.0301913638 -0.00686877919 -0.0154205021
v  -0.0291006882 -0.00678878138 -0.0162039995
v  -0.0127254715 9.99137774e-05 -0.0178783815
v  -0.0125787631 9.99137774e-05 -0.0177074447
v  -0.0127689177 -0.00163713878 -0.0177820008
v  -0.01261969 -0.00162385439 -0.0176117439
v  -0.0125219775 9.99137774e-05 -0.0174894612
v  -0.0125611043 -0.00160039437 -0.0173939168
v  -0.0125582349 9.99137774e-05 -0.0172882434
v  -0.0125966948 -0.00157438999 -0.0171931144
v  -0.0126308342 -0.00214579562 -0.0171086732
v  -0.0125959683 -0.0021835831 -0.0173084661
v  -0.0126559883 -0.00221764343 -0.017525522
v  -0.0128069734 -0.00223679701 -0.0176949669
v  -0.0113024693 -0.00422533276 -0.0167540405
v  -0.011625872 -0.00414353097 -0.016839968
v  -0.0119290454 -0.00401928881 -0.0169575159
v  -0.0121993218 -0.00382824312 -0.0170965493
v  -0.0126085896 -0.00328604737 -0.0173836574
v  -0.0123539651 -0.00348908873 -0.0171885155
v  -0.0124281617 -0.00358077558 -0.0172425751
v  -0.0121361651 -0.00371681945 -0.0170537308
v  -0.0118816542 -0.00389110181 -0.0169277694
v  -0.0115997493 -0.00400399463 -0.0168234371
v  -0.0113009205 -0.00401064614 -0.0167417526
v  -0.0126473876 -0.00254354114 -0.017448334
v  -0.0125831002 -0.00285653071 -0.0173490904
v  -0.0128008099 -0.002603075 -0.0176150054
v  -0.0127337426 -0.00295738177 -0.0175096337
v  -0.0124662053 -0.00314384 -0.0172329098
v  -0.0123001868 -0.00339777814 -0.0171057824
v  -0.0120927449 -0.0036068284 -0.0169780999
v  -0.0118518993 -0.00376502308 -0.0168608148
v  -0.0115871141 -0.00386678125 -0.0167659782
v  -0.0113064274 -0.00391022163 -0.0167019721
v  -0.0122760311 -0.00325386645 -0.0168883335
v  -0.0123998662 -0.00311837392 -0.0167232715
v  -0.0123272631 -0.00321479747 -0.0166631229
v  -0.0126248887 -0.00251068035 -0.0170029122
v  -0.0125906942 -0.00248078303 -0.0172299389
v  -0.0125853419 -0.00270962948 -0.0169273335
v  -0.0125337653 -0.00276533188 -0.0171302594
v  -0.01248933 -0.00296474481 -0.0168086998
v  -0.0124279214 -0.00302541675 -0.0170144401
v  -0.0113814818 -0.00364487292 -0.0162661783
v  -0.0113444561 -0.00369083742 -0.0164729636
v  -0.0116697708 -0.00361154461 -0.0163240638
v  -0.0116368448 -0.00362349162 -0.0164364632
v  -0.0119096171 -0.00353233749 -0.0164119434
v  -0.0116086528 -0.00366812246 -0.0165570807
v  -0.0115905656 -0.0037503955 -0.0166725349
v  -0.0113158328 -0.00382077391 -0.0166419037
v  -0.0118447142 -0.00365727255 -0.0167628229
v  -0.0120753441 -0.00351136597 -0.0168766566
v  -0.0118596032 -0.00357967848 -0.0166474059
v  -0.0120844711 -0.00344027998 -0.0167621728
v  -0.0122737708 -0.00331676984 -0.0170017909
v  -0.0121595785 -0.00337939011 -0.0165454037
v  -0.00954618864 -0.00423208112 -0.016423922
v  -0.00606943574 -0.0044595846 -0.0155187026
v  -0.00618859287 -0.00373773696 -0.0150870038
v  -0.00784249604 -0.00377004291 -0.0157914218
v  -0.00756448135 -0.0037128129 -0.0154717648
v  -0.00605053641 -0.00417942414 -0.0155637003
v  -0.00435159635 -0.00436068932 -0.0149853388
v  -0.00605452992 -0.00432950212 -0.0155595858
v  -0.0043759197 -0.00452613132 -0.0149272196
v  -0.00435609836 -0.00440674229 -0.0149753559
v  -0.00963480119 -0.00367582263 -0.0159344804
v  -0.0095881559 -0.00373745011 -0.0161708649
v  -0.00956693292 -0.00382411736 -0.0162838101
v  -0.00955155957 -0.00394575903 -0.0163710304
v  -0.00954452157 -0.0040882309 -0.016418932
v  -0.0077920435 -0.00427644001 -0.0160381906
v  -0.00780276582 -0.00440562656 -0.0160033442
v  -0.00608414691 -0.00389688346 -0.015437237
v  -0.00611708872 -0.00380363199 -0.0153242089
v  -0.00438937731 -0.00392223196 -0.0148599185
v  -0.00442426838 -0.003838551 -0.0147603378
v  -0.00449178554 -0.00377164851 -0.0145724462
v  -0.00778980181 -0.00413018139 -0.0160366073
v  -0.00779819302 -0.00398423569 -0.0159909502
v  -0.00606055371 -0.00402771728 -0.0155219827
v  -0.00781679619 -0.00385916675 -0.0159045421
v  -0.00451052003 -0.00376856024 -0.0145210912
v  -0.00434837863 -0.00430919835 -0.0149915274
v  -0.00435344782 -0.00410972396 -0.0149675906
v  -0.00435385201 -0.00410570065 -0.014966283
v  -0.00437137485 -0.00399165647 -0.0149126314
v  -0.00360315107 -0.00454799226 -0.0142002013
v  -0.00375428889 -0.00462301774 -0.0143828066
v  -0.00371392909 -0.00449366076 -0.0143596437
v  -0.00312810019 -0.00500553707 -0.0131093757
v  -0.00296762958 -0.00506420946 -0.0124014942
v  -0.00299549382 -0.00516217155 -0.01242531
v  -0.00322183967 -0.00515531795 -0.0131218527
v  -0.00304449629 -0.00525363395 -0.012446898
v  -0.00335950591 -0.00526615186 -0.0131121287
v  -0.00320086069 -0.00540034613 -0.012479756
v  -0.00358997565 -0.00507862633 -0.0137530798
v  -0.00392032322 -0.00485044112 -0.0143539784
v  -0.00433164649 -0.00455349637 -0.014888918
v  -0.00338585675 -0.00482908217 -0.0137756858
v  -0.00347049907 -0.00496937102 -0.0137776425
v  -0.00334614236 -0.004680946 -0.0137494328
v  -0.00382537954 -0.00474712206 -0.01438135
v  -0.00309072528 -0.0048458525 -0.0130787082
v  -0.00296100788 -0.00499615585 -0.0123846401
v  -0.00418695528 -0.00431103492 -0.0148947239
v  -0.00417277124 -0.00426848466 -0.0148840602
v  -0.00421082415 -0.00436842395 -0.0149041647
v  -0.00426493026 -0.00446587848 -0.0149060525
v  -0.00430028047 -0.00451559713 -0.0148989446
v  -0.00296130404 -0.00494856806 -0.0123876296
v  -0.00296867173 -0.00484924996 -0.0124566825
v  -0.00296080112 -0.00497678993 -0.0123824552
v  -0.0135389967 -0.00363179902 -0.0109606888
v  -0.0139790419 -0.00362506183 -0.0108034452
v  -0.0144437319 -0.00361699844 -0.010852701
v  -0.0148410322 -0.00360920699 -0.0110987006
v  -0.0150922555 -0.00360323163 -0.0114927208
v  -0.0151476385 -0.00360025512 -0.0119567215
v  -0.014996212 -0.00360086607 -0.0123988008
v  -0.0146679701 -0.0036049434 -0.0127314003
v  -0.0118781636 -0.00365619222 -0.0117893917
v  -0.0100812791 -0.00368448207 -0.0122544859
v  -0.00822695252 -0.00371543365 -0.0123356227
v  -0.00639631134 -0.00374768907 -0.0120292529
v  -0.00583497807 -0.00374825904 -0.014052839
v  -0.00536668301 -0.00375738065 -0.0137769505
v  -0.00520173647 -0.00376113015 -0.0135580292
v  -0.00509907119 -0.00376398186 -0.0133038769
v  -0.00506568421 -0.00376574206 -0.0130318124
v  -0.00510385074 -0.0037662934 -0.0127603775
v  -0.00521097146 -0.00376559491 -0.0125080692
v  -0.00537974015 -0.00376369688 -0.0122920834
v  -0.00585281476 -0.00375688681 -0.0120244734
v  -0.0103919851 -0.003670095 -0.0143313734
v  -0.00809884071 -0.0037083705 -0.0144317113
v  -0.0126141049 -0.00363510894 -0.0137562156
v  -0.00310979411 -0.00515656779 -0.0103590414
v  -0.00294360612 -0.0068796589 -0.00353921205
v  -0.00292525068 -0.00605504727 -0.00353349652
v  -0.00315567292 -0.00561541831 -0.0053861076
v  -0.00322753657 -0.00540594431 -0.00624271668
v  -0.00324681681 -0.00531234732 -0.00663924264
v  -0.00324258488 -0.00525119295 -0.00802911166
v  -0.00312530715 -0.00516640907 -0.0101493336
v  -0.00375972968 -0.00590020744 9.07657668e-05
v  -0.0041397186 -0.00593015784 0.000106742606
v  -0.00362280011 -0.00594492862 -0.000165759586
v  -0.00164947473 -0.00590014039 -0.00253246445
v  -0.0021247454 -0.00598203903 -0.00202661194
v  -0.00208972767 -0.00598248886 -0.00239350274
v  -0.00260618329 -0.00616318779 -0.00343373418
v  -0.00219059736 -0.00597278634 -0.0030387817
v  -0.00256901979 -0.00621069362 -0.00302655715
v  -0.00293232314 -0.0067507443 -0.00353568699
v  -0.00282832421 -0.00643982785 -0.00350317918
v  -0.00282526016 -0.00657759095 -0.00301828608
v  -0.00280323438 -0.0063958359 -0.00349533558
v  -0.00284551084 -0.00652887067 -0.00329528749
v  -0.00184501149 -0.00590012735 -0.0031957617
v  -0.0021892637 -0.00594516238 -0.00330339
v  -0.00230784155 -0.00598456385 -0.00334046315
v  -0.0016505383 -0.00590014877 -0.00212547462
v  -0.00222676247 -0.00597922085 -0.00163855217
v  -0.00177224167 -0.00590015994 -0.0016320087
v  -0.00239339285 -0.00597537542 -0.00126404874
v  -0.00196611509 -0.00590016926 -0.00120931212
v  -0.0022535976 -0.0059001795 -0.000805591233
v  -0.00260815769 -0.00597104291 -0.000943838619
v  -0.00227017887 -0.00590018043 -0.000786850229
v  -0.00310278311 -0.00595974131 -0.000479527749
v  -0.00304494426 -0.0059001972 -0.000206680968
v  -0.00286203809 -0.00590019347 -0.000305916183
v  -0.00260638259 -0.00590018881 -0.000476358458
v  -0.00313272327 -0.00656107767 -0.0011875052
v  -0.00346123334 -0.00645572273 -0.000738031231
v  -0.00384657923 -0.00631757779 -0.000370310619
v  -0.00427169912 -0.0061797346 -2.76118517e-05
v  -0.00290331524 -0.0066373446 -0.00177823659
v  -0.00281719863 -0.00666793482 -0.00242990907
v  -0.00422773603 -0.0060310741 1.71465799e-05
v  -0.00376775675 -0.0060945875 -0.000298255123
v  -0.00332759134 -0.00615737448 -0.000641649589
v  -0.00255214237 -0.00624994608 -0.00207573455
v  -0.00252204388 -0.0062518795 -0.00241513457
v  -0.00292723626 -0.00620434759 -0.00109205209
v  -0.00275883637 -0.00622215355 -0.00138323661
v  -0.00263019092 -0.00623810338 -0.00172183383
v  -0.0021216087 -0.00597875519 -0.00273020752
v  -0.0017723199 -0.00590013107 -0.00299454946
v  -0.00463546254 -0.00486135529 0.00103392359
v  -0.00434191898 -0.00590022421 0.000690096989
v  -0.00351973251 -0.00486832345 0.00141532253
v  -0.00311855413 -0.00590022886 0.00128599256
v  -0.0286753867 -0.00523318583 -0.0124963392
v  -0.0282134693 -0.00503323833 -0.0117893815
v  -0.0280234031 -0.00520077581 -0.0123168081
v  -0.0268026236 -0.00547283469 -0.0157851819
v  -0.0271739122 -0.00550142629 -0.0156596154
v  -0.0270893034 -0.00547888735 -0.0149305146
v  -0.0277591124 -0.00540356198 -0.0135444747
v  -0.0273825489 -0.00543814013 -0.0141052557
v  -0.0300212596 -0.00558303809 -0.0145542836
v  -0.0296622198 -0.00558489328 -0.0147142671
v  -0.0287273116 -0.00557252159 -0.0150975445
v  -0.0312333256 -0.00545982691 -0.0136268819
v  -0.0311150253 -0.00553476671 -0.0140172495
v  -0.0314253382 -0.00527223898 -0.0129923187
v  -0.0313483253 -0.00535879796 -0.0132463453
v  -0.0320587829 -0.00418612035 -0.0115457391
v  -0.027396569 -0.00446123583 -0.0104909465
v  -0.0318815783 -0.00441518659 -0.0117044114
v  -0.0317197405 -0.00473854551 -0.0120365089
v  -0.0277316961 -0.00476210611 -0.0110696768
v  -0.0315778591 -0.0050443518 -0.0124951079
v  -0.0314832553 -0.00519569917 -0.0128031624
v  -0.0327238403 -0.003862635 -0.0115045598
v  -0.0295941439 -0.00345437462 -0.0102568129
v  -0.0324680656 -0.00390981371 -0.0114579061
v  -0.0331185535 -0.00353535125 -0.0114271818
v  -0.032986775 -0.00375651242 -0.0115171345
v  -0.0331003778 -0.00364782149 -0.0114862863
v  -0.0329626575 -0.00383797172 -0.0115621686
v  -0.0328868814 -0.00386118772 -0.0115540987
v  -0.0328714885 -0.00386196631 -0.0115498528
v  -0.0330475755 -0.00376662123 -0.0115425298
v  -0.0330243744 -0.0037928659 -0.0115520079
v  -0.0269628521 -0.00385774928 -0.0097028343
v  -0.0268031713 -0.00356635125 -0.00941937789
v  -0.0270831641 -0.00404920103 -0.00991750602
v  -0.0321691222 -0.00408310303 -0.0114950696
v  -0.0323624089 -0.00395541871 -0.0114578716
v  -0.0268454868 -0.00213749753 -0.00870693941
v  -0.0332202837 -0.00275143469 -0.0110963294
v  -0.0332992598 -0.00182140293 -0.0108393943
v  -0.0273246523 -0.000667766086 -0.00855977926
v  -0.0333452374 -0.000863703259 -0.0106898099
v  -0.0168547723 9.99137774e-05 -0.00400415715
v  -0.0174253043 -0.000856830098 -0.00436284766
v  -0.016585771 -0.00265176641 -0.00447589485
v  -0.0160102546 -0.00343068177 -0.00464273198
v  -0.0100457575 -0.00332293147 -0.00132787321
v  -0.0115650883 -0.00328955287 -0.00203553215
v  -0.00950976368 -0.00371678034 -0.00127258711
v  -0.00965093262 -0.00364208641 -0.00129748881
v  -0.00977412518 -0.00352491299 -0.00129694585
v  -0.0191147998 -0.00306949625 -0.00603199378
v  -0.0261450168 -0.00341034727 -0.00908699445
v  -0.0221939981 -0.00346101308 -0.00768036582
v  -0.0274503827 -0.00542600965 -0.0139156682
v  -0.027598789 -0.00539278844 -0.0135009987
v  -0.0278302114 -0.00531127723 -0.0128549915
v  -0.0203506555 -0.000750426552 -0.00576407136
v  -0.0236678701 -0.000687159947 -0.00717150653
v  -0.0210914761 9.99137774e-05 -0.00604098011
v  -0.0227600224 9.99137774e-05 -0.00675524818
v  -0.0265061017 -0.00280673662 -0.00886226352
v  -0.0226323307 -0.00286116125 -0.00744702248
v  -0.0245234203 9.99137774e-05 -0.00746312598
v  -0.0265606772 9.99137774e-05 -0.00823770277
v  -0.0286791585 9.99137774e-05 -0.00900853984
v  -0.0309947226 9.99137774e-05 -0.00982431509
v  -0.0333603099 9.99137774e-05 -0.0106408074
v  -0.0230556317 -0.00218641991 -0.00729616126
v  -0.0196178909 -0.00235832715 -0.00587731227
v  -0.0271295495 -0.00141903979 -0.00860983878
v  -0.0234165899 -0.00145551225 -0.00721018808
v  -0.0200492218 -0.00157757325 -0.00579580851
v  -0.0170797817 -0.0017839357 -0.00439213263
v  -0.0181719437 9.99137774e-05 -0.0046671438
v  -0.0195855852 9.99137774e-05 -0.00535103772
v  -0.00233748555 -0.00488418387 0.00180068053
v  -0.00233626738 -0.00590022514 0.0016413806
v  0.000702964142 -0.00590012828 -0.00239914469
v  0.00156101957 -0.005900132 -0.00195275806
v  0.00220557675 -0.00590014318 -0.00117706228
v  0.00249118358 -0.00590016181 -0.00020980835
v  0.00237136893 -0.00590018323 0.000791589729
v  0.00186562538 -0.00590020465 0.00166415703
v  0.00105626136 -0.00590022234 0.00226589385
v  0.000117111951 -0.00590023259 0.00249724556
v  -0.0271044672 -0.00470240926 -0.01109308
v  -0.0268991683 -0.00461063208 -0.0110288989
v  -0.0245412607 -0.00474918215 -0.010291704
v  -0.0261192415 -0.00411952147 -0.0107850702
v  -0.020237809 -0.00471028639 -0.00894624181
v  -0.018864112 -0.00474618422 -0.00851675961
v  -0.0162990261 -0.00489970157 -0.0077148308
v  -0.0215970166 -0.00470123952 -0.00937119592
v  -0.0143949781 -0.00507864123 -0.0071194917
v  -0.0131195076 -0.00522198761 -0.00672071567
v  -0.00866178609 -0.00576888071 -0.00532701006
v  -0.00722837821 -0.00590574229 -0.00487885531
v  -0.00511229225 -0.00601876574 -0.00421726424
v  -0.000443002209 -0.00590021489 0.00143309217
v  -0.000781374052 -0.00590021303 0.00128041115
v  -0.00108614378 -0.00590021024 0.00103454757
v  -0.00131689385 -0.00590020558 0.000718181953
v  -0.00149955787 -0.00590019068 -3.64854932e-05
v  -0.00128041022 -0.00590017391 -0.000781374983
v  3.64854932e-05 -0.00590015063 -0.00149955601
v  -0.000718181953 -0.00590015901 -0.00131689664
v  -0.000352872536 -0.00590015436 -0.00145790353
v  0.00131689385 -0.00590015901 -0.000718181953
v  0.00108614378 -0.00590015342 -0.00103454757
v  0.000781374052 -0.00590015063 -0.00128041208
v  0.000423355028 -0.0059001497 -0.00143901724
v  0.00149955787 -0.00590017298 3.64836305e-05
v  0.00128041022 -0.00590018975 0.000781374983
v  0.000718181953 -0.00590020465 0.00131689571
v  0.000352872536 -0.00590021024 0.00145790353
v  -3.64836305e-05 -0.00590021303 0.00149955694
v  -0.0203506555 0.000950256013 -0.00576407136
v  -0.0295941439 0.00365420384 -0.0102568138
v  -0.0332202837 0.00295126392 -0.0110963294
v  -0.0331185535 0.00373518048 -0.0114271818
v  -0.0332992598 0.00202123029 -0.0108393943
v  -0.0265061017 0.00300656585 -0.00886226445
v  -0.0268454868 0.00233732676 -0.00870693941
v  -0.0273246523 0.000867595547 -0.00855977926
v  -0.00950976368 0.00391660957 -0.00127258711
v  -0.0102851624 0.00392771279 -0.00162473693
v  -0.00935843308 0.00394512853 -0.00122244377
v  -0.027382914 0.00563810533 -0.0141043123
v  -0.0274499357 0.00562592177 -0.0139168957
v  -0.027759105 0.00560339121 -0.0135444766
v  -0.0275987815 0.00559262885 -0.0135009997
v  -0.0278291963 0.00551156653 -0.0128578162
v  -0.0286753792 0.00543301506 -0.012496341
v  -0.0280224346 0.00540134823 -0.012319495
v  -0.0314019397 0.00550009264 -0.0130689554
v  -0.0313479491 0.00555869332 -0.0132461963
v  -0.028213622 0.00523289619 -0.0117889429
v  -0.0314832032 0.0053955256 -0.0128031485
v  -0.0315678418 0.00526189758 -0.012527653
v  -0.0317197405 0.00493837474 -0.0120365089
v  -0.0278201587 0.00502263894 -0.0112093901
v  -0.0318815783 0.00461501582 -0.0117044114
v  -0.0274611469 0.00472924067 -0.0106070684
v  -0.0271485168 0.00434439024 -0.0100348564
v  -0.0320587829 0.00438594958 -0.0115457391
v  -0.0321691222 0.0042829304 -0.0114950696
v  -0.0270195063 0.00415041251 -0.00980371889
v  -0.0329626575 0.00403779885 -0.0115621686
v  -0.0328868814 0.00406101672 -0.0115540987
v  -0.0330243744 0.0039926949 -0.0115520079
v  -0.032986775 0.00395634165 -0.0115171345
v  -0.0328714885 0.00406179344 -0.0115498528
v  -0.0327238403 0.00406246213 -0.0115045598
v  -0.0331003778 0.00384765072 -0.0114862863
v  -0.0330475755 0.00396644836 -0.0115425298
v  -0.0324680656 0.00410964293 -0.0114579061
v  -0.0323624089 0.00415524608 -0.0114578716
v  -0.0267294981 0.00361634931 -0.00928992499
v  -0.0268543214 0.00386551162 -0.00951058231
v  -0.0226772092 0.00369089423 -0.00789402984
v  -0.0208107606 0.00372561766 -0.00716421055
v  -0.0221939981 0.00366084231 -0.00768036675
v  -0.0226323232 0.00306099048 -0.00744702341
v  -0.0190230664 0.00375928497 -0.00637280708
v  -0.0162766762 0.00381193822 -0.00494509656
v  -0.0191147998 0.00326932548 -0.00603199378
v  -0.0182147399 0.00377467042 -0.00597781176
v  -0.0145987654 0.00384450098 -0.00398347899
v  -0.0149780633 0.0032354421 -0.00379159022
v  -0.0160102546 0.003630511 -0.00464273198
v  -0.0115650883 0.0034893821 -0.00203553215
v  -0.0130820815 0.00387398293 -0.00310301967
v  -0.0116640879 0.00390139734 -0.00231379084
v  -0.00965093262 0.00384191563 -0.00129748881
v  -0.00974757783 0.00375576457 -0.00129942596
v  -0.00983405393 0.0036354172 -0.00128376018
v  -0.0101133026 0.00343238143 -0.00132078677
v  -0.0102561554 0.00340883574 -0.00137387402
v  -0.00995981228 0.0035122647 -0.00128650758
v  -0.0116714342 0.0034088376 -0.00205198396
v  -0.0136873191 0.00340884691 -0.00315643009
v  -0.0144511685 0.00340885064 -0.00359331211
v  -0.0147183966 0.00336433901 -0.00371946627
v  -0.0154845249 0.00244689872 -0.00370337255
v  -0.016585771 0.00285159564 -0.00447589485
v  -0.0153880361 0.00275634741 -0.00377770048
v  -0.0152054243 0.00303400634 -0.00381002389
v  -0.0151307043 0.00311207725 -0.00380932353
v  -0.0174253043 0.00105665775 -0.00436284766
v  -0.0170797817 0.00198376505 -0.00439213263
v  -0.0333452374 0.00106353278 -0.0106898099
v  -0.0271295495 0.00161886739 -0.00860983878
v  -0.0246466193 0.00365455588 -0.0085953474
v  -0.0261450168 0.0036101765 -0.00908699539
v  -0.0312159657 0.00567181176 -0.0136817954
v  -0.0311150253 0.00573459594 -0.0140172495
v  -0.0300211925 0.00578286638 -0.014554305
v  -0.0268026162 0.00567266298 -0.0157851838
v  -0.0270527713 0.00568248099 -0.0150364488
v  -0.0271737706 0.00570124527 -0.0156596638
v  -0.0287271757 0.00577234617 -0.0150975902
v  -0.0296623185 0.00578472158 -0.0147142159
v  -0.0236678701 0.000886989408 -0.00717150653
v  -0.0234165899 0.00165534171 -0.00721018808
v  -0.0200492218 0.00177740084 -0.00579580851
v  -0.0230556317 0.00238624914 -0.00729616126
v  -0.0196178909 0.00255815638 -0.00587731227
v  -0.00466078334 0.006269434 0.000272445381
v  -0.00462839007 0.00647689542 0.000133076683
v  -0.00476013683 0.00630133366 0.000282386318
v  -0.0048999656 0.00610005064 0.000457946211
v  -0.004848646 0.00610005064 0.000466798432
v  -0.00485966448 0.00611226587 0.000454382971
v  -0.00434609689 0.00692186831 -0.000230203383
v  -0.00317945238 0.00755245565 -0.00319770444
v  -0.00292523671 0.00717768958 -0.00316650514
v  -0.00291554257 0.00716897985 -0.00297466572
v  -0.00292179734 0.00713583222 -0.00316193514
v  -0.00295995548 0.00730784377 -0.00317966938
v  -0.0029635774 0.00738852052 -0.00257088151
v  -0.00300661288 0.00739423139 -0.00318737887
v  -0.00353358779 0.00751514127 -0.0012232624
v  -0.0034001423 0.00759194186 -0.00156509876
v  -0.00331520569 0.00763163483 -0.00191127788
v  -0.00324074924 0.00763463182 -0.00258762669
v  -0.00391301885 0.00725905551 -0.000649444759
v  -0.0037100222 0.00740143983 -0.000915213488
v  -0.00486301165 0.00632008677 0.000275070779
v  -0.00473987311 0.00653534709 0.000104936771
v  -0.00473198015 0.00610005064 0.000468491577
v  -0.00477516651 0.00613847701 0.000429947861
v  -0.00474621542 0.00610005064 0.000469579361
v  -0.00461054407 0.00614429219 0.00036066398
v  -0.004592143 0.00612956611 0.000374617986
v  -0.00459554885 0.00610004878 0.000441673212
v  -0.00454359688 0.00611283956 0.000384116545
v  -0.00439882185 0.00610004691 0.000374915078
v  -0.00440101139 0.00610027788 0.000369635411
v  -0.00437126495 0.00610004505 0.000364478678
v  -0.00459248014 0.00621011807 0.000274041668
v  -0.00440408103 0.00633918634 7.86231831e-05
v  -0.00452378392 0.00640143966 0.000133452937
v  -0.00411447417 0.00668593636 -0.000177598558
v  -0.00388245191 0.00665232865 -0.000351672061
v  -0.00366185792 0.00698908186 -0.000582282431
v  -0.00351767987 0.00688457442 -0.00071587041
v  -0.00344644394 0.00713004498 -0.000845984556
v  -0.00324199535 0.00705569563 -0.00111371931
v  -0.00325741991 0.00724815903 -0.00116066821
v  -0.00318729877 0.00708876504 -0.00122004002
v  -0.00311621279 0.00733344583 -0.0015174849
v  -0.00291863829 0.00723126484 -0.00244139228
v  -0.00296843704 0.00721944636 -0.0019508861
v  -0.00303120073 0.00738127297 -0.00187659636
v  -0.0029955646 0.00720448559 -0.00180309452
v  -0.00307941251 0.00715426495 -0.00148743112
v  -0.00422188826 0.00681749871 -0.000179878436
v  -0.00377259776 0.00714442087 -0.00058952067
v  -0.00355980918 0.00728969229 -0.000856806524
v  -0.00337368809 0.00740860356 -0.00117321685
v  -0.00323437899 0.00749104982 -0.00152920466
v  -0.00314918905 0.0075345817 -0.00188745838
v  -0.00307844207 0.00753823435 -0.00257996283
v  -0.00306875911 0.00746934628 -0.00319314469
v  -0.00460423157 0.00619620224 0.000294171274
v  -0.00461750291 0.00616332656 0.000338529237
v  -0.00536355749 0.00558463996 0.000573808327
v  -0.00620802585 0.00560237048 0.000335826539
v  -0.00644969195 0.00506732566 0.000538373366
v  -0.00575492531 0.00505053764 0.000701705925
v  -0.00690254942 0.00399581669 0.000872912817
v  -0.00652528554 0.00400253711 0.000953467563
v  -0.0258105434 0.00363087235 -0.00951158348
v  -0.0260274038 0.00362801319 -0.00932929385
v  -0.0262993164 0.00362380361 -0.00924273394
v  -0.0266160276 0.00361838331 -0.00925910566
v  0.00248228386 0.00415173126 0.000297036022
v  0.00143870898 0.00413468061 0.000426000915
v  0.00149996765 0.0041339579 2.69841403e-05
v  -0.00127996504 0.00408345973 -0.000782649964
v  -0.00143870898 0.00408234959 -0.000426001847
v  0.00218178891 0.00415072357 0.00122059137
v  0.00127996504 0.00413357047 0.000782648101
v  0.00155200809 0.00414334564 0.00195993762
v  -0.00149996765 0.00408307044 -2.6983209e-05
v  -0.00941538531 0.0039446759 -0.00110705569
v  -0.00977844093 0.00394178322 -0.000371530652
v  0.000707821921 0.00410991115 -0.00239767134
v  -0.0254242495 0.00363274431 -0.0105677973
v  -0.0256700888 0.0036320514 -0.00977953803
v  -0.00145152397 0.00408568373 0.000380727462
v  -0.00514199864 0.00402717618 0.00124438945
v  -0.00131699257 0.00408944068 0.000718222931
v  -0.00390581042 0.00404937891 0.00154696219
v  -0.00129573047 0.00408996409 0.000755748712
v  -0.00233688392 0.00407761289 0.00194331538
v  -8.6478889e-05 0.00410046196 -0.00149750523
v  3.64910811e-05 0.00410252949 -0.00149959605
v  0.0003196951 0.00410746178 -0.00146553013
v  0.00123560801 0.00411980925 -0.00217327196
v  0.00145152397 0.00413134648 -0.000380727462
v  0.00240815431 0.00414621783 -0.000671342947
v  0.00131699257 0.00412758952 -0.000718222931
v  0.00197058357 0.00413501402 -0.00153839868
v  0.00129573047 0.00412706425 -0.000755748712
v  -0.00102387741 0.00408640271 -0.00109628029
v  -0.000692296773 0.00409096805 -0.00133086368
v  -0.000358920544 0.00409604376 -0.00145652052
v  0.000703521073 0.00411456032 -0.00132491067
v  0.000781381503 0.00411607092 -0.00128042419
v  0.00104331598 0.00412138319 -0.00107831508
v  0.00102387741 0.00413062749 0.00109628122
v  0.000692296773 0.00412606029 0.00133086368
v  0.000688003376 0.00413070945 0.0024034949
v  0.00035892427 0.00412098644 0.00145652145
v  0.000149177387 0.00412201835 0.0024955757
v  8.6478889e-05 0.00411656639 0.0014975043
v  0.000101510435 0.004121223 0.00249797851
v  -3.64873558e-05 0.00411449885 0.00149959605
v  -0.00042706728 0.00411215005 0.00246409327
v  -0.0003196951 0.00410956843 0.00146553013
v  -0.000934977084 0.00410294672 0.00232160464
v  -0.000703521073 0.00410246802 0.00132491067
v  -0.00118412264 0.00409838324 0.00224043522
v  -0.000781381503 0.00410095742 0.00128042419
v  -0.00104331598 0.00409564516 0.00107831508
v  -0.00989291072 0.00392293883 -0.000428102911
v  -0.010075205 0.00380872888 -0.000518520363
v  -0.0101212338 0.00375331147 -0.000541458838
v  -0.0101846149 0.00363296224 -0.000573216006
v  -0.0366069973 0.00317203766 -0.0120167509
v  -0.0364534333 0.0032355967 -0.0118659856
v  -0.036349453 0.00329218945 -0.0117722033
v  -0.0357924774 0.00366193568 -0.0113316709
v  -0.0356063731 0.00377807906 -0.0111911679
v  -0.0353880785 0.00387988752 -0.0110111106
v  -0.035217382 0.00390666118 -0.0108381575
v  -0.0352538377 0.00391032686 -0.0108815115
v  -0.0353281088 0.00389760872 -0.0109558292
v  -0.0367505141 0.00314581534 -0.0121756978
v  -0.0369325913 0.00218782714 -0.0119843176
v  -0.0370176062 0.00149061682 -0.0118921427
v  -0.0370444804 0.0011730321 -0.0118624726
v  -0.0356828533 0.00451261504 -0.0113004521
v  -0.0365998968 0.00448909355 -0.0115641421
v  -0.0364769809 0.00415911479 -0.0114276754
v  -0.0368467458 0.00417269906 -0.0115645267
v  -0.0377019085 0.00446568755 -0.0118806083
v  -0.0373878442 0.00419991417 -0.0117559033
v  -0.0389981382 0.00419991417 -0.0122745102
v  -0.0352050215 0.00396342715 -0.0108536743
v  -0.0352480374 0.0040300223 -0.0109008793
v  -0.0352711044 0.00404843455 -0.0109184124
v  -0.035431765 0.00411346694 -0.0110117141
v  -0.0358071886 0.00415167166 -0.0111739617
v  -0.0355360396 0.0051027718 -0.011583183
v  -0.0344977006 0.00609991467 -0.0122091724
v  -0.0383474827 0.00609991467 -0.0121435449
v  -0.0389981382 0.00609992584 -0.0122745102
v  -0.038345173 0.00501574716 -0.0120908199
v  -0.0377248377 0.00503377384 -0.0119450996
v  -0.0377306305 0.00558450771 -0.0120216338
v  -0.0365101993 0.00561263366 -0.0119527606
v  -0.0364758261 0.00609991467 -0.0121727763
v  -0.0352550596 0.00609991467 -0.0122453356
v  -0.0353401899 0.00564082479 -0.0119004687
v  -0.0347752161 0.00565561606 -0.0118279951
v  -0.0365715586 0.00506821973 -0.011746862
v  -0.037628971 0.00609991467 -0.0121060489
v  -0.0306373611 0.00703532575 -0.0156281833
v  -0.0313321352 0.00705522066 -0.0148269879
v  -0.0301913638 0.00706860749 -0.0154205021
v  -0.0265849978 0.00667451276 -0.0171294529
v  -0.0275196601 0.00688660657 -0.0165661369
v  -0.0261210036 0.00665294146 -0.0171058141
v  -0.021046767 0.00180757197 -0.0195977129
v  -0.0209297296 0.00120341929 -0.0196663048
v  -0.0208992902 0.000965473824 -0.0196854211
v  -0.0220486429 0.00393545767 -0.019114472
v  -0.0216215793 0.00327655626 -0.0193082225
v  -0.0212900434 0.00257687224 -0.0194686707
v  -0.021180667 0.00227506226 -0.0195249896
v  -0.0231678728 0.00511425501 -0.018622471
v  -0.022948619 0.00492308615 -0.018719621
v  -0.0225632321 0.00454663252 -0.0188885275
v  -0.0223559197 0.00431802077 -0.0189791415
v  -0.0222192146 0.0041550654 -0.0190391019
v  -0.0231941547 0.00513617648 -0.0186107475
v  -0.0238691028 0.0056338734 -0.0183022302
v  -0.0246101879 0.00604902348 -0.0179553255
v  -0.0252066404 0.00629746309 -0.0176877081
v  -0.0253778454 0.00635648658 -0.0176153723
v  -0.0255804211 0.00641981466 -0.0175335165
v  -0.0276878122 0.00685616164 -0.016715534
v  -0.0288997833 0.00701813912 -0.0160023924
v  -0.0290323906 0.00698433025 -0.0162287746
v  -0.0323144533 0.00696792593 -0.0142325871
v  -0.0325617939 0.00694743497 -0.0147491256
v  -0.0316155478 0.00701716123 -0.0152179357
v  -0.0345821269 0.00631607277 -0.0134101864
v  -0.0338674262 0.00648432178 -0.0130913509
v  -0.0341030546 0.00657331897 -0.013776808
v  -0.0334730037 0.00678599393 -0.0142102269
v  -0.0331542157 0.00678490987 -0.0136498539
v  -0.0332799517 0.00683155423 -0.0143325692
v  -0.0342805572 0.0061741448 -0.0126588466
v  -0.034784127 0.00617154641 -0.0132459719
v  -0.0125966948 0.00177421945 -0.0171931144
v  -0.0125611043 0.00180022384 -0.0173939168
v  -0.01261969 0.00182368385 -0.0176117439
v  -0.0127689177 0.00183696637 -0.0177820008
v  -0.0126308342 0.00234562485 -0.0171086732
v  -0.0126034748 0.00236424198 -0.0172029976
v  -0.0128069734 0.00243662437 -0.0176949669
v  -0.0126559883 0.00241747266 -0.017525522
v  -0.0126129296 0.00240169233 -0.0174187925
v  -0.0125959683 0.00238341233 -0.0173084661
v  -0.0115871141 0.00406660838 -0.0167659782
v  -0.0113009205 0.00421047537 -0.0167417526
v  -0.0113064274 0.00411005085 -0.0167019721
v  -0.0115997493 0.004203822 -0.0168234371
v  -0.0113024693 0.00442516198 -0.0167540405
v  -0.0121993218 0.00402807212 -0.0170965493
v  -0.0123539651 0.0036889161 -0.0171885155
v  -0.0124281617 0.00378060481 -0.0172425751
v  -0.0126085896 0.00348587474 -0.0173836574
v  -0.0126473876 0.0027433685 -0.017448334
v  -0.0124662053 0.00334366737 -0.0172329098
v  -0.0125440527 0.00300739845 -0.0172422621
v  -0.0125831002 0.00305635808 -0.0173490904
v  -0.0113158328 0.00402060291 -0.0166419037
v  -0.0115905656 0.00395022472 -0.0166725349
v  -0.0113444561 0.00389066665 -0.0164729636
v  -0.0116938483 0.003805771 -0.0163312033
v  -0.0116368448 0.00382331898 -0.0164364632
v  -0.0113814818 0.00384470029 -0.0162661783
v  -0.0116086528 0.00386794982 -0.0165570807
v  -0.012185961 0.00355741521 -0.0165622551
v  -0.0118596032 0.00377950585 -0.0166474059
v  -0.0119327633 0.00372146396 -0.0164224412
v  -0.0118807899 0.00374465389 -0.0163993854
v  -0.0125337653 0.00296515925 -0.0171302594
v  -0.0122760311 0.00345369382 -0.0168883335
v  -0.0122737708 0.00351659907 -0.0170017909
v  -0.0123026734 0.00341228163 -0.0167775042
v  -0.0125482595 0.00302671408 -0.0168760717
v  -0.0125495465 0.00293227611 -0.0170228947
v  -0.0128008099 0.00280290423 -0.0176150054
v  -0.0119290454 0.00421911804 -0.0169575159
v  -0.0121361651 0.00391664682 -0.0170537308
v  -0.0123001868 0.00359760737 -0.0171057824
v  -0.0118518993 0.00396485021 -0.0168608148
v  -0.0118447142 0.00385710178 -0.0167628229
v  -0.0127337426 0.00315720914 -0.0175096337
v  -0.0125853419 0.00290945685 -0.0169273335
v  -0.0123462221 0.00339130824 -0.0166781973
v  -0.0120844711 0.00364010734 -0.0167621728
v  -0.0120753441 0.0037111952 -0.0168766566
v  -0.0120927449 0.00380665762 -0.0169780999
v  -0.0118816542 0.00409092894 -0.0169277694
v  -0.011625872 0.00434335833 -0.016839968
v  -0.00963480119 0.00387565 -0.0159344804
v  -0.00784249604 0.00396987004 -0.0157914218
v  -0.0078985393 0.00390663883 -0.0155543992
v  -0.00954618864 0.00443191035 -0.016423922
v  -0.00605053641 0.00437925337 -0.0155637003
v  -0.00435401779 0.00430392241 -0.0149657512
v  -0.00606055371 0.00422754465 -0.0155219827
v  -0.00606943574 0.00465941196 -0.0155187026
v  -0.00780276582 0.00460545486 -0.0160033442
v  -0.00434873346 0.00437310664 -0.0149836829
v  -0.0043482706 0.00450658938 -0.0149916941
v  -0.00605452992 0.00452933041 -0.0155595858
v  -0.0043548476 0.00459528854 -0.0149782039
v  -0.00437132269 0.0047042123 -0.0149386888
v  -0.00442765653 0.0040325257 -0.0147507871
v  -0.00611708872 0.00400345912 -0.0153242089
v  -0.00441427901 0.00405764719 -0.0147886137
v  -0.00608414691 0.00409671059 -0.015437237
v  -0.00618859287 0.00393756619 -0.0150870038
v  -0.00503368676 0.00395873329 -0.0147080868
v  -0.00445443392 0.00399652636 -0.0146757867
v  -0.00451052003 0.00396838924 -0.0145210912
v  -0.0077920435 0.00447626924 -0.0160381906
v  -0.00778980181 0.00433000876 -0.0160366073
v  -0.00779819302 0.00418406492 -0.0159909502
v  -0.00781679619 0.00405899389 -0.0159045421
v  -0.00954452157 0.00428805826 -0.016418932
v  -0.00955155957 0.00414558826 -0.0163710304
v  -0.00956693292 0.00402394449 -0.0162838101
v  -0.0095881559 0.00393727748 -0.0161708649
v  -0.00439061411 0.00478309346 -0.0148899537
v  -0.00438993052 0.00412031403 -0.0148583278
v  -0.00438450649 0.00413833326 -0.0148740569
v  -0.00436106138 0.00424848264 -0.0149437003
v  -0.00334172137 0.00565810082 -0.0124902427
v  -0.00335950591 0.00546598015 -0.0131121287
v  -0.00322183967 0.00535514532 -0.0131218527
v  -0.00321780331 0.00560988253 -0.0124816848
v  -0.00324464217 0.00562355621 -0.012484381
v  -0.00296915881 0.00527234329 -0.0124037564
v  -0.00312810019 0.00520536443 -0.0131093757
v  -0.00300508551 0.0053838673 -0.0124311224
v  -0.0030546803 0.0054676733 -0.0124505963
v  -0.00313263666 0.00555136008 -0.0124690961
v  -0.00296100788 0.00519598415 -0.0123846401
v  -0.00309072528 0.00504567986 -0.0130787082
v  -0.00314453244 0.00500499038 -0.013254636
v  -0.00334614236 0.0048807743 -0.0137494328
v  -0.00358997565 0.00527845463 -0.0137530798
v  -0.00392032322 0.00505026942 -0.0143539784
v  -0.00347049907 0.00516919931 -0.0137776425
v  -0.00382537954 0.00494695036 -0.01438135
v  -0.00338585675 0.00502891047 -0.0137756858
v  -0.00375428889 0.00482284604 -0.0143828066
v  -0.00433164649 0.00475332467 -0.014888918
v  -0.00426493026 0.0046657077 -0.0149060525
v  -0.00421082415 0.00456825225 -0.0149041647
v  -0.00418661349 0.00450993655 -0.0148945246
v  -0.00371392909 0.00469348906 -0.0143596437
v  -0.00417277124 0.00446831202 -0.0148840602
v  -0.00300097 0.00527916988 -0.01174674
v  -0.00296100229 0.00515876664 -0.012385047
v  -0.00296533853 0.00508234417 -0.0124270767
v  -0.00296867173 0.00504907919 -0.0124566825
v  -0.00301375799 0.00545976637 -0.0117899477
v  -0.00302983448 0.00550864963 -0.0118024796
v  -0.00310622994 0.00563846296 -0.0118379975
v  -0.0031427592 0.00567791378 -0.0118496791
v  -0.00326569006 0.00576433493 -0.0118781338
v  -0.00331192371 0.00578432484 -0.0118859066
v  -0.00325120427 0.00612079119 -0.00968030561
v  -0.00341245811 0.00624296954 -0.00971549191
v  -0.00314499065 0.00728330156 -0.00432650046
v  -0.00304114074 0.0071189343 -0.00430623535
v  -0.00298084971 0.00700306101 -0.00399264693
v  -0.00314157922 0.00688546104 -0.00538381701
v  -0.00314240158 0.0066307052 -0.00569967134
v  -0.00322570466 0.00641034311 -0.00750132557
v  -0.00320314988 0.00628752029 -0.00721365074
v  -0.00315451622 0.00594505435 -0.00963728502
v  -0.00317101926 0.00591917476 -0.0088932775
v  -0.00320012495 0.00613235822 -0.00791738089
v  -0.00324263424 0.00705372682 -0.00541098835
v  -0.00332451332 0.00658403104 -0.00753871212
v  -0.00330415834 0.00739696203 -0.00433192635
v  -0.00340180378 0.00717154285 -0.00542214885
v  -0.00348607544 0.00670497073 -0.00756486459
v  -0.0135389967 0.00383162638 -0.0109606888
v  -0.0132966163 0.00383506296 -0.0111099044
v  -0.0124176564 0.00384788727 -0.0115676085
v  -0.0120517788 0.00385338208 -0.0117228124
v  -0.0114908237 0.00386196515 -0.0119243143
v  -0.00639631134 0.0039475183 -0.0120292529
v  -0.00736748613 0.00393018825 -0.01224114
v  -0.0083022099 0.00391397206 -0.012339944
v  -0.00855249539 0.00390970288 -0.0123495273
v  -0.00954775326 0.00389303779 -0.0123183485
v  -0.0100813564 0.00388430757 -0.0122550102
v  -0.010528205 0.00387711031 -0.0121762119
v  -0.00506594032 0.00396545557 -0.0130161075
v  -0.00511029549 0.0039661075 -0.0127381068
v  -0.00606398471 0.00395310065 -0.0119923176
v  -0.00525309239 0.00396470679 -0.0124422964
v  -0.00546167791 0.00396193331 -0.0122195669
v  -0.00555818062 0.00396058848 -0.0121512515
v  -0.00575107895 0.00395782804 -0.0120563684
v  -0.00520309806 0.0039653047 -0.0125216618
v  -0.00506683625 0.00396503275 -0.0130910687
v  -0.00513089448 0.00396232447 -0.013405418
v  -0.00517946295 0.00396099826 -0.0135165071
v  -0.00529583078 0.00395831047 -0.013697098
v  -0.00583497807 0.00394808827 -0.014052839
v  -0.00554008316 0.00395347876 -0.0139192427
v  -0.0055165533 0.00395392207 -0.0139033617
v  -0.014538384 0.00380660361 -0.0128127569
v  -0.0146679701 0.00380477076 -0.0127314003
v  -0.00691238232 0.00392897567 -0.0142940702
v  -0.00800890941 0.00390985748 -0.014425844
v  -0.008501417 0.0039013247 -0.0144489054
v  -0.00959365908 0.00388305588 -0.0144210728
v  -0.0136178834 0.00381997554 -0.0133224558
v  -0.0132941315 0.00382479979 -0.0134754321
v  -0.012663696 0.00383434026 -0.0137375249
v  -0.0116683589 0.00384973874 -0.0140620302
v  -0.0106414706 0.00386602012 -0.0142911077
v  -0.0149218235 0.00380160799 -0.0125039406
v  -0.0150895556 0.00380022591 -0.0122068273
v  -0.015137827 0.00380021846 -0.0120267095
v  -0.0151531538 0.00380060589 -0.0118725067
v  -0.0151056647 0.00380274421 -0.0115327863
v  -0.0149676641 0.00380624598 -0.0112496382
v  -0.0148240803 0.00380955962 -0.0110823391
v  -0.0147504508 0.00381111121 -0.0110190408
v  -0.0144420024 0.00381694874 -0.0108521096
v  -0.0143761383 0.00381811475 -0.0108320629
v  -0.0141386669 0.00382222375 -0.0107966345
v  -0.0138112325 0.00382754719 -0.0108375363
v  -0.0138630923 0.00382673135 -0.0108239343
v  -0.0356347822 -0.00315736094 -0.0130289849
v  -0.0367281176 -0.00323864305 -0.0122122746
v  -0.0367866717 -0.0035098982 -0.0121874399
v  -0.0353004783 -0.00399382645 -0.0133363567
v  -0.0361819416 -0.0040000719 -0.0126832975
v  -0.0354243331 -0.00370008172 -0.0132219614
v  -0.0367749482 -0.00400017062 -0.0122353761
v  -0.0369184762 -0.00374661246 -0.0121055711
v  -0.0371166095 -0.00392199913 -0.0119689535
v  -0.0373491943 -0.00399816642 -0.0117978295
v  -0.0373942293 -0.00400008494 -0.0117635848
v  -0.0358908586 -0.00215994054 -0.0127824917
v  -0.03604462 -0.00105651503 -0.0126257855
v  -0.036095906 9.99137774e-05 -0.0125708804
v  -0.0353738517 -0.00376681122 -0.0110266516
v  -0.0364244245 -0.00330986502 -0.0118927555
v  -0.0364495851 -0.00349243963 -0.0118718678
v  -0.0360093415 -0.00349405082 -0.0115391957
v  -0.0367296711 -0.00392163405 -0.011639311
v  -0.0362228639 -0.0039425143 -0.0113600427
v  -0.0361369364 -0.00386407855 -0.0114321401
v  -0.0356492884 -0.00391840423 -0.0111420443
v  -0.0356100462 -0.00385293807 -0.0111758569
v  -0.0355862789 -0.00377616915 -0.0111963367
v  -0.0365127251 -0.00366731966 -0.0118194371
v  -0.0360246487 -0.00362697663 -0.0115263518
v  -0.0355794579 -0.00369738275 -0.0112022078
v  -0.0360681079 -0.00375524396 -0.0114898914
v  -0.0366097987 -0.00381513569 -0.0117388396
v  -0.0346173309 -0.00400008494 -0.0134140262
v  -0.0350617245 -0.00400008494 -0.0130671961
v  -0.0370121337 -0.00400008494 -0.0138914976
v  -0.0332994387 -0.00400008494 -0.015955586
v  -0.0367929861 -0.00400008494 -0.014636388
v  -0.0332919359 -0.00400008494 -0.0141105009
v  -0.0331040174 -0.00400008494 -0.0134887975
v  -0.0327730738 -0.00400008494 -0.0129299564
v  -0.0325613767 -0.00400008494 -0.0125828423
v  -0.0324090533 -0.00400008494 -0.0125422366
v  -0.0327967182 -0.00400008494 -0.0117911091
v  -0.0326492451 -0.00400008494 -0.0117454194
v  -0.0369155481 -0.00400008494 -0.015267753
v  -0.036975652 -0.00400008494 -0.0153910546
v  -0.0375265144 -0.00400008494 -0.0170526188
v  -0.0375111662 -0.00400008494 -0.0159532838
v  -0.0381634533 -0.00400008494 -0.017169537
v  -0.0382560641 -0.00400008494 -0.0161724295
v  -0.0392346866 -0.00400008494 -0.0169885512
v  -0.0390107259 -0.00400008494 -0.0159897693
v  -0.0401280038 -0.00400008494 -0.0163702536
v  -0.0395729579 -0.00400008494 -0.0154542476
v  -0.0406746939 -0.00400008494 -0.0154314097
v  -0.0404001959 -0.00400008494 -0.0133283297
v  -0.0396308564 -0.00400008494 -0.0125612542
v  -0.0396094434 -0.00400008494 -0.0139546907
v  -0.039073918 -0.00400008494 -0.0133924615
v  -0.0383290313 -0.00400008494 -0.0131733166
v  -0.0407715179 -0.00400008494 -0.0143493181
v  -0.0397920981 -0.00400008494 -0.0147093572
v  -0.0396695398 -0.00400008494 -0.0140779922
v  -0.0375743583 -0.00400008494 -0.0133559769
v  -0.033331424 -0.00400008494 -0.0146408537
v  -0.0395074375 -0.00590008544 -0.0124873621
v  -0.0375268608 -0.00590008544 -0.0170527324
v  -0.0380428545 -0.00590008544 -0.0171608124
v  -0.039085377 -0.00590008544 -0.0170443282
v  -0.0385730751 -0.00590008544 -0.0171571374
v  -0.0401280448 -0.00590008544 -0.0163702965
v  -0.0399726406 -0.00590008544 -0.0165246371
v  -0.0395621881 -0.00590008544 -0.0168265887
v  -0.0392347984 -0.00590008544 -0.0169887915
v  -0.0403277911 -0.00590008544 -0.0161250718
v  -0.0405908599 -0.00590008544 -0.0156573411
v  -0.0407715626 -0.00590008544 -0.0143493125
v  -0.040792346 -0.00590008544 -0.0146284122
v  -0.0407464802 -0.00590008544 -0.0151522672
v  -0.0406746939 -0.00590008544 -0.0154314097
v  -0.0407296754 -0.00590008544 -0.0141141657
v  -0.040561337 -0.00590008544 -0.0136226267
v  -0.039930094 -0.00590008544 -0.0127837947
v  -0.0402880944 -0.00590008544 -0.013166151
v  -0.0404003933 -0.00590008544 -0.0133282123
v  -0.0347795971 -0.00590008544 -0.0142328758
v  -0.0367929861 -0.00590008544 -0.014636388
v  -0.0342656039 -0.00590008544 -0.0147562101
v  -0.039073918 -0.00590008544 -0.0133924615
v  -0.0383290313 -0.00590008544 -0.0131733166
v  -0.0375743583 -0.00590008544 -0.0133559769
v  -0.0382560641 -0.00590008544 -0.0161724295
v  -0.0375111662 -0.00590008544 -0.0159532838
v  -0.0370121337 -0.00590008544 -0.0138914976
v  -0.0395729579 -0.00590008544 -0.0154542476
v  -0.0397920981 -0.00590008544 -0.0147093572
v  -0.0390107259 -0.00590008544 -0.0159897693
v  -0.0396094434 -0.00590008544 -0.0139546907
v  -0.0328723453 -0.00590008544 -0.0158447698
v  -0.036975652 -0.00590008544 -0.0153910546
v  -0.0369155481 -0.00590008544 -0.015267753
v  -0.0396695398 -0.00590008544 -0.0140779922
v  -0.0346969292 -0.00590008544 -0.0127251847
v  -0.0349910855 -0.00590008544 -0.0130921286
v  -0.0350856148 -0.00590008544 -0.013306248
v  -0.0350734629 -0.00590008544 -0.0136623932
v  -0.0349195413 -0.00590008544 -0.0140262526
v  -0.0340670086 -0.00590008544 -0.0149140991
v  -0.0334652103 -0.00590008544 -0.0153196072
v  -0.0327683389 -0.00590008544 -0.0157083645
v  -0.032612294 -0.00590008544 -0.0157873221
v  -0.0257066302 -0.00600720709 -0.0177343171
v  -0.0268161185 -0.00630328944 -0.0173214041
v  -0.0257076044 -0.00600486202 -0.0177353267
v  -0.0348054506 -0.00597366272 -0.0132869855
v  -0.0348166972 -0.00598612288 -0.0133935735
v  -0.0347919576 -0.00600459473 -0.0135030197
v  -0.0344323255 -0.006223056 -0.0137719624
v  -0.0347285047 -0.00603185827 -0.0136385243
v  -0.0345377326 -0.00609019073 -0.0138968462
v  -0.0338922478 -0.0064456421 -0.0141611677
v  -0.034482006 -0.00610438967 -0.0139576355
v  -0.0344954021 -0.0061010574 -0.0139433863
v  -0.0333914831 -0.00645862008 -0.0146838762
v  -0.0339562595 -0.00631916011 -0.0143237552
v  -0.0337530114 -0.00623562792 -0.0145592671
v  -0.0339722633 -0.00620430475 -0.0144017665
v  -0.0343064629 -0.00614409475 -0.0141282724
v  -0.032815598 -0.00654272037 -0.0150140915
v  -0.0330851935 -0.00630297745 -0.0149753895
v  -0.0334120803 -0.00627455907 -0.014781449
v  -0.0316609219 -0.00640768511 -0.0156739801
v  -0.0319781117 -0.00631928211 -0.0155408392
v  -0.031449914 -0.00621271459 -0.0157554466
v  -0.0328394473 -0.00631973473 -0.0151116159
v  -0.0323907956 -0.00634227647 -0.0153428148
v  -0.0328390114 -0.00634931354 -0.0151052559
v  -0.0320932567 -0.00633301539 -0.0154871838
v  -0.0310548842 -0.00620780652 -0.0159129463
v  -0.0304590557 -0.00638827635 -0.0161574129
v  -0.0292606186 -0.00631199731 -0.0165877547
v  -0.0282735899 -0.00600107992 -0.0168688279
v  -0.0268914569 -0.00576781807 -0.0173065383
v  -0.0268962923 -0.00596405612 -0.0173788872
v  -0.0258020125 -0.00567293027 -0.0177496001
v  -0.0258187205 -0.00549325859 -0.0176537614
v  -0.0257976092 -0.00569769787 -0.0177565478
v  -0.0268782061 -0.00608006911 -0.0173867792
v  -0.0280702207 -0.00617422117 -0.0169893708
v  -0.0296991561 -0.0061449972 -0.0164023656
v  -0.0256637298 -0.00609849812 -0.017680807
v  -0.0267773233 -0.00639159651 -0.0172535591
v  -0.0280023776 -0.00650883792 -0.0168966074
v  -0.0280328225 -0.00640610093 -0.0169538744
v  -0.0292291231 -0.00653717434 -0.0165335499
v  -0.0267379936 -0.00645665405 -0.0171718411
v  -0.0279675219 -0.00659112399 -0.0168194007
v  -0.033327207 -0.00659076078 -0.0145269362
v  -0.0327523276 -0.00668011839 -0.0148608312
v  -0.0316343047 -0.00661066594 -0.0155954035
v  -0.0315746404 -0.00675889337 -0.0154448505
v  -0.0304310285 -0.00660300488 -0.0160892718
v  -0.0303729884 -0.00676319329 -0.015938811
v  -0.0291688014 -0.00670996914 -0.0163876787
v  -0.0257458743 -0.00590058742 -0.017765699
v  -0.0268508159 -0.00619656825 -0.0173674691
v  -0.0280559883 -0.00629113754 -0.0169852991
v  -0.0215626843 -0.00149632839 -0.0192614775
v  -0.0216021463 -0.00189639861 -0.0193482209
v  -0.0216704514 -0.00184861431 -0.0192106664
v  -0.0249386746 -0.00535896746 -0.0180568416
v  -0.0248230007 -0.00566522172 -0.0180785786
v  -0.0210871305 -0.000978153548 -0.019654464
v  -0.0210711509 9.99137774e-05 -0.0196826607
v  -0.0213322677 -0.00202122377 -0.0195214655
v  -0.0217548478 -0.00298210466 -0.0193217546
v  -0.022347115 -0.00385280023 -0.0190671384
v  -0.0230645332 -0.00460590003 -0.0187704302
v  -0.0238809641 -0.00524609955 -0.0184270274
v  -0.0247723479 -0.00575457187 -0.0180409942
v  -0.0258043837 -0.00548689859 -0.0176567193
v  -0.0251637567 -0.00527498266 -0.0178788006
v  -0.024422409 -0.00493795378 -0.0181561951
v  -0.0240700506 -0.00489932718 -0.0183865242
v  -0.0241088346 -0.00475959992 -0.0182746947
v  -0.0237208381 -0.00450387457 -0.0184197705
v  -0.0232737958 -0.00431103772 -0.0186851248
v  -0.0233230479 -0.00419531995 -0.018567048
v  -0.0220071394 -0.00279453443 -0.0191717111
v  -0.0225775093 -0.00360884937 -0.0189468544
v  -0.0221477877 -0.00285139354 -0.0190093815
v  -0.0225832146 -0.00345406542 -0.0188416056
v  -0.0231063794 -0.00400419207 -0.0186470207
v  -0.0217908509 -0.00216228748 -0.0191570185
v  -0.021809645 -0.00220614718 -0.0191488694
v  -0.0220708419 -0.00272317277 -0.0190401394
v  -0.0214798432 -0.00113941019 -0.0193030089
v  -0.0213663056 -0.0009182918 -0.0194669515
v  -0.0214370415 -0.00089477963 -0.019325681
v  -0.0212534536 9.99137774e-05 -0.0195583161
v  -0.0213644747 9.99137774e-05 -0.0193676092
v  -0.0214121789 -0.000713328249 -0.0193394106
v  -0.0248698778 -0.00556462957 -0.018094521
v  -0.0239889976 -0.00507554365 -0.0184454955
v  -0.0231823288 -0.00445818016 -0.01876105
v  -0.0224761106 -0.00372917438 -0.0190367587
v  -0.0218959693 -0.00288650068 -0.0192741789
v  -0.0214833077 -0.00195762934 -0.0194607675
v  -0.0212434325 -0.000947863155 -0.0195857082
v  -0.0211693179 9.99137774e-05 -0.0196306221
v  -0.0343706831 -0.00591900153 -0.0125708645
v  -0.0348836854 -0.00591832632 -0.0131719634
v  -0.0349371359 -0.0059046247 -0.0131322304
v  -0.0128754834 -0.00214432972 -0.0165035184
v  -0.0128113842 9.99137774e-05 -0.0166620836
v  -0.0128754834 0.00234415708 -0.0165035184
v  -0.0128467046 0.0018442549 -0.0165747181
v  -0.0128312018 0.00144942629 -0.0166130643
v  -0.0128467046 -0.00164442544 -0.0165747181
v  -0.0128311543 -0.00124822219 -0.0166131742
v  -0.0128147313 -0.000486242003 -0.0166537892
v  -0.012866783 -0.0024603554 -0.0164350346
v  -0.0128600784 -0.00250902632 -0.016421428
v  -0.0127805071 -0.00285156304 -0.0162651055
v  -0.0126416478 -0.00316903042 -0.0160004292
v  -0.0125600053 -0.00329473102 -0.0158465188
v  -0.0124620041 -0.00341084646 -0.0156626273
v  -0.0122399731 -0.00357611524 -0.0152486963
v  -0.0119841713 -0.00364125753 -0.0147754196
v  -0.0215388853 -0.00347122597 -0.0167552382
v  -0.0247096382 -0.00343484292 -0.0128585165
v  -0.0234611649 -0.00343830371 -0.0168613531
v  -0.0148948878 -0.00361275719 -0.0100859189
v  -0.0205449536 -0.00348860445 -0.0166194942
v  -0.018393876 -0.0035270066 -0.0161460359
v  -0.0162486862 -0.00356542366 -0.0156464968
v  -0.00538982451 -0.00376739609 -0.0114130536
v  -0.00467379205 -0.0037774581 -0.0118734231
v  -0.00429649465 -0.00378219853 -0.0122437403
v  -0.0143234627 -0.0036228993 -0.00998290256
v  -0.014121593 -0.00362635637 -0.00997326337
v  -0.00377438962 -0.00378816831 -0.0128900958
v  -0.00371287856 -0.00378711591 -0.0133651774
v  -0.00400782935 -0.0037797119 -0.0139156403
v  -0.00439554173 -0.00377101148 -0.0144054657
v  -0.0126540903 -0.0036495016 -0.0103333583
v  -0.013182262 -0.00364159094 -0.0101103391
v  -0.0133454381 -0.00363904657 -0.0100642024
v  -0.0137454504 -0.00363262417 -0.0099916365
v  -0.00635902211 -0.0037521706 -0.0111540891
v  -0.00722525641 -0.00373734767 -0.0111992136
v  -0.00794517156 -0.00372470962 -0.0113087967
v  -0.00955672842 -0.00369748147 -0.0113132559
v  -0.0111604333 -0.00367186079 -0.0109827537
v  -0.012619094 -0.00365000637 -0.010352564
v  -0.00419290923 -0.00409284281 -0.0148592107
v  -0.00419482961 -0.00408532703 -0.0148570463
v  -0.00426925905 -0.00391648011 -0.0147757651
v  -0.00438429974 -0.0038048781 -0.0146534266
v  -0.00298180338 -0.00474905921 -0.0125591531
v  -0.00303569995 -0.00449087052 -0.0128576066
v  -0.00310034119 -0.00429115491 -0.0131112644
v  -0.00327530783 -0.00428670691 -0.0135950334
v  -0.00351702049 -0.00428133504 -0.0140626272
v  -0.00381763093 -0.00427523023 -0.0144947171
v  -0.00327024236 -0.00451983279 -0.0103540942
v  -0.0032765884 -0.00478619104 -0.0090343086
v  -0.00336338766 -0.00405609841 -0.0126391929
v  -0.00328699127 -0.0041859434 -0.0120444037
v  -0.00332094729 -0.00402927632 -0.0127216401
v  -0.0140963355 -0.00506752217 -0.00810836442
v  -0.00526771229 -0.00579389138 -0.0052604354
v  -0.00531683862 -0.00511916867 -0.00814791489
v  -0.00528117642 -0.00482732942 -0.00954628829
v  -0.00328257401 -0.00421644608 -0.0118992571
v  -0.00389779732 -0.00428246381 -0.0118583869
v  -0.00328454189 -0.00420230674 -0.011967103
v  -0.00351048633 -0.00413613813 -0.01237885
v  -0.00732735358 -0.00470681721 -0.0107171675
v  -0.00669699628 -0.0046928511 -0.0106499726
v  -0.00606561173 -0.00465343194 -0.0106922137
v  -0.0054414589 -0.00458866498 -0.0108429501
v  -0.00488004927 -0.00450576888 -0.0110865692
v  -0.00433933269 -0.00439902348 -0.0114419945
v  -0.00767393038 -0.0048197289 -0.0101526314
v  -0.00990936067 -0.00476055359 -0.0107577341
v  -0.0109129976 -0.00480844872 -0.0105227595
v  -0.00938577764 -0.00474170828 -0.0108230943
v  -0.00861711707 -0.00472154608 -0.0108510647
v  -0.00782663655 -0.00470980862 -0.0107962554
v  -0.0136743253 -0.00494889868 -0.00946614146
v  -0.0107403249 -0.00517191691 -0.00823209342
v  -0.0129850535 -0.00493611069 -0.00962394476
v  -0.0123381428 -0.00490155583 -0.00991069153
v  -0.00774080493 -0.00536261266 -0.0074208579
v  -0.0111593762 -0.00482253497 -0.0104417196
v  -0.00776992459 -0.00566117512 -0.00606349111
v  -0.0107923253 -0.00537492847 -0.00700396905
v  -0.0136956582 -0.00494430447 -0.00943199545
v  -0.013685667 -0.00494894153 -0.00946467556
v  -0.00531683862 -0.00544792367 -0.00669010216
v  -0.000934645534 -0.00590023631 0.00231868215
v  -0.000418400392 -0.00590023538 0.00246472191
v  -0.0272935368 -0.00538453693 -0.013862812
v  -0.0274605695 -0.00499028666 -0.0126252314
v  -0.0270327963 -0.00496543711 -0.013714131
v  -0.027416151 -0.00501758093 -0.0127560366
v  -0.0276832823 -0.00501608616 -0.012213761
v  -0.0278630145 -0.00516155502 -0.0122698331
v  -0.0278656408 -0.00504731247 -0.0120093049
v  -0.0279682782 -0.0050598518 -0.011938028
v  -0.0276677571 -0.00501386775 -0.0122371158
v  -0.0277109146 -0.00506089302 -0.0122414529
v  -0.0275227483 -0.00516856136 -0.0127691766
v  -0.0276713967 -0.00527094537 -0.0128052002
v  -0.0270055756 -0.00496435771 -0.013789285
v  -0.0270476248 -0.005128955 -0.0137929646
v  -0.0271489415 -0.00528099434 -0.0138185462
v  -0.0264449324 -0.00498571014 -0.0153643461
v  -0.0267149806 -0.00514941895 -0.0146958176
v  -0.0268263742 -0.00495776394 -0.0142900934
v  -0.0264132135 -0.00520817423 -0.0156278107
v  -0.0263638906 -0.00497452682 -0.0155925835
v  -0.0268121231 -0.00531465979 -0.0147236111
v  -0.0264847036 -0.0053173718 -0.0156613961
v  -0.0265555866 -0.00538343145 -0.015691448
v  -0.0269608628 -0.00542927673 -0.0147717753
v  -0.0266347341 -0.00543115055 -0.0157229807
v  -0.0267577767 -0.00546843233 -0.0157690998
v  -0.0267822426 -0.00546721322 -0.0158521887
v  -0.02662207 -0.00536570931 -0.016412273
v  -0.0271092597 -0.00542202638 -0.0162891503
v  -0.0326110609 -0.00533413095 -0.0157769527
v  -0.0309629254 -0.00555174844 -0.0153492223
v  -0.0320100747 -0.00540914061 -0.0156781357
v  -0.0315796211 -0.00544868829 -0.0156745333
v  -0.0313871987 -0.00546223531 -0.0156895369
v  -0.0311269667 -0.0055470136 -0.0141363284
v  -0.0311238095 -0.00553435972 -0.0140148811
v  -0.0311285872 -0.00553436438 -0.0140160853
v  -0.0308113508 -0.00558540085 -0.0150263729
v  -0.0311320275 -0.00555732613 -0.0142530445
v  -0.0311416984 -0.00553657627 -0.0140392892
v  -0.0311339106 -0.0055347248 -0.0140206115
v  -0.0290748272 -0.00556677254 -0.0156749804
v  -0.0264503378 -0.00508557586 -0.0170297492
v  -0.0276755579 -0.00530018797 -0.0167054888
v  -0.0264937971 -0.00516944518 -0.0168869011
v  -0.0279574245 -0.00539945392 -0.0164523534
v  -0.0307883825 -0.00548530323 -0.0158034675
v  -0.0306210201 -0.00548591511 -0.0158538148
v  -0.0298822634 -0.00551937008 -0.0158820003
v  -0.0290380642 -0.00543303555 -0.0163313095
v  -0.0283332337 -0.00537605071 -0.0165276174
v  -0.0310056526 -0.00557620032 -0.01505794
v  -0.031027507 -0.00542381639 -0.0153659806
v  -0.031252645 -0.00540780229 -0.0145694213
v  -0.0310140718 -0.00546739297 -0.0153624956
v  -0.0315898284 -0.00517929764 -0.0128424149
v  -0.0318236277 -0.00472317869 -0.0120800706
v  -0.0313396417 -0.00544391992 -0.0136666019
v  -0.0310350675 -0.00535351457 -0.0153679391
v  -0.031683892 -0.00511837332 -0.0128972428
v  -0.031437818 -0.00537960371 -0.0137107149
v  -0.0311881527 -0.00551094348 -0.0145391962
v  -0.0317393392 -0.00502295187 -0.0129554234
v  -0.0314990133 -0.00527826184 -0.0137520367
v  -0.0319115072 -0.00467039784 -0.0121486206
v  -0.0319590718 -0.00458883913 -0.0122279497
v  -0.0319649093 -0.00454394473 -0.0122654866
v  -0.0312705897 -0.00529524731 -0.0145866005
v  -0.0315133333 -0.00516766543 -0.0137813175
v  -0.0317478813 -0.0049189073 -0.0130032124
v  -0.0319601521 -0.00450008595 -0.0122990031
v  -0.0320611782 -0.00437801844 -0.0119983517
v  -0.0320907906 -0.00431455811 -0.0119892601
v  -0.0326708257 -0.00399108278 -0.0116757434
v  -0.0324856415 -0.0040274472 -0.0117242215
v  -0.0319324806 -0.00447319681 -0.0118026817
v  -0.0320501328 -0.00440674974 -0.0119582405
v  -0.0320042707 -0.00445191609 -0.0118757561
v  -0.0321164392 -0.00421346584 -0.011602317
v  -0.0322100259 -0.0042015356 -0.011797918
v  -0.0321999453 -0.00421338947 -0.0117573692
v  -0.0323004313 -0.00412590848 -0.0116927931
v  -0.0321658477 -0.00422337698 -0.0116757238
v  -0.0324166492 -0.00405444624 -0.0116566364
v  -0.0324058197 -0.00403744588 -0.0115804272
v  -0.0326914825 -0.003963931 -0.0116090309
v  -0.0327099077 -0.0039190636 -0.0115495399
v  -0.0323869884 -0.00400302047 -0.0115120569
v  -0.0323024839 -0.00411866652 -0.0117755737
v  -0.0322154425 -0.00418597693 -0.0118366247
v  -0.0328575559 -0.00391864823 -0.0115948189
v  -0.0328390896 -0.00396374101 -0.0116543965
v  -0.0328183696 -0.00399103807 -0.0117212618
v  -0.0331458375 -0.00385337765 -0.0118582621
v  -0.0329969004 -0.00395407574 -0.0117617967
v  -0.0330079012 -0.00394986803 -0.0118416259
v  -0.0332104415 -0.00379168498 -0.0117692659
v  -0.0332653858 -0.00368039357 -0.0118509876
v  -0.0332589634 -0.00371828536 -0.0117592476
v  -0.0332789458 -0.00360382581 -0.0116204768
v  -0.0332553163 -0.00367459143 -0.0116442246
v  -0.0333168246 -0.00355404848 -0.0117235016
v  -0.0332947522 -0.00363843748 -0.0117438482
v  -0.0332206488 -0.0037408513 -0.0116634062
v  -0.0331500359 -0.0038568757 -0.011773481
v  -0.0331220739 -0.00385446916 -0.0116862832
v  -0.0332958214 -0.00358997146 -0.0118381521
v  -0.0333095156 -0.00350008579 -0.0118208127
v  -0.0331995934 -0.00363685796 -0.011535991
v  -0.0331546105 -0.00374246249 -0.0115809198
v  -0.0330779068 -0.00383169646 -0.0116093289
v  -0.0332198106 -0.00376408058 -0.0118579883
v  -0.0331938155 -0.00380003895 -0.0118591813
v  -0.0331591927 -0.00383993122 -0.0118588563
v  -0.0329896733 -0.00393334636 -0.0116844298
v  -0.0333177485 -0.00274348492 -0.0111481789
v  -0.0334198102 -0.00264922949 -0.0114497719
v  -0.0334293805 -0.00268630357 -0.0113459211
v  -0.0334933437 -0.00175625307 -0.011202394
v  -0.0335040726 -0.00177978014 -0.0110953292
v  -0.0333943516 -0.00272055017 -0.0112369526
v  -0.0333956219 -0.00181618566 -0.0108924853
v  -0.0334409662 -0.000861108594 -0.0107435929
v  -0.0335150659 -0.000853928097 -0.0108356625
v  -0.033470612 -0.00180153211 -0.0109834438
v  -0.0335476995 -0.000843305432 -0.0109489821
v  -0.033536382 -0.000831822224 -0.0110576227
v  -0.0335505232 9.99137774e-05 -0.0110100536
v  -0.0335620232 9.99137774e-05 -0.0109009333
v  -0.0335296504 9.99137774e-05 -0.0107871881
v  -0.0334558301 9.99137774e-05 -0.0106947925
v  -0.0262451582 -0.00411767559 -0.0103741949
v  -0.0262935665 -0.00404409738 -0.0100678476
v  -0.0261196792 -0.00399387302 -0.0102478703
v  -0.0271795895 -0.00447424734 -0.0104765221
v  -0.0267402306 -0.00397336157 -0.00977789797
v  -0.0265088566 -0.00403875345 -0.00990326889
v  -0.0275358818 -0.00484586367 -0.0112770349
v  -0.0270607155 -0.00470271194 -0.0111927455
v  -0.0270146485 -0.00451746164 -0.0105865952
v  -0.0267165024 -0.00449417019 -0.0108447038
v  -0.0268561281 -0.00452346774 -0.0107131032
v  -0.0277460124 -0.00500552962 -0.0118887536
v  -0.0009340588 -0.00489372993 0.0023175953
v  -0.014801478 -0.00491858413 -0.00958218239
v  -0.0143925417 -0.00493449578 -0.0071188584
v  -0.0157379508 -0.00490009552 -0.0097735906
v  -0.0166211743 -0.00489289826 -0.00802635588
v  -0.0163391121 -0.00488912826 -0.00996797532
v  -0.0172435921 -0.00487999851 -0.00856303517
v  -0.0177340582 -0.00486346288 -0.0104350569
v  -0.0178119764 -0.00486880215 -0.00892612152
v  -0.0179115329 -0.00486014364 -0.0104989829
v  -0.0183806699 -0.00485815806 -0.00916444324
v  -0.0190735143 -0.0048387493 -0.0109215919
v  -0.0191282164 -0.00484466692 -0.00936186034
v  -0.020730786 -0.00480819447 -0.0115157329
v  -0.0211123303 -0.00480972091 -0.00970513094
v  -0.0215438511 -0.00479317596 -0.0117983492
v  -0.0263957307 -0.00470448332 -0.0133334296
v  -0.0250481777 -0.00472890353 -0.0129343029
v  -0.0217689294 -0.00478910422 -0.0118753118
v  -0.0276703089 0.00547119556 -0.0128079914
v  -0.0281170644 0.00525239622 -0.0118437391
v  -0.0278619733 0.00536208553 -0.0122724837
v  -0.0279856231 0.00526011689 -0.0119256973
v  -0.0278656799 0.00524700573 -0.0120089557
v  -0.027709838 0.00526131643 -0.0122440625
v  -0.0278582741 0.00524544483 -0.0120146293
v  -0.0276498217 0.00521093933 -0.0122635895
v  -0.0274105724 0.00518571725 -0.0127369035
v  -0.0274150632 0.00521760946 -0.0127587654
v  -0.0275216233 0.00536871282 -0.0127719305
v  -0.0272930153 0.00558441272 -0.0138640124
v  -0.0271483753 0.00548077514 -0.0138197318
v  -0.0270470809 0.00532862125 -0.0137941558
v  -0.0270051137 0.00516394479 -0.0137905004
v  -0.0263638832 0.00517435698 -0.0155925853
v  -0.0267149098 0.00534925377 -0.0146959852
v  -0.0263649039 0.00522204256 -0.0155965667
v  -0.0268276948 0.00515739759 -0.0142863523
v  -0.026644079 0.00518075516 -0.0148034804
v  -0.0266386177 0.00563278561 -0.0157244913
v  -0.026960792 0.00562911062 -0.0147719458
v  -0.0265859477 0.00560422754 -0.0157037564
v  -0.0268120579 0.00551449461 -0.0147237806
v  -0.0263903588 0.005351461 -0.0156154232
v  -0.0264308341 0.00544156088 -0.0156366024
v  -0.0264867749 0.00551956845 -0.0156623125
v  -0.0309629254 0.00575157767 -0.0153492223
v  -0.0290746838 0.00576659618 -0.0156750269
v  -0.0308114495 0.00578522822 -0.0150263319
v  -0.031026192 0.0057808063 -0.014921017
v  -0.0265861079 0.00552117592 -0.016549658
v  -0.027957011 0.00559923938 -0.0164524689
v  -0.0264502522 0.00528519368 -0.0170298591
v  -0.0276682191 0.00549901603 -0.0167078078
v  -0.0267108139 0.00563678844 -0.0160935931
v  -0.0271088462 0.00562180718 -0.0162892733
v  -0.0311291032 0.0057435385 -0.0141036427
v  -0.0311291944 0.00573397754 -0.0140159456
v  -0.0311343353 0.00573432585 -0.0140202884
v  -0.0311235748 0.00573399058 -0.0140147302
v  -0.031141758 0.00573609723 -0.0140381102
v  -0.0311396942 0.00575118652 -0.0141888103
v  -0.0310973227 0.00577292359 -0.0144749442
v  -0.031403102 0.00566089852 -0.0156880077
v  -0.0308347438 0.00568436226 -0.0157910511
v  -0.031579636 0.00564851006 -0.015674537
v  -0.0320022926 0.00560960313 -0.0156781413
v  -0.0326110609 0.00553395925 -0.0157769527
v  -0.0283331592 0.00557587435 -0.0165279191
v  -0.0290384497 0.00563289924 -0.0163314007
v  -0.0298821274 0.00571919372 -0.0158820432
v  -0.0306210201 0.00568574248 -0.0158538148
v  -0.0310021341 0.0056934054 -0.015359397
v  -0.0311881527 0.0057107727 -0.0145391962
v  -0.031252645 0.00560763059 -0.0145694213
v  -0.0313396417 0.00564374914 -0.0136666019
v  -0.0315898284 0.00537912687 -0.0128424149
v  -0.0310350675 0.00555334194 -0.0153679429
v  -0.0312705897 0.00549507653 -0.0145866005
v  -0.0315133333 0.00536749279 -0.0137813175
v  -0.031437818 0.00557943201 -0.0137107149
v  -0.0314990133 0.00547809107 -0.0137520367
v  -0.0317478813 0.00511873467 -0.0130032124
v  -0.0317393392 0.00522278016 -0.0129554234
v  -0.031683892 0.00531820161 -0.0128972428
v  -0.0319601521 0.00469991332 -0.0122990031
v  -0.0319590718 0.0047886665 -0.0122279497
v  -0.0319115072 0.00487022614 -0.0121486206
v  -0.0318236277 0.00492300605 -0.0120800706
v  -0.0319984443 0.00470064534 -0.0120863086
v  -0.0320042707 0.00465174345 -0.0118757561
v  -0.0320501328 0.00460657803 -0.0119582405
v  -0.0321166217 0.00450904993 -0.0118471859
v  -0.0321658477 0.00442320434 -0.0116757238
v  -0.0320075043 0.00462576514 -0.0121608973
v  -0.0320645571 0.00454707397 -0.0120355571
v  -0.0321999453 0.00441321684 -0.0117573692
v  -0.0322100259 0.00440136297 -0.011797918
v  -0.0324187875 0.00425584009 -0.0116952043
v  -0.0326708257 0.004190912 -0.0116757434
v  -0.0324166492 0.00425427547 -0.0116566364
v  -0.0326917246 0.00416331878 -0.0116082588
v  -0.0324058197 0.0042372751 -0.0115804272
v  -0.0321164392 0.00441329507 -0.011602317
v  -0.0323869884 0.0042028497 -0.0115120569
v  -0.0319324806 0.00467302604 -0.0118026817
v  -0.0321333334 0.00446573598 -0.0119261211
v  -0.0322154425 0.00438580429 -0.0118366247
v  -0.0322594345 0.00434969319 -0.0118021099
v  -0.0324188061 0.00425303495 -0.0117327943
v  -0.0325910375 0.00420361152 -0.0117310854
v  -0.0326492451 0.00419991417 -0.0117454194
v  -0.0327967182 0.00419991417 -0.0117911091
v  -0.0328183696 0.00419086544 -0.0117212618
v  -0.0328575559 0.00411847746 -0.0115948189
v  -0.0328393318 0.00416312879 -0.0116536226
v  -0.0332395658 0.00393176591 -0.0118559347
v  -0.0332659632 0.00390053121 -0.0118066231
v  -0.0332653858 0.00388022093 -0.0118509876
v  -0.0333095156 0.00369991502 -0.0118208127
v  -0.0331500359 0.00405670283 -0.011773481
v  -0.0329896733 0.00413317373 -0.0116844298
v  -0.0331220739 0.00405429816 -0.0116862832
v  -0.0332206488 0.00394068053 -0.0116634062
v  -0.0331995934 0.00383668719 -0.011535991
v  -0.0332789458 0.00380365318 -0.0116204768
v  -0.0330779068 0.00403152546 -0.0116093289
v  -0.0330708325 0.00411365321 -0.0118512139
v  -0.0331569202 0.00405038288 -0.0118171098
v  -0.0331591927 0.00403975835 -0.0118588563
v  -0.0329958498 0.00415536156 -0.0118394755
v  -0.0329969004 0.00415390497 -0.0117617967
v  -0.0328577161 0.00419573253 -0.0118084261
v  -0.0333038233 0.0037801466 -0.0116712078
v  -0.0332438126 0.00393181061 -0.0117107593
v  -0.0333168246 0.00375387771 -0.0117235016
v  -0.0332589634 0.00391811458 -0.0117592476
v  -0.0333182216 0.00372659555 -0.0117742112
v  -0.0331546105 0.00394229172 -0.0115809198
v  -0.0333956219 0.00201601302 -0.0108924853
v  -0.0333943516 0.0029203794 -0.0112369526
v  -0.0333177485 0.00294331415 -0.0111481789
v  -0.0334198102 0.00284905685 -0.0114497719
v  -0.0334293805 0.0028861328 -0.0113459211
v  -0.0334409662 0.00106093625 -0.0107435929
v  -0.033470612 0.00200136146 -0.0109834438
v  -0.0335476995 0.00104313495 -0.0109489821
v  -0.033536382 0.00103165174 -0.0110576227
v  -0.0334933437 0.00195608055 -0.011202394
v  -0.0335040726 0.00197960762 -0.0110953292
v  -0.0335150659 0.00105375762 -0.0108356625
v  -0.0268106759 0.00425961381 -0.00988073461
v  -0.0273192525 0.00479268795 -0.0106913317
v  -0.0265885089 0.00432368508 -0.0100050652
v  -0.027191164 0.00482619694 -0.0107797477
v  -0.026899375 0.00481043151 -0.011028965
v  -0.0264286175 0.0044790539 -0.0105579337
v  -0.0269374773 0.0048209182 -0.0109920502
v  -0.0263803769 0.00433039432 -0.0101649314
v  -0.0262475424 0.00431970647 -0.0103767281
v  -0.0260767471 0.00399491889 -0.00981371757
v  -0.0260072257 0.00407195603 -0.0101332348
v  -0.0263153128 0.0039919517 -0.00963470712
v  -0.0265756939 0.0039204373 -0.00950804166
v  -0.0271046888 0.00490224129 -0.011093148
v  -0.0270609371 0.00490255794 -0.0111928107
v  -0.0271794144 0.0049642208 -0.0113131879
v  -0.0276087001 0.00508174254 -0.011368406
v  -0.00290461164 0.00682528829 -0.00352702569
v  -0.00284557417 0.00672860024 -0.00329604978
v  -0.00286402367 0.00671350909 -0.00351433922
v  -0.00426243618 0.00638217619 -3.49227339e-05
v  -0.00290190428 0.00683776429 -0.00178416539
v  -0.0038391361 0.00652004918 -0.000376649201
v  -0.00345578417 0.00665744906 -0.000744064339
v  -0.00312922988 0.00676193973 -0.00119368546
v  -0.00421792641 0.00623211404 1.03367493e-05
v  -0.00412895717 0.00613026647 0.000100794248
v  -0.0038267374 0.0061000376 0.000116645359
v  -0.00361327827 0.00614504097 -0.000170826912
v  -0.00304861367 0.00610002456 -0.00020533707
v  -0.00309500098 0.00615977263 -0.000485129654
v  -0.002853062 0.0061000227 -0.000311372802
v  -0.002606133 0.00610001711 -0.000476967543
v  -0.00260258093 0.00617098203 -0.000950836577
v  -0.00226336904 0.0061000078 -0.000794389285
v  -0.00225713477 0.0061000078 -0.000801444054
v  -0.00238927826 0.00617529033 -0.00127154402
v  -0.00196809135 0.00609999849 -0.00120617449
v  -0.00222433358 0.00617911248 -0.00164556131
v  -0.00177371502 0.00609998731 -0.00162647758
v  -0.00212372467 0.00618189527 -0.00203233585
v  -0.00164895132 0.00609997613 -0.00213758554
v  -0.00208974443 0.0061822976 -0.00239770953
v  -0.00164753012 0.00609996868 -0.00251759682
v  -0.00212210976 0.00617853506 -0.00273306388
v  -0.0021910388 0.00617257832 -0.00304051675
v  -0.00176764466 0.00609995937 -0.00298174005
v  -0.00222153962 0.00615432812 -0.00331348134
v  -0.00184501149 0.00609995564 -0.0031957617
v  -0.00256926194 0.00641037105 -0.00302823167
v  -0.00253316574 0.0063057947 -0.00341090653
v  -0.00262773409 0.00638208864 -0.00344047043
v  -0.00294360612 0.0070794872 -0.00353921205
v  -0.00292401388 0.00712102419 -0.00321631692
v  -0.00282535888 0.00677708676 -0.00301991869
v  -0.00281704031 0.00686757779 -0.00243363623
v  -0.00255134702 0.00644989638 -0.00208098907
v  -0.00276638195 0.0065390314 -0.00348381605
v  -0.00252196006 0.00645162305 -0.0024190573
v  -0.00375949871 0.00629562652 -0.000304070301
v  -0.00332116336 0.00635805679 -0.000647442415
v  -0.00292281993 0.00640463037 -0.00109850336
v  -0.00275563449 0.00642233854 -0.00139000639
v  -0.002628332 0.0064381971 -0.00172819197
v  -0.00463889539 0.00505494839 0.00103505887
v  -0.00402256195 0.0061000525 0.00083874166
v  -0.00311855413 0.00610005623 0.00128599256
v  -0.00351973251 0.00506815268 0.00141532253
v  0.000702964142 0.00609995564 -0.00239914469
v  -0.0245412607 0.00494901044 -0.010291704
v  -0.00292525068 0.00625487557 -0.00353349745
v  -0.0185478423 0.00495875208 -0.00841798354
v  -0.0162990261 0.00509952707 -0.0077148308
v  -0.026412772 0.00453053741 -0.01087684
v  -0.0258949641 0.00413034996 -0.0107149566
v  -0.0210246537 0.00490206061 -0.00919242762
v  -0.0202377178 0.00491013331 -0.00894628745
v  -0.00794162136 0.00604337035 -0.00510165608
v  -0.0102772163 0.00577569706 -0.00583270332
v  -0.0143949781 0.00527846953 -0.0071194917
v  -0.00574194267 0.00619535847 -0.00441411976
v  0.000117111951 0.00610006182 0.00249724556
v  0.000688014552 0.00610005623 0.00240345392
v  0.00155201927 0.00610004133 0.00195989665
v  0.00218180008 0.00610002084 0.00122055039
v  0.0024822969 0.00610000035 0.000296995975
v  0.00240816548 0.00609998172 -0.000671383925
v  0.00197059475 0.00609996496 -0.00153843872
v  0.00123562105 0.00609995751 -0.00217331294
v  -0.00149750337 0.00610000966 8.64798203e-05
v  -0.00149955787 0.0061000078 -3.64854932e-05
v  -0.00146540999 0.00610000407 -0.000320281833
v  -0.00132474303 0.00610000035 -0.000703604892
v  -0.00128041022 0.00609999849 -0.000781374983
v  -0.00112004578 0.00609999476 -0.000997745432
v  -0.000809723511 0.00609998917 -0.00126267318
v  -0.000718181953 0.00609998917 -0.00131689664
v  -0.000439211726 0.00609998358 -0.00143425725
v  -8.6478889e-05 0.00609997986 -0.00149750523
v  3.64854932e-05 0.00609998172 -0.00149955601
v  0.000319661573 0.00609998545 -0.00146554317
v  0.000703038648 0.00609999103 -0.00132504199
v  0.000781374052 0.00609999103 -0.00128041208
v  0.000997746363 0.00609999476 -0.00112004671
v  0.00126267411 0.00610000035 -0.00080972258
v  0.00131689385 0.00610000221 -0.000718181953
v  0.00143425912 0.00610000594 -0.00043920707
v  0.00132474117 0.00610002084 0.000703603029
v  0.00128041022 0.0061000227 0.000781374983
v  0.00149750337 0.00610000966 -8.64798203e-05
v  0.00149955787 0.00610001152 3.64836305e-05
v  0.00146540813 0.00610001525 0.000320281833
v  0.00112004578 0.00610002456 0.000997746363
v  0.000809723511 0.00610003015 0.00126267318
v  0.000718181953 0.00610003201 0.00131689571
v  0.000439211726 0.00610003574 0.00143425632
v  8.6478889e-05 0.00610004133 0.0014975043
v  -3.64836305e-05 0.00610003946 0.00149955694
v  -0.000319661573 0.00610003574 0.00146554224
v  -0.00070304051 0.00610003015 0.00132504199
v  -0.000781374052 0.00610002829 0.00128041115
v  -0.000997746363 0.00610002456 0.00112004671
v  -0.00126267411 0.00610002084 0.000809723511
v  -0.00131689385 0.00610001897 0.000718181953
v  -0.00143425912 0.00610001525 0.00043920707
v  -0.0360447504 0.00125482457 -0.0126256431
v  -0.0358914025 0.00235694228 -0.0127819497
v  -0.0371208787 0.00412428332 -0.0119659035
v  -0.0373452306 0.00419754861 -0.0118008014
v  -0.0367748737 0.00419991417 -0.0122352801
v  -0.0373942293 0.00419991417 -0.0117635848
v  -0.0369370021 0.0039689648 -0.012093164
v  -0.0356360041 0.00335347606 -0.0130278356
v  -0.0367898792 0.00371645158 -0.0121858642
v  -0.0367298312 0.00345447799 -0.0122128762
v  -0.0367272496 0.00341919577 -0.0122123286
v  -0.0361818112 0.00419991417 -0.0126831271
v  -0.0354243331 0.00389990909 -0.0132219614
v  -0.0353004783 0.00419365568 -0.0133363567
v  -0.0353683606 0.0039700768 -0.01102171
v  -0.0355817117 0.00397982402 -0.0111919893
v  -0.0355744809 0.00390195427 -0.0111982245
v  -0.0360060781 0.00370019628 -0.011536479
v  -0.0364231654 0.00351666985 -0.0118911117
v  -0.035605602 0.00405545114 -0.011171395
v  -0.036219798 0.00414325623 -0.0113571333
v  -0.0367293805 0.00412251381 -0.0116368569
v  -0.0365130678 0.0038713119 -0.0118164662
v  -0.036022108 0.0038319747 -0.0115230279
v  -0.0360658765 0.00395873515 -0.0114862993
v  -0.0356446058 0.00411978504 -0.0111377724
v  -0.0361345038 0.00406603655 -0.0114287091
v  -0.0366100892 0.00401740288 -0.0117359096
v  -0.0375268608 0.00609991467 -0.0170527324
v  -0.0375265144 0.00419991417 -0.0170526188
v  -0.0380676836 0.00609991467 -0.0171632264
v  -0.038167607 0.00419991417 -0.0171697494
v  -0.0394855514 0.00609991467 -0.0124753909
v  -0.0395940356 0.00419991417 -0.012538366
v  -0.0403801724 0.00419991417 -0.0132974358
v  -0.040281985 0.00609991467 -0.0131581137
v  -0.0399218686 0.00609991467 -0.0127766766
v  -0.0407674611 0.00609991467 -0.0143193053
v  -0.0407674164 0.00419991417 -0.0143193109
v  -0.0407232568 0.00609991467 -0.014086877
v  -0.0405537412 0.00609991467 -0.0136063453
v  -0.040380381 0.00609991467 -0.0132973082
v  -0.0407921411 0.00609991467 -0.0146170072
v  -0.0406817868 0.00419991417 -0.0154087413
v  -0.0407465547 0.00609991467 -0.0151517037
v  -0.0401397049 0.00609991467 -0.0163576212
v  -0.0401396453 0.00419991417 -0.016357569
v  -0.0403343774 0.00609991467 -0.0161157567
v  -0.040591117 0.00609991467 -0.0156568326
v  -0.0406817868 0.00609991467 -0.0154087413
v  -0.039993301 0.00609991467 -0.0165056847
v  -0.0392445773 0.00419991417 -0.0169845
v  -0.039577622 0.00609991467 -0.0168174002
v  -0.0385838784 0.00609991467 -0.0171558782
v  -0.0390949473 0.00609991467 -0.0170411188
v  -0.0392447039 0.00609991467 -0.0169847626
v  -0.0390107259 0.00609991467 -0.0159897693
v  -0.0395729579 0.00609991467 -0.0154542476
v  -0.0396695398 0.00609991467 -0.0140779922
v  -0.0396094434 0.00609991467 -0.0139546907
v  -0.039073918 0.00609991467 -0.0133924615
v  -0.0383290313 0.00609991467 -0.0131733166
v  -0.0375743583 0.00609991467 -0.0133559769
v  -0.0350988843 0.00609991467 -0.0134023391
v  -0.0370121337 0.00609991467 -0.0138914976
v  -0.0350222848 0.00609991467 -0.0131394677
v  -0.0349910855 0.00609991467 -0.0130921286
v  -0.0334652103 0.00609991467 -0.0153196072
v  -0.0369155481 0.00609991467 -0.015267753
v  -0.0339128301 0.00609991467 -0.01502694
v  -0.0346693508 0.00609991467 -0.0143670114
v  -0.0367929861 0.00609991467 -0.014636388
v  -0.0349195413 0.00609991467 -0.0140262526
v  -0.0350246243 0.00609991467 -0.0138135152
v  -0.0350923203 0.00609991467 -0.013566209
v  -0.0344548225 0.00609991467 -0.0124622639
v  -0.0397920981 0.00609991467 -0.0147093572
v  -0.0346224606 0.00609991467 -0.0144191543
v  -0.0382560641 0.00609991467 -0.0161724295
v  -0.0375111662 0.00609991467 -0.0159532838
v  -0.036975652 0.00609991467 -0.0153910546
v  -0.0328723453 0.00609991467 -0.0158447698
v  -0.032612294 0.00609991467 -0.0157873221
v  -0.0325613767 0.00419991417 -0.0125828423
v  -0.0370121337 0.00419991417 -0.0138914976
v  -0.0375743583 0.00419991417 -0.0133559769
v  -0.0383290313 0.00419991417 -0.0131733166
v  -0.039073918 0.00419991417 -0.0133924615
v  -0.0324090533 0.00419991417 -0.0125422366
v  -0.0327730738 0.00419991417 -0.0129299564
v  -0.0346173309 0.00419991417 -0.0134140262
v  -0.0331040174 0.00419991417 -0.0134887975
v  -0.0332919359 0.00419991417 -0.0141105009
v  -0.0332994387 0.00419991417 -0.015955586
v  -0.0350617245 0.00419991417 -0.0130671961
v  -0.033331424 0.00419991417 -0.0146408537
v  -0.0367929861 0.00419991417 -0.014636388
v  -0.0369155481 0.00419991417 -0.015267753
v  -0.0396094434 0.00419991417 -0.0139546907
v  -0.0396695398 0.00419991417 -0.0140779922
v  -0.0397920981 0.00419991417 -0.0147093572
v  -0.0395729579 0.00419991417 -0.0154542476
v  -0.0390107259 0.00419991417 -0.0159897693
v  -0.0382560641 0.00419991417 -0.0161724295
v  -0.0375111662 0.00419991417 -0.0159532838
v  -0.036975652 0.00419991417 -0.0153910546
v  -0.0217907913 0.00236197142 -0.0191570446
v  -0.0216021687 0.00209630234 -0.0193482079
v  -0.0216699913 0.00204711547 -0.0192108769
v  -0.0223472212 0.00405275961 -0.0190670937
v  -0.0258187205 0.00569308689 -0.0176537614
v  -0.0258039646 0.00587471155 -0.0177492835
v  -0.0258043837 0.00568672596 -0.0176567193
v  -0.0249389298 0.00555890752 -0.0180567484
v  -0.0257999394 0.00589827402 -0.0177557878
v  -0.0257081352 0.00620751409 -0.0177337639
v  -0.0248232558 0.00586517109 -0.0180784725
v  -0.0257483143 0.00610075472 -0.0177649446
v  -0.024870133 0.00576457521 -0.0180944186
v  -0.023989208 0.00527550792 -0.0184454136
v  -0.0256647002 0.00629857695 -0.0176804829
v  -0.0247726124 0.00595452404 -0.0180408824
v  -0.0238811746 0.00544607034 -0.018426938
v  -0.0230646916 0.00480586803 -0.018770365
v  -0.0217549093 0.00318204379 -0.0193217266
v  -0.0213322993 0.00222113309 -0.0195214525
v  -0.0210871305 0.00117802399 -0.0196544603
v  -0.0213663131 0.0011181623 -0.0194669478
v  -0.0214773733 0.00132667611 -0.0193042886
v  -0.0214370489 0.00109464827 -0.0193256773
v  -0.0213805065 0.000578671345 -0.0193577278
v  -0.0219639298 0.00272896653 -0.0190837439
v  -0.022007199 0.00299446797 -0.0191716868
v  -0.0220709015 0.00292310258 -0.0190401152
v  -0.0225776136 0.00380880153 -0.0189468153
v  -0.0223759282 0.00338876387 -0.0189204253
v  -0.0222559944 0.0032183486 -0.0189668331
v  -0.0232739467 0.0045109964 -0.0186850689
v  -0.022910133 0.004014106 -0.0187195968
v  -0.0226348359 0.00371499686 -0.0188221931
v  -0.0242369082 0.00503514847 -0.0182263851
v  -0.0235254057 0.0045584715 -0.0184922591
v  -0.0233231969 0.00439527398 -0.0185669921
v  -0.0249535665 0.00539017795 -0.0179563165
v  -0.0240702536 0.00509928493 -0.0183864459
v  -0.0231824797 0.00465814536 -0.0187609904
v  -0.0224762149 0.00392913213 -0.0190367159
v  -0.0218960289 0.00308643607 -0.0192741528
v  -0.0214833301 0.0021575368 -0.0194607545
v  -0.02124344 0.00114773365 -0.0195857044
v  -0.0343706831 0.00611882983 -0.0125708645
v  -0.0348322242 0.0061407662 -0.0132102193
v  -0.0348836854 0.00611815555 -0.0131719634
v  -0.0292490628 0.00662848121 -0.0165732205
v  -0.0304305274 0.00680520898 -0.0160878617
v  -0.0292285886 0.00673953583 -0.0165322497
v  -0.0318986699 0.00650684861 -0.0155767081
v  -0.0323907956 0.00654210476 -0.0153428148
v  -0.0316609144 0.00660878001 -0.0156737529
v  -0.0328390263 0.00655036187 -0.0151049318
v  -0.0333332494 0.00648196181 -0.0148296962
v  -0.0333502069 0.00648037298 -0.014819405
v  -0.034165103 0.00637149578 -0.0142502347
v  -0.0343064629 0.00634392304 -0.0141282724
v  -0.0339557901 0.00652093953 -0.0143220155
v  -0.0344487466 0.00631228415 -0.0139921168
v  -0.0348147079 0.00617681583 -0.01332309
v  -0.0348018035 0.00619875779 -0.0134718511
v  -0.0344307646 0.00642431295 -0.0137687791
v  -0.0338907279 0.00664700335 -0.0141580384
v  -0.0333257616 0.00679222075 -0.0145238405
v  -0.0291676279 0.00691208756 -0.0163844787
v  -0.030371828 0.00696510402 -0.015935611
v  -0.0315734074 0.00696062623 -0.0154417269
v  -0.0327509493 0.00688167242 -0.0148577467
v  -0.0267759748 0.00659420853 -0.0172507707
v  -0.026815068 0.00650609424 -0.0173196178
v  -0.0279662926 0.00679348176 -0.0168163218
v  -0.031449914 0.00641254289 -0.0157554466
v  -0.0301693752 0.00637427298 -0.0162394289
v  -0.0304590445 0.00658942899 -0.0161572751
v  -0.0287859105 0.00626262231 -0.0167046189
v  -0.0292605888 0.00651319465 -0.0165877175
v  -0.0280733649 0.00617353013 -0.0169324465
v  -0.0268962048 0.0061652544 -0.0173791051
v  -0.0268778652 0.00628204225 -0.0173866507
v  -0.0280557144 0.00649309857 -0.0169849545
v  -0.0280322377 0.00660859188 -0.0169527605
v  -0.0280701742 0.00637543714 -0.0169894528
v  -0.0272402167 0.00603717705 -0.0171959251
v  -0.0261337105 0.00578487618 -0.0175502785
v  -0.0339714736 0.00640425598 -0.0144023597
v  -0.0334110335 0.00647449074 -0.0147820953
v  -0.0333909728 0.00666046655 -0.0146822426
v  -0.0328150727 0.00674462831 -0.0150125334
v  -0.0316337906 0.00681270799 -0.0155939357
v  -0.026850136 0.00639913557 -0.0173666365
v  -0.0280014444 0.00671148067 -0.0168945137
v  -0.0347064212 0.0062396205 -0.0136752948
v  -0.012866783 0.00266018277 -0.0164350346
v  -0.012794992 0.00300569227 -0.0162919015
v  -0.0127634127 0.00310259638 -0.0162307266
v  -0.0126678376 0.0033215764 -0.0160490908
v  -0.0125207556 0.0035449001 -0.0157731455
v  -0.0123032397 0.00374040706 -0.0153666083
v  -0.0119841713 0.00384108676 -0.0147754205
v  -0.0120810717 0.0038304287 -0.0149540212
v  -0.00635902211 0.00395199982 -0.0111540891
v  -0.00538982451 0.00396722322 -0.0114130536
v  -0.0247098077 0.00363466842 -0.012858564
v  -0.0234615002 0.00363812549 -0.0168613698
v  -0.022034267 0.00366253359 -0.0167906974
v  -0.0162486862 0.00376525102 -0.0156464987
v  -0.018393876 0.00372683397 -0.0161460377
v  -0.0205449536 0.00368843181 -0.0166194942
v  -0.0210701991 0.00367919868 -0.0167027004
v  -0.00467379205 0.00397728523 -0.0118734231
v  -0.0148948878 0.00381258456 -0.0100859189
v  -0.00410312414 0.00397732435 -0.0140536446
v  -0.00378181413 0.00398511207 -0.01351678
v  -0.00371287856 0.00398694305 -0.0133651774
v  -0.00377438962 0.00398799544 -0.0128900958
v  -0.00393971149 0.0039861477 -0.0126758041
v  -0.00442581251 0.00398044614 -0.0121066449
v  -0.00722525641 0.00393717503 -0.0111992136
v  -0.00883965474 0.00390924653 -0.0113519765
v  -0.0104668075 0.00388258277 -0.0111684632
v  -0.0119974203 0.00385895884 -0.0106640868
v  -0.012619094 0.0038498356 -0.010352564
v  -0.0131512638 0.00384189887 -0.0101202438
v  -0.0133454381 0.0038388758 -0.0100642024
v  -0.0137156518 0.00383293955 -0.00999512896
v  -0.014121593 0.00382618373 -0.00997326337
v  -0.0142910061 0.00382328918 -0.00998043176
v  -0.014856399 0.00381328491 -0.0100753233
v  -0.00426925905 0.00411630748 -0.0147757651
v  -0.00419482961 0.0042851544 -0.0148570463
v  -0.00419325382 0.00429129368 -0.0148588214
v  -0.00438429974 0.00400470523 -0.0146534266
v  -0.00298576988 0.00492321094 -0.0125861913
v  -0.00381763093 0.00447505852 -0.0144947171
v  -0.00351702049 0.00448116427 -0.0140626272
v  -0.00327530783 0.00448653614 -0.0135950334
v  -0.00310034119 0.00449098414 -0.0131112644
v  -0.00303547736 0.00469100056 -0.0128563503
v  -0.00310979411 0.00535639515 -0.0103590414
v  -0.00323785935 0.00544447778 -0.00817984343
v  -0.00324872416 0.00546007743 -0.00778552564
v  -0.00324681681 0.00551217562 -0.00663924264
v  -0.00322753657 0.00560577167 -0.00624271668
v  -0.00315567292 0.00581525033 -0.0053861076
v  -0.0359373912 -0.000426177285 -0.012383556
v  -0.035949599 9.99137774e-05 -0.0123742409
v  -0.0358581617 -0.001338445 -0.0124453101
v  -0.0357064344 -0.0022141193 -0.0125640109
v  -0.0352120548 -0.00370008545 -0.0129498625
v  -0.0354882777 -0.00301065715 -0.0127342874
v  -0.032865677 -0.00387856062 -0.0127058327
v  -0.0326736346 -0.00398534955 -0.0126280971
v  -0.033027038 -0.0032000863 -0.0127710998
v  -0.033027038 -0.00350008579 -0.0127710998
v  -0.0346173309 -0.0032000863 -0.0134140262
v  -0.0329745002 -0.00373082655 -0.012749807
v  -0.0330406465 -0.00401244732 -0.0135166505
v  -0.0332237445 -0.00401244732 -0.0141224144
v  -0.0327181853 -0.00401244732 -0.012972137
v  -0.0326242894 -0.00413086312 -0.0130442921
v  -0.0323159881 -0.00405866513 -0.0126487184
v  -0.0322855748 -0.00413086312 -0.0126835173
v  -0.0326144919 -0.00420008646 -0.0130518246
v  -0.0322774425 -0.00420008646 -0.0126928249
v  -0.0329322368 -0.00413086312 -0.0135642961
v  -0.0329209194 -0.00420008646 -0.0135692703
v  -0.0331070945 -0.00413086312 -0.0141427936
v  -0.0330949202 -0.00420008646 -0.0141449217
v  -0.033262223 -0.00401244732 -0.0146391699
v  -0.0331900492 -0.00405866513 -0.0146374144
v  -0.0323635004 -0.00401244732 -0.0125943581
v  -0.0326609351 -0.00405866513 -0.0130161298
v  -0.0329745486 -0.00405866513 -0.0135457003
v  -0.033152625 -0.00405866513 -0.0141348401
v  -0.033143837 -0.00413086312 -0.0146362903
v  -0.0331314802 -0.00420008646 -0.0146359894
v  -0.0331220701 -0.00410875538 -0.0159095582
v  -0.0331006311 -0.00420008646 -0.0159039963
v  -0.0331589766 -0.00405854778 -0.0159191359
v  -0.0331871249 -0.0040345327 -0.015926443
v  -0.0332304575 -0.00401175814 -0.015937686
v  -0.033262156 -0.00400327006 -0.0159459133
v  -0.0310649816 -0.00432702014 -0.0153756952
v  -0.0331006311 -0.00429989537 -0.0159039963
v  -0.0310755875 -0.00429989537 -0.0153784472
v  -0.0310350694 -0.00450008595 -0.0153679345
v  -0.0324125253 -0.00617788872 -0.0153864212
v  -0.0349469967 -0.00592123391 -0.0133459484
v  -0.0348533727 -0.00596220931 -0.0135320313
v  -0.0349295586 -0.0059278938 -0.0135429278
v  -0.0346585661 -0.00600224221 -0.0138725881
v  -0.0343639106 -0.00604440412 -0.0141811566
v  -0.0340177603 -0.0060827448 -0.0144597823
v  -0.0340886228 -0.00598310539 -0.0145445364
v  -0.0344407409 -0.00596534694 -0.0142518803
v  -0.0347391255 -0.00594603503 -0.0139200175
v  -0.0325740576 -0.00590749132 -0.0157105867
v  -0.032508336 -0.00595774176 -0.0155786965
v  -0.0333812572 -0.00592685537 -0.015181751
v  -0.0341751538 -0.00592038175 -0.0146480305
v  -0.0333022103 -0.00601048535 -0.0150519488
v  -0.0345300436 -0.00591612095 -0.0143340826
v  -0.0348282568 -0.0059114364 -0.0139725031
v  -0.0350103639 -0.0059069884 -0.0135544855
v  -0.0350171812 -0.00590534462 -0.0133324191
v  -0.033242777 -0.00614100927 -0.0149543639
v  -0.0324283503 -0.00611741329 -0.015418184
v  -0.0324632414 -0.00602818979 -0.0154881952
v  -0.0324974284 -0.0059715216 -0.0155568048
v  -0.0313383192 -0.00612622919 -0.0157776419
v  -0.025956776 -0.00496559171 -0.0171605516
v  -0.0311945304 -0.00603038492 -0.0158079918
v  -0.0312090982 -0.00603910023 -0.015804762
v  -0.0313217603 -0.00611419557 -0.0157810003
v  -0.0307492167 -0.00590008171 -0.0159364697
v  -0.0310289599 -0.00595146744 -0.0158487614
v  -0.0216404237 9.99137774e-05 -0.0184901599
v  -0.0216868483 -0.000632055453 -0.0184686892
v  -0.0217543337 -0.00101891195 -0.0184396151
v  -0.0217891634 -0.00116666069 -0.0184253734
v  -0.021808587 -0.00124056858 -0.0184176378
v  -0.0220220741 -0.00184377516 -0.0183391385
v  -0.0223625917 -0.00246774824 -0.0182257947
v  -0.0228194091 -0.00305855693 -0.0180846658
v  -0.02252171 -0.00269539515 -0.0181758702
v  -0.0230978653 -0.00334785739 -0.0180020276
v  -0.023433229 -0.00365425507 -0.0179078467
v  -0.0241740216 -0.00424050214 -0.0177332722
v  -0.0243813246 -0.00438898196 -0.0176917091
v  -0.025121728 -0.00470604608 -0.0174206961
v  -0.0169340447 0.00222850731 -0.0174109247
v  -0.0199311879 0.00268012425 -0.0179455131
v  -0.0183219668 0.00272163143 -0.017581651
v  -0.016272964 0.00271798624 -0.0171154849
v  -0.0166890975 0.000829450437 -0.0175804589
v  -0.0129574174 9.99137774e-05 -0.0166956615
v  -0.0168350395 9.99137774e-05 -0.017646594
v  -0.0167779997 0.00154398347 -0.0175168682
v  -0.0202745441 0.00265812268 -0.0180162955
v  -0.0200086366 0.00206274679 -0.0181413237
v  -0.0198193174 0.00142445753 -0.0182366949
v  -0.0197092779 0.000766982906 -0.0182960611
v  -0.0196736716 9.99137774e-05 -0.0183164999
v  -0.0197999682 -0.00113691797 -0.0182468612
v  -0.0185788851 -0.0025190548 -0.0176411364
v  -0.0201998167 -0.00231149839 -0.0180505868
v  -0.0202745441 -0.00245829532 -0.0180162955
v  -0.016388787 -0.00251932489 -0.0171409007
v  -0.0169340447 -0.00202867994 -0.0174109247
v  -0.0167779997 -0.00134415401 -0.0175168682
v  -0.0166890975 -0.000629622838 -0.0175804589
v  -0.0161469467 -0.00349346781 -0.0160932168
v  -0.0160479061 -0.00327055762 -0.0165159181
v  -0.0159674864 -0.0029203617 -0.0168457124
v  -0.0181054771 -0.00291383313 -0.0173204225
v  -0.0203172024 -0.00285722734 -0.0178190898
v  -0.0203831699 -0.00319995219 -0.0174872894
v  -0.0181886908 -0.00324719446 -0.01699345
v  -0.0204632524 -0.00341794128 -0.017065078
v  -0.0182899516 -0.00345866801 -0.0165808201
v  -0.0263253283 -0.00505550718 -0.0170384962
v  -0.023005724 -0.00319400663 -0.0176664516
v  -0.0230100323 -0.003329542 -0.0180033334
v  -0.0232166573 -0.00334340008 -0.0173798166
v  -0.0231585987 -0.00348207029 -0.0179554392
v  -0.0237419046 -0.00398127036 -0.0178014021
v  -0.0234024487 -0.00342951203 -0.0170241427
v  -0.0239295494 -0.00411400991 -0.0177634973
v  -0.0251895469 -0.00393654266 -0.012994092
v  -0.0254029818 -0.00411472144 -0.0130543895
v  -0.0257350691 -0.00435016723 -0.0131482081
v  -0.0262922905 -0.00465726806 -0.0133056324
v  -0.0226672534 -0.00292349467 -0.018118931
v  -0.0224825069 -0.00264431583 -0.018141618
v  -0.0222429167 -0.00227742316 -0.0182637051
v  -0.0225364417 -0.00271444255 -0.0181048717
v  -0.0227221847 -0.00292995805 -0.0179573391
v  -0.022898417 -0.0031024334 -0.0177865643
v  -0.0260852985 -0.00494138105 -0.0164833665
v  -0.0260717124 -0.00495768012 -0.0167023726
v  -0.0261031855 -0.0049380823 -0.0163911507
v  -0.0262601897 -0.00493766228 -0.015884636
v  -0.0262476224 -0.00503372727 -0.017016856
v  -0.0260968618 -0.00497729843 -0.0168388411
v  -0.0261188541 -0.00498815486 -0.0168912616
v  -0.0262022298 -0.00501956278 -0.0169910453
v  -0.0214258265 -0.0023473748 -0.0181986447
v  -0.0219216142 -0.00274220342 -0.018063033
v  -0.0219478048 -0.00313146645 -0.0177229289
v  -0.0219780635 -0.00338178361 -0.0172704998
v  -0.00368129741 -0.00379454601 -0.0129962042
v  -0.00355546363 -0.00382308546 -0.0130843185
v  -0.00347083807 -0.00384239363 -0.0133530684
v  -0.00349036045 -0.00384990755 -0.0130962217
v  -0.00345277507 -0.0038511313 -0.0133515848
v  -0.00343594886 -0.00388165447 -0.0130787175
v  -0.00327231642 -0.0039926921 -0.0133255916
v  -0.0033776341 -0.00393149117 -0.0130056972
v  -0.0032493351 -0.00402156496 -0.0133196283
v  -0.00332473777 -0.00401735539 -0.0127670588
v  -0.00723164808 -0.00411581481 -0.0112008797
v  -0.0066674836 -0.00409817556 -0.0111425109
v  -0.00610063039 -0.00405057194 -0.011191749
v  -0.0050427299 -0.00387366186 -0.0116017275
v  -0.00555640459 -0.00397511991 -0.0113449413
v  -0.0126298433 -0.0042995722 -0.0103555452
v  -0.0113599328 -0.0042230417 -0.0109222354
v  -0.0111695863 -0.00421321811 -0.0109851481
v  -0.010011578 -0.00416361401 -0.0112578571
v  -0.0095646698 -0.00414922507 -0.0113151949
v  -0.0111499019 -0.00421222905 -0.0109913517
v  -0.00861850474 -0.00412741164 -0.0113524385
v  -0.00795183517 -0.00411892915 -0.0113105951
v  -0.00794968661 -0.00411891052 -0.0113103678
v  -0.0149066271 -0.00432778662 -0.0100892512
v  -0.0143264057 -0.00434408197 -0.00998509582
v  -0.0141334441 -0.00434718141 -0.00997626409
v  -0.0137387067 -0.0043485132 -0.00999710429
v  -0.0133568682 -0.00434181327 -0.0100670736
v  -0.0131662823 -0.00433489541 -0.0101217302
v  -0.0206898283 -0.0043520513 -0.011722967
v  -0.0177991316 -0.00428696303 -0.0109063638
v  -0.00355840847 -0.00382383796 -0.0134662818
v  -0.00340583641 -0.00393560762 -0.0135340448
v  -0.00330619887 -0.00410407083 -0.0135794245
v  -0.00318595488 -0.00411611842 -0.0132792825
v  -0.00384312868 -0.00409226539 -0.0144710615
v  -0.00405744091 -0.00381189655 -0.0142947938
v  -0.00392752141 -0.00392356189 -0.0144006051
v  -0.00354548451 -0.00409854623 -0.0140427919
v  -0.00363832153 -0.00392996939 -0.0139843682
v  -0.00378080923 -0.00381825003 -0.0138968527
v  -0.00332298875 -0.00402267138 -0.0127472077
v  -0.00410035253 -0.00379501539 -0.0124666141
v  -0.00355880056 -0.00396210933 -0.0128417881
v  -0.00378635339 -0.00413117791 -0.0123458374
v  -0.00441723317 -0.00392093556 -0.0120699229
v  -0.00479635224 -0.00403027469 -0.0117299268
v  -0.00522829778 -0.00412442395 -0.0114571415
v  -0.00570223294 -0.00420243526 -0.0112585546
v  -0.00620519556 -0.0042609931 -0.011142022
v  -0.00672241859 -0.00429781107 -0.0111112222
v  -0.00414422341 -0.00425694557 -0.01189957
v  -0.00456930511 -0.0043648514 -0.0115212491
v  -0.0050519798 -0.00445714081 -0.0112195909
v  -0.0055806702 -0.00453331554 -0.0110006789
v  -0.00614113361 -0.0045903069 -0.0108723594
v  -0.00671712402 -0.00462597935 -0.010838137
v  -0.00723776687 -0.00431193179 -0.0111687072
v  -0.00725834444 -0.00450075464 -0.0110642072
v  -0.00729078427 -0.00463940436 -0.010900734
v  -0.00671789702 -0.00448695524 -0.0110048568
v  -0.00617541559 -0.00445116451 -0.0110378172
v  -0.00564802345 -0.00439431379 -0.0111604659
v  -0.00515123643 -0.0043185479 -0.0113690207
v  -0.00469866581 -0.00422693649 -0.0116554685
v  -0.00430129096 -0.00412007468 -0.01201321
v  -0.00396833569 -0.00399599085 -0.0124328332
v  -0.00375920907 -0.00380613911 -0.012888534
v  -0.00792582985 -0.00431840261 -0.0112739345
v  -0.00997412298 -0.00455704564 -0.0111183506
v  -0.00994223729 -0.00469517754 -0.0109503074
v  -0.00861374941 -0.00451661972 -0.011210952
v  -0.00861448888 -0.00465442939 -0.0110433344
v  -0.0112915104 -0.00462089339 -0.0107910791
v  -0.011227387 -0.00475922087 -0.0106284106
v  -0.0125345988 -0.00470225094 -0.0102375401
v  -0.0126013048 -0.00450755889 -0.0103317313
v  -0.0113380495 -0.00442843372 -0.0108935479
v  -0.00930707902 -0.00434425427 -0.0113026677
v  -0.00861524418 -0.00432821969 -0.0113186128
v  -0.00999849383 -0.00436665164 -0.0112255495
v  -0.0124398889 -0.00484067248 -0.0100855669
v  -0.0261848085 -0.0050537684 -0.0162042696
v  -0.0262796972 -0.00522165513 -0.0162903313
v  -0.0264387894 -0.00532774115 -0.0163799115
v  -0.0324126594 -0.00590008544 -0.0157564618
v  -0.0322031304 -0.00590008544 -0.0157360919
v  -0.0319827981 -0.00590008544 -0.0157277044
v  -0.0317553952 -0.00590008544 -0.0157330744
v  -0.0312548913 -0.00590008544 -0.0157959983
v  -0.031225061 -0.00590008544 -0.01580205
v  -0.033027038 0.00369991502 -0.0127710998
v  -0.033027038 0.00339991366 -0.0127710998
v  -0.0331987739 0.00339991366 -0.0121933529
v  -0.0331987739 -0.0032000863 -0.0121933529
v  -0.0206927564 -0.00456098327 -0.011684726
v  -0.0178379118 -0.00468263542 -0.0107625443
v  -0.0178079214 -0.00449047005 -0.0108718919
v  -0.0207186285 -0.0047575268 -0.0115669444
v  -0.0178856645 -0.00482117059 -0.0105912061
v  -0.0150503423 -0.00491217477 -0.00964649301
v  -0.0150053306 -0.00485073356 -0.00979888812
v  -0.0150924083 -0.00491141109 -0.00965588354
v  -0.0155755412 -0.00490267808 -0.00976714864
v  -0.0149215283 -0.00452503236 -0.0100587783
v  -0.014955854 -0.00471203169 -0.00995838549
v  -0.0143722929 -0.00492402771 -0.00954428781
v  -0.0140350498 -0.00492919562 -0.00953650288
v  -0.0136855682 -0.00493591325 -0.00946412981
v  -0.0136587592 -0.00493353372 -0.00955272466
v  -0.0222431403 0.00247723935 -0.0182637181
v  -0.0224898681 0.00290834112 -0.0182430763
v  -0.0221932121 0.00238728104 -0.0182806347
v  -0.0259569231 0.00516516482 -0.0171603635
v  -0.0262828711 0.00524351886 -0.0170310829
v  -0.0262465384 0.00523299864 -0.0170179252
v  -0.0261841621 0.00521307392 -0.016977977
v  -0.025341969 0.00498228846 -0.0173448641
v  -0.0261111818 0.00518415822 -0.0168763772
v  -0.0250865966 0.00489268964 -0.0174328648
v  -0.0260700248 0.00515218778 -0.0166537613
v  -0.0261269696 0.00513560837 -0.016294241
v  -0.0262595173 0.0051371525 -0.0158865135
v  -0.026396174 0.00490430323 -0.0133335581
v  -0.0250887778 0.00404343707 -0.0129656252
v  -0.0262928028 0.00485712802 -0.0133057758
v  -0.0245170295 0.00465447409 -0.01764041
v  -0.025649488 0.00449344283 -0.013124031
v  -0.0238505378 0.0042841672 -0.0178874731
v  -0.0254247133 0.00433121761 -0.0130605297
v  -0.0233133771 0.00359532004 -0.0172145218
v  -0.0233167168 0.00388019113 -0.0180666894
v  -0.0232378505 0.00355551904 -0.0173465051
v  -0.0229527093 0.0035211253 -0.0181658026
v  -0.0231222045 0.00348144723 -0.0175187364
v  -0.0228942633 0.00329822814 -0.0177912954
v  -0.022869857 0.00342644332 -0.0181841869
v  -0.0226236787 0.00301986141 -0.0180398114
v  -0.0225026477 0.00292846514 -0.018241901
v  -0.0225371048 0.00291476166 -0.0181046091
v  -0.0223908797 0.00271527981 -0.0181971211
v  -0.0264386255 0.00552741019 -0.0163805
v  -0.0261846315 0.0052534542 -0.01620478
v  -0.0262795202 0.00542133814 -0.0162908882
v  -0.0313310772 0.00632079644 -0.0157791153
v  -0.0312083419 0.00623848615 -0.0158049315
v  -0.0311998148 0.00623335456 -0.0158068202
v  -0.0311270673 0.00619348278 -0.0158236567
v  -0.0308323689 0.00610443717 -0.0159076378
v  -0.0307492167 0.00609991094 -0.0159364697
v  -0.0312250685 0.00609991467 -0.01580205
v  -0.0312548913 0.00609991467 -0.0157959983
v  -0.0317565054 0.00609991467 -0.0157330129
v  -0.0319827981 0.00609991467 -0.0157277044
v  -0.0322031304 0.00609991467 -0.0157360919
v  -0.0324126594 0.00609991467 -0.0157564618
v  -0.0331333876 0.00428909203 -0.0159124956
v  -0.0331123024 0.00433034031 -0.0159070231
v  -0.0310350675 0.00469991332 -0.0153679382
v  -0.0310649816 0.00452684937 -0.0153756952
v  -0.0331006311 0.00449972367 -0.0159039963
v  -0.0310755875 0.00449972367 -0.0153784472
v  -0.0331042744 0.00435980363 -0.0159049407
v  -0.0331006311 0.00439991383 -0.0159039963
v  -0.033158984 0.00425837329 -0.0159191377
v  -0.0332048349 0.0042235381 -0.0159310363
v  -0.0330177471 0.00379933929 -0.0127673093
v  -0.0329262316 0.00401059492 -0.012730334
v  -0.0327672176 0.00414843997 -0.0126658548
v  -0.00233626738 0.0061000525 0.0016413806
v  -0.000934645534 0.00610006368 0.00231868215
v  -0.000418400392 0.00610006368 0.00246472191
v  -0.00233748555 0.00508401124 0.00180068053
v  -0.00487301219 0.00470441533 -0.0110903298
v  -0.00524256285 0.00502696959 -0.00953511521
v  -0.00545254163 0.00478983251 -0.0108395834
v  -0.010772625 0.00557672558 -0.00699794106
v  -0.0140978536 0.00526776491 -0.00810450595
v  -0.0107206544 0.00537303602 -0.00822697859
v  -0.0136908442 0.0051433756 -0.00944732409
v  -0.0111593762 0.00502236327 -0.0104417196
v  -0.0123381428 0.00510138413 -0.00991069153
v  -0.0129850535 0.00513593806 -0.00962394383
v  -0.00782663655 0.00490963599 -0.0107962554
v  -0.00764200091 0.00501991017 -0.010145667
v  -0.00861711707 0.00492137438 -0.0108510647
v  -0.00938577764 0.00494153751 -0.0108230943
v  -0.00990936067 0.00496038189 -0.0107577341
v  -0.00606639311 0.00485331891 -0.0106921261
v  -0.00669821724 0.00489262817 -0.0106503405
v  -0.00732735358 0.00490664458 -0.0107171675
v  -0.0038879849 0.00447930908 -0.0118692713
v  -0.00327024236 0.00471966108 -0.0103540942
v  -0.00434686802 0.00460077031 -0.0114358161
v  -0.00332094729 0.00422910368 -0.0127216401
v  -0.00328699127 0.00438577263 -0.0120444037
v  -0.00336338766 0.00425592577 -0.0126391929
v  -0.00350988377 0.00433598785 -0.0123785129
v  -0.00328454189 0.0044021341 -0.011967103
v  -0.00328257401 0.00441627344 -0.0118992571
v  -0.00527813938 0.00531922979 -0.00813612901
v  -0.00327542424 0.00521026133 -0.00797939207
v  -0.00527732819 0.00564843742 -0.0066775484
v  -0.0052263895 0.00599489873 -0.00524699595
v  -0.00770877115 0.00556413783 -0.00741172675
v  -0.00773730129 0.00586355431 -0.00605316693
v  -0.0109129976 0.00500827795 -0.0105227595
v  -0.0143925417 0.00513432315 -0.0071188584
v  -0.0165869966 0.00509342132 -0.00799414143
v  -0.0172384921 0.00507993391 -0.00855917577
v  -0.0178061854 0.00506874686 -0.00892310683
v  -0.0183743481 0.00505810184 -0.00916231144
v  -0.0191282164 0.00504449522 -0.00936186034
v  -0.0211376622 0.00500903977 -0.00970945414
v  -0.0177460928 0.00506306579 -0.0104393782
v  -0.0157273356 0.00510011567 -0.00977069419
v  -0.014801478 0.00511841243 -0.00958218239
v  -0.0163391121 0.00508895656 -0.00996797532
v  -0.0235094223 0.00495704031 -0.0124524757
v  -0.0205790661 0.00501083909 -0.0114622507
v  -0.0009340588 0.00509355729 0.0023175953
v  -0.0359396115 0.000586775714 -0.0123820379
v  -0.0354830734 0.0032273992 -0.012738348
v  -0.0356986225 0.00244907057 -0.0125701176
v  -0.03585428 0.00157460163 -0.012448634
v  -0.0352120548 0.00389991282 -0.0129498625
v  -0.0341751538 0.00612021005 -0.0146480305
v  -0.0345300436 0.00611595018 -0.0143340826
v  -0.0340886228 0.00618293276 -0.0145445364
v  -0.0344407409 0.00616517616 -0.0142518803
v  -0.0348282568 0.00611126563 -0.0139725031
v  -0.0347391255 0.00614586426 -0.0139200175
v  -0.0349295586 0.0061277221 -0.0135429278
v  -0.0349469967 0.00612106314 -0.0133459484
v  -0.033242777 0.00634083664 -0.0149543639
v  -0.0348798893 0.00614724262 -0.0133589329
v  -0.0348533727 0.00616203761 -0.0135320313
v  -0.0346585661 0.00620207144 -0.0138725881
v  -0.0343639106 0.00624423241 -0.0141811566
v  -0.0340177603 0.0062825731 -0.0144597823
v  -0.0325740576 0.00610731868 -0.0157105867
v  -0.0333812572 0.00612668274 -0.015181751
v  -0.032508336 0.00615757098 -0.0155786965
v  -0.0324632414 0.00622801809 -0.0154881952
v  -0.0333022103 0.00621031364 -0.0150519488
v  -0.0324283503 0.00631724065 -0.015418184
v  -0.0324131958 0.00637473306 -0.0153877567
v  -0.0324125253 0.00637771701 -0.0153864212
v  -0.033262223 0.00421227654 -0.0146391699
v  -0.0331900492 0.0042584925 -0.0146374144
v  -0.033143837 0.00433069048 -0.0146362903
v  -0.0331314802 0.00439991383 -0.0146359894
v  -0.0330949202 0.00439991383 -0.0141449217
v  -0.0329322368 0.00433069048 -0.0135642961
v  -0.0331070945 0.00433069048 -0.0141427936
v  -0.0329209194 0.00439991383 -0.0135692703
v  -0.0326242894 0.00433069048 -0.0130442921
v  -0.0326144919 0.00439991383 -0.0130518246
v  -0.0327181853 0.00421227654 -0.012972137
v  -0.0323159881 0.0042584925 -0.0126487184
v  -0.0323635004 0.00421227654 -0.0125943581
v  -0.0330406465 0.00421227654 -0.0135166505
v  -0.0332237445 0.00421227654 -0.0141224144
v  -0.033152625 0.0042584925 -0.0141348401
v  -0.0329745486 0.0042584925 -0.0135457003
v  -0.0326609351 0.0042584925 -0.0130161298
v  -0.0322855748 0.00433069048 -0.0126835173
v  -0.0322774425 0.00439991383 -0.0126928249
v  -0.0346173309 0.00339991366 -0.0134140262
v  -0.0220312364 0.00206328696 -0.018335687
v  -0.0218127705 0.00145538116 -0.018416021
v  -0.0217544567 0.00121870975 -0.0184394233
v  -0.0216801297 0.000777694979 -0.0184713304
v  -0.0159674864 0.00312019093 -0.0168457124
v  -0.0161469467 0.00369329704 -0.0160932168
v  -0.0160479061 0.00347038498 -0.0165159181
v  -0.0181054771 0.00311366236 -0.0173204225
v  -0.0181886908 0.00344702369 -0.01699345
v  -0.0203172024 0.00305705657 -0.0178190898
v  -0.0203831699 0.00339977955 -0.0174872894
v  -0.0182899516 0.00365849538 -0.0165808201
v  -0.0204632524 0.00361776864 -0.017065078
v  -0.0206900518 0.00455188891 -0.0117230304
v  -0.0149066271 0.00452761492 -0.0100892512
v  -0.0177992415 0.00448679132 -0.0109063955
v  -0.0126298433 0.00449940143 -0.0103555452
v  -0.0131662823 0.00453472277 -0.0101217302
v  -0.0133568682 0.0045416425 -0.0100670736
v  -0.0137387067 0.00454834057 -0.00999710429
v  -0.0141334441 0.00454700878 -0.00997626409
v  -0.0143264057 0.00454390934 -0.00998509582
v  -0.00883273594 0.00433115801 -0.0113539323
v  -0.00792422798 0.00431852369 -0.0113076363
v  -0.00723164808 0.00431564217 -0.0112008797
v  -0.0104372557 0.00437962404 -0.0111789256
v  -0.0088467868 0.00433143554 -0.0113538271
v  -0.0119683277 0.0044572982 -0.010684181
v  -0.0113599328 0.00442287093 -0.0109222354
v  -0.0104752788 0.00438118679 -0.0111706974
v  -0.00514129736 0.00409549056 -0.0115427794
v  -0.0056652464 0.00419252692 -0.0113052512
v  -0.00620459951 0.00426142244 -0.011174662
v  -0.00677559152 0.00430365233 -0.0111453403
v  -0.0033371076 0.00418808637 -0.0128650256
v  -0.0032493351 0.00422139233 -0.0133196283
v  -0.00332473777 0.00421718461 -0.0127670588
v  -0.00358877331 0.00401273882 -0.0130682439
v  -0.00367641542 0.00398866413 -0.0133639555
v  -0.00349877216 0.00404567784 -0.0130963549
v  -0.00344722066 0.0040538027 -0.0133510763
v  -0.00332652219 0.00413701637 -0.0133362524
v  -0.0034422446 0.00407723663 -0.01308263
v  -0.00339504331 0.00411388418 -0.0130375596
v  -0.0219782349 0.00358160725 -0.017270511
v  -0.0219479837 0.00333128823 -0.0177229438
v  -0.021921793 0.00294202147 -0.0180630479
v  -0.0211529229 0.00257654628 -0.0181651413
v  -0.00405744091 0.00401172554 -0.0142947938
v  -0.00392752141 0.00412338926 -0.0144006051
v  -0.00330619887 0.0043038982 -0.0135794245
v  -0.00355840847 0.0040236651 -0.0134662818
v  -0.00316630118 0.00434991857 -0.0132558933
v  -0.00340583641 0.00413543684 -0.0135340448
v  -0.00384312868 0.00429209461 -0.0144710615
v  -0.00354548451 0.00429837359 -0.0140427919
v  -0.00363832153 0.00412979862 -0.0139843682
v  -0.00378080923 0.00401807716 -0.0138968527
v  -0.0351635963 -0.0032000863 -0.01298769
v  -0.0351635963 0.00339991366 -0.01298769
v  -0.0331314802 -0.00429989537 -0.0146359894
v  -0.0330324844 -0.00429989537 -0.013876088
v  -0.0326378383 -0.00429989537 -0.0130826961
v  -0.0321032703 -0.00429989537 -0.0125537934
v  -0.0321844444 -0.00422561588 -0.012615433
v  -0.0322564244 -0.00403105142 -0.0124498969
v  -0.0322476588 -0.00403891923 -0.0125231352
v  -0.0322864465 -0.0040199575 -0.01246762
v  -0.0320677646 -0.00426319474 -0.0125154834
v  -0.0320486911 -0.00429962436 -0.0125039248
v  -0.0320160463 -0.00429937383 -0.0124549605
v  -0.0320506617 -0.00422331737 -0.0124638937
v  -0.0319935605 -0.00429960759 -0.0123706805
v  -0.032052476 -0.00419276627 -0.0124038067
v  -0.0319934674 -0.00429970445 -0.0123549923
v  -0.0320714265 -0.00417561317 -0.0123453345
v  -0.0320012271 -0.00429989537 -0.0123076579
v  -0.0321704112 -0.00407890463 -0.0124002816
v  -0.0321420506 -0.00409893924 -0.0124570522
v  -0.0321279168 -0.00413818145 -0.0125141526
v  -0.032131996 -0.00419107312 -0.0125609078
v  -0.0322188251 -0.00408288324 -0.0125770429
v  -0.0322071239 -0.00414515706 -0.0126177063
v  -0.0207560062 9.99137774e-05 -0.0184532274
v  -0.0210553315 -0.00115753373 -0.0183950588
v  -0.0209236946 0.00144423696 -0.0183744971
v  -0.0207973998 0.000777020701 -0.0184329953
v  -0.0211380385 0.00209167739 -0.0182810277
v  -0.0131491842 -0.00454251328 -0.0100905215
v  -0.0136983097 -0.00488924189 -0.00966762658
v  -0.0130489646 -0.0048749852 -0.0098152468
v  -0.0131080262 -0.00473674154 -0.00998347625
v  -0.0137198092 -0.00475155143 -0.00984630454
v  -0.0137339467 -0.00455693761 -0.00996150635
v  -0.0143332332 -0.0045541632 -0.00994828995
v  -0.0143632675 -0.00488659507 -0.00964721758
v  -0.0143462466 -0.00474976702 -0.00983001851
v  -0.0319542289 -0.0059372182 -0.0156956241
v  -0.032138072 -0.00597295864 -0.0156458896
v  -0.0321709178 -0.00593252061 -0.015688885
v  -0.0312112756 -0.00603172136 -0.015803149
v  -0.0312320404 -0.00596545869 -0.0157948546
v  -0.0322166942 -0.0061964537 -0.0154658984
v  -0.031617105 -0.00615610601 -0.0156864021
v  -0.0316579603 -0.00606547901 -0.0156836454
v  -0.0316802971 -0.00602120487 -0.0156893916
v  -0.0317034535 -0.00597850094 -0.015699774
v  -0.0317270868 -0.0059379586 -0.0157145429
v  -0.0323419459 -0.00595749402 -0.0156334583
v  -0.0323777571 -0.00592287118 -0.0156937186
v  -0.0323065519 -0.0060037435 -0.0155783128
v  -0.0321054906 -0.00602080254 -0.0156086534
v  -0.0322730169 -0.00606046012 -0.01553078
v  -0.032074146 -0.0060749785 -0.0155785074
v  -0.0320187137 -0.00619612867 -0.015542903
v  -0.0317034535 0.00617833016 -0.015699774
v  -0.0320449546 0.00633383496 -0.0155564202
v  -0.0312112756 0.00623154966 -0.015803149
v  -0.031617105 0.00635593524 -0.0156864021
v  -0.0320187137 0.00639595604 -0.015542903
v  -0.0316579603 0.00626530638 -0.0156836454
v  -0.0312320404 0.00616528792 -0.0157948546
v  -0.0322730169 0.00626028841 -0.01553078
v  -0.032074146 0.00627480773 -0.0155785074
v  -0.0318694413 0.00627521938 -0.0156296287
v  -0.0319254175 0.00617909571 -0.0156680718
v  -0.0323777571 0.0061227004 -0.0156937186
v  -0.032138072 0.00617278693 -0.0156458896
v  -0.0323419459 0.00615732325 -0.0156334583
v  -0.0321032703 0.00449972367 -0.0125537934
v  -0.0320491493 0.00449972367 -0.0125044063
v  -0.0320119038 0.00449972367 -0.0124466978
v  -0.0319931619 0.00449972367 -0.0123519003
v  -0.0320012271 0.00449972367 -0.0123076579
v  -0.0331314802 0.00449972367 -0.0146359894
v  -0.0330324844 0.00449972367 -0.013876088
v  -0.0326378383 0.00449972367 -0.0130826961
v  -0.0320714265 0.00437544053 -0.0123453345
v  -0.032095477 0.00434638513 -0.0123584848
v  -0.0321704112 0.00427873386 -0.0124002816
v  -0.0322864465 0.00421978487 -0.01246762
v  -0.00332298875 0.0042225006 -0.0127472077
v  -0.00335296337 0.00422084657 -0.0127611775
v  -0.00378635339 0.00433100713 -0.0123458374
v  -0.00357997231 0.00415084837 -0.0128484601
v  -0.00672241859 0.00449763937 -0.0111112222
v  -0.00620519556 0.00446082046 -0.011142022
v  -0.00570223294 0.00440226262 -0.0112585546
v  -0.00522829778 0.00432425318 -0.0114571415
v  -0.00479635224 0.00423010206 -0.0117299268
v  -0.00441723317 0.00412076293 -0.0120699229
v  -0.00410035253 0.00399484439 -0.0124666141
v  -0.00396833569 0.00419581821 -0.0124328332
v  -0.00371748116 0.0040496341 -0.0128824022
v  -0.00414422341 0.00445677293 -0.01189957
v  -0.00456930511 0.00456467969 -0.0115212491
v  -0.0050519798 0.00465696817 -0.0112195909
v  -0.0055806702 0.00473314477 -0.0110006789
v  -0.00614113361 0.00479013426 -0.0108723594
v  -0.00671712402 0.00482580764 -0.010838137
v  -0.00729078427 0.00483923359 -0.010900734
v  -0.00725834444 0.00470058387 -0.0110642072
v  -0.00723776687 0.00451176008 -0.0111687072
v  -0.00671789702 0.00468678353 -0.0110048568
v  -0.00617541559 0.00465099281 -0.0110378172
v  -0.00564802345 0.00459414301 -0.0111604659
v  -0.00515123643 0.0045183762 -0.0113690207
v  -0.00469866581 0.00442676386 -0.0116554685
v  -0.00430129096 0.00431990391 -0.01201321
v  -0.0113380495 0.00462826109 -0.0108935479
v  -0.0125345988 0.00490207924 -0.0102375401
v  -0.0126013048 0.00470738811 -0.0103317313
v  -0.00861374941 0.00471644802 -0.011210952
v  -0.00792582985 0.00451823091 -0.0112739345
v  -0.00861524418 0.00452804891 -0.0113186128
v  -0.00997412298 0.00475687301 -0.0111183506
v  -0.00930707902 0.00454408256 -0.0113026677
v  -0.00999849383 0.00456647901 -0.0112255495
v  -0.011227387 0.00495904824 -0.0106284106
v  -0.00994223729 0.00489500491 -0.0109503074
v  -0.0112915104 0.00482072076 -0.0107910791
v  -0.00861448888 0.00485425768 -0.0110433344
v  -0.0124398889 0.00504050171 -0.0100855669
v  -0.013677177 0.00513463793 -0.00949197821
v  -0.0140397567 0.00512910215 -0.00953664724
v  -0.0136587592 0.00513336202 -0.00955272466
v  -0.0143722752 0.00512480317 -0.0095446799
v  -0.0155755701 0.00510257808 -0.009767171
v  -0.0150503423 0.00511200307 -0.00964649301
v  -0.0150976488 0.00511114439 -0.00965705886
v  -0.0206929855 0.00476081995 -0.0116847893
v  -0.0207188521 0.00495736254 -0.0115670078
v  -0.0150053306 0.00505055999 -0.00979889091
v  -0.0149215283 0.00472485973 -0.0100587783
v  -0.014955854 0.00491185812 -0.00995838642
v  -0.0178080332 0.00469029834 -0.0108719235
v  -0.0178380236 0.00488246372 -0.0107625769
v  -0.0178857744 0.00502099795 -0.0105912397
v  -0.0321832858 0.00442604115 -0.0126145212
v  -0.0320677646 0.00446302211 -0.0125154834
v  -0.0320506617 0.00442314474 -0.0124638937
v  -0.032052476 0.0043925955 -0.0124038067
v  -0.0322476588 0.00423874846 -0.0125231352
v  -0.0322188251 0.00428271247 -0.0125770429
v  -0.0321420506 0.00429876847 -0.0124570522
v  -0.0321279168 0.00433801068 -0.0125141526
v  -0.0322071239 0.00434498629 -0.0126177063
v  -0.032131996 0.00439090235 -0.0125609078
v  -0.0143332332 0.0047539915 -0.00994828995
v  -0.0137339467 0.00475676497 -0.00996150635
v  -0.0136722196 0.00514257839 -0.00950889848
v  -0.0143632675 0.00508642336 -0.00964721758
v  -0.0136983097 0.00508907018 -0.00966762658
v  -0.0131491842 0.00474234251 -0.0100905215
v  -0.0131080262 0.00493656984 -0.00998347625
v  -0.0130489646 0.0050748135 -0.0098152468
v  -0.0137198092 0.00495137973 -0.00984630454
v  -0.0143462466 0.00494959531 -0.00983001851

# 0 UV coordinates

# 3862 vertex normals
vn -0.339447349 0.000891445845 0.940624595
vn -0.350537628 -0.091841884 0.932034552
vn -0.363018811 0.0023647307 0.931778908
vn -0.369767427 0.00416163541 0.929114997
vn -0.392501444 -0.100863308 0.91420418
vn -0.401602596 0.00251506339 0.915810585
vn -0.225371405 -0.870806217 0.436926037
vn -0.159528121 -0.930087805 0.330888957
vn -0.200429708 -0.853982031 0.480148494
vn -0.320517987 -0.820296526 0.473689526
vn -0.367071807 -0.735116661 0.569966495
vn -0.367312342 -0.706396878 0.60504967
vn 0.272708833 -0.69806093 -0.662073195
vn 0.23296842 -0.835451841 -0.497740835
vn 0.17803736 -0.805553317 -0.565143049
vn 0.288109452 -0.223976329 -0.931035757
vn 0.204915568 -0.304402679 -0.930241108
vn 0.299156904 -0.201815188 -0.932617605
vn 0.212714344 -0.220865563 -0.951825082
vn -0.175163284 -0.88679266 0.427687496
vn -0.161519438 -0.75906688 0.630657554
vn -0.0359041318 -0.998242497 0.0471465513
vn -0.559669793 -0.23093091 0.795889854
vn -0.322362602 -0.189689353 0.927415848
vn -0.562329412 -0.163974881 0.810492396
vn -0.408934712 -0.31566301 0.856229722
vn -0.425237387 -0.407502353 0.808155358
vn -0.404746562 -0.35746628 0.841663837
vn 0.0217171237 -0.989577472 -0.142354473
vn 0.0188600179 -0.989504099 -0.143268824
vn 0.0221353751 -0.990137279 -0.138340756
vn 0.01543386 -0.989656329 -0.142626211
vn 0.0929167867 -0.975021303 -0.201742187
vn 0.0953493714 -0.974108636 -0.20498997
vn 0.0674533918 -0.977821648 -0.198279366
vn 0.0997643471 -0.968056381 -0.230030194
vn 0.0897905305 -0.972402096 -0.215341255
vn 0.0825263858 -0.976285398 -0.200140402
vn 0.0780898333 -0.976839542 -0.199214473
vn 0.0727391466 -0.977581263 -0.197595537
vn 0.0690651238 -0.97819078 -0.195889667
vn 0.0655083433 -0.97890228 -0.193542898
vn 0.0639736205 -0.97925818 -0.192251816
vn 0.0615815558 -0.979841352 -0.190048933
vn 0.0516968369 -0.983152747 -0.175322801
vn 0.0331928134 -0.983929217 -0.17544663
vn 0.0513336323 -0.984815001 -0.165843636
vn 0.044379428 -0.983513117 -0.17530638
vn 0.103877284 -0.930626571 -0.350918233
vn 0.136460319 -0.922702312 -0.360553682
vn 0.12625365 -0.909738779 -0.395519376
vn 0.124275267 -0.921153903 -0.368824065
vn 0.121954992 -0.941801727 -0.31326741
vn 0.1252103 -0.946208715 -0.298347533
vn 0.133800864 -0.948801756 -0.286133975
vn 0.163246483 -0.948700726 -0.270771801
vn 0.21821323 -0.942589998 -0.252798527
vn 0.181441337 -0.950479686 -0.252323747
vn 0.0889654681 -0.971331 -0.220456839
vn 0.0711015016 -0.952570558 -0.29589507
vn 0.0658724681 -0.966418564 -0.248386726
vn 0.0543262437 -0.972085297 -0.22825186
vn 0.0734923929 -0.956839621 -0.281170249
vn 0.079699479 -0.946244776 -0.313478738
vn 0.0856108591 -0.952461123 -0.292384088
vn 0.0514380075 -0.995616794 -0.0781112313
vn 0.0555922613 -0.990854025 -0.122954607
vn 0.0361687951 -0.994258106 -0.100710191
vn 0.0416525342 -0.989315033 -0.139716804
vn 0.0734364614 -0.967704475 -0.241153941
vn 0.037723653 -0.988263547 -0.148027435
vn 0.0455793217 -0.986450553 -0.157600418
vn 0.0577274077 -0.979062617 -0.195202097
vn 0.0450683758 -0.972283125 -0.229421958
vn 0.0457013771 -0.996061087 -0.0759855434
vn 0.0550756752 -0.997844458 -0.0356789343
vn 0.0450129732 -0.996333659 -0.0727529675
vn 0.0471559577 -0.996847749 -0.0638037547
vn 0.0707365647 -0.994241297 -0.0805020332
vn 0.0230313521 -0.996094584 -0.0852353573
vn 0.0275565144 -0.999569833 -0.0100330962
vn 0.0230347868 -0.996429265 -0.0812287778
vn 0.0321394317 -0.99678266 -0.0734260529
vn 0.0465907417 -0.995792568 -0.078908816
vn 0.000282195339 -0.98885566 -0.148877054
vn 0.00928610098 -0.990169585 -0.139563128
vn 0.012497724 -0.989860892 -0.141488597
vn 0.00379495812 -0.990953147 -0.134155139
vn -0.00175197353 -0.992284298 -0.123970583
vn -0.00362001243 -0.992877424 -0.1190852
vn 0.00388681702 -0.996268451 -0.0862213746
vn -0.0033103989 -0.993334889 -0.115217298
vn 0.00067136297 -0.99617362 -0.0873944089
vn -0.00236923597 -0.992191732 -0.124698959
vn 0.00575108407 -0.996269822 -0.0861009657
vn 0.0212023687 -0.994921982 -0.098390758
vn 0.0241390895 -0.994627893 -0.10066136
vn 0.0344816819 -0.98447299 -0.172116324
vn 0.0290845018 -0.985850096 -0.165086567
vn 0.024271138 -0.987960517 -0.152790323
vn -0.30661121 -0.574564576 0.758857667
vn -0.280091822 -0.628958821 0.725230515
vn -0.273453355 -0.516123831 0.811689258
vn -0.265219986 -0.532833517 0.803583741
vn -0.163100734 -0.644960821 0.746608019
vn -0.27094987 -0.528336048 0.804641008
vn -0.265714198 -0.532909691 0.803369939
vn -0.251997143 -0.736338317 0.627935648
vn -0.186452731 -0.676631927 0.712323368
vn -0.260821074 -0.413476914 0.872358441
vn -0.324927807 -0.43765381 0.838380039
vn -0.310025066 -0.36276868 0.878796458
vn -0.265353262 -0.361644447 0.893756688
vn -0.383513957 -0.364703208 0.848474264
vn -0.387809247 -0.464097321 0.796377778
vn -0.372012049 -0.391442925 0.84165287
vn -0.353500366 -0.409320116 0.841126919
vn -0.341104656 -0.393663824 0.853625417
vn -0.382495046 -0.327830166 0.863843083
vn -0.374144763 -0.342877418 0.861655831
vn -0.379154235 -0.327167004 0.865565598
vn -0.381111026 -0.320392251 0.867238879
vn -0.381744176 -0.317821562 0.867905974
vn -0.38104406 -0.323578566 0.866084516
vn -0.425373346 -0.472918212 0.7716254
vn -0.438513756 -0.416215777 0.796536386
vn -0.45093289 -0.439116538 0.777069032
vn -0.441013634 -0.40468362 0.801085532
vn -0.419193596 -0.459944189 0.782769382
vn -0.450173348 -0.373921186 0.810880303
vn -0.453233093 -0.197964966 0.869131505
vn -0.42607373 -0.339433134 0.838597834
vn -0.459957004 -0.248581111 0.852435887
vn -0.448045105 -0.287136823 0.846645176
vn -0.444114834 -0.30592674 0.842122912
vn -0.441877007 -0.321485579 0.837491393
vn -0.441059977 -0.329211563 0.834916711
vn -0.440407246 -0.337125152 0.832098603
vn -0.447855979 -0.369282275 0.814282298
vn -0.41495207 0.0115149748 0.90977037
vn -0.43476966 -0.1080833 0.894032061
vn -0.434074461 1.15752266e-06 0.900876999
vn -0.451873332 -0.00382943708 0.89207387
vn -0.302248418 -0.341613978 0.889913321
vn -0.541694939 -0.290594965 0.788746655
vn -0.5223189 -0.352200747 0.776619256
vn -0.493095785 -0.406459779 0.769185901
vn -0.27309984 -0.508661687 0.816504657
vn -0.271652311 -0.462046057 0.844226539
vn -0.237043753 -0.626522601 0.742482066
vn -0.198410764 -0.604347289 0.771620095
vn -0.200145245 -0.734410703 0.64852351
vn -0.153840587 -0.82194072 0.54840374
vn -0.115478106 -0.953928828 0.27692014
vn -0.103457667 -0.893403113 0.437181145
vn -0.163571015 -0.919401526 0.357694715
vn -0.220576987 -0.874751687 0.431457072
vn -0.226457253 -0.854013503 0.468378186
vn -0.19964008 -0.857935846 0.47338149
vn -0.0614647307 -0.940504074 0.334176838
vn -0.0186854806 -0.972883224 0.23054105
vn -0.0926440805 -0.972237587 0.21487464
vn 0.0365484133 -0.999247372 0.0129986582
vn 0.0251678172 -0.992173553 0.122303732
vn 0.0190635733 -0.998994529 0.0405781306
vn -0.0051849978 -0.995462239 0.0950163081
vn -0.034138225 -0.989231169 0.142323986
vn 0.108920604 -0.976168871 -0.187698394
vn 0.0805072561 -0.99612993 -0.0352667682
vn 0.0670363978 -0.994710326 -0.0778291747
vn 0.0555862933 -0.99760735 0.0411064327
vn 0.113496736 -0.900382161 -0.420036256
vn 0.103783906 -0.941307545 -0.321199298
vn 0.0819044188 -0.964133143 -0.252465844
vn 0.131161556 -0.914856732 -0.381881833
vn 0.148277476 -0.824334741 -0.546338677
vn 0.125239447 -0.849123836 -0.513131559
vn 0.163989663 -0.70957756 -0.685278714
vn 0.136362001 -0.703893602 -0.697093427
vn 0.12764509 -0.761830986 -0.635075152
vn 0.16826053 -0.59995079 -0.782142818
vn 0.158057079 -0.54367435 -0.82427907
vn 0.150467172 -0.609316051 -0.778520167
vn 0.167465582 -0.30152452 -0.938636363
vn 0.193188772 -0.393526226 -0.898785412
vn 0.161893398 -0.362699538 -0.917736173
vn 0.23400712 -0.072164014 -0.969552994
vn 0.239747986 -0.0104950117 -0.970778525
vn 0.24824585 -1.19428921e-06 -0.968697071
vn 0.180048183 -0.105512336 -0.977982521
vn 0.237244233 -0.0145000629 -0.971341789
vn 0.232280895 -7.38216741e-08 -0.97264874
vn 0.21217373 -5.47094636e-08 -0.97723186
vn 0.174202859 -4.99471113e-08 -0.984709859
vn 0.244173959 -0.00101086521 -0.969730854
vn 0.322631806 -0.00264156843 -0.946520865
vn 0.359337091 -0.0718823522 -0.93043524
vn 0.22561124 -2.78948349e-08 -0.974217415
vn 0.233476996 -2.49195917e-08 -0.97236228
vn 0.2415694 -0.00133724173 -0.97038269
vn 0.305721462 -0.175378114 -0.935829639
vn 0.313917696 -0.138047874 -0.939360619
vn 0.222287014 -0.146152779 -0.963964641
vn 0.176433653 -0.167690426 -0.969923258
vn 0.172044992 -0.23815012 -0.955868781
vn 0.235118285 -0.363404125 -0.901474833
vn 0.176812664 -0.485863566 -0.855963767
vn 0.249055415 -0.319038153 -0.914432108
vn 0.269143939 -0.282321632 -0.92079103
vn 0.276822448 -0.251638114 -0.927387536
vn 0.169013917 -0.469186127 -0.866774738
vn 0.142153665 -0.523475111 -0.840098858
vn 0.197033957 -0.425191492 -0.883396685
vn 0.216694504 -0.379818976 -0.89932251
vn 0.163189799 -0.447537869 -0.879249036
vn 0.214606136 -0.371154934 -0.903431416
vn 0.168077901 -0.71486479 -0.678762257
vn 0.129086614 -0.744218946 -0.655343294
vn 0.189113349 -0.57263422 -0.797700584
vn 0.172706485 -0.523680866 -0.834224701
vn 0.141251594 -0.633962691 -0.760354638
vn 0.161256015 -0.475143194 -0.86500603
vn 0.154239208 -0.475354344 -0.866168857
vn 0.216018736 -0.666759491 -0.713279545
vn 0.208879262 -0.554383934 -0.805622697
vn 0.143777907 -0.840441287 -0.522480965
vn 0.163796321 -0.963795304 -0.210402891
vn 0.217570022 -0.943575025 -0.249658868
vn 0.202272698 -0.933591604 -0.295791477
vn 0.217755958 -0.898781955 -0.380490959
vn 0.157982513 -0.965482354 -0.207088187
vn 0.149115771 -0.965872049 -0.211791322
vn 0.0378486142 -0.977690101 -0.206614166
vn 0.0237693656 -0.98238194 -0.185366765
vn -0.00597238448 -0.992822409 -0.119448274
vn 0.138802543 -0.97326827 -0.182983279
vn 0.16453886 -0.974412739 -0.153123096
vn 0.13251318 -0.985361814 -0.107248969
vn -0.0461391434 -0.998827934 -0.0146291172
vn 0.0899758041 -0.994393826 -0.0555469655
vn 0.100868121 -0.994718611 0.018983176
vn -0.0854237303 -0.991830349 0.0947380513
vn 0.0463752598 -0.994752467 0.09119609
vn -0.123043031 -0.970194042 0.208767757
vn -0.0246632528 -0.951847494 0.305578351
vn 0.00151694333 -0.970330477 0.241777986
vn 0.027197754 -0.986284494 0.162798166
vn -0.0798982903 -0.882589698 0.463305265
vn -0.0531295501 -0.9158746 0.397933394
vn -0.168605253 -0.718581557 0.674694598
vn -0.151018381 -0.756391585 0.63644737
vn -0.0890967175 -0.826729298 0.55550015
vn 0.15677613 -0.497933179 -0.852926672
vn 0.128874391 -0.651423216 -0.747689188
vn 0.116064243 -0.782423437 -0.61183548
vn 0.103971228 -0.872196913 -0.477977484
vn 0.0964142308 -0.895221531 -0.435066432
vn -0.0375476293 -0.997883797 -0.0530861877
vn -0.0697373524 -0.99161917 -0.108757176
vn -0.0852029547 -0.996349812 -0.00523958495
vn -0.0383805819 -0.990194023 -0.134323329
vn -0.0281320568 -0.986103535 -0.163732752
vn -0.00225321227 -0.982771099 -0.184813112
vn -0.112669282 -0.992623448 -0.0447699204
vn -0.171284899 -0.98288554 0.0678045526
vn -0.134098336 -0.989306509 0.0573613048
vn -0.191112906 -0.966253459 0.172713742
vn -0.24376449 -0.941913605 0.231035948
vn -0.258799613 -0.911531329 0.319583237
vn -0.313518673 -0.854897499 0.413347691
vn -0.362426579 -0.595811009 0.716698229
vn -0.403009117 -0.60201323 0.68932122
vn -0.399194002 -0.583536208 0.707198441
vn 0.0508294404 -0.978870869 -0.198061317
vn 0.168323949 -0.965609491 -0.19815518
vn -0.0630796179 -0.99292028 -0.100649528
vn -0.116979614 -0.992962003 0.0185006429
vn -0.179525897 -0.967695713 0.177017912
vn -0.281492591 -0.857712686 0.430222005
vn -0.232550487 -0.924498618 0.302030683
vn -0.329346538 -0.742973268 0.582684815
vn -0.289339513 -0.730230927 0.618906677
vn -0.255884111 -0.552421093 0.79331845
vn -0.0180373695 -0.998578727 0.0501526445
vn -0.0539932363 -0.990840256 0.123774663
vn -0.0942375436 -0.973554134 0.208114505
vn -0.329185426 -0.0843576491 0.94048965
vn -0.568669379 -0.0940080136 0.8171767
vn -0.319539726 -0.503618181 0.802660048
vn -0.29117021 -0.612722754 0.734704554
vn -0.345501333 -0.533468604 0.772036433
vn -0.315894753 -0.64750874 0.693500459
vn -0.252503157 -0.723072588 0.642968237
vn -0.274618268 -0.759760261 0.589363337
vn -0.203890637 -0.81595248 0.540971458
vn -0.22376512 -0.861598909 0.455605507
vn -0.160476372 -0.930874527 0.328207135
vn -0.374031156 -0.561219037 0.738331974
vn -0.343205154 -0.679862201 0.648072243
vn -0.299080551 -0.793180227 0.530486643
vn -0.241116926 -0.88929981 0.388598084
vn -0.176545754 -0.952771068 0.247101113
vn -0.114528269 -0.984623373 0.131908953
vn -0.391029328 -0.45582509 0.799574673
vn -0.380155563 -0.318005383 0.868535757
vn -0.365339249 -0.4210684 0.83019793
vn -0.33692044 -0.412540436 0.846342146
vn -0.387405515 -0.207747087 0.898197114
vn -0.429097772 -0.22377634 0.87509954
vn -0.337211013 -0.281233102 0.898441255
vn -0.31821388 -0.375337213 0.870552599
vn -0.449285805 -0.0995517895 0.887824118
vn -0.452546507 -0.0135588078 0.891637683
vn -0.348695278 -0.189401701 0.917899072
vn -0.335860759 0.000645697059 0.941911459
vn -0.325989485 -0.00300263544 0.945368588
vn -0.571943641 -0.000201592236 0.820293009
vn 0.0896625146 -0.974290013 -0.206687167
vn 0.110669874 -0.910016656 -0.399526864
vn 0.127885371 -0.809319675 -0.573277354
vn 0.141373709 -0.706355989 -0.693595469
vn -0.299427629 -0.474251777 0.827906013
vn -0.271471858 -0.578925788 0.768861592
vn -0.235647932 -0.686695695 0.687691152
vn -0.189615622 -0.791548371 0.580944955
vn -0.141516209 -0.876624703 0.459893763
vn -0.0930778682 -0.93555063 0.340707332
vn -0.0479999818 -0.969140708 0.241789669
vn -0.00634447718 -0.988470137 0.151283145
vn 0.0360851549 -0.997182727 0.0657600984
vn 0.0642029643 -0.997852921 0.0129398555
vn 0.0833171383 -0.995367229 -0.047984384
vn 0.105115615 -0.976911068 -0.185998976
vn 0.127321348 -0.916399419 -0.379474998
vn 0.144355863 -0.823640645 -0.548431993
vn 0.157350972 -0.716040075 -0.680093527
vn 0.448506176 -0.88472116 -0.126928225
vn 0.44814387 -0.878042817 -0.167951822
vn 0.327150434 -0.924570382 -0.195300102
vn 0.764148474 -0.637157023 -0.100539178
vn 0.505005658 -0.847340524 -0.164265782
vn 0.672714889 -0.728749692 -0.127978295
vn 0.955708027 -0.293857932 -0.0164239351
vn 0.810069859 -0.580079317 -0.0854100138
vn 0.914145231 -0.403592885 -0.0380952246
vn 0.998771548 -0.02432869 0.0431661382
vn 0.995216846 0.0594914816 0.0774866566
vn 0.979615331 -0.200329751 0.0148924841
vn 0.999767601 -0.00465590879 0.0210503023
vn 0.951175094 -0.29988423 -0.0730435401
vn 0.999331832 -0.0353518985 -0.00927880872
vn 0.828695416 -0.55017072 -0.102840409
vn 0.925207913 -0.348455817 -0.150229245
vn 0.92948544 -0.359052658 -0.0844860598
vn 0.983784676 -0.166385725 -0.0669593513
vn 0.998778105 0.0107717738 -0.0482304208
vn 0.938681602 -0.31528154 -0.139551416
vn 0.994015396 -0.0481859744 -0.0980383456
vn 0.989363134 -0.100096054 -0.105552904
vn 0.986076355 -0.148383647 -0.0750718489
vn 0.720926642 -0.667570114 -0.186051056
vn 0.69028008 -0.713986993 -0.117200471
vn 0.437301069 -0.878751397 -0.191216528
vn 0.424230129 -0.879931509 -0.213890761
vn 0.409033746 -0.891640186 -0.194085568
vn 0.737253129 -0.649096608 -0.18743366
vn 0.754931569 -0.64036566 -0.141457453
vn -0.0120678404 -0.637422979 0.770419478
vn -0.0758608952 -0.915640354 0.394775778
vn 0.0943719447 -0.618433595 0.780149937
vn 0.00898921583 -0.669711888 0.742566586
vn 0.666044414 -0.745890617 0.00566746015
vn 0.887647092 -0.460250169 0.0158824492
vn 0.966141045 -0.256073385 -0.0315907076
vn 0.941539884 -0.272239447 0.198465079
vn 0.923529088 -0.361947745 0.126838207
vn 0.959391773 -0.280842304 0.0263644587
vn 0.881317556 -0.442054749 0.166933745
vn 0.852399409 -0.381130368 0.357987344
vn 0.921110392 -0.255195498 0.293991178
vn 0.785675824 -0.362401783 0.501376688
vn 0.878842533 -0.211576208 0.427634537
vn 0.707366407 -0.315398455 0.632579327
vn 0.780736506 -0.135064512 0.610088587
vn 0.626782417 -0.248522341 0.738498807
vn 0.663687587 -0.0862168968 0.743024468
vn 0.520090818 -0.228814274 0.822890937
vn 0.60822022 -0.0734163448 0.790365815
vn 0.427326113 -0.36700663 0.826255798
vn 0.541420162 -0.272364348 0.795413017
vn 0.360085249 -0.550724685 0.753021181
vn 0.450829983 -0.544109285 0.70759964
vn 0.265408099 -0.71037221 0.651866496
vn 0.385669678 -0.683876216 0.619332075
vn 0.307415068 -0.782173514 0.541941524
vn 0.444089472 -0.631800115 0.635305464
vn 0.262948096 -0.818240106 0.511215687
vn 0.0646739081 -0.953291893 0.295045257
vn 0.215930194 -0.881512105 0.419893384
vn 0.0471329466 -0.984519958 0.168816164
vn 0.179250851 -0.918241799 0.353130728
vn 0.000332368334 -0.999999702 0.000725801219
vn 0.0200044289 -0.997144282 0.072822459
vn 0.0582246557 -0.989801824 0.130008623
vn 0.140140727 -0.772904158 0.61885345
vn 0.0545606315 -0.694648266 0.717277586
vn 0.250433952 -0.891139269 0.378356516
vn 0.192065984 -0.845646143 0.497989148
vn 0.335419804 -0.942023575 -0.00923013873
vn 0.329149663 -0.936830461 0.118359953
vn 0.28819859 -0.924027681 0.25122574
vn 0.207932755 -0.532870948 0.820251524
vn 0.308328956 -0.492906064 0.813619673
vn 0.398702949 -0.553386152 0.731299937
vn 0.483631611 -0.62368542 0.614098489
vn 0.55663693 -0.681916893 0.4744941
vn 0.611524045 -0.724316835 0.318439305
vn 0.645054817 -0.747693181 0.157667845
vn -0.24853079 -0.411611706 0.876817167
vn -0.239241034 -0.457381219 0.856484771
vn -0.211518049 -0.397588789 0.892851174
vn -0.200606972 -0.365268707 0.90903008
vn -0.213774145 -0.365298361 0.906012058
vn -0.199060246 -0.364824861 0.909548223
vn 0.0168805849 0.999847829 0.00439819694
vn 0.0168807916 0.999847829 0.00440114597
vn 0.0168801546 0.999847889 0.0043983683
vn 0.0168878958 0.99984777 0.00438584108
vn 0.0168817304 0.999847829 0.00439825654
vn 0.0168864708 0.99984777 0.00438845437
vn 0.0168812014 0.99984777 0.00439947611
vn 0.016881559 0.99984777 0.00439942256
vn 0.0168816186 0.999847829 0.00439962791
vn 0.016851332 0.999848068 0.00446102303
vn 0.0168851409 0.999847829 0.00439249305
vn 0.0168822017 0.99984777 0.00439873384
vn 0.0168812964 0.99984777 0.00439988775
vn 0.0168804601 0.999847829 0.00439872546
vn 0.0168778673 0.999847829 0.00440042652
vn 0.0168804005 0.99984777 0.00440022908
vn 0.0168811996 0.99984777 0.00439984072
vn 0.0168811101 0.99984777 0.00440106727
vn 0.0168810822 0.999847829 0.00440089591
vn 0.0168810003 0.999847829 0.00440146634
vn 0.0168798901 0.99984777 0.00440672925
vn 0.0168814622 0.999847829 0.00440068031
vn 0.0168833546 0.999847651 0.00441501802
vn 0.016892923 0.999847293 0.0044713635
vn 0.0168808047 0.99984777 0.00440136064
vn 0.0168811027 0.99984777 0.00440114876
vn 0.0168819539 0.99984777 0.00440256298
vn 0.0168858375 0.999847829 0.00438595703
vn 0.0168551225 0.999848008 0.00445110025
vn 0.0169088896 0.999847651 0.00434353715
vn 0.0168797132 0.999847949 0.00437691435
vn 0.0168806948 0.999847829 0.0043977485
vn 0.0411326811 0.998392582 0.0389935039
vn 0.0168805756 0.99984777 0.00440161396
vn 0.016880868 0.99984777 0.00440097041
vn 0.0168813951 0.99984777 0.0044007902
vn 0.0168926753 0.999847651 0.0043979357
vn 0.0168948956 0.999847591 0.00439682743
vn 0.0503026359 0.998515368 0.0208980758
vn 0.0168810226 0.999847829 0.00439767493
vn 0.016881125 0.99984771 0.0043999888
vn 0.0168809127 0.999847829 0.00440355204
vn 0.0168811511 0.999847829 0.00440176204
vn 0.0873797908 0.995356202 0.0403844006
vn 0.0793034062 0.996228099 0.0352208056
vn 0.0168811753 0.999847829 0.00440113712
vn 0.0168799534 0.999847829 0.0044023199
vn 0.0168807227 0.999847829 0.00440076226
vn 0.0168808196 0.999847829 0.0044004512
vn 0.0168815367 0.999847829 0.00440075062
vn 0.0168809965 0.99984777 0.00440106541
vn 0.0168824736 0.999847889 0.00440211501
vn 0.0168815888 0.999847889 0.00440074736
vn 0.0168810058 0.999847829 0.00440112408
vn 0.0168812964 0.999847829 0.00440153014
vn 0.0168805625 0.999847829 0.00440043537
vn 0.0168805327 0.999847889 0.00440056482
vn 0.0168813057 0.999847829 0.00440113805
vn 0.695479095 0.632607579 0.340758532
vn 0.662948132 0.673717618 0.326502979
vn 0.722533524 0.597971022 0.346952558
vn 0.695062876 0.637514293 0.33235994
vn 0.444178492 0.872047663 0.205519632
vn 0.255105913 0.961974502 0.0976005346
vn 0.123626344 0.988388598 0.088342227
vn 0.396960109 0.897541583 0.191942081
vn 0.563243032 0.778762102 0.27620092
vn 0.0701180026 0.996945977 0.0343848206
vn 0.246476009 0.961616874 0.120592274
vn 0.0715755597 0.996790409 0.0358591303
vn 0.256244332 0.958304524 0.126456752
vn 0.418382525 0.884871066 0.204839572
vn 0.432207465 0.876482546 0.212072998
vn 0.592887521 0.751012683 0.290627241
vn 0.744341373 0.55902648 0.365301579
vn 1.21801113e-05 0.99999994 -2.8617822e-05
vn 1.19781735e-05 1 -2.91249617e-05
vn 1.30105145e-05 1 -2.93168396e-05
vn 1.197643e-05 0.99999994 -2.90754069e-05
vn 1.15460844e-05 1 -2.8772316e-05
vn 0.0422589518 0.998972535 0.0163776875
vn 0.0429760776 0.998925626 0.0173414238
vn 0.19567053 0.97736764 0.0804090053
vn 0.180799171 0.980393529 0.0783599764
vn 0.387433618 0.908783555 0.154943794
vn 0.337701678 0.930067718 0.144677907
vn 0.530499935 0.821578979 0.208752826
vn 0.452819735 0.868264914 0.202658668
vn 0.653166711 0.710676432 0.261366308
vn 0.521229744 0.819644511 0.237702489
vn 0.638089597 0.723730922 0.262783408
vn 0.757627249 0.578343868 0.302521616
vn 0.708699048 0.634398282 0.308681875
vn 0.83860755 0.427885652 0.337121874
vn 0.756876767 0.562989891 0.331933588
vn 0.840587318 0.419924319 0.342164606
vn 0.895649016 0.261660278 0.359648287
vn 0.897212982 0.251902103 0.362703949
vn 0.923679888 0.0953313783 0.371116251
vn 0.924626052 0.0730474889 0.373805791
vn 0.927102625 1.04212074e-06 0.374807566
vn 0.9271034 -1.56115709e-06 0.374805659
vn 0.927102089 -6.59166699e-06 0.374808878
vn 0.925412774 -0.0726741776 0.371927112
vn 0.92704463 -0.0112294434 0.37478292
vn 0.927102864 3.64469988e-09 0.374807
vn 0.927102685 -9.66773314e-07 0.374807447
vn 0.927102208 -2.54608381e-06 0.37480852
vn 0.927102149 1.35549953e-07 0.374808848
vn 0.927100539 -4.28858175e-06 0.37481299
vn 0.927101851 3.92702395e-06 0.374809325
vn 0.92710191 3.75454488e-06 0.374809235
vn 0.927102566 1.8699086e-07 0.374807626
vn 0.927102864 -9.9967383e-07 0.374806762
vn -0.391453981 0.100020289 0.914745748
vn -0.115521416 0.981663585 0.151629075
vn -0.0564021766 0.991436481 0.117781565
vn -0.101093858 0.97193855 0.212403953
vn -0.297825813 0.571114838 0.764936328
vn -0.388734519 0.464963257 0.795421064
vn -0.323987484 0.438398898 0.838354647
vn -0.295083612 0.72352922 0.62404412
vn -0.253560752 0.735098898 0.628757834
vn -0.382493764 0.327833325 0.863842428
vn -0.406642258 0.359481424 0.839889944
vn -0.408933997 0.315663427 0.856229842
vn -0.420985222 0.41372332 0.807220101
vn -0.424968243 0.473699957 0.771369159
vn -0.438513637 0.41621682 0.796535909
vn -0.199293509 0.607052684 0.769265413
vn -0.267885894 0.505996346 0.819881022
vn -0.230173603 0.626934469 0.744293809
vn 0.305458009 0.175867751 -0.935823739
vn 0.215252832 0.221519023 -0.951102197
vn 0.294763237 0.205678806 -0.933172524
vn 0.252706617 0.325175077 -0.911263168
vn 0.192322925 0.388684094 -0.901075244
vn 0.179315612 0.490796566 -0.852622211
vn -0.0196945257 0.956307173 0.291699558
vn -0.163452968 0.929504573 0.330612123
vn -0.0495947823 0.922967792 0.381668389
vn -0.143424124 0.738313675 0.65903151
vn -0.161195368 0.710042536 0.68546015
vn 0.034481775 0.984472692 -0.172117651
vn 0.0327218659 0.984727323 -0.171000957
vn 0.0443802029 0.983512998 -0.175307289
vn 0.126255512 0.909732819 -0.39553228
vn 0.10409911 0.928920865 -0.355343968
vn 0.0836241096 0.952134132 -0.294019878
vn 0.00421919348 0.996315718 -0.0856575891
vn 0.00495714694 0.996293664 -0.0858736336
vn -0.00134471338 0.997047424 -0.0767773315
vn 0.0209392868 0.994948924 -0.0981740728
vn -0.00341108674 0.993154347 -0.116759814
vn 0.0053134854 0.990888238 -0.134582192
vn -0.00362097123 0.99287802 -0.119080253
vn -0.00175038981 0.992283881 -0.123974539
vn 0.00355501566 0.990989864 -0.133889541
vn 0.0084723793 0.990268528 -0.138912156
vn 0.0120934499 0.989890635 -0.141316175
vn 0.0154352207 0.989656329 -0.142625585
vn 0.0230310224 0.996100008 -0.0851719677
vn 0.025195824 0.99967289 -0.00438443385
vn 0.0241393503 0.994627476 -0.100665197
vn 0.0230376069 0.996439517 -0.0811009929
vn 0.0446506552 0.996572256 -0.0696435422
vn 0.0502833426 0.99810195 -0.0355526097
vn 0.0450126491 0.996333718 -0.0727520362
vn 0.0351527035 0.996861398 -0.0709345639
vn 0.023059655 0.996504068 -0.0802984983
vn 0.0484050177 0.99674046 -0.0645413399
vn 0.0690314695 0.994270921 -0.0816096291
vn 0.0510050431 0.994174004 -0.0949547365
vn 0.0470129065 0.991667509 -0.119939327
vn 0.0473382659 0.986465454 -0.15698728
vn 0.0559233464 0.989974201 -0.129706115
vn 0.0715332255 0.967037201 -0.244381145
vn 0.0526805669 0.983560205 -0.172725752
vn 0.0603997819 0.973212242 -0.221832544
vn 0.0617035553 0.969353795 -0.23779352
vn 0.0665152371 0.965934217 -0.25009346
vn 0.0752840042 0.949921787 -0.3032839
vn 0.0778768361 0.950396657 -0.301133394
vn 0.0996105 0.968093872 -0.229939252
vn 0.138600796 0.920415401 -0.365548044
vn 0.178997129 0.950907946 -0.252456546
vn 0.194008112 0.946196258 -0.258985579
vn 0.146054596 0.949322462 -0.278307438
vn 0.129681498 0.947900951 -0.290974736
vn 0.122138977 0.942206621 -0.311975539
vn 0.124274358 0.921157956 -0.36881417
vn 0.0496135503 0.983434021 -0.174344867
vn 0.0659568533 0.978230476 -0.196761012
vn 0.0569319725 0.98122102 -0.184293225
vn 0.061577294 0.979842484 -0.190044791
vn 0.0649256855 0.979031682 -0.193083957
vn 0.068880409 0.978222251 -0.195797428
vn 0.0736088231 0.977438629 -0.197978571
vn 0.0811209455 0.976454616 -0.199889183
vn 0.0877876133 0.975656986 -0.200964838
vn 0.0971970782 0.974470437 -0.202385977
vn 0.0932281837 0.973452032 -0.20904465
vn 0.0888648257 0.971933961 -0.217824444
vn 0.0187510215 0.989511251 -0.14323397
vn 0.0206326544 0.989825428 -0.140783593
vn 0.0220606159 0.989269853 -0.144424722
vn 0.0242728628 0.987959206 -0.152797908
vn 0.0290837307 0.985850036 -0.165086776
vn -0.268594682 0.52978158 0.804480135
vn -0.205224812 0.647284269 0.73410207
vn -0.26153779 0.524082005 0.810515881
vn -0.265686959 0.533031821 0.803297997
vn -0.272306234 0.539007187 0.797070026
vn -0.274747699 0.606375873 0.746205032
vn -0.187535435 0.677343428 0.711362362
vn -0.0774077997 0.886160553 0.45686695
vn -0.205551639 0.858290672 0.470197558
vn -0.0799619928 0.827015877 0.556462824
vn -0.127857789 0.795378029 0.592474699
vn -0.0455696993 0.998823822 -0.016565362
vn -0.084579736 0.991882741 0.0949477702
vn 0.0354753137 0.992687643 0.115380518
vn 0.00867548306 0.97491318 0.222416326
vn -0.123236559 0.970115304 0.209019437
vn 0.147547603 0.978632331 -0.143207431
vn 0.126091301 0.984943271 -0.118269287
vn 0.137392968 0.98727566 -0.0800619721
vn 0.0895993114 0.995977759 -0.00048202023
vn 0.148896232 0.965986133 -0.211425528
vn 0.162456349 0.964421391 -0.208564699
vn 0.0401682965 0.978654385 -0.20154956
vn 0.171428829 0.964741886 -0.199713051
vn 0.16093795 0.964585781 -0.208981305
vn 0.268764526 0.715155125 -0.645227611
vn 0.176145017 0.808553278 -0.561439574
vn 0.210746795 0.849223495 -0.484154254
vn 0.212355107 0.900232255 -0.380114704
vn 0.196366861 0.934044421 -0.298330307
vn 0.140750736 0.959438622 -0.244267687
vn 0.16917114 0.525262117 -0.833954871
vn 0.166861236 0.716741204 -0.677081525
vn 0.190755904 0.571644843 -0.798018932
vn 0.208881244 0.55438292 -0.805622876
vn 0.143782079 0.524727941 -0.839039505
vn 0.130797297 0.653342187 -0.745678186
vn 0.194967628 0.437491775 -0.877831757
vn 0.171896189 0.46311906 -0.869466782
vn 0.151435018 0.494301945 -0.855998218
vn 0.138998419 0.635198653 -0.759738326
vn 0.155521512 0.481051654 -0.862787485
vn 0.236472964 0.353612632 -0.905007541
vn 0.214628592 0.371293902 -0.90336889
vn 0.221669078 0.379328161 -0.898316741
vn 0.167120978 0.600326657 -0.782098711
vn 0.283791274 0.222269684 -0.932769477
vn 0.283075273 0.250677586 -0.92575866
vn 0.27785939 0.273190051 -0.920956731
vn 0.208227098 0.306970686 -0.928660572
vn 0.313633233 0.137626365 -0.939517558
vn 0.22360301 0.145280093 -0.963792205
vn 0.350910068 0.0762037411 -0.933303237
vn 0.23492834 0.072668694 -0.969292462
vn 0.178333536 0.104508586 -0.978404462
vn 0.175902247 0.16576156 -0.970351279
vn 0.171550855 0.237863436 -0.956028879
vn 0.167422205 0.707440853 -0.686656475
vn 0.151794091 0.612048507 -0.776115477
vn 0.139954418 0.698220551 -0.702069044
vn 0.129348785 0.775706947 -0.617695391
vn 0.149744794 0.82589978 -0.543567896
vn 0.121742472 0.839451849 -0.529621899
vn 0.132770181 0.914800704 -0.381459892
vn 0.110283263 0.895831823 -0.430491477
vn 0.097605139 0.941363931 -0.322966099
vn 0.108094469 0.978346288 -0.176505372
vn 0.0842036679 0.965260923 -0.247347951
vn 0.0814983249 0.99581182 -0.0414344408
vn 0.0651927516 0.995049119 -0.0750153139
vn 0.0600516535 0.996990025 0.0490369461
vn 0.0363087319 0.999333143 0.00388388196
vn 0.0195163637 0.998989284 0.0404893905
vn 0.0316101797 0.991100848 0.129304871
vn -0.00661887601 0.995484173 0.0946956575
vn -0.0347893052 0.989247024 0.142056227
vn -0.0118904868 0.972204208 0.233832583
vn -0.0769969672 0.972404182 0.220230326
vn -0.0556718409 0.939448237 0.3381387
vn -0.120114252 0.950406253 0.286880314
vn -0.16419223 0.920966148 0.353358388
vn -0.0986667275 0.892315567 0.440497249
vn -0.212738901 0.874089897 0.4367024
vn -0.164321154 0.762037992 0.626335859
vn -0.184365422 0.881432533 0.434840411
vn -0.0407021157 0.997850716 0.0513545722
vn -0.229194432 0.85276109 0.469327629
vn -0.144520596 0.822792888 0.54965961
vn -0.215099126 0.854326248 0.473137468
vn -0.190509498 0.729722798 0.656666398
vn -0.521468103 0.352741808 0.776945412
vn -0.302899778 0.342357785 0.889405966
vn -0.498977274 0.387254864 0.775277674
vn -0.272243589 0.397700071 0.876195192
vn -0.269431144 0.45662269 0.847881258
vn -0.322757095 0.188959703 0.927427709
vn -0.552993834 0.225856051 0.801989377
vn -0.537261486 0.294794112 0.790219247
vn -0.328687578 0.0845431685 0.940647066
vn -0.56878221 0.0947915465 0.817007542
vn -0.56271255 0.163858905 0.810249925
vn -0.435733229 0.108053073 0.893566549
vn -0.451691806 0.0503269173 0.890753508
vn -0.431238741 0.222870663 0.87427789
vn -0.44646138 0.16575852 0.879315853
vn -0.448584169 0.105685972 0.887469828
vn -0.440081626 0.343917727 0.829487026
vn -0.427497476 0.342303067 0.836704612
vn -0.44040817 0.337125063 0.832098126
vn -0.441060394 0.329218954 0.834913611
vn -0.441952705 0.320798337 0.837714911
vn -0.444754541 0.295772046 0.845406651
vn -0.445079625 0.243135542 0.861852288
vn -0.438978225 0.407663077 0.800692797
vn -0.419683337 0.461210132 0.781761527
vn -0.44601199 0.377176434 0.811671913
vn -0.378251165 0.329678714 0.865007401
vn -0.372257024 0.301236361 0.877884626
vn -0.380774409 0.318807751 0.867970288
vn -0.381834954 0.317413002 0.868015587
vn -0.381049573 0.323536187 0.866097867
vn -0.349146903 0.403039962 0.845964074
vn -0.36749199 0.393596739 0.842633486
vn -0.380047649 0.353134811 0.854903281
vn -0.250822723 0.451079965 0.856513202
vn -0.30627501 0.36762014 0.87809509
vn -0.264331639 0.373023957 0.889371634
vn 0.104694702 0.873019516 -0.476315111
vn 0.0983526036 0.895893753 -0.433245033
vn 0.126733899 0.744990468 -0.654925704
vn 0.117093362 0.782185256 -0.61194402
vn 0.140368611 0.842500746 -0.520085573
vn 0.161260933 0.475138992 -0.865007401
vn 0.21470058 0.667295396 -0.71317625
vn -0.403331727 0.602819085 0.688427746
vn -0.399496287 0.584684372 0.706078589
vn -0.367672086 0.736002266 0.568434477
vn -0.367230266 0.707502604 0.603806257
vn -0.316442013 0.854566574 0.411801368
vn -0.319612145 0.821199656 0.472735971
vn -0.246280596 0.942634046 0.225359514
vn -0.256589621 0.912306309 0.319153339
vn -0.171911135 0.982857764 0.0666122511
vn -0.188174531 0.966820657 0.172766134
vn -0.11382255 0.992464781 -0.0453653373
vn -0.127921626 0.989842534 0.0620303825
vn -0.0712274536 0.991523147 -0.108667403
vn -0.0766551197 0.997031093 -0.00728582591
vn -0.0376034491 0.98943907 -0.139986902
vn -0.0347899981 0.997796834 -0.056490548
vn -0.23140651 0.9247334 0.302190274
vn -0.283368766 0.85795933 0.428494841
vn -0.32901153 0.74022311 0.586362541
vn -0.361391246 0.596860588 0.716347575
vn -0.00867200736 0.982646942 -0.185282886
vn -0.0319286995 0.985964239 -0.163875103
vn 0.0319042839 0.97859776 -0.203294322
vn 0.0197214056 0.982516289 -0.185128942
vn -0.0666341856 0.992607832 -0.101437315
vn -0.0084785223 0.992931664 -0.118384734
vn -0.120952703 0.992540598 0.0152817089
vn 0.135495692 0.973201632 -0.185794204
vn -0.181391373 0.967833698 0.174342215
vn -0.209214762 0.886761725 0.412168264
vn -0.350425571 0.0921759903 0.932043731
vn -0.346681386 0.187456861 0.919060349
vn -0.337614894 0.280031949 0.898664832
vn -0.290901899 0.613274217 0.734350502
vn -0.251673847 0.723493278 0.642820239
vn -0.269995749 0.579697967 0.768799424
vn -0.234881535 0.68688941 0.687759817
vn -0.203567415 0.81321466 0.545199215
vn -0.191518545 0.790463507 0.581797361
vn -0.141658172 0.878315747 0.456611902
vn -0.29707247 0.473528117 0.829167724
vn -0.321204334 0.379749984 0.867535472
vn -0.319604635 0.504271686 0.802223742
vn -0.328245789 0.434607059 0.838672519
vn -0.38210392 0.316289037 0.868307412
vn -0.154346868 0.932067394 0.327761084
vn -0.174514487 0.953146577 0.247095987
vn -0.219025195 0.860647559 0.459688693
vn -0.239580721 0.889882088 0.388215125
vn -0.273856074 0.760332048 0.588980496
vn -0.298578858 0.793907702 0.529680312
vn -0.315817416 0.648261726 0.692831993
vn -0.343362778 0.680810869 0.646991968
vn -0.345793337 0.534348965 0.771296442
vn -0.374490172 0.562277734 0.737292945
vn -0.369879037 0.427244037 0.825016379
vn -0.38385424 0.472253054 0.793494105
vn -0.388039351 0.208248004 0.897807539
vn -0.0134930266 0.998777986 0.0475448854
vn 0.142913625 0.708212852 -0.691382885
vn 0.129085407 0.809332907 -0.572989643
vn 0.112632744 0.910587788 -0.397672951
vn 0.0920572281 0.974704027 -0.203660518
vn 0.15840064 0.54379493 -0.824133575
vn 0.155324832 0.714240074 -0.68244803
vn 0.145066679 0.823672175 -0.548196852
vn 0.128190219 0.916599154 -0.378699362
vn 0.106768563 0.977461457 -0.182125315
vn 0.0849405453 0.995413423 -0.0440149717
vn 0.0652777329 0.99774313 0.0157344956
vn 0.0375659727 0.996927798 0.068728514
vn -0.00302903284 0.98875612 0.149506256
vn -0.0450373255 0.968978822 0.24300541
vn -0.0897399858 0.935464978 0.341836214
vn 0.160297662 0.446053267 -0.880534589
vn 0.16393131 0.362172842 -0.917582333
vn 0.167373985 0.303129315 -0.938135684
vn -0.737359583 -0.226017892 0.63656646
vn -0.738257885 -0.252656072 0.625411868
vn -0.744405746 -0.221493572 0.629921079
vn -0.765211225 -0.147920638 0.626555085
vn -0.775088429 -0.0054847952 0.631828904
vn -0.684551239 -0.339749932 0.644949257
vn -0.690316379 -0.295285046 0.660507321
vn -0.699719548 -0.264808059 0.663527966
vn -0.714814067 -0.234385237 0.658866048
vn -0.724604607 -0.218549863 0.653593242
vn 0.0419559702 -0.744771659 0.665999115
vn -0.0732881427 -0.175000831 0.981836855
vn 0.00431856094 -0.757719934 0.652565598
vn -0.034927737 -0.752689958 0.657447994
vn -0.124081589 -0.716798306 0.686151505
vn -0.100639641 -0.562384725 0.820728362
vn -0.0145106129 -0.83714062 0.546795309
vn -0.00688373344 -0.904843509 0.425688684
vn -0.0963172466 -0.671997547 0.734263241
vn -0.0488514602 -0.922639787 0.382556289
vn -0.251247913 -0.431241304 0.866547942
vn -0.467767119 -0.0311482549 0.883302689
vn -0.496284217 -0.157063425 0.853834331
vn -0.510771394 -0.211845934 0.833207011
vn -0.49248296 -0.29322353 0.819439173
vn -0.462040991 -0.353106707 0.813531637
vn -0.304878891 -0.369529814 0.877779245
vn -0.369673043 0.26991573 0.889093459
vn -0.3747572 0.201036394 0.905064285
vn -0.428829163 0.148361266 0.891119778
vn -0.309552461 0.365321934 0.877905011
vn -0.272695184 -0.265296966 0.92479986
vn -0.333315253 0.456420213 0.824973762
vn -0.253502816 0.6319561 0.732371449
vn -0.283706933 -0.0849199891 0.955143452
vn -0.252959907 0.691126585 0.677019417
vn -0.22724928 -0.690111756 0.687097907
vn -0.257507592 -0.028378766 0.965859532
vn -0.206130818 -0.117623642 0.971429169
vn -0.143566474 -0.346874058 0.926858723
vn -0.0554180555 -0.380946368 0.92293489
vn -0.174660772 -0.501501858 0.84734261
vn -0.293060809 -0.917306066 0.269564271
vn -0.307550788 -0.904945374 0.294085711
vn -0.349482566 -0.909298778 0.225914791
vn -0.357330322 -0.92631942 0.119361728
vn -0.17759037 -0.969815731 0.167089984
vn -0.102276765 -0.992011726 0.0738404915
vn -0.232094213 -0.972395837 -0.0240531694
vn -0.290659457 -0.955472469 0.0508891456
vn -0.0568424836 -0.970624089 -0.233789816
vn -0.0430668257 -0.999065578 -0.00363306142
vn -0.0973008424 -0.980607986 -0.170118719
vn -0.174282223 -0.967249393 -0.184538141
vn -0.173524991 -0.980307639 -0.0942651406
vn 0.026239045 -0.99393785 -0.106766805
vn 0.00762575818 -0.92981714 -0.367942601
vn 0.0293898825 -0.975947857 -0.216014072
vn 0.0426370725 -0.857056439 -0.513455272
vn 0.0681701973 -0.946235061 -0.316215217
vn 0.0368674733 -0.931379437 -0.362178266
vn 0.0507636331 -0.820145249 -0.569898903
vn 0.0198847409 -0.527540088 -0.849297404
vn 0.0720057115 -0.592884004 -0.802062154
vn 0.0531213284 -0.63468492 -0.770942986
vn 0.0164443292 -0.660917759 -0.750278115
vn 0.0594113246 -0.71571523 -0.695860744
vn 0.0491359495 -0.768343329 -0.638149083
vn 0.0594720133 -0.482212812 -0.874033093
vn 0.015108793 -0.40623492 -0.913643718
vn 0.047324758 -0.370496452 -0.927627504
vn 0.0353466906 -0.311986506 -0.949428797
vn 0.120294571 0.012349884 -0.992661417
vn 0.0393489748 -0.28598839 -0.957424819
vn 0.0316418596 -0.238351971 -0.970663249
vn 0.0267340727 -0.189666778 -0.981484532
vn -0.00847223774 -0.131914064 -0.991224945
vn 0.0168645736 -0.0836349502 -0.996353805
vn -0.0466888472 -0.0547581352 -0.997407496
vn -0.0196955446 0.00978815462 -0.999758124
vn -0.0412078053 -0.996252477 -0.0760459974
vn -0.0288682543 -0.963932037 -0.264578193
vn 0.601035416 -0.00286786095 -0.799217224
vn 0.8834126 -0.000349279289 -0.468595833
vn 0.596775591 -0.114610352 -0.79418093
vn 0.879599512 -0.0843457133 -0.468177855
vn 0.998946726 -0.000167787482 -0.0458861962
vn 0.997953713 -0.0457867794 -0.044632148
vn 0.961817026 -3.70699636e-05 0.273693383
vn 0.961523592 -0.0116469599 0.274475396
vn 0.962070465 0.03331488 0.270759434
vn 0.998134851 -0.0315821506 -0.05224327
vn 0.875662506 -0.107357807 -0.470839143
vn 0.579981148 -0.159372732 -0.798888028
vn 0.202442318 -0.17163083 -0.964136839
vn 0.264721185 -0.139975891 -0.954111814
vn 0.349318266 -0.132880583 -0.927534044
vn 0.413194597 -0.120274216 -0.902665079
vn 0.533169627 -0.0873169824 -0.841490328
vn 0.644981742 0.102629989 -0.757274985
vn 0.460542709 -0.123500198 -0.879004061
vn 0.570598185 0.144443601 -0.808426738
vn 0.466300011 0.175507247 -0.867041826
vn 0.33222428 0.182926595 -0.925291777
vn 0.226075903 0.215212882 -0.950038433
vn 0.876941919 -0.0333601236 -0.479437143
vn 0.859939933 0.0774160028 -0.504489958
vn 0.574723899 -0.149311349 -0.804610848
vn 0.560928643 -0.121672601 -0.818874121
vn 0.810419381 0.198238105 -0.551291287
vn 0.754100502 0.281283438 -0.593474567
vn 0.657855868 0.363001972 -0.659890354
vn 0.52634573 0.425015122 -0.736425221
vn 0.352250099 0.461701423 -0.814095616
vn 0.220127821 0.463923752 -0.858090043
vn 0.795333803 0.597257912 -0.103571594
vn 0.767448366 0.613286018 0.18682389
vn 0.689333856 0.707442224 0.156026989
vn 0.942116737 0.19674328 0.271492392
vn 0.995095789 0.0811841711 -0.0565102734
vn 0.901716173 0.353737116 0.248552158
vn 0.963363111 0.257407457 -0.07531894
vn 0.834254324 0.508531272 0.213109925
vn 0.896318614 0.430297405 -0.107037246
vn 0.0816626698 0.992591321 -0.0899642184
vn 0.155742362 0.907567501 -0.389955848
vn 0.228100479 0.973624766 0.00499690417
vn 0.252097696 0.95482558 -0.15733625
vn 0.397241682 0.917370915 0.0250890087
vn 0.302362353 0.871256053 -0.386639267
vn 0.355275661 0.699353933 -0.620228469
vn 0.205576628 0.680996835 -0.702838242
vn 0.542400241 0.644117177 -0.539365292
vn 0.694170356 0.556583107 -0.456445724
vn 0.507315159 0.823338926 -0.254449189
vn 0.666283786 0.72409147 -0.178206697
vn 0.805204749 0.448274016 -0.388195485
vn 0.572362423 0.81310308 0.106134228
vn 0.193472564 -0.162223816 -0.967601001
vn 0.259085387 -0.434171647 -0.86276865
vn 0.0534667224 0.991223156 -0.120904386
vn 0.119171344 0.897805035 -0.423962623
vn 0.0511280298 0.99100858 -0.123644374
vn 0.290296972 0.119377658 -0.949461222
vn 0.398961157 -0.182446167 -0.898634195
vn 0.28416425 -0.177383348 -0.942223907
vn 0.326699793 -0.493773878 -0.805887461
vn 0.376320839 -0.305145144 -0.874796629
vn 0.0422065407 0.991926491 -0.119585291
vn 0.10196808 0.900094092 -0.423595458
vn 0.154770434 0.700858295 -0.696307182
vn 0.186580673 0.458991349 -0.868628025
vn 0.199248388 0.177395493 -0.963758767
vn 0.232053772 -0.135142297 -0.963269293
vn 0.202176228 -0.414870769 -0.887134135
vn 0.226871341 0.676572263 -0.700556457
vn 0.14537935 0.891720057 -0.428602517
vn 0.32148838 0.709381402 -0.627234638
vn 0.304255515 0.846642315 -0.436606586
vn 0.186353847 0.978351295 -0.0900055692
vn 0.239025369 0.155984327 -0.958402753
vn 0.22192809 0.443816811 -0.868201971
vn 0.271917045 0.420014858 -0.865822494
vn 0.18455863 0.691276312 -0.698623717
vn 0.0793756545 0.996133447 -0.0376516357
vn 0.411040902 -0.00907184463 -0.911571741
vn 0.418024749 0.223844051 -0.880425453
vn 0.397104949 0.377959967 -0.836333632
vn 0.375377983 0.533064544 -0.75824368
vn 0.829367578 -0.127211601 -0.544028103
vn 0.71893245 -0.268456846 -0.641145051
vn 0.785888374 -0.0551675968 -0.615902543
vn 0.885640502 -0.322881609 -0.333749115
vn 0.982150197 -0.15954636 -0.0996283591
vn 0.927827775 -0.343090147 -0.146372154
vn 0.70211482 -0.61918813 -0.351625949
vn 0.806095123 -0.557377338 -0.198849857
vn 0.440532833 -0.832863629 -0.335065544
vn 0.533163011 -0.809153557 -0.246997595
vn 0.418021858 -0.788179159 -0.451698095
vn 0.396214664 -0.710451305 -0.581612349
vn 0.366608381 -0.580657959 -0.726935148
vn 0.817687929 -0.29863292 -0.492143124
vn 0.650916398 -0.574170291 -0.496624947
vn 0.889887989 -0.0739679039 -0.450142473
vn 0.586076438 -0.506240249 -0.632641435
vn 0.953026652 -0.0863036513 -0.290330589
vn 0.997112572 -0.0414459892 -0.0636294708
vn 0.622404158 -0.0636174679 -0.780106366
vn 0.647836328 0.070076935 -0.758549392
vn 0.584884465 -0.203096509 -0.785278261
vn 0.509253025 -0.365411192 -0.779189348
vn 0.410311043 -0.482942283 -0.773570597
vn 0.998429656 0.0560103618 -0.000991083682
vn 0.99561429 0.0859252885 -0.0369990952
vn 0.998987794 0.00037342307 -0.0449806824
vn -0.453209996 0 -0.891403794
vn -0.281360477 -0.000471068284 -0.959602058
vn -0.397724688 0.00216339505 -0.917502284
vn -0.11717809 -0.00896133203 -0.993070543
vn -0.0904515907 2.01419127e-07 -0.99590081
vn 0.104460075 -0.000620150706 -0.99452883
vn 0.327021867 -0.00885896198 -0.944975197
vn 0.295606881 3.70173836e-07 -0.955309689
vn 0.474572539 -0.000527297205 -0.880216181
vn 0.703788459 -0.00733971177 -0.710371614
vn 0.697094798 -6.37457651e-06 -0.716978967
vn 0.869077206 -0.000403761602 -0.494676471
vn 0.941802502 -0.00909428019 -0.336043775
vn 0.949321866 1.74529043e-06 -0.314305693
vn 0.992202938 -0.000640289974 -0.124631695
vn 0.994264901 -0.0091070123 0.106556252
vn 0.997354746 2.27858618e-06 0.0726879388
vn 0.964306176 -0.000444698147 0.264789104
vn 0.849273682 -0.00426368369 0.527935743
vn 0.854220927 6.505903e-06 0.519910276
vn 0.594141066 -0.00953434873 0.804304361
vn 0.552023351 -0.0151995597 0.833690107
vn 0.667099297 -0.0172051769 0.74477011
vn -0.423914969 0.0110987043 -0.905634046
vn -0.352389961 0.0139018446 -0.935750008
vn -0.354670316 5.08499021e-08 -0.934991419
vn -0.48361969 0.00867602229 -0.87523526
vn -0.208089009 0.00645401329 -0.978088677
vn -0.268110633 0.0103898821 -0.963332117
vn -0.149180561 0.0153759085 -0.988690376
vn -0.312575161 0.00299711549 -0.949888289
vn -0.142075896 1.38900846e-08 -0.989855766
vn -0.0697408244 0.00830465835 -0.99753058
vn 0.0591012463 0.0162248854 -0.998120248
vn 0.00203532237 0.00617751619 -0.9999789
vn 0.213821083 0 -0.976872861
vn 0.163533837 0.00593409734 -0.986519814
vn 0.098775506 0.00298107276 -0.995105267
vn 0.0757841244 -0.000152578184 -0.997124314
vn -0.330796391 0 0.943702161
vn -0.538659871 -0.00228053913 0.842520297
vn -0.34265849 -0.0209519546 0.939226389
vn -0.668352008 -0.01277621 0.743735373
vn -0.704292655 3.05174035e-06 0.709909737
vn -0.828005135 0.00406494085 0.560705602
vn -0.870091915 -0.00417634379 0.492871583
vn -0.929895163 0.00310420012 0.367811471
vn -0.968329251 -0.00227499753 0.249666169
vn -0.980991423 -6.20271476e-06 0.194051072
vn -0.999632895 -5.76798948e-06 -0.027094854
vn -0.999963284 1.73477838e-06 -0.00856657978
vn -0.963860154 -0.00130078697 -0.266405433
vn -0.820920169 -0.000845443748 -0.571042299
vn -0.861647666 -0.00312466919 -0.507497251
vn -0.910556495 -0.00158495328 -0.413381487
vn -0.948893964 -0.00602099532 -0.315537721
vn -0.974243104 -2.64304674e-07 -0.22550039
vn -0.754708171 -0.00257464871 -0.656055629
vn -0.654961526 -0.0104045672 -0.755590618
vn -0.672971785 5.37280494e-06 -0.739668131
vn -0.557891369 -0.012441881 -0.829820693
vn -0.246353239 -0.0138861397 -0.969080687
vn -0.447886616 -0.0107759675 -0.894025385
vn -0.0983048901 -0.00437950762 -0.995146632
vn -0.21450828 -0.000348152709 -0.976722121
vn -0.301376373 -3.64781863e-06 -0.953505278
vn 0.101050243 -0.00419425545 -0.99487251
vn 0.114105314 -0.0021971052 0.993466198
vn 0.147523239 -0.0197880752 0.988860607
vn 0.165787622 -6.58538909e-07 0.98616153
vn -0.134596631 -0.017059207 0.990753651
vn -0.192752361 -0.0184424352 0.981074095
vn -0.0575346276 -0.0197877325 0.998147309
vn -0.0654364899 4.4460171e-07 0.997856796
vn 2.49588502e-05 -0.0207419991 0.999784827
vn 0.0372187123 -0.0370226838 0.998621106
vn 0.33789444 -1.55822036e-07 0.941183984
vn 0.2776407 -0.0170403142 0.960533917
vn 0.351275086 -0.0198464766 0.936061978
vn 0.23249197 -0.0202506408 0.972387433
vn 0.455219954 -0.00944371242 0.890328884
vn 0.388443023 -0.00291775283 0.921468139
vn 0.982518494 0.16598779 0.0842936411
vn -0.672325671 -0.736825466 -0.0711799115
vn -0.672325552 -0.736825347 -0.071179904
vn -0.672325611 -0.736825407 -0.071179904
vn 0.566491008 0.202165857 -0.798884809
vn 0.993562162 -0.0557306707 -0.098631978
vn 0.667204261 0.736940145 0.108432047
vn 0.654732466 0.742096961 0.143587694
vn 0.64282012 0.751279891 0.149535209
vn 0.99614352 0.0845532864 0.0234272201
vn 0.985500157 0.154694438 0.0697058439
vn 0.0446591824 -0.993209362 0.107427508
vn 0.204582408 -0.895644188 0.394927174
vn 0.203418359 -0.895720899 0.395354241
vn 0.082588546 -0.996546149 -0.00865197089
vn 0.348929435 -0.934818864 0.066045545
vn 0.353161097 -0.935561717 -0.00121362531
vn 0.580051243 -0.393178254 -0.713408291
vn 0.357472777 -0.927177131 -0.112052999
vn 0.680556476 -0.721583605 -0.127121761
vn 0.72802484 -0.122180626 -0.67457521
vn 0.712198794 -0.219505489 -0.666776061
vn 0.906991124 -0.408391595 -0.102875374
vn 0.653150201 -0.31320402 -0.689418674
vn 0.937255263 -0.337462038 -0.0875895992
vn 0.287440479 -0.656857789 -0.697076678
vn 0.369568199 -0.603257895 -0.706752598
vn 0.483184159 -0.509342551 -0.712111831
vn 0.0798995197 -0.996764958 0.00870037172
vn 0.336369723 -0.933316886 0.12559846
vn 0.0797909871 -0.996449113 0.0268829856
vn 0.316494077 -0.930627584 0.183749601
vn 0.0763183758 -0.996200681 0.0419474468
vn 0.0734476447 -0.995599687 0.0581942052
vn 0.28010577 -0.926852465 0.249970362
vn 0.0691956952 -0.995396078 0.0663222
vn 0.229340017 -0.915772855 0.329792649
vn 0.0442591198 -0.994554937 0.094347775
vn 0.0551264025 -0.995064974 0.082503289
vn 0.0523618534 -0.99611032 0.0708689541
vn 0.784412563 -0.368713439 0.498745799
vn 0.671418548 -0.298457354 0.678321779
vn 0.584280431 -0.252692044 0.771208882
vn 0.562399387 -0.235016823 0.792763531
vn 0.868969917 -0.422263741 0.258039922
vn 0.905241311 -0.424442619 0.0196638927
vn 0.418987602 -0.596975803 0.684155941
vn 0.406896234 -0.620257795 0.670608521
vn 0.467886508 -0.65884012 0.589077115
vn 0.66791743 -0.735001683 0.116870955
vn 0.67980516 -0.733243525 -0.0148004768
vn 0.554328084 -0.693971038 0.459482789
vn 0.6123299 -0.719589949 0.327478915
vn 0.650697649 -0.72555536 0.223968908
vn 0.349510133 -0.934316695 -0.0699636787
vn 0.0878386721 -0.995747268 -0.0277799964
vn -0.230129898 -0.338803172 0.912278771
vn -0.298988611 -0.345596969 0.889476538
vn -0.211758643 -0.82830739 0.518714786
vn -0.313881189 -0.254281342 0.914778411
vn -0.244762003 -0.780473113 0.575285375
vn -0.239908919 -0.213292256 0.947074533
vn -0.254243046 -0.27625978 0.926844656
vn 0.0191374626 0.971744537 -0.235258073
vn 0.0088764783 0.939438581 -0.342602372
vn -0.0621785708 0.960355103 -0.271757036
vn -0.0691963434 0.996721983 0.0419188999
vn -0.0532033592 0.997572005 0.0449380055
vn -0.150416598 0.985975742 -0.0722960532
vn -0.02733781 0.990787268 -0.132640302
vn -0.13200058 0.985812306 -0.103681721
vn -0.0101113962 0.997552514 -0.0691864491
vn -0.0218664818 0.998990357 -0.0392438695
vn -0.0352726057 0.999043584 -0.0258401241
vn 0.104606196 0.976148963 -0.190239012
vn -0.00216745771 0.989549518 -0.144177705
vn 0.184209391 0.941196203 -0.283225358
vn 0.200494289 0.951313972 -0.234102353
vn 0.267249405 0.663550436 -0.698769271
vn 0.129489139 0.807133019 -0.575993896
vn 0.264423132 0.710963428 -0.651622057
vn 0.241204932 0.800184309 -0.549113095
vn 0.0537525229 0.897800803 -0.437109202
vn 0.288704783 0.86403507 -0.412423134
vn 0.167991504 0.918154716 -0.358846486
vn 0.249646232 0.573634863 -0.780140996
vn 0.267958462 0.502067327 -0.822269142
vn 0.25160104 0.59387517 -0.764204979
vn 0.383276314 0.437356055 -0.813522518
vn 0.214853883 0.488637507 -0.845618784
vn 0.342269838 0.499498695 -0.795834363
vn 0.279211462 0.634298146 -0.720906973
vn 0.265126616 0.596607387 -0.757474303
vn 0.240564063 0.575939655 -0.781295359
vn 0.334103167 0.545283794 -0.768791676
vn 0.308470488 0.562296689 -0.76724714
vn 0.176286831 0.651602149 -0.737792373
vn 0.180752113 0.614812016 -0.767681479
vn 0.148320943 0.731668591 -0.665328443
vn 0.267512977 0.629810035 -0.729229808
vn 0.262370497 0.606665194 -0.750412643
vn 0.319660455 0.307150126 -0.896368265
vn 0.381657004 0.342638761 -0.858450115
vn 0.400937587 0.218576849 -0.889647841
vn 0.340692848 0.0985825509 -0.934991896
vn 0.409026086 0.106102109 -0.906333268
vn 0.458089888 0.06982667 -0.886159062
vn 0.458190829 -0.00165132293 -0.888852417
vn 0.458151996 -0.00710531836 -0.888845503
vn 0.461685658 0.209190309 -0.862024307
vn 0.44408834 0.127694294 -0.886836946
vn 0.454850823 0.130986303 -0.880882144
vn 0.440446943 0.401502013 -0.80299598
vn 0.430638492 0.405261815 -0.806420088
vn 0.444477737 0.374758929 -0.813630879
vn 0.450667948 0.348716974 -0.821763277
vn 0.428207934 0.515461922 -0.742251277
vn 0.436940402 0.493134648 -0.752264082
vn 0.431193978 0.430424064 -0.792973518
vn 0.427331299 0.516520143 -0.742020905
vn 0.431191027 0.509586096 -0.744577885
vn 0.419898331 0.526401043 -0.739315391
vn 0.444179118 0.476342499 -0.758816659
vn 0.451292694 0.463544577 -0.762536108
vn 0.448327601 0.448333323 -0.773304284
vn 0.382923841 0.380820274 -0.841632485
vn 0.375979036 0.348315001 -0.858671248
vn 0.372942775 0.347721905 -0.86023438
vn 0.399656296 0.395275414 -0.827062368
vn 0.416027814 0.411702663 -0.810815513
vn 0.429283947 0.402652055 -0.808446944
vn 0.394062221 0.392120034 -0.831238031
vn 0.358626515 0.515807092 -0.77802968
vn 0.35507077 0.529562771 -0.770381749
vn 0.378475487 0.430835754 -0.819229424
vn 0.388348013 0.39955464 -0.830386519
vn 0.391268641 0.388479352 -0.834261656
vn 0.369756699 0.355473876 -0.858439445
vn 0.375370324 0.518750727 -0.768111229
vn 0.37934652 0.601085961 -0.70341444
vn 0.386200875 0.60397923 -0.697178662
vn 0.177143425 0.591945112 -0.78627044
vn 0.281799644 0.515125453 -0.809465647
vn 0.277504593 0.550743341 -0.787193179
vn 0.213788494 0.792607307 -0.571023762
vn 0.319995701 0.482861757 -0.815136433
vn 0.329572618 0.581029296 -0.74416858
vn -0.109814838 0.988138437 -0.107345633
vn -0.149900168 0.974093854 -0.169324651
vn -0.0734236017 0.981808901 -0.175101057
vn 0.410125554 0.118556246 -0.904290557
vn 0.369788915 0.108374305 -0.9227736
vn 0.398838371 -0.00123805925 -0.91702038
vn 0.388267428 -0.00168886734 -0.921545088
vn -0.101974435 0.958958745 0.264573932
vn -0.101974428 0.958958745 0.264573932
vn -0.10197442 0.958958685 0.264573932
vn 0.300402939 0.422704369 -0.855031669
vn 0.328350812 0.472525775 -0.817866206
vn 0.34644109 0.581093431 -0.73641634
vn 0.359216094 0.000176426867 -0.933254361
vn 0.352094501 0.000169444946 -0.935964525
vn 0.333890676 0.000225276875 -0.942611814
vn 0.33166483 0.000285957678 -0.943397224
vn 0.410477728 -3.42634594e-05 -0.911870658
vn 0.351755887 0.343658984 -0.87072736
vn 0.393313676 0.379570663 -0.837395012
vn 0.333329469 0.20068121 -0.921204925
vn 0.36433202 0.224165022 -0.903887272
vn 0.404869825 0.246647388 -0.88048023
vn 0.434919864 0.255340099 -0.863508046
vn 0.456236959 0.292027354 -0.840575874
vn 0.438817054 -0.000998872449 -0.898575783
vn 0.430169612 -0.00124086533 -0.902747214
vn 0.278334886 0.950566709 0.137668744
vn 0.525910318 0.809638619 0.260583699
vn 0.712843716 0.606402099 0.352321297
vn -0.265505552 -0.181369647 0.946895957
vn -0.333008528 -0.133317545 0.933451593
vn -0.253252804 -0.135602698 0.957849026
vn -0.276614577 -0.757800221 0.590950966
vn 0.62642014 -0.000161136995 -0.779485583
vn 0.276893139 -0.687797189 -0.671018064
vn 0.381140888 -0.000245874806 -0.924516976
vn 0.468668282 -0.665207744 -0.581247509
vn 0.659363151 -0.664387107 -0.351894885
vn 0.881514728 1.53973597e-05 -0.472156495
vn 0.744745135 -0.664393842 -0.0627332032
vn 0.996410012 7.78925187e-06 -0.084657833
vn 0.708926678 -0.664399445 0.2366357
vn 0.948497534 -5.35366382e-07 0.316784441
vn 0.557733715 -0.664406419 0.497490883
vn 0.745568335 -9.48328397e-06 0.666429281
vn 0.318313688 -0.665234149 0.675381303
vn 0.426867932 -0.00116472726 0.904313266
vn 0.0665934756 -0.674962461 0.734840751
vn 0.148542836 -0.0015731476 0.988904774
vn -0.155486539 0.957362771 -0.24347578
vn -0.0306715462 0.596796513 -0.801806271
vn 0.221898973 0.706735492 -0.671778083
vn -0.181693077 0.549096763 -0.815769851
vn 0.230901912 0.635152698 -0.737065315
vn -0.121856667 0.399114698 -0.908767521
vn 0.242954984 0.65372932 -0.71666652
vn 0.228915721 0.698863089 -0.67763406
vn 0.229711697 0.61595124 -0.753549218
vn 0.312342048 0.446756512 -0.838362098
vn 0.288382858 0.701225102 -0.652011335
vn 0.259277612 0.760691345 -0.595083177
vn 0.23273018 0.775372624 -0.587055326
vn 0.201238438 0.786073208 -0.584458768
vn 0.522797763 -0.0231835973 -0.85214144
vn 0.288771451 -0.00315940822 -0.957392871
vn 0.523835063 0 -0.851819754
vn 0.0267652087 -0.0231460873 -0.999373794
vn 0.724092364 -0.00312939286 -0.689695895
vn 0.849693358 -0.0112920534 -0.527156353
vn 0.903917313 0.0113460915 -0.427556574
vn 0.9720909 0.0031037177 -0.234584033
vn 0.999440253 0.0229635369 0.0243256465
vn 0.999695957 0 0.0246570464
vn 0.959351957 0.00309475255 0.282195419
vn 0.85339129 0.022966804 0.520764589
vn 0.422359616 -0.00294015603 0.906423569
vn -0.00902495347 -0.0195360519 0.999768436
vn -0.0209647436 -0.00301598269 0.999775708
vn 0.853824437 0 0.520561159
vn 0.69024992 0.00310591003 0.723564327
vn 0.528379798 0.011349638 0.848932207
vn 0.219771147 -0.0284745209 0.975135863
vn -0.897144496 -0.00830851868 0.441659153
vn -0.518078625 -0.00304940483 0.855327547
vn -0.73473388 -0.0288784858 0.677740514
vn -0.50762856 -0.0196200404 0.861352623
vn -0.297325909 -0.0286622923 0.954345763
vn -0.843888044 0 0.536519408
vn -0.971767902 0.00324060931 0.235916972
vn -0.999426544 0.0234830808 -0.0243983828
vn -0.999868333 0 -0.0162282847
vn -0.963592231 0.00320239132 -0.267356992
vn -0.849329531 0.0114039108 -0.527739644
vn -0.849044502 0.0198990572 -0.527946591
vn -0.534687698 0.0030508528 -0.845044196
vn -0.700278878 0.0289207026 -0.713283241
vn -0.42634052 -0.0116258794 -0.904488027
vn -0.23524861 -0.00320877274 -0.971929908
vn 0.0277413018 0 -0.999615133
vn 0.409874976 -0.118284121 -0.904439807
vn 0.278696835 -0.468723506 -0.838227987
vn 0.381257713 -0.343266159 -0.85837692
vn 0.388067335 -0.434329629 -0.81287235
vn 0.399573326 -0.220308691 -0.889834344
vn 0.30494231 -0.422474235 -0.853537202
vn 0.324350685 -0.310634941 -0.893477798
vn 0.34051621 -0.0979475752 -0.935122907
vn 0.358340681 -0.474540085 -0.80399245
vn 0.394244671 -0.376517475 -0.838335097
vn 0.356074423 -0.484072238 -0.799302936
vn -0.133474067 -0.985527515 -0.104500525
vn -0.110729873 -0.987928629 -0.108332522
vn -0.0216174275 -0.993178725 -0.114580661
vn -0.139919162 -0.978512466 -0.151446447
vn -0.0754393339 -0.979786098 -0.185278445
vn 0.0188810006 -0.971698165 -0.23547028
vn -0.0607671365 -0.962252975 -0.265286058
vn 0.198382005 -0.942683935 -0.268312395
vn 0.199655607 -0.952448487 -0.230172619
vn 0.052129373 -0.934598207 -0.351864696
vn 0.165948421 -0.920934737 -0.352619171
vn 0.325735122 -0.851062238 -0.411812574
vn 0.233158931 -0.806574643 -0.543207347
vn 0.0636480078 -0.904358149 -0.42200163
vn 0.261542141 -0.716390312 -0.646823406
vn 0.114445068 -0.822868586 -0.556587636
vn 0.137829289 -0.755607903 -0.640359104
vn 0.268470258 -0.660972893 -0.70074147
vn 0.275867581 -0.63602221 -0.72067523
vn 0.17164436 -0.678944588 -0.713843405
vn 0.283497065 -0.601298749 -0.747040212
vn 0.255547136 -0.591388702 -0.764823616
vn 0.30240944 -0.561145425 -0.77049607
vn 0.216908261 -0.488791794 -0.845004976
vn 0.24075745 -0.575791299 -0.781345129
vn 0.236794651 -0.600578368 -0.763697505
vn 0.338134348 -0.493645012 -0.801236331
vn 0.307560742 -0.532582223 -0.788519323
vn 0.256179959 -0.578981638 -0.774049163
vn 0.262395918 -0.609322667 -0.748247445
vn 0.231797695 -0.575333059 -0.784386158
vn 0.192459509 -0.622175157 -0.758852661
vn 0.251098961 -0.701858342 -0.666591525
vn 0.330767214 -0.59421742 -0.733142972
vn 0.313990384 -0.523269057 -0.792211771
vn 0.327069998 -0.471957535 -0.818707168
vn 0.34956941 -0.579780757 -0.735972524
vn 0.389180511 -0.597492576 -0.701099932
vn 0.374018431 -0.518952549 -0.76863414
vn 0.37981081 -0.601081491 -0.703167617
vn 0.435177654 -0.512307942 -0.740379035
vn 0.44333154 -0.489816159 -0.750691235
vn 0.418194056 -0.528110206 -0.739062488
vn 0.413261175 -0.39885956 -0.818612337
vn 0.430945337 -0.470083177 -0.770264864
vn 0.432511926 -0.430942714 -0.791973412
vn 0.371449769 -0.417412788 -0.829331994
vn 0.383417994 -0.394737273 -0.834968984
vn 0.39256528 -0.390575469 -0.832672417
vn 0.376522213 -0.356547982 -0.85504657
vn 0.392604679 -0.402131259 -0.827134788
vn 0.378627241 -0.367180109 -0.849600017
vn 0.428578585 -0.402861416 -0.808717012
vn 0.433713824 -0.475741029 -0.765220702
vn 0.436866492 -0.50981307 -0.741106093
vn 0.447488099 -0.51390934 -0.731882215
vn 0.461197972 -0.322741091 -0.826519549
vn 0.429739296 -0.40442577 -0.807318926
vn 0.446981102 -0.365191638 -0.816604495
vn 0.452746689 -0.432777554 -0.779566586
vn 0.460976571 -0.448698223 -0.765617728
vn 0.445621043 -0.125853077 -0.886331141
vn 0.455882639 -0.293893844 -0.840117514
vn 0.441484869 -0.261565953 -0.858297288
vn 0.450645 -0.209966749 -0.867659509
vn 0.455358118 -0.103925996 -0.884221971
vn 0.40950793 -0.105908163 -0.906138301
vn 0.333813906 -0.200973183 -0.92096585
vn 0.29531312 -0.409835815 -0.863032401
vn 0.29531312 -0.409835786 -0.863032341
vn 0.29531312 -0.409835756 -0.863032341
vn -0.101513229 -0.959386528 0.263196975
vn -0.101513229 -0.959386468 0.263196975
vn 0.293300569 -0.489217371 -0.821365416
vn 0.10235849 -0.978148162 -0.180966288
vn 0.00366316899 -0.98967725 -0.143267483
vn -0.0137127228 -0.996864319 -0.0779332295
vn -0.144533232 -0.989061296 0.0294627957
vn -0.158577397 -0.984904885 -0.0693945214
vn -0.050863415 -0.997611165 0.0467410684
vn -0.0343301967 -0.999192059 -0.0208940152
vn -0.0214476138 -0.998950183 -0.0404781289
vn 0.369362772 -0.107856512 -0.923004985
vn 0.363805264 -0.223462448 -0.904273331
vn 0.404105186 -0.24592793 -0.881032646
vn 0.351200968 -0.342701614 -0.871328652
vn 0.392324299 -0.378299534 -0.838433743
vn 0.191429287 -0.840204656 -0.507356763
vn 0.255772769 0.374216706 0.891370893
vn 0.209898934 0.536590576 0.817320645
vn 0.161666557 0.602876902 0.78128314
vn -0.0864779353 0.910502017 0.404360741
vn -0.0257043671 0.92599988 0.376647741
vn -0.0748650655 0.665354729 0.742763877
vn 0.0652863756 0.686630428 0.724069357
vn 0.448416054 0.886901677 -0.111033864
vn 0.983473182 0.16486904 -0.0748253018
vn 0.968842685 0.243957072 -0.0427636318
vn 0.98502636 0.151022628 -0.083158046
vn 0.928234696 0.361887425 -0.0861264095
vn 0.890308976 0.455129027 0.0144022154
vn 0.827654481 0.551713467 -0.102957614
vn 0.247504592 0.889778972 0.383451402
vn 0.283178687 0.926924527 0.246212691
vn 0.319654047 0.94101584 0.110952035
vn 0.305017024 0.95076406 -0.0548838899
vn 0.13615647 0.774579287 0.61764735
vn 0.191989481 0.845634401 0.49803859
vn -0.0521358214 0.64673394 0.760931611
vn -0.00662191212 0.638618767 0.769494891
vn 0.0726597011 0.952648222 0.295265704
vn 0.102696411 0.713933229 0.692642033
vn 0.0141118225 0.933506131 0.358283609
vn 0.254631907 0.79031539 0.557282805
vn 0.211709037 0.858475089 0.467118472
vn 0.0578811206 0.980090916 0.189925075
vn 0.140575498 0.86574626 0.480335295
vn 0.0256870314 0.999372244 0.0243984535
vn 0.0929184034 0.986665487 0.133631259
vn 0.0190681834 0.99733603 0.0704084113
vn 0.420964509 0.541127861 0.727990031
vn 0.520653725 0.311310679 0.794987679
vn 0.418741405 0.402196288 0.814182878
vn 0.515244842 0.238080814 0.823310494
vn 0.633823037 0.0926313102 0.767911315
vn 0.616370559 0.248977154 0.747059405
vn 0.736036062 0.108726196 0.668153882
vn 0.71217519 0.30206269 0.63369137
vn 0.818963051 0.169412017 0.548269153
vn 0.779413164 0.380888134 0.497432798
vn 0.876192689 0.199659646 0.438659728
vn 0.83915633 0.423362374 0.341439575
vn 0.953473091 0.296885073 0.0524241477
vn 0.950184643 0.276523829 0.1438182
vn 0.868553162 0.46216017 0.178950742
vn 0.933963954 0.264135033 0.24071531
vn 0.90781945 0.208380401 0.363925099
vn 0.305423409 0.486135155 0.818772972
vn 0.39793551 0.551276505 0.733308673
vn 0.483839184 0.62368077 0.613939643
vn 0.55624336 0.68264395 0.473909914
vn 0.610444009 0.725616097 0.317551941
vn 0.643958926 0.7491256 0.155330986
vn 0.662287533 0.749249458 0.00071568077
vn 0.686717212 0.718516707 -0.11024145
vn 0.373495787 0.657636702 0.654228389
vn 0.281942457 0.750592649 0.59759438
vn -0.260463715 0.42575404 0.866540253
vn -0.248447016 0.501302481 0.828836501
vn -0.222282201 0.420552135 0.879617214
vn -0.230285883 0.377783567 0.89679879
vn -0.217142329 0.37084958 0.902950644
vn -0.199722573 0.365237802 0.909237206
vn 0.0168675501 -0.999848008 0.00441740407
vn 0.0168746058 -0.999847829 0.00441727741
vn 0.0168805327 -0.999847889 0.00440124562
vn 0.0168839023 -0.99984777 0.00439246465
vn 0.016153926 -0.999848008 0.00655870745
vn 0.0160890855 -0.999847829 0.00675108004
vn 0.0168802515 -0.99984777 0.00440083863
vn 0.0168802235 -0.999847829 0.00440170756
vn 0.0168809295 -0.999847829 0.00440007169
vn 0.0502354652 -0.998519242 0.020872483
vn 0.016881207 -0.99984777 0.00440172013
vn 0.0168813765 -0.999847829 0.00439998088
vn 0.0168801956 -0.999847829 0.00440125633
vn 0.0168803148 -0.999847889 0.00440119393
vn 0.016881682 -0.999847829 0.00440091966
vn 0.0168816615 -0.999847829 0.00440022768
vn 0.0889795721 -0.995229602 0.0400090851
vn 0.0859011188 -0.995844841 0.0302351378
vn 0.0168806277 -0.99984777 0.00440120557
vn 0.0168810338 -0.99984777 0.00440118369
vn 0.0168877188 -0.99984777 0.00439048139
vn 0.0168747529 -0.999847889 0.00440846384
vn 0.0168258119 -0.999848247 0.00451243343
vn 0.0168734789 -0.999847889 0.00441941945
vn 0.0168809388 -0.999847829 0.00440182351
vn 0.0168809183 -0.999847829 0.00440186076
vn 0.0168810934 -0.999847889 0.00440021371
vn 0.0168723576 -0.999847889 0.00442156708
vn 0.117792889 -0.991556168 0.0542335175
vn 0.0168813765 -0.999847829 0.00440461887
vn 0.0168821365 -0.99984777 0.00442191307
vn 0.0168810803 -0.99984777 0.00440080231
vn 0.0168810412 -0.999847829 0.00440190407
vn 0.0168704446 -0.999848247 0.00433766143
vn 0.0168774109 -0.999847949 0.00437905081
vn 0.0168816503 -0.99984777 0.00440203631
vn 0.0168822911 -0.999847829 0.0044056233
vn 0.0168783404 -0.999848008 0.00439163251
vn 0.0168810207 -0.999847829 0.00439986074
vn 0.0168786403 -0.999847949 0.0043936572
vn 0.0168810394 -0.999847889 0.00440099742
vn 0.0168783031 -0.999847829 0.00439773267
vn 0.0168850534 -0.999847651 0.00440377137
vn 0.0168818068 -0.999847829 0.00440181931
vn 0.0168807879 -0.999847829 0.00440155063
vn 0.0168805122 -0.99984777 0.00440035295
vn 0.0168801695 -0.999847889 0.00440070545
vn 0.016888326 -0.999847651 0.0044074133
vn 0.0168813188 -0.999847829 0.0044014114
vn 0.0168933868 -0.999847591 0.00441065291
vn 0.0168811921 -0.99984777 0.00440254482
vn 0.0168812852 -0.999847829 0.00440178765
vn 0.0168813206 -0.999847889 0.00440178718
vn 0.0168809555 -0.999847829 0.00440142816
vn 0.0168822911 -0.999847829 0.00440219557
vn 0.0168813132 -0.999847829 0.00440079346
vn 0.0168820731 -0.999847829 0.0044002058
vn 0.0168808829 -0.999847829 0.00440041907
vn 0.0168801062 -0.999847889 0.00440076692
vn 0.0168793276 -0.999847949 0.00440102443
vn 0.016892748 -0.999847651 0.00440004794
vn 0.0168849267 -0.99984777 0.00440053269
vn 0.0168928634 -0.999847591 0.00440022768
vn 0.0168816671 -0.99984777 0.00440001348
vn 0.016881125 -0.99984777 0.0044004689
vn 0.0168806687 -0.999847829 0.0044003129
vn 0.016881682 -0.999847889 0.00440034457
vn 0.016883349 -0.999847829 0.00440138811
vn 0.0168806445 -0.999847829 0.00440057786
vn 0.0168821439 -0.99984771 0.00440163165
vn 0.0168808512 -0.999847829 0.0044011632
vn 0.279826373 -0.951936245 0.124557666
vn 0.393806368 -0.896887898 0.201267928
vn 0.589592874 -0.768773437 0.247725084
vn 0.724314928 -0.605958939 0.328909874
vn 0.653673351 -0.678924143 0.334325105
vn 0.721834838 -0.598365128 0.347726345
vn 0.700406194 -0.625807941 0.343213916
vn 0.564521909 -0.77772516 0.27651161
vn 0.732446074 -0.578321517 0.359259158
vn 0.603329957 -0.740666866 0.295644224
vn 0.481828094 -0.843998075 0.235603169
vn 0.293261111 -0.945050895 0.144487888
vn 0.275503159 -0.951844215 0.134501263
vn 0.0715758502 -0.996790349 0.0358582996
vn 0.070117265 -0.996946037 0.0343827009
vn 1.12700018e-05 -1 -2.87404509e-05
vn 0.0423980579 -0.998954296 0.0171076693
vn 0.0696183965 -0.997050941 0.0322910361
vn 1.1596755e-05 -1 -2.81305565e-05
vn 1.12590287e-05 -0.99999994 -2.8475346e-05
vn 1.1971264e-05 -1 -2.76779447e-05
vn 1.17165191e-05 -0.99999994 -2.81822577e-05
vn 0.858010232 -0.379608929 0.345999181
vn 0.744144499 -0.597125709 0.299482554
vn 0.708793938 -0.634384871 0.308491617
vn 0.640799761 -0.722490549 0.259582311
vn 0.636763752 -0.727397144 0.255783945
vn 0.5359056 -0.815923452 0.216965213
vn 0.493257046 -0.846178353 0.201692015
vn 0.412250996 -0.896300733 0.163382977
vn 0.269574642 -0.956045926 0.115349941
vn 0.207043752 -0.975088716 0.0795914829
vn 0.919823289 -0.124978893 0.37189433
vn 0.88252151 -0.309808165 0.353800356
vn 0.762429953 -0.555720031 0.331475317
vn -0.737033904 0.230050921 0.635497749
vn -0.721968114 0.23454541 0.65096122
vn -0.719430268 0.274115473 0.638185501
vn -0.690827191 0.272113174 0.669859886
vn -0.683128357 0.295930684 0.667653143
vn -0.688778162 0.308633059 0.655995667
vn -0.707642913 0.368219942 0.603038669
vn -0.692042828 0.333364218 0.640269578
vn -0.697315693 0.30510515 0.648584425
vn -0.744528472 0.213045076 0.632683992
vn -0.751133025 0.221915498 0.621733665
vn -0.762115479 0.149028644 0.630055845
vn -0.768435895 0.0910333842 0.633418798
vn -0.285891294 0.438028038 0.852289557
vn -0.261877447 0.293271214 0.919462919
vn -0.305672139 -0.432574004 0.8482005
vn -0.327288896 -0.488899797 0.808615506
vn -0.279544681 0.113149159 0.953442216
vn -0.2583386 -0.675086439 0.691027761
vn -0.244050622 -0.690200269 0.681221604
vn -0.442552924 0.343143463 0.828492224
vn -0.507876515 0.231539741 0.829729378
vn -0.495830208 0.151457578 0.85510999
vn -0.475108027 0.035238605 0.879221559
vn -0.384868771 -0.163455963 0.908382118
vn -0.179763705 0.483191371 0.856861234
vn -0.0568953753 0.920399606 0.386817157
vn -0.118408516 0.711093545 0.693055212
vn -0.211352378 0.686130404 0.696099997
vn -0.255846322 0.0255987551 0.96637845
vn -0.194674745 0.122690573 0.97316432
vn -0.0857121125 0.142493337 0.986077666
vn -0.0749416277 0.403523952 0.911894858
vn 0.00862870365 0.830716789 0.556628346
vn -0.0164871234 0.895586252 0.444582283
vn -0.0934157595 0.594089925 0.798955858
vn -0.110555656 0.686299026 0.718867958
vn -0.181620106 0.320471168 0.929684043
vn 0.00636287313 0.750444591 0.660902739
vn -0.094929345 0.972057581 -0.214691669
vn -0.0483029708 0.998830557 -0.00214558444
vn -0.010506128 0.998220682 -0.0586938709
vn 0.0228644628 0.908351183 -0.417582691
vn 0.0499896854 0.978918374 -0.198039696
vn 0.0712707415 0.942141533 -0.327551186
vn 0.000259273016 0.131389812 -0.991330743
vn 0.0182533674 0.101952665 -0.994621754
vn 0.00708116265 0.0525852405 -0.998591304
vn 0.0407668464 0.329426259 -0.943300784
vn 0.0370192304 0.27806443 -0.959848821
vn 0.0172136482 0.211747572 -0.977172792
vn 0.0286683161 0.178628147 -0.983498871
vn 0.0380790867 0.502044439 -0.864003181
vn 0.0581302233 0.485824704 -0.872121155
vn 0.0418928377 0.422396928 -0.905442238
vn 0.0348338448 0.39009881 -0.920113921
vn 0.0462045968 0.370209783 -0.92779839
vn 0.039587006 0.533568561 -0.844829738
vn 0.0410602763 0.658590555 -0.751380444
vn 0.0625261739 0.749073327 -0.659529865
vn 0.0543075912 0.822837651 -0.565675676
vn 0.0594039522 0.847293615 -0.527792275
vn 0.0379381254 0.857946932 -0.512335539
vn -0.00346437097 0.938843131 -0.344327927
vn 0.0223562755 0.995916367 -0.0874683112
vn -0.0331283472 0.964592814 -0.261654913
vn -0.102622211 0.992083788 0.0723771751
vn -0.162770361 0.980802417 -0.107389115
vn -0.12629725 0.978288949 -0.164315239
vn -0.413780183 0.895854414 0.161959663
vn -0.277742982 0.923037648 0.26619637
vn -0.327894181 0.939918458 0.0950718671
vn -0.261694402 0.96509248 0.010610952
vn -0.194025308 0.96706754 0.164725706
vn -0.214243725 0.976681769 -0.0138658257
vn -0.310213685 0.900706291 0.304130763
vn -0.388164073 0.882454813 0.265710622
vn 0.960907638 0.00702954642 0.276779681
vn 0.998312712 0.0366886035 -0.045008678
vn 0.878233433 0.079705894 -0.471543282
vn 0.596842051 0.114894293 -0.794089913
vn 0.945030868 -0.0776785091 0.317620367
vn 0.98516804 -0.0526740924 0.163307205
vn 0.579446614 0.15958935 -0.799232602
vn 0.847495914 0.113503046 -0.518524528
vn 0.961158335 0.0485354885 -0.271696776
vn 0.998866737 -0.00988828205 -0.0465548299
vn 0.352251381 -0.461704314 -0.814093471
vn 0.224599436 -0.214854747 -0.950469732
vn 0.219661772 -0.464945078 -0.857656538
vn 0.332224816 -0.182926536 -0.925291538
vn 0.191806525 0.176880553 -0.965361834
vn 0.413674384 0.126081884 -0.901652336
vn 0.640954733 -0.122696914 -0.757708788
vn 0.455042005 0.125180334 -0.881627262
vn 0.535186589 0.0966708884 -0.839184225
vn 0.819590807 0.0657875165 -0.569159806
vn 0.770388722 -0.119655743 -0.626245797
vn 0.934974849 -0.168940052 -0.311899602
vn 0.832495928 -0.0528408922 -0.551505506
vn 0.206336647 -0.680661321 -0.702940464
vn 0.355276614 -0.699353695 -0.620228112
vn 0.162098035 -0.904449284 -0.394583106
vn 0.214367345 -0.976440668 0.0247043408
vn 0.248284668 -0.956140339 -0.15540418
vn 0.0912325159 -0.992605329 -0.0800709277
vn 0.320664197 -0.860450268 -0.395979613
vn 0.610830963 -0.787500441 0.0820290074
vn 0.500696361 -0.824943244 -0.262244016
vn 0.471383512 -0.880602479 0.0483408272
vn 0.336267799 -0.941493392 0.0226748213
vn 0.962449133 -0.262872815 -0.0677457601
vn 0.830219269 -0.538740873 -0.143157661
vn 0.820873022 -0.420097321 -0.386892289
vn 0.777822554 -0.622020006 0.0899071842
vn 0.805166125 -0.50078702 0.317678869
vn 0.932402313 -0.317461818 0.172754258
vn 0.573166966 0.152399525 -0.805142224
vn 0.34070906 0.139385745 -0.929778993
vn 0.5705989 -0.144444585 -0.808426082
vn 0.742305875 -0.283723533 -0.607027948
vn 0.526345491 -0.425018787 -0.736423373
vn 0.542399406 -0.644116759 -0.539366663
vn 0.555227697 0.121075936 -0.822838247
vn 0.905172288 -0.295976549 0.305058926
vn 0.718427896 -0.667415857 0.196003601
vn 0.672369659 -0.716893792 -0.184343353
vn 0.694170058 -0.556580603 -0.4564493
vn 0.657855868 -0.363003582 -0.65988934
vn 0.466299802 -0.175507307 -0.867041886
vn 0.2639983 0.148203135 -0.95306915
vn 0.0421711132 -0.991930246 -0.119565375
vn 0.120725103 -0.897021055 -0.425180823
vn 0.0475351214 -0.991544127 -0.120750345
vn 0.193140954 0.162753075 -0.967578471
vn 0.290947437 -0.119937703 -0.949191451
vn 0.410545498 -0.31696856 -0.854975641
vn 0.271443814 -0.419109672 -0.866409481
vn 0.258170158 0.434372604 -0.862941802
vn 0.204166219 0.417250872 -0.885560751
vn 0.426570028 -0.160906985 -0.890026271
vn 0.412168562 0.0505941883 -0.909701824
vn 0.284443408 0.177388698 -0.942138672
vn 0.392694414 0.272463053 -0.878382027
vn 0.336238116 0.445094705 -0.829960585
vn 0.238946408 -0.875861287 -0.419251233
vn 0.146031097 -0.892331362 -0.427106082
vn 0.28516683 -0.808351338 -0.515022397
vn 0.225442186 -0.677261174 -0.700352132
vn 0.0550372973 -0.991090357 -0.121287502
vn 0.0575384423 -0.99060148 -0.124089025
vn 0.133052319 -0.952962935 -0.272321135
vn 0.0774240717 -0.994068325 -0.0763792396
vn 0.233803079 0.133451611 -0.963081896
vn 0.238439441 -0.156140178 -0.958523214
vn 0.221457809 -0.444002122 -0.868227243
vn 0.184228539 -0.691423953 -0.698564827
vn 0.199793741 -0.177374274 -0.96364975
vn 0.18616426 -0.459790111 -0.868294835
vn 0.153819725 -0.700743318 -0.696633637
vn 0.101710632 -0.900121808 -0.423598528
vn 0.287710994 0.624385655 -0.726198971
vn 0.30916965 -0.716086745 -0.62580657
vn 0.359737307 -0.607649684 -0.708061337
vn 0.390851766 -0.471579164 -0.790473282
vn 0.262580365 0.932555914 -0.247772038
vn 0.436667085 0.830992937 -0.344634295
vn 0.702015162 0.612644017 -0.363100499
vn 0.52407217 0.818232775 -0.236312091
vn 0.404310971 0.881381929 -0.244332954
vn 0.978826344 0.177520961 -0.101908021
vn 0.884171009 0.329587311 -0.331079811
vn 0.914685428 0.375261605 -0.150097504
vn 0.810433745 0.555089772 -0.187276676
vn 0.661550939 0.717167914 -0.219135985
vn 0.997216284 0.0508228578 -0.0545597076
vn 0.960947871 0.0891739875 -0.261967689
vn 0.925533414 0.107207492 -0.36317265
vn 0.88588053 0.0833406672 -0.456366122
vn 0.420726538 0.787887037 -0.449692369
vn 0.399062693 0.707655847 -0.583071351
vn 0.653223455 0.57291764 -0.49503991
vn 0.586061776 0.504975557 -0.633664966
vn 0.817937076 0.299021184 -0.491492897
vn 0.727439702 0.26276204 -0.633867085
vn 0.392263502 0.568006516 -0.723531485
vn 0.471965134 0.340000778 -0.813417733
vn 0.577774346 0.20722273 -0.789452791
vn 0.62296921 0.0629716441 -0.779707491
vn 0.798156142 0.0701370016 -0.598354101
vn 0.653836548 -0.0670321882 -0.753660738
vn 0.995158136 -0.0630439296 0.0754039884
vn 0.999351323 -0.0359831266 -0.00145460956
vn 0.99677664 -0.0729060844 -0.0334824845
vn 0.994925976 -0.0956859663 -0.0310898907
vn 0.979852259 0.199159995 0.0149987917
vn 0.914350212 0.403218567 -0.0371267907
vn 0.809620559 0.580767214 -0.0849949121
vn 0.672512949 0.728914201 -0.128103331
vn 0.50580281 0.846879125 -0.16419293
vn 0.327594608 0.92507112 -0.19215931
vn 0.764130414 0.637236178 -0.100173824
vn 0.448022395 0.878209949 -0.167401642
vn 0.721248806 0.66762203 -0.184610173
vn 0.925242424 0.34915477 -0.148382589
vn 0.988490462 0.107842714 -0.106096499
vn 0.936313748 0.321179241 -0.14198716
vn 0.997833014 0.0120600648 -0.0646828935
vn 0.952690363 0.296415448 -0.0672229901
vn 0.999656439 0.00349091087 -0.025978066
vn 0.951518595 0.307174504 -0.0160059649
vn 0.999167025 -0.0023069235 0.0407413654
vn 0.999797404 0.00389704038 0.0197468456
vn 0.73697722 0.649134099 -0.188386366
vn 0.754793406 0.640424907 -0.141925603
vn 0.410584182 0.8903355 -0.196782395
vn 0.423864961 0.879882634 -0.214813694
vn 0.437118679 0.878802717 -0.191397443
vn -0.454118729 -0.00143590767 -0.890940011
vn -0.487601817 -0.00112488563 -0.873065352
vn -0.468437344 0.000414180424 -0.883496583
vn -0.4935534 0.000727011822 -0.869715154
vn -0.423247069 -0.000858000712 -0.906014025
vn -0.427194208 0.000798445253 -0.904159486
vn -0.364581674 -1.60198742e-05 -0.931171358
vn -0.364713252 0.000120548641 -0.931119978
vn -0.31920591 0.000105587118 -0.947685361
vn -0.295575529 0.000556381652 -0.955319226
vn 0.164404258 0.00283373753 -0.986388981
vn 0.158257365 0.00061920227 -0.98739773
vn 0.213437811 -0.000470023224 -0.976956546
vn 0.16335623 -0.000970473746 -0.986566663
vn 0.0716277435 0.000600440777 -0.997431219
vn 0.0764302537 -0.000693828275 -0.997074723
vn 0.00324626453 0.000210033046 -0.999994755
vn 0.00528040389 -0.000396689749 -0.999985993
vn -0.0754575357 0.000364826876 -0.997148991
vn -0.0727322176 -0.000351291499 -0.997351468
vn -0.14589119 0.000543668517 -0.989300549
vn -0.142488196 -0.000332730328 -0.989796519
vn -0.214861318 0.00160181965 -0.976643205
vn -0.205239117 -0.00169536972 -0.978710413
vn -0.268386215 -0.00209855963 -0.96330905
vn -0.965542436 0.00023942093 0.260245711
vn -0.997878253 -0.0141170546 -0.0635590851
vn -0.99974823 -0.000271860277 -0.0224339999
vn -0.960967779 0.000579026178 -0.276659727
vn 0.105244182 -0.00283701485 -0.994442344
vn -0.0441085361 0.00529586384 -0.999012709
vn -0.792297304 0.00242334115 -0.610130489
vn -0.655560315 0.00209890842 -0.755139887
vn -0.715251923 -0.002235085 -0.698863089
vn -0.581383526 -0.00247017364 -0.813625932
vn -0.5110659 0.000862180255 -0.859541059
vn -0.436798573 -0.00310398568 -0.899554074
vn -0.323880166 0.00331441639 -0.946092367
vn -0.271763116 0.000549406919 -0.962364018
vn -0.104782656 -0.000684186118 -0.994494855
vn -0.966251433 -0.000575484533 -0.257600129
vn -0.924608767 0.000277144281 -0.380918056
vn -0.884810567 0.00129286025 -0.465949297
vn -0.867110193 -0.000714697002 -0.498115897
vn -0.801844954 0.000217402587 -0.597532094
vn -0.995212495 -0.0162380449 0.0963766426
vn -0.952959597 0.00107949995 0.303095579
vn -0.89098084 -0.00049998 0.454040676
vn -0.881159186 0.000587808492 0.472819179
vn -0.779954135 -0.000878975785 0.625835955
vn -0.766328692 -7.29114181e-05 0.642448723
vn -0.565572262 -0.00174781051 0.824696839
vn -0.318709433 0.00331268949 0.94784677
vn -0.486992925 -7.35084031e-05 0.873405933
vn -0.330339462 -0.000659901183 0.943861902
vn -0.622763574 -0.000588460825 0.782409787
vn 0.507492423 -0.00182725058 0.861654341
vn 0.541647971 0.00073619443 0.84060508
vn 0.600813687 0.00254143728 0.799385011
vn -0.204430729 -0.00134700967 0.978880107
vn -0.16861771 0.00533294957 0.985667169
vn -0.117567033 -0.00415557809 0.993056238
vn -0.0802327469 0.00192802039 0.996774256
vn -0.0284296311 -0.00282159727 0.999591768
vn -0.0124259507 0.00268342276 0.999919236
vn 0.0293017328 0.00220549456 0.999568164
vn 0.0750501528 0.00508339144 0.997166812
vn 0.456732959 -0.00157553877 0.889602423
vn 0.45912832 -0.000323806191 0.888369858
vn 0.406758368 -0.000796215376 0.913535416
vn 0.368744671 -0.00360441254 0.929523706
vn 0.347798914 0.00146125851 0.937568009
vn 0.289364189 -0.00127620739 0.95721817
vn 0.265422404 0.00388030522 0.964124382
vn 0.220026061 -0.00194710423 0.97549206
vn 0.171154395 0.00413299398 0.985235512
vn 0.139189184 -0.00294640288 0.990261376
vn 0.0709645674 -0.000594908488 0.997478724
vn 0.672396004 -0.00262436783 0.740186989
vn 0.779780865 0.00483332155 0.626033902
vn 0.85396409 -0.0053801355 0.520304203
vn 0.926255822 0.00290383468 0.376884252
vn 0.978448689 -0.00415042089 0.206448689
vn 0.984321475 -0.00364864245 0.176346153
vn 0.995274305 0.00443634763 -0.0970011875
vn 0.999841332 -0.00502006803 -0.0170903783
vn 0.953612685 0.0048602568 -0.300997019
vn 0.95726043 0.00164388935 -0.289222836
vn 0.872774899 -0.00247705518 -0.488116711
vn 0.835581303 0.0024387273 -0.549361348
vn 0.697218239 -0.00535770087 -0.716838896
vn 0.707639694 0.000165919613 -0.706573367
vn 0.569542885 0.00196528016 -0.821959257
vn 0.458461255 -0.00296222931 -0.888709426
vn 0.384932101 0.0025278083 -0.922941387
vn 0.26296711 -0.000744404446 -0.96480453
vn 0.221447483 0.00110808259 -0.975171745
vn 0.0610575937 -0.00185986562 -0.998132586
vn 0.0252131149 0.00097229972 -0.999681592
vn -0.227168918 -0.00334593747 -0.973849595
vn -0.333391488 -0.000129433611 -0.942788482
vn -0.175896406 -1.67302223e-05 -0.984408736
vn -0.602698743 0.0403018147 -0.7969504
vn -0.598879993 0.0531914644 -0.799070418
vn -0.600506783 0.0514928512 -0.797959983
vn -0.600174367 0.0552439243 -0.797959268
vn -0.601819754 0.06120703 -0.796283066
vn -0.594451606 0.0615941137 -0.801768899
vn -0.599197686 0.0620673709 -0.798191547
vn -0.593859494 0.0589548424 -0.802405894
vn -0.603115201 0.0636158884 -0.795113206
vn -0.605220258 0.0636364445 -0.793510437
vn -0.604666293 0.0631934479 -0.793968081
vn -0.605736792 0.0295033418 -0.795117915
vn -0.605790794 0.0266964007 -0.79517591
vn -0.601367056 0.0355625488 -0.798181057
vn -0.603730679 0.0216396619 -0.796894491
vn -0.606073022 0.0243541915 -0.795036137
vn -0.60552454 0.000805989839 -0.795826256
vn -0.605962694 0.00136783021 -0.795491874
vn -0.671540439 -0.0334539488 0.740212381
vn -0.721583545 0.0166326463 0.692127585
vn -0.689782917 0.00300322403 0.724009991
vn -0.62703836 0.377248734 0.681546926
vn -0.610686541 0.290702432 0.736582696
vn -0.640317798 -0.0168689154 0.767924845
vn -0.0134879015 0.999901235 0.00396264018
vn -0.0919772536 0.99311018 0.0726123303
vn -0.24714528 0.877139091 0.411759913
vn -0.251680583 0.835806549 0.487938762
vn -0.317477465 0.711479485 0.62690109
vn -0.386294097 0.66865617 0.635354936
vn -0.464803487 0.489350498 0.737898231
vn -0.562330425 0.248257399 0.788766682
vn -0.473118097 0.689736605 0.548108459
vn -0.509961724 0.53053087 0.677108526
vn -0.537067592 0.267858744 0.799881279
vn -0.643951893 -0.0545444563 0.763119102
vn -0.430836171 0.501846135 0.750020444
vn -0.378683001 0.737228394 0.559547603
vn -0.270086974 0.909495354 0.316024154
vn 0.00643243035 0.999969602 0.00440851785
vn 0.00199664338 0.999994457 0.0026730441
vn 0.0107217636 0.999848127 0.0137378005
vn -0.00135985238 0.999999106 -0.000357578014
vn 0.200498626 0.712733448 -0.672169089
vn 0 0.99999994 0
vn 0.0807591528 0.996621311 -0.0149662709
vn 0.0746303201 0.996671736 -0.0328010283
vn 0.0656360015 0.996621251 -0.0493760817
vn 0.037344154 0.99929142 0.00469037518
vn 0.112446137 0.993069708 -0.0341808386
vn 0.123571388 0.992023945 -0.0248706099
vn 0.092738755 0.994950414 -0.0383813269
vn 0 1 0
vn 0.155749902 0.700079262 -0.696872294
vn 0.00757684 0.674379289 -0.7383461
vn -0.277592152 0.668710053 -0.689760387
vn -0.545229971 0.670116365 -0.503655076
vn -0.707716703 0.66968894 -0.225064278
vn -0.626634479 0.668454885 0.400621086
vn -0.41690594 0.672850013 0.611115575
vn 1.44518999e-05 0.99999994 6.52981771e-06
vn -0.736787975 0.669152081 0.0968451351
vn 2.27179999e-06 1 4.75710294e-05
vn -3.30338025e-06 1 4.99318485e-05
vn -0.00231577386 0.999996006 0.00161147094
vn 0.0851354748 0.996368468 -0.00137296703
vn -0.34948808 -0.682523549 0.641887605
vn 0.162541211 -0.701800287 -0.693582416
vn 0.0738170817 -0.684496105 -0.725269735
vn -0.197077811 -0.685689509 -0.70070684
vn -0.0924628824 -0.676741481 -0.730391502
vn -0.532492876 -0.695441961 -0.482505649
vn -0.469304979 -0.687556624 -0.554092646
vn -0.382964849 -0.683801293 -0.62109071
vn -0.28503269 -0.695527613 -0.659543455
vn -0.605531871 -0.683954656 -0.406862527
vn -0.658286154 -0.685977876 -0.309989929
vn -0.712597251 -0.695807219 0.0897628516
vn -0.728797793 -0.684653282 -0.010194445
vn -0.719651222 -0.684299111 -0.117629588
vn -0.685557961 -0.695636749 -0.214708954
vn -0.703695655 -0.684885681 0.189060777
vn -0.671690941 -0.68234539 0.288506627
vn -0.488709927 -0.678294063 0.548707306
vn -0.561712444 -0.685269594 0.463556588
vn -0.611496747 -0.695364654 0.377544254
vn -0.0427797846 -0.998599172 -0.0311344918
vn 0 -1 0
vn -0.0458383188 -0.997627318 -0.0513676181
vn -1.83107113e-06 -0.99999994 -5.3851727e-06
vn 4.43794033e-06 -1 -3.47950913e-06
vn 0 -0.99999994 0
vn 0.168197751 -0.70903492 -0.684820354
vn -0.047645662 -0.998052061 0.040273089
vn -0.0264157206 -0.999518335 0.0162907261
vn -0.0302057751 -0.999521792 0.00661181286
vn -0.0314580649 -0.99946177 -0.00929849595
vn -0.0436039083 -0.998806 -0.0220294707
vn -0.0358321816 -0.998028874 -0.0515214689
vn -0.0465260409 -0.996650875 -0.0672480986
vn -0.0191678386 -0.999207675 -0.034880925
vn 0.118675694 -0.683034122 -0.720680475
vn -0.161313057 -0.504235148 -0.848366022
vn -0.173629925 -0.548479617 -0.817938149
vn -0.206483305 -0.401238024 -0.892397106
vn -0.310311377 -0.932109773 0.186757267
vn -0.439718038 -0.894223511 0.0837405249
vn -0.524236679 -0.851531506 -0.0083674714
vn -0.516630232 -0.849107921 -0.110039987
vn -0.603876829 -0.771623075 -0.199826375
vn -0.590261519 -0.737199783 -0.328828126
vn -0.438754559 -0.868607998 -0.230249211
vn -0.614917517 -0.661989748 -0.428539395
vn -0.584277689 -0.703435659 -0.404719383
vn -0.483126312 -0.627864063 -0.610225976
vn -0.549472809 -0.654999793 -0.51870501
vn -0.534234107 -0.459701896 -0.709413826
vn -0.570070028 -0.516129136 -0.639242351
vn -0.584762096 -0.633632243 -0.506520867
vn -0.416993022 -0.610699832 -0.673173368
vn -0.485051185 -0.394305617 -0.780543685
vn -0.519456863 -0.390368998 -0.76011622
vn -0.389861166 -0.193503976 -0.900313616
vn -0.390905321 -0.112670347 -0.913508892
vn -0.354119688 0.0948289335 -0.930379868
vn -0.463771433 -0.239637792 -0.852930129
vn -0.41084674 -0.406522989 -0.816053927
vn -0.461777121 -0.318568081 -0.827814162
vn -0.403813511 -0.204091281 -0.891785502
vn -0.359687775 0.145459995 -0.921664834
vn -0.345580906 -0.109120004 -0.932022929
vn -0.328429937 -0.0567727275 -0.942820489
vn -0.315382481 0.344434887 -0.884250283
vn -0.346968114 0.429666758 -0.833666325
vn -0.34282425 0.16870746 -0.924126208
vn -0.391218424 0.292830497 -0.872466981
vn -0.379173011 0.488908857 -0.785618186
vn -0.353411585 0.0698528737 -0.932856321
vn -0.292291999 -0.108640164 -0.950138211
vn -0.328625083 0.0802230686 -0.941047132
vn -0.334433496 0.215594828 -0.91742748
vn -0.0818099678 -0.668668389 -0.739046574
vn -0.0957278982 -0.723492563 -0.683662713
vn -0.187018201 -0.623319626 -0.759273827
vn -0.248578221 -0.418087959 -0.873734117
vn -0.268478036 -0.483116567 -0.833377421
vn -0.0217348915 -0.853839874 -0.520081818
vn -0.0983339325 -0.832881987 -0.544644833
vn -0.365087092 -0.87889117 -0.307020485
vn -0.298803419 -0.877531409 -0.375040382
vn -0.348787397 -0.57083708 -0.743298292
vn -0.231001809 -0.858756423 -0.457357019
vn -0.292568654 -0.531363845 -0.795019567
vn -0.17724885 -0.858146667 -0.481837302
vn -0.143983096 -0.82066828 -0.552966833
vn -0.278285474 -0.199944392 -0.939456999
vn -0.240292922 -0.333097726 -0.911759377
vn -0.295272708 -0.192209005 -0.935879111
vn -0.914860845 0.189753205 -0.356403232
vn -0.761691749 0.160425112 -0.627765477
vn -0.873823404 0.236544743 -0.42482847
vn -0.42693001 0.226864308 -0.875364721
vn -0.197496086 -0.36318621 -0.910544336
vn -0.239932328 -0.0394533277 -0.969987571
vn -0.311488748 -0.00247088261 -0.950246632
vn -0.215946093 -0.0842009336 -0.972768009
vn -0.200063273 -0.132958978 -0.970719576
vn -0.16940178 -0.1963294 -0.965793788
vn -0.129213035 -0.284334481 -0.949977815
vn -0.115591899 -0.401702106 -0.908445776
vn -0.0834319517 -0.574996412 -0.813890815
vn -0.405668557 0.489632905 -0.771811306
vn -0.452419847 0.504832923 -0.735159755
vn -0.519346595 0.513569713 -0.683026552
vn -0.485709548 0.270776898 -0.831123471
vn -0.555134594 0.489369422 -0.672564685
vn -0.595040083 0.490919471 -0.63633734
vn -0.547129631 0.292658865 -0.784219325
vn -0.61821866 0.482612669 -0.62039572
vn -0.697784722 0.236949921 -0.6759817
vn -0.611784637 0.28160131 -0.739202499
vn -0.781930149 0.396044046 -0.481388003
vn -0.719658852 0.433841079 -0.542100668
vn -0.678130865 0.46835199 -0.566378772
vn -0.866308868 0.284757107 -0.410392791
vn -0.85498184 0.317597389 -0.410046309
vn -0.809140503 0.33691746 -0.48143369
vn -0.918085098 0.158015728 -0.36352554
vn -0.799308836 0.0710445717 -0.596706033
vn -0.915031493 0.111131847 -0.387771964
vn -0.763050139 0.00739787752 -0.646296859
vn -0.914521933 0.0129041141 -0.404330343
vn -0.931303322 0.063685365 -0.358633876
vn -0.309943885 -0.11549072 -0.943714321
vn -0.321280688 -0.0731888115 -0.944151521
vn -0.3647632 -0.00227349671 -0.931097627
vn -0.415026367 0.0411412604 -0.908878684
vn -0.470545918 0.0514423102 -0.880874634
vn -0.517863154 0.0360710174 -0.854702711
vn -0.546069086 0.0118764481 -0.837655902
vn -0.558434725 -0.00100670452 -0.829547882
vn -0.19543995 -0.962303638 0.189142272
vn -0.248778477 -0.957624972 0.145133719
vn -0.116131902 -0.991141498 0.0644358099
vn 0.461980551 0.156667084 0.872942984
vn 0.467042029 -0.00489275763 0.884221554
vn 0.446452379 -0.170084849 0.878493845
vn 0.475680381 -0.0807081982 0.875907779
vn 0.471757919 -0.0515647531 0.880219042
vn 0.472172737 0.0843872726 0.877457559
vn 0.468760788 0.0516683273 0.881812751
vn 0.465050757 0.0252977703 0.884922504
vn 0.455786079 0.26093775 0.85098201
vn 0.452004194 0.383274704 0.805476785
vn 0.392021298 0.607844651 0.690539062
vn 0.312567025 0.771505117 0.554149508
vn 0.261078656 0.856185019 0.445853084
vn 0.196274012 0.923684299 0.329065204
vn 0.0838857368 0.984262645 0.155531883
vn 0.031656865 0.998969734 0.0325155258
vn 0.00794678554 0.996111035 0.087747857
vn 0.0168813709 0.99984777 0.00439982442
vn 0.0168808457 0.99984777 0.00440121256
vn -0.455227762 0.721697748 0.521459699
vn -0.352984011 0.930542707 -0.0974300727
vn 0.0168806668 0.99984777 0.00440077716
vn -0.149581581 0.695718706 0.702567279
vn 0.00316870562 0.996650159 0.0817217976
vn -0.000129491877 0.996915758 0.0784792677
vn 0.016880624 0.999847829 0.00440147612
vn 0.000417546427 0.996836603 0.0794766918
vn 0.016880976 0.999847829 0.00440153759
vn 0.0168813691 0.999847829 0.004402244
vn 0.0168805942 0.999847889 0.00440187659
vn 0.0168813225 0.999847889 0.00440106587
vn 0.314341605 0.669725239 0.672798276
vn 0.0168816969 0.99984777 0.00440163258
vn 0.459427893 0.717572749 0.52346468
vn 0.016881207 0.99984777 0.00440041674
vn 0.486728281 0.755033851 0.439339876
vn 0.0168826785 0.99984777 0.00440224027
vn 0.0168824773 0.99984777 0.00440041395
vn 0.0168783888 0.999847829 0.00440238789
vn 0.0168923568 0.999847531 0.0044268663
vn -0.0699427426 0.690691352 0.719759226
vn 0.0168832187 0.999847651 0.00444817403
vn 0.0125537608 0.692924857 0.720900536
vn 0.0168812461 0.999847829 0.00440203398
vn 0.0168814715 0.999847829 0.00440181186
vn 0.365468651 0.887073636 0.282016039
vn 0.0168811008 0.99984777 0.00440103747
vn 0.125431612 0.991926074 -0.0186976753
vn 0.0168802869 0.99984777 0.00439934479
vn 0.101171672 0.993313193 -0.0556165911
vn 0.0168811586 0.999847829 0.00440145982
vn 0.0933671743 0.993284702 -0.0683229268
vn 0.325108767 0.687503517 0.64934063
vn 0.0168791488 0.99984771 0.00442639971
vn 0.248880371 0.686960816 0.682746947
vn 0.173748121 0.690507293 0.702147663
vn 0.0931996629 0.687830925 0.719862878
vn 0.0822896287 0.680394709 0.728211284
vn -0.0721378028 0.699435174 0.711046159
vn 0.0168814398 0.99984777 0.00439996319
vn -0.0547970682 0.715986252 0.695960462
vn 0.0168808214 0.999847829 0.00440104771
vn 0.0797027275 0.715588331 0.693960249
vn 0.0168809295 0.999847829 0.00440124376
vn 0.220950112 0.716480792 0.661692083
vn 0.321476489 0.708386004 0.628364682
vn 0.622500837 0.271153659 -0.734144688
vn 0.583853126 0.444402248 -0.679427803
vn 0.469505519 0.70359242 -0.533406198
vn 0.240957364 0.921705842 -0.303970248
vn 0.991611362 0.119866587 -0.0483627655
vn 0.970746875 0.233266041 -0.056898497
vn 0.956440389 0.272276282 -0.105296783
vn 0.913477361 0.0791499764 -0.399117053
vn 0.860115767 0.0814749449 -0.503549993
vn 0.771394432 0.0741510838 -0.63202244
vn 0.574054658 0.799704313 0.175881356
vn 0.59498018 0.784621894 0.174261019
vn -0.03840499 0.956176996 0.290259331
vn 0.456796885 0.873027146 0.170763195
vn 0.528169096 0.82405436 0.20487006
vn 0.0754310861 0.993760884 0.0821539536
vn -0.0428375788 0.973419428 0.224987671
vn -0.0474602394 0.976749837 0.209062934
vn -0.0566755533 0.979305148 0.194291517
vn 0.467967629 0.867335439 0.169515595
vn -0.0238695014 0.968079507 0.249504328
vn 0.457805306 0.872716188 0.169648871
vn -0.0319261588 0.962942779 0.267809421
vn -0.0481357053 0.966144085 0.253472924
vn -0.044394318 0.966450214 0.252988577
vn -0.0394666418 0.965025783 0.259167016
vn -0.0348806232 0.965507269 0.258029222
vn -0.0295985322 0.966911197 0.253390223
vn -0.0248674545 0.968551397 0.247567564
vn -0.0316139981 0.982759416 0.182166502
vn 0.00339650386 0.971523404 0.236919135
vn 0.0174790118 0.967995346 0.25035876
vn -0.00978727732 0.966057539 0.25814116
vn -0.0230993442 0.967522144 0.251728773
vn -0.0402693376 0.961450815 0.272012413
vn 0.0373019502 0.997411489 0.0614739582
vn 0.0145597905 0.987237751 0.158586219
vn 0.0323441476 0.977014303 0.210705996
vn 0.0405688472 0.974441051 0.220949754
vn -0.0116007822 0.979512215 0.201050147
vn 0.0295262802 0.972265542 0.232008189
vn 0.00770864915 0.978615463 0.205554307
vn 0.02364376 0.983180404 0.18110007
vn 0.0307549667 0.996906996 0.0723216459
vn -0.00745301601 0.999567389 -0.0284513906
vn -0.0480521582 0.97285676 0.226364166
vn 6.2486115e-06 -1 -2.08809524e-05
vn 6.59751004e-06 -1 -2.06631285e-05
vn 6.31511148e-06 -1 -2.09235131e-05
vn 6.49915364e-06 -1 -2.03832024e-05
vn 5.26179156e-06 -1 -1.65141082e-05
vn 3.65586834e-06 -0.99999994 -2.04125536e-05
vn -0.234545037 -0.697446108 0.677168906
vn 6.25447319e-06 -0.99999994 -2.08066758e-05
vn -0.121901125 -0.683912694 0.719307721
vn 6.3636121e-06 -1 -2.0278665e-05
vn 6.69285237e-06 -1 -1.9987483e-05
vn 6.01864213e-06 -1 -2.01957737e-05
vn 6.90870866e-06 -1 -1.97281679e-05
vn 5.99558507e-06 -1 -2.05257184e-05
vn 6.35151036e-06 -1 -2.04650278e-05
vn 6.12279518e-06 -1 -2.02766132e-05
vn 6.21498111e-06 -0.99999994 -2.0401345e-05
vn 6.43937165e-06 -1 -2.14356405e-05
vn 6.60070555e-06 -1 -2.06071654e-05
vn 6.56145676e-06 -0.99999994 -2.00950708e-05
vn -0.369618475 0.907327473 -0.20034723
vn -0.557886124 0.792479396 -0.246453673
vn -0.6944713 0.67440021 -0.250786602
vn -0.844437718 0.398510247 -0.35793075
vn -0.440635443 0.858760536 -0.261478186
vn -0.309733033 0.890211642 -0.334048748
vn -0.320948094 0.918116152 -0.232497245
vn -0.143632129 0.947692096 -0.285042912
vn -0.50154525 0.833711147 -0.231036931
vn -0.478767365 0.7022686 -0.526878119
vn -0.62743175 0.704199612 -0.332313508
vn -0.337209135 0.904446006 -0.261280596
vn -0.701686382 0.667893887 -0.248100445
vn -0.847887933 0.413278461 -0.332094818
vn -0.648926437 0.705549836 -0.284770072
vn -0.937390924 0.120520651 -0.326761246
vn -0.877784729 0.353598982 -0.323205292
vn -0.728323996 0.637384474 -0.251565099
vn -0.862751424 0.431966275 -0.262802541
vn -0.938247502 0.123415746 -0.323202997
vn -0.685655713 0.677303374 -0.266714245
vn -0.714124203 0.674008906 -0.189046592
vn -0.561910331 0.818068385 -0.122559197
vn -0.396212816 0.902247429 -0.170190811
vn -0.385662675 0.921358943 -0.0486013554
vn -0.220420301 0.975255013 0.0171040613
vn -0.134820849 0.986531317 0.0926240608
vn -0.146480486 0.955342829 0.256638676
vn -0.0386852175 0.976397574 0.212488651
vn 0.230534628 0.0195869692 -0.972866893
vn 0.322770983 0.946464777 0.00482564606
vn 0.130064309 0.767023027 -0.62829864
vn 0.037832655 0.805997849 -0.590708196
vn -0.0312810764 0.827767909 -0.560198009
vn 0.0446212776 0.994520545 -0.0945395827
vn 0.0178210642 0.988373697 -0.150996074
vn 0.0570097193 0.987192929 -0.148996606
vn 0.0249077715 0.999265671 0.029117167
vn 0.2771402 0.960601747 -0.0209171418
vn 0.159028068 0.981972456 -0.102175802
vn 0.0871675685 0.985390484 -0.146312341
vn -0.00677052513 0.992866755 0.119036041
vn -0.30108279 0.926993489 -0.223678976
vn -0.236013606 0.915447176 -0.325966537
vn -0.174422339 0.905512393 0.386812836
vn -0.0149393277 0.963203073 0.268359244
vn -0.125107631 0.849181712 -0.513067782
vn -0.169816583 0.852598548 -0.494204372
vn 0.0368957929 0.97850579 0.202892363
vn -0.176399484 0.886763811 -0.427239001
vn -0.182433978 0.911528707 -0.368555635
vn 0.441721082 0.889217913 0.119055219
vn 0.834602892 0.144441366 -0.531577647
vn 0.893157601 0.388682634 0.226263806
vn 0.770735204 0.294085979 -0.565226316
vn 0.455302685 0.856045723 -0.244714081
vn 0.498264521 0.763320208 -0.411186963
vn 0.397776783 0.912501812 -0.0954679698
vn 0.858920395 0.0433624014 -0.51026994
vn 0.740458012 0.667627633 -0.077429533
vn 0.703819513 0.709069669 0.0431067608
vn 0.66319418 0.738718987 0.120281629
vn 0.924058378 0.36427021 0.115859456
vn 0.905600429 0.383234948 0.181710556
vn 0.769334435 0.614215016 -0.1756825
vn 0.926115811 0.37250194 0.0595974401
vn 0.962909639 0.177345037 0.203356162
vn 0.955921888 0.0982994065 0.276677758
vn 0.959029138 0.0984776989 0.265641302
vn 0.963663459 0.0941186994 0.249988779
vn 0.953893065 0.133142814 0.268999934
vn 0.892458141 0.430140108 0.136007339
vn 0.867688596 0.4198533 0.266157508
vn 0.151123583 0.966234267 -0.20869416
vn 0.289641261 0.953956544 0.0779409781
vn 0.439459801 0.744365454 -0.502787471
vn 0.843119264 0.537700713 -0.00526239071
vn 0.687346637 0.676265538 -0.264989495
vn 0.388797671 0.730985701 -0.560799479
vn 0.7322703 0.67544204 0.0869383067
vn 0.692526877 0.717304587 -0.0766857788
vn 0.563003302 0.821577311 0.0896542594
vn 0.556806803 0.767925382 -0.316633612
vn 0.418109179 0.893296421 -0.164942473
vn 0.370319694 0.840933979 -0.394580156
vn 0.204388514 0.872957826 -0.44291082
vn 0.231670395 0.723043144 -0.650797665
vn 0.309602022 0.71728462 -0.624219
vn 0.57039839 0.812948644 0.117303886
vn 0.733744085 0.653437138 0.18611683
vn 0.246489838 0.733605146 -0.633297861
vn 0.202032015 0.880515456 -0.428807199
vn 0.159696475 0.967399895 -0.196556211
vn 0.630360365 0.765147865 0.131128222
vn 0.383289844 0.915273666 -0.123946995
vn 0.423855454 0.903600633 0.0620674938
vn 0.783477962 0.617958009 -0.0654997528
vn 0.912372887 0.367685884 0.179952264
vn 0.877188325 0.478881329 -0.0348341651
vn 0.861179352 0.345861942 -0.372491121
vn 0.81394577 0.459680766 -0.355226725
vn 0.978275716 0.202258497 -0.0454752296
vn 0.936794996 0.347572953 -0.0401010178
vn 0.738628685 0.569391668 -0.360861093
vn 0.641299725 0.763206482 -0.0790612027
vn 0.576438844 0.736937821 -0.353045166
vn 0.956362724 0.206114709 0.207091868
vn 0.975040615 0.0649600178 0.212311104
vn 0.603110492 0.453166664 -0.656428039
vn 0.532570481 0.567835152 -0.627640069
vn 0.439526111 0.661012232 -0.608177245
vn 0.843827307 0.511979878 0.160723954
vn 0.771652877 0.616461039 0.156613156
vn 0.72537452 0.673310697 0.143123418
vn 0.369502515 0.836500823 -0.404640794
vn 0.622413814 0.316667676 -0.715767205
vn 0.979921281 0.0336454995 0.196525514
vn 0.988547504 0.130821109 -0.0752303973
vn 0.980739057 0.0210563224 0.194184139
vn 0.992932916 0.0823139697 -0.0854906961
vn 0.870107591 0.243395105 -0.428569317
vn 0.636241615 0.201785073 -0.744633734
vn 0.644143879 0.0983950272 -0.758549333
vn 0.885234296 0.0748959929 -0.459076166
vn 0.880122423 0.153683737 -0.449183434
vn 0.99509877 0.0400462747 -0.0904143006
vn 0.981138229 0.0102191446 0.193037048
vn 0.981265604 -5.35800746e-06 0.192659929
vn 0.995761275 -2.12333307e-05 -0.0919749588
vn 0.886776686 -4.24774589e-05 -0.462197989
vn 0.646492541 -6.14127857e-05 -0.76292026
vn -0.506650865 0.831878364 -0.226458192
vn -0.427370518 0.817036629 -0.387047201
vn -0.599494934 0.761423826 -0.246656761
vn 0.000871921133 0.853362978 -0.521316409
vn -0.00486876536 0.751441658 -0.659781635
vn -0.039373789 0.711226404 -0.701859415
vn -0.224161163 0.813537538 -0.536570966
vn -0.24631089 0.764851332 -0.59525913
vn -0.432534516 0.771431088 -0.466698915
vn -0.58353126 0.744452953 -0.324470371
vn -0.655740678 0.718445837 -0.232033938
vn -0.114222944 0.953308761 -0.279563397
vn -0.12973401 0.989929497 -0.0566460304
vn -0.160619944 0.898637891 -0.408229291
vn -0.466188818 0.873884439 -0.137818724
vn -0.321529955 0.900294781 -0.293407083
vn -0.254107744 0.958325624 -0.130542397
vn -0.292728454 -0.0293768365 0.955744267
vn -0.312224656 -0.000540975656 0.950008214
vn -0.170047566 -0.00180386286 0.985434234
vn -0.00767975999 -0.000431835972 0.999970436
vn -0.00188772765 0.987393916 0.158270851
vn 0.0190633386 0.999811471 0.00367659959
vn 0.0164885335 0.999843061 0.00648006378
vn 0.0470916331 0.998511732 -0.0275085978
vn -0.0215712879 0.991222262 0.130434036
vn 0.0470710918 0.998345375 -0.0330299139
vn -0.0426905341 0.982813597 0.179596782
vn 0.045177523 0.997955799 -0.0452020727
vn -0.0488819778 0.981450677 0.185378447
vn 0.0387202315 0.997600257 -0.0573985092
vn -0.082063444 0.953874886 0.288770497
vn 0.0379117578 0.996979356 -0.0677849799
vn -0.109733447 0.92687887 0.358962774
vn 0.0409744121 0.993683517 -0.104471162
vn -0.136000767 0.884104252 0.447061032
vn -0.274145514 0.961587548 -0.013913637
vn -0.172487497 0.753579497 0.634323299
vn -0.137067527 0.871166408 0.471467376
vn -0.298350185 0.000849322998 0.954456151
vn -0.298350185 0.00084932294 0.954456031
vn -0.298350185 0.000849322998 0.954456091
vn -0.338479161 -0.9028669 -0.265072048
vn -0.0436354689 -0.950578272 -0.307403475
vn -0.307215512 -0.895223141 -0.322791338
vn -0.175665885 -0.942083418 -0.28569296
vn -0.323259324 -0.911194384 -0.255398035
vn -0.578552067 -0.713202834 -0.395751417
vn -0.367316693 -0.903016329 -0.222800255
vn -0.497008055 -0.831029296 -0.249746174
vn -0.629012764 -0.733360589 -0.257924557
vn -0.815901041 -0.458749443 -0.351929665
vn -0.627752721 -0.705535531 -0.328855902
vn -0.368915379 -0.907530487 -0.200723514
vn -0.647428036 -0.705488443 -0.288310528
vn -0.848143339 -0.409425825 -0.336189657
vn -0.697961509 -0.670173883 -0.252421647
vn -0.940677345 -0.0288351662 -0.338074923
vn -0.87757796 -0.355139613 -0.322075576
vn -0.935200095 -0.139488116 -0.325490206
vn -0.727516234 -0.638036609 -0.252248913
vn -0.938202739 -0.0912060738 -0.333851844
vn -0.352564752 -0.934985995 -0.0387207419
vn -0.391653895 -0.904230773 -0.170217574
vn -0.529166043 -0.841403008 -0.109655805
vn -0.686211944 -0.678278804 -0.262775898
vn -0.894227028 -0.344102055 -0.286272198
vn -0.809564114 -0.537210822 -0.236665308
vn -0.685588121 -0.705668628 -0.178887293
vn 0.304947138 -0.952202022 0.0178499687
vn -0.00621982524 -0.993550301 0.113220751
vn 0.0239739213 -0.999007702 0.0375373662
vn 0.357316166 -0.930532873 0.0802102163
vn -0.155406669 -0.936301589 0.314941466
vn -0.0167829897 -0.960874856 0.27647382
vn -0.299025148 -0.924071252 -0.238067657
vn -0.23988694 -0.912175775 -0.332249492
vn -0.256553203 -0.95840174 0.125086457
vn -0.0359743349 -0.975977778 0.214879632
vn 0.0330408141 -0.994629443 -0.0980845019
vn 0.0532034189 -0.984475911 -0.167262346
vn 0.0892779008 -0.984928548 -0.148138762
vn 0.0385785252 -0.986079931 -0.161734596
vn 0.15235889 -0.982266188 -0.109270304
vn 0.248908877 -0.96748656 -0.0448781885
vn 0.283081651 -0.959090948 -0.00303597865
vn -0.0130600333 -0.834518015 -0.550825953
vn -0.118717059 -0.848983884 -0.51491034
vn 0.030137822 -0.81493938 -0.578761935
vn 0.125653312 -0.770485044 -0.624951184
vn 0.229659796 -0.0205570087 -0.973053753
vn -0.187114224 -0.915333748 -0.356584281
vn -0.202423304 -0.871219397 -0.447215289
vn 0.0373582244 -0.978512168 0.202776238
vn -0.161865711 -0.85214144 -0.497649014
vn 0.769304514 -0.27988717 -0.574311554
vn 0.688396096 -0.715752363 0.117513224
vn 0.895111918 -0.385849595 0.223371267
vn 0.395091593 -0.913302064 -0.0989034399
vn 0.45495376 -0.856042147 -0.245374978
vn 0.844781518 -0.084583506 -0.528384268
vn 0.955919921 -0.0982951447 0.276686043
vn 0.959037304 -0.0984771922 0.265611678
vn 0.70364511 -0.709219694 0.043485567
vn 0.905594587 -0.383210212 0.181792095
vn 0.964150846 -0.0943788812 0.248003617
vn 0.924739361 -0.362853348 0.114867859
vn 0.74061656 -0.667372108 -0.0781113803
vn 0.963755131 -0.121087089 0.237726301
vn 0.942520261 -0.325535178 0.0753818303
vn 0.772736311 -0.60948503 -0.17721881
vn 0.489681602 -0.771658123 -0.405901194
vn 0.920628369 -0.388259053 0.0412105173
vn 0.695913911 -0.671638012 -0.254177541
vn 0.856384218 -0.515785456 0.0239084847
vn 0.791157365 -0.611507058 0.0113649359
vn 0.552943289 -0.774484694 -0.307290077
vn 0.940097034 -0.256693989 0.224333972
vn 0.893674493 -0.396405429 0.210258663
vn 0.642931521 -0.762307286 -0.0743408948
vn 0.712542772 -0.691284597 0.120035477
vn 0.420133114 -0.907360375 0.0136134699
vn 0.148408726 -0.967495024 -0.204763845
vn 0.394845635 -0.902078032 -0.174218833
vn 0.206283092 -0.845377445 -0.492731422
vn 0.367146999 -0.844713271 -0.389439046
vn 0.3892712 -0.730466545 -0.561147571
vn 0.305737317 -0.71736908 -0.626024246
vn 0.439462036 -0.74436605 -0.502784431
vn 0.814011693 -0.54850781 0.191113323
vn 0.742646337 -0.642078996 0.19029212
vn 0.636921406 -0.72345382 0.266356438
vn 0.404439777 -0.909950912 0.0917493701
vn 0.188050315 -0.979754686 0.0686870664
vn 0.0462570153 -0.997612536 -0.0512794629
vn 0.0486646555 -0.997617304 -0.0489020981
vn 0.143555373 -0.964221537 -0.222864956
vn 0.255795777 -0.742487729 -0.619096518
vn 0.215158552 -0.873925447 -0.435845196
vn 0.836783648 -0.518578112 0.175697789
vn 0.908701122 -0.408890337 0.0840888694
vn 0.930305839 -0.298244238 0.213498041
vn 0.961379886 -0.0940167457 0.258668602
vn 0.657377601 -0.747584045 -0.0947252214
vn 0.357023835 -0.830243886 -0.428052783
vn 0.57641685 -0.74048239 -0.345585644
vn 0.734503031 -0.563441634 -0.378204763
vn 0.610114276 -0.449620456 -0.652381718
vn 0.83217454 -0.38340506 -0.400607288
vn 0.428860903 -0.667751253 -0.60842967
vn 0.548252881 -0.836073697 -0.0199849438
vn 0.703797996 -0.708818316 0.0473810099
vn 0.725836337 -0.666625202 0.169624165
vn 0.398299038 -0.916272104 0.0424654223
vn 0.406264484 -0.901865065 -0.146930575
vn 0.187107593 -0.981961429 -0.0272506904
vn 0.930228829 -0.316848367 -0.185152471
vn 0.825686038 -0.526403964 -0.202833548
vn 0.96947813 -0.24513182 -0.00475685019
vn 0.875619411 -0.481918305 -0.0323313065
vn 0.971281886 -0.167584211 0.168899432
vn 0.536760449 -0.565873325 -0.625839949
vn 0.635945916 -0.201837823 -0.744872093
vn 0.869677544 -0.242848516 -0.429750532
vn 0.620910585 -0.319250554 -0.715925336
vn 0.979917407 -0.0319618993 0.196825385
vn 0.988837183 -0.128183484 -0.0759611353
vn 0.644031703 -0.0983714238 -0.758647561
vn 0.880163133 -0.153568968 -0.449142963
vn 0.995104194 -0.0399798416 -0.0903831124
vn 0.9811396 -0.0102318246 0.193029791
vn 0.980742693 -0.021071177 0.194163978
vn 0.992947638 -0.0822552964 -0.0853753909
vn 0.885249436 -0.0747056305 -0.459077746
vn 0.283091456 -0.949816704 0.133069366
vn 0.51334852 -0.821796894 0.247230679
vn 0.691678882 -0.636346757 0.341530383
vn 0.00884120073 -0.778196514 -0.627958715
vn -0.00168336241 -0.877680123 -0.479243845
vn -0.19674252 -0.842590094 -0.501332581
vn -0.160130098 -0.912675858 -0.376006901
vn -0.072243169 -0.611817241 -0.787693202
vn -0.460469037 -0.859474301 -0.221973389
vn -0.346823543 -0.909110308 -0.230720311
vn -0.396064907 -0.844958067 -0.359413981
vn -0.556192756 -0.801831543 -0.218439698
vn -0.490573257 -0.766439319 -0.41461876
vn -0.612855673 -0.755618453 -0.231189817
vn -0.507931292 -0.745346546 -0.431815147
vn -0.640162945 -0.715508819 -0.279711515
vn -0.249614283 -0.765869319 -0.592567921
vn -0.31365791 -0.751791894 -0.580023706
vn -0.00111071917 -0.703383744 -0.710809469
vn -0.11331483 -0.718934417 -0.685779214
vn 0.117057517 -0.625775456 -0.771169603
vn -0.165104732 -0.954147816 -0.249684721
vn -0.158557147 -0.98562777 -0.0582880601
vn -0.349487543 -0.932059526 -0.0955168605
vn -0.117099665 -0.957259655 -0.264464915
vn 0.736419618 0.135744706 -0.662766635
vn 0.902034163 0.405723572 -0.147386357
vn 0.716641009 0.230581313 -0.658223271
vn 0.561748266 0.228626609 0.795090437
vn 0.873262763 0.416399479 0.253028691
vn 0.586877286 0.256831676 0.76786232
vn 0.671594977 0.30520913 0.675135195
vn 0.785660505 0.369365126 0.496293217
vn 0.411703944 0.59507829 0.690204084
vn 0.202433452 0.895044446 0.39738664
vn 0.0443142429 0.993116498 0.108424544
vn 0.196569994 0.898766458 0.391891599
vn 0.0465072133 0.994375169 0.0951587856
vn 0.229229048 0.916270196 0.328485727
vn 0.054587137 0.994624496 0.0879906416
vn 0.0586208776 0.995593131 0.0731989145
vn 0.281867683 0.926794887 0.248197019
vn 0.0692556351 0.995394766 0.0662783608
vn 0.0735004991 0.99559164 0.0582666062
vn 0.316565841 0.930728078 0.183115259
vn 0.0771001428 0.996069014 0.0436151214
vn 0.334694177 0.934174478 0.123683915
vn 0.0814982131 0.9962762 0.0281381961
vn 0.345861107 0.93606478 0.0645194799
vn 0.083323434 0.996472776 0.00996589847
vn 0.349608064 0.936882973 -0.00494306907
vn 0.0833638385 0.996465564 -0.0103267226
vn 0.352987349 0.932759762 -0.0732066184
vn 0.357473314 0.927469134 -0.109607369
vn 0.0842685923 0.996091068 -0.0264861397
vn 0.420058489 0.562780499 -0.711919129
vn 0.284207433 0.661174834 -0.694315493
vn 0.681637585 0.71863097 -0.137621194
vn 0.531855702 0.470522225 -0.70408684
vn 0.612065613 0.376197994 -0.695593894
vn 0.988581538 0.0881717578 -0.122198194
vn 0.980894506 0.171552628 -0.0917373151
vn 0.9080531 0.405665904 -0.10428191
vn 0.906267345 0.422006071 0.024299873
vn 0.668254018 0.73494792 0.115274653
vn 0.626271427 0.310906947 -0.714927256
vn 0.679706752 0.733302534 -0.0163183305
vn 0.40769738 0.617430985 0.672727227
vn 0.471766293 0.655106008 0.590146244
vn 0.559318602 0.693068624 0.454773128
vn 0.613039732 0.720137835 0.324936539
vn 0.651201129 0.725746453 0.22187613
vn -0.308330953 0.347023904 0.88572371
vn -0.231749684 0.837551594 0.494772136
vn -0.249218047 0.317334741 0.914980352
vn -0.22807698 0.786102653 0.574476838
vn -0.300632626 0.242361248 0.922432244
vn -0.252401531 0.203314781 0.946021497
vn 0.344822437 0.000146626495 -0.938667953
vn 0.247491255 0.696247935 -0.673785448
vn 0.221959129 -0.706678212 -0.671818495
vn 0.565147936 -0.200085372 -0.800358355
vn 0.247038856 -0.657709002 -0.71161139
vn 0.229393825 -0.698765218 -0.677573442
vn -0.12669006 -0.397142917 -0.908970356
vn -0.131468922 -0.585784376 -0.799732864
vn -0.212034643 -0.49536556 -0.84240979
vn 0.227371082 -0.624490023 -0.747204423
vn 0.235717863 -0.644190133 -0.72763747
vn 0.248924688 -0.766257584 -0.592356145
vn 0.277168602 -0.741479218 -0.611053288
vn 0.306015253 -0.4494901 -0.839233816
vn 0.208975226 -0.783523381 -0.585166991
vn 0.314340711 0.000804398092 0.949309826
vn 0.0374777988 0.683077097 0.729384065
vn 0.109571733 0.000937117904 0.993978441
vn 0.231430426 0.673820138 0.701716781
vn 0.463157266 0.66589874 0.584862471
vn 0.61978811 1.29090913e-05 0.784769297
vn 0.651097894 0.665889859 0.364228308
vn 0.872451663 4.89414015e-06 0.48870039
vn 0.740774512 0.665882766 0.0886189714
vn 0.992952406 -3.87566934e-06 0.118512973
vn 0.718653142 0.66587621 -0.20036608
vn 0.962975383 -1.10512619e-05 -0.269589335
vn 0.588073552 0.66587007 -0.459115058
vn 0.787184 -1.73439967e-05 -0.616718292
vn 0.390452445 0.673786759 -0.627342165
vn 0.527370214 0.000102963117 -0.849635601
vn 0.968953311 0.00244267262 -0.247231752
vn 0.999816537 0.00288633374 0.0189340133
vn 0.99538368 -0.00129159435 -0.0959669501
vn 0.998550236 0.00291633443 0.0537487119
vn 0.958630562 -0.00427061459 0.284621179
vn 0.972314537 0.00615270156 0.233594805
vn 0.853277206 -0.00359781459 0.521445096
vn 0.907900274 0.00372948847 0.419169515
vn 0.835963607 0.00396413589 0.548770428
vn 0.680067122 -0.00617957162 0.733123899
vn 0.730474532 0.00915927161 0.682878613
vn 0.472690135 -0.00544860587 0.881211817
vn 0.584579229 0.00663089985 0.811309516
vn 0.448439091 0.00251974235 0.893809795
vn 0.25220564 -0.00319170323 0.967668355
vn 0.285492361 0.00251600333 0.958377659
vn 0.0853695571 -0.00225917436 0.996346831
vn 0.0969035327 -9.63941875e-06 0.995293677
vn -0.0505970828 -1.04258088e-05 0.998719156
vn -0.0514172092 -8.89442526e-06 0.998677313
vn -0.232021645 -8.99629958e-06 0.972710729
vn -0.233235732 -7.14440921e-06 0.972420216
vn -0.420720726 -3.25651017e-05 0.907190144
vn -0.42102778 -1.51940158e-05 0.907047749
vn -0.554196358 -3.46875131e-05 0.832385898
vn -0.547070622 0.00144390075 0.837085307
vn -0.704984903 -0.00247943285 0.709218144
vn -0.682727933 0.00347394939 0.730664432
vn -0.830029011 -0.00244335178 0.55771488
vn -0.812533617 0.00253666053 0.582908809
vn -0.901215076 -0.000559802924 0.433371842
vn -0.893648505 0.00149186014 0.448765039
vn -0.969437778 -0.00251837261 0.245324135
vn -0.959325433 0.00525347702 0.282253563
vn -0.999887526 -0.00147067383 -0.0149251418
vn -0.959830344 0.00220563821 -0.280572265
vn -0.850599945 0.00205492671 -0.525809467
vn -0.906161785 -0.00239851046 -0.422924399
vn -0.835935891 0.00403991388 -0.548812211
vn -0.683170974 0.00273979851 -0.730253339
vn -0.994994223 0.00451420341 0.099829942
vn -0.9985466 0.00298319175 -0.0538108312
vn -0.973288119 0.000872322242 -0.229585484
vn -0.734430432 0.00190677412 -0.678681374
vn -0.579823673 -0.00221835147 -0.814738929
vn -0.465746313 0.00193107349 -0.884916306
vn -0.448419988 0.00254614465 -0.893819392
vn -0.250109911 -0.00326790661 -0.968211949
vn -0.2855106 0.00254585082 -0.958372176
vn -0.0839292407 -0.00223581772 -0.9964692
vn -0.0969112441 -9.47640729e-06 -0.995293021
vn 0.0520766452 -1.04104502e-05 -0.9986431
vn 0.0514108986 -8.91763739e-06 -0.998677611
vn 0.234515265 -8.80453899e-06 -0.972112477
vn 0.233235061 -7.21409015e-06 -0.972420335
vn 0.422383398 -3.29822942e-05 -0.906417251
vn 0.421033382 -1.51196591e-05 -0.907045126
vn 0.555402756 -3.38629325e-05 -0.831581473
vn 0.547066033 0.0014272409 -0.837088168
vn 0.706715822 -0.00249957875 -0.707493126
vn 0.682715297 0.00342943263 -0.730676413
vn 0.830767691 -0.00239096861 -0.556614101
vn 0.812550902 0.00248925504 -0.582884908
vn 0.901646197 -0.000542744703 -0.432474107
vn 0.893638074 0.00146229786 -0.44878602
vn 0.95825994 8.68732095e-05 -0.285898179
vn -0.605781913 -0.0162611883 -0.795464516
vn -0.60580343 -0.0207668748 -0.79534322
vn -0.602943242 -0.0386437327 -0.796847582
vn -0.604737401 -0.0356094427 -0.795628369
vn -0.605995953 -0.0271925163 -0.795002818
vn -0.60454452 -0.0626437366 -0.794104397
vn -0.605487645 -0.0359464847 -0.795042515
vn -0.602877438 -0.0651707798 -0.795167685
vn -0.605539978 -0.0337438956 -0.795099139
vn -0.602978587 -0.0637913793 -0.795202851
vn -0.597900808 -0.0523346402 -0.799859822
vn -0.599997759 -0.0562293902 -0.798023164
vn -0.59983182 -0.055658143 -0.798187971
vn -0.602194846 -0.0528088175 -0.79660064
vn -0.606500864 -0.050722044 -0.793463349
vn -0.599170744 -0.0617267378 -0.798238218
vn -0.59401983 -0.0588410161 -0.802295566
vn -0.594612598 -0.0614826009 -0.801658094
vn -0.673200667 0.00168174272 0.739458025
vn -0.563227534 -0.256184369 0.785585284
vn -0.642283857 0.0421153866 0.765308976
vn -0.637402654 0.00280075823 0.770525753
vn -0.735902011 0.0668139905 0.673783362
vn -0.678649545 -0.0619970597 0.731840909
vn -0.452894151 -0.494452417 0.74189198
vn -0.212581873 -0.846936584 0.487347275
vn -0.255879343 -0.879374862 0.401528895
vn -0.704750478 -0.131668895 0.697129905
vn -0.633805692 -0.389757782 0.668116152
vn -0.526666462 -0.490772337 0.69409287
vn -0.458880365 -0.705389261 0.540235817
vn -0.52997911 -0.275266141 0.802091479
vn -0.428339601 -0.506907761 0.748044014
vn -0.311103284 -0.73792237 0.598903418
vn -0.31511575 -0.707876384 0.632149577
vn -0.380438417 -0.738243341 0.557012916
vn -0.257211775 -0.909529984 0.326492786
vn -0.0858380273 -0.993079841 0.0801521018
vn -0.0071888552 -0.999956369 0.00597560592
vn 0.160948336 0.701253235 -0.694506645
vn 0.155316383 -0.699856937 -0.697192252
vn 0.0692106709 0.684139788 -0.726059556
vn 0.00642789993 -0.674095392 -0.738616347
vn -0.346906364 0.684506416 0.641176045
vn -0.410212427 -0.67431885 0.614019334
vn -0.619552255 -0.668612301 0.411232859
vn -0.557849586 0.685451984 0.467930913
vn -0.487107575 0.67690742 0.551835716
vn -0.712003946 0.695450902 0.0969454721
vn -0.735167086 -0.669785023 0.104486912
vn -0.700602412 0.686814129 0.193500817
vn -0.66647464 0.683813214 0.297003239
vn -0.607490659 0.695534348 0.383649468
vn -0.729421675 0.684037507 -0.00604677713
vn -0.710007489 -0.669236898 -0.219115153
vn -0.719450712 0.684914351 -0.115251549
vn -0.535822511 0.695790231 -0.47829926
vn -0.548869312 -0.668522716 -0.501816392
vn -0.608651102 0.683243036 -0.403389066
vn -0.659995317 0.684448004 -0.309736997
vn -0.686596334 0.695642054 -0.211347267
vn -0.472894073 0.685109198 -0.554072857
vn -0.282589257 -0.667609751 -0.688796461
vn -0.392626196 0.680513918 -0.618664205
vn -0.0966446549 0.676738441 -0.729852617
vn -0.199803516 0.685578525 -0.70004338
vn -0.288367242 0.695332348 -0.65829879
vn -1.58823264e-06 1 -4.54699693e-06
vn 3.90091554e-06 0.99999994 -3.33481626e-06
vn -0.0697411373 0.997522473 0.00922669563
vn -0.0560288504 0.998026729 0.0283441693
vn -0.0521995053 0.997874737 0.039002005
vn -0.0393047929 0.99687469 -0.0685265586
vn -0.0409312844 0.997653484 -0.0548840687
vn -0.0464736 0.998281598 -0.0356944352
vn -0.0430852659 0.998729348 -0.026141027
vn -0.03629959 0.999276042 -0.0113930171
vn -0.0715919212 0.997302711 -0.0161852613
vn -0.0479296669 0.997781634 0.0462024547
vn -0.045156993 0.9980461 -0.0431834422
vn 0.168197662 0.70903486 -0.684820473
vn 0.115768477 0.684720993 -0.719551742
vn 0.0568670481 -0.998215735 0.0182070639
vn -0.00229653809 -0.999997377 0.000149639149
vn 0.102120727 -0.994165659 -0.0347262286
vn 0.0656360239 -0.996621192 -0.0493762195
vn 0.0746303871 -0.996671736 -0.0328008011
vn 0.0807591453 -0.996621311 -0.0149665996
vn 0.00424982281 -0.999986172 0.00309858052
vn 0.244380325 -0.720003664 -0.649517477
vn 0.0121043585 -0.999899447 0.00738520129
vn 0.0863972679 -0.996255577 -0.00320052146
vn -0.00229231198 -0.999996126 0.00157514447
vn -0.00142918958 -0.999998093 -0.00130925479
vn -0.867190778 -0.311023235 -0.388902038
vn -0.760985792 -0.153645203 -0.630312443
vn -0.880521834 -0.222574547 -0.41849944
vn -0.166542038 0.196268901 -0.966303408
vn -0.381335676 -0.48279348 -0.788348734
vn -0.392169505 -0.293702751 -0.871746421
vn -0.406937212 -0.497661918 -0.765986085
vn -0.423376769 -0.236725837 -0.874478698
vn -0.351115763 -0.0734972954 -0.93344301
vn -0.183481768 0.455792159 -0.870969534
vn -0.193152308 0.36122933 -0.912252963
vn -0.277038783 0.203961194 -0.938961864
vn -0.304924965 0.117785886 -0.945064664
vn -0.323427886 0.0765684322 -0.943149865
vn -0.0834029242 0.673370957 -0.734585285
vn -0.071388647 0.574860692 -0.815131128
vn -0.111416332 0.413229585 -0.903785169
vn -0.137953907 0.285623014 -0.948360801
vn -0.194648609 0.134466514 -0.971612394
vn -0.225799844 0.0867376998 -0.970304608
vn -0.243853047 0.0506527536 -0.968488455
vn -0.796835542 -0.072273694 -0.599857926
vn -0.918925464 -0.174011454 -0.353972048
vn -0.91761291 -0.0992946103 -0.384872854
vn -0.93092978 -0.0617496073 -0.359939843
vn -0.841200054 -0.325799733 -0.431551903
vn -0.699145019 -0.240731612 -0.673234344
vn -0.797146916 -0.359303147 -0.485240251
vn -0.621199191 -0.286433458 -0.729429543
vn -0.763228834 -0.425397933 -0.486331373
vn -0.783907354 -0.408397406 -0.467654288
vn -0.54808706 -0.29563719 -0.782431543
vn -0.682331264 -0.478263438 -0.552890718
vn -0.713492215 -0.432277054 -0.551421404
vn -0.536966383 -0.504220843 -0.676334679
vn -0.600863695 -0.518795431 -0.608123481
vn -0.629448116 -0.476800531 -0.613560438
vn -0.475894779 -0.496141076 -0.726201236
vn -0.488699079 -0.256605357 -0.833862662
vn -0.364062339 0.000182801843 -0.93137455
vn -0.414624184 -0.0425186269 -0.908998966
vn -0.470173687 -0.0526520684 -0.881002009
vn -0.517576993 -0.0373727083 -0.854820073
vn -0.54767108 -0.0134092048 -0.836586237
vn -0.190147474 0.96437645 0.183906868
vn -0.332493514 0.919000387 0.21186392
vn -0.188200355 0.974514902 0.122071333
vn -0.300450563 0.267528743 -0.915509701
vn -0.29305461 0.537369549 -0.790792644
vn -0.25014618 0.534527302 -0.807283878
vn -0.385301441 0.0934373066 -0.918048084
vn -0.413127691 0.393874943 -0.821089506
vn -0.38624233 0.197617397 -0.900979638
vn -0.478323072 0.159371465 -0.863601625
vn -0.467734545 0.52557832 -0.710627675
vn -0.502884567 0.40760532 -0.762210548
vn -0.583009422 0.553775191 -0.594502389
vn -0.592973053 0.634627223 -0.495611846
vn -0.543549359 0.657911777 -0.521254539
vn -0.592064679 0.694074392 -0.409536481
vn -0.462055683 0.87097162 0.167071819
vn -0.51691103 0.856009722 0.00708711846
vn -0.510255098 0.855572164 -0.0873850733
vn -0.433344752 0.877057016 -0.207324103
vn -0.359015077 0.882156372 -0.304808587
vn -0.145679802 0.826763272 -0.543359756
vn -0.161058098 0.861232936 -0.482014656
vn -0.22327666 0.866973996 -0.445537359
vn -0.301565707 0.881184995 -0.364103079
vn -0.0843810514 0.763781428 -0.639935613
vn -0.179437473 0.555698156 -0.811789334
vn -0.100975446 0.822781742 -0.559315741
vn -0.347527385 -0.0839322507 -0.9339059
vn -0.322145969 -0.199540272 -0.925421834
vn -0.357638597 0.0962302759 -0.928888738
vn -0.324590504 -0.277602613 -0.904200077
vn -0.332176208 -0.0331041515 -0.942636192
vn -0.328271717 -0.335020423 -0.883175492
vn -0.350014508 -0.141407624 -0.926009536
vn -0.30502069 0.110723026 -0.945887268
vn -0.292321414 0.195174679 -0.936191678
vn -0.243555352 0.42296198 -0.872802317
vn -0.3260037 -0.0881343111 -0.941251278
vn -0.350703001 -0.384328514 -0.853989959
vn -0.371483773 -0.490695924 -0.788173378
vn -0.549470007 0.520581543 -0.653511763
vn -0.523650169 0.406169802 -0.74887681
vn -0.491893291 0.624143302 -0.60703069
vn -0.417749643 0.613601148 -0.670058966
vn -0.347411186 0.575688899 -0.740194321
vn -0.250043899 0.343925327 -0.905093014
vn -0.181384832 0.628452718 -0.756403804
vn -0.608446717 0.764030099 -0.2145942
vn 0.42021367 -0.315697372 0.850738287
vn 0.38497898 -0.533654451 0.752996683
vn 0.333000332 -0.647497177 0.685462058
vn 0.274345607 -0.773318529 0.571588039
vn 0.221155837 -0.886330366 0.406827331
vn 0.131944329 -0.968488872 0.211234614
vn 0.0222831797 -0.999647439 0.0144391824
vn 0.0538385771 -0.995889843 0.072835125
vn 0.0170215685 -0.99984467 0.00458499556
vn 0.0167767778 -0.999849021 0.00452360557
vn 0.0171684977 -0.999841154 0.00477679586
vn 0.0171335693 -0.999841988 0.00473842258
vn 0.0170549545 -0.999843717 0.004666958
vn 0.0800003782 -0.681075633 0.727829635
vn 0.0167130791 -0.999848187 0.00491785863
vn 0.31216535 -0.667916358 0.675603867
vn 0.0169271212 -0.999845982 0.0046326099
vn 0.0168807786 -0.999847472 0.0044835764
vn 0.0169396345 -0.999848425 0.00404259888
vn -0.462169409 -0.720564604 0.516900659
vn 0.0169431455 -0.999848247 0.00404898077
vn 0.0169022307 -0.99984777 0.00433587283
vn -0.368270755 -0.925786495 -0.0854167789
vn 0.0167781562 -0.999848783 0.00459002797
vn 0.00839925185 -0.996344149 0.0850168243
vn 0.00128754927 -0.996879399 0.0789289027
vn 0.000149223182 -0.996913493 0.0785076693
vn 0.0166553296 -0.999850273 0.00469454378
vn 0.00229897257 -0.996699274 0.0811490417
vn 0.00809634011 -0.996133268 0.0874812305
vn 0.0166855194 -0.999852121 0.00416105008
vn 0.0168598816 -0.999847651 0.00452944217
vn 0.0169875603 -0.999845445 0.00452389242
vn 0.0168324988 -0.999848604 0.0044246437
vn 0.0169308465 -0.999846876 0.00442690495
vn 0.425122112 -0.738096416 0.523913026
vn 0.0174861904 -0.999836266 0.00467669219
vn 0.0172165334 -0.999838948 0.00505984249
vn -0.17823717 -0.706383646 0.685020864
vn 0.0170143265 -0.999845088 0.00450241426
vn 0.0167692155 -0.999846458 0.00508607691
vn 0.0163919404 -0.999858141 0.00386267016
vn 0.0164880808 -0.999856949 0.00375532662
vn 0.0168577582 -0.99985081 0.00376161514
vn 0.09683346 -0.993877232 -0.0532102361
vn 0.0171716772 -0.999844193 0.00409492152
vn 0.106984481 -0.993196487 -0.0459892228
vn 0.0172357503 -0.999840558 0.00467381626
vn 0.075752452 -0.996758699 -0.027087193
vn 0.0170745254 -0.999840856 0.00517363381
vn 0.345173717 -0.894877791 0.282929182
vn 0.0168939307 -0.999843657 0.00520669762
vn 0.398897856 -0.86499387 0.304411143
vn 0.0170779191 -0.999844313 0.00444839662
vn 0.46467033 -0.767969549 0.440799415
vn 0.0176069364 -0.999837458 0.00387884001
vn 0.0178411752 -0.999833107 0.00393926492
vn 0.0168826319 -0.99984777 0.00440153945
vn -0.0653613061 -0.701531529 0.709634721
vn 0.0184599739 -0.727008104 0.686380684
vn 0.0161114074 -0.999860644 0.00435775938
vn 0.0166293345 -0.999852002 0.00441130949
vn 0.016881207 -0.999847889 0.00440022396
vn 0.0168806631 -0.999847829 0.00440121209
vn 0.0168804284 -0.999847829 0.00440134294
vn 0.151275113 -0.719720602 0.677582562
vn 0.0168835036 -0.99984777 0.00440275995
vn 0.288392812 -0.710796356 0.641559005
vn 0.314169049 -0.693159342 0.648712575
vn 0.0168809462 -0.999847829 0.00440074783
vn 0.0168812871 -0.999847651 0.00441602292
vn 0.256392151 -0.685600579 0.681333125
vn 0.0169301704 -0.999846935 0.00442354241
vn 0.176823333 -0.690384924 0.701499939
vn 0.0169335417 -0.999846697 0.00445489865
vn 0.0976878554 -0.687827229 0.719270945
vn 0.0168628357 -0.999847829 0.00447497237
vn 0.0156190759 -0.693048239 0.72072202
vn 0.0167326648 -0.999850094 0.00443809666
vn -0.0642045438 -0.691009879 0.719988286
vn 0.0166350305 -0.999852419 0.00426869281
vn -0.142178133 -0.694004178 0.705792964
vn 0.0165657271 -0.999854267 0.00411288906
vn 0.017131649 -0.999844313 0.00423049321
vn 0.016881343 -0.999847829 0.00440104492
vn 0.0168814603 -0.99984777 0.00440085214
vn 0.016880298 -0.999847829 0.00439993432
vn 0.484600604 -0.691505015 -0.535707951
vn 0.582106948 -0.447650939 -0.678793073
vn 0.624808252 -0.275804162 -0.730442882
vn 0.276625365 -0.921265841 -0.273400426
vn 0.991197824 -0.123796254 -0.0469180867
vn 0.771394491 -0.0743088797 -0.632003725
vn 0.853548825 -0.0849697962 -0.51403743
vn 0.912870169 -0.0960649103 -0.3967866
vn 0.953607976 -0.284148842 -0.0994547606
vn 0.970279336 -0.235042438 -0.0575579181
vn 0.982187808 -0.171674177 0.0763873607
vn 0.994840324 -0.0891818106 0.0483667068
vn 0.995879173 -0.0894249752 0.0150930285
vn -0.617488146 0.782382786 -0.0811518431
vn -0.617488086 0.782382786 -0.0811518431
vn -0.617488086 0.782382667 -0.0811518356
vn 0.652181864 -0.743406832 0.14834094
vn 0.655845284 -0.741302669 0.142608553
vn 0.670769155 -0.733424246 0.110261492
vn 0.877087355 0.0967470482 -0.470486611
vn 0.814376533 0.00483287964 -0.580316544
vn 0.802289426 0.00158513733 -0.596933126
vn 0.805124402 0.166738674 -0.569186091
vn 0.718694627 0.413603067 -0.558936954
vn 0.772390008 0.266270876 -0.576639831
vn 0.767608523 0.28115055 -0.575961471
vn 0.763087332 0.0954984426 -0.639200926
vn 0.654604554 0.497630686 -0.569083869
vn 0.67915678 0.491721362 -0.544936717
vn 0.660402954 0.517538726 -0.544078588
vn 0.680876374 0.499172211 -0.535942614
vn 0.743350446 0.373016536 -0.555237651
vn 0.374853641 -0.000486144592 -0.92708385
vn 0.374808937 0.00689327205 -0.927076459
vn 0.374817222 9.94579409e-07 -0.927098751
vn 0.374797583 0.00811291393 -0.927071154
vn 0.374810249 0 -0.927101552
vn 0.374834418 -8.93789547e-05 -0.927091777
vn 0.374836087 -1.79881431e-06 -0.927091062
vn 0.86047101 0.43536678 0.264660925
vn 0.950639307 0.115463331 0.288015842
vn 0.614024818 0.768457234 0.180130675
vn 0.293831378 0.953336954 0.0693669468
vn 0.321659118 0.936241984 -0.141372755
vn 0.346648127 0.935781002 -0.064413555
vn 0.281850249 0.935785174 -0.211817399
vn 0.74315089 0.369125485 -0.55809778
vn 0.517375112 0.715763032 -0.469048321
vn 0.65767318 0.372545153 -0.654733658
vn 0.788332283 0.0931089669 -0.608163595
vn 0.686474144 0.190805405 -0.701674104
vn 0.850637376 0.369649827 -0.373864979
vn 0.884960055 0.226213917 -0.407029331
vn 0.913673759 0.369143158 -0.170098558
vn 0.969047189 0.187166721 -0.160984471
vn 0.359181404 0.933240235 -0.00716981012
vn 0.70393616 0.710086346 -0.0158540606
vn 0.295713335 0.932514906 -0.207290992
vn 0.559299707 0.714636087 -0.420094222
vn 0.639642715 0.715417683 -0.281131476
vn 0.687689006 0.71463728 -0.12797451
vn 0.930648744 0.36514473 -0.023710452
vn 0.995691299 0.0890092701 -0.0260040183
vn 0.771815896 0.297943145 -0.561720669
vn 0.814944327 0.0784146786 -0.574209869
vn 0.650109828 0.471399546 -0.595935941
vn 0.539329886 0.578959823 -0.611497223
vn 0.410146207 0.660567582 -0.628832817
vn 0.28326872 0.704224408 -0.651019812
vn 0.858562648 0.204528317 -0.470147192
vn 0.520071089 9.99128952e-06 -0.854122996
vn 0.768018365 0.240058109 -0.593733847
vn 0.881863296 0.065251939 -0.46696806
vn 0.998886526 0 0.0471760705
vn 0.948407412 0 -0.317054272
vn 0.948407412 0 -0.317054242
vn 0.821194887 0 -0.570647717
vn 0.821195006 0 -0.570647776
vn 0.52091521 0 -0.853608489
vn 0.0243246928 0 -0.999704063
vn 0.0243247021 0 -0.999704063
vn -0.235246375 0 -0.971935809
vn -0.689701676 0 -0.724093735
vn -0.853607833 0 -0.520916104
vn -0.689701617 0 -0.724093676
vn -0.853607833 0 -0.520916164
vn -0.998886526 0 -0.0471778065
vn -0.998886526 0 -0.0471778326
vn -0.948398888 0 0.31708011
vn -0.948398769 0 0.317080081
vn -0.82118398 0 0.570663571
vn 0.998886526 0 0.047176078
vn 0.959346414 0 0.282231241
vn 0.959346414 0 0.282231271
vn 0.689697444 0 0.724097669
vn 0.478787631 0 0.87793076
vn 0.689697385 0 0.72409761
vn 0.47878769 0 0.877930701
vn 0.235249639 0 0.971934974
vn 0.235249609 0 0.971934974
vn -0.282235324 0 0.959345222
vn -0.282235295 0 0.959345281
vn -0.724100709 0 0.689694226
vn -0.724100769 0 0.689694226
vn -0.821184039 0 0.570663512
vn -0.406944394 -0.400614768 -0.820916653
vn -0.303363651 -0.950845122 0.0621605776
vn -0.474192381 -0.877266049 -0.0744715855
vn -0.32210663 -0.945138454 -0.0544118695
vn -0.523955941 -0.799562991 -0.293546021
vn -0.517858088 -0.713245153 -0.472339362
vn -0.499713928 -0.632578075 -0.591718614
vn -0.348990709 -0.838573515 -0.418329984
vn -0.364572942 -0.872761846 -0.324612647
vn -0.360107213 -0.910367727 -0.203846648
vn -0.0504925177 -0.978924811 -0.197880432
vn -0.145603955 -0.910770357 -0.386389464
vn -0.175121382 -0.946976364 -0.269385278
vn -0.18078202 -0.960400164 -0.212012753
vn -0.329191297 -0.784388304 -0.525707245
vn -0.187225789 -0.967588127 -0.169468939
vn -0.17842415 -0.979359269 -0.0949749425
vn -0.164848909 -0.986112058 -0.0201983042
vn -0.133988991 -0.990630925 0.0264059044
vn -0.453821331 -0.51612711 -0.726401329
vn -0.35863629 -0.580079556 -0.731360197
vn -0.27538085 -0.738108337 -0.615923405
vn -0.21301949 -0.838052511 -0.50228548
vn -0.342612624 0.211581692 -0.915341437
vn -0.376031518 0.811765015 -0.446808398
vn -0.310698718 0.152641475 -0.938172102
vn -0.319893599 0.187908158 -0.928632677
vn -0.318538517 0.169464618 -0.932638764
vn -0.314388335 0.260466844 -0.912861943
vn -0.305149943 0.049740091 -0.951004446
vn -0.816442132 0.00411129789 0.577412605
vn -0.813976288 0.126164973 0.567031801
vn -0.802381277 0.211022735 0.558259606
vn -0.795808971 0.25308755 0.550122499
vn -0.785199463 0.301797479 0.540721774
vn -0.755357683 0.414896011 0.507243693
vn -0.816205502 0.414656579 -0.402328759
vn -0.713652134 0.504301727 -0.486189663
vn -0.765837431 0.459350049 -0.449989408
vn -0.672995746 0.559856415 -0.483360678
vn -0.637761176 0.550391614 -0.538822532
vn -0.565829813 0.579908133 -0.586125612
vn -0.534427881 0.732112408 -0.422372222
vn -0.449731022 0.786572158 -0.423138589
vn -0.214531347 -0.23657991 0.947631836
vn -0.185147047 -0.373701483 0.908882618
vn -0.197722331 -0.367470622 0.908774614
vn -0.194501966 -0.370446712 0.908261061
vn -0.230336428 -0.0759573579 0.970142066
vn -0.228538007 0.0220596194 0.973285019
vn -0.229644403 0.00239344779 0.973271668
vn -0.223440483 -0.157511443 0.961906672
vn -0.139865264 -0.358454764 0.92301029
vn -0.167518735 -0.229245573 0.958845079
vn -0.174287021 -0.155681789 0.972310185
vn -0.177920491 -0.0780766383 0.980942547
vn -0.17998907 0.0169436131 0.983522654
vn -0.174135461 0.145048529 0.973980367
vn -0.197100237 0.368149906 0.908634722
vn -0.164284199 0.257473081 0.952217579
vn -0.14521949 0.375193119 0.9155007
vn -0.197963178 0.367958307 0.908524692
vn -0.209791601 0.23523286 0.949027419
vn -0.220384523 0.155548215 0.962930679
vn -0.228438273 0.0775477812 0.970465004
vn -0.0509116277 0.950903416 0.305271536
vn -0.117629364 0.803379953 0.583732843
vn -0.168321043 0.578966975 0.797787726
vn -0.17012617 0.59545517 0.785168946
vn -0.125179216 0.582047403 0.803461969
vn -0.0853605494 0.805224776 0.586793542
vn -0.114424691 0.813058972 0.570825815
vn -0.0359844118 0.950045824 0.310029089
vn -0.0506699681 0.953031063 0.298603803
vn -0.268889874 0.950589538 0.155169934
vn -0.473424256 0.868891835 0.144555688
vn -0.756660342 0.612665117 -0.228269041
vn -0.414491296 0.90913707 0.0408269912
vn -0.702808022 0.672201037 -0.232823297
vn -0.622307599 0.73879236 -0.258687258
vn -0.378541559 0.924222529 -0.0501909517
vn -0.592987418 0.7767905 -0.212043226
vn -0.645173073 0.519476771 0.560263634
vn -0.59595865 0.565820634 0.569807053
vn -0.541356981 0.598665237 0.590366423
vn -0.483210593 0.653649211 0.58245194
vn -0.801210225 0.549494982 -0.236891583
vn -0.554336846 0.61980325 0.555476904
vn 0.0634540543 0.190657809 0.979603529
vn -0.571839392 0.713859737 0.404232442
vn -0.531333804 0.791484296 0.302054644
vn -0.495325565 0.834766924 0.24045144
vn -0.619904757 0.777383447 -0.106737569
vn -0.551946878 0.832776725 -0.0428695157
vn -0.686581254 0.706788719 -0.17045784
vn -0.715748489 0.659102082 -0.230842993
vn -0.317147374 0.942912102 0.101658195
vn -0.493843973 0.869521976 0.00703863706
vn -0.435749292 0.899434805 0.0337595306
vn -0.366529495 0.9279356 0.0677626655
vn -0.0907889232 0.308522165 0.946874619
vn -0.0647003576 0.532444537 0.843988597
vn -0.0452843048 0.778573692 0.625917256
vn -0.015725119 0.942472219 0.333914518
vn 0.309856266 0.925235569 0.21892485
vn 0.356517285 0.910254657 0.210551396
vn 0.365040153 0.929210126 -0.0575683787
vn 0.418201536 0.877182186 0.235921487
vn 0.53046447 0.843694746 -0.0823807567
vn 0.46775341 0.855019331 0.223939374
vn 0.73417896 0.67038548 -0.107539013
vn 0.4918814 0.84269917 0.218885168
vn 0.816866338 0.563412786 -0.123674966
vn 0.529516459 0.82676506 0.189925998
vn -0.127911925 0.08217711 0.988375127
vn -0.0129394373 0.0938493833 0.995502293
vn 0.200603455 0.0938719213 0.975164771
vn 0.534157157 0.145738587 0.832728267
vn 0.343117893 0.0829644352 0.935621142
vn 0.400046617 0.0726702586 0.913609147
vn 0.359281003 0.0696981922 0.930623055
vn 0.300978929 0.0817063451 0.950124025
vn 0.175717637 0.0588581413 0.982679486
vn 0.0916051939 0.0947733819 0.991275251
vn 0.254054666 0.102905236 0.961699963
vn -0.011226574 0.0473739803 0.998814166
vn -0.0839724615 0.0829486698 0.993009627
vn -0.127254471 0.0808269009 0.988571465
vn -0.221709609 0.0822845846 0.971634805
vn -0.109895304 0.0866212547 0.990161479
vn 0.00664208829 0.0673695281 0.997705996
vn 0.12262664 0.0779114068 0.989389896
vn 0.21436201 0.0440764725 0.975759268
vn 0.33226651 0.0796318576 0.939817905
vn -0.274231434 0.0876981169 0.957656682
vn -0.271113694 0.0854753703 0.958744705
vn 0.344633818 0.927554786 -0.144463927
vn 0.650446773 0.698562503 -0.298210472
vn 0.846359193 0.364552677 -0.388300747
vn 0.907714128 0.394893825 -0.141823322
vn 0.729520142 0.370629311 -0.574834049
vn 0.307003379 0.924780548 -0.224788472
vn 0.564854324 0.69909209 -0.438417345
vn 0.798064709 0.369875252 -0.475694209
vn 0.617323637 0.698495746 -0.361960053
vn 0.338683039 0.921586692 -0.189662561
vn 0.957205415 -0.0174478386 0.288882732
vn 0.957370341 -0.0143007804 0.288509011
vn 0.957219541 -0.017186977 0.288851887
vn 0.95737797 -0.0141513469 0.288491219
vn 0.549224794 0.816086709 0.179873928
vn 0.587115288 0.62920785 0.50930655
vn 0.288175762 0.863080561 0.414785236
vn 0.201572627 0.894741476 0.398505062
vn 0.546970606 0.46728763 0.694597363
vn 0.489870757 0.368864745 0.789914787
vn 0.356579542 0.376405567 0.855084717
vn 0.229972482 0.359518021 0.904355884
vn 0.0946741924 0.347286463 0.932967842
vn -0.0435714833 0.340426624 0.93926096
vn 0.174239933 0.891162694 0.418890744
vn 0.135733753 0.885498703 0.444374174
vn 0.0922423229 0.879723132 0.466453224
vn 0.0455356389 0.874846399 0.482255489
vn -0.00168436568 0.871806681 0.489847213
vn -0.0492510833 0.871038675 0.488739163
vn -0.127858728 0.335058153 0.933481693
vn -0.102769263 0.644563496 0.757612348
vn -0.0712314025 0.866761804 0.493609101
vn -0.0472441353 0.644667089 0.763002217
vn 0.054810226 0.645301223 0.761959374
vn 0.15651834 0.648836136 0.744656563
vn 0.255320638 0.654477775 0.71166712
vn 0.348090678 0.661859214 0.663909078
vn 0.431423783 0.669341803 0.604859471
vn 0.500994802 0.676068604 0.540310562
vn 0.566462576 0.654628634 0.500581205
vn -0.106257029 0.3723571 0.921986699
vn 0.101295918 0.647717714 0.755116463
vn 0.0449511409 0.870899141 0.489401788
vn -0.0283940714 0.647665977 0.761395216
vn -0.0271986164 0.865791738 0.499664694
vn 0.214712664 0.648013294 0.730737448
vn 0.113320448 0.875943422 0.468915492
vn 0.273003906 0.654632032 0.70492959
vn 0.364503413 0.33504495 0.868839562
vn 0.297511697 0.343996584 0.890591502
vn 0.0413153805 0.348308325 0.936469018
vn -0.0217796918 0.332002848 0.9430269
vn 0.149986848 0.336288333 0.929738641
vn 0.143920004 0.884633422 0.443520784
vn -0.897445202 0.386508197 -0.212611094
vn -0.712328553 0.701108575 -0.0321697295
vn -0.409309924 0.898504138 0.158605278
vn 0.0775397941 -0.577975214 -0.812362134
vn 0.0408816449 -0.444023609 -0.895081997
vn -0.0052155219 -0.316466779 -0.948589206
vn -0.0727637783 -0.185791165 -0.97989136
vn -0.169552729 0.0516425297 -0.984167159
vn -0.222625166 0.0663294494 -0.972645104
vn 0.957354665 -0.0498716272 0.284578472
vn 0.958547652 2.22735821e-06 0.284932375
vn 0.958547473 6.74746843e-06 0.28493309
vn 0.958546937 -3.44357704e-06 0.2849347
vn 0.958548367 0 0.284929514
vn -0.26537478 0.35499227 0.896413267
vn -0.205435306 0.66008848 0.72255075
vn -0.256703973 0.343920678 0.903228521
vn -0.23415336 0.62755096 0.742530882
vn -0.139482066 0.867047727 0.478302211
vn -0.0346735902 0.971052229 0.236337483
vn -0.0926835611 0.867143691 0.489358217
vn -0.0250382628 0.981754005 0.188499779
vn -0.0261237044 0.98522073 0.169285625
vn -0.203854352 0.333574831 0.920418978
vn -0.15696606 0.641655385 0.750759602
vn -0.00777233345 0.961547852 0.274527401
vn 0.0129984757 0.976784587 0.213829026
vn -0.00819969084 0.991268456 0.131604403
vn 0.0302561596 0.972461462 0.231091648
vn -0.585641682 -0.495485634 0.64149648
vn -0.812490702 -0.469604582 -0.345442206
vn -0.731789291 -0.488743573 0.474988431
vn -0.359539688 -0.809410393 -0.464312345
vn -0.279579401 -0.950904965 0.132721841
vn -0.331609368 -0.938271642 0.0983950272
vn -0.382489115 -0.922197163 0.0570485443
vn -0.425278097 -0.755428851 -0.498463303
vn -0.445396602 -0.895256042 0.0117661189
vn -0.456497788 -0.785242498 -0.418334872
vn -0.491471797 -0.869207501 -0.0541645437
vn -0.690055609 -0.704519331 -0.165758133
vn -0.745301604 -0.621744573 -0.240747288
vn -0.275663704 -0.961156309 -0.0137111275
vn -0.651629269 -0.514336407 0.5575279
vn -0.485318035 -0.658696353 0.574965775
vn -0.519811928 -0.750039399 -0.40894559
vn -0.547972739 -0.595676661 0.58727777
vn -0.614571273 -0.673970878 -0.409957826
vn -0.601461947 -0.561233461 0.568560064
vn -0.387209088 -0.921693623 -0.0234516468
vn -0.671128988 -0.625307381 -0.398216724
vn -0.422956288 -0.904617906 0.0526723303
vn -0.723180771 -0.578624308 -0.377098918
vn -0.465653896 -0.878045678 0.110463582
vn -0.506975055 -0.838905752 0.198023871
vn -0.75274694 -0.546581447 -0.36690712
vn -0.563114345 -0.758232713 0.328611404
vn -0.789929032 -0.499675065 -0.355438888
vn -0.600304067 -0.709168851 0.369749159
vn -0.641471684 -0.597427964 0.481241912
vn -0.379295081 -0.915280759 0.135633484
vn -0.893767774 -0.407529771 -0.187345952
vn -0.720650434 -0.693011463 -0.0199482441
vn -0.314210057 -0.155838698 -0.936475456
vn -0.311573803 -0.179189473 -0.933173537
vn -0.316586107 -0.182184264 -0.930903912
vn -0.304596245 -0.102467321 -0.946953893
vn -0.33190769 -0.24830474 -0.910045147
vn -0.311497897 -0.286079645 -0.906160891
vn -0.223395959 -0.0654638112 -0.972526968
vn -0.178639472 -0.0349310227 -0.983294368
vn -0.053158354 0.149612814 -0.987314701
vn -0.000410973298 0.261613846 -0.965172589
vn 0.0108908536 0.423892379 -0.905647099
vn 0.0794677809 0.582083225 -0.809236765
vn 0.716143072 -0.377726495 -0.586908638
vn 0.775760889 -0.247339994 -0.580532491
vn 0.88158226 -0.0645174757 -0.467600554
vn 0.858045638 -0.20507443 -0.470852554
vn 0.520074666 -6.19879484e-06 -0.854120851
vn 0.768022597 -0.240052432 -0.593730807
vn 0.805582523 -0.11867097 -0.580477476
vn 0.80686909 -0.0308282077 -0.589925289
vn 0.623589337 -0.501211047 -0.599936545
vn 0.450912952 -0.656141937 -0.605107665
vn 0.924398124 -0.257794589 0.281122535
vn 0.755756676 -0.610345602 0.237297475
vn 0.426040977 -0.894658148 0.134446889
vn 1.746405e-05 1 -3.15995312e-05
vn 1.3738676e-05 1 -3.25348992e-05
vn -1.10017754e-05 1 2.10359267e-05
vn 7.28449504e-06 0.99999994 -2.31228059e-05
vn 1.07528112e-05 1 -2.41936541e-05
vn -0.27661258 0.757804871 0.590946019
vn 9.32891999e-06 1 -2.91290253e-05
vn 4.71986777e-06 1 -2.10540911e-05
vn 4.63376136e-06 1 -1.46678049e-05
vn -1.17549746e-06 0.99999994 -2.17998077e-05
vn 3.41078021e-06 1 -1.97555564e-05
vn -9.34491709e-07 1 -1.31311854e-05
vn 6.14395003e-06 1 -1.55799644e-05
vn -0.234195173 0.697135508 0.677609444
vn 1.44207006e-05 1 -1.01741771e-05
vn 1.18493945e-05 1 -1.57386366e-05
vn 1.18543012e-05 1 -3.15184298e-05
vn 8.51409641e-06 1 -3.11763579e-05
vn -5.98350789e-06 1 -3.43784959e-05
vn 9.09117171e-06 0.99999994 -1.47171249e-05
vn 9.82236907e-06 1 -1.29674172e-05
vn 1.14251116e-05 1 -9.93197136e-06
vn 3.10672522e-06 0.99999994 -3.36271369e-05
vn -2.20797301e-06 0.99999994 -3.23886452e-05
vn -0.122560762 0.683776915 0.719324648
vn -4.81762527e-06 0.99999994 -2.58676118e-05
vn 7.43987948e-06 1 -1.10288211e-05
vn 1.4991806e-05 1 -1.36544832e-05
vn 1.81595715e-05 1 -1.6522743e-05
vn 2.17920679e-05 1 -2.06351342e-05
vn 2.32787588e-05 1 -2.68642088e-05
vn 1.23481504e-05 1 -2.23258012e-05
vn 1.2312229e-05 0.99999994 -1.98293128e-05
vn -1.27715339e-05 1 -2.04373282e-05
vn -2.3008372e-06 1 -2.15677028e-05
vn 8.28367774e-06 1 -2.28247591e-05
vn 5.40944802e-06 0.99999994 -2.14989177e-05
vn 1.24828703e-05 1 -1.29084929e-05
vn 1.12011003e-05 1 -1.62526158e-05
vn -0.329245508 0.134648427 0.934594691
vn -0.247291833 0.135822386 0.959374249
vn -0.0306042209 -0.967305422 0.251760781
vn -0.0599114969 -0.978945136 0.195133403
vn -0.0339719169 -0.965555131 0.257971495
vn 0.055879809 -0.987288415 0.148791775
vn 0.0576032996 -0.995377779 0.0768440515
vn 0.0227980595 -0.986673713 0.161106139
vn 0.0120997159 -0.995735347 0.0914576054
vn 0.0295768585 -0.972241223 0.232103989
vn 0.0400623865 -0.974471748 0.220906645
vn 0.0373895243 -0.978044689 0.205013737
vn -0.0402287655 -0.96144253 0.272047848
vn -0.033689633 -0.982308507 0.184214786
vn -0.0230918471 -0.967549264 0.251625389
vn -0.00979877636 -0.966088951 0.258023709
vn 0.00576062314 -0.968979537 0.247073814
vn -0.0394318625 -0.965229392 0.258413255
vn -0.0446030758 -0.9665097 0.252724111
vn -0.0476660617 -0.966124237 0.253637105
vn -0.0246788152 -0.968227804 0.248849019
vn 0.574620306 -0.799995184 0.172682419
vn -0.0253926236 -0.968916833 0.246080175
vn 0.447243333 -0.873872936 0.190576568
vn 0.454755545 -0.873898149 0.171753585
vn -0.0995616168 -0.962847352 0.251022637
vn -0.0347830653 -0.964343846 0.262356997
vn 0.457069516 -0.87319845 0.169150591
vn 0.467716783 -0.867473364 0.169501901
vn -0.0543774813 -0.976427495 0.208883256
vn 0.626357675 -0.760736406 0.170165196
vn -0.0526231751 -0.972004592 0.228993312
vn -0.0524911508 -0.974832475 0.216670871
vn -0.0157295093 -0.978550553 0.205405638
vn 0.00652745459 -0.979334474 0.202141836
vn 0.0156821348 -0.969444036 0.244810656
vn -0.298350155 -0.00084944925 0.954456091
vn -0.298350185 -0.000849449309 0.95445621
vn -0.298350185 -0.000849449309 0.954456151
vn 0.0490377992 -0.998363972 -0.0294073336
vn 0.0487226062 -0.998191476 -0.0352109559
vn 0.0452909805 -0.99788779 -0.046570085
vn 0.0402649418 -0.997609019 -0.0561689176
vn 0.0376698449 -0.996272922 -0.0775966346
vn 0.035601601 -0.993812025 -0.105214179
vn -0.0430335589 -0.982714653 0.180055618
vn 0.0169127434 -0.999838889 0.00601259759
vn -0.00459296489 -0.986836076 0.161658183
vn 0.018587783 -0.999821603 0.00337213371
vn -0.0215750523 -0.991223514 0.130423814
vn -0.164273694 -0.789874256 0.590857565
vn -0.0979706049 -0.932801723 0.34681794
vn -0.308814168 0.00334497751 0.951116562
vn -0.290284097 0.00414212281 0.956931472
vn -0.170367911 0.00157843647 0.985379279
vn -0.0074448646 4.28205094e-05 0.999972343
vn 0.828650236 -0.0626940727 -0.55624485
vn 0.788905799 -0.126568526 -0.601338565
vn 0.740039587 -0.38093394 -0.554284036
vn 0.772299588 -0.278804541 -0.570807636
vn 0.767925382 -0.250547528 -0.589505374
vn 0.823477268 -0.195720673 -0.532521069
vn 0.637734354 -0.535941422 -0.553228557
vn 0.681750536 -0.486547649 -0.546340227
vn 0.660971105 -0.516854942 -0.544038713
vn 0.690842509 -0.477677405 -0.542734742
vn 0.715220094 -0.418201983 -0.559970796
vn -0.186631307 0.956470072 -0.224352166
vn -0.185898229 0.96869719 -0.164522648
vn -0.343623757 0.837613463 -0.424648553
vn -0.366614491 0.871090949 -0.326794028
vn -0.178328499 0.979149699 -0.0972876102
vn -0.366396129 0.909536719 -0.196206003
vn -0.277826995 0.959284008 -0.0508551821
vn -0.236747444 0.969907284 0.0568384714
vn -0.433202237 0.537021935 -0.723839223
vn -0.409148633 0.908102512 0.0891477615
vn -0.470701098 0.879199445 -0.073816523
vn -0.515439093 0.809642971 -0.28071478
vn -0.523685873 0.712683856 -0.466727763
vn -0.488678306 0.635687172 -0.597574651
vn -0.0551754646 0.979983866 -0.191278145
vn -0.168867096 0.946096659 -0.276378542
vn -0.18022038 0.884330571 -0.430674046
vn -0.286302537 0.754690766 -0.590315759
vn -0.329226345 0.784373879 -0.525706887
vn -0.340139806 0.588606477 -0.733380795
vn -0.371918112 0.477069736 -0.796292365
vn -0.400050938 0.369572937 -0.838674605
vn -0.948398888 0 0.31708014
vn -0.998886585 0 -0.0471778065
vn 0.358127058 -0.933627009 -0.00925656781
vn 0.704191089 -0.709816873 -0.0165868979
vn 0.930262208 -0.36615321 -0.0233253166
vn 0.994557917 -0.0971389487 -0.0376657434
vn 0.957293391 -0.253685445 -0.138683751
vn 0.850636542 -0.369649619 -0.373867303
vn 0.913673341 -0.369143933 -0.170099512
vn 0.884959221 -0.226212338 -0.407032102
vn 0.743151903 -0.369126558 -0.558095694
vn 0.781100988 -0.103381567 -0.61578691
vn 0.281844407 -0.935787916 -0.211812675
vn 0.510345638 -0.712946892 -0.480888784
vn 0.283481866 -0.932953298 -0.221892521
vn 0.321652442 -0.936244845 -0.14136973
vn 0.346640348 -0.935783982 -0.06441167
vn 0.687682629 -0.714643419 -0.127974749
vn 0.639635563 -0.715425193 -0.281128317
vn 0.559294522 -0.71464318 -0.420088947
vn 0.654524922 -0.371029705 -0.658736765
vn 0.689748168 -0.226967692 -0.68755579
vn 0.374849319 0.000102029182 -0.927085698
vn 0.374818623 -9.92455512e-07 -0.927098155
vn 0.374884516 0.000715316448 -0.927071154
vn 0.37483114 -0.00274782977 -0.927089036
vn 0.374807358 -0.00369392755 -0.927095354
vn 0.37484622 0.000133189256 -0.927086949
vn 0.374810308 0 -0.927101552
vn -0.761118889 -0.408168048 0.504080236
vn -0.785766542 -0.294117481 0.544119358
vn -0.802872002 -0.213661343 0.55654788
vn -0.812819242 -0.124702118 0.569011688
vn -0.159961239 -0.581145763 0.797923505
vn -0.0489425175 -0.950706661 0.306204706
vn -0.111705087 -0.804112136 0.583888233
vn -0.1674328 -0.598443568 0.783474028
vn -0.115244761 -0.812798202 0.571032286
vn -0.120163091 -0.587333441 0.800374985
vn -0.0806260183 -0.804316461 0.588705719
vn -0.0508104265 -0.952813029 0.299275041
vn -0.0346072465 -0.949345231 0.31232363
vn -0.272431374 -0.088937372 0.958056033
vn -0.222271726 -0.082910493 0.97145313
vn -0.271112144 -0.0853633657 0.958755076
vn 0.416899323 -0.0745097026 0.905893683
vn 0.333520293 -0.0794206634 0.939391613
vn 0.224265516 -0.0623415969 0.972532094
vn 0.109302647 -0.0784541368 0.990907609
vn 0.0157752354 -0.0520659313 0.998519123
vn -0.109718092 -0.0881732926 0.990044177
vn -0.020608997 -0.0817259476 0.996441722
vn -0.0867250934 0.000904500368 0.996231914
vn -0.135454834 -0.08070039 0.987491488
vn 0.174219012 -0.0924937576 0.980353296
vn 0.0386368819 -0.0972042903 0.994514227
vn 0.394983679 -0.131086394 0.909287691
vn 0.313815564 -0.0542493388 0.947932899
vn 0.232840821 -0.130648822 0.963699162
vn 0.494743437 -0.152784392 0.855503321
vn 0.294643492 -0.129036337 0.946855247
vn 0.146344379 -0.0908204392 0.985055864
vn -0.0485473387 -0.0995849445 0.993844092
vn 0.492078245 -0.843072593 0.216997012
vn 0.80497092 -0.580468655 -0.122792974
vn 0.455919772 -0.863075554 0.217342883
vn 0.336074084 -0.919155717 0.20544371
vn 0.125689685 -0.988705754 -0.0816281065
vn 0.404938787 -0.890544236 0.207256913
vn 0.475540102 -0.872850001 -0.109518878
vn 0.680988729 -0.726499677 -0.0919388682
vn 0.463787496 -0.859925747 0.213140652
vn 0.489354402 -0.847111642 0.207205489
vn -0.0154246362 -0.94202286 0.335194081
vn -0.0420747586 -0.777424097 0.627568007
vn -0.059298452 -0.530001283 0.84592104
vn -0.0981042162 -0.337024927 0.936370552
vn 0.308462054 -0.922284782 -0.232898936
vn 0.564880192 -0.699047148 -0.43845582
vn 0.849968374 -0.364326507 -0.380552083
vn 0.359225601 -0.922086775 -0.143920034
vn 0.921233714 -0.375281006 -0.102434061
vn 0.65290463 -0.699068069 -0.291580886
vn 0.729517221 -0.370605946 -0.574853063
vn 0.798061371 -0.369843841 -0.47572422
vn 0.617349803 -0.69845438 -0.36199531
vn 0.334224373 -0.924287379 -0.18435514
vn -0.615255833 1.89699585e-05 -0.788327575
vn -0.615259111 -1.67078531e-06 -0.788324952
vn -0.615260303 4.57083388e-06 -0.788324058
vn -0.615259349 -4.54287465e-06 -0.788324773
vn -0.61526072 -7.03461228e-06 -0.7883237
vn -0.615261316 6.26215706e-06 -0.788323343
vn -0.61513865 -8.35276951e-05 -0.788419008
vn -0.614566982 -0.000265775947 -0.788864613
vn -0.615265906 3.01466639e-06 -0.788319647
vn -0.615264893 2.54120209e-06 -0.788320482
vn -0.615251958 -3.25603787e-06 -0.788330555
vn -0.615255773 0 -0.788327575
vn -0.615258276 2.19200319e-06 -0.788325608
vn -0.615261912 -5.5132441e-06 -0.788322687
vn -0.615263283 3.31515281e-07 -0.788321614
vn -0.615262151 1.52705377e-06 -0.788322628
vn -0.615787029 7.52324777e-05 -0.787912667
vn -0.61533457 1.1438864e-05 -0.788265944
vn -0.615256608 9.1995762e-06 -0.788326919
vn 0.999442935 0.0173683539 -0.0284996442
vn 0.95504874 -0.0768623203 -0.28631106
vn 0.815618157 0.0236307085 -0.578107834
vn 0.669422328 0.137531698 -0.730040312
vn 0.656950831 0.125223637 -0.743461251
vn 0.406712502 0.912973225 0.0326308906
vn 0.45320338 0.864733338 -0.216432318
vn 0.256851852 0.966195166 -0.0222289264
vn 0.741664171 0.237864614 -0.62717998
vn 0.765894711 0.207960919 -0.608405769
vn 0.867953718 0.345317423 -0.356948555
vn 0.825142384 0.432278633 -0.363696396
vn 0.887097657 0.453330666 -0.0868843421
vn 0.814687371 0.575270951 -0.073130019
vn 0.85835135 0.506385624 0.0825025812
vn 0.750292301 0.645269394 0.143835559
vn 0.857470989 0.457679838 0.23510164
vn 0.559537411 0.824745417 0.0819325745
vn 0.662608624 0.738557518 -0.124429405
vn 0.728710175 0.554904282 -0.401326269
vn 0.714667082 0.298101515 -0.632761002
vn 0.598777831 0.658239126 -0.45627445
vn 0.661378145 0.355871588 -0.660253227
vn 9.90918238e-07 1 -6.66036794e-06
vn -0.00456206035 0.999988198 -0.00163866114
vn 0.00242068572 0.999996901 0.000600316213
vn 0.0293206871 0.999531031 0.00883824565
vn 0.0284872297 0.999557376 0.00858521741
vn 0.0176654924 0.999829948 0.00529586058
vn -0.00235743402 0.999996901 -0.000857696054
vn -0.0891464353 0.0131401382 0.995931804
vn -0.0890924856 0.128545254 0.987693608
vn -0.0595485158 0.350334316 0.934729815
vn -0.0696971565 0.367228746 0.927515686
vn -0.0782481283 0.374587178 0.923884034
vn -0.0807680339 0.376705766 0.922805011
vn -0.0716965646 0.360765755 0.929896533
vn -0.0710536316 0.359639198 0.930382192
vn -0.000714563241 0.245098308 0.969497979
vn -0.0942197964 0.344671011 0.933983207
vn 0.045079194 0.257952273 0.965105474
vn -0.104435943 0.367983431 0.923948824
vn -0.384152174 0.446801543 0.80795753
vn -0.397354901 0.452785581 0.798181891
vn -0.641634941 0.259699523 -0.721706808
vn -0.0887837037 -0.136429042 0.986663461
vn -0.0859256759 -0.0693132207 0.993887484
vn -0.0887395889 -0.204615608 0.974811614
vn 0.281981915 0.341617554 0.896539867
vn 0.0531236865 0.88030237 0.471429229
vn 0.107297629 0.891855419 0.439410031
vn 0.207075715 0.667123854 0.715587437
vn 0.08444006 0.671771109 0.735930324
vn 0.114128925 0.347468883 0.930720091
vn -0.0766454861 0.350005865 0.933606684
vn -0.0220739953 0.886412501 0.462369591
vn -0.0485596247 0.679195523 0.732349157
vn -0.0647001788 -0.618138671 -0.783401787
vn -0.107193194 -0.707733989 -0.698299468
vn -0.0345005468 -0.791495979 -0.61019963
vn -0.271157295 0.0746415481 -0.959636569
vn -0.227127954 -0.0262801517 -0.973510325
vn -0.358509392 -0.361034751 -0.860886097
vn -0.311394602 0.00427810382 -0.95027107
vn -0.238707811 -0.16090627 -0.957667947
vn -0.181804076 -0.270451695 -0.945411623
vn -0.140241668 -0.36246869 -0.921384156
vn -0.104666404 -0.438006401 -0.892858028
vn -0.116227061 -0.845502913 -0.521167994
vn -0.0391623192 -0.917181671 -0.396540105
vn -0.181868225 -0.753134608 -0.632227898
vn -0.179958954 -0.621111989 -0.762780786
vn -0.258182347 -0.612779498 -0.746888995
vn -0.248746693 -0.483209908 -0.839424491
vn -0.336954027 -0.266058683 -0.903147161
vn 0.374808282 0 -0.927102268
vn 0.374808311 0 -0.927102387
vn 0.957102478 -0.0193628445 0.289101839
vn 0.956284761 -0.0194691755 0.29178831
vn 0.956240058 -0.0194749478 0.291934222
vn 0.955341339 -0.0195904542 0.294854462
vn -0.124939658 0.353802234 -0.926937997
vn -0.282716364 0.395474076 -0.873883188
vn -0.266993672 -0.0891366005 -0.95956707
vn -0.324068069 0.043439351 -0.945035994
vn -0.353530437 0.238804266 -0.90442729
vn -0.22135292 0.175795257 -0.959217846
vn -0.246066555 0.0356917642 -0.968595564
vn -0.179602593 0.750648379 -0.635822296
vn -0.179602578 0.750648379 -0.635822237
vn -0.179602593 0.750648439 -0.635822296
vn -0.247807071 0.698236823 -0.671607733
vn -0.204838708 0.542084754 -0.814975619
vn -0.23164016 0.382307887 -0.8945297
vn -0.10496074 0.540714204 -0.834632456
vn -0.0344080478 0.917930126 -0.395247161
vn -0.105515167 0.6988644 -0.707428455
vn -0.130475372 0.813406885 -0.566873431
vn 0.998616338 0 -0.0525862277
vn 0.866169691 -0.440529495 0.235973909
vn 0.779505372 -0.606363058 0.15714708
vn 0.683799505 -0.724798858 0.0841710344
vn 0.544525266 -0.83496201 0.0795644149
vn 0.300645709 -0.953685939 0.00976011436
vn -0.310231566 0.0370786041 0.949937642
vn 0.957306206 0.0173043068 0.28855744
vn 0.957305908 0.0173108447 0.288558245
vn 0.957299054 0.0174364541 0.288573235
vn 0.957298517 0.0174479317 0.288574606
vn 0.46113795 -0.866062641 0.193099588
vn 0.0281247944 -0.950340807 0.309937507
vn 0.205311909 -0.892367542 0.401904494
vn 0.310618281 -0.850858748 0.423740208
vn -0.0369632095 -0.33880505 0.940130174
vn 0.100231312 -0.336283386 0.936411798
vn 0.240687817 -0.336855114 0.910273612
vn 0.375483841 -0.342286468 0.861308157
vn 0.503832459 -0.348648012 0.790314674
vn 0.622373641 -0.364152908 0.692851782
vn 0.569512129 -0.647689402 0.506117046
vn 0.499110669 -0.677164257 0.540682077
vn 0.520007789 -0.691678345 0.501171589
vn 0.176054448 -0.889112473 0.422473341
vn 0.136998013 -0.88410151 0.446761787
vn 0.0928471386 -0.878608525 0.468429804
vn 0.0460071042 -0.874087751 0.483584583
vn -0.00161316036 -0.871128738 0.491051972
vn -0.0500355922 -0.870658576 0.48933658
vn -0.070428744 -0.866738379 0.493765414
vn -0.0945748761 -0.639928102 0.762592614
vn -0.120697834 -0.339107364 0.932972789
vn -0.0492091849 -0.644475281 0.763040125
vn 0.0546594858 -0.644881368 0.762325644
vn 0.156468034 -0.648190558 0.745229363
vn 0.255396605 -0.653670967 0.712381124
vn 0.348257601 -0.660931945 0.664744854
vn 0.431684107 -0.668344021 0.60577637
vn 0.285488486 -0.345161259 0.894069314
vn 0.271759599 -0.654537678 0.705497861
vn 0.369643569 -0.341506779 0.864139259
vn -0.021492064 -0.643496513 0.765147209
vn -0.11567986 -0.414556772 0.902641058
vn -0.0247605052 -0.328406721 0.944211781
vn 0.100442119 -0.647621751 0.7553128
vn 0.0583084077 -0.346268922 0.936321497
vn 0.132999614 -0.277731597 0.951407492
vn 0.113574035 -0.875915289 0.468906522
vn 0.044420395 -0.870642602 0.48990652
vn 0.214712515 -0.648013353 0.730737627
vn -0.0271987114 -0.865791738 0.499664754
vn 0.142901957 -0.88457036 0.443975627
vn 0.0030512989 -0.995126665 0.0985574424
vn 0.00834617112 -0.977080464 0.212706611
vn 0.0275247265 -0.969155729 0.244907349
vn -0.00296548009 -0.960018039 0.279922664
vn -0.0258764755 -0.985441208 0.168035671
vn -0.0344381221 -0.971288562 0.235398605
vn -0.0250493158 -0.981810331 0.188204885
vn -0.265264988 -0.353048176 0.897213161
vn -0.229434788 -0.63503617 0.737623751
vn -0.0980380848 -0.866027832 0.490290016
vn -0.207583204 -0.334903777 0.919102132
vn -0.164217979 -0.642785847 0.748237193
vn -0.25611493 -0.344024509 0.903356135
vn -0.207167521 -0.658453643 0.723547101
vn -0.141063765 -0.868012905 0.476082534
vn 0.95610553 0.0775227398 -0.282581866
vn 0.808764815 -0.0174620356 -0.587872922
vn 0.67253536 -0.13217333 -0.728166401
vn 0.656947315 -0.12436223 -0.743608952
vn 0.774373412 -0.229954734 -0.589463115
vn 0.751801431 -0.229185998 -0.618278623
vn 0.833541274 -0.419534773 -0.359443367
vn 0.874113858 -0.370333165 -0.314290196
vn 0.823771477 -0.561961055 -0.0748350397
vn 0.872623146 -0.487602592 0.0277928002
vn 0.460881144 -0.865632832 -0.195623055
vn 0.601231456 -0.653047562 -0.460488439
vn 0.663004518 -0.73962009 -0.115702569
vn 0.729993522 -0.551960528 -0.403049678
vn 0.661231697 -0.351417363 -0.662780941
vn 0.712954462 -0.294379503 -0.636424959
vn -0.0712290406 -0.35249579 0.933098614
vn 0.103394307 -0.347738534 0.931873143
vn 0.0042443159 -0.996551156 0.0828714892
vn -0.0154279452 -0.882737756 0.469612569
vn 0.0491441302 -0.880627155 0.471254319
vn 0.286588758 -0.341206759 0.895234466
vn 0.20965685 -0.667319834 0.714652479
vn 0.111172237 -0.89258498 0.436958462
vn 0.0843249857 -0.671999216 0.735735178
vn -0.042918846 -0.680194318 0.73177439
vn 0.957070291 0.0188251138 0.289244145
vn 0.957046092 0.0189875755 0.289313316
vn 0.956931829 0.0197551548 0.289640009
vn 0.95690769 0.0199159291 0.289708436

# Mesh 'mf_proximal_link' with 6606 faces
g mf_proximal_link
usemtl white
f  1//1 2//2 3//3
f  4//4 5//5 6//6
f  7//7 8//8 9//9
f  10//10 11//11 12//12
f  13//13 14//14 15//15
f  16//16 17//17 18//18
f  17//17 19//19 18//18
f  20//20 21//21 22//22
f  23//23 24//24 25//25
f  26//26 27//27 28//28
f  29//29 30//30 31//31
f  30//30 32//32 31//31
f  33//33 34//34 35//35
f  34//34 36//36 35//35
f  34//34 37//37 36//36
f  33//33 35//35 38//38
f  35//35 39//39 38//38
f  35//35 40//40 39//39
f  40//40 35//35 41//41
f  35//35 42//42 41//41
f  35//35 43//43 42//42
f  43//43 35//35 44//44
f  35//35 45//45 44//44
f  35//35 46//46 45//45
f  46//46 47//47 45//45
f  46//46 48//48 47//47
f  49//49 50//50 51//51
f  50//50 52//52 51//51
f  50//50 53//53 52//52
f  53//53 50//50 54//54
f  50//50 55//55 54//54
f  50//50 56//56 55//55
f  56//56 50//50 57//57
f  50//50 58//58 57//57
f  50//50 36//36 58//58
f  36//36 59//59 58//58
f  36//36 37//37 59//59
f  60//60 61//61 62//62
f  61//61 60//60 63//63
f  60//60 64//64 63//63
f  60//60 49//49 64//64
f  49//49 65//65 64//64
f  49//49 51//51 65//65
f  66//66 67//67 68//68
f  67//67 69//69 68//68
f  67//67 70//70 69//69
f  70//70 71//71 69//69
f  71//71 70//70 72//72
f  70//70 73//73 72//72
f  70//70 60//60 73//73
f  60//60 74//74 73//73
f  60//60 62//62 74//74
f  75//75 76//76 77//77
f  76//76 78//78 77//77
f  76//76 79//79 78//78
f  80//80 81//81 82//82
f  81//81 83//83 82//82
f  81//81 76//76 83//83
f  76//76 84//84 83//83
f  76//76 75//75 84//84
f  85//85 86//86 87//87
f  86//86 85//85 88//88
f  85//85 89//89 88//88
f  85//85 90//90 89//89
f  91//91 92//92 93//93
f  92//92 85//85 93//93
f  92//92 94//94 85//85
f  94//94 90//90 85//85
f  91//91 93//93 95//95
f  93//93 96//96 95//95
f  93//93 81//81 96//96
f  81//81 97//97 96//96
f  81//81 80//80 97//97
f  48//48 46//46 98//98
f  46//46 99//99 98//98
f  46//46 100//100 99//99
f  101//101 102//102 103//103
f  104//104 105//105 106//106
f  104//104 107//107 105//105
f  105//105 108//108 109//109
f  103//103 110//110 111//111
f  110//110 112//112 111//111
f  110//110 113//113 112//112
f  114//114 115//115 116//116
f  115//115 117//117 116//116
f  115//115 111//111 117//117
f  111//111 118//118 117//117
f  111//111 112//112 118//118
f  26//26 28//28 119//119
f  28//28 120//120 119//119
f  28//28 121//121 120//120
f  121//121 28//28 122//122
f  28//28 123//123 122//122
f  28//28 124//124 123//123
f  124//124 28//28 114//114
f  28//28 115//115 114//114
f  28//28 27//27 115//115
f  27//27 125//125 115//115
f  27//27 126//126 125//125
f  126//126 127//127 125//125
f  127//127 128//128 125//125
f  128//128 129//129 125//125
f  128//128 130//130 129//129
f  131//131 132//132 133//133
f  133//133 132//132 134//134
f  132//132 135//135 134//134
f  132//132 136//136 135//135
f  136//136 132//132 137//137
f  132//132 138//138 137//137
f  132//132 139//139 138//138
f  140//140 141//141 142//142
f  141//141 143//143 142//142
f  144//144 145//145 146//146
f  146//146 147//147 144//144
f  147//147 148//148 144//144
f  147//147 149//149 148//148
f  149//149 150//150 148//148
f  149//149 151//151 150//150
f  150//150 151//151 152//152
f  151//151 153//153 152//152
f  151//151 21//21 153//153
f  154//154 155//155 156//156
f  155//155 157//157 156//156
f  155//155 153//153 157//157
f  153//153 158//158 157//157
f  153//153 21//21 158//158
f  21//21 159//159 158//158
f  21//21 20//20 159//159
f  155//155 154//154 160//160
f  154//154 161//161 160//160
f  154//154 162//162 161//161
f  163//163 164//164 165//165
f  164//164 166//166 165//165
f  164//164 161//161 166//166
f  161//161 167//167 166//166
f  161//161 162//162 167//167
f  168//168 169//169 170//170
f  169//169 163//163 170//170
f  169//169 171//171 163//163
f  171//171 164//164 163//163
f  172//172 168//168 173//173
f  168//168 174//174 173//173
f  168//168 170//170 174//174
f  168//168 172//172 175//175
f  172//172 176//176 175//175
f  172//172 177//177 176//176
f  178//178 176//176 179//179
f  176//176 180//180 179//179
f  176//176 177//177 180//180
f  181//181 178//178 182//182
f  178//178 183//183 182//182
f  178//178 179//179 183//183
f  184//184 185//185 186//186
f  187//187 188//188 189//189
f  188//188 190//190 191//191
f  191//191 190//190 192//192
f  190//190 193//193 192//192
f  190//190 194//194 193//193
f  189//189 195//195 187//187
f  196//196 197//197 198//198
f  197//197 199//199 198//198
f  197//197 200//200 199//199
f  18//18 19//19 201//201
f  19//19 202//202 201//201
f  19//19 203//203 202//202
f  203//203 197//197 202//202
f  203//203 187//187 197//197
f  187//187 200//200 197//197
f  187//187 195//195 200//200
f  188//188 187//187 190//190
f  187//187 204//204 190//190
f  187//187 203//203 204//204
f  203//203 205//205 204//204
f  203//203 19//19 205//205
f  19//19 184//184 205//205
f  19//19 17//17 184//184
f  17//17 185//185 184//184
f  17//17 16//16 185//185
f  206//206 207//207 208//208
f  207//207 209//209 208//208
f  207//207 185//185 209//209
f  185//185 210//210 209//209
f  185//185 16//16 210//210
f  211//211 212//212 213//213
f  212//212 214//214 213//213
f  186//186 185//185 215//215
f  185//185 182//182 215//215
f  185//185 207//207 182//182
f  207//207 181//181 182//182
f  207//207 206//206 181//181
f  206//206 212//212 181//181
f  206//206 216//216 212//212
f  216//216 214//214 212//212
f  217//217 218//218 219//219
f  218//218 220//220 219//219
f  218//218 221//221 220//220
f  221//221 222//222 220//220
f  221//221 223//223 222//222
f  13//13 217//217 224//224
f  217//217 225//225 224//224
f  217//217 219//219 225//225
f  15//15 226//226 13//13
f  227//227 36//36 228//228
f  36//36 229//229 228//228
f  36//36 50//50 229//229
f  50//50 230//230 229//229
f  50//50 14//14 230//230
f  231//231 232//232 233//233
f  232//232 234//234 233//233
f  235//235 236//236 237//237
f  237//237 238//238 235//235
f  238//238 239//239 235//235
f  238//238 240//240 239//239
f  240//240 241//241 239//239
f  241//241 242//242 239//239
f  241//241 243//243 242//242
f  8//8 244//244 245//245
f  244//244 246//246 245//245
f  244//244 247//247 246//246
f  9//9 8//8 248//248
f  8//8 249//249 248//248
f  8//8 245//245 249//249
f  250//250 9//9 251//251
f  9//9 252//252 251//251
f  9//9 248//248 252//252
f  223//223 221//221 253//253
f  221//221 254//254 253//253
f  221//221 218//218 254//254
f  218//218 255//255 254//254
f  13//13 226//226 217//217
f  226//226 218//218 217//217
f  226//226 256//256 218//218
f  256//256 255//255 218//218
f  256//256 257//257 255//255
f  14//14 50//50 15//15
f  50//50 226//226 15//15
f  50//50 49//49 226//226
f  49//49 256//256 226//226
f  49//49 60//60 256//256
f  60//60 257//257 256//256
f  60//60 70//70 257//257
f  258//258 259//259 260//260
f  258//258 261//261 259//259
f  261//261 262//262 259//259
f  261//261 263//263 262//262
f  100//100 46//46 29//29
f  46//46 30//30 29//29
f  46//46 85//85 30//30
f  85//85 32//32 30//30
f  85//85 87//87 32//32
f  264//264 265//265 266//266
f  265//265 267//267 266//266
f  265//265 268//268 267//267
f  268//268 269//269 267//267
f  268//268 270//270 269//269
f  271//271 272//272 11//11
f  272//272 12//12 11//11
f  272//272 273//273 12//12
f  262//262 263//263 234//234
f  263//263 233//233 234//234
f  263//263 274//274 233//233
f  274//274 231//231 233//233
f  274//274 275//275 231//231
f  235//235 239//239 276//276
f  239//239 277//277 276//276
f  239//239 242//242 277//277
f  242//242 278//278 277//277
f  279//279 280//280 7//7
f  280//280 8//8 7//7
f  280//280 278//278 8//8
f  278//278 244//244 8//8
f  278//278 242//242 244//244
f  242//242 247//247 244//244
f  242//242 243//243 247//247
f  269//269 270//270 10//10
f  270//270 11//11 10//10
f  270//270 281//281 11//11
f  281//281 271//271 11//11
f  281//281 282//282 271//271
f  282//282 101//101 271//271
f  282//282 108//108 101//101
f  108//108 102//102 101//101
f  108//108 105//105 102//102
f  105//105 283//283 102//102
f  105//105 107//107 283//283
f  109//109 108//108 250//250
f  108//108 9//9 250//250
f  108//108 282//282 9//9
f  282//282 7//7 9//9
f  282//282 281//281 7//7
f  281//281 279//279 7//7
f  281//281 270//270 279//279
f  270//270 280//280 279//279
f  270//270 268//268 280//280
f  268//268 278//278 280//280
f  268//268 265//265 278//278
f  265//265 277//277 278//278
f  265//265 264//264 277//277
f  264//264 276//276 277//277
f  258//258 260//260 284//284
f  260//260 285//285 284//284
f  260//260 286//286 285//285
f  227//227 275//275 36//36
f  275//275 35//35 36//36
f  275//275 274//274 35//35
f  274//274 46//46 35//35
f  274//274 263//263 46//46
f  263//263 85//85 46//46
f  263//263 261//261 85//85
f  261//261 93//93 85//85
f  261//261 258//258 93//93
f  258//258 81//81 93//93
f  258//258 284//284 81//81
f  2//2 287//287 24//24
f  287//287 25//25 24//24
f  287//287 288//288 25//25
f  289//289 290//290 291//291
f  290//290 292//292 291//291
f  290//290 293//293 292//292
f  293//293 294//294 292//292
f  293//293 295//295 294//294
f  295//295 296//296 294//294
f  295//295 297//297 296//296
f  291//291 292//292 298//298
f  292//292 299//299 298//298
f  292//292 294//294 299//299
f  294//294 300//300 299//299
f  294//294 296//296 300//300
f  296//296 301//301 300//300
f  296//296 297//297 301//301
f  297//297 302//302 301//301
f  297//297 286//286 302//302
f  286//286 303//303 302//302
f  286//286 260//260 303//303
f  304//304 305//305 306//306
f  305//305 307//307 306//306
f  141//141 308//308 309//309
f  308//308 305//305 309//309
f  308//308 310//310 305//305
f  310//310 307//307 305//305
f  310//310 311//311 307//307
f  304//304 129//129 132//132
f  129//129 139//139 132//132
f  129//129 130//130 139//139
f  304//304 132//132 305//305
f  132//132 309//309 305//305
f  132//132 131//131 309//309
f  131//131 141//141 309//309
f  131//131 312//312 141//141
f  312//312 143//143 141//141
f  312//312 313//313 143//143
f  145//145 144//144 23//23
f  144//144 24//24 23//23
f  144//144 314//314 24//24
f  314//314 2//2 24//24
f  314//314 5//5 2//2
f  5//5 3//3 2//2
f  5//5 4//4 3//3
f  1//1 315//315 2//2
f  315//315 287//287 2//2
f  315//315 316//316 287//287
f  316//316 288//288 287//287
f  316//316 317//317 288//288
f  298//298 299//299 273//273
f  299//299 12//12 273//273
f  299//299 300//300 12//12
f  300//300 10//10 12//12
f  300//300 301//301 10//10
f  301//301 269//269 10//10
f  301//301 302//302 269//269
f  302//302 267//267 269//269
f  302//302 303//303 267//267
f  303//303 266//266 267//267
f  303//303 260//260 266//266
f  260//260 264//264 266//266
f  260//260 259//259 264//264
f  259//259 276//276 264//264
f  259//259 262//262 276//276
f  262//262 235//235 276//276
f  262//262 234//234 235//235
f  234//234 236//236 235//235
f  234//234 232//232 236//236
f  78//78 79//79 66//66
f  79//79 67//67 66//66
f  79//79 318//318 67//67
f  318//318 70//70 67//67
f  318//318 319//319 70//70
f  319//319 257//257 70//70
f  319//319 320//320 257//257
f  320//320 255//255 257//257
f  320//320 321//321 255//255
f  321//321 254//254 255//255
f  322//322 323//323 289//289
f  323//323 290//290 289//289
f  323//323 324//324 290//290
f  324//324 293//293 290//290
f  324//324 325//325 293//293
f  325//325 295//295 293//293
f  325//325 326//326 295//295
f  326//326 297//297 295//295
f  326//326 327//327 297//297
f  327//327 286//286 297//297
f  327//327 328//328 286//286
f  328//328 285//285 286//286
f  328//328 329//329 285//285
f  329//329 284//284 285//285
f  329//329 330//330 284//284
f  330//330 81//81 284//284
f  330//330 331//331 81//81
f  331//331 76//76 81//81
f  331//331 332//332 76//76
f  332//332 79//79 76//76
f  332//332 333//333 79//79
f  333//333 318//318 79//79
f  333//333 334//334 318//318
f  334//334 319//319 318//318
f  334//334 335//335 319//319
f  335//335 320//320 319//319
f  335//335 336//336 320//320
f  336//336 321//321 320//320
f  144//144 148//148 322//322
f  148//148 323//323 322//322
f  148//148 150//150 323//323
f  150//150 324//324 323//323
f  150//150 152//152 324//324
f  152//152 325//325 324//324
f  152//152 153//153 325//325
f  153//153 326//326 325//325
f  153//153 155//155 326//326
f  155//155 327//327 326//326
f  155//155 160//160 327//327
f  160//160 328//328 327//327
f  160//160 161//161 328//328
f  161//161 329//329 328//328
f  161//161 164//164 329//329
f  164//164 330//330 329//329
f  164//164 171//171 330//330
f  171//171 331//331 330//330
f  171//171 169//169 331//331
f  169//169 332//332 331//331
f  169//169 168//168 332//332
f  168//168 333//333 332//332
f  168//168 175//175 333//333
f  175//175 334//334 333//333
f  175//175 176//176 334//334
f  176//176 335//335 334//334
f  176//176 178//178 335//335
f  178//178 336//336 335//335
f  178//178 181//181 336//336
f  181//181 321//321 336//336
f  181//181 212//212 321//321
f  212//212 254//254 321//321
f  212//212 211//211 254//254
f  211//211 253//253 254//254
f  103//103 111//111 101//101
f  111//111 271//271 101//101
f  111//111 115//115 271//271
f  115//115 272//272 271//271
f  115//115 125//125 272//272
f  125//125 273//273 272//272
f  125//125 129//129 273//273
f  129//129 298//298 273//273
f  129//129 304//304 298//298
f  304//304 291//291 298//298
f  304//304 306//306 291//291
f  306//306 289//289 291//291
f  306//306 307//307 289//289
f  307//307 322//322 289//289
f  307//307 311//311 322//322
f  311//311 144//144 322//322
f  311//311 310//310 144//144
f  310//310 314//314 144//144
f  310//310 308//308 314//314
f  308//308 5//5 314//314
f  308//308 141//141 5//5
f  141//141 6//6 5//5
f  141//141 140//140 6//6
f  237//237 337//337 238//238
f  338//338 227//227 339//339
f  340//340 341//341 342//342
f  343//343 344//344 345//345
f  346//346 343//343 347//347
f  343//343 348//348 347//347
f  343//343 345//345 348//348
f  346//346 349//349 343//343
f  349//349 350//350 343//343
f  349//349 351//351 350//350
f  352//352 353//353 354//354
f  353//353 355//355 354//354
f  351//351 356//356 350//350
f  356//356 357//357 350//350
f  356//356 358//358 357//357
f  358//358 353//353 357//357
f  358//358 359//359 353//353
f  359//359 355//355 353//353
f  359//359 360//360 355//355
f  361//361 352//352 362//362
f  237//237 236//236 337//337
f  227//227 338//338 275//275
f  338//338 231//231 275//275
f  338//338 363//363 231//231
f  363//363 232//232 231//231
f  363//363 364//364 232//232
f  364//364 236//236 232//232
f  364//364 365//365 236//236
f  365//365 337//337 236//236
f  365//365 362//362 337//337
f  362//362 365//365 361//361
f  365//365 366//366 361//361
f  365//365 364//364 366//366
f  364//364 367//367 366//366
f  364//364 363//363 367//367
f  363//363 340//340 367//367
f  363//363 338//338 340//340
f  338//338 341//341 340//340
f  338//338 339//339 341//341
f  352//352 361//361 353//353
f  361//361 357//357 353//353
f  361//361 366//366 357//357
f  366//366 350//350 357//357
f  366//366 367//367 350//350
f  367//367 343//343 350//350
f  367//367 340//340 343//343
f  340//340 344//344 343//343
f  340//340 342//342 344//344
f  368//368 105//105 109//109
f  369//369 370//370 371//371
f  352//352 372//372 362//362
f  354//354 355//355 373//373
f  355//355 374//374 373//373
f  355//355 360//360 374//374
f  375//375 373//373 376//376
f  373//373 377//377 376//376
f  373//373 374//374 377//377
f  373//373 375//375 378//378
f  375//375 379//379 378//378
f  375//375 380//380 379//379
f  380//380 381//381 379//379
f  380//380 382//382 381//381
f  382//382 383//383 381//381
f  382//382 384//384 383//383
f  384//384 385//385 383//383
f  384//384 386//386 385//385
f  386//386 387//387 385//385
f  386//386 388//388 387//387
f  388//388 389//389 387//387
f  388//388 390//390 389//389
f  390//390 391//391 389//389
f  390//390 392//392 391//391
f  393//393 394//394 395//395
f  393//393 391//391 394//394
f  391//391 396//396 394//394
f  391//391 392//392 396//396
f  395//395 397//397 393//393
f  397//397 398//398 393//393
f  397//397 399//399 398//398
f  399//399 400//400 398//398
f  399//399 401//401 400//400
f  402//402 400//400 403//403
f  400//400 404//404 403//403
f  400//400 401//401 404//404
f  405//405 406//406 252//252
f  406//406 251//251 252//252
f  406//406 368//368 251//251
f  368//368 250//250 251//251
f  368//368 109//109 250//250
f  407//407 408//408 245//245
f  408//408 249//249 245//245
f  408//408 405//405 249//249
f  405//405 248//248 249//249
f  405//405 252//252 248//248
f  337//337 409//409 238//238
f  409//409 240//240 238//238
f  409//409 410//410 240//240
f  240//240 410//410 241//241
f  410//410 243//243 241//241
f  410//410 411//411 243//243
f  411//411 247//247 243//243
f  411//411 407//407 247//247
f  407//407 246//246 247//247
f  407//407 245//245 246//246
f  369//369 371//371 398//398
f  371//371 393//393 398//398
f  371//371 370//370 393//393
f  370//370 391//391 393//393
f  370//370 412//412 391//391
f  412//412 389//389 391//391
f  412//412 413//413 389//389
f  413//413 387//387 389//389
f  413//413 414//414 387//387
f  414//414 385//385 387//387
f  414//414 415//415 385//385
f  415//415 383//383 385//385
f  415//415 416//416 383//383
f  416//416 381//381 383//383
f  416//416 417//417 381//381
f  417//417 379//379 381//381
f  417//417 418//418 379//379
f  418//418 378//378 379//379
f  418//418 372//372 378//378
f  372//372 373//373 378//378
f  372//372 352//352 373//373
f  352//352 354//354 373//373
f  106//106 105//105 369//369
f  105//105 370//370 369//369
f  105//105 368//368 370//370
f  368//368 412//412 370//370
f  368//368 406//406 412//412
f  406//406 413//413 412//412
f  406//406 405//405 413//413
f  405//405 414//414 413//413
f  405//405 408//408 414//414
f  408//408 415//415 414//414
f  408//408 407//407 415//415
f  407//407 416//416 415//415
f  407//407 411//411 416//416
f  411//411 417//417 416//416
f  411//411 410//410 417//417
f  410//410 418//418 417//417
f  410//410 409//409 418//418
f  409//409 372//372 418//418
f  409//409 337//337 372//372
f  337//337 362//362 372//372
f  283//283 107//107 419//419
f  107//107 104//104 419//419
f  283//283 419//419 420//420
f  419//419 421//421 420//420
f  419//419 422//422 421//421
f  110//110 423//423 113//113
f  424//424 423//423 422//422
f  423//423 421//421 422//422
f  423//423 110//110 421//421
f  110//110 420//420 421//421
f  110//110 103//103 420//420
f  103//103 283//283 420//420
f  103//103 102//102 283//283
f  425//425 426//426 427//427
f  428//428 429//429 430//430
f  429//429 431//431 430//430
f  429//429 432//432 431//431
f  431//431 432//432 433//433
f  432//432 434//434 433//433
f  432//432 435//435 434//434
f  436//436 437//437 438//438
f  437//437 439//439 438//438
f  437//437 440//440 439//439
f  441//441 442//442 443//443
f  442//442 444//444 443//443
f  442//442 445//445 444//444
f  426//426 446//446 427//427
f  446//446 424//447 427//427
f  446//446 423//448 424//447
f  439//439 440//440 447//449
f  440//440 448//450 447//449
f  440//440 426//426 448//450
f  426//426 449//451 448//450
f  426//426 425//425 449//451
f  450//452 451//453 442//442
f  451//453 445//445 442//442
f  451//453 434//434 445//445
f  434//434 452//454 445//445
f  434//434 435//435 452//454
f  423//448 446//446 113//455
f  446//446 112//456 113//455
f  446//446 118//457 112//456
f  453//458 454//459 455//460
f  454//459 456//461 455//460
f  454//459 436//436 456//461
f  436//436 457//462 456//461
f  436//436 438//438 457//462
f  458//463 459//464 460//465
f  459//464 458//463 461//466
f  458//463 462//467 461//466
f  458//463 463//468 462//467
f  463//468 446//446 462//467
f  463//468 464//469 446//446
f  464//469 118//457 446//446
f  460//465 442//442 458//463
f  442//442 465//470 458//463
f  442//442 441//441 465//470
f  454//459 453//458 466//471
f  453//458 467//472 466//471
f  453//458 468//473 467//472
f  468//473 469//474 467//472
f  468//473 470//475 469//474
f  469//474 470//475 471//476
f  470//475 472//477 471//476
f  470//475 473//478 472//477
f  473//478 474//479 472//477
f  473//478 475//480 474//479
f  475//480 476//481 474//479
f  475//480 442//442 476//481
f  442//442 477//482 476//481
f  442//442 460//465 477//482
f  124//483 114//484 478//485
f  114//484 479//486 478//485
f  114//484 480//487 479//486
f  464//469 481//488 118//457
f  481//488 117//489 118//457
f  481//488 480//487 117//489
f  480//487 116//490 117//489
f  480//487 114//484 116//490
f  478//485 123//491 124//483
f  120//492 121//493 482//494
f  121//493 483//495 482//494
f  121//493 122//496 483//495
f  122//496 484//497 483//495
f  122//496 123//491 484//497
f  123//491 485//498 484//497
f  123//491 478//485 485//498
f  478//485 486//499 485//498
f  482//494 119//500 120//492
f  482//494 487//501 119//500
f  119//500 487//501 26//502
f  487//501 27//503 26//502
f  487//501 488//504 27//503
f  488//504 126//505 27//503
f  488//504 489//506 126//505
f  489//506 490//507 126//505
f  490//507 127//508 126//505
f  490//507 491//509 127//508
f  491//509 128//510 127//508
f  491//509 492//511 128//510
f  492//511 130//512 128//510
f  492//511 493//513 130//512
f  130//512 493//513 139//514
f  493//513 138//515 139//514
f  493//513 494//516 138//515
f  494//516 137//517 138//515
f  494//516 495//518 137//517
f  137//517 495//518 136//519
f  495//518 135//520 136//519
f  495//518 496//521 135//520
f  496//521 134//522 135//520
f  496//521 497//523 134//522
f  497//523 133//524 134//522
f  498//525 499//526 500//527
f  499//526 501//528 500//527
f  499//526 502//529 501//528
f  312//530 503//531 313//532
f  503//531 504//533 313//532
f  503//531 498//525 504//533
f  498//525 505//534 504//533
f  498//525 500//527 505//534
f  497//523 506//535 133//524
f  506//535 131//536 133//524
f  506//535 507//537 131//536
f  507//537 312//530 131//536
f  507//537 508//538 312//530
f  508//538 503//531 312//530
f  140//140 509//539 6//6
f  510//540 511//541 512//542
f  513//543 514//544 515//545
f  516//546 513//543 517//547
f  518//548 519//549 520//550
f  521//551 522//552 523//553
f  524//554 525//555 526//556
f  527//557 528//558 529//559
f  530//560 531//561 532//562
f  533//563 534//564 535//565
f  536//566 517//547 537//567
f  538//568 539//569 540//570
f  541//571 542//572 543//573
f  544//574 545//575 546//576
f  545//575 547//577 546//576
f  548//578 549//579 550//580
f  549//579 551//581 550//580
f  549//579 552//582 551//581
f  552//582 549//579 553//583
f  549//579 554//584 553//583
f  549//579 555//585 554//584
f  556//586 557//587 558//588
f  556//586 559//589 557//587
f  560//590 561//591 562//592
f  561//591 563//593 562//592
f  561//591 557//587 563//593
f  557//587 564//594 563//593
f  557//587 559//589 564//594
f  560//590 565//595 561//591
f  565//595 566//596 561//591
f  565//595 567//597 566//596
f  568//598 569//599 570//600
f  569//599 571//601 570//600
f  569//599 572//602 571//601
f  572//602 573//603 571//601
f  574//604 575//605 576//606
f  575//605 577//607 576//606
f  578//608 579//609 580//610
f  579//609 581//611 580//610
f  579//609 582//612 581//611
f  582//612 579//609 583//613
f  579//609 584//614 583//613
f  579//609 585//615 584//614
f  586//616 587//617 588//618
f  587//617 589//619 588//618
f  589//619 587//617 590//620
f  587//617 591//621 590//620
f  587//617 592//622 591//621
f  592//622 587//617 593//623
f  587//617 594//624 593//623
f  587//617 595//625 594//624
f  595//625 578//608 596//626
f  578//608 597//627 596//626
f  578//608 580//610 597//627
f  598//628 539//569 599//629
f  539//569 600//630 599//629
f  600//630 539//569 601//631
f  539//569 602//632 601//631
f  539//569 538//568 602//632
f  603//633 604//634 605//635
f  604//634 606//636 605//635
f  606//636 604//634 607//637
f  604//634 608//638 607//637
f  604//634 609//639 608//638
f  610//640 611//641 612//642
f  611//641 613//643 612//642
f  614//644 615//645 616//646
f  615//645 617//647 616//646
f  615//645 618//648 617//647
f  618//648 533//563 617//647
f  619//649 614//644 620//650
f  620//650 614//644 621//651
f  614//644 622//652 621//651
f  614//644 616//646 622//652
f  623//653 624//654 625//655
f  624//654 587//617 625//655
f  624//654 626//656 587//617
f  595//625 587//617 578//608
f  587//617 627//657 578//608
f  587//617 626//656 627//657
f  628//658 629//659 630//660
f  629//659 631//661 630//660
f  629//659 579//609 631//661
f  579//609 632//662 631//661
f  579//609 578//608 632//662
f  578//608 633//663 632//662
f  578//608 627//657 633//663
f  634//664 635//665 636//666
f  635//665 637//667 636//666
f  638//668 639//669 640//670
f  639//669 641//671 640//670
f  642//672 643//673 644//674
f  645//675 638//668 646//676
f  638//668 647//677 646//676
f  638//668 640//670 647//677
f  532//562 648//678 530//560
f  649//679 531//561 650//680
f  531//561 651//681 650//680
f  531//561 530//560 651//681
f  649//679 529//559 531//561
f  529//559 652//682 531//561
f  529//559 528//558 652//682
f  527//557 653//683 528//558
f  653//683 654//684 528//558
f  653//683 655//685 654//684
f  656//686 195//195 189//189
f  200//200 655//685 199//199
f  655//685 198//198 199//199
f  655//685 196//196 198//198
f  656//686 657//687 658//688
f  657//687 193//193 194//194
f  193//193 657//687 192//192
f  657//687 191//191 192//192
f  657//687 656//686 191//191
f  656//686 188//188 191//191
f  656//686 189//189 188//188
f  652//682 528//558 659//689
f  528//558 658//688 659//689
f  528//558 654//684 658//688
f  654//684 656//686 658//688
f  654//684 655//685 656//686
f  655//685 195//195 656//686
f  655//685 200//200 195//195
f  660//690 661//691 662//692
f  662//692 663//693 660//690
f  663//693 664//694 660//690
f  663//693 665//695 664//694
f  665//695 666//696 664//694
f  665//695 667//697 666//696
f  667//697 668//698 666//696
f  668//698 669//699 666//696
f  668//698 670//700 669//699
f  670//700 671//701 669//699
f  670//700 672//702 671//701
f  672//702 673//703 671//701
f  672//702 674//704 673//703
f  674//704 675//705 673//703
f  675//705 676//706 673//703
f  675//705 677//707 676//706
f  677//707 678//708 676//706
f  678//708 679//709 676//706
f  678//708 680//710 679//709
f  680//710 681//711 679//709
f  680//710 682//712 681//711
f  682//712 683//713 681//711
f  683//713 684//714 681//711
f  683//713 685//715 684//714
f  686//716 687//717 688//718
f  685//715 689//719 684//714
f  689//719 690//720 684//714
f  689//719 691//721 690//720
f  526//556 692//722 524//554
f  692//722 686//716 524//554
f  692//722 690//720 686//716
f  690//720 687//717 686//716
f  690//720 691//721 687//717
f  693//723 694//724 695//725
f  694//724 696//726 695//725
f  694//724 525//555 696//726
f  525//555 697//727 696//726
f  525//555 524//554 697//727
f  698//728 694//724 699//729
f  694//724 700//730 699//729
f  694//724 693//723 700//730
f  316//316 701//731 317//317
f  701//731 702//732 317//317
f  701//731 698//728 702//732
f  698//728 703//733 702//732
f  698//728 699//729 703//733
f  142//142 143//143 704//734
f  143//143 504//735 704//734
f  143//143 313//313 504//735
f  705//736 704//734 500//737
f  704//734 505//738 500//737
f  704//734 504//735 505//738
f  706//739 707//740 708//741
f  707//740 709//742 708//741
f  709//742 707//740 710//743
f  707//740 711//744 710//743
f  707//740 705//736 711//744
f  705//736 501//745 711//744
f  705//736 500//737 501//745
f  712//746 713//747 714//748
f  518//548 715//749 519//549
f  716//750 717//751 715//749
f  717//751 519//549 715//749
f  717//751 718//752 519//549
f  718//752 719//753 519//549
f  515//545 514//544 720//754
f  514//544 721//755 720//754
f  514//544 519//549 721//755
f  519//549 722//756 721//755
f  519//549 719//753 722//756
f  723//757 724//758 725//759
f  537//567 517//547 609//639
f  517//547 608//638 609//639
f  517//547 513//543 608//638
f  513//543 723//757 608//638
f  513//543 515//545 723//757
f  515//545 724//758 723//757
f  515//545 720//754 724//758
f  574//604 576//606 573//603
f  576//606 571//601 573//603
f  576//606 726//760 571//601
f  726//760 727//761 571//601
f  726//760 728//762 727//761
f  728//762 729//763 727//761
f  728//762 643//673 729//763
f  643//673 639//669 729//763
f  643//673 642//672 639//669
f  642//672 641//671 639//669
f  543//573 542//572 577//607
f  542//572 576//606 577//607
f  542//572 730//764 576//606
f  730//764 726//760 576//606
f  730//764 635//665 726//760
f  635//665 728//762 726//760
f  635//665 634//664 728//762
f  634//664 643//673 728//762
f  634//664 731//765 643//673
f  731//765 644//674 643//673
f  585//615 579//609 541//571
f  579//609 542//572 541//571
f  579//609 629//659 542//572
f  629//659 730//764 542//572
f  629//659 628//658 730//764
f  628//658 635//665 730//764
f  628//658 732//766 635//665
f  732//766 637//667 635//665
f  523//553 522//552 712//746
f  522//552 713//747 712//746
f  522//552 733//767 713//747
f  733//767 734//768 713//747
f  733//767 735//769 734//768
f  735//769 736//770 734//768
f  735//769 737//771 736//770
f  737//771 738//772 736//770
f  737//771 739//773 738//772
f  739//773 740//774 738//772
f  739//773 741//775 740//774
f  741//775 742//776 740//774
f  741//775 743//777 742//776
f  743//777 744//778 742//776
f  743//777 745//779 744//778
f  745//779 746//780 744//778
f  745//779 747//781 746//780
f  747//781 748//782 746//780
f  747//781 549//579 748//782
f  549//579 546//576 748//782
f  549//579 548//578 546//576
f  548//578 544//574 546//576
f  739//773 737//771 749//783
f  737//771 750//784 749//783
f  737//771 735//769 750//784
f  735//769 751//785 750//784
f  735//769 733//767 751//785
f  733//767 752//786 751//785
f  733//767 522//552 752//786
f  753//787 754//788 755//789
f  754//788 756//790 755//789
f  754//788 757//791 756//790
f  757//791 758//792 756//790
f  757//791 759//793 758//792
f  540//570 539//569 586//616
f  539//569 587//617 586//616
f  539//569 753//787 587//617
f  753//787 625//655 587//617
f  753//787 755//789 625//655
f  755//789 623//653 625//655
f  755//789 756//790 623//653
f  756//790 760//794 623//653
f  756//790 758//792 760//794
f  618//648 615//645 761//795
f  615//645 759//793 761//795
f  615//645 614//644 759//793
f  614//644 758//792 759//793
f  614//644 619//649 758//792
f  619//649 760//794 758//792
f  533//563 618//648 534//564
f  618//648 749//783 534//564
f  618//648 761//795 749//783
f  761//795 739//773 749//783
f  761//795 759//793 739//773
f  759//793 741//775 739//773
f  759//793 757//791 741//775
f  757//791 743//777 741//775
f  757//791 754//788 743//777
f  754//788 745//779 743//777
f  754//788 753//787 745//779
f  753//787 747//781 745//779
f  753//787 539//569 747//781
f  539//569 549//579 747//781
f  539//569 598//628 549//579
f  598//628 555//585 549//579
f  598//628 599//629 555//585
f  613//643 611//641 536//566
f  611//641 517//547 536//566
f  611//641 762//796 517//547
f  762//796 516//546 517//547
f  535//565 534//564 610//640
f  534//564 611//641 610//640
f  534//564 749//783 611//641
f  749//783 762//796 611//641
f  749//783 750//784 762//796
f  750//784 516//546 762//796
f  750//784 751//785 516//546
f  751//785 513//543 516//546
f  751//785 752//786 513//543
f  752//786 514//544 513//543
f  752//786 522//552 514//544
f  522//552 519//549 514//544
f  522//552 521//551 519//549
f  521//551 520//550 519//549
f  763//797 764//798 701//731
f  764//798 698//728 701//731
f  764//798 765//799 698//728
f  765//799 694//724 698//728
f  766//800 767//801 768//802
f  767//801 769//803 768//802
f  767//801 770//804 769//803
f  770//804 771//805 769//803
f  770//804 772//806 771//805
f  773//807 774//808 775//809
f  774//808 776//810 775//809
f  774//808 777//811 776//810
f  512//542 778//812 510//540
f  778//812 779//813 510//540
f  778//812 780//814 779//813
f  780//814 781//815 779//813
f  780//814 782//816 781//815
f  782//816 783//817 781//815
f  782//816 784//818 783//817
f  784//818 785//819 783//817
f  784//818 786//820 785//819
f  786//820 787//821 785//819
f  786//820 788//822 787//821
f  788//822 789//823 787//821
f  788//822 707//740 789//823
f  6//6 509//539 4//4
f  509//539 763//797 4//4
f  509//539 790//824 763//797
f  790//824 764//798 763//797
f  790//824 777//811 764//798
f  777//811 765//799 764//798
f  777//811 774//808 765//799
f  774//808 694//724 765//799
f  774//808 773//807 694//724
f  773//807 525//555 694//724
f  4//4 763//797 3//3
f  763//797 1//1 3//3
f  763//797 701//731 1//1
f  701//731 315//315 1//1
f  701//731 316//316 315//315
f  558//588 557//587 547//577
f  557//587 546//576 547//577
f  557//587 791//825 546//576
f  791//825 748//782 546//576
f  791//825 511//541 748//782
f  511//541 746//780 748//782
f  511//541 510//540 746//780
f  510//540 744//778 746//780
f  510//540 779//813 744//778
f  779//813 742//776 744//778
f  779//813 781//815 742//776
f  781//815 740//774 742//776
f  781//815 783//817 740//774
f  783//817 738//772 740//774
f  783//817 785//819 738//772
f  785//819 736//770 738//772
f  785//819 787//821 736//770
f  787//821 734//768 736//770
f  787//821 789//823 734//768
f  789//823 713//747 734//768
f  789//823 707//740 713//747
f  707//740 714//748 713//747
f  707//740 706//739 714//748
f  530//560 648//678 645//675
f  648//678 638//668 645//675
f  648//678 792//826 638//668
f  792//826 639//669 638//668
f  792//826 793//827 639//669
f  793//827 729//763 639//669
f  793//827 794//828 729//763
f  794//828 727//761 729//763
f  794//828 795//829 727//761
f  795//829 571//601 727//761
f  795//829 566//596 571//601
f  566//596 570//600 571//601
f  566//596 567//597 570//600
f  567//597 568//598 570//600
f  661//691 660//690 796//830
f  660//690 797//831 796//830
f  660//690 664//694 797//831
f  664//694 798//832 797//831
f  664//694 666//696 798//832
f  666//696 799//833 798//832
f  666//696 669//699 799//833
f  669//699 800//834 799//833
f  669//699 671//701 800//834
f  671//701 801//835 800//834
f  671//701 673//703 801//835
f  673//703 802//836 801//835
f  673//703 676//706 802//836
f  676//706 803//837 802//836
f  676//706 679//709 803//837
f  679//709 804//838 803//837
f  679//709 681//711 804//838
f  681//711 805//839 804//838
f  681//711 684//714 805//839
f  684//714 806//840 805//839
f  684//714 690//720 806//840
f  690//720 772//806 806//840
f  690//720 692//722 772//806
f  692//722 771//805 772//806
f  692//722 526//556 771//805
f  526//556 769//803 771//805
f  526//556 525//555 769//803
f  525//555 768//802 769//803
f  525//555 773//807 768//802
f  773//807 766//800 768//802
f  773//807 775//809 766//800
f  142//142 704//734 140//140
f  704//734 509//539 140//140
f  704//734 705//736 509//539
f  705//736 790//824 509//539
f  705//736 707//740 790//824
f  707//740 777//811 790//824
f  707//740 788//822 777//811
f  788//822 776//810 777//811
f  788//822 786//820 776//810
f  786//820 775//809 776//810
f  786//820 784//818 775//809
f  784//818 766//800 775//809
f  784//818 782//816 766//800
f  782//816 767//801 766//800
f  782//816 780//814 767//801
f  780//814 770//804 767//801
f  780//814 778//812 770//804
f  778//812 772//806 770//804
f  778//812 512//542 772//806
f  512//542 806//840 772//806
f  512//542 511//541 806//840
f  511//541 805//839 806//840
f  511//541 791//825 805//839
f  791//825 804//838 805//839
f  791//825 557//587 804//838
f  557//587 803//837 804//838
f  557//587 561//591 803//837
f  561//591 802//836 803//837
f  561//591 566//596 802//836
f  566//596 801//835 802//836
f  566//596 795//829 801//835
f  795//829 800//834 801//835
f  795//829 794//828 800//834
f  794//828 799//833 800//834
f  794//828 793//827 799//833
f  793//827 798//832 799//833
f  793//827 792//826 798//832
f  792//826 797//831 798//832
f  792//826 648//678 797//831
f  648//678 796//830 797//831
f  648//678 532//562 796//830
f  532//562 807//841 796//830
f  532//562 531//561 807//841
f  531//561 808//842 807//841
f  531//561 652//682 808//842
f  652//682 809//843 808//842
f  652//682 659//689 809//843
f  810//844 811//845 812//846
f  25//25 288//288 813//847
f  288//288 814//848 813//847
f  288//288 317//317 814//848
f  25//25 813//847 23//23
f  813//847 145//145 23//23
f  813//847 811//845 145//145
f  146//146 815//849 147//147
f  815//849 146//146 816//850
f  146//146 817//851 816//850
f  146//146 145//145 817//851
f  145//145 818//852 817//851
f  145//145 811//845 818//852
f  811//845 819//853 818//852
f  811//845 810//844 819//853
f  820//854 821//855 822//856
f  821//855 823//857 822//856
f  821//855 824//858 823//857
f  825//859 826//860 827//861
f  828//862 829//863 151//151
f  829//863 21//21 151//151
f  151//151 149//149 830//864
f  149//149 831//865 830//864
f  831//865 149//149 832//866
f  149//149 833//867 832//866
f  149//149 834//868 833//867
f  834//868 149//149 835//869
f  149//149 836//870 835//869
f  149//149 147//147 836//870
f  837//871 830//864 838//872
f  830//864 839//873 838//872
f  830//864 831//865 839//873
f  837//871 840//874 830//864
f  840//874 841//875 830//864
f  840//874 842//876 841//875
f  842//876 843//877 841//875
f  843//877 844//878 841//875
f  843//877 845//879 844//878
f  846//880 824//858 847//881
f  824//858 848//882 847//881
f  824//858 821//855 848//882
f  821//855 849//883 848//882
f  821//855 850//884 849//883
f  820//854 826//860 821//855
f  826//860 850//884 821//855
f  826//860 825//859 850//884
f  825//859 849//883 850//884
f  825//859 851//885 849//883
f  846//880 847//881 845//879
f  847//881 844//878 845//879
f  847//881 848//882 844//878
f  848//882 841//875 844//878
f  848//882 849//883 841//875
f  849//883 830//864 841//875
f  849//883 851//885 830//864
f  851//885 151//151 830//864
f  851//885 825//859 151//151
f  825//859 828//862 151//151
f  825//859 827//861 828//862
f  827//861 829//863 828//862
f  852//886 158//158 853//887
f  854//888 855//889 853//887
f  855//889 852//886 853//887
f  855//889 856//890 852//886
f  857//891 856//890 858//892
f  856//890 859//893 858//892
f  856//890 855//889 859//893
f  860//894 861//895 862//896
f  861//895 863//897 862//896
f  861//895 864//898 863//897
f  865//899 866//900 867//901
f  868//902 869//903 870//904
f  172//172 173//173 871//905
f  173//173 868//902 871//905
f  173//173 174//174 868//902
f  174//174 869//903 868//902
f  174//174 170//170 869//903
f  872//906 180//180 873//907
f  873//907 180//180 874//908
f  180//180 875//909 874//908
f  180//180 177//177 875//909
f  177//177 876//910 875//909
f  177//177 172//172 876//910
f  172//172 877//911 876//910
f  172//172 871//905 877//911
f  180//180 872//906 179//179
f  872//906 183//183 179//179
f  872//906 878//912 183//183
f  878//912 879//913 183//183
f  183//183 879//913 182//182
f  879//913 215//215 182//182
f  879//913 880//914 215//215
f  880//914 881//915 215//215
f  190//190 882//916 194//194
f  881//915 883//917 215//215
f  883//917 186//186 215//215
f  883//917 884//918 186//186
f  884//918 184//184 186//186
f  884//918 885//919 184//184
f  885//919 205//205 184//184
f  885//919 886//920 205//205
f  886//920 204//204 205//205
f  886//920 887//921 204//204
f  887//921 190//190 204//204
f  887//921 888//922 190//190
f  888//922 882//916 190//190
f  888//922 889//923 882//916
f  167//167 857//891 861//895
f  857//891 864//898 861//895
f  857//891 858//892 864//898
f  158//158 852//886 157//157
f  852//886 156//156 157//157
f  852//886 856//890 156//156
f  856//890 154//154 156//156
f  856//890 857//891 154//154
f  857//891 162//162 154//154
f  857//891 167//167 162//162
f  167//167 861//895 166//166
f  861//895 890//924 166//166
f  861//895 860//894 890//924
f  860//894 865//899 890//924
f  860//894 891//925 865//899
f  891//925 866//900 865//899
f  870//904 869//903 866//900
f  869//903 867//901 866//900
f  869//903 170//170 867//901
f  170//170 865//899 867//901
f  170//170 163//163 865//899
f  163//163 890//924 865//899
f  163//163 165//165 890//924
f  165//165 166//166 890//924
f  892//926 893//927 894//928
f  893//927 895//929 894//928
f  893//927 896//930 895//929
f  896//930 897//931 895//929
f  896//930 898//932 897//931
f  898//932 899//933 897//931
f  892//926 894//928 196//196
f  894//928 197//197 196//196
f  894//928 202//202 197//197
f  900//934 901//935 899//933
f  901//935 897//931 899//933
f  901//935 902//936 897//931
f  902//936 895//929 897//931
f  902//936 903//937 895//929
f  903//937 894//928 895//929
f  903//937 201//201 894//928
f  201//201 202//202 894//928
f  253//253 211//211 904//938
f  211//211 905//939 904//938
f  211//211 213//213 905//939
f  213//213 906//940 905//939
f  213//213 214//214 906//940
f  214//214 907//941 906//940
f  214//214 216//216 907//941
f  908//942 909//943 910//944
f  909//943 907//941 910//944
f  909//943 911//945 907//941
f  911//945 906//940 907//941
f  911//945 912//946 906//940
f  912//946 905//939 906//940
f  912//946 913//947 905//939
f  913//947 904//938 905//939
f  913//947 914//948 904//938
f  915//949 916//950 917//951
f  916//950 918//952 917//951
f  916//950 919//953 918//952
f  918//952 919//953 908//942
f  919//953 909//943 908//942
f  919//953 920//954 909//943
f  920//954 911//945 909//943
f  920//954 921//955 911//945
f  921//955 912//946 911//945
f  921//955 922//956 912//946
f  922//956 913//947 912//946
f  922//956 923//957 913//947
f  923//957 914//948 913//947
f  923//957 924//958 914//948
f  925//959 926//960 927//961
f  900//934 928//962 901//935
f  928//962 929//963 901//935
f  928//962 930//964 929//963
f  930//964 931//965 929//963
f  930//964 932//966 931//965
f  932//966 933//967 931//965
f  934//968 935//969 936//970
f  935//969 937//971 936//970
f  936//970 937//971 938//972
f  937//971 939//973 938//972
f  937//971 935//969 939//973
f  935//969 940//974 939//973
f  935//969 941//975 940//974
f  942//976 943//977 944//978
f  943//977 945//979 944//978
f  943//977 946//980 945//979
f  946//980 925//959 945//979
f  946//980 933//967 925//959
f  933//967 926//960 925//959
f  933//967 932//966 926//960
f  927//961 947//981 925//959
f  947//981 945//979 925//959
f  947//981 938//972 945//979
f  938//972 944//978 945//979
f  938//972 939//973 944//978
f  939//973 942//976 944//978
f  939//973 940//974 942//976
f  201//201 903//937 917//951
f  903//937 915//949 917//951
f  903//937 902//936 915//949
f  201//201 917//951 18//18
f  917//951 16//16 18//18
f  917//951 918//952 16//16
f  918//952 210//210 16//16
f  918//952 908//942 210//210
f  908//942 209//209 210//210
f  908//942 910//944 209//209
f  910//944 208//208 209//209
f  910//944 907//941 208//208
f  907//941 206//206 208//208
f  907//941 216//216 206//206
f  901//935 929//963 902//936
f  929//963 915//949 902//936
f  929//963 931//965 915//949
f  931//965 916//950 915//949
f  931//965 933//967 916//950
f  933//967 919//953 916//950
f  933//967 946//980 919//953
f  946//980 920//954 919//953
f  946//980 943//977 920//954
f  943//977 921//955 920//954
f  943//977 942//976 921//955
f  942//976 922//956 921//955
f  942//976 940//974 922//956
f  940//974 923//957 922//956
f  940//974 941//975 923//957
f  941//975 924//958 923//957
f  223//223 948//982 222//222
f  225//225 949//983 224//224
f  950//984 951//985 952//986
f  953//987 954//988 955//989
f  224//224 949//983 13//13
f  949//983 956//990 13//13
f  949//983 955//989 956//990
f  955//989 957//991 956//990
f  955//989 954//988 957//991
f  223//223 253//253 948//982
f  958//992 959//993 934//968
f  959//993 935//969 934//968
f  959//993 960//994 935//969
f  960//994 941//975 935//969
f  960//994 961//995 941//975
f  961//995 924//958 941//975
f  961//995 962//996 924//958
f  962//996 914//948 924//958
f  962//996 948//982 914//948
f  948//982 904//938 914//948
f  948//982 253//253 904//938
f  963//997 964//998 220//220
f  964//998 219//219 220//220
f  965//999 966//1000 967//1001
f  966//1000 968//1002 967//1001
f  966//1000 969//1003 968//1002
f  219//219 964//998 225//225
f  964//998 949//983 225//225
f  964//998 963//997 949//983
f  963//997 955//989 949//983
f  963//997 970//1004 955//989
f  970//1004 953//987 955//989
f  970//1004 971//1005 953//987
f  971//1005 972//1006 953//987
f  971//1005 973//1007 972//1006
f  973//1007 965//999 972//1006
f  973//1007 951//985 965//999
f  951//985 966//1000 965//999
f  951//985 950//984 966//1000
f  950//984 969//1003 966//1000
f  950//984 974//1008 969//1003
f  954//988 953//987 975//1009
f  953//987 976//1010 975//1009
f  953//987 972//1006 976//1010
f  972//1006 977//1011 976//1010
f  972//1006 965//999 977//1011
f  965//999 978//1012 977//1011
f  965//999 967//1001 978//1012
f  952//986 951//985 958//992
f  951//985 959//993 958//992
f  951//985 973//1007 959//993
f  973//1007 960//994 959//993
f  973//1007 971//1005 960//994
f  971//1005 961//995 960//994
f  971//1005 970//1004 961//995
f  970//1004 962//996 961//995
f  970//1004 963//997 962//996
f  963//997 948//982 962//996
f  963//997 220//220 948//982
f  220//220 222//222 948//982
f  979//1013 980//1014 981//1015
f  982//1016 983//1017 984//1018
f  985//1019 984//1018 986//1020
f  987//1021 986//1020 988//1022
f  229//229 988//1022 228//228
f  988//1022 229//229 987//1021
f  229//229 989//1023 987//1021
f  229//229 230//230 989//1023
f  230//230 990//1024 989//1023
f  230//230 14//14 990//1024
f  14//14 991//1025 990//1024
f  14//14 13//13 991//1025
f  984//1018 985//1019 982//1016
f  985//1019 992//1026 982//1016
f  985//1019 993//1027 992//1026
f  979//1013 994//1028 980//1014
f  995//1029 980//1014 993//1027
f  980//1014 992//1026 993//1027
f  980//1014 994//1028 992//1026
f  994//1028 982//1016 992//1026
f  994//1028 996//1030 982//1016
f  996//1030 983//1017 982//1016
f  996//1030 997//1031 983//1017
f  981//1015 998//1032 999//1033
f  981//1015 980//1014 998//1032
f  980//1014 1000//1034 998//1032
f  980//1014 995//1029 1000//1034
f  995//1029 1001//1035 1000//1034
f  995//1029 1002//1036 1001//1035
f  986//1020 987//1021 985//1019
f  987//1021 993//1027 985//1019
f  987//1021 989//1023 993//1027
f  989//1023 995//1029 993//1027
f  989//1023 990//1024 995//1029
f  990//1024 1002//1036 995//1029
f  990//1024 991//1025 1002//1036
f  227//227 228//228 339//339
f  228//228 988//1022 339//339
f  347//347 1003//1037 1004//1038
f  339//339 988//1022 341//341
f  988//1022 342//342 341//341
f  988//1022 986//1020 342//342
f  986//1020 344//344 342//342
f  986//1020 984//1018 344//344
f  984//1018 345//345 344//344
f  984//1018 983//1017 345//345
f  983//1017 348//348 345//345
f  983//1017 997//1031 348//348
f  997//1031 347//347 348//348
f  997//1031 1005//1039 347//347
f  1005//1039 1003//1037 347//347
f  90//1040 94//1041 1006//1042
f  94//1041 1007//1043 1006//1042
f  94//1041 92//1044 1007//1043
f  92//1044 91//1045 1007//1043
f  91//1045 1008//1046 1007//1043
f  91//1045 95//1047 1008//1046
f  95//1047 96//1048 1008//1046
f  96//1048 1009//1049 1008//1046
f  96//1048 97//1050 1009//1049
f  97//1050 80//1051 1009//1049
f  80//1051 1010//1052 1009//1049
f  80//1051 82//1053 1010//1052
f  82//1053 83//1054 1010//1052
f  83//1054 1011//1055 1010//1052
f  83//1054 84//1056 1011//1055
f  84//1056 75//1057 1011//1055
f  75//1057 1012//1058 1011//1055
f  75//1057 77//1059 1012//1058
f  1013//1060 1012//1058 66//1061
f  1012//1058 78//1062 66//1061
f  1012//1058 77//1059 78//1062
f  88//1063 1014//1064 86//1065
f  88//1063 89//1066 1014//1064
f  89//1066 1006//1042 1014//1064
f  89//1066 90//1040 1006//1042
f  31//1067 32//1068 1015//1069
f  32//1068 1014//1064 1015//1069
f  32//1068 87//1070 1014//1064
f  87//1070 86//1065 1014//1064
f  31//1067 1015//1069 29//1071
f  1015//1069 100//1072 29//1071
f  1015//1069 1016//1073 100//1072
f  1016//1073 99//1074 100//1072
f  47//1075 48//1076 1017//1077
f  48//1076 1016//1073 1017//1077
f  48//1076 98//1078 1016//1073
f  98//1078 99//1074 1016//1073
f  52//1079 53//1080 1018//1081
f  53//1080 1019//1082 1018//1081
f  53//1080 54//1083 1019//1082
f  54//1083 55//1084 1019//1082
f  55//1084 1020//1085 1019//1082
f  55//1084 56//1086 1020//1085
f  56//1086 1021//1087 1020//1085
f  56//1086 57//1088 1021//1087
f  57//1088 58//1089 1021//1087
f  58//1089 1022//1090 1021//1087
f  58//1089 1023//1091 1022//1090
f  33//1092 1024//1093 34//1094
f  1024//1093 37//1095 34//1094
f  1024//1093 1023//1091 37//1095
f  1023//1091 59//1096 37//1095
f  1023//1091 58//1089 59//1096
f  33//1092 38//1097 1024//1093
f  38//1097 1025//1098 1024//1093
f  38//1097 39//1099 1025//1098
f  39//1099 40//1100 1025//1098
f  40//1100 1026//1101 1025//1098
f  40//1100 41//1102 1026//1101
f  44//1103 1026//1101 43//1104
f  1026//1101 42//1105 43//1104
f  1026//1101 41//1102 42//1105
f  44//1103 45//1106 1026//1101
f  45//1106 1017//1077 1026//1101
f  45//1106 47//1075 1017//1077
f  62//1107 1027//1108 74//1109
f  65//1110 51//1111 1028//1112
f  51//1111 1018//1081 1028//1112
f  51//1111 52//1079 1018//1081
f  65//1110 1028//1112 64//1113
f  1028//1112 63//1114 64//1113
f  1028//1112 1027//1108 63//1114
f  1027//1108 61//1115 63//1114
f  1027//1108 62//1107 61//1115
f  71//1116 72//1117 1029//1118
f  72//1117 1027//1108 1029//1118
f  72//1117 73//1119 1027//1108
f  73//1119 74//1109 1027//1108
f  66//1061 68//1120 1013//1060
f  68//1120 1029//1118 1013//1060
f  68//1120 69//1121 1029//1118
f  69//1121 71//1116 1029//1118
f  1030//1122 346//346 347//347
f  360//1123 359//1124 1031//1125
f  359//359 1032//1126 1031//1127
f  359//359 358//358 1032//1126
f  358//358 1033//1128 1032//1126
f  358//358 356//356 1033//1128
f  356//356 1034//1129 1033//1128
f  356//356 351//351 1034//1129
f  351//351 1035//1130 1034//1129
f  351//351 349//349 1035//1130
f  349//349 1036//1131 1035//1130
f  349//349 346//346 1036//1131
f  346//346 1037//1132 1036//1131
f  346//346 1030//1122 1037//1132
f  1038//1133 1039//1134 1040//1135
f  1041//1136 1042//1137 1043//1138
f  1044//1139 1045//1140 1046//1141
f  1047//1142 360//360 1031//1127
f  1047//1142 1048//1143 360//360
f  1046//1141 1049//1144 1044//1139
f  1049//1144 1050//1145 1044//1139
f  1049//1144 1051//1146 1050//1145
f  1052//1147 1045//1140 1053//1148
f  1045//1140 1054//1149 1053//1148
f  1045//1140 1044//1139 1054//1149
f  1041//1136 1055//1150 1042//1137
f  1055//1150 1056//1151 1042//1137
f  1055//1150 1057//1152 1056//1151
f  1057//1152 1058//1153 1056//1151
f  1057//1152 1059//1154 1058//1153
f  1059//1154 1060//1155 1058//1153
f  1060//1155 1061//1156 1058//1153
f  1060//1155 1062//1157 1061//1156
f  1040//1135 1063//1158 1038//1133
f  1038//1133 1063//1158 1064//1159
f  1063//1158 1065//1160 1064//1159
f  1063//1158 1061//1156 1065//1160
f  1061//1156 1066//1161 1065//1160
f  1061//1156 1062//1157 1066//1161
f  1039//1134 401//401 399//399
f  402//402 403//403 1038//1133
f  403//403 1039//1134 1038//1133
f  403//403 404//404 1039//1134
f  404//404 401//401 1039//1134
f  396//396 1039//1134 394//394
f  394//394 1039//1134 395//395
f  1039//1134 397//397 395//395
f  1039//1134 399//399 397//397
f  1067//1162 1068//1163 384//384
f  1068//1163 386//386 384//384
f  1068//1163 1069//1164 386//386
f  1069//1164 388//388 386//386
f  1069//1164 1070//1165 388//388
f  1070//1165 390//390 388//388
f  376//376 1071//1166 375//375
f  1071//1166 380//380 375//375
f  1071//1166 1067//1162 380//380
f  1067//1162 382//382 380//380
f  1067//1162 384//384 382//382
f  1072//1167 376//376 377//377
f  1050//1145 1051//1146 1048//1143
f  1051//1146 360//360 1048//1143
f  1051//1146 1049//1144 360//360
f  1049//1144 374//374 360//360
f  1049//1144 377//377 374//374
f  390//390 1070//1165 392//392
f  1070//1165 1073//1168 392//392
f  1070//1165 1069//1164 1073//1168
f  1069//1164 1074//1169 1073//1168
f  1069//1164 1068//1163 1074//1169
f  1068//1163 1075//1170 1074//1169
f  1068//1163 1067//1162 1075//1170
f  376//376 1072//1167 1071//1166
f  1072//1167 1076//1171 1071//1166
f  1072//1167 1077//1172 1076//1171
f  1075//1170 1067//1162 1078//1173
f  1067//1162 1079//1174 1078//1173
f  1067//1162 1071//1166 1079//1174
f  1071//1166 1080//1175 1079//1174
f  1071//1166 1076//1171 1080//1175
f  377//377 1049//1144 1072//1167
f  1049//1144 1077//1172 1072//1167
f  1049//1144 1046//1141 1077//1172
f  1046//1141 1081//1176 1077//1172
f  1046//1141 1045//1140 1081//1176
f  1045//1140 1082//1177 1081//1176
f  1045//1140 1052//1147 1082//1177
f  392//392 1073//1168 396//396
f  1073//1168 1039//1134 396//396
f  1073//1168 1074//1169 1039//1134
f  1074//1169 1040//1135 1039//1134
f  1074//1169 1075//1170 1040//1135
f  1075//1170 1063//1158 1040//1135
f  1075//1170 1078//1173 1063//1158
f  1078//1173 1061//1156 1063//1158
f  1078//1173 1079//1174 1061//1156
f  1079//1174 1058//1153 1061//1156
f  1079//1174 1080//1175 1058//1153
f  1080//1175 1056//1151 1058//1153
f  1080//1175 1076//1171 1056//1151
f  1076//1171 1042//1137 1056//1151
f  1076//1171 1077//1172 1042//1137
f  1077//1172 1043//1138 1042//1137
f  1077//1172 1081//1176 1043//1138
f  1081//1176 1041//1136 1043//1138
f  1081//1176 1082//1177 1041//1136
f  422//422 427//1178 424//424
f  104//104 106//106 419//419
f  106//106 1083//1179 419//419
f  106//106 1084//1180 1083//1179
f  1084//1180 1085//1181 1083//1179
f  1084//1180 1086//1182 1085//1181
f  449//1183 425//1184 1085//1181
f  425//1184 1083//1179 1085//1181
f  425//1184 427//1178 1083//1179
f  427//1178 419//419 1083//1179
f  427//1178 422//422 419//419
f  1087//1185 1088//1186 1089//1187
f  1090//1188 1091//1189 1092//1190
f  1093//1191 1094//1192 1095//1193
f  1094//1192 1096//1194 1095//1193
f  1094//1192 1092//1190 1096//1194
f  1092//1190 1097//1195 1096//1194
f  1092//1190 1091//1189 1097//1195
f  1087//1185 1093//1191 1098//1196
f  1093//1191 1099//1197 1098//1196
f  1093//1191 1095//1193 1099//1197
f  1088//1186 1087//1185 1100//1198
f  1087//1185 1101//1199 1100//1198
f  1087//1185 1098//1196 1101//1199
f  1102//1200 1103//1201 1104//1202
f  1103//1201 1105//1203 1104//1202
f  1103//1201 1106//1204 1105//1203
f  1106//1204 1107//1205 1105//1203
f  1106//1204 1088//1186 1107//1205
f  1088//1186 1108//1206 1107//1205
f  1088//1186 1100//1198 1108//1206
f  1109//1207 1110//1208 1111//1209
f  1112//1210 1113//1211 1114//1212
f  1115//1213 1113//1211 1116//1214
f  1113//1211 1117//1215 1116//1214
f  1113//1211 1112//1210 1117//1215
f  1114//1212 1113//1211 1118//1216
f  1113//1211 1119//1217 1118//1216
f  1113//1211 1115//1213 1119//1217
f  1120//1218 1110//1208 1121//1219
f  1103//1201 1102//1200 1122//1220
f  1102//1200 1120//1218 1122//1220
f  1102//1200 1123//1221 1120//1218
f  1123//1221 1110//1208 1120//1218
f  1123//1221 1124//1222 1110//1208
f  1124//1222 1111//1209 1110//1208
f  1125//1223 1126//1224 1127//1225
f  1128//1226 1127//1225 1129//1227
f  508//1228 1130//1229 503//1230
f  506//1231 1131//1232 507//1233
f  1131//1232 508//1228 507//1233
f  494//1234 1132//1235 495//1236
f  1132//1235 496//1237 495//1236
f  443//1238 488//1239 441//1240
f  488//1239 443//1238 489//1241
f  443//1238 490//1242 489//1241
f  443//1238 1133//1243 490//1242
f  490//1242 1133//1243 491//1244
f  1133//1243 492//1245 491//1244
f  1133//1243 493//1246 492//1245
f  1134//1247 483//1248 484//1249
f  441//1240 488//1239 465//1250
f  488//1239 1135//1251 465//1250
f  488//1239 487//1252 1135//1251
f  487//1252 1134//1247 1135//1251
f  487//1252 482//1253 1134//1247
f  482//1253 483//1248 1134//1247
f  465//1250 1136//1254 458//1255
f  1136//1254 465//1250 1137//1256
f  465//1250 1138//1257 1137//1256
f  465//1250 1135//1251 1138//1257
f  1135//1251 486//1258 1138//1257
f  1135//1251 1134//1247 486//1258
f  1134//1247 485//1259 486//1258
f  1134//1247 484//1249 485//1259
f  1139//1260 1133//1243 445//1261
f  1133//1243 444//1262 445//1261
f  1133//1243 443//1238 444//1262
f  428//1263 1140//1264 429//1265
f  1140//1264 432//1266 429//1265
f  1140//1264 1141//1267 432//1266
f  1141//1267 435//1268 432//1266
f  1094//1192 1093//1191 1142//1269
f  1093//1191 1143//1270 1142//1269
f  1093//1191 1087//1185 1143//1270
f  1087//1185 1144//1271 1143//1270
f  1087//1185 1089//1187 1144//1271
f  1145//1272 1146//1273 1147//1274
f  1146//1273 1148//1275 1147//1274
f  1121//1219 1110//1208 428//1263
f  1110//1276 1140//1277 428//1278
f  1110//1208 1149//1279 1140//1264
f  1149//1279 1141//1267 1140//1264
f  1149//1279 1150//1280 1141//1267
f  1150//1280 435//1268 1141//1267
f  1150//1280 1139//1260 435//1268
f  1139//1260 452//1281 435//1268
f  1139//1260 445//1261 452//1281
f  1148//1275 1146//1273 1151//1282
f  1146//1273 1152//1283 1151//1282
f  1146//1273 1128//1226 1152//1283
f  1128//1226 1153//1284 1152//1283
f  1128//1226 1129//1227 1153//1284
f  1129//1227 1154//1285 1153//1284
f  1129//1227 1155//1286 1154//1285
f  1117//1215 1112//1210 1109//1207
f  1112//1210 1110//1208 1109//1207
f  1112//1210 1126//1224 1110//1208
f  1126//1224 1149//1279 1110//1208
f  1126//1224 1125//1223 1149//1279
f  1125//1223 1150//1280 1149//1279
f  1125//1223 1156//1287 1150//1280
f  1156//1287 1139//1260 1150//1280
f  1156//1287 1157//1288 1139//1260
f  1157//1288 1133//1243 1139//1260
f  1157//1288 1132//1235 1133//1243
f  1132//1235 493//1246 1133//1243
f  1132//1235 494//1234 493//1246
f  1127//1225 1128//1226 1158//1289
f  1128//1226 1159//1290 1158//1289
f  1128//1226 1146//1273 1159//1290
f  1146//1273 1160//1291 1159//1290
f  1146//1273 1145//1272 1160//1291
f  1145//1272 1161//1292 1160//1291
f  1145//1272 1131//1232 1161//1292
f  1131//1232 497//1293 1161//1292
f  1131//1232 506//1231 497//1293
f  1127//1225 1158//1289 1125//1223
f  1158//1289 1156//1287 1125//1223
f  1158//1289 1159//1290 1156//1287
f  1159//1290 1157//1288 1156//1287
f  1159//1290 1160//1291 1157//1288
f  1160//1291 1132//1235 1157//1288
f  1160//1291 1161//1292 1132//1235
f  1161//1292 496//1237 1132//1235
f  1161//1292 497//1293 496//1237
f  508//1228 1131//1232 1130//1229
f  1131//1232 1162//1294 1130//1229
f  1131//1232 1145//1272 1162//1294
f  1145//1272 1163//1295 1162//1294
f  1145//1272 1147//1274 1163//1295
f  463//468 481//488 464//469
f  1136//1296 463//468 458//463
f  463//468 1136//1296 481//488
f  1136//1296 480//487 481//488
f  1136//1296 1137//1297 480//487
f  1137//1297 479//486 480//487
f  1137//1297 1138//1298 479//486
f  1138//1298 478//485 479//486
f  1138//1298 486//499 478//485
f  448//1299 1164//1300 447//1301
f  449//1183 1085//1181 448//1299
f  1085//1181 1164//1300 448//1299
f  1085//1181 1086//1182 1164//1300
f  1086//1182 1165//1302 1164//1300
f  475//1303 1166//1304 442//1305
f  1166//1304 475//1303 1167//1306
f  475//1303 1168//1307 1167//1306
f  475//1303 473//1308 1168//1307
f  473//1308 1169//1309 1168//1307
f  473//1308 470//1310 1169//1309
f  470//1310 1170//1311 1169//1309
f  470//1310 468//1312 1170//1311
f  468//1312 1171//1313 1170//1311
f  468//1312 453//1314 1171//1313
f  453//1314 1172//1315 1171//1313
f  453//1314 455//1316 1172//1315
f  455//1316 1173//1317 1172//1315
f  455//1316 456//1318 1173//1317
f  1052//1147 442//1305 1166//1304
f  1174//1319 1175//1320 1176//1321
f  1175//1320 1177//1322 1176//1321
f  1178//1323 450//1324 1179//1325
f  450//1324 1180//1326 1179//1325
f  450//1324 442//1305 1180//1326
f  1031//1127 1032//1126 1047//1142
f  1032//1126 1048//1143 1047//1142
f  1032//1126 1050//1145 1048//1143
f  1050//1145 1032//1126 1044//1139
f  1032//1126 1054//1149 1044//1139
f  1032//1126 442//1305 1054//1149
f  442//1305 1053//1148 1054//1149
f  442//1305 1052//1147 1053//1148
f  1177//1322 450//1324 1176//1321
f  450//1324 1181//1327 1176//1321
f  450//1324 1178//1323 1181//1327
f  1180//1326 442//1305 1182//1328
f  442//1305 1183//1329 1182//1328
f  442//1305 1184//1330 1183//1329
f  1184//1330 442//1305 1185//1331
f  442//1305 1186//1332 1185//1331
f  442//1305 1032//1126 1186//1332
f  437//1333 1187//1334 1188//1335
f  437//1333 436//1336 1187//1334
f  1188//1335 1189//1337 437//1333
f  1189//1337 440//1338 437//1333
f  1189//1337 1190//1339 440//1338
f  1190//1339 426//1340 440//1338
f  1190//1339 1191//1341 426//1340
f  426//1340 1191//1341 446//1342
f  1191//1341 462//1343 446//1342
f  1191//1341 1192//1344 462//1343
f  460//1345 1193//1346 477//1347
f  462//1343 1192//1344 461//1348
f  1192//1344 459//1349 461//1348
f  1192//1344 1194//1350 459//1349
f  1194//1350 460//1345 459//1349
f  1194//1350 1195//1351 460//1345
f  1195//1351 1193//1346 460//1345
f  1196//1352 476//1353 1197//1354
f  476//1353 1198//1355 1197//1354
f  476//1353 477//1347 1198//1355
f  477//1347 1199//1356 1198//1355
f  477//1347 1193//1346 1199//1356
f  476//1353 1196//1352 474//1357
f  1196//1352 472//1358 474//1357
f  1196//1352 1200//1359 472//1358
f  472//1358 1200//1359 471//1360
f  1200//1359 469//1361 471//1360
f  1200//1359 1201//1362 469//1361
f  1201//1362 467//1363 469//1361
f  1201//1362 1202//1364 467//1363
f  467//1363 1202//1364 466//1365
f  1202//1364 454//1366 466//1365
f  1202//1364 1203//1367 454//1366
f  1203//1367 436//1336 454//1366
f  1203//1367 1204//1368 436//1336
f  1204//1368 1187//1334 436//1336
f  1148//1275 1205//1369 1147//1274
f  1206//1370 1207//1371 1208//1372
f  1209//1373 1210//1374 1211//1375
f  1153//1284 1212//1376 1152//1283
f  1213//1377 1214//1378 1215//1379
f  1216//1380 1217//1381 1218//1382
f  1217//1381 1219//1383 1218//1382
f  1219//1383 1220//1384 1218//1382
f  1220//1384 1221//1385 1218//1382
f  1220//1384 1222//1386 1221//1385
f  1221//1385 1223//1387 1224//1388
f  1222//1386 1225//1389 1221//1385
f  1225//1389 1223//1387 1221//1385
f  1225//1389 1226//1390 1223//1387
f  1226//1390 1225//1389 1227//1391
f  1225//1389 1228//1392 1227//1391
f  1225//1389 1229//1393 1228//1392
f  1229//1393 1230//1394 1228//1392
f  1229//1393 1231//1395 1230//1394
f  1231//1395 1232//1396 1230//1394
f  1230//1394 1232//1396 1233//1397
f  1232//1396 1234//1398 1233//1397
f  1232//1396 1235//1399 1234//1398
f  1236//1400 1237//1401 1238//1402
f  1237//1401 1239//1403 1238//1402
f  1237//1401 1240//1404 1239//1403
f  1241//1405 1208//1372 1240//1404
f  1208//1372 1239//1403 1240//1404
f  1208//1372 1242//1406 1239//1403
f  1242//1406 1238//1402 1239//1403
f  1242//1406 1243//1407 1238//1402
f  1241//1405 1244//1408 1208//1372
f  1244//1408 1206//1370 1208//1372
f  1244//1408 1245//1409 1206//1370
f  1245//1409 1246//1410 1206//1370
f  1245//1409 1234//1398 1246//1410
f  1234//1398 1247//1411 1246//1410
f  1234//1398 1235//1399 1247//1411
f  1248//1412 1249//1413 1250//1414
f  1249//1413 1251//1415 1250//1414
f  1249//1413 1252//1416 1251//1415
f  1253//1417 1254//1418 1255//1419
f  1256//1420 1257//1421 1258//1422
f  1259//1423 1260//1424 1261//1425
f  1213//1377 1262//1426 1214//1378
f  1261//1425 1214//1378 1259//1423
f  1262//1426 1263//1427 1214//1378
f  1263//1427 1259//1423 1214//1378
f  1263//1427 1264//1428 1259//1423
f  1265//1429 1266//1430 1267//1431
f  1266//1430 1264//1428 1267//1431
f  1266//1430 1268//1432 1264//1428
f  1268//1432 1259//1423 1264//1428
f  1268//1432 1269//1433 1259//1423
f  1269//1433 1260//1424 1259//1423
f  1269//1433 1270//1434 1260//1424
f  1270//1434 1256//1420 1260//1424
f  1270//1434 1271//1435 1256//1420
f  1271//1435 1257//1421 1256//1420
f  1272//1436 1273//1437 1274//1438
f  1273//1437 1275//1439 1274//1438
f  1273//1437 1258//1422 1275//1439
f  1258//1422 1276//1440 1275//1439
f  1258//1422 1257//1421 1276//1440
f  1163//1295 1277//1441 1162//1294
f  1277//1441 1130//1229 1162//1294
f  1272//1436 502//1442 1273//1437
f  502//1442 1278//1443 1273//1437
f  502//1442 499//1444 1278//1443
f  499//1444 1277//1441 1278//1443
f  499//1444 498//1445 1277//1441
f  498//1445 1130//1229 1277//1441
f  498//1445 503//1230 1130//1229
f  1279//1446 1154//1285 1155//1286
f  1211//1375 1280//1447 1209//1373
f  1280//1447 1279//1446 1209//1373
f  1280//1447 1212//1376 1279//1446
f  1212//1376 1154//1285 1279//1446
f  1212//1376 1153//1284 1154//1285
f  1281//1448 1282//1449 1246//1450
f  1282//1451 1206//1452 1246//1452
f  1282//1453 1210//1374 1206//1370
f  1210//1374 1207//1371 1206//1370
f  1210//1374 1209//1373 1207//1371
f  1224//1388 1283//1454 1221//1385
f  1283//1454 1218//1382 1221//1385
f  1283//1454 1284//1455 1218//1382
f  1284//1455 1216//1380 1218//1382
f  1284//1455 1285//1456 1216//1380
f  1286//1457 1287//1458 1288//1459
f  1287//1458 1289//1460 1288//1459
f  1287//1458 1216//1380 1289//1460
f  1216//1380 1290//1461 1289//1460
f  1216//1380 1285//1456 1290//1461
f  1151//1282 1291//1462 1148//1275
f  1291//1462 1205//1369 1148//1275
f  1291//1462 1292//1463 1205//1369
f  1292//1463 1293//1464 1205//1369
f  1292//1463 1294//1465 1293//1464
f  1294//1465 1295//1466 1293//1464
f  1294//1465 1251//1415 1295//1466
f  1251//1415 1254//1418 1295//1466
f  1251//1415 1252//1416 1254//1418
f  1252//1416 1255//1419 1254//1418
f  1152//1283 1212//1376 1151//1282
f  1212//1376 1291//1462 1151//1282
f  1212//1376 1280//1447 1291//1462
f  1280//1447 1292//1463 1291//1462
f  1280//1447 1211//1375 1292//1463
f  1211//1375 1294//1465 1292//1463
f  1211//1375 1210//1374 1294//1465
f  1210//1374 1251//1415 1294//1465
f  1210//1374 1282//1453 1251//1415
f  1282//1453 1250//1414 1251//1415
f  1282//1453 1281//1467 1250//1414
f  1281//1467 1248//1412 1250//1414
f  1147//1274 1205//1369 1163//1295
f  1205//1369 1277//1441 1163//1295
f  1205//1369 1293//1464 1277//1441
f  1293//1464 1278//1443 1277//1441
f  1293//1464 1295//1466 1278//1443
f  1295//1466 1273//1437 1278//1443
f  1295//1466 1254//1418 1273//1437
f  1254//1418 1258//1422 1273//1437
f  1254//1418 1253//1417 1258//1422
f  1253//1417 1256//1420 1258//1422
f  1296//1468 1297//1469 1298//1470
f  1299//1471 1300//1472 1301//1473
f  536//566 1302//1474 613//643
f  621//651 1303//1475 620//650
f  1304//1476 1305//1477 1306//1478
f  1304//1476 1307//1479 1305//1477
f  1307//1479 1308//1480 1305//1477
f  1307//1479 1309//1481 1308//1480
f  621//651 622//652 1303//1475
f  1310//1482 1311//1483 617//647
f  1311//1483 616//646 617//647
f  1311//1483 1312//1484 616//646
f  1312//1484 622//652 616//646
f  1312//1484 1313//1485 622//652
f  1313//1485 1303//1475 622//652
f  1302//1474 1314//1486 613//643
f  613//643 1314//1486 612//642
f  1314//1486 610//640 612//642
f  1314//1486 1315//1487 610//640
f  1315//1487 535//565 610//640
f  1315//1487 1310//1482 535//565
f  1310//1482 533//563 535//565
f  1310//1482 617//647 533//563
f  1301//1473 1316//1488 1299//1471
f  536//566 537//567 1302//1474
f  537//567 1317//1489 1302//1474
f  537//567 609//639 1317//1489
f  609//639 1316//1488 1317//1489
f  609//639 604//634 1316//1488
f  604//634 1299//1471 1316//1488
f  604//634 603//633 1299//1471
f  1318//1490 1319//1491 1320//1492
f  1319//1491 1318//1490 1321//1493
f  1318//1490 1322//1494 1321//1493
f  1318//1490 1323//1495 1322//1494
f  1323//1495 1324//1496 1322//1494
f  1323//1495 1325//1497 1324//1496
f  1325//1497 1326//1498 1324//1496
f  1325//1497 1327//1499 1326//1498
f  1328//1500 1329//1501 1330//1502
f  1329//1501 1331//1503 1330//1502
f  1329//1501 1332//1504 1331//1503
f  1332//1504 1333//1505 1331//1503
f  1332//1504 1334//1506 1333//1505
f  1334//1506 1335//1507 1333//1505
f  1334//1506 1336//1508 1335//1507
f  1336//1508 1337//1509 1335//1507
f  1336//1508 1338//1510 1337//1509
f  1338//1510 1339//1511 1337//1509
f  1305//1477 1308//1480 1340//1512
f  1308//1480 1341//1513 1340//1512
f  1308//1480 1342//1514 1341//1513
f  1342//1514 1343//1515 1341//1513
f  1342//1514 1339//1511 1343//1515
f  1339//1511 1344//1516 1343//1515
f  1339//1511 1338//1510 1344//1516
f  1320//1492 1319//1491 1300//1472
f  1319//1491 1301//1473 1300//1472
f  1319//1491 1298//1470 1301//1473
f  1298//1470 1316//1488 1301//1473
f  1298//1470 1297//1469 1316//1488
f  1297//1469 1317//1489 1316//1488
f  1297//1469 1345//1517 1317//1489
f  1345//1517 1302//1474 1317//1489
f  1345//1517 1346//1518 1302//1474
f  1346//1518 1314//1486 1302//1474
f  1346//1518 1347//1519 1314//1486
f  1347//1519 1315//1487 1314//1486
f  1347//1519 1348//1520 1315//1487
f  1348//1520 1310//1482 1315//1487
f  1348//1520 1349//1521 1310//1482
f  1349//1521 1311//1483 1310//1482
f  1349//1521 1350//1522 1311//1483
f  1350//1522 1312//1484 1311//1483
f  1350//1522 1351//1523 1312//1484
f  1351//1523 1313//1485 1312//1484
f  1351//1523 1352//1524 1313//1485
f  1352//1524 1303//1475 1313//1485
f  1352//1524 1351//1523 1309//1481
f  1351//1523 1308//1480 1309//1481
f  1351//1523 1350//1522 1308//1480
f  1350//1522 1342//1514 1308//1480
f  1350//1522 1349//1521 1342//1514
f  1349//1521 1339//1511 1342//1514
f  1349//1521 1348//1520 1339//1511
f  1348//1520 1337//1509 1339//1511
f  1348//1520 1347//1519 1337//1509
f  1347//1519 1335//1507 1337//1509
f  1347//1519 1346//1518 1335//1507
f  1346//1518 1333//1505 1335//1507
f  1346//1518 1345//1517 1333//1505
f  1345//1517 1331//1503 1333//1505
f  1345//1517 1297//1469 1331//1503
f  1297//1469 1330//1502 1331//1503
f  1297//1469 1296//1468 1330//1502
f  1296//1468 1328//1500 1330//1502
f  1296//1468 1298//1470 1328//1500
f  1298//1470 1353//1525 1328//1500
f  1298//1470 1319//1491 1353//1525
f  1319//1491 1354//1526 1353//1525
f  1319//1491 1321//1493 1354//1526
f  605//635 606//636 1355//1527
f  606//636 607//637 1355//1527
f  1356//1528 608//638 1357//1529
f  608//638 723//757 1357//1529
f  1358//1530 1359//1531 1360//1532
f  725//759 1359//1531 723//757
f  1359//1531 1357//1529 723//757
f  1359//1531 1358//1530 1357//1529
f  1358//1530 1356//1528 1357//1529
f  1358//1530 1355//1527 1356//1528
f  1355//1527 608//638 1356//1528
f  1355//1527 607//637 608//638
f  1361//1533 1281//1534 1362//1535
f  1362//1535 1281//1534 1363//1536
f  1281//1534 1364//1537 1363//1536
f  1281//1534 1246//1538 1364//1537
f  1365//1539 1366//1540 1367//1541
f  1215//1542 1368//1543 1369//1544
f  1365//1539 1370//1545 1366//1540
f  1370//1545 1371//1546 1366//1540
f  1370//1545 1372//1547 1371//1546
f  1369//1544 1373//1548 1215//1542
f  1373//1548 1374//1549 1215//1542
f  1373//1548 1375//1550 1374//1549
f  1376//1551 1255//1552 1377//1553
f  1255//1552 1378//1554 1377//1553
f  1255//1552 1252//1555 1378//1554
f  1252//1555 1249//1556 1378//1554
f  1255//1552 1376//1551 1253//1557
f  1376//1551 1256//1558 1253//1557
f  1376//1551 1260//1559 1256//1558
f  1361//1533 1378//1554 1281//1534
f  1378//1554 1248//1560 1281//1534
f  1378//1554 1249//1556 1248//1560
f  1375//1550 1373//1548 720//1561
f  1373//1548 724//1562 720//1561
f  1373//1548 725//1563 724//1562
f  1260//1559 1376//1551 1261//1564
f  1376//1551 1214//1565 1261//1564
f  1376//1551 1215//1542 1214//1565
f  725//1563 1373//1548 1359//1566
f  1373//1548 1360//1567 1359//1566
f  1373//1548 1379//1568 1360//1567
f  1379//1568 1380//1569 1360//1567
f  1379//1568 1381//1570 1380//1569
f  1381//1570 1382//1571 1380//1569
f  1381//1570 1383//1572 1382//1571
f  1383//1572 1384//1573 1382//1571
f  1385//1574 1376//1551 1386//1575
f  1376//1551 1387//1576 1386//1575
f  1376//1551 1388//1577 1387//1576
f  1367//1541 1389//1578 1365//1539
f  1389//1578 1390//1579 1365//1539
f  1389//1578 1391//1580 1390//1579
f  1391//1580 1392//1581 1390//1579
f  1391//1580 1393//1582 1392//1581
f  1368//1543 1215//1542 1394//1583
f  1215//1542 1395//1584 1394//1583
f  1215//1542 1376//1551 1395//1584
f  1376//1551 1396//1585 1395//1584
f  1376//1551 1385//1574 1396//1585
f  1387//1576 1388//1577 1397//1586
f  1388//1577 1398//1587 1397//1586
f  1388//1577 1392//1581 1398//1587
f  1392//1581 1399//1588 1398//1587
f  1392//1581 1393//1582 1399//1588
f  1371//1546 1372//1547 1400//1589
f  1372//1547 1401//1590 1400//1589
f  1372//1547 1402//1591 1401//1590
f  1402//1591 1403//1592 1401//1590
f  1402//1591 1404//1593 1403//1592
f  1404//1593 1405//1594 1403//1592
f  1404//1593 1406//1595 1405//1594
f  1406//1595 1407//1596 1405//1594
f  1406//1595 1408//1597 1407//1596
f  1408//1597 1409//1598 1407//1596
f  1408//1597 1410//1599 1409//1598
f  1410//1599 1411//1600 1409//1598
f  1410//1599 1412//1601 1411//1600
f  1412//1601 1413//1602 1411//1600
f  1412//1601 1384//1573 1413//1602
f  1384//1573 1414//1603 1413//1602
f  1384//1573 1383//1572 1414//1603
f  1415//1604 1375//1550 721//1605
f  1375//1550 720//1561 721//1605
f  1415//1604 721//1605 1416//1606
f  721//1605 1417//1607 1416//1606
f  721//1605 722//1608 1417//1607
f  722//1608 1418//1609 1417//1607
f  722//1608 719//1610 1418//1609
f  1418//1609 1267//1611 1264//1612
f  719//1610 718//1613 1418//1609
f  718//1613 1267//1611 1418//1609
f  718//1613 717//1614 1267//1611
f  717//1614 1265//1615 1267//1611
f  717//1614 716//1616 1265//1615
f  716//1616 1266//1617 1265//1615
f  716//1616 715//1618 1266//1617
f  1269//1619 523//1620 1270//1621
f  1269//1619 1268//1622 523//1620
f  523//1620 1268//1622 521//1623
f  1268//1622 520//1624 521//1623
f  1268//1622 1266//1617 520//1624
f  1266//1617 518//1625 520//1624
f  1266//1617 715//1618 518//1625
f  1274//1626 1275//1627 709//1628
f  1275//1627 708//1629 709//1628
f  1275//1627 1276//1630 708//1629
f  1276//1630 706//1631 708//1629
f  1276//1630 1257//1632 706//1631
f  1257//1632 714//1633 706//1631
f  1257//1632 1271//1634 714//1633
f  1271//1634 712//1635 714//1633
f  1271//1634 1270//1621 712//1635
f  1270//1621 523//1620 712//1635
f  502//529 1272//1636 501//528
f  1272//1636 711//1637 501//528
f  1272//1636 1274//1626 711//1637
f  1274//1626 710//1638 711//1637
f  1274//1626 709//1628 710//1638
f  1419//1639 700//730 1420//1640
f  700//730 1421//1641 1420//1640
f  700//730 693//723 1421//1641
f  1421//1641 693//723 1422//1642
f  693//723 1423//1643 1422//1642
f  693//723 1424//1644 1423//1643
f  1425//1645 1426//1646 695//725
f  1426//1646 693//723 695//725
f  1426//1646 1427//1647 693//723
f  1427//1647 1424//1644 693//723
f  1419//1639 1428//1648 700//730
f  1428//1648 699//729 700//730
f  1428//1648 1429//1649 699//729
f  1429//1649 1430//1650 699//729
f  1430//1650 703//733 699//729
f  1430//1650 1431//1651 703//733
f  703//733 1431//1651 702//732
f  1431//1651 317//317 702//732
f  1431//1651 814//848 317//317
f  1432//1652 1433//1653 1434//1654
f  1433//1653 1435//1655 1434//1654
f  1433//1653 1436//1656 1435//1655
f  1436//1656 1437//1657 1435//1655
f  1436//1656 1438//1658 1437//1657
f  696//726 697//727 1439//1659
f  697//727 1440//1660 1439//1659
f  1441//1661 1432//1652 1442//1662
f  1432//1652 1443//1663 1442//1662
f  1432//1652 1434//1654 1443//1663
f  1444//1664 697//727 524//554
f  1445//1665 524//554 686//716
f  1438//1658 1446//1666 1447//1667
f  1448//1668 1449//1669 1450//1670
f  1449//1669 1451//1671 1450//1670
f  1450//1670 1451//1671 1452//1672
f  1451//1671 1453//1673 1452//1672
f  1451//1671 1454//1674 1453//1673
f  1454//1674 1445//1665 1453//1673
f  1454//1674 1455//1675 1445//1665
f  1455//1675 524//554 1445//1665
f  1455//1675 1454//1674 524//554
f  1454//1674 1444//1664 524//554
f  1454//1674 1451//1671 1444//1664
f  1451//1671 1456//1676 1444//1664
f  1451//1671 1449//1669 1456//1676
f  1440//1660 697//727 1441//1661
f  697//727 1432//1652 1441//1661
f  697//727 1444//1664 1432//1652
f  1444//1664 1433//1653 1432//1652
f  1444//1664 1456//1676 1433//1653
f  1456//1676 1436//1656 1433//1653
f  1456//1676 1449//1669 1436//1656
f  1449//1669 1438//1658 1436//1656
f  1449//1669 1448//1668 1438//1658
f  1448//1668 1446//1666 1438//1658
f  1448//1668 1450//1670 1446//1666
f  1450//1670 1457//1677 1446//1666
f  1450//1670 1452//1672 1457//1677
f  1458//1678 1459//1679 1460//1680
f  1461//1681 1462//1682 1463//1683
f  882//916 657//687 194//194
f  882//916 889//923 657//687
f  659//689 658//688 1464//1684
f  658//688 1465//1685 1464//1684
f  658//688 657//687 1465//1685
f  657//687 1466//1686 1465//1685
f  657//687 889//923 1466//1686
f  807//841 808//842 1467//1687
f  808//842 1468//1688 1467//1687
f  808//842 809//843 1468//1688
f  809//843 1469//1689 1468//1688
f  809//843 659//689 1469//1689
f  659//689 1470//1690 1469//1689
f  659//689 1464//1684 1470//1690
f  1471//1691 661//691 1472//1692
f  661//691 1473//1693 1472//1692
f  661//691 796//830 1473//1693
f  796//830 1474//1694 1473//1693
f  796//830 807//841 1474//1694
f  807//841 1475//1695 1474//1694
f  807//841 1467//1687 1475//1695
f  1471//1691 1476//1696 661//691
f  1476//1696 662//692 661//691
f  1476//1696 1477//1697 662//692
f  662//692 1477//1697 663//693
f  1477//1697 665//695 663//693
f  1477//1697 1478//1698 665//695
f  1478//1698 667//697 665//695
f  1478//1698 1479//1699 667//697
f  1479//1699 668//698 667//697
f  1479//1699 1480//1700 668//698
f  1480//1700 670//700 668//698
f  1480//1700 1481//1701 670//700
f  1461//1681 1482//1702 1462//1682
f  1482//1702 1483//1703 1462//1682
f  1482//1702 1484//1704 1483//1703
f  1485//1705 1459//1679 1486//1706
f  1459//1679 1487//1707 1486//1706
f  1459//1679 1458//1678 1487//1707
f  1488//1708 1489//1709 1490//1710
f  1489//1709 1491//1711 1490//1710
f  1489//1709 1492//1712 1491//1711
f  1492//1712 1485//1705 1491//1711
f  1485//1705 1493//1713 1491//1711
f  1485//1705 1486//1706 1493//1713
f  1494//1714 1488//1708 1495//1715
f  1488//1708 1494//1714 1489//1709
f  1494//1714 685//715 1489//1709
f  1494//1714 689//719 685//715
f  1461//1681 1463//1683 1481//1701
f  1463//1683 670//700 1481//1701
f  1463//1683 1462//1682 670//700
f  1462//1682 672//702 670//700
f  1462//1682 1483//1703 672//702
f  1483//1703 1460//1680 672//702
f  1483//1703 1484//1704 1460//1680
f  1484//1704 1458//1678 1460//1680
f  1485//1705 1492//1712 680//710
f  1492//1712 682//712 680//710
f  1492//1712 1489//1709 682//712
f  1489//1709 683//713 682//712
f  1489//1709 685//715 683//713
f  672//702 1460//1680 674//704
f  1460//1680 675//705 674//704
f  1460//1680 1459//1679 675//705
f  1459//1679 677//707 675//705
f  1459//1679 1485//1705 677//707
f  1485//1705 678//708 677//707
f  1485//1705 680//710 678//708
f  655//685 892//926 196//196
f  898//932 896//930 1496//1716
f  896//930 1497//1717 1496//1716
f  896//930 893//927 1497//1717
f  893//927 1498//1718 1497//1717
f  893//927 892//926 1498//1718
f  892//926 1499//1719 1498//1718
f  892//926 655//685 1499//1719
f  655//685 653//683 1499//1719
f  1500//1720 1496//1716 1501//1721
f  1496//1716 1497//1717 1501//1721
f  527//557 1502//1722 653//683
f  1502//1722 1499//1719 653//683
f  1502//1722 1503//1723 1499//1719
f  1503//1723 1498//1718 1499//1719
f  1503//1723 1504//1724 1498//1718
f  1504//1724 1497//1717 1498//1718
f  1504//1724 1505//1725 1497//1717
f  1505//1725 1501//1721 1497//1717
f  1506//1726 1507//1727 1508//1728
f  1509//1729 1510//1730 1507//1727
f  1511//1731 1512//1732 1513//1733
f  1512//1732 1514//1734 1513//1733
f  1515//1735 1504//1724 1503//1723
f  1516//1736 1517//1737 1518//1738
f  1508//1728 1519//1739 1506//1726
f  1519//1739 1520//1740 1506//1726
f  1519//1739 1521//1741 1520//1740
f  1522//1742 1523//1743 1524//1744
f  1523//1743 1521//1741 1524//1744
f  1523//1743 1525//1745 1521//1741
f  1525//1745 1520//1740 1521//1741
f  1526//1746 1527//1747 1528//1748
f  1527//1747 1529//1749 1528//1748
f  1530//1750 1517//1737 1531//1751
f  1517//1737 1532//1752 1531//1751
f  1517//1737 1516//1736 1532//1752
f  1533//1753 1534//1754 1535//1755
f  1505//1725 1504//1724 1530//1750
f  1504//1724 1517//1737 1530//1750
f  1504//1724 1515//1735 1517//1737
f  1515//1735 1518//1738 1517//1737
f  527//557 529//559 1502//1722
f  529//559 1536//1756 1502//1722
f  640//670 1511//1731 647//677
f  641//671 1537//1757 640//670
f  1537//1757 1511//1731 640//670
f  1537//1757 1538//1758 1511//1731
f  1538//1758 1512//1732 1511//1731
f  1538//1758 1539//1759 1512//1732
f  1539//1759 1514//1734 1512//1732
f  1507//1727 1506//1726 1509//1729
f  1506//1726 1540//1760 1509//1729
f  1506//1726 1520//1740 1540//1760
f  1520//1740 1541//1761 1540//1760
f  1520//1740 1525//1745 1541//1761
f  1525//1745 1527//1747 1541//1761
f  1525//1745 1523//1743 1527//1747
f  1523//1743 1529//1749 1527//1747
f  1523//1743 1522//1742 1529//1749
f  647//677 1511//1731 646//676
f  1511//1731 645//675 646//676
f  1511//1731 1513//1733 645//675
f  1513//1733 530//560 645//675
f  1513//1733 1514//1734 530//560
f  1514//1734 651//681 530//560
f  1514//1734 1542//1762 651//681
f  1542//1762 650//680 651//681
f  1542//1762 1536//1756 650//680
f  1536//1756 649//679 650//680
f  1536//1756 529//559 649//679
f  1534//1754 1543//1763 1535//1755
f  1543//1763 1501//1721 1535//1755
f  1543//1763 1500//1720 1501//1721
f  1534//1754 1533//1753 1544//1764
f  1533//1753 1526//1746 1544//1764
f  1533//1753 1545//1765 1526//1746
f  1545//1765 1527//1747 1526//1746
f  1545//1765 1546//1766 1527//1747
f  1546//1766 1541//1761 1527//1747
f  1546//1766 1547//1767 1541//1761
f  1547//1767 1540//1760 1541//1761
f  1547//1767 1548//1768 1540//1760
f  1548//1768 1509//1729 1540//1760
f  1548//1768 1549//1769 1509//1729
f  1549//1769 1510//1730 1509//1729
f  1549//1769 642//672 1510//1730
f  1502//1722 1536//1756 1503//1723
f  1536//1756 1515//1735 1503//1723
f  1536//1756 1542//1762 1515//1735
f  1542//1762 1518//1738 1515//1735
f  1542//1762 1514//1734 1518//1738
f  1514//1734 1516//1736 1518//1738
f  1514//1734 1539//1759 1516//1736
f  1539//1759 1532//1752 1516//1736
f  642//672 1549//1769 641//671
f  1549//1769 1537//1757 641//671
f  1549//1769 1548//1768 1537//1757
f  1548//1768 1538//1758 1537//1757
f  1548//1768 1547//1767 1538//1758
f  1547//1767 1539//1759 1538//1758
f  1547//1767 1546//1766 1539//1759
f  1546//1766 1532//1752 1539//1759
f  1546//1766 1545//1765 1532//1752
f  1545//1765 1531//1751 1532//1752
f  1545//1765 1533//1753 1531//1751
f  1533//1753 1530//1750 1531//1751
f  1533//1753 1535//1755 1530//1750
f  1535//1755 1505//1725 1530//1750
f  1535//1755 1501//1721 1505//1725
f  1550//1770 1551//1771 1552//1772
f  642//672 644//674 1510//1730
f  644//674 1553//1773 1510//1730
f  1554//1774 1555//1775 1556//1776
f  637//667 1557//1777 1558//1778
f  1555//1775 1554//1774 1559//1779
f  1554//1774 1560//1780 1559//1779
f  1554//1774 1561//1781 1560//1780
f  1561//1781 1562//1782 1560//1780
f  1561//1781 1563//1783 1562//1782
f  1564//1784 1565//1785 1566//1786
f  1565//1785 1567//1787 1566//1786
f  1565//1785 1564//1784 1568//1788
f  1564//1784 1569//1789 1568//1788
f  1564//1784 1570//1790 1569//1789
f  1570//1790 1571//1791 1569//1789
f  1561//1781 1554//1774 1572//1792
f  1554//1774 1573//1793 1572//1792
f  1554//1774 1556//1776 1573//1793
f  1556//1776 1574//1794 1573//1793
f  1556//1776 1567//1787 1574//1794
f  1567//1787 1575//1795 1574//1794
f  1567//1787 1565//1785 1575//1795
f  1565//1785 1551//1771 1575//1795
f  1565//1785 1568//1788 1551//1771
f  1568//1788 1552//1772 1551//1771
f  1553//1773 1576//1796 1510//1730
f  1576//1796 1507//1727 1510//1730
f  1576//1796 1577//1797 1507//1727
f  1577//1797 1508//1728 1507//1727
f  1577//1797 1578//1798 1508//1728
f  1578//1798 1519//1739 1508//1728
f  1578//1798 1579//1799 1519//1739
f  1579//1799 1521//1741 1519//1739
f  1579//1799 1524//1744 1521//1741
f  637//667 732//766 1557//1777
f  732//766 1580//1800 1557//1777
f  732//766 628//658 1580//1800
f  637//667 1558//1778 636//666
f  1558//1778 634//664 636//666
f  1558//1778 1553//1773 634//664
f  1553//1773 731//765 634//664
f  1553//1773 644//674 731//765
f  1566//1786 1567//1787 1581//1801
f  1567//1787 1582//1802 1581//1801
f  1567//1787 1556//1776 1582//1802
f  1556//1776 1583//1803 1582//1802
f  1556//1776 1555//1775 1583//1803
f  1524//1744 1579//1799 1550//1770
f  1579//1799 1551//1771 1550//1770
f  1579//1799 1578//1798 1551//1771
f  1578//1798 1575//1795 1551//1771
f  1578//1798 1577//1797 1575//1795
f  1577//1797 1574//1794 1575//1795
f  1577//1797 1576//1796 1574//1794
f  1576//1796 1573//1793 1574//1794
f  1576//1796 1553//1773 1573//1793
f  1553//1773 1572//1792 1573//1793
f  1553//1773 1558//1778 1572//1792
f  1558//1778 1561//1781 1572//1792
f  1558//1778 1557//1777 1561//1781
f  1557//1777 1563//1783 1561//1781
f  1557//1777 1580//1800 1563//1783
f  633//663 1584//1804 632//662
f  1584//1804 1585//1805 632//662
f  1586//1806 1585//1805 1587//1807
f  1585//1805 1588//1808 1587//1807
f  1585//1805 1584//1804 1588//1808
f  1589//1809 1590//1810 1591//1811
f  1590//1810 1592//1812 1591//1811
f  1590//1810 1586//1806 1592//1812
f  1586//1806 1593//1813 1592//1812
f  1586//1806 1587//1807 1593//1813
f  1594//1814 1595//1815 1589//1809
f  1595//1815 1590//1810 1589//1809
f  1595//1815 1596//1816 1590//1810
f  1596//1816 1597//1817 1590//1810
f  631//661 1598//1818 630//660
f  1598//1818 1599//1819 630//660
f  1598//1818 1600//1820 1599//1819
f  1600//1820 1601//1821 1599//1819
f  1600//1820 1602//1822 1601//1821
f  1602//1822 1603//1823 1601//1821
f  630//660 1599//1819 628//658
f  1599//1819 1604//1824 628//658
f  1599//1819 1601//1821 1604//1824
f  1601//1821 1605//1825 1604//1824
f  1601//1821 1603//1823 1605//1825
f  1603//1823 1606//1826 1605//1825
f  1603//1823 1607//1827 1606//1826
f  632//662 1585//1805 631//661
f  1585//1805 1598//1818 631//661
f  1585//1805 1586//1806 1598//1818
f  1586//1806 1600//1820 1598//1818
f  1586//1806 1590//1810 1600//1820
f  1590//1810 1602//1822 1600//1820
f  1590//1810 1597//1817 1602//1822
f  1597//1817 1603//1823 1602//1822
f  1597//1817 1608//1828 1603//1823
f  1608//1828 1607//1827 1603//1823
f  1608//1828 1609//1829 1607//1827
f  1594//1814 1610//1830 1611//1831
f  1610//1830 1612//1832 1611//1831
f  1610//1830 1613//1833 1612//1832
f  1594//1814 1589//1809 1610//1830
f  1589//1809 1614//1834 1610//1830
f  1589//1809 1591//1811 1614//1834
f  1591//1811 1615//1835 1614//1834
f  1591//1811 1592//1812 1615//1835
f  1592//1812 1616//1836 1615//1835
f  1592//1812 1593//1813 1616//1836
f  1593//1813 1617//1837 1616//1836
f  1593//1813 1587//1807 1617//1837
f  1587//1807 1618//1838 1617//1837
f  1587//1807 1588//1808 1618//1838
f  1588//1808 1619//1839 1618//1838
f  1588//1808 1584//1804 1619//1839
f  1584//1804 627//657 1619//1839
f  1584//1804 633//663 627//657
f  1620//1840 1615//1835 1616//1836
f  1621//1841 1617//1837 1618//1838
f  626//656 1619//1839 627//657
f  1309//1481 1622//1842 1352//1524
f  1622//1842 1303//1475 1352//1524
f  1306//1478 1623//1843 1304//1476
f  1623//1843 1307//1479 1304//1476
f  1623//1843 1309//1481 1307//1479
f  1306//1478 1624//1844 1623//1843
f  1624//1844 1625//1845 1623//1843
f  1624//1844 1626//1846 1625//1845
f  1626//1846 1627//1847 1625//1845
f  1626//1846 1628//1848 1627//1847
f  1614//1834 1629//1849 1610//1830
f  1629//1849 1630//1850 1610//1830
f  1629//1849 1627//1847 1630//1850
f  1627//1847 1631//1851 1630//1850
f  1627//1847 1628//1848 1631//1851
f  1309//1481 1623//1843 1622//1842
f  1623//1843 1632//1852 1622//1842
f  1623//1843 1625//1845 1632//1852
f  1625//1845 1633//1853 1632//1852
f  1625//1845 1627//1847 1633//1853
f  1627//1847 1620//1840 1633//1853
f  1627//1847 1629//1849 1620//1840
f  1629//1849 1615//1835 1620//1840
f  1629//1849 1614//1834 1615//1835
f  620//650 1303//1475 619//649
f  1303//1475 1634//1854 619//649
f  1303//1475 1622//1842 1634//1854
f  1622//1842 1635//1855 1634//1854
f  1622//1842 1632//1852 1635//1855
f  1632//1852 1636//1856 1635//1855
f  1632//1852 1633//1853 1636//1856
f  1633//1853 1621//1841 1636//1856
f  1633//1853 1620//1840 1621//1841
f  1620//1840 1617//1837 1621//1841
f  1620//1840 1616//1836 1617//1837
f  619//649 1634//1854 760//794
f  1634//1854 623//653 760//794
f  1634//1854 1635//1855 623//653
f  1635//1855 624//654 623//653
f  1635//1855 1636//1856 624//654
f  1636//1856 626//656 624//654
f  1636//1856 1621//1841 626//656
f  1621//1841 1619//1839 626//656
f  1621//1841 1618//1838 1619//1839
f  550//1857 551//1858 1637//1859
f  551//1858 1638//1860 1637//1859
f  551//1858 552//1861 1638//1860
f  552//1861 1639//1862 1638//1860
f  552//1861 553//1863 1639//1862
f  553//1863 1640//1864 1639//1862
f  553//1863 554//1865 1640//1864
f  554//1865 1641//1866 1640//1864
f  1642//1867 1643//1868 586//1869
f  1643//1868 540//1870 586//1869
f  1643//1868 1644//1871 540//1870
f  1644//1871 538//1872 540//1870
f  1644//1871 1645//1873 538//1872
f  1645//1873 602//1874 538//1872
f  1645//1873 1646//1875 602//1874
f  1646//1875 601//1876 602//1874
f  1646//1875 1647//1877 601//1876
f  1647//1877 600//1878 601//1876
f  1647//1877 1648//1879 600//1878
f  1648//1879 599//1880 600//1878
f  1648//1879 1641//1866 599//1880
f  1641//1866 555//1881 599//1880
f  1641//1866 554//1865 555//1881
f  581//1882 1649//1883 580//1884
f  1649//1883 1650//1885 580//1884
f  586//1869 588//1886 1642//1867
f  588//1886 1651//1887 1642//1867
f  1652//1888 1653//1889 593//1890
f  1653//1889 592//1891 593//1890
f  1653//1889 1654//1892 592//1891
f  1654//1892 591//1893 592//1891
f  1654//1892 1655//1894 591//1893
f  1655//1894 590//1895 591//1893
f  1655//1894 1651//1887 590//1895
f  1651//1887 589//1896 590//1895
f  1651//1887 588//1886 589//1896
f  580//1884 1650//1885 597//1897
f  1650//1885 596//1898 597//1897
f  1650//1885 1656//1899 596//1898
f  1656//1899 595//1900 596//1898
f  1656//1899 1652//1888 595//1900
f  1652//1888 594//1901 595//1900
f  1652//1888 593//1890 594//1901
f  1649//1883 581//1882 1657//1902
f  581//1882 1658//1903 1657//1902
f  581//1882 582//1904 1658//1903
f  582//1904 1659//1905 1658//1903
f  582//1904 583//1906 1659//1905
f  583//1906 1660//1907 1659//1905
f  583//1906 584//1908 1660//1907
f  1661//1909 1662//1910 585//1911
f  1662//1910 584//1908 585//1911
f  1662//1910 1663//1912 584//1908
f  1663//1912 1660//1907 584//1908
f  1664//1913 565//1914 1665//1915
f  585//1911 541//1916 1661//1909
f  541//1916 1666//1917 1661//1909
f  541//1916 543//1918 1666//1917
f  543//1918 1667//1919 1666//1917
f  543//1918 577//1920 1667//1919
f  577//1920 1668//1921 1667//1919
f  577//1920 575//1922 1668//1921
f  575//1922 1669//1923 1668//1921
f  1664//1913 1670//1924 565//1914
f  1670//1924 567//1925 565//1914
f  1670//1924 1671//1926 567//1925
f  1671//1926 568//1927 567//1925
f  1671//1926 1672//1928 568//1927
f  1672//1928 569//1929 568//1927
f  1672//1928 1673//1930 569//1929
f  1673//1930 572//1931 569//1929
f  1673//1930 1674//1932 572//1931
f  1674//1932 573//1933 572//1931
f  1674//1932 1669//1923 573//1933
f  1669//1923 574//1934 573//1933
f  1669//1923 575//1922 574//1934
f  565//1914 560//1935 1665//1915
f  560//1935 1675//1936 1665//1915
f  560//1935 562//1937 1675//1936
f  562//1937 1676//1938 1675//1936
f  562//1937 563//1939 1676//1938
f  563//1939 1677//1940 1676//1938
f  563//1939 564//1941 1677//1940
f  564//1941 1678//1942 1677//1940
f  564//1941 559//1943 1678//1942
f  559//1943 1679//1944 1678//1942
f  559//1943 556//1945 1679//1944
f  556//1945 1680//1946 1679//1944
f  556//1945 558//1947 1680//1946
f  1680//1946 558//1947 1681//1948
f  558//1947 1682//1949 1681//1948
f  558//1947 547//1950 1682//1949
f  547//1950 1683//1951 1682//1949
f  547//1950 545//1952 1683//1951
f  545//1952 1684//1953 1683//1951
f  545//1952 544//1954 1684//1953
f  544//1954 1685//1955 1684//1953
f  544//1954 548//1956 1685//1955
f  1637//1859 1686//1957 550//1857
f  1686//1957 548//1956 550//1857
f  1686//1957 1687//1958 548//1956
f  1687//1958 1685//1955 548//1956
f  811//1959 1688//1960 812//1961
f  1688//1960 1689//1962 812//1961
f  1688//1960 1690//1963 1689//1962
f  1691//1964 1692//1965 1693//1966
f  1692//1965 1688//1960 1693//1966
f  1692//1965 1694//1967 1688//1960
f  1694//1967 1690//1963 1688//1960
f  1694//1967 1695//1968 1690//1963
f  1695//1968 1694//1967 1696//1969
f  1694//1967 1697//1970 1696//1969
f  1694//1967 1698//1971 1697//1970
f  1688//1960 811//1959 1699//1972
f  811//1959 1700//1973 1699//1972
f  811//1959 813//1974 1700//1973
f  813//1974 1701//1975 1700//1973
f  813//1974 814//1976 1701//1975
f  835//869 1702//1977 834//868
f  1689//1978 810//844 812//846
f  1689//1978 1703//1979 810//844
f  1690//1980 1704//1981 1689//1978
f  1704//1981 1703//1979 1689//1978
f  1704//1981 1705//1982 1703//1979
f  842//876 1698//1983 843//877
f  1698//1983 842//876 1697//1984
f  842//876 1706//1985 1697//1984
f  842//876 1707//1986 1706//1985
f  1707//1986 1708//1987 1706//1985
f  839//873 1709//1988 838//872
f  1709//1988 837//871 838//872
f  831//865 1710//1989 839//873
f  1710//1989 1709//1988 839//873
f  1710//1989 1708//1987 1709//1988
f  1708//1987 837//871 1709//1988
f  1708//1987 1707//1986 837//871
f  1707//1986 840//874 837//871
f  1707//1986 842//876 840//874
f  834//868 1702//1977 833//867
f  1702//1977 832//866 833//867
f  1702//1977 1711//1990 832//866
f  815//849 836//870 147//147
f  810//844 1703//1979 819//853
f  1703//1979 818//852 819//853
f  1703//1979 1705//1982 818//852
f  1705//1982 817//851 818//852
f  1705//1982 816//850 817//851
f  1695//1991 1712//1992 1690//1980
f  1712//1992 1704//1981 1690//1980
f  1712//1992 1713//1993 1704//1981
f  1713//1993 1705//1982 1704//1981
f  1713//1993 1714//1994 1705//1982
f  1714//1994 816//850 1705//1982
f  1714//1994 815//849 816//850
f  832//866 1711//1990 831//865
f  1711//1990 1710//1989 831//865
f  1711//1990 1715//1995 1710//1989
f  1715//1995 1708//1987 1710//1989
f  1715//1995 1716//1996 1708//1987
f  1716//1996 1706//1985 1708//1987
f  836//870 815//849 835//869
f  815//849 1702//1977 835//869
f  815//849 1714//1994 1702//1977
f  1714//1994 1711//1990 1702//1977
f  1714//1994 1713//1993 1711//1990
f  1713//1993 1715//1995 1711//1990
f  1713//1993 1712//1992 1715//1995
f  1712//1992 1716//1996 1715//1995
f  1712//1992 1695//1991 1716//1996
f  1695//1991 1706//1985 1716//1996
f  1695//1991 1696//1997 1706//1985
f  1696//1997 1697//1984 1706//1985
f  1717//1998 1691//1999 1718//2000
f  1719//2001 1720//2002 1721//2003
f  1722//2004 1717//1998 1723//2005
f  1717//1998 1724//2006 1723//2005
f  1717//1998 1725//2007 1724//2006
f  1725//2007 1726//2008 1724//2006
f  1725//2007 1727//2009 1726//2008
f  1727//2009 1728//2010 1726//2008
f  1721//2003 1720//2002 1729//2011
f  1720//2002 1730//2011 1729//2011
f  1720//2002 1731//2012 1730//2011
f  1731//2012 1732//2011 1730//2011
f  1731//2012 1733//2013 1732//2011
f  1733//2013 1734//2011 1732//2011
f  1733//2013 1735//2014 1734//2011
f  1735//2014 1736//2011 1734//2011
f  1735//2014 1737//2015 1736//2011
f  1737//2015 1738//2011 1736//2011
f  1737//2015 1739//2016 1738//2011
f  1740//2017 1741//2018 1742//2003
f  1741//2018 1743//2011 1742//2003
f  1741//2018 845//879 1743//2011
f  845//879 1744//2019 1743//2011
f  1739//2016 1745//2020 1738//2011
f  1745//2020 1746//2003 1738//2011
f  1745//2020 1740//2017 1746//2003
f  1740//2017 1747//2011 1746//2003
f  1740//2017 1742//2003 1747//2011
f  843//877 1698//1983 845//879
f  1698//1983 1744//2019 845//879
f  1698//1983 1694//2021 1744//2019
f  1694//2021 1748//2022 1744//2019
f  1694//2021 1692//2023 1748//2022
f  1692//2023 1719//2001 1748//2022
f  1692//2023 1691//1999 1719//2001
f  1691//1999 1720//2002 1719//2001
f  1691//1999 1717//1998 1720//2002
f  1717//1998 1749//2024 1720//2002
f  1717//1998 1722//2004 1749//2024
f  845//879 1741//2018 846//880
f  1741//2018 1750//2025 846//880
f  1751//2026 1752//2027 1731//2012
f  1752//2027 1733//2013 1731//2012
f  1735//2014 1733//2013 1753//2028
f  1733//2013 1754//2029 1753//2028
f  1733//2013 1752//2027 1754//2029
f  1755//2030 1737//2015 1756//2031
f  1737//2015 1757//2032 1756//2031
f  1737//2015 1735//2014 1757//2032
f  1735//2014 1758//2033 1757//2032
f  1735//2014 1753//2028 1758//2033
f  1755//2030 1759//2034 1737//2015
f  1759//2034 1739//2016 1737//2015
f  1759//2034 1760//2035 1739//2016
f  1761//2036 1745//2020 1762//2037
f  1745//2020 1763//2038 1762//2037
f  1745//2020 1739//2016 1763//2038
f  1739//2016 1764//2039 1763//2038
f  1739//2016 1760//2035 1764//2039
f  1761//2036 1765//2040 1745//2020
f  1765//2040 1740//2017 1745//2020
f  1765//2040 1766//2041 1740//2017
f  1750//2025 1741//2018 1767//2042
f  1741//2018 1768//2043 1767//2042
f  1741//2018 1740//2017 1768//2043
f  1740//2017 1769//2044 1768//2043
f  1740//2017 1766//2041 1769//2044
f  1770//2045 1771//2046 1772//2047
f  829//863 22//22 21//21
f  1750//2025 1773//2048 846//880
f  1773//2048 1774//2049 846//880
f  846//880 1774//2049 824//858
f  1774//2049 823//857 824//858
f  1774//2049 1775//2046 823//857
f  1776//2046 1751//2026 1777//2046
f  1778//2046 829//863 827//861
f  1779//2046 1760//2035 1759//2034
f  1762//2037 1763//2038 1780//2050
f  1763//2038 1779//2046 1780//2050
f  1763//2038 1764//2039 1779//2046
f  1764//2039 1760//2035 1779//2046
f  1758//2033 1781//2046 1757//2032
f  1781//2046 1756//2031 1757//2032
f  1781//2046 1779//2046 1756//2031
f  1779//2046 1755//2030 1756//2031
f  1779//2046 1759//2034 1755//2030
f  823//857 1775//2046 822//856
f  1775//2046 820//854 822//856
f  1775//2046 1778//2046 820//854
f  1778//2046 826//860 820//854
f  1778//2046 827//861 826//860
f  1750//2025 1767//2042 1773//2048
f  1767//2042 1782//2050 1773//2048
f  1767//2042 1768//2043 1782//2050
f  1751//2026 1783//2051 1777//2046
f  1783//2051 1784//2046 1777//2046
f  1783//2051 1785//2046 1784//2046
f  1762//2037 1780//2050 1761//2036
f  1780//2050 1765//2040 1761//2036
f  1780//2050 1786//2046 1765//2040
f  1786//2046 1766//2041 1765//2040
f  1786//2046 1782//2050 1766//2041
f  1782//2050 1769//2044 1766//2041
f  1782//2050 1768//2043 1769//2044
f  1751//2026 1776//2046 1752//2027
f  1776//2046 1754//2029 1752//2027
f  1776//2046 1781//2046 1754//2029
f  1781//2046 1753//2028 1754//2029
f  1781//2046 1758//2033 1753//2028
f  829//863 1778//2046 22//22
f  1778//2046 1787//2052 22//22
f  1778//2046 1788//2053 1787//2052
f  1771//2046 1785//2046 1772//2047
f  1788//2053 1778//2046 1789//2054
f  1778//2046 1790//2055 1789//2054
f  1778//2046 1771//2046 1790//2055
f  1771//2046 1791//2056 1790//2055
f  1771//2046 1770//2045 1791//2056
f  1772//2047 1785//2046 1792//2057
f  1785//2046 1793//2058 1792//2057
f  1785//2046 1783//2051 1793//2058
f  1783//2051 1794//2059 1793//2058
f  1783//2051 1795//2060 1794//2059
f  1796//2061 1797//2062 1798//2063
f  1799//2064 1800//2065 854//888
f  1800//2065 855//889 854//888
f  1800//2065 1801//2066 855//889
f  1802//2067 1803//2068 1804//2069
f  1805//2070 1802//2067 1806//2071
f  1802//2067 1807//2072 1806//2071
f  1802//2067 1804//2069 1807//2072
f  1808//2073 1809//2074 1810//2075
f  1809//2074 1811//2076 1810//2075
f  1809//2074 1812//2077 1811//2076
f  1813//2078 1808//2073 1814//2079
f  1808//2073 1815//2080 1814//2079
f  1808//2073 1810//2075 1815//2080
f  1816//2081 1817//2082 1818//2083
f  1819//2084 1820//2085 1821//2086
f  1820//2085 1816//2081 1821//2086
f  1820//2085 1822//2087 1816//2081
f  1822//2087 1817//2082 1816//2081
f  1818//2083 1823//2088 1816//2081
f  1823//2088 1824//2089 1816//2081
f  1823//2088 1825//2090 1824//2089
f  1826//2091 1827//2092 1828//2093
f  1827//2092 1829//2094 1828//2093
f  1827//2092 1830//2095 1829//2094
f  1831//2096 1832//2097 1829//2094
f  1832//2097 1828//2093 1829//2094
f  1832//2097 1833//2098 1828//2093
f  1833//2098 1826//2091 1828//2093
f  1833//2098 1834//2099 1826//2091
f  1835//2100 1836//2101 1796//2061
f  1836//2101 1797//2062 1796//2061
f  1836//2101 1837//2102 1797//2062
f  1837//2102 1838//2103 1797//2062
f  1837//2102 1839//2104 1838//2103
f  868//902 870//904 1840//2105
f  870//904 1841//2106 1840//2105
f  1812//2077 1809//2074 1806//2071
f  1809//2074 1805//2070 1806//2071
f  1809//2074 1808//2073 1805//2070
f  1808//2073 1842//2107 1805//2070
f  1808//2073 1813//2078 1842//2107
f  1813//2078 1843//2108 1842//2107
f  1813//2078 1844//2109 1843//2108
f  1844//2109 1845//2110 1843//2108
f  1844//2109 1846//2111 1845//2110
f  1846//2111 1847//2112 1845//2110
f  1846//2111 1839//2104 1847//2112
f  1839//2104 1848//2113 1847//2112
f  1839//2104 1837//2102 1848//2113
f  1837//2102 1841//2106 1848//2113
f  1837//2102 1836//2101 1841//2106
f  1836//2101 1840//2105 1841//2106
f  1836//2101 1835//2100 1840//2105
f  1835//2100 868//902 1840//2105
f  1803//2068 1802//2067 1801//2066
f  1802//2067 855//889 1801//2066
f  1802//2067 1805//2070 855//889
f  1805//2070 859//893 855//889
f  1805//2070 1842//2107 859//893
f  1842//2107 858//892 859//893
f  1842//2107 1843//2108 858//892
f  1843//2108 864//898 858//892
f  1843//2108 1845//2110 864//898
f  1849//2114 1850//2115 1831//2096
f  1850//2115 1832//2097 1831//2096
f  1850//2115 1851//2116 1832//2097
f  1851//2116 1833//2098 1832//2097
f  1851//2116 1825//2090 1833//2098
f  1825//2090 1834//2099 1833//2098
f  1825//2090 1823//2088 1834//2099
f  864//898 1845//2110 863//897
f  1845//2110 862//896 863//897
f  1845//2110 1847//2112 862//896
f  1847//2112 860//894 862//896
f  1847//2112 1848//2113 860//894
f  1848//2113 891//925 860//894
f  1848//2113 1841//2106 891//925
f  1841//2106 866//900 891//925
f  1841//2106 870//904 866//900
f  1819//2084 1821//2086 1814//2079
f  1821//2086 1813//2078 1814//2079
f  1821//2086 1816//2081 1813//2078
f  1816//2081 1844//2109 1813//2078
f  1816//2081 1824//2089 1844//2109
f  1824//2089 1846//2111 1844//2109
f  1824//2089 1825//2090 1846//2111
f  1825//2090 1839//2104 1846//2111
f  1825//2090 1851//2116 1839//2104
f  1851//2116 1838//2103 1839//2104
f  1851//2116 1850//2115 1838//2103
f  1850//2115 1797//2062 1838//2103
f  1850//2115 1849//2114 1797//2062
f  1849//2114 1798//2063 1797//2062
f  1852//2117 1853//2118 1854//2119
f  1829//2094 1855//2120 1831//2096
f  1798//2063 1856//2121 1796//2061
f  886//920 1857//2122 887//921
f  1857//2122 1858//2123 887//921
f  1858//2123 888//922 887//921
f  1858//2123 889//923 888//922
f  886//920 885//919 1857//2122
f  885//919 1859//2124 1857//2122
f  885//919 884//918 1859//2124
f  884//918 1860//2125 1859//2124
f  884//918 883//917 1860//2125
f  883//917 881//915 1860//2125
f  881//915 1861//2126 1860//2125
f  881//915 880//914 1861//2126
f  1862//2127 1861//2126 878//912
f  1861//2126 879//913 878//912
f  1861//2126 880//914 879//913
f  875//909 1863//2128 874//908
f  1863//2128 873//907 874//908
f  1863//2128 1862//2127 873//907
f  1862//2127 872//906 873//907
f  1862//2127 878//912 872//906
f  1864//2129 876//910 877//911
f  877//911 871//905 1864//2129
f  871//905 1835//2100 1864//2129
f  871//905 868//902 1835//2100
f  1796//2061 1856//2121 1835//2100
f  1856//2121 1864//2129 1835//2100
f  1856//2121 1863//2128 1864//2129
f  1863//2128 876//910 1864//2129
f  1863//2128 875//909 876//910
f  1865//2130 1829//2094 1830//2095
f  1865//2130 1866//2131 1829//2094
f  1866//2131 1855//2120 1829//2094
f  1866//2131 1867//2132 1855//2120
f  1867//2132 1868//2133 1855//2120
f  1867//2132 1869//2134 1868//2133
f  1869//2134 1870//2135 1868//2133
f  1870//2135 1871//2136 1868//2133
f  1870//2135 1872//2137 1871//2136
f  1873//2138 1874//2139 1875//2140
f  1874//2139 1876//2141 1875//2140
f  1874//2139 1871//2136 1876//2141
f  1871//2136 1877//2142 1876//2141
f  1871//2136 1872//2137 1877//2142
f  1854//2119 1853//2118 1878//2143
f  1853//2118 1879//2144 1878//2143
f  1853//2118 1873//2138 1879//2144
f  1873//2138 1880//2145 1879//2144
f  1873//2138 1875//2140 1880//2145
f  1852//2117 1881//2146 1853//2118
f  1881//2146 1882//2147 1853//2118
f  1881//2146 1883//2148 1882//2147
f  1884//2149 1882//2147 1885//2150
f  1882//2147 1886//2151 1885//2150
f  1882//2147 1883//2148 1886//2151
f  1849//2114 1887//2152 1798//2063
f  1887//2152 1856//2121 1798//2063
f  1887//2152 1888//2153 1856//2121
f  1888//2153 1863//2128 1856//2121
f  1888//2153 1889//2154 1863//2128
f  1889//2154 1862//2127 1863//2128
f  1889//2154 1890//2155 1862//2127
f  1890//2155 1861//2126 1862//2127
f  1890//2155 1891//2156 1861//2126
f  1891//2156 1860//2125 1861//2126
f  1891//2156 1892//2157 1860//2125
f  1892//2157 1859//2124 1860//2125
f  1892//2157 1893//2158 1859//2124
f  1893//2158 1857//2122 1859//2124
f  1893//2158 1894//2159 1857//2122
f  1894//2159 1858//2123 1857//2122
f  1831//2096 1855//2120 1849//2114
f  1855//2120 1887//2152 1849//2114
f  1855//2120 1868//2133 1887//2152
f  1868//2133 1888//2153 1887//2152
f  1868//2133 1871//2136 1888//2153
f  1871//2136 1889//2154 1888//2153
f  1871//2136 1874//2139 1889//2154
f  1874//2139 1890//2155 1889//2154
f  1874//2139 1873//2138 1890//2155
f  1873//2138 1891//2156 1890//2155
f  1873//2138 1853//2118 1891//2156
f  1853//2118 1892//2157 1891//2156
f  1853//2118 1882//2147 1892//2157
f  1882//2147 1893//2158 1892//2157
f  1882//2147 1884//2149 1893//2158
f  1884//2149 1894//2159 1893//2158
f  1787//2052 1895//2160 22//22
f  1895//2160 20//20 22//22
f  1895//2160 853//887 20//20
f  853//887 159//159 20//20
f  853//887 158//158 159//159
f  853//887 1895//2160 854//888
f  1895//2160 1896//2161 854//888
f  1895//2160 1787//2052 1896//2161
f  1787//2052 1897//2162 1896//2161
f  1787//2052 1788//2053 1897//2162
f  899//933 1898//2163 900//934
f  1496//1716 1899//2164 898//932
f  1900//2165 1901//2166 1500//1720
f  1901//2166 1496//1716 1500//1720
f  1901//2166 1902//2167 1496//1716
f  1902//2167 1899//2164 1496//1716
f  1898//2163 899//933 1903//2168
f  899//933 1904//2169 1903//2168
f  899//933 898//932 1904//2169
f  898//932 1905//2170 1904//2169
f  898//932 1899//2164 1905//2170
f  1898//2163 1906//2171 900//934
f  1906//2171 928//962 900//934
f  1906//2171 1907//2172 928//962
f  1907//2172 930//964 928//962
f  1907//2172 1908//2173 930//964
f  930//964 1908//2173 932//966
f  1908//2173 926//960 932//966
f  1908//2173 1909//2174 926//960
f  1909//2174 927//961 926//960
f  1909//2174 1910//2175 927//961
f  1910//2175 947//981 927//961
f  1910//2175 1911//2176 947//981
f  1911//2176 938//972 947//981
f  1911//2176 1912//2177 938//972
f  1912//2177 1913//2178 938//972
f  1913//2178 936//970 938//972
f  1913//2178 934//968 936//970
f  1914//2179 1011//2180 1012//2181
f  1915//2182 1914//2179 1916//2183
f  1914//2179 1915//2182 1011//2180
f  1915//2182 1010//2184 1011//2180
f  1915//2182 1917//2185 1010//2184
f  1914//2179 1012//2181 1918//2186
f  1012//2181 1919//2187 1918//2186
f  1012//2181 1013//2188 1919//2187
f  1013//2188 1920//2189 1919//2187
f  1013//2188 1029//2190 1920//2189
f  1029//2190 1913//2178 1920//2189
f  1029//2190 1027//2191 1913//2178
f  1027//2191 1028//2192 1913//2178
f  1017//2193 1921//2194 1026//2195
f  1921//2194 1922//2196 1026//2195
f  1922//2196 1025//2197 1026//2195
f  1922//2196 1923//2198 1025//2197
f  1019//2199 950//984 1018//2200
f  1010//2184 1917//2185 1009//2201
f  1917//2185 1008//2202 1009//2201
f  1917//2185 1924//2203 1008//2202
f  1924//2203 1007//2204 1008//2202
f  1924//2203 1925//2205 1007//2204
f  950//984 952//986 1018//2200
f  952//986 1028//2192 1018//2200
f  952//986 958//992 1028//2192
f  958//992 1913//2178 1028//2192
f  958//992 934//968 1913//2178
f  1025//2197 1923//2198 1024//2206
f  1923//2198 1023//2207 1024//2206
f  1923//2198 1926//2208 1023//2207
f  1926//2208 1022//2209 1023//2207
f  1926//2208 1927//2210 1022//2209
f  1927//2210 1021//2211 1022//2209
f  1927//2210 1928//2212 1021//2211
f  1928//2212 1020//2213 1021//2211
f  1928//2212 1929//2214 1020//2213
f  1929//2214 1019//2199 1020//2213
f  1929//2214 974//1008 1019//2199
f  974//1008 950//984 1019//2199
f  1930//2215 1006//2216 1931//2217
f  1006//2216 1932//2218 1931//2217
f  1006//2216 1007//2204 1932//2218
f  1007//2204 1933//2219 1932//2218
f  1007//2204 1925//2205 1933//2219
f  1921//2194 1017//2193 1934//2220
f  1017//2193 1935//2221 1934//2220
f  1017//2193 1016//2222 1935//2221
f  1016//2222 1936//2223 1935//2221
f  1016//2222 1015//2224 1936//2223
f  1015//2224 1937//2225 1936//2223
f  1015//2224 1014//2226 1937//2225
f  1014//2226 1938//2227 1937//2225
f  1014//2226 1006//2216 1938//2227
f  1006//2216 1939//2228 1938//2227
f  1006//2216 1930//2215 1939//2228
f  975//1009 1000//1034 954//988
f  1000//1034 1001//1035 954//988
f  1001//1035 957//991 954//988
f  1001//1035 1002//1036 957//991
f  1002//1036 991//1025 957//991
f  991//1025 956//990 957//991
f  991//1025 13//13 956//990
f  1000//1034 975//1009 998//1032
f  975//1009 999//1033 998//1032
f  975//1009 976//1010 999//1033
f  976//1010 1940//2229 999//1033
f  976//1010 977//1011 1940//2229
f  977//1011 1941//2230 1940//2229
f  977//1011 978//1012 1941//2230
f  978//1012 1942//2231 1941//2230
f  978//1012 967//1001 1942//2231
f  967//1001 1943//2232 1942//2231
f  974//1008 1943//2232 969//1003
f  1943//2232 968//1002 969//1003
f  1943//2232 967//1001 968//1002
f  1004//1038 996//1030 1944//2233
f  1003//1037 1005//1039 1004//1038
f  1005//1039 996//1030 1004//1038
f  1005//1039 997//1031 996//1030
f  1944//2233 996//1030 1945//2234
f  996//1030 1946//2235 1945//2234
f  996//1030 994//1028 1946//2235
f  994//1028 1947//2236 1946//2235
f  994//1028 979//1013 1947//2236
f  979//1013 1948//2237 1947//2236
f  979//1013 981//1015 1948//2237
f  981//1015 1949//2238 1948//2237
f  981//1015 999//1033 1949//2238
f  1950//2239 1037//1132 1030//1122
f  1950//2239 1951//2240 1037//1132
f  1951//2240 1036//1131 1037//1132
f  1951//2240 1035//1130 1036//1131
f  1952//2241 1953//2242 1954//2243
f  1183//1329 1955//2244 1182//1328
f  1183//1329 1184//1330 1955//2244
f  1956//2245 1185//1331 1186//1332
f  1034//1129 1035//1130 1957//2246
f  1035//1130 1958//2247 1957//2246
f  1035//1130 1951//2240 1958//2247
f  1950//2239 1959//2248 1960//2249
f  1959//2248 1961//2250 1960//2249
f  1961//2250 1953//2242 1960//2249
f  1953//2242 1962//2251 1960//2249
f  1953//2242 1952//2241 1962//2251
f  1963//2252 1958//2247 1964//2253
f  1964//2253 1958//2247 1965//2254
f  1958//2247 1966//2255 1965//2254
f  1958//2247 1951//2240 1966//2255
f  1951//2240 1967//2256 1966//2255
f  1951//2240 1950//2239 1967//2256
f  1950//2239 1968//2257 1967//2256
f  1950//2239 1960//2249 1968//2257
f  1969//2258 1970//2259 1971//2260
f  1970//2259 1969//2258 1972//2261
f  1969//2258 1973//2262 1972//2261
f  1969//2258 1974//2263 1973//2262
f  1975//2264 1976//2265 1977//2266
f  1976//2265 1978//2267 1977//2266
f  1969//2258 1971//2260 1979//2268
f  1971//2260 1976//2265 1979//2268
f  1971//2260 1980//2269 1976//2265
f  1980//2269 1978//2267 1976//2265
f  1956//2245 1981//2270 1185//1331
f  1981//2270 1184//1330 1185//1331
f  1981//2270 1982//2271 1184//1330
f  1982//2271 1955//2244 1184//1330
f  1982//2271 1983//2272 1955//2244
f  1984//2273 1983//2272 1975//2264
f  1983//2272 1976//2265 1975//2264
f  1983//2272 1982//2271 1976//2265
f  1982//2271 1979//2268 1976//2265
f  1982//2271 1981//2270 1979//2268
f  1981//2270 1985//2274 1979//2268
f  1981//2270 1956//2245 1985//2274
f  1974//2263 1969//2258 1963//2252
f  1969//2258 1958//2247 1963//2252
f  1969//2258 1979//2268 1958//2247
f  1979//2268 1957//2246 1958//2247
f  1979//2268 1985//2274 1957//2246
f  1985//2274 1034//1129 1957//2246
f  1985//2274 1956//2245 1034//1129
f  1956//2245 1033//1128 1034//1129
f  1956//2245 1186//1332 1033//1128
f  1186//1332 1032//1126 1033//1128
f  1201//2275 1172//1315 1202//2276
f  1172//1315 1173//1317 1202//2276
f  400//400 1084//1180 398//398
f  1084//1180 369//369 398//398
f  1084//1180 106//106 369//369
f  1066//1161 1062//1157 1191//2277
f  1062//1157 1060//1155 1191//2277
f  1066//1161 1191//2277 1065//1160
f  1191//2277 1064//1159 1065//1160
f  1191//2277 1038//1133 1064//1159
f  1190//2278 1189//2279 1086//1182
f  1189//2279 1165//1302 1086//1182
f  1189//2279 1188//2280 1165//1302
f  1188//2280 1986//2281 1165//1302
f  1188//2280 1187//2282 1986//2281
f  1187//2282 1987//2283 1986//2281
f  1187//2282 1204//2284 1987//2283
f  1204//2284 1173//1317 1987//2283
f  1204//2284 1203//2285 1173//1317
f  1203//2285 1202//2276 1173//1317
f  1195//2286 1166//1304 1193//2287
f  1166//1304 1199//2288 1193//2287
f  1166//1304 1167//1306 1199//2288
f  1190//2278 1086//1182 1191//2277
f  1086//1182 1038//1133 1191//2277
f  1086//1182 1084//1180 1038//1133
f  1084//1180 402//402 1038//1133
f  1084//1180 400//400 402//402
f  1060//1155 1059//1154 1191//2277
f  1059//1154 1192//2289 1191//2277
f  1059//1154 1057//1152 1192//2289
f  1057//1152 1194//2290 1192//2289
f  1057//1152 1055//1150 1194//2290
f  1166//1304 1195//2286 1052//1147
f  1195//2286 1082//1177 1052//1147
f  1195//2286 1194//2290 1082//1177
f  1194//2290 1041//1136 1082//1177
f  1194//2290 1055//1150 1041//1136
f  1172//1315 1201//2275 1171//1313
f  1201//2275 1170//1311 1171//1313
f  1201//2275 1200//2291 1170//1311
f  1200//2291 1169//1309 1170//1311
f  1200//2291 1196//2292 1169//1309
f  1196//2292 1168//1307 1169//1309
f  1196//2292 1197//2293 1168//1307
f  1197//2293 1167//1306 1168//1307
f  1197//2293 1198//2294 1167//1306
f  1198//2294 1199//2288 1167//1306
f  1143//1270 1988//2295 1142//1269
f  1989//2296 1990//2297 1991//2298
f  1992//2299 1993//2300 1994//2301
f  1993//2300 1995//2302 1994//2301
f  1993//2300 1088//1186 1995//2302
f  1996//2303 1989//2296 1997//2304
f  1989//2296 1998//2305 1997//2304
f  1989//2296 1991//2298 1998//2305
f  1996//2303 1997//2304 1992//2299
f  1997//2304 1993//2300 1992//2299
f  1997//2304 1998//2305 1993//2300
f  1998//2305 1999//2306 1993//2300
f  1143//1270 1144//1271 1988//2295
f  2000//2307 2001//2308 1990//2297
f  2001//2308 1991//2298 1990//2297
f  2001//2308 2002//2309 1991//2298
f  2002//2309 1998//2305 1991//2298
f  2002//2309 1988//2295 1998//2305
f  1988//2295 1999//2306 1998//2305
f  1988//2295 1144//1271 1999//2306
f  1144//1271 1993//2300 1999//2306
f  1144//1271 1089//1187 1993//2300
f  1089//1187 1088//1186 1993//2300
f  2003//2310 2004//2311 2005//2312
f  2004//2311 2000//2307 2005//2312
f  2006//2313 2003//2310 2007//2314
f  2003//2310 2006//2313 2004//2311
f  2006//2313 2008//2315 2004//2311
f  2006//2313 2009//2316 2008//2315
f  2009//2316 2010//2317 2008//2315
f  2010//2317 2011//2318 2008//2315
f  2010//2317 2012//2319 2011//2318
f  2012//2319 2013//2320 2011//2318
f  2013//2320 1092//1190 2011//2318
f  2013//2320 1090//1188 1092//1190
f  1988//2295 1094//1192 1142//1269
f  2000//2307 2004//2311 2001//2308
f  2004//2311 2002//2309 2001//2308
f  2004//2311 2008//2315 2002//2309
f  2008//2315 1988//2295 2002//2309
f  2008//2315 2011//2318 1988//2295
f  2011//2318 1094//1192 1988//2295
f  2011//2318 1092//1190 1094//1192
f  2014//2321 2015//2322 2016//2323
f  2017//2324 2018//2325 2019//2326
f  2018//2325 2020//2327 2019//2326
f  2018//2325 2021//2328 2020//2327
f  1095//1193 2022//2329 1099//1197
f  2022//2329 2023//2330 1099//1197
f  2022//2329 2024//2331 2023//2330
f  2025//2332 2026//2333 1095//1193
f  2026//2333 2022//2329 1095//1193
f  2026//2333 2027//2334 2022//2329
f  2027//2334 2024//2331 2022//2329
f  2027//2334 2028//2335 2024//2331
f  2014//2321 2016//2323 1090//1188
f  2016//2323 1091//1189 1090//1188
f  2016//2323 2029//2336 1091//1189
f  2029//2336 1097//1195 1091//1189
f  2029//2336 2025//2332 1097//1195
f  2025//2332 1096//1194 1097//1195
f  2025//2332 1095//1193 1096//1194
f  2030//2337 2031//2338 2032//2339
f  2031//2338 2033//2340 2032//2339
f  2021//2328 2018//2325 2034//2341
f  2018//2325 2035//2342 2034//2341
f  2018//2325 2036//2343 2035//2342
f  2036//2343 2037//2344 2035//2342
f  2036//2343 2033//2340 2037//2344
f  2033//2340 2038//2345 2037//2344
f  2033//2340 2031//2338 2038//2345
f  2026//2333 2025//2332 2039//2346
f  2025//2332 2018//2325 2039//2346
f  2025//2332 2029//2336 2018//2325
f  2029//2336 2036//2343 2018//2325
f  2029//2336 2016//2323 2036//2343
f  2016//2323 2033//2340 2036//2343
f  2016//2323 2015//2322 2033//2340
f  2015//2322 2032//2339 2033//2340
f  2040//2347 2041//2348 2042//2349
f  2023//2330 1098//1196 1099//1197
f  1100//1198 2043//2350 1108//1206
f  1107//1205 2044//2351 1105//1203
f  2026//2333 2045//2352 2027//2334
f  2045//2352 2028//2335 2027//2334
f  2045//2352 2024//2331 2028//2335
f  1100//1198 1101//1199 2043//2350
f  1101//1199 2045//2352 2043//2350
f  1101//1199 1098//1196 2045//2352
f  1098//1196 2024//2331 2045//2352
f  1098//1196 2023//2330 2024//2331
f  2040//2347 2046//2353 2041//2348
f  2043//2350 2045//2352 2047//2354
f  2045//2352 2048//2355 2047//2354
f  2045//2352 2026//2333 2048//2355
f  2026//2333 2049//2356 2048//2355
f  2026//2333 2039//2346 2049//2356
f  2047//2354 2048//2355 2050//2357
f  2048//2355 2051//2358 2050//2357
f  2048//2355 2049//2356 2051//2358
f  2049//2356 2041//2348 2051//2358
f  2049//2356 2039//2346 2041//2348
f  2039//2346 2042//2349 2041//2348
f  2039//2346 2018//2325 2042//2349
f  1108//1206 2043//2350 1107//1205
f  2043//2350 2044//2351 1107//1205
f  2043//2350 2047//2354 2044//2351
f  2047//2354 2052//2359 2044//2351
f  2047//2354 2050//2357 2052//2359
f  2050//2357 2053//2360 2052//2359
f  2050//2357 2054//2361 2053//2360
f  2046//2353 2055//2362 2041//2348
f  2055//2362 2051//2358 2041//2348
f  2055//2362 2056//2363 2051//2358
f  2056//2363 2050//2357 2051//2358
f  2056//2363 2057//2364 2050//2357
f  2057//2364 2054//2361 2050//2357
f  2057//2364 2058//2365 2054//2361
f  2059//2366 2058//2365 2060//2367
f  2061//2368 2062//2369 1728//2010
f  2052//2359 2063//2370 2044//2351
f  2054//2361 2064//2371 2053//2360
f  2064//2371 2052//2359 2053//2360
f  2064//2371 2065//2372 2052//2359
f  2065//2372 2063//2370 2052//2359
f  2065//2372 2066//2373 2063//2370
f  2060//2367 2067//2374 2059//2366
f  2067//2374 2068//2375 2059//2366
f  2067//2374 2069//2376 2068//2375
f  2069//2376 2070//2377 2068//2375
f  2069//2376 2071//2378 2070//2377
f  2071//2378 2072//2379 2070//2377
f  2071//2378 2073//2380 2072//2379
f  1109//1207 1111//1209 2074//2381
f  1111//1209 2075//2382 2074//2381
f  1111//1209 1124//1222 2075//2382
f  1124//1222 1123//1221 2075//2382
f  1123//1221 2066//2373 2075//2382
f  1123//1221 1102//1200 2066//2373
f  1102//1200 2063//2370 2066//2373
f  1102//1200 1104//1202 2063//2370
f  1104//1202 2044//2351 2063//2370
f  1104//1202 1105//1203 2044//2351
f  2073//2380 2071//2378 2061//2368
f  2071//2378 2062//2369 2061//2368
f  2071//2378 2069//2376 2062//2369
f  2069//2376 2076//2383 2062//2369
f  2069//2376 2067//2374 2076//2383
f  2067//2374 2077//2384 2076//2383
f  2067//2374 2060//2367 2077//2384
f  2058//2365 2059//2366 2054//2361
f  2059//2366 2064//2371 2054//2361
f  2059//2366 2068//2375 2064//2371
f  2068//2375 2065//2372 2064//2371
f  2068//2375 2070//2377 2065//2372
f  2070//2377 2066//2373 2065//2372
f  2070//2377 2072//2379 2066//2373
f  2072//2379 2075//2382 2066//2373
f  2072//2379 2073//2380 2075//2382
f  2073//2380 2074//2381 2075//2382
f  1109//1207 2074//2381 1117//1215
f  2074//2381 2078//2385 1117//1215
f  2074//2381 2073//2380 2078//2385
f  2073//2380 2079//2386 2078//2385
f  2073//2380 2061//2368 2079//2386
f  2061//2368 2080//2387 2079//2386
f  2061//2368 1728//2010 2080//2387
f  1728//2010 1727//2009 2080//2387
f  2081//2388 2082//2389 2083//2390
f  2084//2391 2085//2392 2086//2393
f  2087//2394 2088//2395 2089//2396
f  2088//2395 2090//2397 2089//2396
f  2088//2395 2091//2398 2090//2397
f  2092//2399 2084//2391 2093//2400
f  2084//2391 2091//2398 2093//2400
f  2084//2391 2086//2393 2091//2398
f  2086//2393 2090//2397 2091//2398
f  2085//2392 2094//2401 2086//2393
f  2094//2401 2090//2397 2086//2393
f  2094//2401 2089//2396 2090//2397
f  2094//2401 2095//2402 2089//2396
f  2078//2385 1116//1214 1117//1215
f  1114//1212 1118//1216 2096//2403
f  1118//1216 2097//2404 2096//2403
f  1118//1216 1119//1217 2097//2404
f  1119//1217 2098//2405 2097//2404
f  1119//1217 1115//1213 2098//2405
f  1115//1213 1116//1214 2098//2405
f  2085//2392 2084//2391 2099//2406
f  2084//2391 2100//2407 2099//2406
f  2084//2391 2092//2399 2100//2407
f  2092//2399 2101//2408 2100//2407
f  2092//2399 2081//2388 2101//2408
f  1116//1214 2078//2385 2098//2405
f  2078//2385 2102//2409 2098//2405
f  2078//2385 2079//2386 2102//2409
f  2079//2386 2082//2389 2102//2409
f  2079//2386 2080//2387 2082//2389
f  2080//2387 2083//2390 2082//2389
f  2080//2387 1727//2009 2083//2390
f  2081//2388 2092//2399 2082//2389
f  2092//2399 2102//2409 2082//2389
f  2092//2399 2093//2400 2102//2409
f  2093//2400 2098//2405 2102//2409
f  2093//2400 2091//2398 2098//2405
f  2091//2398 2097//2404 2098//2405
f  2091//2398 2088//2395 2097//2404
f  2088//2395 2096//2403 2097//2404
f  2088//2395 2087//2394 2096//2403
f  1126//1224 1112//1210 2103//2410
f  1112//1210 2096//2403 2103//2410
f  1112//1210 1114//1212 2096//2403
f  2104//2411 2105//2412 2095//2402
f  2105//2412 2089//2396 2095//2402
f  2106//2413 2107//2414 2104//2411
f  2107//2414 2105//2412 2104//2411
f  2107//2414 2108//2415 2105//2412
f  2108//2415 2089//2396 2105//2412
f  2108//2415 2087//2394 2089//2396
f  1127//1225 2109//2416 1129//1227
f  2109//2416 2110//2417 1129//1227
f  2109//2416 2111//2418 2110//2417
f  1126//1224 2103//2410 1127//1225
f  2103//2410 2109//2416 1127//1225
f  2103//2410 2112//2419 2109//2416
f  2112//2419 2111//2418 2109//2416
f  2112//2419 2113//2420 2111//2418
f  2114//2421 2113//2420 2106//2413
f  2113//2420 2107//2414 2106//2413
f  2113//2420 2112//2419 2107//2414
f  2112//2419 2108//2415 2107//2414
f  2112//2419 2103//2410 2108//2415
f  2103//2410 2087//2394 2108//2415
f  2103//2410 2096//2403 2087//2394
f  2115//2422 2116//2423 2114//2421
f  2116//2423 2113//2420 2114//2421
f  2116//2423 2117//2424 2113//2420
f  2117//2424 2111//2418 2113//2420
f  2117//2424 2118//2425 2111//2418
f  2118//2425 2110//2417 2111//2418
f  2118//2425 1155//1286 2110//2417
f  1155//1286 1129//1227 2110//2417
f  2119//2426 2120//2427 2121//2428
f  2122//2429 1106//1204 1103//1201
f  2123//2430 1122//1220 1120//1218
f  1120//1218 1121//1219 2123//2430
f  1121//1219 430//2431 2123//2430
f  1121//1219 428//1263 430//2431
f  2124//2432 431//2433 2120//2427
f  431//2433 433//2434 2120//2427
f  433//2434 434//2435 2120//2427
f  434//2435 2121//2428 2120//2427
f  434//2435 451//2436 2121//2428
f  2125//2437 1174//1319 2126//2438
f  2125//2437 2127//2439 1174//1319
f  1175//1320 1174//1319 2128//2440
f  1174//1319 2129//2441 2128//2440
f  1174//1319 2127//2439 2129//2441
f  2126//2438 2130//2442 2125//2437
f  2130//2442 1995//2302 2125//2437
f  2130//2442 1994//2301 1995//2302
f  431//2433 2124//2432 430//2431
f  2124//2432 2123//2430 430//2431
f  2124//2432 2122//2429 2123//2430
f  2122//2429 1122//1220 2123//2430
f  2122//2429 1103//1201 1122//1220
f  1088//1186 1106//1204 1995//2302
f  1106//1204 2125//2437 1995//2302
f  1106//1204 2122//2429 2125//2437
f  2122//2429 2127//2439 2125//2437
f  2122//2429 2124//2432 2127//2439
f  2124//2432 2129//2441 2127//2439
f  2124//2432 2120//2427 2129//2441
f  2120//2427 2128//2440 2129//2441
f  2120//2427 2119//2426 2128//2440
f  1164//1300 439//2443 447//1301
f  439//2443 1164//1300 2131//2444
f  1164//1300 1986//2281 2131//2444
f  1164//1300 1165//1302 1986//2281
f  1987//2283 1173//1317 438//2445
f  1173//1317 457//2446 438//2445
f  1173//1317 456//1318 457//2446
f  1987//2283 438//2445 1986//2281
f  438//2445 2131//2444 1986//2281
f  438//2445 439//2443 2131//2444
f  2132//2447 2133//2448 1983//2272
f  1176//1321 2126//2438 1174//1319
f  2132//2447 2134//2449 2133//2448
f  2133//2448 2134//2449 1180//1326
f  2134//2449 2135//2450 1180//1326
f  2134//2449 2136//2451 2135//2450
f  2136//2451 2137//2452 2135//2450
f  2136//2451 2138//2453 2137//2452
f  2138//2453 2139//2454 2137//2452
f  2138//2453 2140//2455 2139//2454
f  2140//2455 2141//2456 2139//2454
f  2140//2455 2142//2457 2141//2456
f  2142//2457 2143//2458 2141//2456
f  2142//2457 2144//2459 2143//2458
f  2144//2459 2145//2460 2143//2458
f  2144//2459 2146//2461 2145//2460
f  2126//2438 1176//1321 2147//2462
f  1176//1321 2148//2463 2147//2462
f  1176//1321 2145//2460 2148//2463
f  2145//2460 2149//2464 2148//2463
f  2145//2460 2146//2461 2149//2464
f  1181//1327 2145//2460 1176//1321
f  2139//2454 1179//1325 2137//2452
f  1179//1325 2135//2450 2137//2452
f  1179//1325 1180//1326 2135//2450
f  1181//1327 1178//1323 2145//2460
f  1178//1323 2143//2458 2145//2460
f  1178//1323 1179//1325 2143//2458
f  1179//1325 2141//2456 2143//2458
f  1179//1325 2139//2454 2141//2456
f  1182//2465 2133//2466 1180//2467
f  1175//1320 2128//2440 1177//1322
f  2128//2440 2119//2426 1177//1322
f  2119//2426 2121//2428 1177//1322
f  2121//2428 450//1324 1177//1322
f  2121//2428 451//2436 450//1324
f  1219//1383 2150//2468 1220//1384
f  2150//2468 1222//1386 1220//1384
f  2151//2469 2152//2470 2153//2471
f  2152//2470 2154//2472 2153//2471
f  2152//2470 2155//2473 2154//2472
f  2155//2473 2156//2474 2154//2472
f  2155//2473 2157//2475 2156//2474
f  2158//2476 2157//2475 2159//2477
f  2157//2475 2160//2478 2159//2477
f  2157//2475 2155//2473 2160//2478
f  2155//2473 2150//2468 2160//2478
f  2155//2473 2152//2470 2150//2468
f  2152//2470 1222//1386 2150//2468
f  2152//2470 2151//2469 1222//1386
f  2151//2469 1225//1389 1222//1386
f  1217//1381 2161//2479 1219//1383
f  2161//2479 2150//2468 1219//1383
f  2161//2479 2162//2480 2150//2468
f  2162//2480 2160//2478 2150//2468
f  2162//2480 2163//2481 2160//2478
f  2163//2481 2159//2477 2160//2478
f  2163//2481 2164//2482 2159//2477
f  2164//2482 2158//2476 2159//2477
f  1216//1380 2161//2479 1217//1381
f  2165//2483 2166//2484 2167//2485
f  2164//2482 2166//2484 2168//2486
f  2166//2484 2169//2487 2168//2486
f  2166//2484 2165//2483 2169//2487
f  1286//1457 2170//2488 1287//1458
f  2170//2488 2171//2489 1287//1458
f  2170//2488 2172//2490 2171//2489
f  2172//2490 2173//2491 2171//2489
f  2167//2485 2166//2484 2174//2492
f  2166//2484 2175//2493 2174//2492
f  2166//2484 2173//2491 2175//2493
f  2173//2491 2176//2494 2175//2493
f  2173//2491 2172//2490 2176//2494
f  2164//2482 2163//2481 2166//2484
f  2163//2481 2173//2491 2166//2484
f  2163//2481 2162//2480 2173//2491
f  2162//2480 2171//2489 2173//2491
f  2162//2480 2161//2479 2171//2489
f  2161//2479 1287//1458 2171//2489
f  2161//2479 1216//1380 1287//1458
f  2177//2495 2178//2496 2179//2497
f  2179//2497 2180//2498 2177//2495
f  2181//2499 2182//2500 2183//2501
f  2182//2500 2184//2502 2183//2501
f  1286//1457 1288//1459 2185//2503
f  1288//1459 2186//2504 2185//2503
f  1288//1459 2178//2496 2186//2504
f  2187//2505 1285//1456 1284//1455
f  2180//2498 2179//2497 1285//1456
f  2179//2497 1290//1461 1285//1456
f  2179//2497 2178//2496 1290//1461
f  2178//2496 1289//1460 1290//1461
f  2178//2496 1288//1459 1289//1460
f  2188//2506 2189//2507 2190//2508
f  2189//2507 1284//1455 2190//2508
f  2189//2507 2191//2509 1284//1455
f  2191//2509 2187//2505 1284//1455
f  2191//2509 2192//2510 2187//2505
f  2192//2510 1285//1456 2187//2505
f  2192//2510 2193//2511 1285//1456
f  2193//2511 2180//2498 1285//1456
f  2177//2495 2194//2512 2195//2513
f  2194//2512 2177//2495 2196//2514
f  2177//2495 2197//2515 2196//2514
f  2177//2495 2198//2516 2197//2515
f  2184//2502 2182//2500 2199//2517
f  2182//2500 2200//2518 2199//2517
f  2182//2500 2201//2519 2200//2518
f  2201//2519 2202//2520 2200//2518
f  2185//2503 2186//2504 2181//2499
f  2186//2504 2182//2500 2181//2499
f  2186//2504 2178//2496 2182//2500
f  2178//2496 2201//2519 2182//2500
f  2178//2496 2177//2495 2201//2519
f  2177//2495 2202//2520 2201//2519
f  2177//2495 2195//2513 2202//2520
f  2203//2521 2204//2522 2205//2523
f  2193//2511 2204//2522 2180//2498
f  2204//2522 2177//2495 2180//2498
f  2204//2522 2203//2521 2177//2495
f  2188//2506 2190//2508 2206//2524
f  2190//2508 1283//1454 2206//2524
f  2190//2508 1284//1455 1283//1454
f  2188//2506 2206//2524 2189//2507
f  2206//2524 2191//2509 2189//2507
f  2206//2524 2192//2510 2191//2509
f  2207//2525 1224//1388 1223//1387
f  1228//1392 2207//2525 1227//1391
f  2207//2525 1226//1390 1227//1391
f  2207//2525 1223//1387 1226//1390
f  2203//2521 2205//2523 2208//2526
f  2205//2523 2209//2527 2208//2526
f  2205//2523 2210//2528 2209//2527
f  2192//2510 2206//2524 2193//2511
f  2206//2524 2204//2522 2193//2511
f  2206//2524 2211//2529 2204//2522
f  2211//2529 2205//2523 2204//2522
f  2211//2529 2212//2530 2205//2523
f  2212//2530 2210//2528 2205//2523
f  2212//2530 2213//2531 2210//2528
f  2213//2531 2212//2530 2214//2532
f  2212//2530 2215//2533 2214//2532
f  2212//2530 2211//2529 2215//2533
f  2211//2529 2207//2525 2215//2533
f  2211//2529 2206//2524 2207//2525
f  2206//2524 1224//1388 2207//2525
f  2206//2524 1283//1454 1224//1388
f  2213//2531 2214//2532 2216//2534
f  2214//2532 2217//2535 2216//2534
f  2214//2532 2215//2533 2217//2535
f  2215//2533 2218//2536 2217//2535
f  2215//2533 2207//2525 2218//2536
f  2207//2525 2219//2537 2218//2536
f  2207//2525 1228//1392 2219//2537
f  2218//2536 2220//2538 2217//2535
f  2218//2536 2221//2539 2220//2538
f  2220//2538 2221//2539 2222//2540
f  2221//2539 2223//2541 2222//2540
f  2221//2539 2224//2542 2223//2541
f  2217//2535 2220//2538 2216//2534
f  2220//2538 2225//2543 2216//2534
f  2220//2538 2222//2540 2225//2543
f  2222//2540 2226//2544 2225//2543
f  2222//2540 2223//2541 2226//2544
f  2224//2542 2227//2545 2223//2541
f  2227//2545 2228//2546 2223//2541
f  2227//2545 2229//2547 2228//2546
f  2230//2548 2231//2549 2232//2550
f  2231//2549 2233//2551 2232//2550
f  2233//2551 2234//2552 2235//2553
f  1228//1392 1230//1394 2219//2537
f  1230//1394 2236//2554 2219//2537
f  1230//1394 1233//1397 2236//2554
f  1233//1397 2234//2552 2236//2554
f  1233//1397 1234//1398 2234//2552
f  2226//2544 2223//2541 2237//2555
f  2223//2541 2238//2556 2237//2555
f  2223//2541 2228//2546 2238//2556
f  2228//2546 2239//2557 2238//2556
f  2228//2546 2229//2547 2239//2557
f  2229//2547 2240//2558 2239//2557
f  2229//2547 2241//2559 2240//2558
f  1234//1398 1245//1409 2234//2552
f  1245//1409 2235//2553 2234//2552
f  1245//1409 1244//1408 2235//2553
f  2233//2551 2235//2553 2232//2550
f  2235//2553 1241//1405 2232//2550
f  2235//2553 1244//1408 1241//1405
f  2219//2537 2236//2554 2218//2536
f  2236//2554 2221//2539 2218//2536
f  2236//2554 2234//2552 2221//2539
f  2234//2552 2224//2542 2221//2539
f  2234//2552 2233//2551 2224//2542
f  2233//2551 2227//2545 2224//2542
f  2233//2551 2231//2549 2227//2545
f  2231//2549 2229//2547 2227//2545
f  2231//2549 2230//2548 2229//2547
f  2230//2548 2241//2559 2229//2547
f  2230//2548 2242//2560 2241//2559
f  2242//2560 2230//2548 2243//2561
f  2230//2548 2244//2562 2243//2561
f  2230//2548 2232//2550 2244//2562
f  1240//1404 2245//2563 1241//1405
f  2245//2563 2232//2550 1241//1405
f  2245//2563 2246//2564 2232//2550
f  2246//2564 2244//2562 2232//2550
f  2247//2565 2248//2566 2249//2567
f  2248//2566 2250//2568 2249//2567
f  2251//2569 2252//2570 2253//2571
f  2254//2572 2255//2573 2256//2574
f  2257//2575 2246//2564 2245//2563
f  2258//2576 2259//2577 2260//2578
f  2258//2576 2261//2579 2259//2577
f  2261//2579 2262//2580 2259//2577
f  2261//2579 2263//2581 2262//2580
f  2256//2574 2264//2582 2254//2572
f  2264//2582 2265//2583 2254//2572
f  2264//2582 2266//2584 2265//2583
f  2266//2584 2267//2585 2265//2583
f  2266//2584 2268//2586 2267//2585
f  2252//2570 2251//2569 2262//2580
f  2251//2569 2259//2577 2262//2580
f  2251//2569 2248//2566 2259//2577
f  2248//2566 2260//2578 2259//2577
f  2248//2566 2247//2565 2260//2578
f  2257//2575 1236//1400 1238//1402
f  2257//2575 2245//2563 1236//1400
f  2245//2563 1237//1401 1236//1400
f  2245//2563 1240//1404 1237//1401
f  1238//1402 1243//1407 2257//2575
f  1243//1407 2269//2587 2257//2575
f  1243//1407 1242//1406 2269//2587
f  2243//2561 2244//2562 2263//2581
f  2244//2562 2262//2580 2263//2581
f  2244//2562 2246//2564 2262//2580
f  2246//2564 2252//2570 2262//2580
f  2246//2564 2257//2575 2252//2570
f  2257//2575 2253//2571 2252//2570
f  2257//2575 2269//2587 2253//2571
f  2250//2568 2248//2566 2268//2586
f  2248//2566 2267//2585 2268//2586
f  2248//2566 2251//2569 2267//2585
f  2251//2569 2265//2583 2267//2585
f  2251//2569 2253//2571 2265//2583
f  2253//2571 2254//2572 2265//2583
f  2253//2571 2269//2587 2254//2572
f  2269//2587 2255//2573 2254//2572
f  2269//2587 1242//1406 2255//2573
f  2270//2588 2271//2589 2272//2590
f  1208//1372 2255//2573 1242//1406
f  2250//2568 2268//2586 2273//2591
f  2268//2586 2274//2592 2273//2591
f  2268//2586 2266//2584 2274//2592
f  2271//2589 2264//2582 2256//2574
f  1208//1372 1207//1371 2255//2573
f  2275//2593 2276//2594 2270//2588
f  2276//2594 2271//2589 2270//2588
f  2276//2594 2274//2592 2271//2589
f  2274//2592 2264//2582 2271//2589
f  2274//2592 2266//2584 2264//2582
f  2116//2423 2115//2422 2277//2595
f  2115//2422 2278//2596 2277//2595
f  2279//2597 2280//2598 2278//2596
f  2280//2598 2277//2595 2278//2596
f  2280//2598 2281//2599 2277//2595
f  2281//2599 2116//2423 2277//2595
f  2281//2599 2117//2424 2116//2423
f  2273//2591 2274//2592 2279//2597
f  2274//2592 2280//2598 2279//2597
f  2274//2592 2276//2594 2280//2598
f  2276//2594 2281//2599 2280//2598
f  2276//2594 2275//2593 2281//2599
f  2275//2593 2117//2424 2281//2599
f  2275//2593 2118//2425 2117//2424
f  2256//2574 2255//2573 2271//2589
f  2255//2573 2272//2590 2271//2589
f  2255//2573 1207//1371 2272//2590
f  1207//1371 2270//2588 2272//2590
f  1207//1371 1209//1373 2270//2588
f  1209//1373 2275//2593 2270//2588
f  1209//1373 1279//1446 2275//2593
f  1279//1446 2118//2425 2275//2593
f  1279//1446 1155//1286 2118//2425
f  1374//1549 1213//2600 1215//1542
f  1374//1549 1375//1550 1213//2600
f  1375//1550 1415//1604 1213//2600
f  1415//1604 1262//2601 1213//2600
f  1415//1604 1416//1606 1262//2601
f  1416//1606 1263//2602 1262//2601
f  1416//1606 1417//1607 1263//2602
f  1417//1607 1264//1612 1263//2602
f  1417//1607 1418//1609 1264//1612
f  1232//1396 2282//2603 1235//1399
f  1232//1396 1231//1395 2282//2603
f  1231//1395 2283//2604 2282//2603
f  2283//2604 2284//2605 2282//2603
f  2283//2604 2285//2606 2284//2605
f  2286//2607 2287//2608 2288//2609
f  2287//2608 2289//2610 2288//2609
f  2287//2608 2290//2611 2289//2610
f  2291//2612 2292//2613 1361//2614
f  2292//2613 1378//2615 1361//2614
f  2293//2616 1362//2617 2294//2618
f  1362//2617 1363//2619 2294//2618
f  1363//2619 1364//2620 2294//2618
f  1364//2620 1247//1411 2294//2618
f  1364//2620 1246//1410 1247//1411
f  1362//2617 2293//2616 1361//2614
f  2293//2616 2291//2612 1361//2614
f  2293//2616 2289//2610 2291//2612
f  2289//2610 2292//2613 2291//2612
f  2289//2610 2290//2611 2292//2613
f  2288//2609 2289//2610 2285//2606
f  2289//2610 2284//2605 2285//2606
f  2289//2610 2293//2616 2284//2605
f  2293//2616 2282//2603 2284//2605
f  2293//2616 2294//2618 2282//2603
f  2294//2618 1235//1399 2282//2603
f  2294//2618 1247//1411 1235//1399
f  2288//2609 2295//2621 2286//2607
f  2296//2622 2295//2621 2297//2623
f  2295//2621 2298//2624 2297//2623
f  2288//2609 2285//2606 2295//2621
f  2285//2606 2298//2624 2295//2621
f  2285//2606 2283//2604 2298//2624
f  2283//2604 1229//1393 2298//2624
f  2283//2604 1231//1395 1229//1393
f  2297//2623 2298//2624 2154//2472
f  2298//2624 2153//2471 2154//2472
f  2298//2624 1229//1393 2153//2471
f  1229//1393 2151//2469 2153//2471
f  1229//1393 1225//1389 2151//2469
f  2299//2625 2300//2626 2301//2627
f  1332//1504 1329//1501 2302//2628
f  2303//2629 1341//1513 1343//1515
f  2302//2628 2304//2630 1332//1504
f  2304//2630 1334//1506 1332//1504
f  2304//2630 2305//2631 1334//1506
f  2305//2631 1336//1508 1334//1506
f  2305//2631 2306//2632 1336//1508
f  2306//2632 1338//1510 1336//1508
f  2306//2632 2303//2629 1338//1510
f  2303//2629 1344//1516 1338//1510
f  2303//2629 1343//1515 1344//1516
f  1354//1526 2307//2633 1353//1525
f  2307//2633 1328//1500 1353//1525
f  2308//2634 1321//1493 1322//1494
f  1324//1496 1326//1498 1322//1494
f  1326//1498 2308//2634 1322//1494
f  1326//1498 1327//1499 2308//2634
f  1327//1499 2309//2635 2308//2634
f  2309//2635 2310//2636 2308//2634
f  2309//2635 2311//2637 2310//2636
f  2311//2637 2312//2638 2310//2636
f  2311//2637 2313//2639 2312//2638
f  2313//2639 2314//2640 2312//2638
f  2314//2640 2315//2641 2312//2638
f  2314//2640 2316//2642 2315//2641
f  2316//2642 2317//2643 2315//2641
f  2317//2643 2318//2644 2315//2641
f  2317//2643 2319//2645 2318//2644
f  2319//2645 2320//2646 2318//2644
f  2319//2645 2321//2647 2320//2646
f  2321//2647 2322//2648 2320//2646
f  2321//2647 2323//2649 2322//2648
f  2323//2649 2324//2650 2322//2648
f  2323//2649 2325//2651 2324//2650
f  2324//2650 2325//2651 2326//2652
f  2325//2651 2327//2653 2326//2652
f  2325//2651 2328//2654 2327//2653
f  2328//2654 2329//2655 2327//2653
f  2328//2654 2330//2656 2329//2655
f  2331//2657 2332//2658 2333//2659
f  2334//2660 2335//2661 2299//2625
f  2335//2661 2300//2626 2299//2625
f  2335//2661 1306//1478 2300//2626
f  1306//1478 2336//2662 2300//2626
f  1306//1478 1305//1477 2336//2662
f  1305//1477 2337//2663 2336//2662
f  1305//1477 1340//1512 2337//2663
f  2338//2664 2337//2663 2303//2629
f  2337//2663 1341//1513 2303//2629
f  2337//2663 1340//1512 1341//1513
f  2301//2627 2300//2626 2339//2665
f  2300//2626 2333//2659 2339//2665
f  2300//2626 2336//2662 2333//2659
f  2336//2662 2331//2657 2333//2659
f  2336//2662 2337//2663 2331//2657
f  2337//2663 2340//2666 2331//2657
f  2337//2663 2338//2664 2340//2666
f  1328//1500 2307//2633 1329//1501
f  2307//2633 2302//2628 1329//1501
f  2307//2633 2341//2667 2302//2628
f  2341//2667 2304//2630 2302//2628
f  2341//2667 2342//2668 2304//2630
f  2342//2668 2305//2631 2304//2630
f  2342//2668 2343//2669 2305//2631
f  2343//2669 2306//2632 2305//2631
f  2343//2669 2344//2670 2306//2632
f  2344//2670 2303//2629 2306//2632
f  2344//2670 2345//2671 2303//2629
f  2345//2671 2338//2664 2303//2629
f  1321//1493 2308//2634 1354//1526
f  2308//2634 2307//2633 1354//1526
f  2308//2634 2310//2636 2307//2633
f  2310//2636 2341//2667 2307//2633
f  2310//2636 2312//2638 2341//2667
f  2312//2638 2342//2668 2341//2667
f  2312//2638 2315//2641 2342//2668
f  2315//2641 2343//2669 2342//2668
f  2315//2641 2318//2644 2343//2669
f  2318//2644 2344//2670 2343//2669
f  2318//2644 2320//2646 2344//2670
f  2320//2646 2345//2671 2344//2670
f  2320//2646 2322//2648 2345//2671
f  2322//2648 2338//2664 2345//2671
f  2322//2648 2324//2650 2338//2664
f  2324//2650 2340//2666 2338//2664
f  2324//2650 2326//2652 2340//2666
f  2326//2652 2331//2657 2340//2666
f  2326//2652 2327//2653 2331//2657
f  2327//2653 2332//2658 2331//2657
f  2327//2653 2329//2655 2332//2658
f  1355//1527 2346//2672 605//635
f  2346//2672 603//633 605//635
f  2346//2672 2347//2673 603//633
f  1355//1527 1358//1530 2346//2672
f  1358//1530 1380//2674 2346//2672
f  1358//1530 1360//1532 1380//2674
f  2347//2673 2346//2672 2348//2675
f  2346//2672 2349//2676 2348//2675
f  2346//2672 1380//2674 2349//2676
f  1380//2674 1382//2677 2349//2676
f  2329//2655 2330//2656 1376//2678
f  2330//2656 2350//2679 1376//2678
f  2351//2680 2286//2607 2295//2621
f  2329//2655 2352//2681 2332//2658
f  2352//2681 2333//2659 2332//2658
f  2352//2681 2339//2665 2333//2659
f  2353//2682 2354//2683 1377//2684
f  2354//2683 1376//2678 1377//2684
f  2286//2607 2351//2680 2355//2685
f  2351//2680 2356//2686 2355//2685
f  2351//2680 2357//2687 2356//2686
f  2357//2687 1377//2684 2356//2686
f  2357//2687 2358//2688 1377//2684
f  2358//2688 2353//2682 1377//2684
f  2339//2665 2352//2681 2301//2627
f  2352//2681 2299//2625 2301//2627
f  2352//2681 2334//2660 2299//2625
f  2359//2689 1376//2678 2360//2690
f  1376//2678 2361//2691 2360//2690
f  1376//2678 2354//2683 2361//2691
f  2329//2655 1376//2678 2352//2681
f  1376//2678 2362//2692 2352//2681
f  1376//2678 2359//2689 2362//2692
f  1402//2693 2363//2694 1404//2695
f  2363//2694 1402//2693 2364//2696
f  1402//2693 2365//2697 2364//2696
f  1402//2693 1372//2698 2365//2697
f  1372//2698 2366//2699 2365//2697
f  1372//2698 1370//2700 2366//2699
f  1370//2700 2367//2701 2366//2699
f  1370//2700 1365//2702 2367//2701
f  1365//2702 2368//2703 2367//2701
f  1365//2702 1390//2704 2368//2703
f  1390//2704 2369//2705 2368//2703
f  1390//2704 1392//2706 2369//2705
f  1392//2706 2370//2707 2369//2705
f  1392//2706 1388//2708 2370//2707
f  1388//2708 2350//2679 2370//2707
f  1388//2708 1376//2678 2350//2679
f  1379//2709 1373//2710 2371//2711
f  1373//2710 2372//2712 2371//2711
f  1373//2710 1369//2713 2372//2712
f  1369//2713 2373//2714 2372//2712
f  1369//2713 1368//2715 2373//2714
f  2373//2714 1368//2715 2374//2716
f  1368//2715 2375//2717 2374//2716
f  1368//2715 1394//2718 2375//2717
f  1394//2718 2376//2719 2375//2717
f  1394//2718 1395//2720 2376//2719
f  2376//2719 1395//2720 2377//2721
f  1395//2720 2378//2722 2377//2721
f  1395//2720 1396//2723 2378//2722
f  1396//2723 2379//2724 2378//2722
f  1396//2723 1385//2725 2379//2724
f  1385//2725 2380//2726 2379//2724
f  1385//2725 1386//2727 2380//2726
f  1386//2727 2381//2728 2380//2726
f  1386//2727 1387//2729 2381//2728
f  1387//2729 2382//2730 2381//2728
f  1387//2729 1397//2731 2382//2730
f  1397//2731 2383//2732 2382//2730
f  1397//2731 1398//2733 2383//2732
f  1398//2733 2384//2734 2383//2732
f  1398//2733 1399//2735 2384//2734
f  1399//2735 2385//2736 2384//2734
f  1399//2735 1393//2737 2385//2736
f  1393//2737 2386//2738 2385//2736
f  1393//2737 1391//2739 2386//2738
f  1391//2739 2387//2740 2386//2738
f  1391//2739 1389//2741 2387//2740
f  1389//2741 2388//2742 2387//2740
f  1389//2741 1367//2743 2388//2742
f  1366//2744 1371//2745 2389//2746
f  1371//2745 2390//2747 2389//2746
f  1371//2745 1400//2748 2390//2747
f  2388//2742 1367//2743 2391//2749
f  1367//2743 2392//2750 2391//2749
f  1367//2743 1366//2744 2392//2750
f  1366//2744 2393//2751 2392//2750
f  1366//2744 2389//2746 2393//2751
f  2390//2747 1400//2748 2394//2752
f  1400//2748 2395//2753 2394//2752
f  1400//2748 1401//2754 2395//2753
f  1401//2754 2396//2755 2395//2753
f  1401//2754 1403//2756 2396//2755
f  1403//2756 2397//2757 2396//2755
f  1403//2756 1405//2758 2397//2757
f  1405//2758 2398//2759 2397//2757
f  1405//2758 1407//2760 2398//2759
f  1407//2760 2399//2761 2398//2759
f  1407//2760 1409//2762 2399//2761
f  1409//2762 2400//2763 2399//2761
f  1409//2762 1411//2764 2400//2763
f  1411//2764 2401//2765 2400//2763
f  1411//2764 1413//2766 2401//2765
f  1413//2766 2402//2767 2401//2765
f  1413//2766 1414//2768 2402//2767
f  1414//2768 2403//2769 2402//2767
f  1414//2768 1383//2770 2403//2769
f  1383//2770 2404//2771 2403//2769
f  1383//2770 1381//2772 2404//2771
f  1381//2772 2405//2773 2404//2771
f  1381//2772 1379//2709 2405//2773
f  1379//2709 2406//2774 2405//2773
f  1379//2709 2371//2711 2406//2774
f  814//1976 1431//2775 1701//1975
f  1431//2775 2407//2776 1701//1975
f  2408//2777 2407//2776 1429//2778
f  2407//2776 1430//2779 1429//2778
f  2407//2776 1431//2775 1430//2779
f  2409//2780 2410//2781 2411//2782
f  2410//2781 2412//2783 2411//2782
f  2413//2784 2414//2785 2415//2786
f  2415//2786 2414//2785 2416//2787
f  2414//2785 2417//2788 2416//2787
f  2414//2785 2408//2777 2417//2788
f  2408//2777 1428//2789 2417//2788
f  2408//2777 1429//2778 1428//2789
f  2409//2780 2411//2782 2413//2784
f  2411//2782 2414//2785 2413//2784
f  2411//2782 2418//2790 2414//2785
f  2418//2790 2419//2791 2414//2785
f  2418//2790 2420//2792 2419//2791
f  2421//2793 2422//2794 2423//2795
f  1422//1642 2424//2796 1421//1641
f  1428//1648 1419//1639 2417//2797
f  1419//1639 2425//2798 2417//2797
f  1419//1639 1420//1640 2425//2798
f  1422//1642 1423//1643 2424//2796
f  696//726 1439//1659 695//725
f  1439//1659 1425//1645 695//725
f  1426//1646 2421//2793 1427//1647
f  1425//1645 1439//1659 1426//1646
f  1439//1659 2421//2793 1426//1646
f  1439//1659 1440//1660 2421//2793
f  1440//1660 1441//1661 2421//2793
f  2421//2793 1441//1661 2422//2794
f  1441//1661 2426//2799 2422//2794
f  1441//1661 1442//1662 2426//2799
f  1443//1663 1434//1654 2427//2800
f  1434//1654 2428//2801 2427//2800
f  1434//1654 1435//1655 2428//2801
f  2417//2797 2425//2798 2416//2802
f  2425//2798 2415//2803 2416//2802
f  2425//2798 2429//2804 2415//2803
f  2429//2804 2413//2805 2415//2803
f  1421//1641 2424//2796 1420//1640
f  2424//2796 2425//2798 1420//1640
f  2424//2796 2430//2806 2425//2798
f  2430//2806 2429//2804 2425//2798
f  2430//2806 2431//2807 2429//2804
f  1443//1663 2432//2808 1442//1662
f  2432//2808 2426//2799 1442//1662
f  2432//2808 1443//1663 2426//2799
f  1443//1663 2433//2809 2426//2799
f  1443//1663 2427//2800 2433//2809
f  2427//2800 2434//2810 2433//2809
f  2427//2800 2428//2801 2434//2810
f  2428//2801 2409//2811 2434//2810
f  2428//2801 1435//1655 2409//2811
f  1435//1655 2410//2812 2409//2811
f  1435//1655 1437//1657 2410//2812
f  1437//1657 2412//2813 2410//2812
f  1427//1647 2421//2793 1424//1644
f  2421//2793 1423//1643 1424//1644
f  2421//2793 2423//2795 1423//1643
f  2423//2795 2424//2796 1423//1643
f  2423//2795 2422//2794 2424//2796
f  2422//2794 2430//2806 2424//2796
f  2422//2794 2426//2799 2430//2806
f  2426//2799 2431//2807 2430//2806
f  2426//2799 2433//2809 2431//2807
f  2433//2809 2429//2804 2431//2807
f  2433//2809 2434//2810 2429//2804
f  2434//2810 2413//2805 2429//2804
f  2434//2810 2409//2811 2413//2805
f  2435//2814 2436//2815 2437//2816
f  2436//2815 2438//2817 2437//2816
f  1447//1667 2439//2818 1438//1658
f  2439//2818 2440//2819 1438//1658
f  2441//2820 2440//2819 2442//2821
f  2440//2819 2443//2822 2442//2821
f  2440//2819 2439//2818 2443//2822
f  2444//2823 2445//2824 2446//2825
f  2445//2824 2447//2826 2446//2825
f  2445//2824 2441//2820 2447//2826
f  2441//2820 2448//2827 2447//2826
f  2441//2820 2442//2821 2448//2827
f  2444//2823 2449//2828 2445//2824
f  2449//2828 2450//2829 2445//2824
f  2449//2828 2451//2830 2450//2829
f  2452//2831 2453//2832 2454//2833
f  2453//2832 2455//2834 2454//2833
f  2453//2832 2450//2829 2455//2834
f  2450//2829 2456//2835 2455//2834
f  2450//2829 2451//2830 2456//2835
f  2452//2831 2457//2836 2453//2832
f  2457//2836 2458//2837 2453//2832
f  2457//2836 2459//2838 2458//2837
f  2437//2816 2438//2817 2460//2839
f  2438//2817 2461//2840 2460//2839
f  2438//2817 2458//2837 2461//2840
f  2458//2837 2462//2841 2461//2840
f  2458//2837 2459//2838 2462//2841
f  2463//2011 2462//2841 2459//2838
f  2459//2838 2457//2836 2463//2011
f  2457//2836 2464//2003 2463//2011
f  2457//2836 2452//2831 2464//2003
f  2465//2011 2448//2827 2466//2011
f  2467//2842 1447//1667 2468//2843
f  1453//1673 2469//2011 1452//1672
f  2469//2011 1457//1677 1452//1672
f  2469//2011 2468//2843 1457//1677
f  2468//2843 1446//1666 1457//1677
f  2468//2843 1447//1667 1446//1666
f  688//718 1445//1665 686//716
f  2470//2844 2471//2003 2472//2845
f  2471//2003 2473//2846 2472//2845
f  2474//2847 2475//2011 2476//2848
f  2456//2835 2464//2003 2455//2834
f  2464//2003 2454//2833 2455//2834
f  2464//2003 2452//2831 2454//2833
f  2477//2849 2478//2003 2479//2850
f  2478//2003 2480//2851 2479//2850
f  2478//2003 2471//2003 2480//2851
f  2471//2003 2481//2852 2480//2851
f  2471//2003 2470//2844 2481//2852
f  2473//2846 2471//2003 2482//2853
f  2471//2003 688//718 2482//2853
f  2471//2003 2469//2011 688//718
f  2469//2011 1445//1665 688//718
f  2469//2011 1453//1673 1445//1665
f  2456//2835 2451//2830 2464//2003
f  2451//2830 2483//2011 2464//2003
f  2451//2830 2449//2828 2483//2011
f  2475//2011 2478//2003 2476//2848
f  2478//2003 2484//2854 2476//2848
f  2478//2003 2477//2849 2484//2854
f  2462//2841 2463//2011 2461//2840
f  2463//2011 2460//2839 2461//2840
f  2463//2011 2485//2011 2460//2839
f  2485//2011 2437//2816 2460//2839
f  2485//2011 2486//2011 2437//2816
f  2486//2011 2435//2814 2437//2816
f  2486//2011 2487//2011 2435//2814
f  2487//2011 2488//2855 2435//2814
f  2487//2011 2475//2011 2488//2855
f  2475//2011 2489//2856 2488//2855
f  2475//2011 2474//2847 2489//2856
f  1447//1667 2467//2842 2439//2818
f  2467//2842 2443//2822 2439//2818
f  2467//2842 2466//2011 2443//2822
f  2466//2011 2442//2821 2443//2822
f  2466//2011 2448//2827 2442//2821
f  2448//2827 2465//2011 2447//2826
f  2465//2011 2446//2825 2447//2826
f  2465//2011 2483//2011 2446//2825
f  2483//2011 2444//2823 2446//2825
f  2483//2011 2449//2828 2444//2823
f  2490//2857 2242//2560 2243//2561
f  2491//2858 2411//2046 2492//2046
f  2411//2046 2412//2813 2492//2046
f  2412//2813 2493//2050 2492//2046
f  2412//2813 2494//2046 2493//2050
f  2242//2560 2490//2857 2495//2859
f  2490//2857 2496//2860 2495//2859
f  2490//2857 2497//2046 2496//2860
f  2497//2046 2498//2861 2496//2860
f  2497//2046 2499//2862 2498//2861
f  2420//2863 2500//2864 2501//2865
f  2500//2864 2497//2046 2501//2865
f  2500//2864 2502//2866 2497//2046
f  2502//2866 2499//2862 2497//2046
f  2441//2820 2494//2046 2440//2819
f  2494//2046 1438//1658 2440//2819
f  2494//2046 2412//2813 1438//1658
f  2412//2813 1437//1657 1438//1658
f  2411//2046 2491//2858 2418//2867
f  2491//2858 2420//2863 2418//2867
f  2491//2858 2503//2868 2420//2863
f  2503//2868 2500//2864 2420//2863
f  2503//2868 2504//2046 2500//2864
f  2494//2046 2441//2820 2505//2046
f  2441//2820 2506//2050 2505//2046
f  2441//2820 2445//2824 2506//2050
f  2445//2824 2507//2046 2506//2050
f  2445//2824 2450//2829 2507//2046
f  2450//2829 2508//2046 2507//2046
f  2450//2829 2453//2832 2508//2046
f  2453//2832 2458//2837 2508//2046
f  2458//2837 2509//2046 2508//2046
f  2458//2837 2438//2817 2509//2046
f  2438//2817 2510//2046 2509//2046
f  2438//2817 2436//2815 2510//2046
f  2436//2815 2511//2046 2510//2046
f  2436//2815 2500//2864 2511//2046
f  2500//2864 2512//2046 2511//2046
f  2500//2864 2504//2046 2512//2046
f  2513//2869 2514//2870 2515//2871
f  1467//1687 2516//2872 1475//1695
f  2517//2873 2518//2874 2519//2875
f  2518//2874 2520//2876 2519//2875
f  2518//2874 2521//2877 2520//2876
f  2522//2878 2523//2879 2524//2880
f  2523//2879 2525//2881 2524//2880
f  2523//2879 2526//2882 2525//2881
f  1478//1698 2527//2883 1479//1699
f  2527//2883 1480//1700 1479//1699
f  2527//2883 1481//1701 1480//1700
f  2527//2883 1478//1698 2528//2884
f  1478//1698 2529//2885 2528//2884
f  1478//1698 1477//1697 2529//2885
f  1477//1697 1476//1696 2529//2885
f  1476//1696 2530//2886 2529//2885
f  1476//1696 1471//1691 2530//2886
f  1475//1695 2516//2872 1474//1694
f  2516//2872 1473//1693 1474//1694
f  2516//2872 2530//2886 1473//1693
f  2530//2886 1472//1692 1473//1693
f  2530//2886 1471//1691 1472//1692
f  1467//1687 1468//1688 2516//2872
f  1468//1688 2531//2887 2516//2872
f  1468//1688 1469//1689 2531//2887
f  1469//1689 2532//2888 2531//2887
f  1469//1689 1470//1690 2532//2888
f  2533//2889 889//923 1858//2123
f  889//923 2533//2889 1466//1686
f  2533//2889 1465//1685 1466//1686
f  2533//2889 2532//2888 1465//1685
f  2532//2888 1464//1684 1465//1685
f  2532//2888 1470//1690 1464//1684
f  2514//2870 2534//2890 2515//2871
f  2515//2871 2534//2890 2535//2891
f  2534//2890 2536//2892 2535//2891
f  2534//2890 1884//2149 2536//2892
f  1884//2149 2537//2893 2536//2892
f  1884//2149 1885//2150 2537//2893
f  2513//2869 2538//2894 2514//2870
f  2538//2894 2539//2895 2514//2870
f  2538//2894 2540//2896 2539//2895
f  2541//2897 2539//2895 2542//2898
f  2539//2895 2543//2899 2542//2898
f  2539//2895 2540//2896 2543//2899
f  2544//2900 2541//2897 2545//2901
f  2541//2897 2546//2902 2545//2901
f  2541//2897 2542//2898 2546//2902
f  2547//2903 2544//2900 2548//2904
f  2544//2900 2549//2905 2548//2904
f  2544//2900 2545//2901 2549//2905
f  2519//2875 2520//2876 2550//2906
f  2520//2876 2547//2903 2550//2906
f  2520//2876 2551//2907 2547//2903
f  2551//2907 2544//2900 2547//2903
f  2524//2880 2525//2881 2521//2877
f  2525//2881 2520//2876 2521//2877
f  2525//2881 2526//2882 2520//2876
f  2526//2882 2551//2907 2520//2876
f  2526//2882 2552//2908 2551//2907
f  2552//2908 2544//2900 2551//2907
f  2552//2908 2553//2909 2544//2900
f  2553//2909 2541//2897 2544//2900
f  2553//2909 2554//2910 2541//2897
f  2554//2910 2539//2895 2541//2897
f  2554//2910 2555//2911 2539//2895
f  2555//2911 2514//2870 2539//2895
f  2555//2911 2556//2912 2514//2870
f  2556//2912 2534//2890 2514//2870
f  2556//2912 1894//2159 2534//2890
f  1894//2159 1884//2149 2534//2890
f  2527//2883 2528//2884 2522//2878
f  2528//2884 2523//2879 2522//2878
f  2528//2884 2529//2885 2523//2879
f  2529//2885 2526//2882 2523//2879
f  2529//2885 2530//2886 2526//2882
f  2530//2886 2552//2908 2526//2882
f  2530//2886 2516//2872 2552//2908
f  2516//2872 2553//2909 2552//2908
f  2516//2872 2531//2887 2553//2909
f  2531//2887 2554//2910 2553//2909
f  2531//2887 2532//2888 2554//2910
f  2532//2888 2555//2911 2554//2910
f  2532//2888 2533//2889 2555//2911
f  2533//2889 2556//2912 2555//2911
f  2533//2889 1858//2123 2556//2912
f  1858//2123 1894//2159 2556//2912
f  2557//2913 2473//2846 2482//2853
f  688//718 687//717 2482//2853
f  687//717 2557//2913 2482//2853
f  687//717 691//721 2557//2913
f  691//721 1494//1714 2557//2913
f  691//721 689//719 1494//1714
f  1495//1715 2558//2914 1494//1714
f  2558//2914 2557//2913 1494//1714
f  2558//2914 2559//2915 2557//2913
f  2559//2915 2473//2846 2557//2913
f  2560//2916 2561//2917 2562//2918
f  2563//2919 2564//2920 2565//2921
f  2564//2920 2566//2922 2565//2921
f  2564//2920 2567//2923 2566//2922
f  2567//2923 2568//2924 2566//2922
f  2569//2925 2570//2926 2571//2927
f  2570//2926 2572//2928 2571//2927
f  1495//1715 1488//1708 2573//2929
f  1488//1708 2574//2930 2573//2929
f  1488//1708 1490//1710 2574//2930
f  2574//2930 1490//1710 2575//2931
f  1490//1710 2576//2932 2575//2931
f  1490//1710 1491//1711 2576//2932
f  1491//1711 2577//2933 2576//2932
f  2578//2934 2579//2935 1458//1678
f  2579//2935 1487//1707 1458//1678
f  2579//2935 2580//2936 1487//1707
f  2580//2936 1486//1706 1487//1707
f  2580//2936 2581//2937 1486//1706
f  2581//2937 1493//1713 1486//1706
f  2581//2937 2577//2933 1493//1713
f  2577//2933 1491//1711 1493//1713
f  1482//1702 1461//1681 2582//2938
f  1461//1681 2527//2883 2582//2938
f  1461//1681 1481//1701 2527//2883
f  2522//2878 2583//2939 2527//2883
f  2583//2939 2582//2938 2527//2883
f  2583//2939 2584//2940 2582//2938
f  2584//2940 1482//1702 2582//2938
f  2584//2940 1484//1704 1482//1702
f  2563//2919 2565//2921 2585//2941
f  2565//2921 2586//2942 2585//2941
f  2565//2921 2587//2943 2586//2942
f  2587//2943 2588//2944 2586//2942
f  2587//2943 2589//2945 2588//2944
f  2589//2945 2590//2946 2588//2944
f  2518//2874 2591//2947 2521//2877
f  2591//2947 2592//2948 2521//2877
f  2591//2947 2593//2949 2592//2948
f  2593//2949 2594//2950 2592//2948
f  2593//2949 2562//2918 2594//2950
f  2562//2918 2593//2949 2560//2916
f  2593//2949 2595//2951 2560//2916
f  2593//2949 2591//2947 2595//2951
f  2591//2947 2596//2952 2595//2951
f  2591//2947 2518//2874 2596//2952
f  2518//2874 2597//2953 2596//2952
f  2518//2874 2517//2873 2597//2953
f  2569//2925 2571//2927 2598//2954
f  2571//2927 2599//2955 2598//2954
f  2571//2927 2600//2956 2599//2955
f  2600//2956 2568//2924 2599//2955
f  2600//2956 2601//2957 2568//2924
f  2601//2957 2566//2922 2568//2924
f  2601//2957 2602//2958 2566//2922
f  2602//2958 2565//2921 2566//2922
f  2602//2958 2561//2917 2565//2921
f  2561//2917 2587//2943 2565//2921
f  2561//2917 2560//2916 2587//2943
f  2560//2916 2589//2945 2587//2943
f  2560//2916 2595//2951 2589//2945
f  2595//2951 2590//2946 2589//2945
f  2595//2951 2596//2952 2590//2946
f  2524//2880 2603//2959 2522//2878
f  2603//2959 2583//2939 2522//2878
f  2603//2959 2604//2960 2583//2939
f  2604//2960 2584//2940 2583//2939
f  2604//2960 2578//2934 2584//2940
f  2578//2934 1484//1704 2584//2940
f  2578//2934 1458//1678 1484//1704
f  2574//2930 2575//2931 2605//2961
f  2575//2931 2572//2928 2605//2961
f  2575//2931 2576//2932 2572//2928
f  2576//2932 2571//2927 2572//2928
f  2576//2932 2577//2933 2571//2927
f  2577//2933 2600//2956 2571//2927
f  2577//2933 2581//2937 2600//2956
f  2581//2937 2601//2957 2600//2956
f  2581//2937 2580//2936 2601//2957
f  2580//2936 2602//2958 2601//2957
f  2580//2936 2579//2935 2602//2958
f  2579//2935 2561//2917 2602//2958
f  2579//2935 2578//2934 2561//2917
f  2578//2934 2562//2918 2561//2917
f  2578//2934 2604//2960 2562//2918
f  2604//2960 2594//2950 2562//2918
f  2604//2960 2603//2959 2594//2950
f  2603//2959 2592//2948 2594//2950
f  2603//2959 2524//2880 2592//2948
f  2524//2880 2521//2877 2592//2948
f  1500//1720 1543//1763 1900//2165
f  1543//1763 2606//2962 1900//2165
f  1543//1763 1534//1754 2606//2962
f  1534//1754 2607//2963 2606//2962
f  1534//1754 1544//1764 2607//2963
f  1544//1764 2608//2964 2607//2963
f  1544//1764 1526//1746 2608//2964
f  1526//1746 2609//2965 2608//2964
f  1526//1746 1528//1748 2609//2965
f  1528//1748 2610//2966 2609//2965
f  1528//1748 2611//2967 2610//2966
f  2612//2968 2613//2969 1524//1744
f  2613//2969 1522//1742 1524//1744
f  2613//2969 2611//2967 1522//1742
f  2611//2967 1529//1749 1522//1742
f  2611//2967 1528//1748 1529//1749
f  2612//2968 1664//2970 1665//2971
f  1664//2970 2612//2968 1670//2972
f  2612//2968 1671//2973 1670//2972
f  2612//2968 1672//2974 1671//2973
f  2614//2975 1655//2976 2615//2977
f  1672//2974 2612//2968 1673//2978
f  2612//2968 1674//2979 1673//2978
f  2612//2968 1524//1744 1674//2979
f  1679//2980 2616//2981 1678//2982
f  2616//2981 1677//2983 1678//2982
f  2616//2981 2617//2984 1677//2983
f  2617//2984 1676//2985 1677//2983
f  2617//2984 2618//2986 1676//2985
f  2612//2968 1665//2971 2619//2987
f  1665//2971 2620//2988 2619//2987
f  1665//2971 1675//2989 2620//2988
f  1675//2989 2621//2990 2620//2988
f  1675//2989 1676//2985 2621//2990
f  1676//2985 2622//2991 2621//2990
f  1676//2985 2618//2986 2622//2991
f  1661//2992 1666//2993 1569//1789
f  1666//2993 1568//1788 1569//1789
f  1666//2993 1667//2994 1568//1788
f  1667//2994 1552//1772 1568//1788
f  1524//1744 1550//1770 1674//2979
f  1550//1770 1669//2995 1674//2979
f  1550//1770 1552//1772 1669//2995
f  1552//1772 1668//2996 1669//2995
f  1552//1772 1667//2994 1668//2996
f  2623//2997 2615//2977 1653//2998
f  2615//2977 1654//2999 1653//2998
f  2615//2977 1655//2976 1654//2999
f  2624//3000 2616//2981 1681//3001
f  2616//2981 1680//3002 1681//3001
f  2616//2981 1679//2980 1680//3002
f  1661//2992 1569//1789 1662//3003
f  1569//1789 1663//3004 1662//3003
f  1569//1789 1571//1791 1663//3004
f  1571//1791 1660//3005 1663//3004
f  1571//1791 2625//3006 1660//3005
f  2625//3006 1659//3007 1660//3005
f  2625//3006 2626//3008 1659//3007
f  2626//3008 1658//3009 1659//3007
f  2626//3008 2627//3010 1658//3009
f  2627//3010 1657//3011 1658//3009
f  2627//3010 2628//3012 1657//3011
f  2628//3012 1649//3013 1657//3011
f  2628//3012 2629//3014 1649//3013
f  2629//3014 1650//3015 1649//3013
f  2629//3014 2630//3016 1650//3015
f  2630//3016 1656//3017 1650//3015
f  2630//3016 2623//2997 1656//3017
f  2623//2997 1652//3018 1656//3017
f  2623//2997 1653//2998 1652//3018
f  1644//3019 2631//3020 2632//3021
f  1655//2976 2614//2975 1651//3022
f  2614//2975 1642//3023 1651//3022
f  2614//2975 2631//3020 1642//3023
f  2631//3020 1643//3024 1642//3023
f  2631//3020 1644//3019 1643//3024
f  1647//3025 1646//3026 2633//3027
f  1646//3026 2632//3021 2633//3027
f  1646//3026 1645//3028 2632//3021
f  1645//3028 1644//3019 2632//3021
f  2634//3029 2635//3030 1639//3031
f  2635//3030 1638//3032 1639//3031
f  2635//3030 2636//3033 1638//3032
f  2636//3033 1637//3034 1638//3032
f  2636//3033 2637//3035 1637//3034
f  2637//3035 1686//3036 1637//3034
f  2637//3035 2638//3037 1686//3036
f  2638//3037 1687//3038 1686//3036
f  2638//3037 2639//3039 1687//3038
f  2639//3039 1685//3040 1687//3038
f  2639//3039 2640//3041 1685//3040
f  2640//3041 1684//3042 1685//3040
f  2640//3041 2641//3043 1684//3042
f  2641//3043 1683//3044 1684//3042
f  2641//3043 2624//3000 1683//3044
f  2624//3000 1682//3045 1683//3044
f  2624//3000 1681//3001 1682//3045
f  1647//3025 2633//3027 1648//3046
f  2633//3027 1641//3047 1648//3046
f  2633//3027 2634//3029 1641//3047
f  2634//3029 1640//3048 1641//3047
f  2634//3029 1639//3031 1640//3048
f  1582//1802 2642//3049 1581//1801
f  1582//1802 1583//1803 2642//3049
f  1583//1803 2643//3050 2642//3049
f  1583//1803 1555//1775 2643//3050
f  1555//1775 2644//3051 2643//3050
f  1555//1775 1559//1779 2644//3051
f  1559//1779 1609//1829 2644//3051
f  1559//1779 1560//1780 1609//1829
f  1581//1801 2642//3049 1566//1786
f  2642//3049 1564//1784 1566//1786
f  2642//3049 2645//3052 1564//1784
f  2645//3052 1570//1790 1564//1784
f  2645//3052 1571//1791 1570//1790
f  1609//1829 1560//1780 1607//1827
f  1560//1780 1606//1826 1607//1827
f  1560//1780 1562//1782 1606//1826
f  1562//1782 1563//1783 1606//1826
f  1606//1826 1563//1783 1605//1825
f  1563//1783 1604//1824 1605//1825
f  1563//1783 1580//1800 1604//1824
f  1580//1800 628//658 1604//1824
f  1611//1831 1612//1832 1594//1814
f  1612//1832 1595//1815 1594//1814
f  1612//1832 1613//1833 1595//1815
f  1613//1833 2646//3053 1595//1815
f  1609//1829 1608//1828 2647//3054
f  1608//1828 2648//3055 2647//3054
f  1608//1828 1597//1817 2648//3055
f  1597//1817 2649//3056 2648//3055
f  1597//1817 1596//1816 2649//3056
f  1596//1816 2650//3057 2649//3056
f  1596//1816 1595//1815 2650//3057
f  1595//1815 2651//3058 2650//3057
f  1595//1815 2646//3053 2651//3058
f  1610//1830 1630//1850 2652//3059
f  1630//1850 2653//3060 2652//3059
f  1630//1850 1631//1851 2653//3060
f  1631//1851 2654//3061 2653//3060
f  1631//1851 1628//1848 2654//3061
f  2335//2661 2334//2660 1306//1478
f  2334//3062 1624//3063 1306//3064
f  2654//3061 1628//1848 2655//3065
f  1628//1848 2656//3066 2655//3065
f  1628//1848 1626//1846 2656//3066
f  1626//1846 2657//3067 2656//3066
f  1626//1846 1624//1844 2657//3067
f  1624//1844 2352//2681 2657//3067
f  1624//1844 2334//2660 2352//2681
f  2658//3068 1701//3069 2659//3070
f  2658//3068 2660//3071 1701//3069
f  1688//3072 1699//3073 2661//3074
f  1699//3073 2660//3071 2661//3074
f  1699//3073 1700//3075 2660//3071
f  1700//3075 1701//3069 2660//3071
f  1691//3076 1693//3077 1718//3078
f  1693//3077 2662//3079 1718//3078
f  1693//3077 1688//3072 2662//3079
f  1688//3072 2663//3080 2662//3079
f  1688//3072 2661//3074 2663//3080
f  2664//3081 2665//3082 1717//3083
f  2665//3082 1725//3084 1717//3083
f  2666//3085 2667//3086 2668//3085
f  2667//3086 1717//3083 2668//3085
f  2667//3086 2669//3087 1717//3083
f  2669//3087 2664//3081 1717//3083
f  2099//2406 2669//3088 2085//2392
f  2094//2401 2667//3089 2095//2402
f  2669//3088 2667//3089 2085//2392
f  2667//3089 2094//2401 2085//2392
f  2081//2388 2669//3088 2101//2408
f  2669//3088 2100//2407 2101//2408
f  2669//3088 2099//2406 2100//2407
f  2669//3088 2081//2388 2664//3090
f  2081//2388 2665//3091 2664//3090
f  2081//2388 2083//2390 2665//3091
f  2083//2390 1725//2007 2665//3091
f  2083//2390 1727//2009 1725//2007
f  1722//2004 2670//3092 2671//3093
f  1722//2004 1723//2005 2670//3092
f  1723//2005 2672//3094 2670//3092
f  1723//2005 1724//2006 2672//3094
f  2673//3095 2674//3096 2675//3097
f  2676//3098 2675//3097 2677//3099
f  2675//3097 2676//3098 2673//3095
f  2676//3098 2678//3100 2673//3095
f  2676//3098 2679//3101 2678//3100
f  2679//3101 2680//3102 2678//3100
f  2679//3101 2681//3103 2680//3102
f  1722//2004 2671//3093 1749//2024
f  2671//3093 2682//3104 1749//2024
f  2671//3093 2683//3105 2682//3104
f  1726//2008 2684//3106 1724//2006
f  2684//3106 2672//3094 1724//2006
f  2684//3106 2685//3107 2672//3094
f  2685//3107 2670//3092 2672//3094
f  2685//3107 2686//3108 2670//3092
f  2686//3108 2671//3093 2670//3092
f  2686//3108 2687//3109 2671//3093
f  2687//3109 2683//3105 2671//3093
f  2687//3109 2688//3110 2683//3105
f  2689//3111 2688//3110 2681//3103
f  2688//3110 2680//3102 2681//3103
f  2688//3110 2687//3109 2680//3102
f  2687//3109 2678//3100 2680//3102
f  2687//3109 2686//3108 2678//3100
f  2686//3108 2673//3095 2678//3100
f  2686//3108 2685//3107 2673//3095
f  2685//3107 2674//3096 2673//3095
f  2685//3107 2684//3106 2674//3096
f  2690//3112 2689//3111 2691//3113
f  2689//3111 2690//3112 2688//3110
f  2690//3112 2683//3105 2688//3110
f  2690//3112 2692//3114 2683//3105
f  2692//3114 2693//3115 2683//3105
f  2693//3115 2682//3104 2683//3105
f  2693//3115 2694//3116 2682//3104
f  2694//3116 2695//3117 2682//3104
f  2695//3117 1749//2024 2682//3104
f  2695//3117 1720//2002 1749//2024
f  2696//3118 2697//3119 2698//3120
f  1783//2051 2697//3119 2017//2324
f  2017//2324 2042//2349 2018//2325
f  1783//2051 1751//2026 2697//3119
f  1751//2026 1720//2002 2697//3119
f  1751//2026 1731//2012 1720//2002
f  2693//3115 2697//3119 2694//3116
f  2697//3119 2695//3117 2694//3116
f  2697//3119 1720//2002 2695//3117
f  2042//2349 2017//2324 2040//2347
f  2017//2324 2046//2353 2040//2347
f  2017//2324 2697//3119 2046//2353
f  2697//3119 2699//3121 2046//2353
f  2697//3119 2696//3118 2699//3121
f  2693//3115 2692//3114 2697//3119
f  2692//3114 2691//3113 2697//3119
f  2692//3114 2690//3112 2691//3113
f  1780//3122 1747//3123 1786//3124
f  1747//3123 1742//3125 1786//3124
f  1786//3124 1742//3125 1782//3126
f  1742//3125 1773//3127 1782//3126
f  1742//3125 1743//3127 1773//3127
f  1743//3127 1774//3128 1773//3127
f  1743//3127 1744//3129 1774//3128
f  1744//3129 1775//3130 1774//3128
f  1744//3129 1748//3130 1775//3130
f  1748//3131 1778//3132 1775//3133
f  1748//3131 1719//3134 1778//3132
f  1719//3134 1771//3135 1778//3132
f  1719//3134 1721//3136 1771//3135
f  1721//3136 1729//3137 1771//3135
f  1729//3137 1785//3138 1771//3135
f  1729//3137 1730//3139 1785//3138
f  1747//3123 1780//3122 1746//3140
f  1780//3122 1738//3141 1746//3140
f  1780//3122 1779//3142 1738//3141
f  1779//3143 1736//3144 1738//3145
f  1779//3143 1781//3146 1736//3144
f  1781//3146 1734//3147 1736//3144
f  1781//3146 1776//3148 1734//3147
f  1776//3149 1732//3149 1734//3150
f  1776//3149 1777//3150 1732//3149
f  1777//3151 1730//3139 1732//3152
f  1777//3151 1784//3153 1730//3139
f  1784//3153 1785//3138 1730//3139
f  1819//2084 2700//3154 1820//2085
f  1896//2161 2701//3155 854//888
f  2701//3155 1799//2064 854//888
f  1799//2064 2701//3155 1800//2065
f  2701//3155 2702//3156 1800//2065
f  2701//3155 2703//3157 2702//3156
f  2703//3157 2704//3158 2702//3156
f  2705//3159 1807//2072 2704//3158
f  2706//3160 2705//3159 2707//3161
f  2705//3159 2708//3162 2707//3161
f  2705//3159 2704//3158 2708//3162
f  2704//3158 2709//3163 2708//3162
f  2704//3158 2703//3157 2709//3163
f  1800//2065 2702//3156 1801//2066
f  2702//3156 1803//2068 1801//2066
f  2702//3156 2704//3158 1803//2068
f  2704//3158 1804//2069 1803//2068
f  2704//3158 1807//2072 1804//2069
f  1795//2060 2710//3164 1794//2059
f  2710//3164 1793//2058 1794//2059
f  2710//3164 2711//3165 1793//2058
f  2711//3165 2712//3166 1793//2058
f  2712//3166 2713//3167 1793//2058
f  2712//3166 2714//3168 2713//3167
f  1793//2058 2713//3167 1792//2057
f  2713//3167 1772//2047 1792//2057
f  2713//3167 2715//3169 1772//2047
f  2715//3169 1770//2045 1772//2047
f  2715//3169 2716//3170 1770//2045
f  2716//3170 1791//2056 1770//2045
f  2716//3170 2717//3171 1791//2056
f  2717//3171 1790//2055 1791//2056
f  2717//3171 2718//3172 1790//2055
f  2718//3172 1789//2054 1790//2055
f  2718//3172 1897//2162 1789//2054
f  1897//2162 1788//2053 1789//2054
f  1819//2084 1814//2079 2719//3173
f  1814//2079 1815//2080 2719//3173
f  1807//2072 2705//3159 1806//2071
f  2705//3159 1812//2077 1806//2071
f  2705//3159 2706//3160 1812//2077
f  2706//3160 1811//2076 1812//2077
f  2706//3160 1810//2075 1811//2076
f  1819//2084 2719//3173 2700//3154
f  2719//3173 2720//3174 2700//3154
f  2719//3173 2714//3168 2720//3174
f  2714//3168 2721//3175 2720//3174
f  2714//3168 2712//3166 2721//3175
f  2712//3166 2722//3176 2721//3175
f  2712//3166 2711//3165 2722//3176
f  1897//2162 2718//3172 1896//2161
f  2718//3172 2701//3155 1896//2161
f  2718//3172 2717//3171 2701//3155
f  2717//3171 2703//3157 2701//3155
f  2717//3171 2716//3170 2703//3157
f  2716//3170 2709//3163 2703//3157
f  2716//3170 2715//3169 2709//3163
f  2715//3169 2708//3162 2709//3163
f  2715//3169 2713//3167 2708//3162
f  2713//3167 2707//3161 2708//3162
f  2713//3167 2714//3168 2707//3161
f  2714//3168 2706//3160 2707//3161
f  2714//3168 2719//3173 2706//3160
f  2719//3173 1810//2075 2706//3160
f  2719//3173 1815//2080 1810//2075
f  2723//3177 1823//2088 1818//2083
f  1830//2095 2724//3178 1865//2130
f  1830//2095 1827//2092 2724//3178
f  2724//3178 1827//2092 2030//2337
f  1827//2092 2031//2338 2030//2337
f  1827//2092 1826//2091 2031//2338
f  1826//2091 2038//2345 2031//2338
f  2725//3179 1823//2088 2726//3180
f  1823//2088 2727//3181 2726//3180
f  1823//2088 2723//3177 2727//3181
f  2038//2345 1826//2091 2037//2344
f  1826//2091 2035//2342 2037//2344
f  1826//2091 1834//2099 2035//2342
f  1834//2099 2728//3182 2035//2342
f  1834//2099 1823//2088 2728//3182
f  1823//2088 2729//3183 2728//3182
f  1823//2088 2725//3179 2729//3183
f  1885//2150 1886//2151 2730//3184
f  1886//2151 2731//3185 2730//3184
f  1886//2151 1883//2148 2731//3185
f  1883//2148 2732//3186 2731//3185
f  1883//2148 1881//2146 2732//3186
f  1881//2146 1852//2117 2732//3186
f  2732//3186 1852//2117 2733//3187
f  1852//2117 2734//3188 2733//3187
f  1852//2117 1854//2119 2734//3188
f  1854//2119 2735//3189 2734//3188
f  2736//3190 2735//3189 1879//2144
f  2735//3189 1878//2143 1879//2144
f  2735//3189 1854//2119 1878//2143
f  2737//3191 2738//3192 1876//2141
f  2738//3192 1875//2140 1876//2141
f  2738//3192 2736//3190 1875//2140
f  2736//3190 1880//2145 1875//2140
f  2736//3190 1879//2144 1880//2145
f  2737//3191 1876//2141 2739//3193
f  1876//2141 2740//3194 2739//3193
f  1876//2141 1877//2142 2740//3194
f  1877//2142 1872//2137 2740//3194
f  1872//2137 2741//3195 2740//3194
f  1872//2137 1870//2135 2741//3195
f  1870//2135 2742//3196 2741//3195
f  1870//2135 1869//2134 2742//3196
f  1869//2134 1867//2132 2742//3196
f  1867//2132 2743//3197 2742//3196
f  1867//2132 1866//2131 2743//3197
f  1866//2131 2724//3178 2743//3197
f  1866//2131 1865//2130 2724//3178
f  2606//2962 2744//3198 1900//2165
f  2745//3199 2744//3198 2746//3200
f  2744//3198 2747//3201 2746//3200
f  2744//3198 2606//2962 2747//3201
f  1902//2167 2748//3202 1899//2164
f  2748//3202 2749//3203 1899//2164
f  2748//3202 2750//3204 2749//3203
f  1900//2165 2744//3198 1901//2166
f  2744//3198 1902//2167 1901//2166
f  2744//3198 2751//3205 1902//2167
f  2751//3205 2748//3202 1902//2167
f  2752//3206 2753//3207 2745//3199
f  2753//3207 2744//3198 2745//3199
f  2753//3207 2754//3208 2744//3198
f  2754//3208 2751//3205 2744//3198
f  2754//3208 2755//3209 2751//3205
f  2755//3209 2748//3202 2751//3205
f  2755//3209 2756//3210 2748//3202
f  2756//3210 2750//3204 2748//3202
f  2757//3211 2750//3204 2756//3210
f  2758//3212 2759//3213 2760//3214
f  1906//2171 1898//2163 2761//3215
f  1898//2163 2762//3216 2761//3215
f  1898//2163 1903//2168 2762//3216
f  1903//2168 2763//3217 2762//3216
f  2764//3218 2763//3217 1905//2170
f  2763//3217 1904//2169 1905//2170
f  2763//3217 1903//2168 1904//2169
f  2761//3215 2762//3216 2758//3212
f  2762//3216 2759//3213 2758//3212
f  2762//3216 2763//3217 2759//3213
f  2763//3217 2757//3211 2759//3213
f  2763//3217 2764//3218 2757//3211
f  2764//3218 2750//3204 2757//3211
f  2764//3218 1905//2170 2750//3204
f  1905//2170 2749//3203 2750//3204
f  1905//2170 1899//2164 2749//3203
f  1912//2177 2765//3219 1913//2178
f  2765//3219 1920//2189 1913//2178
f  2765//3219 1919//2187 1920//2189
f  2766//3220 2765//3219 1910//2175
f  2765//3219 1911//2176 1910//2175
f  2765//3219 1912//2177 1911//2176
f  2767//3221 1906//2171 2761//3215
f  1906//2171 2767//3221 1907//2172
f  2767//3221 1908//2173 1907//2172
f  2767//3221 2766//3220 1908//2173
f  2766//3220 1909//2174 1908//2173
f  2766//3220 1910//2175 1909//2174
f  2768//3222 2761//3215 2758//3212
f  2760//3214 2769//3223 2758//3212
f  2769//3223 2768//3222 2758//3212
f  2769//3223 2770//3224 2768//3222
f  2770//3224 2771//3225 2768//3222
f  2770//3224 2772//3226 2771//3225
f  2772//3226 2773//3227 2771//3225
f  2772//3226 1918//2186 2773//3227
f  2761//3215 2768//3222 2767//3221
f  2768//3222 2766//3220 2767//3221
f  2768//3222 2771//3225 2766//3220
f  2771//3225 2765//3219 2766//3220
f  2771//3225 2773//3227 2765//3219
f  2773//3227 1919//2187 2765//3219
f  2773//3227 1918//2186 1919//2187
f  2774//3228 2724//3178 2030//2337
f  2775//3229 2776//3230 2777//3231
f  2776//3230 2778//3232 2777//3231
f  2778//3232 2779//3233 2777//3231
f  2779//3233 2780//3234 2777//3231
f  2779//3233 2781//3235 2780//3234
f  2781//3235 1916//2183 2780//3234
f  2781//3235 1915//2182 1916//2183
f  1915//2182 2781//3235 2782//3236
f  2781//3235 2783//3237 2782//3236
f  2781//3235 2742//3196 2783//3237
f  2742//3196 2784//3238 2783//3237
f  2742//3196 2743//3197 2784//3238
f  2743//3197 2785//3239 2784//3238
f  2743//3197 2147//2462 2785//3239
f  2786//3240 2787//3241 2788//3242
f  2787//3241 2786//3240 2789//3243
f  2786//3240 2790//3244 2789//3243
f  2786//3240 2776//3230 2790//3244
f  2776//3230 2791//3245 2790//3244
f  2776//3230 2775//3229 2791//3245
f  2792//3246 2743//3197 2793//3247
f  1994//2301 2130//2442 1992//2299
f  2130//2442 2126//2438 1992//2299
f  2792//3246 2794//3248 2743//3197
f  1992//2299 2126//2438 1996//2303
f  2126//2438 1989//2296 1996//2303
f  2126//2438 2147//2462 1989//2296
f  2147//2462 1990//2297 1989//2296
f  1990//2297 2147//2462 2000//2307
f  2147//2462 2005//2312 2000//2307
f  2147//2462 2743//3197 2005//2312
f  2743//3197 2795//3249 2005//2312
f  2743//3197 2794//3248 2795//3249
f  2774//3228 2796//3250 2724//3178
f  2793//3247 2743//3197 2797//3251
f  2743//3197 2798//3252 2797//3251
f  2743//3197 2724//3178 2798//3252
f  2724//3178 2799//3253 2798//3252
f  2724//3178 2796//3250 2799//3253
f  2788//3242 2787//3241 2800//3254
f  2787//3241 2801//3255 2800//3254
f  2787//3241 2789//3243 2801//3255
f  2789//3243 2790//3244 2801//3255
f  2790//3244 2802//3256 2801//3255
f  2790//3244 2791//3245 2802//3256
f  2791//3245 2775//3229 2802//3256
f  2775//3229 2803//3257 2802//3256
f  2775//3229 2777//3231 2803//3257
f  2777//3231 2780//3234 2803//3257
f  2780//3234 1914//2179 2803//3257
f  2780//3234 1916//2183 1914//2179
f  1918//2186 2772//3226 1914//2179
f  2772//3226 2803//3257 1914//2179
f  2772//3226 2770//3224 2803//3257
f  2770//3224 2802//3256 2803//3257
f  2770//3224 2769//3223 2802//3256
f  2769//3223 2801//3255 2802//3256
f  2769//3223 2760//3214 2801//3255
f  2760//3214 2800//3254 2801//3255
f  2804//3258 1927//2210 1926//2208
f  2804//3258 2805//3259 1927//2210
f  2805//3259 2806//3260 1927//2210
f  2805//3259 2807//3261 2806//3260
f  2807//3261 2808//3262 2806//3260
f  2807//3261 2809//3263 2808//3262
f  2809//3263 2810//3264 2808//3262
f  2809//3263 2811//3265 2810//3264
f  2811//3265 2812//3266 2810//3264
f  2811//3265 2813//3267 2812//3266
f  2814//3268 2815//3269 1935//2221
f  2815//3269 1934//2220 1935//2221
f  2815//3269 2816//3270 1934//2220
f  2816//3270 1921//2194 1934//2220
f  1922//2196 1921//2194 2817//3271
f  1921//2194 2818//3272 2817//3271
f  1921//2194 2816//3270 2818//3272
f  2819//3273 2820//3274 1939//2228
f  2820//3274 1938//2227 1939//2228
f  2820//3274 2821//3275 1938//2227
f  1937//2225 2822//3276 2823//3277
f  1937//2225 1938//2227 2822//3276
f  1938//2227 2824//3278 2822//3276
f  1938//2227 2821//3275 2824//3278
f  2823//3277 2825//3279 1937//2225
f  2825//3279 1936//2223 1937//2225
f  2825//3279 2826//3280 1936//2223
f  1935//2221 1936//2223 2814//3268
f  1936//2223 2827//3281 2814//3268
f  1936//2223 2826//3280 2827//3281
f  2828//3282 2829//3283 1917//2185
f  2829//3283 1924//2203 1917//2185
f  2829//3283 2830//3284 1924//2203
f  2830//3284 1925//2205 1924//2203
f  2830//3284 2831//3285 1925//2205
f  2831//3285 1933//2219 1925//2205
f  2831//3285 2832//3286 1933//2219
f  2832//3286 1932//2218 1933//2219
f  2832//3286 2833//3287 1932//2218
f  1939//2228 1930//2215 2819//3273
f  1930//2215 2833//3287 2819//3273
f  1930//2215 1931//2217 2833//3287
f  1931//2217 1932//2218 2833//3287
f  2785//3239 2834//3288 2784//3238
f  2834//3288 2783//3237 2784//3238
f  2783//3237 2834//3288 2782//3236
f  2834//3288 1915//2182 2782//3236
f  2834//3288 2835//3289 1915//2182
f  2835//3289 1917//2185 1915//2182
f  2835//3289 2828//3282 1917//2185
f  1927//2210 2806//3260 2836//3290
f  2806//3260 2808//3262 2836//3290
f  2808//3262 2837//3291 2836//3290
f  2808//3262 2810//3264 2837//3291
f  2810//3264 2812//3266 2837//3291
f  2812//3266 2838//3292 2837//3291
f  2812//3266 2839//3293 2838//3292
f  2839//3293 1947//2236 2838//3292
f  2839//3293 1946//2235 1947//2236
f  999//1033 1940//2229 1949//2238
f  1940//2229 2840//3294 1949//2238
f  1929//2214 2841//3295 974//1008
f  2841//3295 1943//2232 974//1008
f  2841//3295 2842//3296 1943//2232
f  2842//3296 1942//2231 1943//2232
f  2842//3296 2840//3294 1942//2231
f  2840//3294 1941//2230 1942//2231
f  2840//3294 1940//2229 1941//2230
f  1949//2238 2840//3294 1948//2237
f  2840//3294 2843//3297 1948//2237
f  2840//3294 2842//3296 2843//3297
f  2842//3296 2844//3298 2843//3297
f  2842//3296 2841//3295 2844//3298
f  2841//3295 2845//3299 2844//3298
f  2841//3295 1929//2214 2845//3299
f  1929//2214 1928//2212 2845//3299
f  1948//2237 2843//3297 1947//2236
f  2843//3297 2838//3292 1947//2236
f  2843//3297 2844//3298 2838//3292
f  2844//3298 2837//3291 2838//3292
f  2844//3298 2845//3299 2837//3291
f  2845//3299 2836//3290 2837//3291
f  2845//3299 1928//2212 2836//3290
f  1928//2212 1927//2210 2836//3290
f  1182//3300 1955//3301 2133//3302
f  1955//3301 1983//3303 2133//3302
f  1961//2250 1945//2234 1953//2242
f  1953//2242 1945//2234 1954//2243
f  1945//2234 2846//3304 1954//2243
f  1945//2234 1946//2235 2846//3304
f  1946//2235 2813//3267 2846//3304
f  1946//2235 2839//3293 2813//3267
f  2839//3293 2812//3266 2813//3267
f  1944//2233 1945//2234 1950//2239
f  1945//2234 1959//2248 1950//2239
f  1945//2234 1961//2250 1959//2248
f  1944//2233 1950//2239 1004//1038
f  1950//2239 347//347 1004//1038
f  1950//2239 1030//1122 347//347
f  1926//2208 1923//2198 2847//3305
f  2846//3304 2848//3306 1954//2243
f  2848//3306 1952//2241 1954//2243
f  2848//3306 2849//3307 1952//2241
f  2847//3305 1923//2198 2850//3308
f  1923//2198 2851//3309 2850//3308
f  1923//2198 1922//2196 2851//3309
f  1922//2196 2852//3310 2851//3309
f  1922//2196 2817//3271 2852//3310
f  2817//3271 2853//3311 2852//3310
f  2817//3271 2818//3272 2853//3311
f  2818//3272 2854//3312 2853//3311
f  2818//3272 2816//3270 2854//3312
f  2816//3270 2855//3313 2854//3312
f  2816//3270 2815//3269 2855//3313
f  1952//2241 2849//3307 1962//2251
f  2849//3307 1960//2249 1962//2251
f  2849//3307 2856//3314 1960//2249
f  2856//3314 1968//2257 1960//2249
f  2856//3314 2857//3315 1968//2257
f  2857//3315 1967//2256 1968//2257
f  2857//3315 2858//3316 1967//2256
f  2858//3316 1966//2255 1967//2256
f  2858//3316 2859//3317 1966//2255
f  2859//3317 1965//2254 1966//2255
f  2859//3317 2860//3318 1965//2254
f  2860//3318 1964//2253 1965//2254
f  2860//3318 2861//3319 1964//2253
f  2861//3319 1963//2252 1964//2253
f  2814//3268 2862//3320 2815//3269
f  2862//3320 2855//3313 2815//3269
f  2862//3320 2863//3321 2855//3313
f  2864//3322 2865//3323 2863//3321
f  2865//3323 2855//3313 2863//3321
f  2865//3323 2866//3324 2855//3313
f  2866//3324 2854//3312 2855//3313
f  2866//3324 2867//3325 2854//3312
f  2867//3325 2853//3311 2854//3312
f  2867//3325 2868//3326 2853//3311
f  2868//3326 2852//3310 2853//3311
f  2868//3326 2869//3327 2852//3310
f  2869//3327 2851//3309 2852//3310
f  2869//3327 2870//3328 2851//3309
f  2870//3328 2850//3308 2851//3309
f  2870//3328 2871//3329 2850//3308
f  2871//3329 2847//3305 2850//3308
f  2871//3329 2872//3330 2847//3305
f  2872//3330 1926//2208 2847//3305
f  1963//2252 2861//3319 2864//3322
f  2861//3319 2865//3323 2864//3322
f  2861//3319 2860//3318 2865//3323
f  2860//3318 2866//3324 2865//3323
f  2860//3318 2859//3317 2866//3324
f  2859//3317 2867//3325 2866//3324
f  2859//3317 2858//3316 2867//3325
f  2858//3316 2868//3326 2867//3325
f  2858//3316 2857//3315 2868//3326
f  2857//3315 2869//3327 2868//3326
f  2857//3315 2856//3314 2869//3327
f  2856//3314 2870//3328 2869//3327
f  2856//3314 2849//3307 2870//3328
f  2849//3307 2871//3329 2870//3328
f  2849//3307 2848//3306 2871//3329
f  2848//3306 2872//3330 2871//3329
f  2826//3280 2873//3331 2827//3281
f  2874//3332 2875//3333 2876//3334
f  2875//3333 2877//3335 2876//3334
f  1963//2252 2864//3322 1974//2263
f  2864//3322 2877//3335 1974//2263
f  2864//3322 2863//3321 2877//3335
f  2874//3332 2878//3336 2875//3333
f  2878//3336 2879//3337 2875//3333
f  2878//3336 2880//3338 2879//3337
f  2819//3273 2881//3339 2820//3274
f  2881//3339 2882//3340 2820//3274
f  2883//3341 2884//3342 2823//3277
f  2884//3342 2825//3279 2823//3277
f  2884//3342 2826//3280 2825//3279
f  2877//3335 2863//3321 2876//3334
f  2863//3321 2873//3331 2876//3334
f  2863//3321 2862//3320 2873//3331
f  2862//3320 2827//3281 2873//3331
f  2862//3320 2814//3268 2827//3281
f  2820//3274 2882//3340 2821//3275
f  2882//3340 2824//3278 2821//3275
f  2882//3340 2885//3343 2824//3278
f  2885//3343 2822//3276 2824//3278
f  2885//3343 2883//3341 2822//3276
f  2883//3341 2823//3277 2822//3276
f  2880//3338 2886//3344 2879//3337
f  2886//3344 1980//2269 2879//3337
f  2886//3344 1978//2267 1980//2269
f  1974//2263 2877//3335 1973//2262
f  2877//3335 1972//2261 1973//2262
f  2877//3335 2875//3333 1972//2261
f  2875//3333 1970//2259 1972//2261
f  2875//3333 2879//3337 1970//2259
f  2879//3337 1971//2260 1970//2259
f  2879//3337 1980//2269 1971//2260
f  2826//3280 2884//3342 2873//3331
f  2884//3342 2876//3334 2873//3331
f  2884//3342 2883//3341 2876//3334
f  2883//3341 2874//3332 2876//3334
f  2883//3341 2885//3343 2874//3332
f  2885//3343 2878//3336 2874//3332
f  2885//3343 2882//3340 2878//3336
f  2882//3340 2880//3338 2878//3336
f  2882//3340 2881//3339 2880//3338
f  2794//3248 2887//3345 2795//3249
f  2887//3345 2007//2314 2795//3249
f  2888//3346 2887//3345 2793//3247
f  2887//3345 2792//3246 2793//3247
f  2887//3345 2794//3248 2792//3246
f  2796//3250 2889//3347 2799//3253
f  2889//3347 2798//3252 2799//3253
f  2889//3347 2888//3346 2798//3252
f  2888//3346 2797//3251 2798//3252
f  2888//3346 2793//3247 2797//3251
f  2030//2337 2032//2339 2774//3228
f  2032//2339 2796//3250 2774//3228
f  2032//2339 2015//2322 2796//3250
f  2015//2322 2889//3347 2796//3250
f  2015//2322 2014//2321 2889//3347
f  2007//2314 2887//3345 2006//2313
f  2887//3345 2009//2316 2006//2313
f  2887//3345 2888//3346 2009//2316
f  2888//3346 2010//2317 2009//2316
f  2888//3346 2889//3347 2010//2317
f  2889//3347 2012//2319 2010//2317
f  2889//3347 2014//2321 2012//2319
f  2014//2321 2013//2320 2012//2319
f  2014//2321 1090//1188 2013//2320
f  2007//2314 2003//2310 2795//3249
f  2003//2310 2005//2312 2795//3249
f  2017//2324 1795//2060 1783//2051
f  2017//2324 2019//2326 1795//2060
f  2019//2326 2890//3348 1795//2060
f  2890//3348 2019//2326 2891//3349
f  2019//2326 2892//3350 2891//3349
f  2019//2326 2020//2327 2892//3350
f  2020//2327 2893//3351 2892//3350
f  2020//2327 2021//2328 2893//3351
f  2021//2328 2894//3352 2893//3351
f  2021//2328 2034//2341 2894//3352
f  2894//3352 2034//2341 2895//3353
f  2034//2341 2728//3182 2895//3353
f  2034//2341 2035//2342 2728//3182
f  2699//3121 2055//2362 2046//2353
f  2055//2362 2699//3121 2056//2363
f  2699//3121 2057//2364 2056//2363
f  2699//3121 2058//2365 2057//2364
f  2896//3354 2250//2568 2897//3355
f  2250//2568 2898//3356 2897//3355
f  2114//2421 2899//3357 2115//2422
f  2666//3358 2899//3357 2667//3089
f  2899//3357 2095//2402 2667//3089
f  2095//2402 2899//3357 2104//2411
f  2899//3357 2106//2413 2104//2411
f  2899//3357 2114//2421 2106//2413
f  2115//2422 2899//3357 2278//2596
f  2899//3357 2279//2597 2278//2596
f  2899//3357 2898//3356 2279//2597
f  2898//3356 2273//2591 2279//2597
f  2898//3356 2250//2568 2273//2591
f  2900//3359 2901//3360 2902//3361
f  2142//2457 2903//3362 2144//2459
f  2903//3362 2146//2461 2144//2459
f  2149//2464 2900//3359 2148//2463
f  2136//2451 2904//3363 2138//2453
f  2905//3364 2906//3365 2907//3366
f  2906//3365 2908//3367 2907//3366
f  2902//3361 2901//3360 2909//3368
f  2901//3360 2910//3369 2909//3368
f  2901//3360 2904//3363 2910//3369
f  2904//3363 2906//3365 2910//3369
f  2904//3363 2136//2451 2906//3365
f  2136//2451 2908//3367 2906//3365
f  2138//2453 2904//3363 2140//2455
f  2904//3363 2142//2457 2140//2455
f  2904//3363 2901//3360 2142//2457
f  2901//3360 2903//3362 2142//2457
f  2901//3360 2900//3359 2903//3362
f  2900//3359 2146//2461 2903//3362
f  2900//3359 2149//2464 2146//2461
f  2147//2462 2148//2463 2785//3239
f  2148//2463 2834//3288 2785//3239
f  2148//2463 2900//3359 2834//3288
f  2900//3359 2835//3289 2834//3288
f  2900//3359 2902//3361 2835//3289
f  2902//3361 2828//3282 2835//3289
f  2902//3361 2909//3368 2828//3282
f  2908//3367 2136//2451 2134//2449
f  2908//3367 2134//2449 2907//3366
f  2134//2449 2905//3364 2907//3366
f  2134//2449 2132//2447 2905//3364
f  2132//2447 1983//2272 2911//3370
f  1983//2272 2912//3371 2911//3370
f  1983//2272 2913//3372 2912//3371
f  2913//3372 2914//3373 2912//3371
f  2915//3374 2916//3375 2917//3376
f  2918//3377 2919//3378 2183//2501
f  2919//3378 2918//3377 2920//3379
f  2918//3377 2921//3380 2920//3379
f  2918//3377 2922//3381 2921//3380
f  2922//3381 2923//3382 2921//3380
f  2922//3381 2924//3383 2923//3382
f  2923//3382 2924//3383 2925//3384
f  2924//3383 2926//3385 2925//3384
f  2924//3383 2927//3386 2926//3385
f  2927//3386 2928//3387 2168//2486
f  2928//3387 2164//2482 2168//2486
f  2928//3387 2296//2622 2164//2482
f  2164//2482 2296//2622 2158//2476
f  2296//2622 2157//2475 2158//2476
f  2296//2622 2297//2623 2157//2475
f  2297//2623 2156//2474 2157//2475
f  2297//2623 2154//2472 2156//2474
f  2929//3388 2617//2984 2616//2981
f  2927//3386 2924//3383 2928//3387
f  2924//3383 2930//3389 2928//3387
f  2924//3383 2931//3390 2930//3389
f  2931//3390 2932//3391 2930//3389
f  2931//3390 2933//3392 2932//3391
f  2933//3392 2934//3393 2932//3391
f  2933//3392 2929//3388 2934//3393
f  2929//3388 2933//3392 2617//2984
f  2933//3392 2935//3394 2617//2984
f  2933//3392 2936//3395 2935//3394
f  2936//3395 2937//3396 2935//3394
f  2936//3395 2938//3397 2937//3396
f  2937//3396 2938//3397 2939//3398
f  2938//3397 2940//3399 2939//3398
f  2938//3397 2941//3400 2940//3399
f  2941//3400 2942//3401 2940//3399
f  2941//3400 2943//3402 2942//3401
f  2943//3402 2944//3403 2942//3401
f  2943//3402 2916//3375 2944//3403
f  2916//3375 2945//3404 2944//3403
f  2916//3375 2915//3374 2945//3404
f  2168//2486 2169//2487 2927//3386
f  2169//2487 2165//2483 2927//3386
f  2185//2503 2170//2488 1286//1457
f  2183//2501 2919//3378 2181//2499
f  2919//3378 2946//3405 2181//2499
f  2926//3385 2947//3406 2925//3384
f  2947//3406 2923//3382 2925//3384
f  2947//3406 2948//3407 2923//3382
f  2948//3407 2921//3380 2923//3382
f  2948//3407 2946//3405 2921//3380
f  2946//3405 2920//3379 2921//3380
f  2946//3405 2919//3378 2920//3379
f  2165//2483 2167//2485 2927//3386
f  2167//2485 2926//3385 2927//3386
f  2167//2485 2174//2492 2926//3385
f  2174//2492 2947//3406 2926//3385
f  2174//2492 2175//2493 2947//3406
f  2175//2493 2948//3407 2947//3406
f  2175//2493 2176//2494 2948//3407
f  2176//2494 2172//2490 2948//3407
f  2172//2490 2946//3405 2948//3407
f  2172//2490 2170//2488 2946//3405
f  2170//2488 2181//2499 2946//3405
f  2170//2488 2185//2503 2181//2499
f  2918//3377 2517//2873 2519//2875
f  2918//3377 2183//2501 2517//2873
f  2183//2501 2597//2953 2517//2873
f  2183//2501 2184//2502 2597//2953
f  2184//2502 2596//2952 2597//2953
f  2184//2502 2199//2517 2596//2952
f  2199//2517 2590//2946 2596//2952
f  2199//2517 2200//2518 2590//2946
f  2590//2946 2200//2518 2588//2944
f  2200//2518 2586//2942 2588//2944
f  2200//2518 2202//2520 2586//2942
f  2586//2942 2949//3408 2585//2941
f  2949//3408 2586//2942 2950//3409
f  2586//2942 2951//3410 2950//3409
f  2586//2942 2952//3411 2951//3410
f  2952//3411 2586//2942 2953//3412
f  2586//2942 2954//3413 2953//3412
f  2586//2942 2202//2520 2954//3413
f  2202//2520 2195//2513 2954//3413
f  2195//2513 2955//3414 2954//3413
f  2195//2513 2194//2512 2955//3414
f  2194//2512 2956//3415 2955//3414
f  2194//2512 2196//2514 2956//3415
f  2196//2514 2957//3416 2956//3415
f  2196//2514 2197//2515 2957//3416
f  2197//2515 2958//3417 2957//3416
f  2958//3417 2197//2515 2959//3418
f  2197//2515 2960//3419 2959//3418
f  2197//2515 2198//2516 2960//3419
f  2198//2516 2489//2856 2960//3419
f  2198//2516 2488//2855 2489//2856
f  2198//2516 2435//2814 2488//2855
f  2203//2521 2198//2516 2177//2495
f  2203//2521 2208//2526 2198//2516
f  2961//3420 2436//2815 2962//3421
f  2963//3422 2964//3423 2965//3424
f  2964//3423 2966//3425 2965//3424
f  2962//3421 2436//2815 2967//3426
f  2436//2815 2968//3427 2967//3426
f  2436//2815 2435//2814 2968//3427
f  2435//2814 2965//3424 2968//3427
f  2435//2814 2198//2516 2965//3424
f  2198//2516 2963//3422 2965//3424
f  2198//2516 2208//2526 2963//3422
f  2961//3420 2969//3428 2436//2815
f  2969//3428 2500//2864 2436//2815
f  2969//3428 2970//3429 2500//2864
f  2209//2527 2963//3422 2208//2526
f  2216//2534 2963//3422 2213//2531
f  2963//3422 2210//2528 2213//2531
f  2963//3422 2209//2527 2210//2528
f  2971//3430 2250//2568 2896//3354
f  2250//2568 2971//3430 2249//2567
f  2971//3430 2247//2565 2249//2567
f  2971//3430 2972//3431 2247//2565
f  2247//2565 2972//3431 2260//2578
f  2972//3431 2258//2576 2260//2578
f  2972//3431 2973//3432 2258//2576
f  2973//3432 2261//2579 2258//2576
f  2973//3432 2490//2857 2261//2579
f  2490//2857 2263//2581 2261//2579
f  2490//2857 2243//2561 2263//2581
f  2292//2613 1377//2684 1378//2615
f  2292//2613 2290//2611 1377//2684
f  2290//2611 2356//2686 1377//2684
f  2290//2611 2287//2608 2356//2686
f  2287//2608 2355//2685 2356//2686
f  2287//2608 2286//2607 2355//2685
f  2330//2656 2328//2654 2350//2679
f  2328//2654 2325//2651 2350//2679
f  2386//3433 2369//2705 2385//3434
f  2380//3435 2323//2649 2379//3436
f  2404//3437 2974//3438 2403//3439
f  2395//3440 2365//2697 2394//3441
f  2325//2651 2323//2649 2350//2679
f  2323//2649 2381//3442 2350//2679
f  2323//2649 2380//3435 2381//3442
f  2369//2705 2370//2707 2385//3434
f  2379//3436 2323//2649 2378//3443
f  2323//2649 2377//3444 2378//3443
f  2323//2649 2321//2647 2377//3444
f  2321//2647 2376//3445 2377//3444
f  2321//2647 2319//2645 2376//3445
f  2974//3438 2975//3446 2403//3439
f  2393//3447 2389//3448 2367//2701
f  2389//3448 2366//2699 2367//2701
f  2385//3434 2370//2707 2384//3449
f  2370//2707 2383//3450 2384//3449
f  2370//2707 2350//2679 2383//3450
f  2350//2679 2382//3451 2383//3450
f  2350//2679 2381//3442 2382//3451
f  2376//3445 2319//2645 2375//3452
f  2319//2645 2374//3453 2375//3452
f  2319//2645 2317//2643 2374//3453
f  2317//2643 2373//3454 2374//3453
f  2317//2643 2316//2642 2373//3454
f  2403//3439 2975//3446 2402//3455
f  2975//3446 2401//3456 2402//3455
f  2975//3446 2976//3457 2401//3456
f  2976//3457 2400//3458 2401//3456
f  2976//3457 2363//2694 2400//3458
f  2365//2697 2366//2699 2394//3441
f  2366//2699 2390//3459 2394//3441
f  2366//2699 2389//3448 2390//3459
f  2393//3447 2367//2701 2392//3460
f  2367//2701 2391//3461 2392//3460
f  2367//2701 2368//2703 2391//3461
f  2368//2703 2388//3462 2391//3461
f  2368//2703 2369//2705 2388//3462
f  2369//2705 2387//3463 2388//3462
f  2369//2705 2386//3433 2387//3463
f  2347//2673 1299//1471 603//633
f  2404//3437 2405//3464 2974//3438
f  2405//3464 2348//2675 2974//3438
f  2405//3464 2406//3465 2348//2675
f  2400//3458 2363//2694 2399//3466
f  2363//2694 2398//3467 2399//3466
f  2363//2694 2364//2696 2398//3467
f  2364//2696 2397//3468 2398//3467
f  2364//2696 2365//2697 2397//3468
f  2365//2697 2396//3469 2397//3468
f  2365//2697 2395//3440 2396//3469
f  2372//3470 2373//3454 2313//2639
f  2373//3454 2314//2640 2313//2639
f  2373//3454 2316//2642 2314//2640
f  1299//1471 2347//2673 1300//1472
f  2347//2673 1320//1492 1300//1472
f  2347//2673 1318//1490 1320//1492
f  1318//1490 2347//2673 1323//1495
f  2347//2673 1325//1497 1323//1495
f  2347//2673 1327//1499 1325//1497
f  2348//2675 2406//3465 2347//2673
f  2406//3465 1327//1499 2347//2673
f  2406//3465 2371//3471 1327//1499
f  2371//3471 2309//2635 1327//1499
f  2371//3471 2372//3470 2309//2635
f  2372//3470 2311//2637 2309//2635
f  2372//3470 2313//2639 2311//2637
f  2977//3472 1382//2677 1384//3473
f  1382//2677 2977//3472 2349//2676
f  2977//3472 2348//2675 2349//2676
f  2977//3472 2974//3438 2348//2675
f  2978//3474 2979//3475 2980//3476
f  2361//2691 2981//3477 2360//2690
f  2361//2691 2982//3478 2981//3477
f  2982//3478 2983//3479 2981//3477
f  2982//3478 2984//3480 2983//3479
f  2985//3481 2983//3479 2986//3482
f  2983//3479 2987//3483 2986//3482
f  2983//3479 2984//3480 2987//3483
f  2988//3484 2989//3485 2990//3486
f  2989//3485 2991//3487 2990//3486
f  2989//3485 2992//3488 2991//3487
f  2980//3476 2979//3475 2993//3489
f  2979//3475 2994//3490 2993//3489
f  2979//3475 2989//3485 2994//3490
f  2989//3485 2995//3491 2994//3490
f  2989//3485 2988//3484 2995//3491
f  2996//3492 2997//3493 2998//3494
f  2999//3495 3000//3496 3001//3497
f  3000//3496 3002//3498 3001//3497
f  3000//3496 3003//3499 3002//3498
f  3003//3499 2996//3492 3002//3498
f  3003//3499 3004//3500 2996//3492
f  3004//3500 2997//3493 2996//3492
f  3005//3501 2997//3493 3006//3502
f  2655//3065 2656//3066 3007//3503
f  2656//3066 3008//3504 3007//3503
f  2656//3066 2657//3067 3008//3504
f  2657//3067 2362//2692 3008//3504
f  2657//3067 2352//2681 2362//2692
f  3009//3505 3010//3506 2983//3479
f  3010//3506 2981//3477 2983//3479
f  3010//3506 2359//2689 2981//3477
f  2359//2689 2360//2690 2981//3477
f  2359//2689 3010//3506 2362//2692
f  3010//3506 3008//3504 2362//2692
f  3010//3506 3009//3505 3008//3504
f  3009//3505 3007//3503 3008//3504
f  3009//3505 3005//3501 3007//3503
f  3005//3501 2655//3065 3007//3503
f  3005//3501 3006//3502 2655//3065
f  2998//3494 2997//3493 2978//3474
f  2997//3493 2979//3475 2978//3474
f  2997//3493 3005//3501 2979//3475
f  3005//3501 2989//3485 2979//3475
f  3005//3501 3009//3505 2989//3485
f  3009//3505 2992//3488 2989//3485
f  3009//3505 2983//3479 2992//3488
f  2983//3479 3011//3507 2992//3488
f  2983//3479 2985//3481 3011//3507
f  2354//3508 3012//3509 2361//3510
f  2354//2683 2353//2682 3013//3511
f  2353//2682 3014//3512 3013//3511
f  3014//3512 2353//2682 3015//3513
f  2353//2682 3016//3514 3015//3513
f  2353//2682 2358//2688 3016//3514
f  2358//2688 3017//3515 3016//3514
f  2358//2688 2357//2687 3017//3515
f  2357//2687 3018//3516 3017//3515
f  2357//2687 2351//2680 3018//3516
f  3016//3514 3019//3517 3015//3513
f  2296//2622 2351//2680 2295//2621
f  3020//3518 3021//3519 2354//2683
f  3021//3519 3012//3520 2354//2683
f  3021//3519 2984//3480 3012//3520
f  3019//3517 3022//3521 3015//3513
f  3022//3521 3014//3512 3015//3513
f  3022//3521 3020//3518 3014//3512
f  3020//3518 3013//3511 3014//3512
f  3020//3518 2354//2683 3013//3511
f  2928//3387 3023//3522 2296//2622
f  3023//3522 2351//2680 2296//2622
f  3023//3522 3024//3523 2351//2680
f  3024//3523 3018//3516 2351//2680
f  3024//3523 3019//3517 3018//3516
f  3019//3517 3017//3515 3018//3516
f  3019//3517 3016//3514 3017//3515
f  3025//3524 2976//3457 2975//3446
f  1410//3525 1408//3526 3025//3524
f  1408//3526 2976//3457 3025//3524
f  1408//3526 1406//3527 2976//3457
f  1406//3527 2363//2694 2976//3457
f  1406//3527 1404//2695 2363//2694
f  1701//3069 3026//3528 2659//3070
f  1701//3069 2407//3529 3026//3528
f  3027//3530 3028//3531 2408//3532
f  3028//3531 2407//3529 2408//3532
f  3028//3531 3029//3533 2407//3529
f  3029//3533 3026//3528 2407//3529
f  2501//3534 3030//3535 2420//3536
f  3030//3535 2419//3537 2420//3536
f  3030//3535 3027//3530 2419//3537
f  3027//3530 2414//3538 2419//3537
f  3027//3530 2408//3532 2414//3538
f  3031//3539 3032//3540 3033//3541
f  3032//3540 3034//3542 3033//3541
f  3032//3540 3035//3543 3034//3542
f  3035//3543 3036//3544 3034//3542
f  3035//3543 3037//3545 3036//3544
f  2480//2851 2481//2852 3035//3543
f  2481//2852 3037//3545 3035//3543
f  2481//2852 2470//2844 3037//3545
f  2470//2844 3038//3546 3037//3545
f  2470//2844 2472//2845 3038//3546
f  2472//2845 2559//2915 3038//3546
f  2472//2845 2473//2846 2559//2915
f  2567//2923 3039//3547 2568//2924
f  3039//3547 2599//2955 2568//2924
f  1495//1715 2573//2929 2558//2914
f  2573//2929 3040//3548 2558//2914
f  2573//2929 2574//2930 3040//3548
f  2574//2930 3041//3549 3040//3548
f  2574//2930 2605//2961 3041//3549
f  2605//2961 3042//3550 3041//3549
f  2605//2961 2572//2928 3042//3550
f  2572//2928 3043//3551 3042//3550
f  2572//2928 2570//2926 3043//3551
f  2570//2926 2569//2925 3043//3551
f  2569//2925 3044//3552 3043//3551
f  2569//2925 2598//2954 3044//3552
f  2474//2847 3045//3553 2489//2856
f  2474//2847 3046//3554 3045//3553
f  2480//2851 3035//3543 2479//2850
f  3035//3543 2477//2849 2479//2850
f  3035//3543 3032//3540 2477//2849
f  3032//3540 2484//2854 2477//2849
f  3032//3540 3031//3539 2484//2854
f  3031//3539 2476//2848 2484//2854
f  3045//3553 3046//3554 3047//3555
f  3046//3554 3048//3556 3047//3555
f  3046//3554 3049//3557 3048//3556
f  3049//3557 3039//3547 3048//3556
f  3049//3557 3044//3552 3039//3547
f  3044//3552 2599//2955 3039//3547
f  3044//3552 2598//2954 2599//2955
f  3048//3556 3039//3547 3050//3558
f  3039//3547 3051//3559 3050//3558
f  3039//3547 2567//2923 3051//3559
f  2567//2923 3052//3560 3051//3559
f  2567//2923 2564//2920 3052//3560
f  2558//2914 3040//3548 2559//2915
f  3040//3548 3038//3546 2559//2915
f  3040//3548 3041//3549 3038//3546
f  3041//3549 3037//3545 3038//3546
f  3041//3549 3042//3550 3037//3545
f  3042//3550 3036//3544 3037//3545
f  3042//3550 3043//3551 3036//3544
f  3043//3551 3034//3542 3036//3544
f  3043//3551 3044//3552 3034//3542
f  3044//3552 3033//3541 3034//3542
f  3044//3552 3049//3557 3033//3541
f  3049//3557 3031//3539 3033//3541
f  3049//3557 3046//3554 3031//3539
f  3046//3554 2476//2848 3031//3539
f  3046//3554 2474//2847 2476//2848
f  2507//3122 2465//3123 2506//3124
f  2465//3123 2466//3125 2506//3124
f  2465//3123 2507//3122 2483//3140
f  2507//3122 2464//3141 2483//3140
f  2507//3122 2508//3142 2464//3141
f  2508//3143 2463//3144 2464//3145
f  2508//3143 2509//3146 2463//3144
f  2509//3146 2485//3147 2463//3144
f  2509//3146 2510//3148 2485//3147
f  2510//3149 2486//3149 2485//3150
f  2510//3149 2511//3150 2486//3149
f  2511//3151 2487//3139 2486//3152
f  2511//3151 2512//3153 2487//3139
f  2512//3153 2504//3138 2487//3139
f  2504//3138 2475//3561 2487//3139
f  2504//3138 2503//3562 2475//3561
f  2506//3124 2466//3125 2505//3126
f  2466//3125 2494//3127 2505//3126
f  2466//3125 2467//3127 2494//3127
f  2467//3127 2493//3128 2494//3127
f  2467//3127 2468//3129 2493//3128
f  2468//3129 2492//3130 2493//3128
f  2468//3129 2469//3130 2492//3130
f  2469//3131 2491//3132 2492//3133
f  2469//3131 2471//3134 2491//3132
f  2471//3134 2503//3562 2491//3132
f  2471//3134 2478//3136 2503//3562
f  2478//3136 2475//3561 2503//3562
f  2970//3429 2502//2866 2500//2864
f  2502//2866 2970//3429 3053//3563
f  2970//3429 3054//3564 3053//3563
f  2970//3429 2969//3428 3054//3564
f  3055//3565 2968//3427 3056//3566
f  2968//3427 3055//3565 2967//3426
f  3055//3565 2962//3421 2967//3426
f  3055//3565 3054//3564 2962//3421
f  3054//3564 2961//3420 2962//3421
f  3054//3564 2969//3428 2961//3420
f  3057//3567 3058//3568 3059//3569
f  3057//3567 3060//3570 3058//3568
f  3060//3570 3061//3571 3058//3568
f  3060//3570 3062//3572 3061//3571
f  3063//3573 3064//3574 3065//3575
f  2496//2860 3065//3575 2495//2859
f  3065//3575 2496//2860 3063//3573
f  2496//2860 3066//3576 3063//3573
f  2496//2860 2498//2861 3066//3576
f  2498//2861 3067//3577 3066//3576
f  2498//2861 2499//2862 3067//3577
f  3057//3567 3059//3569 3056//3566
f  3059//3569 3055//3565 3056//3566
f  3059//3569 3054//3564 3055//3565
f  2502//2866 3053//3563 2499//2862
f  3053//3563 3067//3577 2499//2862
f  3053//3563 3068//3578 3067//3577
f  3068//3578 3066//3576 3067//3577
f  3068//3578 3069//3579 3066//3576
f  3069//3579 3063//3573 3066//3576
f  3069//3579 3070//3580 3063//3573
f  3070//3580 3064//3574 3063//3573
f  3070//3580 3071//3581 3064//3574
f  3072//3582 3071//3581 3062//3572
f  3071//3581 3061//3571 3062//3572
f  3071//3581 3070//3580 3061//3571
f  3070//3580 3058//3568 3061//3571
f  3070//3580 3069//3579 3058//3568
f  3069//3579 3059//3569 3058//3568
f  3069//3579 3068//3578 3059//3569
f  3068//3578 3054//3564 3059//3569
f  3068//3578 3053//3563 3054//3564
f  2971//3583 2497//3584 2972//3585
f  2497//3584 2973//3586 2972//3585
f  2497//3584 2490//3587 2973//3586
f  2971//3583 2896//3588 2497//3584
f  2896//3588 3073//3589 2497//3584
f  2896//3588 2897//3085 3073//3589
f  3074//3590 2538//2894 2513//2869
f  3074//3590 2917//3376 2538//2894
f  2917//3376 2540//2896 2538//2894
f  2917//3376 2916//3375 2540//2896
f  2916//3375 2543//2899 2540//2896
f  2916//3375 2943//3402 2543//2899
f  2943//3402 2542//2898 2543//2899
f  2943//3402 2941//3400 2542//2898
f  2941//3400 2546//2902 2542//2898
f  2941//3400 2938//3397 2546//2902
f  2938//3397 2545//2901 2546//2902
f  2938//3397 2936//3395 2545//2901
f  2936//3395 2549//2905 2545//2901
f  2936//3395 2933//3392 2549//2905
f  2549//2905 2933//3392 2548//2904
f  2933//3392 2547//2903 2548//2904
f  2933//3392 2931//3390 2547//2903
f  2931//3390 2924//3383 2547//2903
f  2924//3383 2550//2906 2547//2903
f  2924//3383 2922//3381 2550//2906
f  2922//3381 2519//2875 2550//2906
f  2922//3381 2918//3377 2519//2875
f  2513//2869 2515//2871 3074//3590
f  2515//2871 3075//3591 3074//3590
f  2515//2871 2535//2891 3075//3591
f  2535//2891 3076//3592 3075//3591
f  2535//2891 2536//2892 3076//3592
f  2536//2892 3077//3593 3076//3592
f  2536//2892 2537//2893 3077//3593
f  2537//2893 2730//3184 3077//3593
f  2537//2893 1885//2150 2730//3184
f  2746//3200 2747//3201 3078//3594
f  2747//3201 2607//2963 3078//3594
f  2747//3201 2606//2962 2607//2963
f  2613//2969 3079//3595 2611//2967
f  3079//3595 2610//2966 2611//2967
f  3079//3595 3080//3596 2610//2966
f  3080//3596 2609//2965 2610//2966
f  3080//3596 3078//3594 2609//2965
f  3078//3594 2608//2964 2609//2965
f  3078//3594 2607//2963 2608//2964
f  3081//3597 3082//3598 3083//3599
f  3082//3598 3084//3600 3083//3599
f  3082//3598 3085//3601 3084//3600
f  3085//3601 3086//3602 3084//3600
f  2619//2987 2620//2988 3085//3601
f  2620//2988 3086//3602 3085//3601
f  2620//2988 2621//2990 3086//3602
f  2612//2968 2619//2987 2613//2969
f  2619//2987 3079//3595 2613//2969
f  2619//2987 3085//3601 3079//3595
f  3085//3601 3080//3596 3079//3595
f  3085//3601 3082//3598 3080//3596
f  3082//3598 3078//3594 3080//3596
f  3082//3598 3081//3597 3078//3594
f  3081//3597 2746//3200 3078//3594
f  3081//3597 3083//3599 2746//3200
f  3083//3599 2745//3199 2746//3200
f  3083//3599 2752//3206 2745//3199
f  2932//3391 3087//3603 2930//3389
f  2932//3391 2934//3393 3087//3603
f  3088//3604 3089//3605 2624//3000
f  3089//3605 2616//2981 2624//3000
f  3089//3605 3087//3603 2616//2981
f  3087//3603 2929//3388 2616//2981
f  3087//3603 2934//3393 2929//3388
f  3090//3606 3091//3607 2635//3030
f  3091//3607 2636//3033 2635//3030
f  3091//3607 3092//3608 2636//3033
f  3092//3608 2637//3035 2636//3033
f  3092//3608 3093//3609 2637//3035
f  3093//3609 2638//3037 2637//3035
f  3093//3609 3094//3610 2638//3037
f  3094//3610 2639//3039 2638//3037
f  3094//3610 3095//3611 2639//3039
f  3095//3611 2640//3041 2639//3039
f  3095//3611 3088//3604 2640//3041
f  3088//3604 2641//3043 2640//3041
f  3088//3604 2624//3000 2641//3043
f  2634//3029 3090//3606 2635//3030
f  2632//3021 2631//3020 3096//3612
f  2631//3020 3097//3613 3096//3612
f  2631//3020 3098//3614 3097//3613
f  2633//3027 2632//3021 3099//3615
f  2632//3021 3100//3616 3099//3615
f  2632//3021 3096//3612 3100//3616
f  3090//3606 2634//3029 3101//3617
f  2634//3029 3102//3618 3101//3617
f  2634//3029 2633//3027 3102//3618
f  2633//3027 3103//3619 3102//3618
f  2633//3027 3099//3615 3103//3619
f  3104//3620 2615//2977 2623//2997
f  3104//3620 3105//3621 2615//2977
f  3105//3621 2614//2975 2615//2977
f  3105//3621 3106//3622 2614//2975
f  3106//3622 3107//3623 2614//2975
f  3107//3623 2631//3020 2614//2975
f  3107//3623 3098//3614 2631//3020
f  3108//3624 3109//3625 3110//3626
f  2627//3010 3111//3627 2628//3012
f  2627//3010 3112//3628 3111//3627
f  3112//3628 3113//3629 3111//3627
f  3112//3628 3114//3630 3113//3629
f  3114//3630 3115//3631 3113//3629
f  3115//3631 3116//3632 3113//3629
f  3115//3631 3109//3625 3116//3632
f  3109//3625 3117//3633 3116//3632
f  3109//3625 3108//3624 3117//3633
f  2622//2991 3086//3602 2621//2990
f  2622//2991 2618//2986 3086//3602
f  3118//3634 2935//3394 2937//3396
f  3119//3635 3118//3634 2940//3399
f  3118//3634 2939//3398 2940//3399
f  3118//3634 2937//3396 2939//3398
f  3120//3636 2915//3374 3121//3637
f  2915//3374 3120//3636 2945//3404
f  3120//3636 2944//3403 2945//3404
f  3120//3636 3119//3635 2944//3403
f  3119//3635 2942//3401 2944//3403
f  3119//3635 2940//3399 2942//3401
f  2752//3206 3083//3599 3121//3637
f  3083//3599 3120//3636 3121//3637
f  3083//3599 3084//3600 3120//3636
f  3084//3600 3119//3635 3120//3636
f  3084//3600 3086//3602 3119//3635
f  3086//3602 3118//3634 3119//3635
f  3086//3602 2618//2986 3118//3634
f  2618//2986 2935//3394 3118//3634
f  2618//2986 2617//2984 2935//3394
f  3122//3638 2642//3049 3123//3639
f  2650//3057 3124//3640 2649//3056
f  2625//3006 3125//3641 2626//3008
f  3125//3641 2627//3010 2626//3008
f  3125//3641 3112//3628 2627//3010
f  2645//3052 2625//3006 1571//1791
f  3115//3631 3124//3640 3109//3625
f  3124//3640 3126//3642 3109//3625
f  3124//3640 2650//3057 3126//3642
f  3112//3628 3125//3641 3114//3630
f  3125//3641 3115//3631 3114//3630
f  3125//3641 3127//3643 3115//3631
f  3127//3643 3124//3640 3115//3631
f  2642//3049 2643//3050 3123//3639
f  2643//3050 3128//3644 3123//3639
f  2643//3050 2644//3051 3128//3644
f  2644//3051 2647//3054 3128//3644
f  2644//3051 1609//1829 2647//3054
f  2648//3055 3129//3645 2647//3054
f  3129//3645 3128//3644 2647//3054
f  3129//3645 3130//3646 3128//3644
f  3130//3646 3123//3639 3128//3644
f  3130//3646 3131//3647 3123//3639
f  3131//3647 3122//3638 3123//3639
f  2649//3056 3124//3640 2648//3055
f  3124//3640 3129//3645 2648//3055
f  3124//3640 3127//3643 3129//3645
f  3127//3643 3130//3646 3129//3645
f  3127//3643 3125//3641 3130//3646
f  3125//3641 3131//3647 3130//3646
f  3125//3641 2625//3006 3131//3647
f  2625//3006 3122//3638 3131//3647
f  2625//3006 2645//3052 3122//3638
f  2645//3052 2642//3049 3122//3638
f  3006//3502 2654//3061 2655//3065
f  2654//3061 3006//3502 2653//3060
f  3006//3502 2652//3059 2653//3060
f  3006//3502 2997//3493 2652//3059
f  1718//3648 2662//3649 1717//3650
f  2662//3649 2668//3651 1717//3650
f  2662//3649 3132//3652 2668//3651
f  3133//3653 2658//3654 2659//3655
f  3028//3656 3133//3653 3029//3657
f  3133//3653 3026//3658 3029//3657
f  3133//3653 2659//3655 3026//3658
f  2497//3659 3073//3660 2501//3661
f  3073//3660 3030//3662 2501//3661
f  3073//3660 3133//3653 3030//3662
f  3133//3653 3027//3663 3030//3662
f  3133//3653 3028//3656 3027//3663
f  2658//3654 3133//3653 2660//3664
f  3133//3653 2661//3665 2660//3664
f  3133//3653 3132//3652 2661//3665
f  3132//3652 2663//3666 2661//3665
f  3132//3652 2662//3649 2663//3666
f  2689//3111 2681//3103 3134//3667
f  2681//3103 3135//3668 3134//3667
f  2681//3103 2679//3101 3135//3668
f  2679//3101 3136//3669 3135//3668
f  2679//3101 2676//3098 3136//3669
f  2676//3098 2677//3099 3136//3669
f  2677//3099 3137//3670 3136//3669
f  2677//3099 3138//3671 3137//3670
f  3139//3672 3140//3673 3141//3674
f  3137//3670 3142//3675 3143//3676
f  3142//3675 3144//3677 3143//3676
f  3142//3675 3145//3678 3144//3677
f  3145//3678 3146//3679 3144//3677
f  3145//3678 3147//3680 3146//3679
f  3147//3680 3148//3681 3146//3679
f  3147//3680 3149//3682 3148//3681
f  3149//3682 3150//3683 3148//3681
f  3149//3682 3147//3680 3151//3684
f  3147//3680 3152//3685 3151//3684
f  3147//3680 3145//3678 3152//3685
f  3145//3678 3153//3686 3152//3685
f  3145//3678 3142//3675 3153//3686
f  3142//3675 3154//3687 3153//3686
f  3142//3675 3137//3670 3154//3687
f  3137//3670 3138//3671 3154//3687
f  3151//3684 3152//3685 3139//3672
f  3152//3685 3140//3673 3139//3672
f  3152//3685 3153//3686 3140//3673
f  3153//3686 3155//3688 3140//3673
f  3153//3686 3154//3687 3155//3688
f  3154//3687 3156//3689 3155//3688
f  3154//3687 3138//3671 3156//3689
f  2677//3099 2675//3097 3138//3671
f  2675//3097 3156//3689 3138//3671
f  2675//3097 2674//3096 3156//3689
f  2674//3096 3155//3688 3156//3689
f  2674//3096 2684//3106 3155//3688
f  2684//3106 3140//3673 3155//3688
f  2684//3106 1726//2008 3140//3673
f  1726//2008 3141//3674 3140//3673
f  2689//3111 3134//3667 2691//3113
f  3134//3667 2697//3119 2691//3113
f  3134//2003 2698//3690 2697//2011
f  2698//3690 3143//3691 3144//3692
f  3150//3693 2698//3690 3148//3694
f  2698//3690 3146//3695 3148//3694
f  2698//3690 3144//3692 3146//3695
f  3135//2011 3136//2011 3134//2003
f  3136//2011 2698//3690 3134//2003
f  3136//2011 3137//3696 2698//3690
f  3137//3696 3143//3691 2698//3690
f  2800//3254 2760//3214 2759//3213
f  2730//3184 2731//3185 3157//3697
f  2731//3185 3158//3698 3157//3697
f  2731//3185 2732//3186 3158//3698
f  2735//3189 3158//3698 2734//3188
f  3158//3698 2733//3187 2734//3188
f  3158//3698 2732//3186 2733//3187
f  2778//3699 2740//3700 2779//3701
f  2740//3700 2781//3702 2779//3701
f  2740//3700 2741//3703 2781//3702
f  2741//3703 2742//3704 2781//3702
f  2786//3705 2737//3706 2776//3707
f  2737//3706 2778//3699 2776//3707
f  2737//3706 2739//3708 2778//3699
f  2739//3708 2740//3700 2778//3699
f  2759//3213 2757//3211 2800//3254
f  2737//3706 2786//3705 2738//3709
f  2786//3705 2736//3710 2738//3709
f  2786//3711 2788//3711 2736//3711
f  2788//3242 2735//3189 2736//3190
f  2788//3242 2800//3254 2735//3189
f  2800//3254 3158//3698 2735//3189
f  2800//3254 2757//3211 3158//3698
f  2757//3211 3157//3697 3158//3698
f  2757//3211 2756//3210 3157//3697
f  2917//3376 3121//3637 2915//3374
f  2917//3376 3074//3590 3121//3637
f  3077//3593 3159//3712 3076//3592
f  3159//3712 3077//3593 3160//3713
f  3077//3593 3157//3697 3160//3713
f  3077//3593 2730//3184 3157//3697
f  3076//3592 3159//3712 3075//3591
f  3159//3712 3074//3590 3075//3591
f  3159//3712 3161//3714 3074//3590
f  3161//3714 3121//3637 3074//3590
f  3161//3714 2752//3206 3121//3637
f  2752//3206 3161//3714 2753//3207
f  3161//3714 2754//3208 2753//3207
f  3161//3714 3159//3712 2754//3208
f  3159//3712 2755//3209 2754//3208
f  3159//3712 3160//3713 2755//3209
f  3160//3713 2756//3210 2755//3209
f  3160//3713 3157//3697 2756//3210
f  2872//3330 2804//3258 1926//2208
f  2807//3261 2848//3306 2809//3263
f  2872//3330 2848//3306 2804//3258
f  2848//3306 2805//3259 2804//3258
f  2848//3306 2807//3261 2805//3259
f  2809//3263 2848//3306 2811//3265
f  2848//3306 2813//3267 2811//3265
f  2848//3306 2846//3304 2813//3267
f  2832//3286 3162//3715 2833//3287
f  2132//2447 2906//3365 2905//3364
f  2132//2447 2911//3370 2906//3365
f  3163//3716 2912//3371 2914//3373
f  3164//3717 2914//3373 1977//2266
f  2914//3373 1975//2264 1977//2266
f  2914//3373 1984//2273 1975//2264
f  2833//3287 3162//3715 2819//3273
f  3162//3715 2881//3339 2819//3273
f  3162//3715 3165//3718 2881//3339
f  3165//3718 2880//3338 2881//3339
f  3165//3718 3164//3717 2880//3338
f  3164//3717 2886//3344 2880//3338
f  3164//3717 1977//2266 2886//3344
f  1977//2266 1978//2267 2886//3344
f  2914//3373 3164//3717 3163//3716
f  3164//3717 3166//3719 3163//3716
f  3164//3717 3165//3718 3166//3719
f  3165//3718 3167//3720 3166//3719
f  3165//3718 3162//3715 3167//3720
f  3162//3715 2831//3285 3167//3720
f  3162//3715 2832//3286 2831//3285
f  3168//3721 2830//3284 2829//3283
f  2912//3371 3163//3716 3169//3722
f  3163//3716 3170//3723 3169//3722
f  3163//3716 3166//3719 3170//3723
f  3166//3719 3168//3721 3170//3723
f  3166//3719 3167//3720 3168//3721
f  3167//3720 2830//3284 3168//3721
f  3167//3720 2831//3285 2830//3284
f  2828//3282 2909//3368 2829//3283
f  2909//3368 3168//3721 2829//3283
f  2909//3368 2910//3369 3168//3721
f  2910//3369 3170//3723 3168//3721
f  2910//3369 2906//3365 3170//3723
f  2906//3365 3169//3722 3170//3723
f  2906//3365 2911//3370 3169//3722
f  2911//3370 2912//3371 3169//3722
f  3171//3724 3172//3725 3173//3726
f  2727//3181 3174//3727 2726//3180
f  3174//3727 2725//3179 2726//3180
f  3174//3727 3175//3728 2725//3179
f  3175//3728 2729//3183 2725//3179
f  2700//3154 3176//3729 1820//2085
f  3176//3729 1822//2087 1820//2085
f  1818//2083 3177//3730 2723//3177
f  3177//3730 2727//3181 2723//3177
f  3177//3730 3178//3731 2727//3181
f  3178//3731 3174//3727 2727//3181
f  3178//3731 3179//3732 3174//3727
f  3179//3732 3175//3728 3174//3727
f  3179//3732 3180//3733 3175//3728
f  3180//3733 3181//3734 3175//3728
f  3173//3726 3182//3735 3183//3736
f  3173//3726 3172//3725 3182//3735
f  3172//3725 3184//3737 3182//3735
f  3172//3725 3185//3738 3184//3737
f  3185//3738 3186//3739 3184//3737
f  3185//3738 3187//3740 3186//3739
f  3187//3740 3176//3729 3186//3739
f  3187//3740 3188//3741 3176//3729
f  3188//3741 1822//2087 3176//3729
f  3188//3741 1817//2082 1822//2087
f  3181//3734 3180//3733 3171//3724
f  3180//3733 3172//3725 3171//3724
f  3180//3733 3179//3732 3172//3725
f  3179//3732 3185//3738 3172//3725
f  3179//3732 3178//3731 3185//3738
f  3178//3731 3187//3740 3185//3738
f  3178//3731 3177//3730 3187//3740
f  3177//3730 3188//3741 3187//3740
f  3177//3730 1818//2083 3188//3741
f  1818//2083 1817//2082 3188//3741
f  2890//3348 2891//3349 3183//3736
f  2891//3349 3173//3726 3183//3736
f  2891//3349 2892//3350 3173//3726
f  2892//3350 3171//3724 3173//3726
f  2892//3350 2893//3351 3171//3724
f  2893//3351 3181//3734 3171//3724
f  2893//3351 2894//3352 3181//3734
f  2894//3352 3175//3728 3181//3734
f  2894//3352 2895//3353 3175//3728
f  2895//3353 2729//3183 3175//3728
f  2895//3353 2728//3182 2729//3183
f  2700//3154 2720//3174 3176//3729
f  2720//3174 3186//3739 3176//3729
f  2720//3174 2721//3175 3186//3739
f  2721//3175 3184//3737 3186//3739
f  2721//3175 2722//3176 3184//3737
f  2722//3176 3182//3735 3184//3737
f  2722//3176 2711//3165 3182//3735
f  2711//3165 3183//3736 3182//3735
f  2711//3165 2710//3164 3183//3736
f  2710//3164 2890//3348 3183//3736
f  2710//3164 1795//2060 2890//3348
f  3150//3683 2696//3118 2698//3120
f  1728//2010 3141//3674 1726//2008
f  1728//2010 2062//2369 3141//3674
f  3149//3682 2060//2367 3150//3683
f  3141//3674 2062//2369 3139//3672
f  2062//2369 3151//3684 3139//3672
f  2062//2369 2076//2383 3151//3684
f  2076//2383 3149//3682 3151//3684
f  2076//2383 2077//2384 3149//3682
f  2077//2384 2060//2367 3149//3682
f  3150//3683 2060//2367 2696//3118
f  2060//2367 2699//3121 2696//3118
f  2060//2367 2058//2365 2699//3121
f  3133//3742 2898//3743 3132//3743
f  2898//3743 2899//3742 3132//3743
f  2914//3744 2913//3745 1984//3746
f  2913//3745 1983//3747 1984//3746
f  3189//3748 2956//3415 2957//3416
f  3051//3559 3190//3749 3050//3558
f  2950//3409 2951//3410 3191//3750
f  2949//3408 3192//3751 2585//2941
f  3192//3751 2563//2919 2585//2941
f  3192//3751 3193//3752 2563//2919
f  3193//3752 2564//2920 2563//2919
f  3193//3752 3052//3560 2564//2920
f  2951//3410 2952//3411 3191//3750
f  2950//3409 3191//3750 3194//3753
f  3191//3750 3195//3754 3194//3753
f  3191//3750 2952//3411 3195//3754
f  2952//3411 2955//3414 3195//3754
f  2952//3411 2953//3412 2955//3414
f  2953//3755 2954//3756 2955//3757
f  3050//3558 3196//3758 3048//3556
f  3050//3558 3190//3749 3196//3758
f  3190//3749 3197//3759 3196//3758
f  3190//3749 3198//3760 3197//3759
f  2950//3409 3194//3753 2949//3408
f  3194//3753 3192//3751 2949//3408
f  3194//3753 3198//3760 3192//3751
f  3198//3760 3193//3752 3192//3751
f  3198//3760 3190//3749 3193//3752
f  3190//3749 3052//3560 3193//3752
f  3190//3749 3051//3559 3052//3560
f  2957//3416 2958//3417 3189//3748
f  2958//3417 3199//3761 3189//3748
f  2958//3417 2959//3418 3199//3761
f  2959//3418 2960//3419 3200//3762
f  2960//3419 3045//3553 3200//3762
f  2960//3419 2489//2856 3045//3553
f  3199//3761 2959//3418 3201//3763
f  2959//3418 3202//3764 3201//3763
f  2959//3418 3200//3762 3202//3764
f  3200//3762 3047//3555 3202//3764
f  3200//3762 3045//3553 3047//3555
f  3048//3556 3196//3758 3047//3555
f  3196//3758 3202//3764 3047//3555
f  3196//3758 3197//3759 3202//3764
f  3197//3759 3201//3763 3202//3764
f  3197//3759 3198//3760 3201//3763
f  3198//3760 3199//3761 3201//3763
f  3198//3760 3194//3753 3199//3761
f  3194//3753 3189//3748 3199//3761
f  3194//3753 3195//3754 3189//3748
f  3195//3754 2956//3415 3189//3748
f  3195//3754 2955//3414 2956//3415
f  3203//2050 2966//2046 3204//2046
f  3204//2046 2966//2046 3205//2046
f  2966//2046 3206//2050 3205//2046
f  2966//2046 3207//2046 3206//2050
f  2966//2046 3208//2046 2965//2046
f  3208//2046 2966//2046 3209//2046
f  2966//2046 3210//2046 3209//2046
f  2966//2046 3203//2050 3210//2046
f  3208//3765 3056//3566 2965//3424
f  3056//3566 2968//3427 2965//3424
f  2964//3423 3207//3766 2966//3425
f  2216//2534 2225//2543 2963//3422
f  2225//2543 2964//3423 2963//3422
f  2225//2543 2226//2544 2964//3423
f  2226//2544 3207//3766 2964//3423
f  2226//2544 2237//2555 3207//3766
f  2237//2555 3211//3767 3207//3766
f  2237//2555 2238//2556 3211//3767
f  2238//2556 2239//2557 3211//3767
f  2239//2557 3212//3768 3211//3767
f  2239//2557 2240//2558 3212//3768
f  3212//3768 2240//2558 3213//3769
f  2240//2558 3214//3770 3213//3769
f  2240//2558 2241//2559 3214//3770
f  2241//2559 2495//2859 3214//3770
f  2241//2559 2242//2560 2495//2859
f  1412//3771 2977//3472 1384//3473
f  1410//3525 3025//3524 1412//3771
f  3025//3524 2977//3472 1412//3771
f  3025//3524 2975//3446 2977//3472
f  2975//3446 2974//3438 2977//3472
f  2984//3772 2982//3773 3012//3774
f  2982//3773 2361//3775 3012//3774
f  3126//3642 2650//3057 3109//3625
f  2650//3057 3110//3626 3109//3625
f  2650//3057 2651//3058 3110//3626
f  2651//3058 3215//3776 3110//3626
f  3215//3776 2651//3058 2999//3495
f  2651//3058 3000//3496 2999//3495
f  2651//3058 3003//3499 3000//3496
f  2997//3493 1610//1830 2652//3059
f  3003//3499 2651//3058 3004//3500
f  2651//3058 2997//3493 3004//3500
f  2651//3058 2646//3053 2997//3493
f  2646//3053 1610//1830 2997//3493
f  2646//3053 1613//1833 1610//1830
f  3216//3777 3217//3778 3218//3779
f  3098//3614 3107//3623 3219//3780
f  3107//3623 3220//3781 3219//3780
f  3107//3623 3106//3622 3220//3781
f  3106//3622 3221//3782 3220//3781
f  3106//3622 3105//3621 3221//3782
f  3105//3621 3222//3783 3221//3782
f  3105//3621 3104//3620 3222//3783
f  3104//3620 3223//3784 3222//3783
f  3104//3620 2623//2997 3223//3784
f  2623//2997 3224//3785 3223//3784
f  2623//2997 2630//3016 3224//3785
f  2630//3016 3225//3786 3224//3785
f  2630//3016 2629//3014 3225//3786
f  3226//3787 2628//3012 3227//3788
f  2999//3495 3001//3497 3215//3776
f  3001//3497 3216//3777 3215//3776
f  3001//3497 3002//3498 3216//3777
f  3216//3777 3002//3498 3217//3778
f  3002//3498 3228//3789 3217//3778
f  3002//3498 2996//3492 3228//3789
f  2996//3492 3229//3790 3228//3789
f  2996//3492 2998//3494 3229//3790
f  2998//3494 3230//3791 3229//3790
f  2998//3494 2978//3474 3230//3791
f  2978//3474 3231//3792 3230//3791
f  2978//3474 2980//3476 3231//3792
f  2980//3476 3232//3793 3231//3792
f  2980//3476 2993//3489 3232//3793
f  2993//3489 3233//3794 3232//3793
f  2993//3489 2994//3490 3233//3794
f  2995//3491 3234//3795 2994//3490
f  3234//3795 3233//3794 2994//3490
f  3234//3795 3235//3796 3233//3794
f  3236//3797 3237//3798 3235//3796
f  3237//3798 3233//3794 3235//3796
f  3237//3798 3238//3799 3233//3794
f  3238//3799 3232//3793 3233//3794
f  3238//3799 3239//3800 3232//3793
f  3239//3800 3231//3792 3232//3793
f  3239//3800 3240//3801 3231//3792
f  3240//3801 3230//3791 3231//3792
f  3240//3801 3241//3802 3230//3791
f  3241//3802 3229//3790 3230//3791
f  3241//3802 3242//3803 3229//3790
f  3242//3803 3228//3789 3229//3790
f  3242//3803 3226//3787 3228//3789
f  3226//3787 3217//3778 3228//3789
f  3226//3787 3227//3788 3217//3778
f  3227//3788 3218//3779 3217//3778
f  3098//3614 3219//3780 3236//3797
f  3219//3780 3237//3798 3236//3797
f  3219//3780 3220//3781 3237//3798
f  3220//3781 3238//3799 3237//3798
f  3220//3781 3221//3782 3238//3799
f  3221//3782 3239//3800 3238//3799
f  3221//3782 3222//3783 3239//3800
f  3222//3783 3240//3801 3239//3800
f  3222//3783 3223//3784 3240//3801
f  3223//3784 3241//3802 3240//3801
f  3223//3784 3224//3785 3241//3802
f  3224//3785 3242//3803 3241//3802
f  3224//3785 3225//3786 3242//3803
f  3225//3786 3226//3787 3242//3803
f  3225//3786 2629//3014 3226//3787
f  2629//3014 2628//3012 3226//3787
f  3243//3804 3244//3805 3245//3806
f  3246//3807 3236//3797 3235//3796
f  3236//3797 3246//3807 3247//3808
f  3246//3807 3248//3809 3247//3808
f  3246//3807 3249//3810 3248//3809
f  3249//3810 3250//3811 3248//3809
f  3249//3810 3251//3812 3250//3811
f  2985//3481 3252//3813 3011//3507
f  3252//3813 3253//3814 3011//3507
f  3252//3813 3254//3815 3253//3814
f  2995//3491 2988//3484 3234//3795
f  2988//3484 3255//3816 3234//3795
f  3011//3507 3253//3814 2992//3488
f  3253//3814 2991//3487 2992//3488
f  3253//3814 3255//3816 2991//3487
f  3255//3816 2990//3486 2991//3487
f  3255//3816 2988//3484 2990//3486
f  3090//3606 3101//3617 3245//3806
f  3101//3617 3243//3804 3245//3806
f  3101//3617 3102//3618 3243//3804
f  3236//3797 3247//3808 3098//3614
f  3247//3808 3097//3613 3098//3614
f  3247//3808 3248//3809 3097//3613
f  3248//3809 3096//3612 3097//3613
f  3248//3809 3250//3811 3096//3612
f  3250//3811 3100//3616 3096//3612
f  3250//3811 3251//3812 3100//3616
f  3251//3812 3099//3615 3100//3616
f  3251//3812 3103//3619 3099//3615
f  2986//3482 3256//3817 2985//3481
f  3256//3817 3252//3813 2985//3481
f  3256//3817 3244//3805 3252//3813
f  3244//3805 3254//3815 3252//3813
f  3244//3805 3243//3804 3254//3815
f  3234//3795 3255//3816 3235//3796
f  3255//3816 3246//3807 3235//3796
f  3255//3816 3253//3814 3246//3807
f  3253//3814 3249//3810 3246//3807
f  3253//3814 3254//3815 3249//3810
f  3254//3815 3251//3812 3249//3810
f  3254//3815 3243//3804 3251//3812
f  3243//3804 3103//3619 3251//3812
f  3243//3804 3102//3618 3103//3619
f  3257//3818 3258//3819 3259//3820
f  3257//3818 2984//3480 3258//3819
f  2984//3480 3260//3821 3258//3819
f  2984//3480 3021//3519 3260//3821
f  3020//3518 3022//3521 3261//3822
f  3021//3519 3020//3518 3262//3823
f  3020//3518 3263//3824 3262//3823
f  3020//3518 3261//3822 3263//3824
f  3023//3522 3264//3825 3265//3826
f  3265//3826 3024//3523 3023//3522
f  3022//3521 3266//3827 3261//3822
f  3266//3827 3263//3824 3261//3822
f  3266//3827 3262//3823 3263//3824
f  2930//3389 3023//3522 2928//3387
f  3267//3828 3268//3829 3269//3830
f  3268//3829 3270//3831 3269//3830
f  3268//3829 3266//3827 3270//3831
f  3266//3827 3271//3832 3270//3831
f  3266//3827 3022//3521 3271//3832
f  3087//3603 3089//3605 3269//3830
f  3089//3605 3267//3828 3269//3830
f  3089//3605 3088//3604 3267//3828
f  2930//3389 3087//3603 3023//3522
f  3087//3603 3264//3825 3023//3522
f  3087//3603 3269//3830 3264//3825
f  3269//3830 3265//3826 3264//3825
f  3269//3830 3270//3831 3265//3826
f  3270//3831 3024//3523 3265//3826
f  3270//3831 3271//3832 3024//3523
f  3271//3832 3019//3517 3024//3523
f  3271//3832 3022//3521 3019//3517
f  3209//3833 3056//3566 3208//3765
f  3056//3566 3209//3833 3057//3567
f  3209//3833 3060//3570 3057//3567
f  3209//3833 3210//3834 3060//3570
f  3210//3834 3062//3572 3060//3570
f  3210//3834 3203//3835 3062//3572
f  3203//3835 3072//3582 3062//3572
f  3203//3835 3272//3836 3072//3582
f  3203//3835 3204//3837 3273//3838
f  3204//3837 3274//3839 3273//3838
f  3204//3837 3205//3840 3274//3839
f  3205//3840 3275//3841 3274//3839
f  3205//3840 3206//3842 3275//3841
f  3207//3766 3211//3767 3206//3842
f  3211//3767 3275//3841 3206//3842
f  3211//3767 3212//3768 3275//3841
f  3212//3768 3213//3769 3275//3841
f  3276//3843 3277//3844 3278//3845
f  3277//3844 3279//3846 3278//3845
f  3277//3844 3280//3847 3279//3846
f  3280//3847 3281//3848 3279//3846
f  3280//3847 3272//3836 3281//3848
f  3065//3575 3064//3574 3276//3843
f  3064//3574 3277//3844 3276//3843
f  3064//3574 3071//3581 3277//3844
f  3071//3581 3280//3847 3277//3844
f  3071//3581 3072//3582 3280//3847
f  3072//3582 3272//3836 3280//3847
f  3203//3835 3273//3838 3272//3836
f  3273//3838 3281//3848 3272//3836
f  3273//3838 3274//3839 3281//3848
f  3274//3839 3279//3846 3281//3848
f  3274//3839 3275//3841 3279//3846
f  3275//3841 3278//3845 3279//3846
f  3275//3841 3213//3769 3278//3845
f  3213//3769 3276//3843 3278//3845
f  3213//3769 3214//3770 3276//3843
f  3214//3770 3065//3575 3276//3843
f  3214//3770 2495//2859 3065//3575
f  3094//3610 3282//3849 3095//3611
f  3092//3608 3283//3850 3093//3609
f  2984//3480 3284//3851 2987//3483
f  3021//3519 3285//3852 3260//3821
f  3284//3851 3259//3820 2987//3483
f  3259//3820 3286//3853 2987//3483
f  3259//3820 3258//3819 3286//3853
f  3245//3806 3244//3805 3287//3854
f  3244//3805 3288//3855 3287//3854
f  3244//3805 3256//3817 3288//3855
f  3256//3817 3289//3856 3288//3855
f  3256//3817 2986//3482 3289//3856
f  3092//3608 3091//3607 3287//3854
f  3091//3607 3245//3806 3287//3854
f  3091//3607 3090//3606 3245//3806
f  3092//3608 3287//3854 3283//3850
f  3287//3854 3290//3857 3283//3850
f  3287//3854 3288//3855 3290//3857
f  3288//3855 3286//3853 3290//3857
f  3288//3855 3289//3856 3286//3853
f  3289//3856 2987//3483 3286//3853
f  3289//3856 2986//3482 2987//3483
f  3094//3610 3093//3609 3282//3849
f  3093//3609 3283//3850 3282//3849
f  3283//3850 3291//3858 3282//3849
f  3283//3850 3290//3857 3291//3858
f  3290//3857 3285//3852 3291//3858
f  3290//3857 3286//3853 3285//3852
f  3286//3853 3260//3821 3285//3852
f  3286//3853 3258//3819 3260//3821
f  3262//3823 3266//3827 3021//3519
f  3266//3827 3285//3852 3021//3519
f  3266//3827 3268//3829 3285//3852
f  3268//3829 3291//3858 3285//3852
f  3268//3829 3267//3828 3291//3858
f  3267//3828 3282//3849 3291//3858
f  3267//3828 3088//3604 3282//3849
f  3088//3604 3095//3611 3282//3849
f  3111//3627 3227//3788 2628//3012
f  3111//3627 3113//3629 3227//3788
f  3113//3629 3218//3779 3227//3788
f  3113//3629 3116//3632 3218//3779
f  3215//3776 3216//3777 3110//3626
f  3216//3777 3108//3624 3110//3626
f  3216//3777 3218//3779 3108//3624
f  3218//3779 3117//3633 3108//3624
f  3218//3779 3116//3632 3117//3633
f  2666//2011 2668//2011 2899//2011
f  2668//2011 3132//2011 2899//2011
f  2898//2046 3133//2046 2897//2046
f  3133//2046 3073//2046 2897//2046
f  2984//3859 3257//3860 3284//3861
f  3257//3860 3259//3862 3284//3861

