####
#
# OBJ File Generated by Meshlab
#
####
# Object r_camera_rolink.obj
#
# Vertices: 3059
# Faces: 6122
#
####
vn 2.3218903889819766 -2.0906024561355689 -2.9321724301947194
v -0.1092868819832802 0.0076635866425931 0.0060309283435345
vn -2.7057931221221923 1.5621978712334157 -2.9321551136029385
v -0.1112983450293541 0.0091249998658895 0.0060309278778732
vn -2.3218432568141218 2.0906386655456082 -2.9321379706214996
v -0.1111447438597679 0.0093364128842950 0.0060309274122119
vn 2.7057924307171595 -1.5621985941267846 -2.9321561610099782
v -0.1091332808136940 0.0078750001266599 0.0060309283435345
vn 1.8364669340092417 2.5276725972038072 -2.9321143845369937
v -0.1094810739159584 0.0095112714916468 0.0060309283435345
vn 2.3218931021429778 2.0906015917401675 -2.9321761261021146
v -0.1092868819832802 0.0093364128842950 0.0060309283435345
vn 2.7057919486647499 1.5622001253410895 -2.9321551136047246
v -0.1091332808136940 0.0091249998658895 0.0060309283435345
vn 2.9714659838911146 0.9654811492276303 -2.9321413244348533
v -0.1090269908308983 0.0088862711563706 0.0060309283435345
vn 3.1072708644037070 0.3265748432490486 -2.9321610702774024
v -0.1089726611971855 0.0086306603625417 0.0060309283435345
vn -1.8364751827769450 2.5277321479427393 -2.9321810506713604
v -0.1109505370259285 0.0095112714916468 0.0060309292748570
vn 0.6496160914114546 3.0561067103524233 -2.9321402802295919
v -0.1099559143185616 0.0097226845100522 0.0060309288091958
vn 1.2707978123382098 2.8542849329468059 -2.9321838195120269
v -0.1097073927521706 0.0096419313922524 0.0060309288091958
vn 3.1072707651046065 -0.3265748889480452 -2.9321610702774397
v -0.1089726611971855 0.0083693396300077 0.0060309283435345
vn 2.9714656880860355 -0.9654811162237951 -2.9321413244349728
v -0.1090269908308983 0.0081137288361788 0.0060309283435345
vn -1.8364571421915001 2.5276837894043047 2.9321810510136075
v -0.1109505370259285 0.0095112714916468 0.0110309282317758
vn -2.3218475229319520 2.0906414613675524 2.9321379706328856
v -0.1111447438597679 0.0093364128842950 0.0110309282317758
vn -2.9714640705067406 0.9654805678232670 -2.9321413244351291
v -0.1114046350121498 0.0088862711563706 0.0060309278778732
vn -2.7057914636549771 1.5621999251689300 2.9321551136049520
v -0.1112983450293541 0.0091249998658895 0.0110309282317758
vn -3.1072689782576157 0.3265746666253892 -2.9321610702776129
v -0.1114589646458626 0.0086306603625417 0.0060309278778732
vn -2.9714656880859613 0.9654811162237815 2.9321413244349728
v -0.1114046350121498 0.0088862711563706 0.0110309282317758
vn -3.1072689286080384 -0.3265746894748986 -2.9321610702776031
v -0.1114589646458626 0.0083693396300077 0.0060309278778732
vn -3.1072707651045701 0.3265748889480536 2.9321610702774392
v -0.1114589646458626 0.0086306603625417 0.0110309282317758
vn -2.9714639226041197 -0.9654805513213394 -2.9321413244350989
v -0.1114046350121498 0.0081137288361788 0.0060309278778732
vn -3.1072708644037257 -0.3265748432490348 2.9321610702774019
v -0.1114589646458626 0.0083693396300077 0.0110309282317758
vn -2.7057919914431894 -1.5621967067931051 -2.9321561610092242
v -0.1112983450293541 0.0078750001266599 0.0060309278778732
vn -2.9714659838912030 -0.9654811492276368 2.9321413244348529
v -0.1114046350121498 0.0081137288361788 0.0110309282317758
vn -2.3218390222416110 -2.0906367254283986 -2.9321342747280839
v -0.1111447438597679 0.0076635866425931 0.0060309274122119
vn -2.7057929157267866 -1.5621987942988911 2.9321561610097508
v -0.1112983450293541 0.0078750001266599 0.0110309282317758
vn 1.8364680409800913 -2.5276729570663137 -2.9321201194154485
v -0.1094810739159584 0.0074887289665639 0.0060309283435345
vn 1.2707994790778452 -2.8542833316008847 -2.9321790383487034
v -0.1097073927521706 0.0073580681346357 0.0060309288091958
vn 0.6496135595484531 -3.0561075330572658 -2.9321419750171991
v -0.1099559143185616 0.0072773154824972 0.0060309288091958
vn -1.8364762898239066 -2.5277325078170825 -2.9321867856301780
v -0.1109505370259285 0.0074887289665639 0.0060309292748570
vn -2.3218457505172769 -2.0906434150955917 2.9321342747460744
v -0.1111447438597679 0.0076635866425931 0.0110309282317758
vn -0.6495917429829103 3.0561183328355850 -2.9321579014706209
v -0.1104756966233253 0.0097226845100522 0.0060309292748570
vn -0.0000024405862950 3.1243558775106455 -2.9321529126841646
v -0.1102158054709435 0.0097500002011657 0.0060309288091958
vn 0.0000048811725892 3.1243291125530224 2.9321529123386800
v -0.1102158054709435 0.0097500002011657 0.0110309282317758
vn 0.6496172702926581 3.0561049037983907 2.9321402802315375
v -0.1099559143185616 0.0097226845100522 0.0110309273004532
vn -1.2708109017946194 2.8542634380875338 -2.9321376872714371
v -0.1107242330908775 0.0096419313922524 0.0060309292748570
vn -0.6495836761561613 3.0560922800179386 2.9321579014313524
v -0.1104756966233253 0.0097226845100522 0.0110309282317758
vn 1.2707958114772662 2.8543070811029230 2.9321838193436802
v -0.1097073927521706 0.0096419313922524 0.0110309273004532
vn -1.2708042866403040 2.8542512231014205 2.9321376872611680
v -0.1107242330908775 0.0096419313922524 0.0110309282317758
vn 1.8364607590744146 2.5276700547406583 2.9321143845253212
v -0.1094810739159584 0.0095112714916468 0.0110309291630983
vn 2.3218901624176382 2.0905991736618179 2.9321761261021146
v -0.1092868819832802 0.0093364128842950 0.0110309291630983
vn 2.7057890740930515 1.5621986092081610 2.9321551136047246
v -0.1091332808136940 0.0091249998658895 0.0110309291630983
vn 2.9714632355085153 0.9654803520192478 2.9321413244348533
v -0.1090269908308983 0.0088862711563706 0.0110309291630983
vn 3.1072682833428269 0.3265746382168396 2.9321610702774024
v -0.1089726611971855 0.0086306603625417 0.0110309291630983
vn 3.1072683826419278 -0.3265745925178430 2.9321610702774397
v -0.1089726611971855 0.0083693396300077 0.0110309291630983
vn 2.9714635313135949 -0.9654803850230829 2.9321413244349728
v -0.1090269908308983 0.0081137288361788 0.0110309291630983
vn 2.7057905261634572 -1.5621974783386225 2.9321561610099782
v -0.1091332808136940 0.0078750001266599 0.0110309291630983
vn 2.3218883900849216 -2.0906011275334002 2.9321724301946439
v -0.1092868819832802 0.0076635866425931 0.0110309291630983
vn 1.8364618660328724 -2.5276704145969524 2.9321201194037765
v -0.1094810739159584 0.0074887289665639 0.0110309291630983
vn -1.2708125686909573 -2.8542618364834569 -2.9321329060887078
v -0.1107242330908775 0.0073580681346357 0.0060309292748570
vn -1.8364582491347152 -2.5276841488855357 2.9321867859724300
v -0.1109505370259285 0.0074887289665639 0.0110309282317758
vn 1.2707974782525990 -2.8543054796246570 2.9321790381803590
v -0.1097073927521706 0.0073580681346357 0.0110309273004532
vn -0.6495892112322588 -3.0561191554859928 -2.9321595961760218
v -0.1104756966233253 0.0072773154824972 0.0060309292748570
vn -1.2708059535651453 -2.8542496216153990 2.9321329060784400
v -0.1107242330908775 0.0073580681346357 0.0110309282317758
vn 0.6496147384300821 -3.0561057264966975 2.9321419750191451
v -0.1099559143185616 0.0072773154824972 0.0110309273004532
vn -0.0000024405862948 -3.1243558775106468 -2.9321529126841646
v -0.1102158054709435 0.0072499997913837 0.0060309288091958
vn -0.6495811444009557 -3.0560931025194615 2.9321595961367528
v -0.1104756966233253 0.0072773154824972 0.0110309282317758
vn 0.0000048811725890 -3.1243291125530237 2.9321529123386800
v -0.1102158054709435 0.0072499997913837 0.0110309282317758
vn 0.6495999130067311 3.0561134583365148 -2.9321490910868020
v -0.0899559184908867 0.0097226845100522 0.0060309283435345
vn -1.8364693959157208 2.5276711269089747 -2.9321166473307003
v -0.0909505411982536 0.0095112714916468 0.0060309288091958
vn -0.0000004797476619 3.1243779999555916 -2.9321529127958388
v -0.0902158096432686 0.0097500002011657 0.0060309283435345
vn -1.2707995023780443 2.8542818517897568 -2.9321862082043264
v -0.0907242223620415 0.0096419313922524 0.0060309288091958
vn -0.6496120770136289 3.0560744167482463 -2.9321402801199863
v -0.0904757007956505 0.0097226845100522 0.0060309283435345
vn -0.0000014331869045 3.1243641756790672 2.9321529127445527
v -0.0902158096432686 0.0097500002011657 0.0110309291630983
vn 0.6495989333097063 3.0560944068594398 2.9321490910776165
v -0.0899559184908867 0.0097226845100522 0.0110309291630983
vn -0.6495859700502707 3.0560730941968592 2.9321565027710434
v -0.0904757007956505 0.0097226845100522 0.0110309291630983
vn 1.2707998933350737 2.8542629280918392 -2.9321607535147489
v -0.0897073894739151 0.0096419313922524 0.0060309278778732
vn 1.2707988058366217 2.8542593090189294 2.9321607535079552
v -0.0897073894739151 0.0096419313922524 0.0110309291630983
vn -1.2708602818670367 2.8543534751389186 2.9321361610272931
v -0.0907242372632027 0.0096419313922524 0.0110309273004532
vn 1.8364618351363124 2.5276770348778101 -2.9321477178294200
v -0.0894810780882835 0.0095112714916468 0.0060309278778732
vn 1.8364575920704325 2.5276592879633255 2.9321477177592641
v -0.0894810780882835 0.0095112714916468 0.0110309291630983
vn 2.7057890980272221 1.5621988317194895 -2.9321551136047663
v -0.0891332775354385 0.0091249998658895 0.0060309278778732
vn -2.3218914647189388 2.0906033723920809 -2.9321800175042378
v -0.0911447331309319 0.0093364128842950 0.0060309288091958
vn 2.3218675675024532 2.0906189786201823 -2.9321570479629173
v -0.0892868787050247 0.0093364128842950 0.0060309278778732
vn -1.8364657600912360 2.5276999016362733 2.9321780227344330
v -0.0909505411982536 0.0095112714916468 0.0110309273004532
vn 2.3218695539998850 2.0906178383151399 2.9321570479605650
v -0.0892868787050247 0.0093364128842950 0.0110309282317758
vn -2.7057915606848133 1.5621934882499531 -2.9321587749856919
v -0.0912983343005180 0.0091249998658895 0.0060309288091958
vn -2.3218854006164591 2.0905845388659330 2.9320885788108519
v -0.0911447480320930 0.0093364128842950 0.0110309282317758
vn 2.7057898841430403 1.5621990305761646 2.9321551136049844
v -0.0891332775354385 0.0091249998658895 0.0110309282317758
vn -2.9714678738701630 0.9654798853753315 -2.9321413244327790
v -0.0914046242833138 0.0088862711563706 0.0060309292748570
vn -2.7058331048408997 1.5621407397966851 2.9322012471703873
v -0.0912983343005180 0.0091249998658895 0.0110309282317758
vn -2.3218918132591684 -2.0906012361069322 -2.9321756885877366
v -0.0911447331309319 0.0076635866425931 0.0060309288091958
vn -2.7057921099608535 -1.5621955826724627 -2.9321561610083604
v -0.0912983343005180 0.0078750001266599 0.0060309288091958
vn -2.9714683417432539 -0.9654822887199583 -2.9321457512600322
v -0.0914046242833138 0.0081137288361788 0.0060309292748570
vn -3.1072718761925784 -0.3265750696496798 -2.9321703306658993
v -0.0914589539170265 0.0083693396300077 0.0060309292748570
vn -1.8364675739761842 -2.5276730566205821 -2.9321231477741647
v -0.0909505411982536 0.0074887289665639 0.0060309288091958
vn 2.9714638976416592 0.9654825462403318 -2.9321413244338377
v -0.0890269875526428 0.0088862711563706 0.0060309278778732
vn -3.1072713684431799 0.3265778724024826 -2.9321659038334569
v -0.0914589539170265 0.0086306603625417 0.0060309292748570
vn 2.9714634753265963 0.9654803579757799 2.9321413244349497
v -0.0890269875526428 0.0088862711563706 0.0110309282317758
vn -2.9714469979912379 0.9655635994260517 2.9321926734850674
v -0.0914046242833138 0.0088862711563706 0.0110309282317758
vn 3.1072641394942266 0.3265771768232708 -2.9321610702713938
v -0.0889726579189301 0.0086306603625417 0.0060309274122119
vn 3.1072682902245079 0.3265745727015011 2.9321610702774019
v -0.0889726579189301 0.0086306603625417 0.0110309282317758
vn -3.1072507502780433 0.3266603094057264 2.9320960341188931
v -0.0914589688181877 0.0086306603625417 0.0110309282317758
vn 3.1072665346389292 -0.3265761104274288 -2.9321610702753520
v -0.0889726579189301 0.0083693396300077 0.0060309274122119
vn 3.1072681468251604 -0.3265746365475256 2.9321610702773424
v -0.0889726579189301 0.0083693396300077 0.0110309282317758
vn -3.1072513559485668 -0.3266574606516039 2.9321004608933854
v -0.0914589688181877 0.0083693396300077 0.0110309282317758
vn 2.9714661209264221 -0.9654847769574088 -2.9321413244315009
v -0.0890269875526428 0.0081137288361788 0.0060309278778732
vn 2.9714630462237595 -0.9654803079662914 2.9321413244347583
v -0.0890269875526428 0.0081137288361788 0.0110309282317758
vn -2.9714463923333172 -0.9655664481829491 2.9321971002631662
v -0.0914046242833138 0.0081137288361788 0.0110309282317758
vn 2.7057897893326008 -1.5621971592041608 -2.9321561610095941
v -0.0891332775354385 0.0078750001266599 0.0060309278778732
vn 2.7057897893326017 -1.5621971592041612 2.9321561610095941
v -0.0891332775354385 0.0078750001266599 0.0110309282317758
vn -2.7058326559534795 -1.5621413576900638 2.9321986330391150
v -0.0912983343005180 0.0078750001266599 0.0110309282317758
vn 2.3218654429067733 -2.0906204313280305 -2.9321533520657717
v -0.0892868787050247 0.0076635866425931 0.0060309278778732
vn 2.3218674294042052 -2.0906192910280721 2.9321533520634193
v -0.0892868787050247 0.0076635866425931 0.0110309282317758
vn -2.3218836768846582 -2.0905827266467831 2.9320842496655946
v -0.0911447480320930 0.0076635866425931 0.0110309282317758
vn 1.8364629420958767 -2.5276773945489581 -2.9321534527480617
v -0.0894810780882835 0.0074887289665639 0.0060309278778732
vn 1.8364586990276901 -2.5276596475292252 2.9321534526779058
v -0.0894810780882835 0.0074887289665639 0.0110309291630983
vn 1.2708015601570506 -2.8542613266914980 -2.9321559723417234
v -0.0897073894739151 0.0073580681346357 0.0060309278778732
vn 0.6495973811895519 -3.0561142810026003 -2.9321507858333047
v -0.0899559184908867 0.0072773154824972 0.0060309283435345
vn -0.0000004797480266 -3.1243779999622250 -2.9321529127958392
v -0.0902158096432686 0.0072499997913837 0.0060309283435345
vn -1.2708033334527380 -2.8542792217191675 -2.9321805628351418
v -0.0907242223620415 0.0073580681346357 0.0060309288091958
vn -1.8364607722340458 -2.5276971872970520 2.9321845230507688
v -0.0909505411982536 0.0074887289665639 0.0110309273004532
vn 1.2708005632348789 -2.8542576742917602 2.9321559723348360
v -0.0897073894739151 0.0073580681346357 0.0110309291630983
vn -0.6496086700345576 -3.0560755235507848 -2.9321433734783677
v -0.0904757007956505 0.0072773154824972 0.0060309283435345
vn -1.2708192269108822 -2.8542666296121553 2.9321305172460823
v -0.0907242372632027 0.0073580681346357 0.0110309273004532
vn 0.6495995600361800 -3.0561062033055792 2.9321507858449496
v -0.0899559184908867 0.0072773154824972 0.0110309291630983
vn -0.6495891830205730 -3.0560562486820877 2.9321595957142059
v -0.0904757007956505 0.0072773154824972 0.0110309291630983
vn -0.0000000000000000 -3.1243826424682757 2.9321529127993262
v -0.0902158096432686 0.0072499997913837 0.0110309291630983
vn -0.4174217242743171 2.9240275814015941 -3.0950008285508153
v -0.0010025057708845 0.0203499998897314 -0.0074327494949102
vn -0.9187412192033437 3.0328092478396780 -2.9993914303975506
v -0.0025832429528236 0.0203499998897314 -0.0070411497727036
vn 1.5256220407472125 1.4620273795905221 -1.4392994692948724
v 0.0006254945183173 0.0203499998897314 -0.0074739111587405
vn 2.8468698360956708 3.6644559264925576 -1.0514808744068114
v -0.0057680374011397 0.0203499998897314 -0.0053413091227412
vn 1.8259513176642754 4.6291896489459612 -1.4180282959949175
v 0.0005420970264822 0.0203499998897314 -0.0064773550257087
vn 1.8259919803397970 -4.6291568817424800 -1.4180300482769659
v 0.0005421044770628 0.0000000004089676 -0.0064773811027408
vn 1.5256227069390567 -1.4620322369052552 -1.4393074301954421
v 0.0006254945183173 0.0000000004089676 -0.0074739111587405
vn -0.4174217242742743 -2.9240275814015955 -3.0950008285508046
v -0.0010025057708845 0.0000000004089676 -0.0074327494949102
vn -0.9187409304516042 -3.0328094102339360 -2.9993915363330306
v -0.0025832429528236 0.0000000004089676 -0.0070411497727036
vn 2.8016164209566599 -3.6492700661074835 -1.1824351035517926
v -0.0064770868048072 0.0000000004089675 -0.0051054381765425
vn -1.7645432739805704 0.2614360660246529 -5.9884680792023230
v -0.0064092790707946 0.0203499998897314 -0.0056374804116786
vn 0.5171606889899556 3.6644608275752781 -2.9904535838395305
v -0.0061518615111709 0.0203499998897314 -0.0056607602164149
vn 1.9414101848017613 3.6644749640354970 -2.3326293046874742
v -0.0059172129258513 0.0203499998897314 -0.0055523840710521
vn -1.7764130982222235 -0.2538455551137592 -5.9873492119002885
v -0.0071099502965808 0.0000000004089675 -0.0053804242052138
vn 0.4726378860820237 -3.6492712460210583 -3.0039670341488831
v -0.0068600242957473 0.0000000004089675 -0.0054049403406680
vn 1.8734126139266465 -3.6492792066792488 -2.3953101246830846
v -0.0066297044977546 0.0000000004089675 -0.0053048641420901
vn 0.9280405263604866 -2.8694937034192187 -2.9709914200231866
v 0.0016074109589681 0.0000000004089676 -0.0062981136143208
vn 2.8865756479771085 -2.8979243286682657 1.1796222961334759
v -0.0073573789559305 0.0000000004089675 -0.0031415710691363
vn 2.8399776615657784 -3.2892183009794485 1.3230479880708639
v -0.0065296390093863 0.0000000004089675 -0.0046221301890910
vn 3.0230973584759688 -3.6492835236553431 0.3287208842742529
v -0.0064406679011881 0.0000000004089675 -0.0048569650389254
vn 0.5573753844127700 -5.5157760347552287 1.9627631787116169
v -0.0004561700916383 0.0000000004089676 -0.0019986019469798
vn 1.2298127647836681 -5.5628625398355158 1.5421343999181460
v -0.0012781551340595 0.0000000004089676 -0.0016027539968491
vn 1.7771262757092205 -5.5628649548639286 0.8558199514462049
v -0.0018469879869372 0.0000000004089676 -0.0008894611382857
vn -0.7209795233107740 -3.6015511470653347 2.9726963337391870
v -0.0049907574430108 0.0000000004089675 0.0045690131373703
vn 3.1341454393785426 -3.0041355585724410 -0.0137815421038801
v -0.0080000534653664 0.0000000004089675 0.0000000468186983
vn 3.0830517030991937 -2.9398103318908753 0.5140759120857606
v -0.0079339295625687 0.0000000004089675 -0.0010263992007822
vn -0.5573727638643378 -5.5157760805430733 1.9627638672008856
v 0.0004561684036162 0.0000000004089676 -0.0019986024126410
vn 0.0000007043116124 -5.4686889333374715 2.1026966381541055
v -0.0000000008682019 0.0000000004089676 -0.0020500000100583
vn 2.3523228139305270 3.5953852411499092 1.9587593838654307
v 0.0043799267150462 0.0203499998897314 -0.0033265664242208
vn 0.9280031850110029 2.8694707647828954 -2.9709977032508812
v 0.0016074109589681 0.0203499998897314 -0.0062981136143208
vn 2.9915616468759909 3.6644815013841758 0.5106621009510637
v -0.0057441955432296 0.0203499998897314 -0.0050839399918914
vn 2.7418149072641982 3.2905653773157080 1.5157169570194089
v -0.0058520645834506 0.0203499998897314 -0.0048490567132831
vn 2.8046614898234923 2.8836120496565112 1.3565292784212062
v -0.0067860912531614 0.0203499998897314 -0.0034218360669911
vn 3.0603767512668707 2.8505389938719938 0.5441974493648468
v -0.0074826185591519 0.0203499998897314 -0.0013305619359016
vn 3.0907744550544338 2.8639656293214970 -0.3455653564194618
v -0.0075497357174754 0.0203499998897314 0.0008726343512535
vn 1.7908346560341817 5.5601703614107150 0.8364202343737176
v -0.0014071837067604 0.0203499998897314 -0.0006498693255708
vn 1.2494354724318346 5.5639312853880725 1.5241802329791285
v -0.0009826387977228 0.0203499998897314 -0.0011987165780738
vn 0.5735411073627925 5.5186898838502199 1.9539108881058533
v -0.0003611637221184 0.0203499998897314 -0.0015073348768055
vn 0.0094371546025269 5.4692842713696850 2.1019273685382895
v -0.0000000005750402 0.0203499998897314 -0.0015500008594245
vn -0.5469495122191776 5.5145105565615147 1.9674769429455330
v 0.0003326864971314 0.0203499998897314 -0.0015138750895858
vn 1.7659172511389751 2.8059139332414933 -2.5447424821111979
v 0.0038175592198968 0.0203499998897314 -0.0052608223631978
vn 1.8012854221813333 -2.7836734591449503 -2.5089120147809343
v 0.0038175592198968 0.0000000004089676 -0.0052608223631978
vn -1.2298118877897539 -5.5628635983776062 1.5421329413500353
v 0.0012781539699063 0.0000000004089676 -0.0016027555102482
vn 2.8468698360956712 2.6187293806870313 -1.0514808744068114
v -0.0057680374011397 0.0234999991953373 -0.0053413091227412
vn 1.9414101848017615 2.6187103431440901 -2.3326293046874746
v -0.0059172129258513 0.0234999991953373 -0.0055523840710521
vn 0.5171606889899554 2.6187244796043081 -2.9904535838395310
v -0.0061518615111709 0.0234999991953373 -0.0056607602164149
vn -0.6825001123770337 2.8801573771167313 -3.0390974687983157
v -0.0064092790707946 0.0234999991953373 -0.0056374804116786
vn -1.0820424577084993 3.1415915461734500 -2.9493703299862837
v -0.0138493487611413 0.0234999991953373 -0.0029079262167215
vn 2.8046614898234923 3.3995732575230755 1.3565292784212062
v -0.0067860912531614 0.0234999991953373 -0.0034218360669911
vn 2.7418149072641982 2.9926199298638787 1.5157169570194089
v -0.0058520645834506 0.0234999991953373 -0.0048490567132831
vn 2.9915616468759905 2.6187038057954108 0.5106621009510638
v -0.0057441955432296 0.0234999991953373 -0.0050839399918914
vn -1.0820427296998523 -3.1415926550943087 -2.9493708535670029
v -0.0138493487611413 -0.0064999996684492 -0.0029079262167215
vn -0.6943701233575179 -2.8877474411873836 -3.0379785329867497
v -0.0071099502965808 -0.0064999996684492 -0.0053804242052138
vn 0.4726378860820347 -2.6339140611585279 -3.0039670341486677
v -0.0068600242957473 -0.0064999996684492 -0.0054049403406680
vn 1.8734126139266021 -2.6339061005003375 -2.3953101246830135
v -0.0066297044977546 -0.0064999996684492 -0.0053048641420901
vn 3.0230973584759075 -2.6339017835242431 0.3287208842742418
v -0.0064406679011881 -0.0064999996684492 -0.0048569650389254
vn 2.8399776615657188 -2.9939670062001382 1.3230479880708337
v -0.0065296390093863 -0.0064999996684492 -0.0046221301890910
vn 2.8016164209566061 -2.6339152410721058 -1.1824351035517637
v -0.0064770868048072 -0.0064999996684492 -0.0051054381765425
vn 2.0485939626869381 1.4240360834724664 0.1281510306561284
v 0.0051763020455837 0.0203499998897314 -0.0039313994348049
vn 4.4364037067547057 1.5204867737887378 -1.8915353588472887
v 0.0051763150840998 0.0047999997623265 -0.0039313808083534
vn 2.6170421082606317 -2.7880863220430583 -1.6404066387393503
v 0.0054891165345907 0.0000000004089677 -0.0034813212696463
vn -1.7771365234512562 -5.5628546692241798 0.8558277854099876
v 0.0018469837959856 0.0000000004089676 -0.0008894632919692
vn 2.8865756479770877 -3.3852609785113206 1.1796222961334961
v -0.0073573789559305 -0.0064999996684492 -0.0031415710691363
vn 2.7507573377835342 2.9104927061796220 -1.4736848252655816
v 0.0054891165345907 0.0047999997623265 -0.0034813212696463
vn 2.3522948635288232 2.6877860747370876 1.9587814570077757
v 0.0043799267150462 0.0047999997623265 -0.0033265664242208
vn 3.0316809992083047 2.7637395127574838 -0.5747255200965213
v 0.0063862572424114 0.0047999997623265 -0.0012106697540730
vn 2.7207717499786197 3.3318612771852809 1.5570064719440204
v 0.0038543911650777 0.0047999997623265 -0.0022854462731630
vn 3.0316961354563219 -2.7637395128075468 -0.5747313443722603
v 0.0063862572424114 0.0000000004089677 -0.0012106697540730
vn -1.9724603535569709 -5.5628657569429771 0.0000042219140075
v 0.0020500014070421 0.0000000004089676 -0.0000000019147368
vn 3.0603767512668707 3.4326463133075933 0.5441974493648468
v -0.0074826185591519 0.0234999991953373 -0.0013305619359016
vn -1.2204843477799794 5.5639314248741281 1.5474605524783600
v 0.0009598690667190 0.0203499998897314 -0.0012170256813988
vn -1.7733558671639873 5.5639322042978732 0.8598956856988614
v 0.0013946852413937 0.0203499998897314 -0.0006762795383111
vn -1.9716474216020303 5.5634013460632685 0.0012102046835443
v 0.0015500005101785 0.0203499998897314 -0.0000000016215738
vn -1.7771358905831383 5.5628564290473150 -0.8558236506836217
v 0.0013965002726763 0.0203499998897314 0.0006725195562467
vn 2.9729210693544368 3.5953748552481395 0.7293291124562017
v -0.0000752510313760 0.0203499998897314 0.0054994202218950
vn 5.4652340560831600 -0.1832117367439042 3.0758124139219980
v 0.0040012248791754 0.0174674578011036 -0.0025763355661184
vn 5.4936847986732644 -0.0817196789761404 3.0377414812547205
v 0.0041668904013932 0.0167694482952356 -0.0029045264236629
vn 5.4717716940185515 -0.0601591971077078 3.0745537836883208
v 0.0041775335557759 0.0166599005460739 -0.0029256115667522
vn 5.4049755689629286 -0.0890097140408740 3.1758588485027484
v 0.0042366110719740 0.0160518605262041 -0.0030426490120590
vn 5.3241835102917587 -0.0100334189245008 3.2920703404482974
v 0.0042400085367262 0.0158500000834465 -0.0030493787489831
vn 5.5467609887311600 -0.2692888130762571 2.9244568928740073
v 0.0031283271964639 0.0187414288520813 -0.0008470702450722
vn 5.5698143748639293 -0.1971501985595212 2.8935146456638852
v 0.0032243428286165 0.0186623632907867 -0.0010372798424214
vn 5.5881428870000773 -0.0698912520006858 2.8704158817819914
v 0.0034786458127201 0.0184529498219490 -0.0015410678461194
vn 5.4274730462504417 -0.4781615183269695 3.0768339030394838
v 0.0035894524771720 0.0182868577539921 -0.0017605861648917
vn 5.4219856002146853 -0.4659383140427736 3.0894447477790634
v 0.0036548406351358 0.0181888472288847 -0.0018901239382103
vn 5.4435757347117724 -0.3186831160869623 3.0896529460300761
v 0.0037854677066207 0.0179930478334427 -0.0021489050704986
vn 5.5592195290999697 -0.6083557088409952 2.7981520945336626
v 0.0016165242996067 0.0188500005751848 0.0021479057613760
vn 5.5434501343672018 -0.5896875061716293 2.8367711510483091
v 0.0027256684843451 0.0188500005751848 -0.0000493773077324
vn 5.3071315027802397 0.1877482708081102 3.3045248969138941
v 0.0042019621469080 0.0062007755041122 -0.0029740235768259
vn 5.5972653734464366 0.0047889316349857 2.8545180772815280
v 0.0041928091086447 0.0060564880259335 -0.0029558739624918
vn 5.5696664380229057 0.0512002800388950 2.9059743386075576
v 0.0040513989515603 0.0053504845127463 -0.0026757337618619
vn 5.2064254934033904 0.0487661455567004 3.4398879552187660
v 0.0042399694211781 0.0068000000901520 -0.0030493973754346
vn 3.0830517030991369 -3.3433749752887110 0.5140759120857624
v -0.0079339295625687 -0.0064999996684492 -0.0010263992007822
vn 4.7607685483457685 0.1050277117903659 4.0976421598809294
v 0.0042360336519778 0.0068000000901520 -0.0030448264442384
vn 5.0336495887360986 -0.0752296853726366 3.7586645936427203
v 0.0041519929654896 0.0158500000834465 -0.0029316949658096
vn 4.7791349788566224 0.1597004593671901 4.0719238850641606
v 0.0040137027390301 0.0067999986931682 -0.0027866002637893
vn 5.0281932630674762 -0.3443097344218455 3.7121984919861872
v 0.0040997513569891 0.0166127141565084 -0.0028022613842040
vn 5.2393063841232550 0.4236001056220183 3.3927127202091887
v 0.0040234052576125 0.0053860708139837 -0.0026254088152200
vn 4.2547545796165505 0.6009972757138244 4.4800690077823200
v 0.0039827064611018 0.0062815635465086 -0.0026978601235896
vn 4.0397886148687228 -0.7785231707520707 4.6877016335546324
v 0.0039503541775048 0.0165473017841578 -0.0026451938319951
vn 4.2257478779261159 -0.1472287427515486 4.5170476996938236
v 0.0040318132378161 0.0158500000834465 -0.0027710061985999
vn -0.0000002587421422 6.2831840427605234 -0.0000004368980882
v -0.0128160752356052 0.0234999991953373 -0.0000914844640647
vn 3.0962950207432760 3.4108306941484008 -0.3236968435476050
v -0.0075497357174754 0.0234999991953373 0.0008726343512535
vn -5.6267793119080434 0.0205639187079982 2.7253385808454182
v -0.0138199450448155 0.0068000000901520 -0.0028277803212404
vn -5.6409096463747535 -0.0594853881591778 2.7004532091424114
v -0.0138199450448155 0.0158500000834465 -0.0028277803212404
vn -5.5470934701649153 -0.1877227440846644 2.8388143644613075
v -0.0137881087139249 0.0162215158343315 -0.0027410052716732
vn -5.7500802137827804 -0.1908526861817913 2.4908612856050114
v -0.0137250544503331 0.0169573612511158 -0.0025691315531731
vn -5.7303394621288071 -0.3362975006303836 2.5043759005195811
v -0.0137180807068944 0.0169800464063883 -0.0025501309428364
vn -5.6089068460144080 -0.4679511723772415 2.6873767189038791
v -0.0135750817134976 0.0174453649669886 -0.0021603463683277
vn -5.6463196952627079 -0.5844635972154140 2.5807973536567084
v -0.0135248424485326 0.0176088437438011 -0.0020234065596014
vn -5.8987333300122424 0.0000147902304547 2.1641078310811563
v -0.0134468758478761 0.0178625341504812 -0.0018108955118805
vn -0.0000000357140969 -6.2831847438256396 0.0000000131026579
v -0.0128160752356052 -0.0064999996684492 -0.0000914844640647
vn -5.9361785304852877 0.2750375781313472 1.9915851362602150
v -0.0128160752356052 -0.0024999999441206 -0.0000914844640647
vn -5.7192201499519859 0.1009123825108043 2.5604009835409993
v -0.0138125838711858 0.0064835986122489 -0.0028076935559511
vn 4.9529517362348550 -0.7628366400123234 3.7368869352869960
v 0.0038922026287764 0.0173466298729181 -0.0024173941928893
vn -5.3382342938574583 -0.1330933961880042 3.3085123833514229
v -0.0137521112337708 0.0158500000834465 -0.0027183275669813
vn -5.0086298167900551 -0.4051251453486221 3.7563800810303425
v -0.0137484865263104 0.0162154454737902 -0.0026830639690161
vn -5.3420645149043056 0.0679631881440300 3.3059980744059887
v -0.0137521112337708 0.0068000000901520 -0.0027183275669813
vn -5.4963214338909223 0.3329955347074188 2.8910463998850848
v -0.0137490751221776 0.0060290521942079 -0.0026345998048782
vn -4.9498605173583776 0.7135066541518903 3.7924344399247527
v -0.0137094156816602 0.0060482653789222 -0.0025822839234024
vn 3.8917518766487813 -1.6632270001539240 4.5798294572039309
v 0.0037467768415809 0.0172214582562447 -0.0022971825674176
vn 4.7563397088255357 0.1997537637106843 4.0949891844365904
v 0.0040003401227295 0.0067999986931682 -0.0027710788417608
vn 3.8361091201317454 0.1869439963433330 4.8564118127227669
v 0.0039253705181181 0.0067999982275069 -0.0026840057689697
vn 2.5010896340297877 -1.2140256791033854 5.5874159660674430
v 0.0036539013963193 0.0164583828300238 -0.0024788016453385
vn 2.9824148969563251 -0.0179146142861059 5.4989151723000065
v 0.0037113304715604 0.0158500000834465 -0.0025737816467881
vn -4.4777055648611732 -0.1368011770313006 4.2413933622232474
v -0.0137136364355683 0.0158500000834465 -0.0026562514249235
vn -4.5448617736198367 0.1802539827029054 4.1757800282512694
v -0.0137136364355683 0.0068000000901520 -0.0026562514249235
vn -4.0529525974334160 1.0629810616765922 4.6268832484273119
v -0.0136326001957059 0.0060845362022519 -0.0025027899537235
vn 4.1195910205261974 1.3383496288004246 4.4608697015201235
v 0.0038091863971204 0.0055704275146127 -0.0023994997609407
vn 2.2888926209904379 0.9580785197436616 5.7089531793286854
v 0.0036724365781993 0.0063505964353681 -0.0025169933214784
vn 2.8864985800091825 0.2230363812668696 5.5719946219451284
v 0.0037032968830317 0.0067999996244907 -0.0025689704343677
vn -5.1504760986742397 -0.8274599710268727 3.4377443639090073
v -0.0136546464636922 0.0169148556888103 -0.0024414921645075
vn -4.0279311587698148 -0.6778362806625021 4.7162569307566393
v -0.0136712687090039 0.0161976646631956 -0.0025978742633015
vn -2.4096814794827144 0.2925199261476592 5.6885099123702894
v -0.0135481851175427 0.0068000000901520 -0.0025407152716070
vn -2.4814034675092489 -0.1779256605168829 5.6508988780407607
v -0.0135481851175427 0.0158500000834465 -0.0025407152716070
vn -2.7596911113437916 -1.0343373274070933 5.5265597787755629
v -0.0135217616334558 0.0161750596016645 -0.0025084039662033
vn 2.3696751776104596 -2.4479985679564296 5.2178996890770009
v 0.0034582046791911 0.0170550160109997 -0.0021853884682059
vn -5.7444309996773306 0.2488336946233658 2.4930455855259219
v -0.0136593664065003 0.0053869439288974 -0.0023900831583887
vn 2.3540558992372222 3.8970977974518530 1.9269084774349545
v 0.0036867065355182 0.0047999732196331 -0.0020074909552932
vn 2.6861270012064482 3.3069553037920540 1.6207424820666816
v 0.0037411199882627 0.0047999820671976 -0.0020976876839995
vn -4.0215223222285941 -1.5646380146429504 4.5122885444384870
v -0.0135783562436700 0.0168640725314617 -0.0023698194418103
vn -5.0914619061695268 1.2230018931447468 3.4056942805614048
v -0.0135640250518918 0.0053917448967695 -0.0022097772452980
vn -3.9600197575831384 2.1410996770098052 4.3241168044845786
v -0.0134885171428323 0.0054576075635850 -0.0021506494376808
vn 4.8339575051552455 -1.4815630794817789 3.6529778810604632
v 0.0035273127723485 0.0179414637386799 -0.0017595617100596
vn 0.3375096930629140 -1.1672738131815452 6.1343975848021621
v 0.0033393378835171 0.0160543210804462 -0.0024894911330193
vn 2.3193575416380980 1.2798774769034773 5.2365175528992722
v 0.0036896176170558 0.0158500000834465 -0.0025604190304875
vn 0.7254971245940786 -1.5673228419898841 5.9906346723932309
v 0.0032641354482621 0.0163746234029531 -0.0023901730310172
vn 2.8867839474118302 0.2226988803565897 5.5718530452133619
v 0.0036890197079629 0.0068000000901520 -0.0025615738704801
vn 2.0222363254313214 0.2759890207150571 5.8872624417219299
v 0.0036799374502152 0.0068000000901520 -0.0025568688288331
vn 0.5539624754716740 -0.1496401269621412 6.2394355853648982
v 0.0033472951035947 0.0158500000834465 -0.0025000020395964
vn 0.5547635360004742 0.4251487936990546 6.2304052086331687
v 0.0033472951035947 0.0068000000901520 -0.0024999703746289
vn 0.6486566897712729 0.7932257278552955 6.1659951517722753
v 0.0033035564702004 0.0064030610956252 -0.0024421520065516
vn -1.2658463314676220 -0.2534920042354499 6.1438929689026267
v -0.0135324904695153 0.0158500000834465 -0.0025374817196280
vn -1.2811834183472646 0.3325471318279013 6.1294218600015684
v -0.0135324904695153 0.0068000000901520 -0.0025374817196280
vn -0.7662945995788185 -0.5169628397002816 6.1883339551700214
v -0.0133505361154675 0.0158500000834465 -0.0024999922607094
vn -0.6413060049900247 0.1760891854289311 6.2242685018731372
v -0.0133505361154675 0.0068000000901520 -0.0024999922607094
vn 0.3707635769313204 1.5333868260885821 5.9641523594950119
v -0.0133441211655736 0.0065642623230815 -0.0024859982077032
vn -2.7323445647911346 1.3610252859922201 5.4648224785122475
v -0.0134838679805398 0.0061303754337132 -0.0024212712887675
vn -1.0463750874238766 1.7081012289634052 5.8477992141055015
v -0.0132819572463632 0.0061807208694518 -0.0023504425771534
vn 0.5820795202291434 1.6516271068200825 6.0059295130117851
v 0.0032844122033566 0.0062293340452015 -0.0024168461095542
vn 2.1843769525832082 2.3459349466687627 5.3293240330277687
v 0.0035062273964286 0.0057274280115962 -0.0022679409012198
vn -1.0764307572511438 -1.3396915088766095 5.9423758801602160
v -0.0133198024705052 0.0161478016525507 -0.0024329726584256
vn -2.3983602313164392 -2.2863539871834271 5.2689894686228760
v -0.0134306410327554 0.0168004315346479 -0.0022991171572357
vn -2.5231667933111979 3.0918234301906664 4.8058649196307242
v -0.0133423218503594 0.0055389632470906 -0.0020970313344151
vn 0.6389664320563695 -1.8847768209033477 5.9220572194137349
v 0.0032305968925357 0.0165174789726734 -0.0023458774667233
vn -4.9900617645404823 -1.6779236817049927 3.3887744446515682
v -0.0134667614474893 0.0175143387168646 -0.0019627662841231
vn -0.2471581329135998 -1.3690447278231648 6.1237948590391005
v -0.0132812680676579 0.0165211968123913 -0.0023489412851632
vn -0.5987385474111455 3.0935417571203008 5.3579726410202539
v -0.0132097648456693 0.0057353279553354 -0.0021930285729468
vn -1.1750572099156149 1.8476114276495654 5.7606970349537603
v -0.0132727632299066 0.0061240121722221 -0.0023304005153477
vn 3.7316783021192075 -2.8070858327930743 4.1325882022871561
v 0.0033871636260301 0.0177742596715689 -0.0016989790601656
vn 0.5534952881888043 2.3717515974250554 5.7641458980989784
v 0.0032452221494168 0.0061127049848437 -0.0023650943767279
vn 3.8252126651361396 2.1626699410471510 4.3968478714461847
v 0.0034948841203004 0.0049924175255001 -0.0018715923652053
vn 2.2339094057331703 3.8709760259615043 2.0849327408626972
v 0.0036572953686118 0.0047999750822783 -0.0019755112007260
vn -5.6978270718441282 0.4911434867646688 2.5223468848114217
v -0.0136275077238679 0.0053105885162950 -0.0023032503668219
vn -3.8732271144818018 -2.6941348060129795 4.0824508100360140
v -0.0133919762447476 0.0174381230026484 -0.0019165634876117
vn 0.5558846049476076 2.3728530405723935 5.7636452073545623
v 0.0031531741842628 0.0058387592434883 -0.0022435344289988
vn 0.9059199768919191 -3.8250115347320568 4.7986858480494474
v 0.0029219903517514 0.0171461831778288 -0.0019382970640436
vn -0.5461576912733197 -2.3523220521596397 5.6962744937854213
v -0.0132621126249433 0.0167068000882864 -0.0023071696050465
vn 0.8757739289738223 -3.8636687291004441 4.7846635467387273
v 0.0030906377360225 0.0169085785746574 -0.0021610341500491
vn 0.4215868621401753 -2.6526771299782195 5.5874985863844362
v 0.0031625656411052 0.0168072432279587 -0.0022560290526599
vn 0.8715349659369218 -3.9871734938488723 4.6970416742792072
v 0.0028737813699991 0.0172140989452600 -0.0018746299901977
vn -0.9697941028824135 -3.6035853071875623 4.9504455882321139
v -0.0130689227953553 0.0172292273491621 -0.0018859081901610
vn -5.6576032981608257 0.5186877169210343 2.5872481399188856
v -0.0135763222351670 0.0051879053935409 -0.0021637307945639
vn -2.6500158299441652 -3.3897555454918225 4.5507244557410740
v -0.0132471853867173 0.0173454955220222 -0.0018801860278472
vn 2.3931491363996269 -3.2799826526008822 4.7728874599600974
v 0.0032968849409372 0.0173347778618336 -0.0019466363592073
vn 0.5958257470638110 3.0765574093644843 5.4128292880344251
v 0.0031272871419787 0.0057617109268904 -0.0022093455772847
vn 0.5515704220994673 3.8714169672025172 4.8945389887628181
v 0.0028953135479242 0.0053952317684889 -0.0019029943505302
vn 2.0685081757953112 3.5489426027121089 4.6717763312556189
v 0.0032023072708398 0.0052056941203773 -0.0018200285267085
vn -1.0902663527395586 4.1076247728102846 4.4809402692955960
v -0.0131542542949319 0.0056180902756751 -0.0020719789899886
vn -4.9492629501253607 2.0431683606477380 3.2372459029031595
v -0.0133548760786653 0.0049242516979575 -0.0016807600622997
vn -3.8421474573239589 3.2217062464928707 3.7120089013762350
v -0.0132807875052094 0.0050080530345440 -0.0016487560933456
vn -1.0874657274415662 4.1101567075385770 4.4783169582277367
v -0.0130636626854539 0.0054267677478492 -0.0018744342960417
vn -5.6291142819709004 0.7206404219095750 2.5526367688427491
v -0.0134176285937428 0.0048075444065034 -0.0017311744159088
vn -2.4036150770296327 4.0299713062298474 4.1293155328542568
v -0.0131373414769769 0.0051079103723168 -0.0016308580525219
vn 3.0298709872710843 2.7637400585025085 0.5842777902555820
v 0.0063824104145169 0.0047999997623265 0.0012307849247009
vn -0.9089218289026411 4.2221025511268220 4.4635240886736938
v -0.0129528054967523 0.0051926467567682 -0.0016327021876350
vn -1.5279931593009053 -2.3716209625074485 5.2536527867053424
v 0.0003894113760907 0.0002999998978339 -0.0017061242833734
vn 0.0019709684089651 -2.3265156854880416 5.4479649757695290
v -0.0000000006923048 0.0002999998978339 -0.0017500005196780
vn -5.6109234605928178 -0.9145251464313584 2.4730548450775802
v -0.0132461041212082 0.0180824734270573 -0.0012636504834518
vn 1.5247996382495623 -2.3724109125805986 5.2544677157985840
v -0.0003894127148669 0.0002999998978339 -0.0017061238177121
vn 2.3338660623619374 -2.1853314102568842 4.8596599432212528
v -0.0004239908594172 0.0002999998978339 -0.0016894717700779
vn -2.3370563884339601 -2.1941897759300435 4.8581425606519728
v 0.0004239895206410 0.0002999998978339 -0.0016894722357392
vn 1.7263972724858261 4.8014585676494912 2.0236896966030367
v 0.0032845542300493 0.0047999969683588 -0.0015702311648056
vn -4.8472522607339421 -2.5945605421049889 2.9837412941420514
v -0.0131744369864464 0.0179433468729258 -0.0012307469733059
vn 2.2511622521158086 -3.7879244761953466 4.4145121817533921
v 0.0031090595293790 0.0175611618906260 -0.0016719892155379
vn -2.0912927977507625 -4.6202341843425998 3.6885875582247616
v -0.0131109887734056 0.0175804905593395 -0.0015712012536824
vn -3.7683202221753156 -3.8652885339747352 3.1312186371121600
v -0.0131011791527271 0.0178535822778940 -0.0012201820500195
vn 0.7634313128351605 3.7072950214503400 5.0131067483271066
v 0.0028632686007768 0.0053446069359779 -0.0018606769153848
vn -0.5966297477644928 2.4311120903491363 5.0675352651421459
v 0.0004244514857419 0.0051859961822629 -0.0016798032447696
vn -0.9788997057769599 2.7587598744255244 4.9375716444404638
v 0.0005784587119706 0.0051649352535605 -0.0016516308533028
vn -1.8813105678354081 2.9602464513292581 4.2286821399826220
v 0.0010834517888725 0.0050011696293950 -0.0013742758892477
vn -0.0560296593776678 2.4199354422853463 5.4283328149253123
v 0.0000436820628238 0.0052380673587322 -0.0017494547646493
vn -0.8825200568091223 -3.8541527855940529 4.7938220553138544
v -0.0130574638023973 0.0172602217644453 -0.0018609133549035
vn 0.7793003362351916 -3.9447685573379250 4.7981269841580350
v 0.0027503960300237 0.0173879303038120 -0.0017116745002568
vn 0.0157554609821846 -2.8396047831031743 5.0550431035547350
v 0.0000083405257101 0.0177041813731194 -0.0012499715667218
vn -0.0211275068747929 -4.5296219306737351 4.1565119078088610
v -0.0129930349066854 0.0174344535917044 -0.0017204215982929
vn -1.2183124944125348 -5.2624155874446394 2.9247059007699177
v -0.0127776861190796 0.0176443140953779 -0.0012508376967162
vn -1.1006510631324737 -5.3238528774653560 2.9239800214212295
v -0.0129317017272115 0.0174942240118980 -0.0015866799512878
vn 0.4372052773988738 2.4354973600720902 5.0904603012024285
v -0.0004261738795321 0.0051901284605265 -0.0016863909550011
vn 1.6903098295523682 2.9405742956585215 4.3483401481689317
v -0.0009779338724911 0.0050402441993356 -0.0014512558700517
vn 0.8044059606484801 2.7454262973094679 4.9845963241313171
v -0.0005034438217990 0.0051822448149323 -0.0016760197468102
vn 0.8023706327863870 4.2133469826558603 4.5458009097613283
v 0.0028361298609525 0.0053017288446426 -0.0018248339183629
vn 2.2377102426360072 4.3036605751846837 3.9066975254519787
v 0.0030006724409759 0.0050023281946778 -0.0015278967330232
vn 0.5806989773002939 5.0769576379962507 3.5922249487155424
v 0.0026646249461919 0.0051544429734349 -0.0015983399935067
vn -5.9366418224925575 -0.2761408311640892 1.9897575769444091
v -0.0128160752356052 0.0195000004023314 -0.0000914844640647
vn 5.3719384907293470 -0.9962352433485042 3.0366600350144601
v 0.0032071841415018 0.0185757316648960 -0.0010167311411351
vn 4.7163144306696427 -2.4900775957189603 3.2239724798719904
v 0.0030719374772161 0.0182522963732481 -0.0009714259649627
vn 3.5891745793664591 -3.8745188933553125 3.3155206259728289
v 0.0029358004685491 0.0180714391171932 -0.0009766357252374
vn -5.4876620931483426 1.2429290309695595 2.4505962846453828
v -0.0131366215646267 0.0044532753527164 -0.0009652194567025
vn -5.1811423707139541 2.3094620764713842 2.6361755200198100
v -0.0131284333765507 0.0044662104919553 -0.0009627160616219
vn -5.8987421633934707 0.0000307164979558 2.1640837530105128
v -0.0133199552074075 0.0045734341256320 -0.0014649372315034
vn -4.9334789339067653 2.7963023224798067 2.6053108530184979
v -0.0130585506558418 0.0046275164932013 -0.0009448067867197
vn 0.8410767085277865 -4.8041466156709749 3.8155785801013038
v 0.0026420198846608 0.0175406225025654 -0.0015685375547037
vn 2.1764124448278523 -4.7160591932676423 3.4720108813989983
v 0.0028945687226951 0.0177371613681316 -0.0013625329593197
vn 3.4195052483125981 -2.4056930814886655 4.2791981702704209
v -0.0010911081917584 0.0002999998978339 -0.0013682042481378
vn -3.4138631825848389 -2.4102472738069141 4.2828433815231168
v 0.0010911072604358 0.0002999998978339 -0.0013682055287063
vn -3.7909774657619240 4.2527131279729122 2.5488503517258856
v -0.0129856467247009 0.0047181565314531 -0.0009470848017372
vn -2.2759571364082807 5.0501318752416111 2.9501535100369383
v -0.0129960067570210 0.0049335076473653 -0.0013116510817781
vn -0.8023507393614866 5.1019125900958446 3.4416560508912721
v -0.0128964977338910 0.0050737243145704 -0.0015099128941074
vn 4.2088677456147732 -2.1790316630772950 3.3687068690036335
v -0.0011632149107754 0.0002999998978339 -0.0012777838855982
vn -4.2104850093919195 -2.1771208630459271 3.3666945972503104
v 0.0011632139794528 0.0002999998978339 -0.0012777852825820
vn 2.0809169091469921 4.4934819723603132 3.6749478268077160
v 0.0027816551737487 0.0048556900583208 -0.0012148474343121
vn 0.5013223625625007 5.4688085116711020 2.9927930580344193
v 0.0024630422703922 0.0049813231453300 -0.0013321194564924
vn -2.7303560994008524 -4.7751987993332214 3.0129541985687465
v -0.0129593424499035 0.0177502855658531 -0.0012291321763769
vn 1.5111787722229109 5.3207196527558285 1.6748203495316221
v 0.0031535956077278 0.0048000044189394 -0.0014278374146670
vn 0.7920401035484071 -5.6815030417192656 2.2504811373720188
v 0.0025550606660545 0.0175738744437695 -0.0014536905800924
vn 1.5696764904339613 2.4023199828217843 5.2387199084585028
v -0.0002912622003350 0.0200500003993511 -0.0012155926087871
vn 0.0261642924225945 2.3558581034672939 5.4458890705751370
v -0.0000000003991420 0.0200500003993511 -0.0012499995063990
vn 1.4565772596025650 5.0996443207874149 1.9782321645029004
v 0.0028646360151470 0.0048000095412135 -0.0012221807846799
vn -1.4920876012033497 2.3925913220284030 5.2612060629823798
v 0.0002682950289454 0.0200500003993511 -0.0012208678526804
vn -2.2901542978013207 2.1820439503072078 4.8807073230052538
v 0.0003020163567271 0.0200500003993511 -0.0012049088254571
vn -1.1825453676509139 5.6539864668983828 2.0779246053364577
v -0.0128187835216522 0.0050277961418033 -0.0013404570054263
vn 2.3785006976150056 2.1883753997978319 4.8382001087137825
v -0.0003040101437364 0.0200500003993511 -0.0012092614779249
vn -0.6509501935212374 -2.8469935209327284 4.3796423469634655
v 0.0002824436814990 0.0177246648818254 -0.0011957297101617
vn 0.8137075281423568 -5.6303229514195312 2.2999068233423072
v 0.0023441272787750 0.0176545325666666 -0.0011751113925129
vn 2.1686204764647528 2.8984277040367790 3.4758455186649337
v -0.0011647907085717 0.0049682115204632 -0.0012748669832945
vn 2.6005845776182159 2.7637403938456560 1.6608630955951467
v 0.0054781199432909 0.0047999997623265 0.0034985987003893
vn -2.2887810427010664 2.9545787726858870 3.2246286215552664
v 0.0011703479103744 0.0049673155881464 -0.0012819557450712
vn 0.6760267449316488 5.7972850452125027 2.1673240912845873
v 0.0024565416388214 0.0049789627082646 -0.0013235362712294
vn 2.4020489231576958 -4.8916758512748055 3.0862918348227493
v 0.0026656610425562 0.0178549587726593 -0.0010369778610766
vn -1.2607324805219797 5.5750823260762932 2.1539400926534134
v -0.0127432495355606 0.0049831536598504 -0.0011757470201701
vn 2.1663635641959349 2.9048260918598623 3.4790455564255498
v -0.0012561645125970 0.0049329856410623 -0.0011886078864336
vn 0.7223213517493741 5.8034095505669940 2.1049541559671328
v 0.0023532356135547 0.0049414425157011 -0.0011871031019837
vn 0.7857981948793804 5.8457225907233692 1.3872310509888337
v 0.0026059371884912 0.0048000141978264 -0.0010380618041381
vn -2.8205878590577882 5.0420503928469129 2.4371673203458712
v -0.0128444917500019 0.0048199016600847 -0.0009714036132209
vn -2.3106019260834567 2.9475126306016275 3.2556979927763101
v 0.0012579892063513 0.0049331714399159 -0.0011888439767063
vn 2.5447556653447876 3.2343278034010754 3.0866019290892277
v -0.0013925435487181 0.0048804115504026 -0.0010598673252389
vn 4.9384107261243742 -2.3895745081113091 2.3754127615971692
v -0.0015766957076266 0.0002999998978339 -0.0007592958863825
vn -4.9384471415398252 -2.3934096298806851 2.3740629655619081
v 0.0015766954747960 0.0002999998978339 -0.0007592977490276
vn -2.6575817876546228 3.2582058510149343 2.8580033650538859
v 0.0014372800942510 0.0048633213154972 -0.0009983606869355
vn -5.8191091409858506 -0.4413888580701947 2.2810080703781703
v -0.0130209773778915 0.0183290969580412 -0.0006500115268864
vn -5.6575636953070392 -1.5745174583118788 2.2276012151439755
v -0.0128721073269844 0.0182281322777271 -0.0003390281053726
vn -4.8813683399846477 -3.0561506185361398 2.0090888730140630
v -0.0128398761153221 0.0181000009179115 -0.0003508522058837
vn -4.1013988001883543 -4.4040401217872294 1.7843267260227025
v -0.0128116980195045 0.0180699862539768 -0.0003611898864619
vn 0.6234858602259371 -2.8998341925650046 4.2447205552718197
v -0.0002613592951093 0.0177245214581490 -0.0011957815149799
vn -1.0608216934219208 -5.4561081140831771 2.6955330775106781
v -0.0127430595457554 0.0176780577749014 -0.0011753316503018
vn -3.3162299935584230 -4.8686573564189537 2.1678714091132520
v -0.0129256024956703 0.0179572589695454 -0.0008059540996328
vn -2.1609516322436604 -5.4479232391658083 2.0987026327801681
v -0.0127846933901310 0.0178572237491608 -0.0008376750047319
vn -0.7236021200742193 -2.6937837948742707 4.6532730014440169
v 0.0003014352114405 0.0177260842174292 -0.0011919708922505
vn -3.4009855262796886 2.3938523450453664 4.2967251881425117
v 0.0007740852888674 0.0200500003993511 -0.0009814735967666
vn -4.1962164078525594 2.1707977861954095 3.3849308869561456
v 0.0008300056797452 0.0200500003993511 -0.0009119299356826
vn 0.6330059360035603 -2.8949083730547325 4.2208137553083684
v -0.0003005604958162 0.0177274774760008 -0.0011879043886438
vn 3.0298702771918471 -2.7637400585108796 0.5842813302067030
v 0.0063824104145169 0.0000000004089677 0.0012307849247009
vn 3.4816790686823804 2.3938084276706970 4.2315228577480060
v -0.0007924514357001 0.0200500003993511 -0.0009667074773461
vn 1.1679598246302860 -3.2296475190730449 4.1726111020363144
v -0.0004905130481347 0.0177418012171984 -0.0011497386731207
vn -1.2329042485533046 -3.0882822666016456 4.4511526286608518
v 0.0004683654988185 0.0177385583519936 -0.0011589368805289
vn 4.2676060774834426 2.1902841459151503 3.2946046915203593
v -0.0008328223484568 0.0200500003993511 -0.0009145142976195
vn -0.5256985178165343 -5.9313925425752778 1.8705807200422075
v -0.0126013979315758 0.0178161095827818 -0.0008664231863804
vn -0.3861388486413324 -5.6431574024692708 2.6989037309366566
v -0.0126119814813137 0.0178057979792356 -0.0008894994971342
vn -0.7045010067499398 -6.1841373105692039 0.6118610161320556
v -0.0124333575367928 0.0178500004112720 -0.0004999925731681
vn 0.4528597862864184 5.8944110934458838 1.9639358325668104
v 0.0021409241016954 0.0048643331974745 -0.0009067171486095
vn 0.6207820782977749 6.0032117135690415 1.1347590419481266
v 0.0023311336990446 0.0048000188544393 -0.0008424783591181
vn -1.3791161117393871 5.5310283965171587 2.1300777994203095
v -0.0126654133200645 0.0049371505156159 -0.0010060172062367
vn 3.0003189425695931 3.3903372745080431 1.6608034678670711
v -0.0016560889780521 0.0048011010512710 -0.0005655714776367
vn 2.8122884705334616 3.1474175953408490 1.9530801355161036
v -0.0016499832272530 0.0048029385507107 -0.0005770230200142
vn 0.7938167020419848 -5.6360570114280701 2.2329097559583473
v 0.0023242456372827 0.0176621358841658 -0.0011488518211991
vn -2.3394391435370068 -3.3709819800944931 3.1805891576815410
v 0.0008887348813005 0.0178134571760893 -0.0008790039573796
vn -1.8778249616723959 -2.9677603967266935 3.5922782137062708
v 0.0008371396106668 0.0178042631596327 -0.0009133641724475
vn 1.7776792672399675 -3.0188555056508504 3.4392376164544394
v -0.0008388386922888 0.0178043171763420 -0.0009159578476101
vn 0.6861583053121392 -5.7711527622775938 2.0638222615825184
v 0.0020774414297193 0.0177565123885870 -0.0008228943333961
vn 2.2794679614180637 -5.3843316894549975 2.2032808377306248
v 0.0024147331714630 0.0179177448153496 -0.0006855356623419
vn 3.1341454393785009 -3.2790497486071444 -0.0137815421038738
v -0.0080000534653664 -0.0064999996684492 0.0000000468186983
vn 5.4536659867966133 -1.2056433926829471 2.8755719177990335
v 0.0026806222740561 0.0185963232070208 -0.0000721164542483
vn 5.0228697623445147 -2.3183491932105822 2.7672987942304745
v 0.0026577154640108 0.0184673164039850 -0.0000836797407828
vn -0.6199294855069128 6.1478114273948146 0.9772728558910339
v -0.0124333575367928 0.0047999997623265 -0.0004999925731681
vn 3.0809228597135321 3.3366223887650635 0.7778079527276782
v -0.0016770511865616 0.0047999997623265 -0.0004999988595955
vn -2.7582840030012057 3.1226310495254008 1.6787172056857251
v 0.0016418322920799 0.0048093008808792 -0.0005732009303756
vn 0.2784499163813129 6.1728779610711202 1.0465346456748754
v 0.0019956566393375 0.0048115733079612 -0.0007148701697588
vn 3.5542869891469047 -4.4853524015641089 2.5048135159302922
v 0.0026826076209545 0.0181217230856419 -0.0005849641165696
vn 4.5240248849322464 -3.5222236619594827 2.5572171182006409
v 0.0025479386094958 0.0182832758873701 -0.0001390933757648
vn -4.0225508856024188 4.3529222705409580 1.7969151041238167
v -0.0127652771770954 0.0046535534784198 -0.0003782200801652
vn -2.0975113056843608 5.7174517056282630 1.1425714466312495
v -0.0126129910349846 0.0047619398683310 -0.0004340902087279
vn -1.0311619123321893 6.1446140634477082 0.7379183673729948
v -0.0126044303178787 0.0047637536190450 -0.0004372306575533
vn -5.8298518665660763 0.5756230208842131 2.1952465374338579
v -0.0129027627408504 0.0043000001460314 -0.0003277795913164
vn -5.7420131801732186 1.2252912189831868 2.2342767825471150
v -0.0128795020282269 0.0044245710596442 -0.0003363142313901
vn -5.3142324380570320 2.3250231424946164 2.1403732633515542
v -0.0128670334815979 0.0044913417659700 -0.0003408888878766
vn -4.8073588536649865 3.4848826232518544 2.0387548921465446
v -0.0128105394542217 0.0045814006589353 -0.0003616145695560
vn 2.2033005436029178 -3.4270713465370637 3.0402147414300815
v -0.0008781740325503 0.0178113766014576 -0.0008895566570573
vn 4.9567532391066926 2.4018599466422863 2.3317988618393151
v -0.0011348277330399 0.0200500003993511 -0.0005240887985565
vn 2.8179791889392511 -3.3713861509104941 1.7322752712282516
v -0.0011456459760666 0.0178500004112720 -0.0004999992088415
vn -4.9335454896727349 2.3925378880853216 2.3852411544736842
v 0.0011247470974922 0.0200500003993511 -0.0005453857593238
vn 5.2558147455197926 -2.1715231690394985 1.1996122400085061
v -0.0016197487711906 0.0002999998978339 -0.0005706732627004
vn 1.9724624072404662 -5.5628647022187030 -0.0000022557681207
v -0.0020500009413809 0.0000000004089676 0.0000000004891965
vn -5.4780604569890672 -2.4031320784649286 0.0070989855849772
v 0.0017500001704320 0.0002999998978339 -0.0000000017388386
vn -5.2569570088390147 -2.1841218240581042 1.1949109208330584
v 0.0016197487711906 0.0002999998978339 -0.0005706751835532
vn -2.9323166082745882 -3.3446454680958899 1.8230547288542347
v 0.0011456422507763 0.0178500004112720 -0.0005000005476177
vn -1.4000419632780432 -6.0539598161775263 0.8693616124888564
v -0.0126013718545437 0.0178979542106390 -0.0004383519699331
vn 0.2067001587218740 6.2603490261418280 0.3167804768292146
v 0.0019852146506310 0.0048000249080360 -0.0005962830036879
vn -2.7626340222354893 -5.2855775793333475 1.3561762570684719
v -0.0126680620014668 0.0179169867187738 -0.0004138860676903
vn 0.5594195887096363 -6.1182205088621426 1.1490725596416933
v 0.0018329545855522 0.0178500004112720 -0.0005000009550713
vn -4.0493532774467811 -4.4311731110881372 1.8281459888851623
v -0.0127345919609070 0.0179878566414118 -0.0003894779365510
vn 0.0640146436074710 6.2751200098416104 0.2132670610362302
v 0.0018329545855522 0.0047999988310039 -0.0005000009550713
vn 0.2056118154560189 6.2596562894284054 0.3237739691298470
v 0.0018403008580208 0.0047999974340200 -0.0005046575679444
vn 1.9879424790201945 -5.7260328910201554 1.2261552264232845
v 0.0021745825652033 0.0179261211305857 -0.0003275555791333
vn 1.0325872879192075 -6.1595119303877457 0.6738485483356216
v 0.0021596590522677 0.0179227944463491 -0.0003350881161168
vn 3.0417658813707713 -5.2032753363933573 1.7631027375967490
v 0.0024226235691458 0.0181117746978998 -0.0002023487322731
vn -5.2530782098750137 2.1679934222354040 1.2128498248401216
v 0.0011564196320251 0.0200500003993511 -0.0004074680618942
vn -5.7937030238813634 -0.7978476111129448 2.1509011660156525
v -0.0129027627408504 0.0183499995619059 -0.0003277795913164
vn 1.9773191216168020 5.5596430192083695 -0.0072973886596027
v -0.0015499998116866 0.0203499998897314 0.0000000001960335
vn 5.2633444137796817 2.1663761282912035 1.1566146989696768
v -0.0011602191952989 0.0200500003993511 -0.0004085339896847
vn 3.8294857895298779 -4.3654441911768869 2.1162894467788851
v 0.0024641978088766 0.0181428939104080 -0.0001813623239286
vn 5.4795492230163898 -2.3928524003532932 0.0003955543763846
v -0.0017499994719401 0.0002999998978339 0.0000000003132982
vn -3.0715178543027628 3.4501167651602374 1.2061226006321837
v 0.0016770511865616 0.0047999997623265 -0.0005000008386560
vn -3.1013744098661515 3.4696685102571854 -0.0261927516144477
v 0.0017500001704320 0.0047999997623265 -0.0000000017388386
vn 3.0105869595007260 -3.3504279076388612 0.8374925690694244
v -0.0011798552004620 0.0178500004112720 -0.0004128478758503
vn 1.8043774991092687 2.7637395699949603 2.5031089575334216
v 0.0038009656127542 0.0047999997623265 0.0052728233858943
vn -0.9594764908681197 -6.1598364048545315 -0.2100995454516871
v -0.0116101754829288 0.0178500004112720 0.0017437920905650
vn 3.0800179380205348 -3.5342840891483194 -0.0864227484046037
v -0.0012499984586611 0.0178500004112720 0.0000000000201353
vn -3.0067455461785486 -3.3663981569387391 0.8470150261621808
v 0.0011798554332927 0.0178500004112720 -0.0004128492437303
vn 0.5965928565928925 -6.2251949331290497 0.1932350640387491
v 0.0007238103426062 0.0178500004112720 0.0016972820740193
vn -2.7595109226484915 -3.5903962638382176 -1.3289073869632533
v 0.0011262118350714 0.0178500004112720 0.0005423543043435
vn -3.0800180848995495 -3.5342839496689016 -0.0864190375968064
v 0.0012499991571531 0.0178500004112720 -0.0000000014456756
vn 1.1803351194027469 -6.1572334896902756 0.2288427795876194
v 0.0010540313087404 0.0179235786199570 0.0018639700720087
vn -0.6302953869266292 6.2287170127522362 0.0079148079369673
v -0.0116101754829288 0.0047999997623265 0.0017437920905650
vn 2.8640575282346101 3.5453620256100686 -1.1215014845719073
v -0.0016517967451364 0.0047999997623265 0.0005779901985079
vn 3.1029440082822295 3.4547640481777719 -0.0363403713295616
v -0.0017499994719401 0.0047999997623265 0.0000000003132982
vn -1.2173778306649323 6.1553161367520266 0.1333828554088825
v -0.0117841986939311 0.0047631282359362 0.0018076362321153
vn -1.6438162729074255 -6.0497417936332951 0.2256420007176689
v -0.0117811253294349 0.0178987924009562 0.0018065093318000
vn -2.3379878847874251 5.7117532232350623 0.5292830967412973
v -0.0117898089811206 0.0047619398683310 0.0018096944550052
vn -2.9782875712230443 -5.2808733248543067 0.7951724964813451
v -0.0118448790162802 0.0179169867187738 0.0018298986833543
vn 5.4783129393273367 2.3982057593797594 -0.0320676486896803
v -0.0012499984586611 0.0200500003993511 0.0000000000201353
vn -5.4788138796341874 2.3990125175359469 -0.0066580771806798
v 0.0012499991571531 0.0200500003993511 -0.0000000014456756
vn -4.2764794451598194 -4.4002182188596368 1.3304336839629867
v -0.0119134355336428 0.0179900135844946 0.0018550499808043
vn -4.9359191976219456 3.5260500481450561 1.6262736183422564
v -0.0120237786322832 0.0045233406126499 0.0018955308478326
vn -4.2088586997901594 4.3149471697735065 1.3675957068575260
v -0.0119420941919088 0.0046535534784198 0.0018655646126717
vn -5.4328754113463180 2.3418904675461847 1.7952774741526749
v -0.0120438504964113 0.0044913417659700 0.0019028958631679
vn -4.9903065748282174 -3.0596832075083173 1.6872747209822918
v -0.0120166931301355 0.0181000009179115 0.0018929324578494
vn -5.7557370758258264 -1.6248242459190321 1.9174415774456510
v -0.0120667163282633 0.0182988662272692 0.0019112852169201
vn -5.8322997394189970 1.2250743976876730 1.9851490621576309
v -0.0120697710663080 0.0043525239452720 0.0019124065292999
vn 2.2759866663122943 -5.7133989232174347 0.7727321507139278
v 0.0010654381476343 0.0179261211305857 0.0018697293708101
vn -5.8373149568789220 -0.7573245642371080 2.0575915222010099
v -0.0120795797556639 0.0183499995619059 0.0019160032970831
vn -5.8697022013847002 0.5685597724932627 2.0898159779443821
v -0.0120795797556639 0.0043000001460314 0.0019160032970831
vn 4.0221947283126491 -4.2766301424297559 1.9129048716508836
v 0.0013550572330132 0.0181428939104080 0.0020159226842225
vn 4.6897932110379692 -3.4614691206946135 2.3396345874317528
v 0.0015108935767785 0.0184041485190392 0.0020945856813341
vn 5.0634188318572981 -2.4276410088296321 2.5422724145375435
v 0.0015485712792724 0.0184673164039850 0.0021136051509529
vn 2.9592045743461934 3.3005497332455507 -0.7665303680963722
v -0.0071061197668314 0.0234999991953373 0.0026950032915920
vn 0.3770991051067112 6.2201305558015259 0.4997439505783844
v -0.0222214329987764 0.0234999991953373 0.0149675570428371
vn -0.5410223421425407 3.4932182668017737 -3.0454816885254523
v -0.0295041166245937 0.0234999991953373 0.0060308985412121
vn -3.9110680833179208 -1.1253171775785242 -2.3340100756125546
v -0.0129321254789829 0.0201922338455915 -0.0000489061931148
vn -3.3637710985470601 -1.2298156132074267 -4.6913340917503943
v -0.0201432835310698 0.0209664087742567 0.0025966670364141
vn -2.7194452273335887 -1.7771345896407769 -4.9277224566762747
v -0.0206496026366949 0.0213965009897947 0.0027824214193970
vn -1.9159851020220495 -1.9724693501765913 -5.2224899930492867
v -0.0212809760123491 0.0215499997138977 0.0030140548478812
vn -3.2695280229024131 -2.1690755917997260 -2.6146135170103983
v -0.0133660174906254 0.0209142137318850 0.0001102757159970
vn -2.2745917726031832 -2.8679145091857423 -2.9337798920621676
v -0.0140438219532371 0.0213763825595379 0.0003589429543354
vn -1.4025022009329347 -3.1170818499984989 -3.0203364042123151
v -0.0146937025710940 0.0215000007301569 0.0005973656661808
vn -0.2092032883227738 -2.9013307324172954 -3.6517791292004604
v -0.0172239746898413 0.0213902126997709 0.0015256536426023
vn -0.8961354083700303 -3.1203111730371234 -3.1906206828131425
v -0.0166104342788458 0.0215000007301569 0.0013005619402975
vn -4.8624845208030223 -0.2348019856122213 -1.2223537018315591
v -0.0107179246842861 0.0195000004023314 0.0056275296956301
vn -4.9210033033864082 0.0389065950894541 -1.3331584515696113
v -0.0107179246842861 -0.0024999999441206 0.0056275296956301
vn -5.8993117827408810 0.1861567694954830 2.1463237483164326
v -0.0119491945952177 0.0043249134905636 0.0022714033257216
vn -3.9102863126357552 1.1186672642536726 -2.3181662841427277
v -0.0129321254789829 -0.0031922343187034 -0.0000489061931148
vn -4.6033074749156970 1.0968571887774716 -1.1605664583278701
v -0.0108077861368656 -0.0031536645255983 0.0057014860212803
vn -4.8421498683643982 0.3510841388584032 -1.2067593298533481
v -0.0107199624180794 -0.0026000351645052 0.0056292433291674
vn 3.0835375920322106 -3.3310854269860339 -0.5225580176096318
v -0.0079146502539515 -0.0064999996684492 0.0011658596340567
vn 2.9443440294086054 -3.2851574847696337 -0.8346585793399333
v -0.0074323657900095 -0.0064999996684492 0.0029598902910948
vn -0.5410223785235141 -3.4932182840115713 -3.0454816751782818
v -0.0295041166245937 -0.0064999996684492 0.0060308985412121
vn -3.3637676950446798 1.2298179468033494 -4.6913369311991113
v -0.0201432835310698 -0.0039664092473686 0.0025966670364141
vn -3.7213392964024790 0.4389157074895569 -4.5601581746042417
v -0.0198622960597277 -0.0033449069596827 0.0024935805704445
vn -1.3992348165175175 3.1174845492771079 -3.0180259561022078
v -0.0146937025710940 -0.0045000002719462 0.0005973656661808
vn -2.2636306589050843 2.8725382732692930 -2.9202622145528063
v -0.0140438219532371 -0.0043763830326498 0.0003589429543354
vn -3.2630897981593376 2.1715726124438941 -2.5881863572660633
v -0.0133660174906254 -0.0039142132736742 0.0001102757159970
vn -1.9159860643849951 1.9724660209382088 -5.2224926161992844
v -0.0212809760123491 -0.0045500001870096 0.0030140548478812
vn -2.7194467049926239 1.7771291963485860 -4.9277258165921811
v -0.0206496026366949 -0.0043965014629066 0.0027824214193970
vn -0.2081232448698875 2.9014098798755921 -3.6501402902235425
v -0.0172239746898413 -0.0043902122415602 0.0015256536426023
vn -0.8964493216131090 3.1204411962859924 -3.1891633847680727
v -0.0166104342788458 -0.0045000002719462 0.0013005619402975
vn 5.5485034046277626 -1.1865032994350175 2.6966159432744670
v 0.0015987546648830 0.0187499336898327 0.0021389371249825
vn -4.6375464246760458 -0.9483037152059407 -1.1477686954053747
v -0.0107848308980465 0.0200662538409233 0.0056827589869499
vn -4.6237233569901344 -1.3746190214744027 -1.4507580683090417
v -0.0108315981924534 0.0201849639415741 0.0057206563651562
vn -4.5822738034548580 1.4820139990655585 -1.4878474239957193
v -0.0108234658837318 -0.0031894040293992 0.0057141799479723
vn -4.1488535704417595 1.9572403993682754 -1.3374001755662532
v -0.0110509060323238 -0.0037077679298818 0.0058982651680708
vn 1.7771268179204114 5.5628657953104170 -0.8558162570745115
v -0.0013965026009828 0.0203499998897314 0.0006725211860612
vn 4.9341411015150545 2.4136671140947206 -2.3761426801897576
v -0.0011262104380876 0.0200500003993511 0.0005423556431197
vn 2.7595145163968686 -3.5903908644648728 -1.3289042741847192
v -0.0011262104380876 0.0178500004112720 0.0005423556431197
vn -4.9341493537326002 2.4136540290968131 -2.3761529503438648
v 0.0011262118350714 0.0200500003993511 0.0005423543043435
vn -2.8640604876141373 3.5453513480450245 -1.1215027339708179
v 0.0016517944168299 0.0047999997623265 0.0005779882776551
vn 1.7771282972277358 -5.5628632010099670 -0.8558204778012506
v -0.0018469869391993 0.0000000004089676 0.0008894618367776
vn 5.2558070212291206 -2.1701201588458385 -1.1996096636605942
v -0.0016197480726987 0.0002999998978339 0.0005706737283617
vn -5.2558143856809867 -2.1701149281880823 -1.1996113872520422
v 0.0016197494696826 0.0002999998978339 0.0005706718075089
vn -1.7771410228071249 -5.5628516312541390 -0.8558276122119974
v 0.0018469848437235 0.0000000004089676 0.0008894596830942
vn 3.0762253079819928 -2.9388040485011095 -0.5488065752000189
v -0.0079146502539515 0.0000000004089675 0.0011658596340567
vn 0.6735559560112667 -3.6015457651518119 2.9838011209537254
v -0.0059025557711720 0.0000000004089675 0.0045617548748851
vn -4.0994787050106849 -2.1640228025868211 -1.6116711496722658
v -0.0112091526389122 0.0209021735936403 0.0060270768590271
vn -4.2350049028118191 -1.8258600502625217 -1.2876458574887826
v -0.0110116302967072 0.0206419415771961 0.0058665480464697
vn -4.0497737748180480 2.2375725418806711 -1.6906489817093502
v -0.0112108699977398 -0.0038987058214843 0.0060287346132100
vn -3.4598043762273663 2.6123848708389188 -1.6002394925551253
v -0.0113961733877659 -0.0041198912076652 0.0061798733659089
vn -3.5748445609143684 -2.5107601877693129 -1.5016395384063539
v -0.0113199576735497 0.0210481639951468 0.0061171338893473
vn -3.3685730190148946 -2.7378052920186668 -1.8666049824556727
v -0.0117911659181118 0.0213746875524521 0.0065018688328564
vn -3.3162937538126869 2.7966098584247496 -1.9542581980217377
v -0.0117948427796364 -0.0043658209033310 0.0065044728107750
vn -2.6049620875329231 3.0061332343954574 -1.9105420322354516
v -0.0118577629327774 -0.0044046337716281 0.0065557011403143
vn 3.4145271853823034 2.4136597002101725 -4.2816930390614418
v -0.0007793633267283 0.0200500003993511 0.0009772905614227
vn 1.9096384894891281 -3.5903979276127935 -2.3946132573767556
v -0.0007793633267283 0.0178500004112720 0.0009772905614227
vn -3.4145318952239849 2.4136557374950658 -4.2816902905623389
v 0.0007793614640832 0.0200500003993511 0.0009772896301001
vn -1.2298186205934889 5.5628560015805828 -1.5421400749977328
v 0.0009664084063843 0.0203499998897314 0.0012118375161663
vn -1.9096401532763303 -3.5903897733477086 -2.3946155761132388
v 0.0007793614640832 0.0178500004112720 0.0009772896301001
vn 4.9354871000289320 -2.3969946872270196 -2.3794604812894913
v -0.0015766947763041 0.0002999998978339 0.0007592982146889
vn -4.9355017668998800 -2.3969804486205044 -2.3794581298806854
v 0.0015766964061186 0.0002999998978339 0.0007592963520437
vn 2.0556151194201782 3.6157904606140931 -2.2527374259301647
v -0.0011806738330051 0.0047999997623265 0.0012917090207338
vn -2.0556266819453128 3.6157930390480550 -2.2527116576414103
v 0.0011806759284809 0.0047999997623265 0.0012917076237500
vn -2.0971761256822754 -3.1795868120682096 -2.2289491861532231
v -0.0123383915051818 0.0214998368173838 0.0069432435557246
vn -1.9821673328844016 -3.1869879310235567 -2.4324186047734657
v -0.0123593388125300 0.0215000007301569 0.0069602401927114
vn -2.6740369210136259 -2.9171169011601115 -1.8137823486027913
v -0.0117994397878647 0.0213804207742214 0.0065086227841675
vn -1.6791147821375492 -3.1238547614581602 -2.4284442837914626
v -0.0140349362045527 0.0215000007301569 0.0083207059651613
vn -2.0634293753659381 3.1447023408560004 -2.2625200517347510
v -0.0123593388125300 -0.0045000002719462 0.0069602401927114
vn -0.7209795233108286 3.6015511470653343 2.9726963337391874
v -0.0049907574430108 0.0203499998897314 0.0045690131373703
vn 1.2298123860227705 5.5628584376432570 -1.5421406895147227
v -0.0009664100361988 0.0203499998897314 0.0012118386803195
vn 2.8816654505040735 2.9175465397420357 -1.1901618544530790
v -0.0069817919284105 0.0203499998897314 0.0030024272855371
vn 4.2148664503496001 -2.1774723783355370 -3.3612317489722150
v -0.0011632133973762 0.0002999998978339 0.0012777857482433
vn -4.2148756442050441 -2.1774687767289165 -3.3612239426883121
v 0.0011632154928520 0.0002999998978339 0.0012777843512595
vn 1.2298096679851738 -5.5628636212639933 -1.5421348547775637
v -0.0012781532714143 0.0000000004089676 0.0016027558594942
vn -1.5998586643379078 -3.2771062791229246 2.6953320280452373
v -0.0041769449599087 0.0000000004089675 0.0049802735447884
vn 2.6005843692071022 -2.7637403938486322 1.6608612580770186
v 0.0054781199432909 0.0000000004089676 0.0034985987003893
vn -1.2298126524252051 -5.5628644726186556 -1.5421306638158203
v 0.0012781558325514 0.0000000004089676 0.0016027543460950
vn 1.5255511470513372 2.3699070596382166 -5.2545080587586179
v -0.0002781514776871 0.0200500003993511 0.0012186592211947
vn 0.6957065925912709 -3.5698047774857189 -2.9858950276173561
v -0.0002781514776871 0.0178500004112720 0.0012186592211947
vn -1.5255599993288291 2.3699072398769299 -5.2545066677238266
v 0.0002781535731629 0.0200500003993511 0.0012186588719487
vn -0.5573693881684245 5.5157801426824218 -1.9627595391262940
v 0.0003449072246440 0.0203499998897314 0.0015111388638616
vn -0.6957142678534721 -3.5698075517249839 -2.9858922633388163
v 0.0002781535731629 0.0178500004112720 0.0012186588719487
vn 2.8639060618801908 -2.9099548549011955 -1.2355595650440778
v -0.0073009892366827 0.0000000004089675 0.0032705643679947
vn 0.5573685727914183 5.5157785403224633 -1.9627619078277734
v -0.0003449047799222 0.0203499998897314 0.0015111393295228
vn -0.0000066532644155 2.3297391958844607 -5.4479563158174571
v 0.0000000010666700 0.0200500003993511 0.0012499999720603
vn -0.0000034915857829 5.4686874423748595 -2.1026986687428098
v 0.0000000012425672 0.0203499998897314 0.0015499994624406
vn 3.4130333201452645 -2.4044415421959688 -4.2847705045362714
v -0.0010911065619439 0.0002999998978339 0.0013682058779523
vn -3.4130408161743810 -2.4044417269488703 -4.2847647004937208
v 0.0010911088902503 0.0002999998978339 0.0013682045973837
vn 1.1148612613006617 3.3865536046044640 -2.9111059523754506
v -0.0004275949322619 0.0047999997623265 0.0016969568096101
vn 0.6218227671580890 6.2208531807249354 -0.0323700045152316
v 0.0007302067242563 0.0047999909147620 0.0018189202528447
vn 0.1403571044600530 6.2731646541629402 -0.1569852795473722
v 0.0007238103426062 0.0047999992966652 0.0016972820740193
vn -1.1189645615745598 3.3854882468565841 -2.9100674222821379
v 0.0004275976098143 0.0047999997623265 0.0016969563439488
vn -0.9269227527635093 -2.9389353146595716 -2.5407358721646456
v -0.0144512262195349 0.0214353259652853 0.0086587034165859
vn -1.0960660626956777 3.0104178275594422 -2.5283212285864520
v -0.0143663529306650 -0.0044589103199542 0.0085883531719446
vn -1.7374552284454212 3.1295435751164238 -2.4318298630468909
v -0.0140349362045527 -0.0045000002719462 0.0083207059651613
vn 2.3391774966231598 -2.1872390183403909 -4.8570973144516669
v -0.0004239888512529 0.0002999998978339 0.0016894708387554
vn -2.2665261459687009 -2.2970671039259227 -4.8876384646239872
v 0.0004239915288053 0.0002999998978339 0.0016894703730941
vn -0.1320837662393030 -2.4883112682327408 -2.8095093613184896
v -0.0149582978338003 0.0211535710841417 0.0090704085305333
vn 0.7311328923450346 -2.2741802885760278 -4.0324284740968048
v -0.0178761165589094 0.0209773052483797 0.0017649070359766
vn -0.7611048158211517 -2.8601750951933305 -2.8948454867422599
v -0.0145643148571253 0.0213724877685308 0.0087505225092173
vn -3.7213356764048351 -0.4389178495908317 -4.5601608705131174
v -0.0198622960597277 0.0203449074178934 0.0024935805704445
vn 0.7316598551951341 2.2728690725492791 -4.0342156410724117
v -0.0178761165589094 -0.0039773057214916 0.0017649051733315
vn -0.9570557451545765 2.9518615626367284 -2.8258097238493844
v -0.0145653728395700 -0.0043690693564713 0.0087496060878038
vn -0.3126474607594663 2.6289509725815270 -2.7541401825578151
v -0.0148323718458414 -0.0042485422454774 0.0089659383520484
vn 0.5573743158481937 -5.5157785314404757 -1.9627604678724173
v -0.0004561677342281 0.0000000004089676 0.0019986028783023
vn -1.3855687957312792 -2.8582045285420437 2.7844159174517413
v -0.0031673051416874 0.0000000004089675 0.0056761046871543
vn 1.8044023420750017 -2.7637395704627372 2.5031240218623898
v 0.0038009656127542 0.0000000004089676 0.0052728233858943
vn -0.5573743779991460 -5.5157800656365028 -1.9627584956837401
v 0.0004561707610264 0.0000000004089676 0.0019986024126410
vn 1.5234851064416819 -2.3678675358032049 -5.2553400811095905
v -0.0003894107067026 0.0002999998978339 0.0017061247490346
vn -1.5722358141096082 -2.5332936751236259 -5.2182084126881332
v 0.0003894133842550 0.0002999998978339 0.0017061242833734
vn -0.6667407863793869 3.1924464292493688 -3.5638366249446132
v 0.0004217377281748 0.0047999997623265 0.0016984222456813
vn 0.4859708188909013 3.2718690092513460 -3.6731779317323832
v -0.0004089163267054 0.0047999997623265 0.0017015538178384
vn -0.0971131794297524 3.3484431669532180 -3.7399032731497166
v 0.0001387162628816 0.0048005129210651 0.0017444930272177
vn 0.6741465139079414 -6.1661366536550855 -0.7920682602349347
v 0.0005061455303803 0.0178293827921152 0.0019843177869916
vn 0.6199460108542516 6.1793545013945588 -0.5414169880661688
v 0.0006585097871721 0.0048140953294933 0.0017833922756836
vn 0.4606435886801046 6.1547514731645947 -0.9980325163903598
v 0.0003516653086990 0.0048803314566612 0.0021880110725760
vn -0.0201283071519047 -2.3615622198941999 -5.4452291506018549
v 0.0000000013598321 0.0002999998978339 0.0017499991226941
vn 0.9521745364858610 5.8839588027391132 -1.9031383170315401
v 0.0001973452599486 0.0049328398890793 0.0023915031924844
vn -0.6920534258502968 6.0927080525709725 -1.1732293889976373
v -0.0114440601319075 0.0048333411104977 0.0021066446788609
vn -0.8791827529248816 5.7647045157759829 -2.1538841350539526
v -0.0114309284836054 0.0048461393453181 0.0021353294141591
vn -0.0000028874700191 -5.4686935655373423 -2.1026916392204154
v 0.0000000015357304 0.0000000004089676 0.0020500004757196
vn 0.8861817162170530 -5.8831452913199751 -1.7154429156497835
v 0.0004080214421265 0.0177767053246498 0.0021137138828635
vn -1.3507337853856105 -5.8613301480217821 -0.9593186873419055
v -0.0114991124719381 0.0177842676639557 0.0019863867200911
vn -2.7716255418819848 -5.6264442827329795 0.0440342501626412
v -0.0116684269160032 0.0178612191230059 0.0020649717189372
vn 0.8314224511898601 5.8985445585408094 -1.4268407123770928
v 0.0002374628820689 0.0049049830995500 0.0023386003449559
vn -3.7213363624557276 -0.4389170155437345 -4.5601606511192720
v -0.0198622960597277 -0.0026550921611488 0.0024935805704445
vn 1.4137932314435209 1.3268778286792269 -4.2484614693879585
v -0.0183216277509928 -0.0033232211135328 0.0019283525180072
vn -0.1681841382949407 2.4634824287637946 -3.1079840390267028
v -0.0151310767978430 -0.0039610979147255 0.0092099374160171
vn 0.3528756221648913 1.9849160473139502 -2.9690246699665543
v -0.0152448210865259 -0.0038516423664987 0.0093028517439961
vn 0.4526977044795899 -1.8646504055764421 -3.0466447309591538
v -0.0153186675161123 0.0207459740340710 0.0093630021438003
vn 1.4154693293699161 -1.3265766652461461 -4.2455153195931015
v -0.0183216277509928 0.0203232206404209 0.0019283525180072
vn 0.0217755275574024 -2.3039902780139605 -3.1829600255966826
v -0.0151286851614714 0.0209608543664217 0.0092087509110570
vn -3.7213364929861159 0.4389162990066351 -4.5601602928741523
v -0.0198622960597277 0.0196550916880369 0.0024935805704445
vn 0.7922968423030357 6.1718804171683130 -0.2008263897044205
v 0.0007534043397754 0.0047999592497945 0.0022600318770856
vn -2.3041903179788297 5.7657009200612697 -0.4505582049651830
v -0.0116044003516436 0.0048166150227189 0.0022064731456339
vn -3.9801653694104879 4.7413376120076709 0.5245882752224257
v -0.0117445383220911 0.0047355601564050 0.0022742215078324
vn -4.0475675145092440 -4.6458355312880002 0.7693413006877758
v -0.0118083972483873 0.0179467871785164 0.0021272960584611
vn -5.2340935746778836 -3.0356661188026521 1.3411944986464219
v -0.0119126792997122 0.0180856529623270 0.0021833654027432
vn 2.1836497824186432 -5.8336234465382804 -0.2145914305886868
v 0.0007347220671363 0.0178394839167595 0.0022961467038840
vn 3.7835717873527694 -4.8312647825278336 0.9358701434179676
v 0.0010020601330325 0.0179922692477703 0.0024640453048050
vn -5.7804109949055897 -1.7819678601682267 1.6946306942624565
v -0.0119609329849482 0.0182547513395548 0.0022227584850043
vn -4.7809082688672078 3.9462502814928002 1.0050821493326567
v -0.0118489246815443 0.0046009346842766 0.0023396543692797
vn -5.8482610879555086 1.5179951326631815 1.5291190043694987
v -0.0117258224636316 0.0046066893264651 0.0028383401222527
vn -5.8498205184785661 -0.8486925653373477 1.9403504587763956
v -0.0119674261659384 0.0182758793234825 0.0022217079531401
vn 0.8409023941125158 -1.1235547529580407 -3.1721129183667247
v -0.0155471246689558 0.0202797278761864 0.0095484936609864
vn 1.7676026276809307 -0.7960574394074409 -4.0054090394388906
v -0.0184786487370729 0.0197000000625849 0.0019859585445374
vn 0.5512218114132398 -1.6107597367653723 -3.3698387518126207
v -0.0155270751565695 0.0203206427395344 0.0095322160050273
vn 1.7663733469658505 0.7947621176118927 -4.0096869334744252
v -0.0184786487370729 -0.0027000005356967 0.0019859585445374
vn 0.4925792997955605 1.7292918379071103 -3.3498887397971320
v -0.0155303012579679 -0.0033225906081498 0.0095340060070157
vn 0.8328793598350075 1.1948148598101398 -3.1416052258535303
v -0.0155335385352373 -0.0033165891654789 0.0095366267487407
vn 0.8906918288271454 -0.7478005643935594 -3.4765675312799704
v -0.0156681220978498 0.0197000000625849 0.0096467370167375
vn 1.6658012187286724 -1.3233583634749597 -3.5452984596869039
v -0.0186884384602308 0.0188277773559093 0.0020629251375794
vn 1.6645946075868967 1.3164104875632094 -3.5661358634424589
v -0.0186884384602308 -0.0018277778290212 0.0020629251375794
vn 0.6580502776033835 1.1371593510842186 -3.6713495450975313
v -0.0158115606755018 -0.0019460651092231 0.0097631970420480
vn 0.8325872031206394 0.7343585881115869 -3.4078086155571738
v -0.0156681220978498 -0.0026999996043742 0.0096467370167375
vn -1.3882226372279245 -5.8435761739506500 -0.9478281657521561
v -0.0113309416919947 0.0176847334951162 0.0023537317756563
vn -2.9472733272339107 -5.4927805437729926 -0.6471422073220798
v -0.0114995036274195 0.0177646856755018 0.0024375137872994
vn 0.0962844029738560 -2.9526666768945793 3.1261040208430586
v 0.0000245091050601 0.0000000004089676 0.0064999544993043
vn -0.5941627906329557 -2.8854670110904044 3.0586450206784281
v -0.0008498202660121 0.0000000004089676 0.0064442083239555
vn 0.8591273862618678 -2.8311832749616110 2.9825598832247096
v 0.0015875626122579 0.0000000004089676 0.0063031464815140
vn -3.3637659675813953 1.2298177559818815 -4.6913379699797089
v -0.0201432835310698 0.0190335903316736 0.0025966670364141
vn 0.9318936076402984 -2.3331187253950967 -3.1888709591243116
v -0.0194630939513445 0.0177085995674133 0.0023471242748201
vn 0.6395920974796707 -1.1629475565782477 -3.6790470890291394
v -0.0158140677958727 0.0189407039433718 0.0097663206979632
vn 0.5892180998101705 -1.5201416664446115 -3.4136851673303448
v -0.0158613342791796 0.0188344419002533 0.0098046613857150
vn 0.9237193970112305 2.3375683916807537 -3.2167984558632607
v -0.0194630939513445 -0.0007086000987329 0.0023471242748201
vn 0.3086256629526548 1.8376318446139099 -3.5234701604177969
v -0.0160863976925611 -0.0013059549964964 0.0099863456562161
vn 0.6349581781633706 1.4556735930753033 -3.3936006515877510
v -0.0158600937575102 -0.0018330295570195 0.0098026031628251
vn -3.7229787718632168 -5.0245859395062880 -0.3483753531571340
v -0.0116400923579931 0.0178375858813524 0.0025131297297776
vn 5.5160319834699028 -1.4505737039753661 2.5075636171447466
v 0.0012952258111909 0.0185879524797201 0.0027405195869505
vn 4.9537812487070223 -3.2493187587967616 1.7942607362026364
v 0.0012026187032461 0.0182559397071600 0.0026221559382975
vn 0.8505062306383326 -5.8766127865556959 -1.7587787370277872
v 0.0002139451389667 0.0176725182682276 0.0023696394637227
vn -1.2527623493719919 -5.8692209532798421 -1.2824063790038662
v -0.0113012846559286 0.0176671799272299 0.0024185164365917
vn -1.1819898721743853 5.7150152243330394 -1.8677602626057486
v -0.0113015566021204 0.0049722194671631 0.0024179148022085
vn 5.6168917422149081 -0.4436029652204644 2.7432957317573319
v 0.0015357004012913 0.0188457462936640 0.0023080243263394
vn -5.9086344921472396 -1.5345291115479109 1.2620601372305686
v -0.0116364452987909 0.0179113093763590 0.0030691367574036
vn -5.3119048760094971 -3.2320970742457029 0.0827966566208534
v -0.0115877743810415 0.0177681650966406 0.0029710759408772
vn 2.1149119488382269 5.6195745049309895 -1.6535379118152429
v 0.0003838931152131 0.0050092162564397 0.0027425577864051
vn 2.0435849624562419 5.8654101626929531 -0.7004207484886380
v 0.0006744953570887 0.0048351832665503 0.0023602924775332
vn -2.8300668760835785 5.4777422445679917 -1.1566643014958120
v -0.0114313494414091 0.0049465205520391 0.0025870804674923
vn -5.9276597717404034 -0.3280367406159756 2.0246046919022671
v -0.0116600077599287 0.0180727131664753 0.0030596540309489
vn 1.2123362017588817 6.0390242878708804 -0.0633170251160336
v 0.0007613654015586 0.0047999480739236 0.0024114071857184
vn -5.9116403951101537 0.4222243945802968 2.0392776351527564
v -0.0117258559912443 0.0045116301625967 0.0028801658190787
vn -3.9821516092829405 4.7401808547250415 -0.5181923792488928
v -0.0115723628550768 0.0048793740570545 0.0026671127416193
vn 2.3354946794181961 -5.6725102994464054 -1.2009711875774158
v 0.0004290994838811 0.0176695957779884 0.0026998752728105
vn 5.6142230573163960 -0.3520590278292026 2.7763174377517519
v 0.0012975950958207 0.0187605973333120 0.0027797245420516
vn -5.2608536636964640 3.2565376202001119 0.4950989481194548
v -0.0116773489862680 0.0047595524229109 0.0027561285533011
vn -2.7194450332766542 1.7771282816518865 -4.9277275807101342
v -0.0206496026366949 0.0186034981161356 0.0027824214193970
vn -0.1254722282785918 -2.9623585521319136 -2.9234017902628815
v -0.0206282753497362 0.0170816704630852 0.0027745964471251
vn 0.0902112371436978 -2.2036628567086676 -3.2926734488423293
v -0.0165301468223333 0.0177103057503700 0.0103468392044306
vn 0.2469844635886536 -1.8890303407372129 -3.5527752423942274
v -0.0161314811557531 0.0182270966470242 0.0100238015875220
vn -3.3637696522765190 -1.2298151765880765 -4.6913356466816287
v -0.0201432835310698 -0.0020335908047855 0.0025966670364141
vn -0.1362834513443258 2.9661161339088871 -2.9396528124312624
v -0.0206282753497362 -0.0000816709944047 0.0027745964471251
vn -0.3076969409179487 2.5893884149567148 -3.0483286649571237
v -0.0165338981896639 -0.0007175696664490 0.0103496834635735
vn -0.1993147813987702 2.4080516469354776 -3.3428382304321484
v -0.0164699573069811 -0.0007710881181993 0.0102977678179741
vn -0.8715622041462808 2.8476493036881223 -3.1035018049097993
v -0.0170001797378063 -0.0003272859030403 0.0107282716780901
vn 1.3994163763440770 5.9527662400214592 -0.0123427540002337
v 0.0007789601222612 0.0047999243251979 0.0027459885459393
vn 0.8240132141329857 -5.8780197597965982 -1.7680873612938739
v 0.0001034568485920 0.0176132023334503 0.0025153432507068
vn -0.6882680555637738 -5.5750856530892179 -2.5927055262306462
v -0.0111494269222021 0.0175773017108440 0.0027502255979925
vn -0.9482872250015979 5.7059288100634378 -2.2284126600643512
v -0.0111119877547026 0.0051569710485637 0.0028320031706244
vn -0.3613974405354453 4.8291576746808476 -3.7838590506415097
v -0.0110531505197287 0.0052143135108054 0.0029605275485665
vn -1.3446154934223762 5.6360514526201371 -1.8990448533936610
v -0.0112643409520388 0.0050084902904928 0.0024992099497467
vn 0.6893113088727418 5.6748720917581252 -2.4654450108119979
v 0.0000610146453255 0.0050275023095310 0.0025712766218930
vn -2.2477798802350453 -5.4236229906252831 -2.0521440446211283
v -0.0113405454903841 0.0175991728901863 0.0027856884989887
vn -4.0828510569980043 -4.5220954390718680 -1.2714604202240829
v -0.0114822816103697 0.0176581460982561 0.0028707296587527
vn 3.8033120208538786 -4.8951630525306955 -0.3014564415613095
v 0.0007001368212514 0.0177859030663967 0.0028896543662995
vn -5.8421366322702912 1.2243639716543018 -0.4252679880320810
v -0.0200335513800383 0.0197218488901854 0.0028759611304849
vn -5.8435509966252397 -1.2336752423482316 -0.4425335992730129
v -0.0200335513800383 0.0202781520783901 0.0028759611304849
vn -5.3270792078784304 -2.3296141969336825 -0.4052017707870930
v -0.0200447198003531 0.0203028507530689 0.0028800589498132
vn -4.8505028290435215 3.4204359324229889 -0.8161589230638533
v -0.0202601533383131 0.0192206371575594 0.0029590949416161
vn -5.3174818026345507 2.3392171084410625 -0.3921211644757591
v -0.0200447198003531 0.0196971502155066 0.0028800589498132
vn -5.8421439935757444 1.2243236135514741 -0.4252588760325838
v -0.0200335513800383 -0.0032781506888568 0.0028759611304849
vn -5.8435580685867237 -1.2336324470715934 -0.4425256159404717
v -0.0200335513800383 -0.0027218484319746 0.0028759611304849
vn -5.3271013899908217 -2.3295831955318360 -0.4052028997935234
v -0.0200447198003531 -0.0026971488259733 0.0028800589498132
vn -4.8505162404338096 3.4204170773308915 -0.8161491003946248
v -0.0202601533383131 -0.0037793624214828 0.0029590949416161
vn -5.3175057574948603 2.3391891264288676 -0.3921194048395708
v -0.0200447198003531 -0.0033028502948582 0.0028800589498132
vn 0.5940724821717771 -5.4641595553581146 -2.9644475755545976
v -0.0001743154862197 0.0174640808254480 0.0028816417325288
vn 0.6053722862188702 5.1899874173712988 -3.4227932136428860
v -0.0001921707880683 0.0052033010870218 0.0029051371384412
vn -2.4941189221021380 5.1963046543106222 -2.4058738009452409
v -0.0112847816199064 0.0051295282319188 0.0029072707984596
vn -4.8498070391148840 -3.4223207137436966 -0.8210226338047836
v -0.0202601533383131 0.0207793619483709 0.0029590949416161
vn -3.9305036203609212 -4.2046227045733069 -0.9178442594414538
v -0.0203207861632109 0.0208308678120375 0.0029813405126333
vn -3.0566341337391765 4.9372807755552630 -1.4758473466512361
v -0.0206684786826372 0.0188737884163857 0.0031088984105736
vn -3.9267861194821965 4.2070168808065098 -0.9161789275719832
v -0.0203207861632109 0.0191691331565380 0.0029813405126333
vn -2.7194449275416885 -1.7771328014368679 -4.9277242425975860
v -0.0206496026366949 -0.0016034985892475 0.0027824214193970
vn -4.8497930884584735 -3.4223406558932106 -0.8210318281693662
v -0.0202601533383131 -0.0022206376306713 0.0029590949416161
vn -3.9304859134860277 -4.2046298249063900 -0.9178461092022419
v -0.0203207861632109 -0.0021691326983273 0.0029813405126333
vn -3.0566467168257150 4.9372744519510539 -1.4758381450929816
v -0.0206684786826372 -0.0041262111626565 0.0031088984105736
vn -3.9268032797574790 4.2070114208066727 -0.9161760582922944
v -0.0203207861632109 -0.0038308673538268 0.0029813405126333
vn 5.0348750392891235 -3.4763254198314115 0.9626421674831458
v 0.0009035862167366 0.0180119071155787 0.0030952736269683
vn -3.7493805948271013 4.6867717863937921 -1.7839947675147938
v -0.0114270541816950 0.0050758398137987 0.0029948768205941
vn 3.2027254603426831 3.0939626380316052 -0.8510213960576518
v -0.0069752652198076 0.0234483294188976 0.0029996109660715
vn 2.0810837411077263 -5.1474348004564172 -2.7763668916762727
v 0.0001625849690754 0.0174315404146910 0.0030439973343164
vn 5.6042557302411131 -1.7684263979690149 2.0084496348079237
v 0.0009976908331737 0.0183119922876358 0.0032794368453324
vn 2.0387188138766330 5.0751120883920047 -2.9703431130727931
v 0.0001335873093922 0.0052416413091123 0.0030648440588266
vn 1.6308862558148705 5.8196715975307640 -0.0719197098965536
v 0.0007776749553159 0.0047999224625528 0.0027637563180178
vn 3.7847909202901855 4.8883392720401382 -0.5635259220695803
v 0.0006571953999810 0.0049006249755621 0.0029335699509829
vn 3.9308019660106410 4.5410120381541894 -1.6028566880804425
v 0.0004122465907130 0.0051656016148627 0.0032636905089021
vn -1.3981018924773654 -4.5502706053210167 -3.8109167762264655
v -0.0110488291829824 0.0173639673739672 0.0029699599836022
vn -1.8599675863423677 -4.9054076259983539 -3.2867498643530233
v -0.0112127978354692 0.0173993315547705 0.0030637590680271
vn -5.3547584710024481 3.0040976069870808 -0.9411171447889461
v -0.0114050107076764 0.0052439030259848 0.0034040347672999
vn 2.1377839832906278 5.4381303865774484 0.1553063078110351
v 0.0007569848094136 0.0047998940572143 0.0030495158862323
vn -1.9159856256167114 1.9724638103518231 -5.2224957533699028
v -0.0212809760123491 0.0184499993920326 0.0030140548478812
vn -1.0015440519738172 -3.1186298995852884 -2.7092656002607081
v -0.0212809760123491 0.0170000009238720 0.0030140548478812
vn -0.3329385109145359 -2.4773925439543119 -3.4103325249634242
v -0.0165418889373541 0.0176950823515654 0.0103563554584980
vn -0.9975209106951168 -2.8927866645308398 -3.0766965251878582
v -0.0171039700508118 0.0172655731439590 0.0108165256679058
vn -1.1579123529081805 -3.0168578754460658 -2.7597469818713773
v -0.0175520703196526 0.0171038769185543 0.0111785382032394
vn -1.0085296504161849 3.1185560742959217 -2.7057080519436427
v -0.0212809760123491 0.0000000004089673 0.0030140548478812
vn -1.0091913652469513 2.9676344539367148 -2.7902859714147592
v -0.0175512805581093 -0.0000939802848734 0.0111757274717093
vn -1.5992695407706996 3.0817937927188548 -2.8341831211979209
v -0.0176423452794552 -0.0000554291182198 0.0112496651709080
vn 5.6254252231728650 -0.3627470975455238 2.7497595885614960
v 0.0011614060495049 0.0187118947505951 0.0030495249666274
vn -1.9090483148010853 -5.2510063999569763 -1.6618148794669434
v -0.0207949634641409 0.0211569629609585 0.0031553024891764
vn -3.0543713920924591 -4.9384766306859387 -1.4812126444895735
v -0.0206684786826372 0.0211262106895447 0.0031088984105736
vn -1.9042874672931884 5.2518085475225122 -1.6580751515741765
v -0.0207949634641409 0.0188430380076170 0.0031553024891764
vn -1.9159846822284750 -1.9724661735697400 -5.2224931232737895
v -0.0212809760123491 -0.0014499998651445 0.0030140548478812
vn -1.9090331440263195 -5.2510050884340691 -1.6618192563693992
v -0.0207949634641409 -0.0018430375494063 0.0031553024891764
vn -3.0543598111371395 -4.9384829060470139 -1.4812204403946270
v -0.0206684786826372 -0.0018737888894975 0.0031088984105736
vn -1.9043027301269619 5.2518098461446003 -1.6580706129833955
v -0.0207949634641409 -0.0041569625027478 0.0031553024891764
vn -4.0846384847972299 -3.6786659739273619 -2.8965448078039557
v -0.0112454984337091 0.0171885173767805 0.0033991339150816
vn -5.9301970806648638 0.3201014045992136 2.0207513553234713
v -0.0116826798766851 0.0045477282255888 0.0029978570528328
vn -5.9890048012539596 1.5068659375244953 0.7064329222500617
v -0.0114542962983251 0.0051287594251335 0.0035336059518158
vn -5.4427021103733511 -2.7605913220425897 -1.2109977039072033
v -0.0113530503585935 0.0172641668468714 0.0035256748087704
vn -4.7341003838839795 0.0714750217948356 -1.0087401011000521
v -0.0170923024415970 0.0199703983962536 0.0108030792325735
vn -4.8505712767112561 0.7065440306413927 -1.3698577938905176
v -0.0171424672007561 0.0196999479085207 0.0108441878110170
vn -4.7332894643379353 0.0719977049328352 -1.0093998993500215
v -0.0170923024415970 -0.0030296011827886 0.0108030792325735
vn -4.8476235406313934 0.7075049181396456 -1.3722508539689511
v -0.0171424672007561 -0.0033000526018441 0.0108441878110170
vn -4.8691936986662370 -0.5727374413622517 -1.3594369212144843
v -0.0171412639319897 0.0203013978898525 0.0108432881534100
vn -4.8707769917983406 -0.5733192565378179 -1.3581554694782896
v -0.0171412639319897 -0.0026986026205122 0.0108432881534100
vn 0.4332949060266164 -4.8336037057482679 -3.9652886692019069
v -0.0003512293915264 0.0172635111957788 0.0031149345450103
vn -1.3231762038341501 -4.5725504771394041 -3.8529753314485484
v -0.0109822507947683 0.0172227639704943 0.0031153971794993
vn 3.8808206938139729 -4.6198113212987231 -1.4686011452797780
v 0.0004390537797008 0.0175131224095821 0.0032437751069665
vn -1.1115772384168867 4.2028781534001833 -4.3546125900613903
v -0.0109880920499563 0.0053905192762613 0.0031026361975819
vn 0.6540534512483527 4.5464244148454558 -4.2239388799242326
v -0.0003435366670601 0.0054092360660434 0.0031047347001731
vn -2.8657838313920521 4.5034102703208223 -3.2871067533363592
v -0.0111541803926229 0.0053690779022872 0.0031908100936562
vn 2.4279081915600642 5.1273993946896050 -0.0503799256524614
v 0.0007401727489196 0.0047998707741499 0.0032817579340190
vn -4.4695209631359365 -1.2180244968838829 -1.0820542240693443
v -0.0171654783189297 0.0204651001840830 0.0108631737530231
vn -4.4261081709158319 1.3554377792780945 -1.1033056687188085
v -0.0171817280352116 0.0194882750511169 0.0108763631433249
vn -4.4695224072656394 -1.2180227149373777 -1.0820548129967777
v -0.0171654783189297 -0.0025349003262818 0.0108631737530231
vn -4.4182324019603261 1.3498760462745492 -1.1096632089127911
v -0.0171817280352116 -0.0035117245279253 0.0108763631433249
vn 0.3683739472771220 -6.2225873476950238 0.4910866328215521
v -0.0222214329987764 -0.0064999996684492 0.0149675570428371
vn 3.1654552264707769 -3.1041441471137454 -0.9116938813384657
v -0.0072957552038133 -0.0064512505196035 0.0032682267483324
vn -2.9523759804592342 -4.0548292909957109 -3.7342761308728223
v -0.0111009012907743 0.0171536821871996 0.0033059867564589
vn -6.0249780827629920 -1.6040048498731760 0.3435822237843019
v -0.0114025669172406 0.0173685383051634 0.0036639855243266
vn -4.4205116315013404 -1.7508599500872581 -1.5104113758554454
v -0.0173675119876862 0.0208378024399281 0.0110265966504812
vn -4.3486930622484001 1.8575458260919646 -1.5451434021897972
v -0.0173724219202995 0.0191671028733253 0.0110307559370995
vn -4.4297399795278114 -1.7589969848312437 -1.5028483303371165
v -0.0173675119876862 -0.0021621971391141 0.0110265966504812
vn -4.3494070808311927 1.8571477160117134 -1.5445632819404658
v -0.0173724219202995 -0.0038328976370394 0.0110307559370995
vn -4.0510432887452961 4.0582122372499621 -2.4017069264496289
v -0.0112980138510466 0.0053285397589207 0.0032828303519636
vn -5.9622169702252474 0.3833515346866452 1.8841395510951398
v -0.0114802429452538 0.0049120504409075 0.0035496414639056
vn 3.1391665021410371 3.0583743017952258 -0.4536215296163048
v -0.0068470737896860 0.0233977101743221 0.0032980139367282
vn 3.6760602468834094 2.8096532219026153 -0.3302236011913420
v -0.0068201064132154 0.0233681816607714 0.0033489535562694
vn 3.6415342269360793 2.6152442828343041 0.0961259928268920
v -0.0065775448456407 0.0231025777757168 0.0038071325980127
vn 4.1000279076528487 2.2849356162937062 0.1437506946531136
v -0.0064706103876233 0.0228984989225864 0.0039802058599889
vn 4.0364167230801167 1.9278199761372459 0.5379292638041997
v -0.0063551822677255 0.0226782076060772 0.0041670268401504
vn 4.4461598049627975 1.5187902217004057 0.5512094221040792
v -0.0062135765329003 0.0221871081739664 0.0043743466958404
vn 4.2984392190511178 1.0393816112254202 0.8619770283870507
v -0.0061927260830998 0.0221147872507572 0.0044048754498363
vn 4.5555779281729034 0.2763384489792529 0.9360469267004350
v -0.0061363698914647 0.0215000007301569 0.0044838553294539
vn 2.3543821219423080 4.5490013481981295 0.4408969127698453
v -0.0061363698914647 0.0203499998897314 0.0044838553294539
vn -1.1125247238280784 -1.7771319780414960 -5.5172517307466293
v -0.0219123456627131 0.0213965009897947 0.0032456861808896
vn -0.8290767517475344 -5.4774444500747066 -2.2597258599938477
v -0.0211776476353407 0.0212500002235174 0.0032956977374852
vn 0.3732748421858036 -5.2558857980868172 -2.4655737117975449
v -0.0215603318065405 0.0211569629609585 0.0034360948484391
vn -1.1125345063540593 1.7771319249803279 -5.5172514936997787
v -0.0219123456627131 0.0186034981161356 0.0032456861808896
vn 0.3730776485464782 5.2559130644006249 -2.4656399629423147
v -0.0215603318065405 0.0188430380076170 0.0034360948484391
vn -0.8288749254367189 5.4774386619982973 -2.2598028089593196
v -0.0211776476353407 0.0187500007450581 0.0032956977374852
vn -1.7818759767043815 -2.9669466283923298 -2.3182015368506441
v -0.0219336729496717 0.0170816704630852 0.0032535111531615
vn -1.6597915204357223 -3.0956744059223311 -2.8028428217928631
v -0.0177434161305428 0.0170348305255175 0.0113331247121096
vn -1.7765774875884204 2.9672402721937217 -2.3143436881044686
v -0.0219336729496717 -0.0000816709944047 0.0032535111531615
vn -1.1125291703147890 -1.7771350432428243 -5.5172517754090435
v -0.0219123456627131 -0.0016034985892475 0.0032456861808896
vn -0.8290780835302887 -5.4774411887728993 -2.2597294991966859
v -0.0211776476353407 -0.0017500002868474 0.0032956977374852
vn 0.3732602083226195 -5.2558844762567452 -2.4655663556277627
v -0.0215603318065405 -0.0018430375494063 0.0034360948484391
vn -1.1125264371320780 1.7771303692484846 -5.5172527781331118
v -0.0219123456627131 -0.0043965014629066 0.0032456861808896
vn 0.3730922750091558 5.2559143908035191 -2.4656472833532370
v -0.0215603318065405 -0.0041569625027478 0.0034360948484391
vn -0.8288734441321748 5.4774419460410275 -2.2597990561190722
v -0.0211776476353407 -0.0042499997653067 0.0032956977374852
vn 2.2701097697786445 -4.3215745620641446 -3.8653092624785468
v -0.0000686399071128 0.0171260964125395 0.0033358272630721
vn 5.6602832089109727 -0.4655272776016177 2.6394532921168476
v 0.0009913914836943 0.0185543671250343 0.0033863377757370
vn -5.9722074123206141 -0.3967458962834949 1.8400883311636482
v -0.0116366688162088 0.0180164445191622 0.0031232726760209
vn 2.1112287426771501 4.4090483080916441 -3.8688391650712743
v -0.0000840067295940 0.0055344779975712 0.0033391558099538
vn 3.9149774252895080 4.0597880728507718 -2.6372527165013167
v 0.0002011457254412 0.0054871663451195 0.0035377060994506
vn -5.9720957173269440 -0.6404853227945186 1.6498031280957437
v -0.0114032821729779 0.0174537971615791 0.0037594144232571
vn 5.1406594519046989 -3.4642751204875246 0.0224742320561241
v 0.0006466829800047 0.0176969394087791 0.0034842907916754
vn -1.3247559901780017 4.0536578544706883 -4.3923232734830364
v -0.0109768565744162 0.0054209469817579 0.0031271746847779
vn -1.3824417474346427 4.0358098878265611 -4.3712606830549126
v -0.0108847115188837 0.0056705223396420 0.0033284556120634
vn -0.7441092179012907 2.7129502308275644 -5.5115202702579937
v -0.0107845896854997 0.0059416946023703 0.0035471543669701
vn 0.6481511821745023 4.5612860949748359 -4.2145457924163683
v -0.0004179567331448 0.0055104857310653 0.0032028700225055
vn -3.7506985279846861 -2.3283981978406110 -1.3325266034136645
v -0.0173924900591373 0.0208838842809200 0.0110468007624149
vn -3.6790066811117428 2.3841517685389153 -1.3882238434642535
v -0.0174256712198257 0.0190774202346802 0.0110738668590784
vn -3.7507018681997182 -2.3284053115492780 -1.3325381208397815
v -0.0173924900591373 -0.0021161162294447 0.0110468007624149
vn -3.6775287236357217 2.3836483890631812 -1.3894274402861111
v -0.0174256712198257 -0.0039225802756846 0.0110738668590784
vn 0.5140457229708495 -4.4392599203530843 -4.3742639936245364
v -0.0003582664649002 0.0172555316239595 0.0031242161057889
vn 0.8280330476464267 -3.6962830091411387 -4.9331887741870331
v -0.0004097536439076 0.0171533841639757 0.0031921095214784
vn 0.8159372750665284 -3.6906185621115801 -4.9421903141112331
v -0.0005649677477777 0.0168454367667437 0.0033967937342823
vn 0.6780659922990367 -2.5309707370651839 -5.6314529240726063
v -0.0006822062423453 0.0166128370910883 0.0035513953771442
vn -1.2428712956465782 -4.4484696336173837 -4.0799097834309910
v -0.0109351631253958 0.0171229075640440 0.0032182484865189
vn -2.9062334213230896 3.8487966717535347 -4.0060506265809881
v -0.0110489437356591 0.0056443316861987 0.0034180118236691
vn -2.4933076412015835 -3.0517498029207841 -2.2531587002558506
v -0.0177792534232140 0.0211753305047750 0.0113626383244991
vn -2.6968130428483299 -2.9038494348791697 -1.7929862030024917
v -0.0177573300898075 0.0211704969406128 0.0113449562340975
vn -2.6901715524060208 2.9576730074913677 -1.8129596944606030
v -0.0177618563175201 0.0188274532556534 0.0113486144691706
vn -2.4916962501131175 3.0922105339965773 -2.2516290820863576
v -0.0177790932357311 0.0188237037509680 0.0113625191152096
vn -2.4977812798308605 -3.0740640555608154 -2.2498324929078191
v -0.0177792534232140 -0.0018246690742671 0.0113626383244991
vn -2.6967368991417895 -2.9038648387830244 -1.7929777343012239
v -0.0177573300898075 -0.0018295017071068 0.0113449562340975
vn -2.6914479533825588 2.9567948254296494 -1.8119228951947171
v -0.0177618563175201 -0.0041725472547114 0.0113486144691706
vn -2.4932017290517532 3.0967873028621864 -2.2504095854798574
v -0.0177790932357311 -0.0041762967593968 0.0113625191152096
vn 0.6206684161019270 3.8385010490897304 -4.8853479254323640
v -0.0005210727103986 0.0056507727131248 0.0033388393931091
vn -0.5134789295147806 -3.5805704296567802 -4.9984909750602169
v -0.0108355814591050 0.0169117208570242 0.0034357719123363
vn -1.4300151783408279 -3.4442511112578726 -4.9716610572362514
v -0.0110066244378686 0.0168605092912912 0.0035090430174023
vn 3.9555044030794919 -4.0454778840490473 -2.5641218383239388
v 0.0002145716716768 0.0171766895800829 0.0035364171490073
vn -0.4682062143156238 -1.2298193631100838 -5.7536411837556090
v -0.0224186647683382 0.0209664087742567 0.0034314424265176
vn 1.4019852232254901 -4.9355753902347974 -3.0766861350773498
v -0.0216868165880442 0.0211262106895447 0.0034824991598725
vn 2.4042265076772549 -4.2128854052057862 -3.2130813715557687
v -0.0220345053821802 0.0208308678120375 0.0036100568249822
vn -0.4682047778190525 1.2298123973598143 -5.7536442988178242
v -0.0224186647683382 0.0190335903316736 0.0034314424265176
vn 2.4033452910968909 4.2137608108395952 -3.2122559574165694
v -0.0220345053821802 0.0191691331565380 0.0036100568249822
vn 1.4020973343271959 4.9352401779295860 -3.0776306708527050
v -0.0216868165880442 0.0188737884163857 0.0034824991598725
vn -0.4682081421960485 -1.2298149074895193 -5.7536415008064310
v -0.0224186647683382 -0.0020335908047855 0.0034314424265176
vn -2.7834760073192637 2.3370139655485200 -1.8529516092498917
v -0.0230988543480635 -0.0007086000987329 0.0036809851881117
vn 1.4019721375117615 -4.9355816382250666 -3.0766841935638456
v -0.0216868165880442 -0.0018737888894975 0.0034824991598725
vn 2.4042115049298323 -4.2128927653011692 -3.2130706774157920
v -0.0220345053821802 -0.0021691326983273 0.0036100568249822
vn -0.4682078857964540 1.2298186267500926 -5.7536419056741579
v -0.0224186647683382 -0.0039664092473686 0.0034314424265176
vn 2.4033603009428512 4.2137534133617693 -3.2122667999672823
v -0.0220345053821802 -0.0038308673538268 0.0036100568249822
vn 1.4021104495131720 4.9352339202234630 -3.0776326112520094
v -0.0216868165880442 -0.0041262111626565 0.0034824991598725
vn -2.7841052376271831 -2.3320582629783884 -1.8435348387714938
v -0.0230988543480635 0.0177085995674133 0.0036809851881117
vn -2.8117552548164690 -3.0163996864173717 -2.3623044885352562
v -0.0185934565961361 0.0170554295182228 0.0120218973606825
vn -2.9452822792172579 -2.9674705804313852 -2.0802204352975107
v -0.0186845175921917 0.0170939806848764 0.0120958350598812
vn -3.5105095905406762 -2.7097615329018927 -2.1356839479813261
v -0.0192356221377850 0.0173272863030434 0.0125432908535004
vn -2.1629556459778163 -3.1299610458818972 -2.5599556745367078
v -0.0181179009377956 0.0170000009238720 0.0116357821971178
vn -2.8077789963489836 3.0129504338037978 -2.1296979615366602
v -0.0186837315559387 -0.0001038774498738 0.0120930243283510
vn -2.6879416149866908 3.0497715645767904 -2.3841491877063299
v -0.0184923857450485 -0.0000348301255144 0.0119384368881583
vn -2.1098036082382436 3.1274276970047707 -2.5841296742376687
v -0.0181179009377956 0.0000000004089673 0.0116357821971178
vn -3.4095129431446014 2.7770756641441512 -2.1738112359667388
v -0.0191318318247795 -0.0002655736752786 0.0124550368636847
vn 5.1783826581297863 3.3988649172704428 -0.3216126875126936
v 0.0006231391453184 0.0049876593984663 0.0035063128452748
vn 5.2485693263714914 3.1542068999411508 -1.1003877776620561
v 0.0004170301835984 0.0053521436639130 0.0038025965914130
vn 3.1173760234617398 -3.0752187761751064 -0.5568435062533910
v -0.0071864253841341 -0.0064122355543077 0.0035149899777025
vn 2.3474887874773822 -4.5577883691675467 0.4289364867799429
v -0.0064473380334675 0.0000000004089675 0.0047363373450935
vn 4.6848797585290622 -0.0154267021562770 0.8568709563648573
v -0.0064473380334675 -0.0045000002719462 0.0047363373450935
vn 4.4909317767116272 -0.3320332597381588 0.8629372381833404
v -0.0064475019462407 -0.0045333229936659 0.0047361138276756
vn 4.3523907547674154 -1.5866291342239112 0.4388456600541186
v -0.0065200817771256 -0.0051915575750172 0.0046346350573003
vn 3.9501212361329179 -2.0227674837568652 0.4313150974139221
v -0.0067041078582406 -0.0057642222382128 0.0043648532591760
vn 4.0234949749891333 -2.3580680334207051 0.0159971970113285
v -0.0067826742306352 -0.0058991503901780 0.0042364946566522
vn 3.5804171221622827 -2.6846796600770362 -0.0326338684269487
v -0.0069394716992974 -0.0061684246174991 0.0039803343825042
vn 3.6214683312927605 -2.8478253644163134 -0.4297586004623168
v -0.0071382834576070 -0.0063647045753896 0.0036057101096958
vn 5.6759615972308977 -0.4579726941975039 2.6039667623089500
v 0.0007956202607602 0.0183729771524668 0.0037741723936051
vn 5.7009274861722989 -1.8778323753504518 1.5106613626694403
v 0.0007428589160554 0.0179547853767872 0.0037232141476125
vn 2.4001853963028519 5.0710806001698803 0.5816900054146994
v 0.0007105233962648 0.0047998302616179 0.0036912790965289
vn -3.8411043733511510 3.4770265765121313 -3.5161481948829425
v -0.0111943641677499 0.0056153065524995 0.0035118667874485
vn -1.6588762204365137 -3.0895645431535153 -2.2186189370171947
v -0.0181179009377956 0.0212500002235174 0.0116357821971178
vn -1.4469097012824388 -3.0916944466452905 -2.6321737728494594
v -0.0184567049145699 0.0211762972176075 0.0119090434163809
vn -1.6496696536131086 3.0916452123775695 -2.2230587257243624
v -0.0181179009377956 0.0187500007450581 0.0116357821971178
vn -1.4454503926675326 3.0949851242299102 -2.6326502879876910
v -0.0184565484523773 0.0188246686011553 0.0119089251384139
vn -1.6571369420234452 -3.0822517684715756 -2.2200128479247279
v -0.0181179009377956 -0.0017500002868474 0.0116357821971178
vn -1.4481195794467681 -3.0814939028041048 -2.6310910313639893
v -0.0184567049145699 -0.0018237023614347 0.0119090434163809
vn -1.6503078208233941 3.1015346592578661 -2.2225192135039080
v -0.0181179009377956 -0.0042499997653067 0.0116357821971178
vn -1.4411329914107527 3.1075834564122395 -2.6360869136835863
v -0.0184565484523773 -0.0041753309778869 0.0119089251384139
vn -4.1603631479091989 -2.0580776286106985 -4.1270966253376153
v -0.0110842669382691 0.0165486019104719 0.0037527924869210
vn 2.3607896408049509 -3.5413091771634697 -4.5614915622846173
v -0.0002249827812193 0.0168276242911816 0.0035291234962642
vn 0.7276757178868347 2.9787583022372743 -5.4237916585215320
v -0.0005736476741731 0.0057898522354662 0.0034081689082086
vn 2.1635131726917582 3.4023707307839559 -4.7508147057690717
v -0.0002342885563849 0.0058227358385921 0.0035250219516456
vn 4.0012790441498911 3.2675319981810107 -3.4738983150553278
v 0.0000565561458643 0.0057947114109993 0.0037189249414951
vn 0.7696908429056715 6.1587100134859227 0.9750692460991025
v -0.0217867996543646 0.0233628414571285 0.0155028691515326
vn -5.5324104014458850 -1.6459579993425257 -2.3175845665538226
v -0.0111939171329141 0.0165858101099730 0.0038938450161368
vn -5.5106890880456962 1.8914081074741618 -2.1711525542996499
v -0.0112227657809854 0.0058922311291099 0.0038276112172753
vn 0.6112651844813206 2.9203530585178403 -5.4881099308955692
v -0.0006956098368391 0.0061124782077968 0.0035689917858690
vn -2.3922305363512710 2.6745936537035755 -5.0856135257391966
v -0.0109666520729661 0.0059575829654932 0.0035948345903307
vn -0.1106308528131553 -0.4389079464203608 -5.8848208030162379
v -0.0226996522396803 0.0203449074178934 0.0035345270298421
vn -3.1688406476671007 -2.2736074074850823 -2.6204185893357508
v -0.0246858298778534 0.0209773052483797 0.0042632026597857
vn -2.2089356901160948 -2.8986962480181111 -2.9362031336717673
v -0.0253379717469215 0.0213902126997709 0.0045024557039142
vn 3.1885680324095889 -3.4176008315513795 -3.7356692950763866
v -0.0220951419323683 0.0207793619483709 0.0036323007661849
vn 3.8074729939253502 -2.3344363082048853 -3.7305526571114753
v -0.0223105754703283 0.0203028507530689 0.0037113383878022
vn -0.1106311737005840 0.4389117795606904 -5.8848220098395023
v -0.0226996522396803 0.0196550916880369 0.0035345270298421
vn 3.8060067556375872 2.3261323053688132 -3.7458475342067916
v -0.0223105754703283 0.0196971502155066 0.0037113383878022
vn 3.1895560873626687 3.4168868309736342 -3.7351000885474268
v -0.0220951419323683 0.0192206371575594 0.0036323007661849
vn -0.1106304984078768 -0.4389095663460434 -5.8848209653357637
v -0.0226996522396803 -0.0026550921611488 0.0035345270298421
vn -3.5742679425876589 1.3169266756362787 -1.6409985603744610
v -0.0238735098391771 -0.0018277778290212 0.0039651845581830
vn 3.1885521043973859 -3.4176206560892268 -3.7356666953305453
v -0.0220951419323683 -0.0022206376306713 0.0036323007661849
vn 3.8074892816554162 -2.3344048188754249 -3.7305687412700479
v -0.0223105754703283 -0.0026971488259733 0.0037113383878022
vn -2.2032694076503181 2.9008484241791619 -2.9231940013746907
v -0.0253379754722118 -0.0043902122415602 0.0045024557039142
vn -3.1662486691325338 2.2739108634227732 -2.6061810995052181
v -0.0246858298778534 -0.0039773057214916 0.0042632026597857
vn -0.1106311681144407 0.4389081765753774 -5.8848204967788194
v -0.0226996522396803 -0.0033449069596827 0.0035345270298421
vn 3.8060255613185920 2.3261032830671762 -3.7458616075397053
v -0.0223105754703283 -0.0033028502948582 0.0037113383878022
vn 3.1895707171799543 3.4168687822892743 -3.7351020379720730
v -0.0220951419323683 -0.0037793624214828 0.0036323007661849
vn -1.3322708076456029 -2.2662224734438992 -5.5290489562287002
v -0.0107736745849252 0.0165260657668114 0.0035709943622351
vn -0.5831276125883600 2.8299841227813256 -2.5784377339458868
v -0.0184784680604935 0.0188295021653175 0.0119266062974930
vn -0.5831304832334840 2.8299859973612791 -2.5784382458626407
v -0.0184784680604935 -0.0041704974137247 0.0119266062974930
vn 0.2369624574140041 -2.1308894883260949 -2.8542091955233202
v -0.0188101306557655 0.0209225807338953 0.0121976956725121
vn -0.6446124916234670 -2.8179741926235780 -2.5721552263343108
v -0.0184739455580711 0.0211725477129221 0.0119229480624199
vn 0.3003085643638639 2.0338026501793869 -2.8528570026682383
v -0.0188433080911636 0.0191161166876554 0.0122247617691755
vn 0.2413342432949328 -2.1331372429692825 -2.8577720676548979
v -0.0188101306557655 -0.0020774197764695 0.0121976956725121
vn -0.6465785870248488 -2.8243078627669340 -2.5705730053276450
v -0.0184739455580711 -0.0018274527974427 0.0119229480624199
vn 0.3003204865267658 2.0337891187148140 -2.8528506070141226
v -0.0188433080911636 -0.0038838838227093 0.0122247617691755
vn 5.2540117252465190 -3.1655976522140499 -0.9224238561829503
v 0.0004273455124348 0.0173151548951864 0.0038015665486455
vn 2.8621292312219291 4.3090822011329299 0.5121582659920567
v 0.0006768319290131 0.0047998554073274 0.0037956989835948
vn 5.9252749961313560 1.7432771436161043 0.7050241967231082
v 0.0005190958618186 0.0051492303609848 0.0040884511545300
vn -3.0020191993680743 -2.1242196433844982 -5.0534367141814442
v -0.0109367901459336 0.0165338851511478 0.0036588124930859
vn -4.1236503454619404 2.4080318589282919 -3.9804258748466110
v -0.0111135439947248 0.0059386352077127 0.0036889726761729
vn 0.7371819249761318 -6.1650282486754069 0.9616935882802853
v -0.0217864681035280 -0.0063652708195150 0.0155032761394978
vn 2.1602471760568305 2.4110401893522915 -5.3188073032539966
v -0.0003466953930911 0.0061408746987581 0.0036618947051466
vn 4.0226766115977615 2.1568823032745383 -4.2270541100469083
v -0.0000508066441398 0.0061266538687050 0.0038495690096170
vn -6.1419908583449532 -1.0438801993228006 -0.4302339770593568
v -0.0112443314865232 0.0166396573185921 0.0040582665242255
vn 2.3360705092032372 -2.2443588549004727 -5.3172029180284204
v -0.0003406045434531 0.0164972860366106 0.0036697122268379
vn 4.0450114430300692 -3.2358419849028857 -3.4316604708747502
v 0.0000641035876470 0.0168576128780842 0.0037254292983562
vn -5.9997816443596577 0.3718809063930809 1.7347503595951728
v -0.0114076407626271 0.0051384870894253 0.0037475363351405
vn -6.1193647937186615 1.0812457642748212 -0.0770605597144209
v -0.0112729938700795 0.0058256923221052 0.0039873779751360
vn -5.9960792631002500 0.4126061399034981 1.7276919944003213
v -0.0114472964778543 0.0050148167647421 0.0036394544877112
vn -3.9401065469725367 -0.7952965766233386 -1.9157525870217291
v -0.0240832995623350 0.0197000000625849 0.0040421490557492
vn -3.8258291266516844 -1.3296701586336146 -2.3321967328938462
v -0.0242403205484152 0.0203232206404209 0.0040997569449246
vn 4.1775400708767645 -1.2171753646261878 -4.1122864423673313
v -0.0223217438906431 0.0202781520783901 0.0037154343444854
vn -3.5681451175287942 -1.3219832824873290 -1.6347099750216336
v -0.0238735098391771 0.0188277773559093 0.0039651845581830
vn 4.1685685127048240 1.2256357423179625 -4.1246000306603650
v -0.0223217438906431 0.0197218488901854 0.0037154343444854
vn -3.8263217764643693 1.3260471165756773 -2.3265866441598040
v -0.0242403205484152 -0.0033232211135328 0.0040997569449246
vn -3.9400706793679743 0.7959629082362849 -1.9161705947405387
v -0.0240832995623350 -0.0027000005356967 0.0040421490557492
vn 4.1775499457357066 -1.2171330056648202 -4.1122856371617669
v -0.0223217438906431 -0.0027218484319746 0.0037154343444854
vn 4.1685805902056314 1.2255950284139117 -4.1245972508934212
v -0.0223217438906431 -0.0032781506888568 0.0037154343444854
vn 5.0996187320582029 2.9482598502426107 -2.1388003590334068
v 0.0002767991973087 0.0056960317306221 0.0039959801360965
vn -1.0752488469259933 1.6302366487478610 -5.8619593834210715
v -0.0107653001323342 0.0061288806609809 0.0035892911255360
vn 0.5724514091248438 2.9450915523471082 -5.4841093637959899
v -0.0007005830993876 0.0061256308108568 0.0035755482967943
vn 0.7800360395446999 -1.3217207168005169 -6.0393070515879872
v -0.0006932405522093 0.0165396276861429 0.0035659482236952
vn 0.7740711669177445 -1.3174322328858044 -6.0401699796461124
v -0.0006949690869078 0.0165281686931849 0.0035682262387127
vn -0.9358790014184122 -2.1644680676038019 -5.7446208923297490
v -0.0107188830152154 0.0161847081035376 0.0036906823515892
vn -1.3700702256528035 -2.0723676023123341 -5.5945893091074463
v -0.0107733691111207 0.0165241546928883 0.0035716630518436
vn -0.7807800515258743 -0.2007530155787940 -6.1989343340731278
v -0.0106961401179433 0.0158500000834465 0.0037403590977192
vn -0.7273602165990679 -1.2075530621539832 -6.0855716308988681
v -0.0107023017480969 0.0160814318805933 0.0037268940359354
vn 0.7738914495264743 -1.2419249623701409 -6.0552131045522231
v -0.0007479203632101 0.0161768849939108 0.0036380530800670
vn 0.4037756304982478 -1.3610709745834619 -5.5654874593092130
v -0.0108948098495603 0.0161879770457745 0.0037485789507627
vn 0.5988559310976975 2.0810853653561985 -5.8536897713196421
v -0.0007245441665873 0.0061890170909464 0.0036071443464607
vn -1.4344076598076183 1.4446096856875079 -5.7609942726983023
v -0.0107487151399255 0.0062898001633584 0.0036255139857531
vn 0.5750169129932901 0.5268303941597049 -6.2171823367154433
v -0.0007969563012011 0.0067638671025634 0.0037026142235845
vn 0.7705902748459482 1.1079936264532846 -6.0870496163878549
v -0.0007587497239001 0.0064605651423335 0.0036522427108139
vn -2.5827033306507117 1.6804701023437851 -5.4567914956054082
v -0.0109125124290586 0.0062849796377122 0.0037107486277819
vn 2.2720328988207270 1.2444592133626748 -5.6666975424417316
v -0.0004145216953475 0.0064746220596135 0.0037435288541019
vn 0.4073640396806464 -1.8411567150753729 -3.3207175993381961
v -0.0188633799552917 0.0208328980952501 0.0122408075258136
vn 0.4640444563922241 1.7160543926903857 -3.3322667911429065
v -0.0188682898879051 0.0191621966660023 0.0122449668124318
vn 0.4076379537877894 -1.8434956408192191 -3.3209429176148029
v -0.0188633799552917 -0.0021671024151146 0.0122408075258136
vn 0.4681757721433061 1.7234608663563671 -3.3357077186358630
v -0.0188682898879051 -0.0038378029130399 0.0122449668124318
vn -1.1827906389988574 1.3872066753143544 -5.8943355133095512
v -0.0107132280245423 0.0066341767087579 0.0037030316889286
vn 0.8338357887463970 -1.1680795657940446 -3.0579903232951398
v -0.0190540738403797 0.0205117240548134 0.0123952003195882
vn 0.8752940162661396 1.0552519108290352 -3.0691121797351464
v -0.0190703198313713 0.0195349007844925 0.0124083887785673
vn 0.8430064546484815 -1.1748566067817832 -3.0653935553066050
v -0.0190540738403797 -0.0024882755242288 0.0123952003195882
vn 0.8864982821362606 1.0592478337509872 -3.0781592140896867
v -0.0190703198313713 -0.0034650997258723 0.0124083887785673
vn 2.3007939549053162 -0.4324484969573140 -5.7466992050960251
v -0.0004567590367515 0.0158500000834465 0.0037614009343088
vn 0.4938889324207097 -0.6494676327270302 -6.2085229586227602
v -0.0007971984450705 0.0158500000834465 0.0037030314560980
vn 2.5202668445960228 -1.2272950556903517 -5.5988556848480879
v -0.0004059870552737 0.0161688774824142 0.0037482338957489
vn -2.7823509076368893 -0.5138471117402762 -5.4684735374123896
v -0.0109266648069024 0.0158500000834465 0.0037976540625095
vn 1.7708773028142182 1.3354815568218366 -5.5878840926120885
v -0.0001152094191639 0.0064690746366978 0.0039261872880161
vn -6.0078154305090479 -0.4739748592892475 1.6129656342472449
v -0.0114009203389287 0.0174481011927128 0.0037658535875380
vn -6.0582132026097160 -0.3664695165588989 1.3243352080601296
v -0.0112442197278142 0.0166884809732437 0.0041929916478693
vn 4.0981601702820534 -2.0614570328031157 -4.1898503074249813
v -0.0000463437390863 0.0165124535560608 0.0038599383551627
vn -4.1106469162692116 -2.2328897059815191 -1.9292668124407251
v -0.0197658464312553 0.0177710894495249 0.0129737956449389
vn -3.6479594971780980 -2.5894841576095922 -1.8234675694531504
v -0.0197019055485725 0.0177175700664520 0.0129218799993396
vn -4.0142769421664255 2.3219197058735621 -1.9487525173178359
v -0.0196939148008823 -0.0006950819515623 0.0129152080044150
vn -4.4901367060671982 1.7451006615708222 -1.7807817332736726
v -0.0201043225824833 -0.0012270961888134 0.0132477609440684
vn -4.1271038279834080 2.1513362214089722 -1.6513957656190550
v -0.0197056569159031 -0.0007103053503670 0.0129247242584825
vn -4.0503219945077928 0.9621422063510011 -4.6158426345633909
v -0.0110335396602750 0.0066254092380404 0.0038629344198853
vn 0.5240017546178097 0.0393111552697801 -6.2397590060407229
v -0.0007971984450705 0.0068000028841197 0.0037030072417110
vn 2.1820585278990592 0.2922707713861840 -5.7830996172411329
v -0.0004567590367515 0.0068000042811036 0.0037614009343088
vn -0.8533197009405941 0.6328656151280569 -6.1566599933057624
v -0.0106961401179433 0.0068000000901520 0.0037403590977192
vn -2.6975784607527240 0.9535236987055037 -5.5603527793092216
v -0.0108849713578820 0.0066287950612605 0.0037695858627558
vn 0.8980101551378534 -0.6818779337856856 -3.4779480543650756
v -0.0190933346748352 0.0203000530600548 0.0124273747205734
vn 0.9171314696946657 0.5598875863053097 -3.5066249349001137
v -0.0190945379436016 0.0196986030787230 0.0124282753095031
vn 1.0415706747068512 -0.0721090990035904 -3.1008902471048669
v -0.0191434994339943 0.0200296007096767 0.0124684842303395
vn 0.9054767556439851 -0.6815579253491213 -3.4840202238348872
v -0.0190933346748352 -0.0026999465189874 0.0124273747205734
vn 0.9222304940098259 0.5604982053207603 -3.5107651541713918
v -0.0190945379436016 -0.0033013974316418 0.0124282753095031
vn 1.0415706258300008 -0.0721098011499744 -3.1008907523383624
v -0.0191434994339943 -0.0029703988693655 0.0124684842303395
vn 5.4960658115015848 1.7421077464947214 -2.3401370256015328
v 0.0001732920791255 0.0060631721280515 0.0041337432339787
vn 5.7228318719900466 -0.5047131817784107 2.4633222454493531
v 0.0007195908692665 0.0182458497583866 0.0039247879758477
vn 5.8751354944281724 -1.8136715331681668 0.7744138530007980
v 0.0005260174511932 0.0175208766013384 0.0040857540443540
vn 5.7221879385530494 -0.4965295295932088 2.4694490635321680
v 0.0007717560511082 0.0183330755680799 0.0038214463274926
vn 5.3202398238421322 -2.6434206037276242 -1.8829110680068419
v 0.0002813440514728 0.0169580187648535 0.0040037734434009
vn -1.4664695473833895 -0.3190725227344502 -6.0924365409878973
v -0.0108793349936604 0.0158500000834465 0.0037858895957470
vn -1.5117845450302314 0.3137099351452979 -6.0824241450931931
v -0.0108793349936604 0.0068000000901520 0.0037858895957470
vn 3.3687985425137543 0.3624078711735350 -5.2788697521556491
v -0.0004384939384181 0.0068000042811036 0.0037730573676527
vn 3.3533452729013806 0.4072019804698596 -5.2820976313611379
v -0.0001430112315575 0.0068000042811036 0.0039616203866899
vn -5.9057448394775625 0.0180439134662835 2.1446467528792761
v -0.0113061191514134 0.0054551241919398 0.0040242639370263
vn -6.1920139132288670 0.5346289679825018 0.9076962347727606
v -0.0112594673410058 0.0057473452761769 0.0041488339193165
vn 3.3678899767838835 -0.3757221798757393 -5.2775839736317938
v -0.0004301306325942 0.0158500000834465 0.0037783938460052
vn 3.2956838254270662 -0.5752646112654103 -5.2858691848014221
v -0.0001345212949673 0.0158500000834465 0.0039670369587839
vn -4.1673678063057107 -0.5327021477372914 -4.6402533683964906
v -0.0110208028927445 0.0158500000834465 0.0038807636592537
vn -5.8987641903008141 -0.0000011466286360 2.1640237122361574
v -0.0113250995054841 0.0172653030604124 0.0039725308306515
vn -2.9572598229517686 0.0592022626698049 -5.3487802214781883
v -0.0109266648069024 0.0068000000901520 0.0037976540625095
vn -4.0533472855360611 0.2657045740821221 -4.7814888366093058
v -0.0110208028927445 0.0068000000901520 0.0038807636592537
vn 2.9899937675849428 3.1321195917940239 0.9639631415534425
v 0.0005289754481055 0.0047999671660364 0.0042539527639747
vn 5.8925391999197494 0.4640185038344698 2.0023156991327675
v 0.0004971689777449 0.0049100499600172 0.0043536117300391
vn 6.0702492086132427 1.3112245606254505 -0.2027557720181465
v 0.0002793661842588 0.0059592560864985 0.0044672945514321
vn -5.5916739457701290 0.7939918293524697 -2.5966244170322885
v -0.0111439833417535 0.0066163018345833 0.0040079229511321
vn 4.3396445017998104 0.5410874377242090 -4.3623531122179759
v -0.0000812310026959 0.0068000042811036 0.0040010451339185
vn 4.4189993355298149 -0.5723601897943147 -4.2837241436717690
v -0.0000812310026959 0.0158500000834465 0.0040010451339185
vn 5.2834671258178165 -0.5659656297411438 -3.3040327762808812
v 0.0000779508045525 0.0158500000834465 0.0042586149647832
vn 5.4836289415287371 -1.6493100213595711 -2.4286722882285994
v 0.0001748231879901 0.0165759008377790 0.0041459621861577
vn -5.0509991122936029 0.2361921954294121 -3.4912514052377590
v -0.0111047374084592 0.0068000000901520 0.0039548650383949
vn -5.0397159605851751 -0.4533991211269985 -3.5057612863251197
v -0.0111047374084592 0.0158500000834465 0.0039548650383949
vn -5.8333441192961368 -0.4444628488477108 -2.2482001266338165
v -0.0111296745017171 0.0158500000834465 0.0040195696055889
vn -6.0947047608437819 -0.2866897636142312 -0.6947473624340023
v -0.0111901620402932 0.0158500000834465 0.0041765128262341
vn 5.6457967247364547 -0.0963332775306588 2.7526271681723653
v 0.0004946693079546 0.0178697500377893 0.0043703755363822
vn 5.8358699158805178 -0.6418574006512112 2.1378906543416849
v 0.0005012183682993 0.0177619121968746 0.0043478487059474
vn -5.8777085727267888 0.2284280354971118 -2.1940895726108742
v -0.0111296745017171 0.0068000000901520 0.0040195696055889
vn -4.8295066608034212 -1.0262591840944035 -1.6590718744387651
v -0.0204242430627346 0.0189460646361113 0.0135083654895425
vn -4.5912218087973260 -1.4562039053769922 -1.4775311695806057
v -0.0203757099807262 0.0188330281525850 0.0134689603000879
vn -4.5217681232667424 -1.6959407738355861 -1.7660555270315084
v -0.0201494060456753 0.0183059554547071 0.0132852178066969
vn -4.8327145428618108 1.0465910521116488 -1.6660115992313935
v -0.0204217322170734 -0.0019407044164836 0.0135052418336272
vn -4.5707198943013205 1.4974138080598067 -1.4843139775218532
v -0.0203744694590569 -0.0018344414420426 0.0134669011458755
vn 1.4465522675462907 5.6761823277278900 1.8663150922236704
v -0.0217390041798353 0.0233477596193552 0.0155617352575064
vn 2.6324995205690200 4.3284906262948786 3.4718128451618417
v -0.0213300194591284 0.0229142140597105 0.0160654559731483
vn 1.4185320090481042 -5.6887506639358865 1.8651585538041009
v -0.0217472482472658 -0.0063531226478517 0.0155515810474753
vn 3.1470879948672366 -3.5131559266855485 4.1469906226891009
v -0.0213309731334448 -0.0059131928719580 0.0160642787814140
vn 2.6247240529687295 -4.3426004084419692 3.4570663253874026
v -0.0213342290371656 -0.0059208623133600 0.0160602685064077
vn -6.1542225673011819 0.4812109748502096 -0.5659065489684322
v -0.0111947478726506 0.0066028973087668 0.0041803163476288
vn 5.3752771505300476 0.4554762769963001 -3.1815538217006312
v 0.0000727614678908 0.0068000042811036 0.0042502218857408
vn 6.1179906843441181 -1.0991216987251133 -0.2209739593954223
v 0.0002775147440843 0.0166786499321461 0.0044802045449615
vn -6.0625620993714326 0.0862434618300110 -0.8132696414335420
v -0.0111901620402932 0.0068000000901520 0.0041765128262341
vn -6.0421757773124591 0.2294632375580937 1.5818242350612179
v -0.0112591283395886 0.0057449238374829 0.0041523505933583
vn -4.8380291451160495 -0.7646916234132263 -1.3518996472431333
v -0.0205676779150963 0.0197000000625849 0.0136248264461756
vn -4.8381078512305127 0.7486246774023487 -1.3708386798139252
v -0.0205676779150963 -0.0026999996043742 0.0136248264461756
vn -4.5289161868600942 1.2793796065751122 -1.1689904753686553
v -0.0206886790692806 -0.0032797283492982 0.0137230688706040
vn -4.5114720845845815 1.5988381058323451 -1.4872842663103003
v -0.0207087229937315 -0.0033206432126462 0.0137393465265632
vn -6.2394886497649367 -0.1930552915409915 0.6869878331733891
v -0.0111688161268830 0.0158500000834465 0.0043666479177773
vn 6.0013402350076701 0.5585944425281144 1.6199516838858434
v 0.0002568283816800 0.0058313198387623 0.0048006465658545
vn -4.4836922391991241 -1.3390754535056373 -1.1902313061012249
v -0.0207022633403540 0.0203165896236897 0.0137349348515272
vn -4.4403224464103124 -1.7284164543890519 -1.5304124737432245
v -0.0207055006176233 0.0203225910663605 0.0137375574558973
vn -4.0890965105981536 2.0459195421328435 -1.3803943964595515
v -0.0209171343594790 -0.0037459735758603 0.0139085603877902
vn 5.8467262285795840 -0.4984553400819434 -1.9359620796816188
v 0.0001529633154860 0.0158500000834465 0.0043799960985780
vn -6.1458174777725585 0.2547534144002230 1.1459635203455107
v -0.0111810052767396 0.0065868771634996 0.0043590446002781
vn -5.9118482827810066 0.0168493338437593 2.1275268451135072
v -0.0111990207806230 0.0061156121082604 0.0043161888606846
vn -6.2388580204142174 0.1393285293948708 0.7177386894169382
v -0.0111688161268830 0.0068000000901520 0.0043666497804224
vn -6.0614839081711693 -0.0864076662495593 1.4964872695141778
v -0.0111636603251100 0.0158500000834465 0.0044125677086413
vn -5.8987838203129614 -0.0001317883796700 2.1639701488225644
v -0.0111709991469979 0.0161662586033344 0.0043925852514803
vn 5.8033559285935095 0.3266504739293042 -2.0495537186114290
v 0.0001529633154860 0.0068000042811036 0.0043799960985780
vn 2.8943173301963512 3.3263199379340858 1.1959355260711662
v 0.0004856429295614 0.0047999997623265 0.0043882550671697
vn -3.7995123901068593 -2.4765439075776725 -1.7564136488794770
v -0.0211047213524580 0.0209610983729362 0.0140616260468960
vn -3.9504905474362353 -2.2160725617430024 -1.3812920441799199
v -0.0209909770637751 0.0208516418933868 0.0139687117189169
vn -3.9902776309988965 2.3013226220286014 -1.7087320258997434
v -0.0211071167141199 -0.0039608539082110 0.0140628125518560
vn -3.3619506586566148 2.6749271707264093 -1.6225896706238414
v -0.0212775040417910 -0.0041535706259310 0.0142011540010571
vn -5.9889597930784184 0.0941078461108903 1.8696264167274619
v -0.0111747281625867 0.0065857958979905 0.0043824021704495
vn 5.6617059263805363 -0.1037489253190412 2.7177728080732284
v 0.0004779055016115 0.0178222265094519 0.0044035809114575
vn 6.0008094658545028 -0.4799353864139618 1.6537260767431732
v 0.0002519743284211 0.0168045107275248 0.0048132417723536
vn 5.6806190605353786 0.1233757031269532 2.6735157015078421
v 0.0002677435113583 0.0054252510890365 0.0048199268057942
vn 5.6667968079418323 0.1065756158954125 2.7063281589793640
v 0.0004708870546892 0.0048423362895846 0.0044174836948514
vn 3.7261389953162141 -1.2424593075265928 4.8989393932578045
v -0.0210477467626333 -0.0051893624477088 0.0164131112396717
vn 3.4323889003090122 -2.3389167349051148 4.5107241713065092
v -0.0210578832775354 -0.0052697188220918 0.0164006259292364
vn -6.0665299559247190 0.0507882668560996 1.4676376258660004
v -0.0111636603251100 0.0068000000901520 0.0044125677086413
vn 3.4249629680552891 2.3391101180015701 4.5208942323302272
v -0.0210567433387041 0.0222653672099113 0.0164020303636789
vn 3.7167863110668584 1.2242403155309742 4.9113272654479365
v -0.0210472363978624 0.0221895407885313 0.0164137389510870
vn 6.2201664888182080 -0.4261051976028121 -0.6511377901820008
v 0.0001758814323694 0.0158500000834465 0.0045989220961928
vn 6.2387876002561837 0.3191949331566304 -0.5771418024093642
v 0.0001749203074723 0.0068000042811036 0.0045897318050265
vn 2.9729217548484104 2.6878154270170467 0.7293277543854570
v -0.0000752510313760 0.0047999997623265 0.0054994202218950
vn 0.1778570184970402 2.9964909327242402 3.1291389902905937
v 0.0000245091050601 0.0047999997623265 0.0064999544993043
vn 0.8591273862618322 2.8311832749616119 2.9825598832247149
v 0.0015875626122579 0.0047999997623265 0.0063031464815140
vn 5.6782486769978817 -0.1172349886663081 2.6795610125285441
v 0.0002702058991417 0.0172333251684904 0.0048150485381484
vn 6.1465681133312140 -0.2616640373844805 0.6673444086179711
v 0.0001993434416363 0.0158500000834465 0.0048230541869998
vn 3.7458089022343670 0.6096171880532305 4.9484508062628381
v -0.0209607835859060 0.0215000007301569 0.0165202189236879
vn 3.6563959686807621 0.2299731437619820 5.0714302029364902
v -0.0067228120751679 0.0203499998897314 0.0049600019119680
vn 0.6735559560112047 3.6015457651518132 2.9838011209537836
v -0.0059025557711720 0.0203499998897314 0.0045617548748851
vn -3.1665850244609968 -2.7839307480855817 -1.6908279553512287
v -0.0214034300297499 0.0212485417723656 0.0143056260421872
vn -2.9834169751782214 -2.9507445477924681 -2.0569034217045363
v -0.0216704253107309 0.0213690698146820 0.0145219564437866
vn -1.3865876789300380 -3.1195258758641637 -3.0180214568648145
v -0.0259515121579170 0.0215000007301569 0.0047275456599891
vn -1.3809445440364498 3.1201985526412233 -3.0139328187823295
v -0.0259515121579170 -0.0045000002719462 0.0047275456599891
vn -3.2075164832000471 2.8576474643831022 -1.9948219858940577
v -0.0216714870184660 -0.0043724882416427 0.0145210400223732
vn -2.5185021649065278 3.0379189125066497 -1.9543718095099956
v -0.0217845756560564 -0.0044353264383972 0.0146128600463271
vn 3.6563964109801530 -0.2299777077179320 5.0714298438300975
v -0.0067228120751679 0.0000000004089675 0.0049600019119680
vn -1.5998586643379664 3.2771062791229255 2.6953320280452671
v -0.0041769449599087 0.0203499998897314 0.0049802735447884
vn 6.1473698055673269 0.1758342204699723 0.5961196302786664
v 0.0001993434416363 0.0068000042811036 0.0048230541869998
vn 4.1653383043329333 -1.1092081274155059 0.7309626248122225
v -0.0065177907235920 -0.0051844292320311 0.0046379934065044
vn 3.7445570459972379 -0.6125128280840979 4.9486220233281450
v -0.0209607835859060 -0.0045000002719462 0.0165202189236879
vn -2.4161774004652941 -3.0665802256277641 -2.0250960099204733
v -0.0218694489449263 0.0214589107781649 0.0146832093596458
vn -2.0352555456799113 -3.1389536644379357 -2.3230750479933588
v -0.0222008656710386 0.0215000007301569 0.0149508565664291
vn -1.8355997544462330 -3.0278491385631110 -2.5432859816793836
v -0.0222214329987764 0.0215000007301569 0.0149675570428371
vn -0.5410224111999009 -3.4932182922654844 -3.0454816632243173
v -0.0295041166245937 0.0215000007301569 0.0060308985412121
vn -1.8355749177720551 3.0278935406300898 -2.5433061497526022
v -0.0222214329987764 -0.0045000002719462 0.0149675570428371
vn -2.0521961561757620 3.1341164787697720 -2.2915534331958987
v -0.0222008656710386 -0.0045000002719462 0.0149508565664291
vn -0.5410224111476636 3.4932182922653126 -3.0454816632243613
v -0.0295041166245937 -0.0045000002719462 0.0060308985412121
vn 5.7962434562276588 0.0619898799115645 2.3713006255800142
v 0.0000992562636384 0.0067999963648617 0.0051536327227950
vn 5.6984527044772300 0.0384668734540743 2.6375383587087198
v 0.0001366581418552 0.0061394479125738 0.0050796186551452
vn 5.7376017238772539 0.1318978094938938 2.5334358758210942
v 0.0002048345922958 0.0057679926976562 0.0049445526674390
vn 6.0098429337829824 0.1571738549897155 1.8195569123864883
v 0.0001638824760448 0.0068000014871359 0.0049401810392737
vn 5.7260002284477531 -0.1037751856191999 2.5660993520154460
v 0.0001475359749747 0.0166006647050381 0.0050580641254783
vn 6.0043079850187988 -0.1163865653350829 1.8432363198525545
v 0.0001614647626411 0.0158500000834465 0.0049482127651572
vn 5.7291266076107963 -0.1291374926066426 2.5557430135217611
v 0.0001989598240471 0.0168658811599016 0.0049561886116862
vn 5.8039465954883340 -0.0352481155636364 2.3490171924836707
v 0.0000992897912511 0.0158500000834465 0.0051536494866014
vn -1.3855687957313199 2.8582045285420441 2.7844159174517280
v -0.0031673051416874 0.0203499998897314 0.0056761046871543
vn -0.6078111336121654 2.8939477405932217 3.0577149991359880
v -0.0008498202660121 0.0203499998897314 0.0064442083239555
vn 1.4570240856867616 1.5120789607005758 1.5881721882965625
v -0.0000889334332896 0.0203499998897314 0.0064993924461305
vn 1.3462391315757842 1.5435604693586369 4.7255810940588443
v -0.0000889334332896 0.0047999997623265 0.0064993924461305
vn -3.1114035153050170 0.3064582981436699 -2.9452377014132609
v -0.0792158097028732 0.0255000013858080 0.0060309255495667
vn -5.5729810112212990 2.3084121664075004 0.5869774921936484
v -0.0790635645389557 0.0262653678655624 0.0189935993403196
vn -2.8466877709869425 1.1791407622130883 -2.7489030000867825
v -0.0790635645389557 0.0262653678655624 0.0060309274122119
vn -4.2653780620524362 4.2653602744336361 0.5869776688547153
v -0.0786300227046013 0.0269142147153616 0.0189935974776745
vn -2.1787595677974783 2.1787527035365404 -2.7488881813254160
v -0.0786300227046013 0.0269142147153616 0.0060309269465506
vn -1.5707972300173110 -1.5707971305458641 -1.5707963267945853
v -0.0792158097028732 0.0215000007301569 0.0060309274122119
vn -4.5783409788146514 -1.5754021016516961 -0.6629975403779650
v -0.0792158097028732 0.0215000007301569 0.0189935993403196
vn -6.1274773331854675 0.5999461993521836 0.5999461145766110
v -0.0792158097028732 0.0255000013858080 0.0189935993403196
vn 1.7139222842411455 -0.9762821865059674 -5.5628550302398612
v -0.0770626291632652 0.0247671753168106 0.0060309264808893
vn 1.9677835843536609 -0.1359563445051656 -5.5628538052462160
v -0.0772621184587479 0.0241068340837955 0.0060309264808893
vn -4.6428304786262462 1.5790084031214469 -0.9134229491221698
v -0.0792158097028732 -0.0045000002719462 0.0189935993403196
vn -1.5707972613837828 1.5707972061330056 -1.5707963267945604
v -0.0792158097028732 -0.0045000002719462 0.0060309274122119
vn -3.1114073712800203 -0.3064542793060334 -2.9452381670924277
v -0.0792158097028732 -0.0084999995306134 0.0060309255495667
vn -6.1274761506475439 -0.5999486464023382 0.5999500780888553
v -0.0792158097028732 -0.0084999995306134 0.0189935993403196
vn -2.8466821289275148 -1.1791381196433532 -2.7489025344154983
v -0.0790635645389557 -0.0092653678730130 0.0060309255495667
vn 1.7439995915454558 -0.9214674643435463 -5.5628577154501055
v -0.0770862698554993 -0.0062758945859969 0.0060309264808893
vn 1.9711103634689926 -0.0735216677827837 -5.5628514806223848
v -0.0772647261619568 -0.0069422260858119 0.0060309264808893
vn 1.8077903566420974 0.7889853306364727 -5.5628664940023613
v -0.0771364048123360 -0.0076199998147786 0.0060309264808893
vn -5.5729831356006532 -2.3084046618631846 0.5869788440459278
v -0.0790635645389557 -0.0092653678730130 0.0189935993403196
vn -2.1787592660210504 -2.1787566380745806 -2.7488881813228838
v -0.0786300227046013 -0.0099142147228122 0.0060309269465506
vn -0.0691308374995686 -2.1021567507595571 -5.4681484208960072
v -0.0757158026099205 0.0255500003695488 0.0060309255495667
vn 0.4583847785277128 -2.0097685411018089 -5.5001979325952250
v -0.0759557336568832 0.0255313180387020 0.0060309255495667
vn -0.3064456905062180 3.1114111347362132 -2.9452451901868058
v -0.0772158056497574 0.0274999998509884 0.0060309264808893
vn -1.1791310476134058 2.8466862990622794 -2.7488928681298557
v -0.0779811739921570 0.0273477602750063 0.0060309269465506
vn -0.6531594158122920 -1.9108833650177330 -5.5308110090070191
v -0.0752675607800484 0.0254837721586227 0.0060309250839055
vn 0.3063731912676676 3.1114248255845247 -2.9453517462720344
v -0.0735442340373993 0.0274999998509884 0.0060309241525829
vn -0.5999041184750870 6.1274846361165096 0.5999428452415392
v -0.0772158056497574 0.0274999998509884 0.0189935974776745
vn 0.5963104709398139 6.1274757563137765 0.6035782165901027
v -0.0735442265868187 0.0274999998509884 0.0189935993403196
vn -1.3331850877602662 -1.4537071503077241 -5.5628574477233776
v -0.0746681690216064 0.0251423474401236 0.0060309246182442
vn 1.1791973263079771 2.8466717408984565 -2.7489998254163410
v -0.0727788656949997 0.0273477602750063 0.0060309236869216
vn 2.2634334671591652 5.6866991074025952 0.2512471360690695
v -0.0727832168340683 0.0273495577275753 0.0189935993403196
vn 1.1205955949393316 -1.6232415974839509 -5.5628552789512415
v -0.0765963867306709 0.0252755675464869 0.0060309260152280
vn -2.3083929445801301 5.5729833763638954 0.5869687347772439
v -0.0779811739921570 0.0273477602750063 0.0189935993403196
vn 1.9834052255084231 2.4167908803371443 -2.9452424637807075
v -0.0721300169825554 0.0269142147153616 0.0060309232212603
vn 3.9984256317495221 4.7132508248598324 0.5056384954492572
v -0.0721300095319748 0.0269142147153616 0.0189935974776745
vn 3.4811445136497898 5.2277626685709615 0.1230278992357607
v -0.0727793648838997 0.0273469947278500 0.0189935993403196
vn -1.8318829090945936 -0.7312943887266086 -5.5628698345707894
v -0.0742762684822083 0.0245746672153473 0.0060309246182442
vn 1.9834084100773932 2.4167875508525398 -3.3379424712307859
v -0.0698873773217201 0.0246715731918812 0.0060309218242764
vn 4.1066664506434645 4.6899462000277587 0.6306776462097736
v -0.0698873698711395 0.0246715731918812 0.0189935974776745
vn -0.1922622656087615 -5.4453248097054310 -2.3253414872472979
v -0.0757158026099205 0.0252500008791685 0.0063309250399470
vn -1.7937193148480821 -5.1719511843683046 -2.3843584754471716
v -0.0753543227910995 0.0251965913921595 0.0063309245742857
vn 1.2526431384681793 -5.3223675983691399 -2.3546460297538907
v -0.0759093016386032 0.0252349339425564 0.0063309250399470
vn -3.7015274518353749 -4.0361589347572773 -2.4136574272960782
v -0.0748709365725517 0.0249212477356195 0.0063309245742857
vn 3.1113072349861035 -4.5068491738311485 -2.4136543830275077
v -0.0764259546995163 0.0250286832451820 0.0063309255056083
vn -5.0861729577832762 -2.0304274990105302 -2.4136665396952832
v -0.0745548903942108 0.0244634412229061 0.0063309241086245
vn 4.7586301636205253 -2.7106036567513669 -2.4136500126439113
v -0.0768019556999207 0.0246186889708042 0.0063309255056083
vn -1.9677946293558219 0.1359616506637616 -5.5628475345960009
v -0.0741694942116737 0.0238931663334370 0.0060309246182442
vn 1.1842350193423188 2.8456586890779914 -3.5258538921112543
v -0.0685896873474121 0.0238044820725918 0.0060309213586152
vn -5.4634683625863918 0.3774923513150369 -2.4136486948124909
v -0.0744687765836716 0.0239138435572386 0.0063309241086245
vn 1.8319077530353214 0.7313041338026653 -5.5628465473227227
v -0.0771553367376328 0.0234253332018852 0.0060309264808893
vn 5.4634709535428554 -0.3774826318697478 -2.4136480607677364
v -0.0769628360867500 0.0240861568599939 0.0063309255056083
vn 0.3013169774901182 3.1124101940441329 -3.3301396995490458
v -0.0670589506626129 0.0234999991953373 0.0060309204272926
vn -1.7139060815117826 0.9762565146577364 -5.5628768086557763
v -0.0743689760565758 0.0232328251004219 0.0060309246182442
vn -4.7586186158998247 2.7105891444717995 -2.4136682986377727
v -0.0746296569705009 0.0233813114464283 0.0063309241086245
vn 3.1292607605018974 5.3744819911735213 0.6303247484813919
v -0.0690698176622391 0.0240421984344721 0.0189935974776745
vn 1.6166615122750665 6.0059215509567565 0.6179483303297524
v -0.0681002885103226 0.0236379262059927 0.0189935974776745
vn 2.3950238161045991 5.7437734743993296 0.6029917308423118
v -0.0685763508081436 0.0238364357501268 0.0189935974776745
vn 0.4118375985134458 6.2207342543982698 0.6189365271414566
v -0.0670589432120323 0.0234999991953373 0.0189935974776745
vn 0.3315484835849828 6.2173415402375749 0.5461732711510661
v -0.0242268722504377 0.0234999991953373 0.0163804944604635
vn 0.0218199805159884 6.2200804344946352 0.6259142199227685
v -0.0335672907531261 0.0234999991953373 0.0189935993403196
vn 0.0868764115903994 6.2173414286475790 0.6329951299417766
v -0.0311197973787785 0.0234999991953373 0.0188264269381762
vn 0.1721392898629986 6.2173414747127680 0.6153032674032510
v -0.0287177599966526 0.0234999991953373 0.0183280166238546
vn 0.2542051425866437 6.2173409848873140 0.5861849534551720
v -0.0264058038592339 0.0234999991953373 0.0175076276063919
vn 1.3331740034045134 1.4537059008866275 -5.5628617222557297
v -0.0767634436488152 0.0228576529771090 0.0060309260152280
vn 5.0861945708466525 2.0304253132659635 -2.4136456995303832
v -0.0768767222762108 0.0235365591943264 0.0063309255056083
vn -1.1205970611656435 1.6232238739071598 -5.5628678719170228
v -0.0748352184891701 0.0227244328707457 0.0060309250839055
vn -3.1112967903248858 4.5068383669041632 -2.4136716018085891
v -0.0750056579709053 0.0229713171720505 0.0063309245742857
vn 0.6531510113609864 1.9108913046741951 -5.5308033079974965
v -0.0761640444397926 0.0225162282586098 0.0060309255495667
vn 3.7015222931133720 4.0361639855098179 -2.4136584926404314
v -0.0765606760978699 0.0230787526816130 0.0063309255056083
vn -0.4583918665059537 2.0097642137772525 -5.5002029896868638
v -0.0754758715629578 0.0224686823785305 0.0060309255495667
vn -1.2526470361565327 5.3223603695705446 -2.3546504884413779
v -0.0755223110318184 0.0227650664746761 0.0063309250399470
vn 0.0691262645755941 2.1021484751258490 -5.4681469684208652
v -0.0757158026099205 0.0224500000476837 0.0060309255495667
vn 1.7937189943004619 5.1719597394529409 -2.3843513869270558
v -0.0760772898793221 0.0228034090250731 0.0063309250399470
vn 0.1922455126858407 5.4453238577229133 -2.3253434766332255
v -0.0757158026099205 0.0227499995380640 0.0063309250399470
vn -0.1781557809303450 -3.0279305842974025 -3.1314569619085777
v -0.0335672907531261 0.0215000007301569 0.0189935993403196
vn -1.3707169761051186 -2.9142682892932479 -2.8042434260175471
v -0.0256626568734646 0.0215000007301569 0.0171650797128677
vn -0.7034561927466736 -2.9142685715576313 -3.0410188950014474
v -0.0295106060802937 0.0215000007301569 0.0185305122286081
vn 1.1714764314575812 -1.5869099882985060 -5.5628571866925833
v -0.0766363739967346 -0.0057529821060598 0.0060309260152280
vn -0.0373636789026957 -2.1025345997554177 -5.4685350368068661
v -0.0757158026099205 -0.0054499995894730 0.0060309255495667
vn 0.5042507474085733 -1.9887805318084859 -5.5074270026287824
v -0.0760041475296021 -0.0054770554415882 0.0060309255495667
vn -0.1781557809303450 3.0279305842974029 -3.1314569619085777
v -0.0335672907531261 -0.0045000002719462 0.0189935993403196
vn -0.7034561927466734 2.9142685715576313 -3.0410188950014474
v -0.0295106060802937 -0.0045000002719462 0.0185305122286081
vn -1.3707169761051188 2.9142682892932479 -2.8042434260175471
v -0.0256626568734646 -0.0045000002719462 0.0171650797128677
vn -1.2864417142191420 -1.4952264136745912 -5.5628623092277429
v -0.0747049003839493 -0.0058250245638192 0.0060309250839055
vn -0.6095607893443407 -1.9353042387363226 -5.5239684107143558
v -0.0753148123621941 -0.0055027673952281 0.0060309250839055
vn 0.3064452563609721 -3.1114103987273340 -3.3379423949669995
v -0.0670589506626129 -0.0064999996684492 0.0060309204272926
vn -1.8077914740822645 -0.7889871435551004 -5.5628651999716014
v -0.0742952078580856 -0.0063799996860325 0.0060309246182442
vn -0.1039319203239954 -5.4472096708379603 -2.3259171599386237
v -0.0757158026099205 -0.0057500000111759 0.0063309250399470
vn -1.6711459267824096 -5.2116864071979956 -2.3778232324121724
v -0.0753924250602722 -0.0057925549335778 0.0063309245742857
vn 1.3785759286042092 -5.2930357541361621 -2.3617579714164108
v -0.0759483426809311 -0.0057718190364540 0.0063309250399470
vn -3.5717531940241547 -4.1514364059352777 -2.4136609946059195
v -0.0749005600810051 -0.0060524395667017 0.0063309245742857
vn 3.2525664208125824 -4.4059872106324702 -2.4136545540896028
v -0.0764582008123398 -0.0059943399392068 0.0063309255056083
vn -5.0192720112480007 -2.1905973053228225 -2.4136648359489641
v -0.0745701640844345 -0.0064999996684492 0.0063309241086245
vn 4.8421542490069456 -2.5584111553704019 -2.4136568805380403
v -0.0768210217356682 -0.0064160446636379 0.0063309255056083
vn -1.9710779964361591 0.0735142161363109 -5.5628771727128834
v -0.0741668790578842 -0.0070577734149992 0.0060309246182442
vn -5.4726625081975131 0.2041036947596299 -2.4136768993935416
v -0.0744666755199432 -0.0070465919561684 0.0063309241086245
vn 0.0213058774974594 -6.2223080078640916 0.6148796408428582
v -0.0335672907531261 -0.0064999996684492 0.0189935974776745
vn 0.4195807400390309 -6.2202417869080229 0.6265874552060879
v -0.0670589432120323 -0.0064999996684492 0.0189935974776745
vn 1.1747225217111401 -2.8496184823466666 -3.5257269142717536
v -0.0685896798968315 -0.0068044806830585 0.0060309213586152
vn 0.3256676868817059 -6.2196801803371953 0.5364874481348475
v -0.0242268722504377 -0.0064999996684492 0.0163804944604635
vn 0.2496977344129549 -6.2196795326202077 0.5757892368021112
v -0.0264058038592339 -0.0064999996684492 0.0175076276063919
vn 0.1690861395282521 -6.2196800890303230 0.6043911633620593
v -0.0287177599966526 -0.0064999996684492 0.0183280166238546
vn 0.0853355996318610 -6.2196800516181154 0.6217691339571415
v -0.0311197973787785 -0.0064999996684492 0.0188264269381762
vn 1.9878169441640796 -2.4138167541983178 -3.3299938747742934
v -0.0698873773217201 -0.0076715727336705 0.0060309218242764
vn 1.6090576649990287 -6.0073044488299931 0.6261323673511656
v -0.0681002885103226 -0.0066379276104271 0.0189935974776745
vn 3.1231241337252844 -5.3798033944406205 0.6142565520995704
v -0.0690698176622391 -0.0070421989075840 0.0189935974776745
vn 2.3952945711928502 -5.7444327049438080 0.5993942766926692
v -0.0685763508081436 -0.0068364352919161 0.0189935974776745
vn 5.4726822616890063 -0.2041130614887268 -2.4136555676351570
v -0.0769649371504784 -0.0069534084759653 0.0063309255056083
vn -1.7440079142428588 0.9214779317322516 -5.5628502487944633
v -0.0743453428149223 -0.0077241049148142 0.0060309246182442
vn -4.8421499815000661 2.5584179090684853 -2.4136561714819695
v -0.0746105909347534 -0.0075839557684958 0.0063309241086245
vn 1.2864399769981141 1.4952264577216030 -5.5628598150860054
v -0.0767267122864723 -0.0081749754026532 0.0060309260152280
vn 5.0192714199223847 2.1905979438911776 -2.4136674988889038
v -0.0768614485859871 -0.0075000007636845 0.0063309255056083
vn 1.9833464308433162 -2.4168299707953311 -2.9451352407684248
v -0.0721300169825554 -0.0099142147228122 0.0060309232212603
vn 4.1134380061379989 -4.6855166153586403 0.6153050509156210
v -0.0698873698711395 -0.0076715708710253 0.0189935974776745
vn -1.1714825907425326 1.5869076332832770 -5.5628577974755400
v -0.0747952386736870 -0.0082470187917352 0.0060309250839055
vn -3.2525712583258453 4.4059842686111796 -2.4136523804760501
v -0.0749734118580818 -0.0080056609585881 0.0063309245742857
vn 0.6095489702886696 1.9353111467606654 -5.5239730038221717
v -0.0761168003082275 -0.0084972335025668 0.0060309255495667
vn -1.1791310948350389 -2.8466863281478161 -2.7488928681298246
v -0.0779811739921570 -0.0103477602824569 0.0060309269465506
vn 3.5717519236790602 4.1514389292458791 -2.4136625338907152
v -0.0765310525894165 -0.0079475613310933 0.0063309255056083
vn 1.1792560881711822 -2.8466321472541884 -2.7488928415410854
v -0.0727788656949997 -0.0103477602824569 0.0060309236869216
vn -0.5042626406473862 1.9887925633524492 -5.5074168633616987
v -0.0754274651408195 -0.0085229435935616 0.0060309250839055
vn -1.3785842861784292 5.2930409841003776 -2.3617470489517149
v -0.0754832699894905 -0.0082281818613410 0.0063309250399470
vn 0.0373479785127615 2.1025356342320789 -5.4685339480764483
v -0.0757158026099205 -0.0085500003769994 0.0060309255495667
vn -0.3064456190588666 -3.1114112073825408 -2.9452451901868426
v -0.0772158056497574 -0.0104999998584390 0.0060309264808893
vn 1.6711360896646628 5.2116875707116339 -2.3778255041373058
v -0.0760391876101494 -0.0082074450328946 0.0063309250399470
vn 0.3063731553547298 -3.1114248306911803 -2.9453517462720074
v -0.0735442340373993 -0.0104999998584390 0.0060309241525829
vn 0.1039198126226971 5.4472147117241114 -2.3259139396308939
v -0.0757158026099205 -0.0082500008866191 0.0063309250399470
vn -4.2653729420223847 -4.2653644825510684 0.5869793074532030
v -0.0786300227046013 -0.0099142147228122 0.0189935974776745
vn 3.4812033748697764 -5.2277234435292934 0.1229209148959996
v -0.0727793648838997 -0.0103469947353005 0.0189935993403196
vn 3.9981337969044226 -4.7136023838232317 0.5052502569670303
v -0.0721300095319748 -0.0099142147228122 0.0189935974776745
vn -2.3083933612693750 -5.5729796403814333 0.5869781996750699
v -0.0779811739921570 -0.0103477602824569 0.0189935993403196
vn 2.2634368973215078 -5.6866987455643745 0.2512445089005981
v -0.0727832168340683 -0.0103495577350259 0.0189935993403196
vn -0.5999069614284019 -6.1274838201667272 0.5999447254114765
v -0.0772158056497574 -0.0104999998584390 0.0189935974776745
vn 0.5963133350331671 -6.1274997911247713 0.6034858844813392
v -0.0735442265868187 -0.0104999998584390 0.0189935993403196
vn -0.1076679462367555 -3.1199917219416093 -2.9171926721487189
v -0.0757157951593399 0.0252500008791685 0.0189935974776745
vn -1.0070595379141003 -2.9188279066151535 -2.7705057889685083
v -0.0753543153405190 0.0251965913921595 0.0189935974776745
vn 0.7043049426054278 -3.0248935598983420 -2.8394807672759779
v -0.0759092941880226 0.0252349339425564 0.0189935993403196
vn -2.0701379173831875 -2.2572927517272356 -2.6927916412968229
v -0.0748709291219711 0.0249212477356195 0.0189935993403196
vn 1.7400553669471519 -2.5205384409977429 -2.6927949471887280
v -0.0764259472489357 0.0250286832451820 0.0189935993403196
vn -2.8445520355008451 -1.1355522544910548 -2.6927932641647470
v -0.0745548829436302 0.0244634412229061 0.0189935974776745
vn 2.6613521299941953 -1.5159587344311374 -2.6928042984206892
v -0.0768019482493401 0.0246186889708042 0.0189935993403196
vn -3.0555387630353490 0.2111128634205170 -2.6927828541457450
v -0.0744687691330910 0.0239138435572386 0.0189935974776745
vn 3.0555389975189362 -0.2111136365585150 -2.6927864498405700
v -0.0769628286361694 0.0240861568599939 0.0189935993403196
vn -2.6613109887657904 1.5159350087504377 -2.6928011662485263
v -0.0746296495199203 0.0233813114464283 0.0189935993403196
vn 2.8445431286785063 1.1355544186995121 -2.6927966115797188
v -0.0768767148256302 0.0235365591943264 0.0189935993403196
vn -1.7400550816759162 2.5205385554110613 -2.6927928995267818
v -0.0750056505203247 0.0229713171720505 0.0189935974776745
vn 2.0701460430153382 2.2572992631841973 -2.6927940774189736
v -0.0765606686472893 0.0230787526816130 0.0189935993403196
vn -0.7043264304858691 3.0249030168906486 -2.8394829187469774
v -0.0755223035812378 0.0227650664746761 0.0189935974776745
vn 1.0070479198701381 2.9188211955376389 -2.7705039937876195
v -0.0760772824287415 0.0228034090250731 0.0189935993403196
vn 0.1076378885707266 3.1199880098129138 -2.9171927989013513
v -0.0757157951593399 0.0227499995380640 0.0189935974776745
vn -0.0582116478061124 -3.1213045177271237 -2.9171940902644327
v -0.0757157951593399 -0.0057500000111759 0.0189935974776745
vn -0.9387612611342057 -2.9462235516502759 -2.7863535450965644
v -0.0753924176096916 -0.0057925549335778 0.0189935974776745
vn 0.7750475164075644 -3.0035772274432109 -2.8236305125241814
v -0.0759483352303505 -0.0057718190364540 0.0189935993403196
vn -1.9975625907954195 -2.3217642829710390 -2.6927935938428309
v -0.0749005526304245 -0.0060524395667017 0.0189935993403196
vn 1.8190585817736524 -2.4641298870761230 -2.6927972505777986
v -0.0764581933617592 -0.0059943399392068 0.0189935993403196
vn -2.8071352433521279 -1.2251342307342536 -2.6927936339549268
v -0.0745701566338539 -0.0064999996684492 0.0189935974776745
vn 2.7081027609437944 -1.4308599365153021 -2.6927886621517723
v -0.0768210142850876 -0.0064160446636379 0.0189935974776745
vn -3.0606839356940609 0.1141467275615638 -2.6927951914024160
v -0.0744666680693626 -0.0070465919561684 0.0189935993403196
vn 3.0606995661957330 -0.1141523650941149 -2.6927987932060522
v -0.0769649296998978 -0.0069534084759653 0.0189935993403196
vn -2.7080388250709424 1.4308293269243944 -2.6927860215555004
v -0.0746105834841728 -0.0075839557684958 0.0189935993403196
vn 2.8071266311422360 1.2251331827412595 -2.6927974344892065
v -0.0768614411354065 -0.0075000007636845 0.0189935993403196
vn -1.8190624289050503 2.4641373219193352 -2.6927945640056108
v -0.0749734044075012 -0.0080056609585881 0.0189935974776745
vn 1.9975688980308051 2.3217715044709806 -2.6927939671932632
v -0.0765310451388359 -0.0079475613310933 0.0189935993403196
vn -0.7750659090025349 3.0035855085776091 -2.8236325806434746
v -0.0754832625389099 -0.0082281818613410 0.0189935974776745
vn 0.9387509567703406 2.9462164834386906 -2.7863559806465550
v -0.0760391801595688 -0.0082074450328946 0.0189935993403196
vn 0.0581876836264519 3.1213021303154522 -2.9171913279924233
v -0.0757157951593399 -0.0082500008866191 0.0189935974776745
vn 1.2421739051348728 5.6542337502451900 2.0462884454673329
v -0.0238297134637833 0.0233477596193552 0.0170347522944212
vn 1.2286119602422541 -5.6672081368759057 2.0239489160146329
v -0.0238365009427071 -0.0063531226478517 0.0170235708355904
vn 2.2473747910348720 -4.3198154926424328 3.7022042229047973
v -0.0234964862465858 -0.0059208623133600 0.0175836943089962
vn 2.9258951708738463 -2.3297123281654013 4.8199574862351486
v -0.0232689864933491 -0.0052697188220918 0.0179584641009569
vn 2.2582962209940050 4.3006260498492601 3.7201961870047224
v -0.0234930180013180 0.0229142140597105 0.0175894051790237
vn 0.9420006349926657 -5.6672098631225838 2.1722089200893349
v -0.0261065028607845 -0.0063531226478517 0.0181978084146976
vn 2.9294817653440584 2.3172501515935293 4.8258668253263366
v -0.0232680477201939 0.0222653672099113 0.0179600100964308
vn 3.2077881473578196 -0.6099056169949411 5.2843187249496539
v -0.0231890492141247 -0.0045000002719462 0.0180901493877172
vn 3.2082383075697298 0.6063446332962807 5.2850601673795694
v -0.0231890492141247 0.0215000007301569 0.0180901493877172
vn 1.7231061316612681 -4.3198199529166352 3.9733966950216857
v -0.0258458033204079 -0.0059208623133600 0.0187989622354507
vn 0.9523992852591824 5.6542341878023370 2.1961867489723366
v -0.0261012986302376 0.0233477596193552 0.0182098094373941
vn 0.6378945945510591 -5.6672071933368100 2.2801221321253733
v -0.0285150818526745 -0.0063531226478517 0.0190524868667126
vn 2.2433404135742752 -2.3297186592574084 5.1730312746653251
v -0.0256713777780533 -0.0052697188220918 0.0192011874169111
vn 1.7314800324704993 4.3006348197650830 3.9927056475542577
v -0.0258431471884251 0.0229142140597105 0.0188050922006369
vn 2.8589003326844433 -0.6151483777367892 5.5267155496931624
v -0.0237939544022083 -0.0045000002719462 0.0184030607342720
vn 2.2460907236586150 2.3172560641353108 5.1793690481011589
v -0.0256706550717354 0.0222653672099113 0.0192028470337391
vn 2.4598138100463238 0.6063454825963001 5.6722087491236168
v -0.0256100855767727 0.0215000007301569 0.0193425193428993
vn 2.8592311547021412 0.6115266346535607 5.5273561225078627
v -0.0237939544022083 0.0215000007301569 0.0184030607342720
vn 1.1668316233697329 -4.3198219271024900 4.1707894944137989
v -0.0283385477960110 -0.0059208623133600 0.0196835044771433
vn 0.6449347406810796 5.6542324930504062 2.3052900197275705
v -0.0285115577280521 0.0233477596193552 0.0190650839358568
vn 0.3219359130089896 -5.6672086850493884 2.3456797609947784
v -0.0310175083577633 -0.0063531226478517 0.0195717271417379
vn 2.4594684734873895 -0.6099106385072097 5.6714120096591740
v -0.0256100855767727 -0.0045000002719462 0.0193425193428993
vn 1.5191184014721131 -2.3297186433296573 5.4300158340490352
v -0.0282204244285822 -0.0052697188220918 0.0201057102531195
vn 1.1725033674569725 4.3006297006624115 4.1910608335925765
v -0.0283367447555065 0.0229142140597105 0.0196899380534887
vn 0.3254902736537257 5.6542330410872488 2.3715728771595059
v -0.0310157276690006 0.0233477596193552 0.0195846855640411
vn 0.0808525112051656 -5.6866144168175063 2.3495547404796651
v -0.0335672907531261 -0.0063531226478517 0.0197458844631910
vn -3.8865968047953956 3.8865793223438652 2.2190734390447098
v -0.0785223692655563 0.0268065631389618 0.0197589658200741
vn -2.1034067909978038 5.0780563710295548 2.2190677378489250
v -0.0779229179024696 0.0272071082144976 0.0197589658200741
vn -5.0780689513800672 2.1034068144798272 2.2190669748824776
v -0.0789229124784470 0.0262071080505848 0.0197589658200741
vn -5.5497685368026453 0.4164681300901626 2.3472158041937932
v -0.0790635645389557 0.0255000013858080 0.0197589658200741
vn -5.2269878012267146 0.4135988212137455 3.4046565596514005
v -0.0789194628596306 0.0255000013858080 0.0199746266007423
vn -5.5949096006146979 -0.5460959217828856 2.2886584946776751
v -0.0790635645389557 -0.0084999995306134 0.0197589658200741
vn -5.0780713674651716 -2.1033987376068670 2.2190657137558141
v -0.0789229124784470 -0.0092071080580354 0.0197589658200741
vn -3.8865912996973497 -3.8865855532482461 2.2190699636010263
v -0.0785223692655563 -0.0098065631464124 0.0197589658200741
vn 0.5107457766388425 6.1409057435241561 1.0991996356456226
v -0.0735442265868187 0.0274907425045967 0.0190398525446653
vn -0.5469388949029863 5.5947313601589803 2.2888822715663242
v -0.0772158056497574 0.0273477602750063 0.0197589658200741
vn -2.1034114482463444 -5.0780631767150162 2.2190629411664413
v -0.0779229179024696 -0.0102071063593030 0.0197589658200741
vn -0.5116054662539914 -5.5823066005847632 2.3067806410707399
v -0.0772158056497574 -0.0103477602824569 0.0197589658200741
vn 0.5107487660885308 -6.1409164459221195 1.0991125043150165
v -0.0735442265868187 -0.0104907443746924 0.0190398506820202
vn 2.3167975357293642 5.5420265153321235 0.9413049705644041
v -0.0727417841553688 0.0273081269115210 0.0192881561815739
vn 4.2680721315676404 4.4414171016522284 1.2331554111903140
v -0.0722370147705078 0.0268072094768286 0.0197497140616179
vn 4.0580210907351413 4.6200186753803045 1.2278422895324490
v -0.0699943751096725 0.0245645679533482 0.0197497140616179
vn 2.6983507461261746 5.1632487751321996 1.7429233633051977
v -0.0726237967610359 0.0271901432424784 0.0195378717035055
vn 3.2638155592751175 4.5977875108381339 2.2772668824804718
v -0.0724472254514694 0.0270135700702667 0.0197047255933285
vn 2.6983614682725179 -5.1632338249452321 1.7429399853086929
v -0.0726237967610359 -0.0101901432499290 0.0195378717035055
vn 2.3168033387642746 -5.5420268797360626 0.9413009711603395
v -0.0727417841553688 -0.0103081269189715 0.0192881561815739
vn 3.2638043130346430 -4.5977986415030134 2.2772787996473642
v -0.0724472254514694 -0.0100135682150722 0.0197047255933285
vn 4.2668980651034749 -4.4418546604905078 1.2355531788118874
v -0.0722382962703705 -0.0098059261217713 0.0197587851434946
vn 3.7735448397397580 -4.2993178229339852 2.3852464569050458
v -0.0699950233101845 -0.0075639211572707 0.0197589639574289
vn 2.8677444533413099 4.9448437200754665 2.4266102199178179
v -0.0691472589969635 0.0239090304821730 0.0197633150964975
vn 1.4881111304208532 5.5190357336855111 2.4269553249910305
v -0.0681403875350952 0.0234891902655363 0.0197633150964975
vn 0.4045311588614172 6.1353147463570874 1.2281484456784546
v -0.0670589432120323 0.0233486741781235 0.0197497140616179
vn 1.4898635297918208 -5.5255123401846209 2.4134012010110362
v -0.0681399181485176 -0.0064909360371530 0.0197589639574289
vn 2.8711105578690672 -4.9506553921862473 2.4130514814138495
v -0.0691463500261307 -0.0069105946458876 0.0197589639574289
vn 0.0417999109130565 6.1622656858483325 1.2253246673182661
v -0.0335672907531261 0.0233495626598597 0.0197498947381973
vn 0.3789709139039331 -5.7084345118492275 2.3853249157922312
v -0.0670589432120323 -0.0063477591611445 0.0197589620947838
vn -1.3423664408251883 -5.8654991637249498 1.1743875218308666
v -0.0735442265868187 -0.0103871086612344 0.0195576697587967
vn -0.4263344215876133 -5.6743274198110409 1.3173949016660964
v -0.0734771713614464 -0.0104234991595149 0.0195373389869928
vn -0.7680384949256758 5.8991719665247997 1.7077658519024956
v -0.0735442265868187 0.0273871086537838 0.0195576697587967
vn -0.5669319443110050 5.4511507194138069 1.6850026396858691
v -0.0734771713614464 0.0274234991520643 0.0195373389869928
vn 0.5888859033619543 -4.3198168830970953 4.2907122580539987
v -0.0309284124523401 -0.0059208623133600 0.0202208887785673
vn 2.0811060770819907 0.6115225642950681 5.8648005468044886
v -0.0268945060670376 0.0215000007301569 0.0197982918471098
vn 1.5209802919306361 2.3172580452280402 5.4366747303838849
v -0.0282199401408434 0.0222653672099113 0.0201074518263340
vn 0.9382541459452769 5.0841736740489072 3.1103763130586097
v -0.0732593834400177 0.0272057075053453 0.0199982989579439
vn 2.0808657248005722 -0.6151419042393971 5.8641213545261257
v -0.0268945060670376 -0.0045000002719462 0.0197982918471098
vn 0.1447200940125522 -5.6626520323576948 2.4283723860950293
v -0.0735442265868187 -0.0103459516540170 0.0197633169591427
vn 0.9979892878738376 -5.1794244425648710 3.0092957345954776
v -0.0732593834400177 -0.0102057075127959 0.0199982989579439
vn 1.8503002507984383 4.0963779572922450 3.9925566503213585
v -0.0729334279894829 0.0268797595053911 0.0203063040971756
vn 0.6551970557887142 5.6423615545637427 2.0624995220238542
v -0.0735442265868187 0.0273459516465664 0.0197633169591427
vn -0.4802824299234952 -5.2007859442467916 3.4495635094844186
v -0.0772158056497574 -0.0103451916947961 0.0197628084570169
vn 0.1181163327208119 -5.2428906621945579 3.4587001583033943
v -0.0335672907531261 -0.0063429358415306 0.0197613276541233
vn 0.1479043124783558 -4.3484674522423710 4.3333495173125334
v -0.0335672907531261 -0.0059208623133600 0.0204011313617229
vn 0.5917464104552794 4.3006295763199285 4.3115648462937592
v -0.0309275034815073 0.0229142140597105 0.0202275067567825
vn 0.0817383463688481 5.6738990565426981 2.3755748446616822
v -0.0335672907531261 0.0233477596193552 0.0197589658200741
vn 0.7666788542650103 -2.3297188300668585 5.5861468766789057
v -0.0308688003569841 -0.0052697188220918 0.0206552334129810
vn 3.4290495102296052 3.9195398133329005 3.4981091094505969
v -0.0725452974438667 0.0264989286661148 0.0204067900776863
vn 3.8024302501898681 4.1491731020205238 2.4185232164904047
v -0.0722389444708824 0.0268052853643894 0.0197633169591427
vn 3.8013365220585276 -4.1500455316053699 2.4204864953810561
v -0.0722389444708824 -0.0098052853718400 0.0197633169591427
vn 3.4277682690795666 -3.9208215427105371 3.4981072930708659
v -0.0725452974438667 -0.0094989286735654 0.0204067900776863
vn 1.9020136351064660 -4.0765508792792495 4.0056210551477376
v -0.0729334279894829 -0.0098797595128417 0.0203063040971756
vn 0.3438507013284558 -5.2091710449923925 3.4794898263934706
v -0.0670589432120323 -0.0063451905734837 0.0197628084570169
vn 3.7686719171557277 4.2944009272616590 2.3984484842906109
v -0.0699962973594666 0.0245626419782639 0.0197633169591427
vn 0.3784263445245592 5.7012672289360520 2.3992554356647551
v -0.0670589432120323 0.0233459509909153 0.0197633150964975
vn -3.9820862611246217 1.6494365367609161 4.1680580608979785
v -0.0785223692655563 0.0260411966592073 0.0204078126698732
vn -3.0477535209117850 3.0477532345287330 4.1680589252062461
v -0.0782158076763153 0.0264999996870756 0.0204078126698732
vn -5.1892736093780476 -0.5126222199937202 3.4673550265536419
v -0.0789194628596306 -0.0084999995306134 0.0199746266007423
vn -3.9820900732515043 -1.6494343663165116 4.1680555293879218
v -0.0785223692655563 -0.0090411966666579 0.0204078126698732
vn -1.6494277927385912 3.9820849436661345 4.1680660972953678
v -0.0777570009231567 0.0268065631389618 0.0204078126698732
vn -0.5127394810255818 5.1887278573184688 3.4682313287009801
v -0.0772158056497574 0.0273451916873455 0.0197628084570169
vn -3.0477533804354593 -3.0477530694239392 4.1680608706743767
v -0.0782158076763153 -0.0094999996945262 0.0204078126698732
vn -1.6494251401874276 -3.9820832580569965 4.1680683885182210
v -0.0777570009231567 -0.0098065631464124 0.0204078126698732
vn 1.1292426744119965 -4.1880764126846071 4.4407652225843375
v -0.0682527869939804 -0.0060723400674760 0.0204078108072281
vn 2.1763347849231649 -3.7525737600656077 4.4401752372934151
v -0.0693643018603325 -0.0065358155407012 0.0204078108072281
vn 2.8760108238489690 -3.2733663373214403 4.3984492424972430
v -0.0703015848994255 -0.0072573577053845 0.0204078108072281
vn 0.1487526888387734 4.3291055901263578 4.3547409529845229
v -0.0335672907531261 0.0229142140597105 0.0204078108072281
vn 0.2874829745085008 -4.3477697749807032 4.3989666894365866
v -0.0670589357614517 -0.0059142145328224 0.0204078108072281
vn -0.4290921845458839 4.3339789738021084 4.2625916847510670
v -0.0772158056497574 0.0269142147153616 0.0204078126698732
vn 0.1668240427484949 5.1060111821479497 3.6439474784795567
v -0.0735442265868187 0.0270917173475027 0.0201409105211496
vn -0.3734792350509039 -4.3049371278654460 4.2810505668762184
v -0.0772158056497574 -0.0099142147228122 0.0204078126698732
vn 3.4366248085430042 3.9131763327104796 3.4987156822851357
v -0.0703026577830315 0.0242562852799892 0.0204067900776863
vn -0.1639354790044410 -5.2078090062334663 3.5075951402818837
v -0.0735442265868187 -0.0100917173549533 0.0201409105211496
vn 2.1651485004318434 3.7332720122138845 4.4602952027331781
v -0.0693676620721817 0.0235300399363041 0.0204144585877657
vn 1.1234236827949322 4.1665267909124992 4.4608975523845622
v -0.0682545229792595 0.0230658892542124 0.0204144585877657
vn 0.3429056205384041 5.1960365255265444 3.4991568198444507
v -0.0670589357614517 0.0229126978665590 0.0204067900776863
vn 1.6657082921415698 0.6063506649115968 5.9539930549086089
v -0.0281789246946573 0.0215000007301569 0.0202540643513203
vn 1.6654737528585961 -0.6099081952762163 5.9531588020739123
v -0.0281789246946573 -0.0045000002719462 0.0202540643513203
vn -4.3338548677483448 0.4286862694593010 4.2627620241519022
v -0.0786300227046013 0.0255000013858080 0.0204078126698732
vn -4.3338550307169488 -0.4286848264615142 4.2627624087713327
v -0.0786300227046013 -0.0084999995306134 0.0204078126698732
vn 0.3919346060056275 -4.1920911593269707 4.4222989020323595
v -0.0735442265868187 -0.0099075334146619 0.0204144604504108
vn 1.2643300966410176 0.6115287730585672 6.0933030391797125
v -0.0301810074597597 0.0215000007301569 0.0206694863736629
vn 0.7676180940393781 2.3172615252587621 5.5929925625414771
v -0.0308685544878244 0.0222653672099113 0.0206570252776146
vn 0.4739332714381424 4.2439391218970695 4.3323569891089111
v -0.0735442265868187 0.0269075334072113 0.0204144604504108
vn -0.2958932308250654 -3.5076070099052234 5.1891942661903085
v -0.0772158056497574 -0.0099065238609910 0.0204129498451948
vn 0.1777510921540067 -3.5063187191501193 5.2077789921368476
v -0.0335672907531261 -0.0059055169112980 0.0204114634543657
vn 0.1925631459212144 -2.3503978864907458 5.6624749728561312
v -0.0335672907531261 -0.0052697188220918 0.0208395496010780
vn 1.2641839728049193 -0.6151516869095347 6.0925968106302548
v -0.0301810074597597 -0.0045000002719462 0.0206694863736629
vn -0.7211076718034442 4.0081535199661520 4.5936082399345608
v -0.0735442265868187 0.0265603419393301 0.0206435006111860
vn -1.4288753160773584 2.3793177946856661 3.9222990137495679
v -0.0735137313604355 0.0265333987772465 0.0207056608051062
vn 2.6944789116134280 3.3031179299662989 4.3519716742461307
v -0.0725489482283592 0.0264952778816223 0.0204144604504108
vn 2.0662641053334436 2.7939756371273057 5.2092421268640416
v -0.0730095505714417 0.0260346755385399 0.0208441764116287
vn -0.7191930911873854 -4.0071079933392300 4.5942986885755044
v -0.0735442265868187 -0.0095603419467807 0.0206435006111860
vn -1.4288867194344310 -2.3793075228073337 3.9222879806672069
v -0.0735137313604355 -0.0095333987846971 0.0207056608051062
vn 2.0643196846783889 -2.7958337050655109 5.2092779410975005
v -0.0730040892958641 -0.0090401349589229 0.0208390820771456
vn 2.6933900394921748 -3.3047330157708870 4.3519911661297712
v -0.0725489482283592 -0.0094952778890729 0.0204144604504108
vn 0.2307341296756698 -3.4862249316130334 5.2171188955824341
v -0.0670589357614517 -0.0059065246023238 0.0204129498451948
vn 2.8606292294957227 3.2575626171025900 4.4180011422278547
v -0.0703063085675240 0.0242526344954967 0.0204144604504108
vn 0.2855543012695937 4.3253651232186261 4.4193453553625437
v -0.0670589357614517 0.0229075327515602 0.0204144585877657
vn -3.4801882241660969 0.3450718770386955 5.2084733795291136
v -0.0781968384981155 0.0255000013858080 0.0206972565501928
vn -2.2654686174694993 0.9383995934810916 5.5671621093401455
v -0.0779229179024696 0.0257928930222988 0.0208413582295179
vn -1.7339116785769249 1.7339116433491342 5.5671826257222907
v -0.0777570009231567 0.0260411966592073 0.0208413582295179
vn -3.4801797370075001 -0.3450865065942860 5.2084771060418236
v -0.0781968384981155 -0.0084999995306134 0.0206972565501928
vn -2.2654728342534338 -0.9383840677705612 5.5671630813863171
v -0.0779229179024696 -0.0087928930297494 0.0208413582295179
vn -2.4051903112192248 -0.2438697294677116 5.6302756685814126
v -0.0779811739921570 -0.0084999995306134 0.0208413582295179
vn -0.9383914903635028 2.2654660755467737 5.5671696057280409
v -0.0775087028741837 0.0262071080505848 0.0208413582295179
vn -0.3456173166361950 3.4792385253095417 5.2091330429106213
v -0.0772158056497574 0.0269065238535404 0.0204129498451948
vn -1.7339003705252134 -1.7339197468616807 5.5671839526668219
v -0.0777570009231567 -0.0090411966666579 0.0208413582295179
vn -0.9383980841168705 -2.2654667214120208 5.5671661791401768
v -0.0775087028741837 -0.0092071080580354 0.0208413582295179
vn 0.5942158902607922 -2.2038019782948002 5.7571042147745155
v -0.0684217065572739 -0.0054458663798869 0.0208413563668728
vn 1.1455378818111162 -1.9750593571079937 5.7565949293112215
v -0.0696904882788658 -0.0059749200008810 0.0208413563668728
vn 1.5364800525015438 -1.7454405162992752 5.7250221027438730
v -0.0707603842020035 -0.0067985537461936 0.0208413582295179
vn 0.1928777002574477 2.3373597562007600 5.6694875936420290
v -0.0335672907531261 0.0222653672099113 0.0208413582295179
vn 0.1513029773417859 -2.3206760494804990 5.7251547415282094
v -0.0670589357614517 -0.0052653676830232 0.0208413563668728
vn -0.2446931860932089 2.4059740009878992 5.6300456097159648
v -0.0772158056497574 0.0262653678655624 0.0208413582295179
vn -0.1998634577948088 -2.3778926391866948 5.6352577311448435
v -0.0772158056497574 -0.0092653678730130 0.0208413582295179
vn 2.2845378628545956 2.6018552756931563 5.2382565766036722
v -0.0707669109106064 0.0237920321524143 0.0208441764116287
vn 1.1322707469500803 1.9521893689649481 5.7680327362633852
v -0.0696970596909523 0.0229636114090681 0.0208467207849026
vn 0.5873327342366437 2.1782746487289102 5.7685391688131142
v -0.0684251114726067 0.0224332362413406 0.0208467189222574
vn 0.1632135825310052 2.3010811004885610 5.7324016786540124
v -0.0670589357614517 0.0222522877156734 0.0208467207849026
vn 0.2417616291969521 3.4477464291795852 5.2427542957722171
v -0.0670589357614517 0.0222561452537775 0.0208441764116287
vn -0.9537615702358981 2.4983209463865266 5.4499896693029246
v -0.0735442265868187 0.0264797564595938 0.0206966623663902
vn -0.9557856645065267 -2.4971164667253176 5.4507783724428016
v -0.0735442265868187 -0.0094797546043992 0.0206966623663902
vn 0.8405433039460195 -0.6099139147149697 6.1243260316349382
v -0.0308478493243456 -0.0045000002719462 0.0208078529685736
vn 0.2111152631575803 -0.6132138008407504 6.2019186528987049
v -0.0335672907531261 -0.0045000002719462 0.0209935978055000
vn 0.2099819998610791 -1.2315685424979133 6.1541430991494135
v -0.0335672907531261 -0.0052515775896609 0.0208431798964739
vn 0.8406622190999736 0.6063523194870111 6.1251854415718769
v -0.0308478493243456 0.0215000007301569 0.0208078529685736
vn 1.3700613307787330 1.9815991676353382 5.6022224125119378
v -0.0730122774839401 0.0260319486260414 0.0208467207849026
vn 0.5154339543217588 2.4090057642411189 5.5565337534612027
v -0.0735442265868187 0.0262522865086794 0.0208467207849026
vn 0.5142089803865876 -2.4109194558885552 5.5556016171726759
v -0.0735442265868187 -0.0092522865161300 0.0208467207849026
vn -0.0820744630467148 -1.2525218492948342 6.1541716142231984
v -0.0772158056497574 -0.0092517593875527 0.0208440646529198
vn 1.3689127942361359 -1.9804474973033677 5.6029000794679540
v -0.0730122774839401 -0.0090319486334920 0.0208467207849026
vn -2.4051839025915882 0.2438621701589221 5.6302808723983482
v -0.0779811739921570 0.0255000013858080 0.0208413582295179
vn 0.2111897969199033 0.6095929548379935 6.2027195145299556
v -0.0335672907531261 0.0215000007301569 0.0209935978055000
vn 0.2100079781818665 1.2239574788281526 6.1556707478918646
v -0.0335672907531261 0.0222562961280346 0.0208431612700224
vn 0.0812517551638607 -1.2258324590425673 6.1613799877651232
v -0.0670589357614517 -0.0052517582662404 0.0208440646529198
vn -0.5025939881925015 0.5025973301571738 6.1615265614500876
v -0.0772158056497574 0.0255000013858080 0.0209935978055000
vn -0.5036007792221810 -0.5018826848351292 6.1616683901502531
v -0.0772158056497574 -0.0084999995306134 0.0209935978055000
vn -0.1231150734181014 1.2245040824820226 6.1603035064756169
v -0.0772158056497574 0.0262517593801022 0.0208440646529198
vn 0.2823860717668192 -0.4867981436768186 6.2318543990975215
v -0.0700752511620522 -0.0053132981993258 0.0209935978055000
vn 0.1463911019873150 -0.5429297817384574 6.2319286425067482
v -0.0686209574341774 -0.0047068907879293 0.0209935978055000
vn 0.3899197554293901 -0.4417148804482444 6.2273015431637582
v -0.0713015869259834 -0.0062573621980846 0.0209935978055000
vn 0.2751774855537528 -0.6607147411646014 6.1928359034085201
v -0.0735442265868187 -0.0085000013932586 0.0209935978055000
vn 0.0372816519511746 -0.5876285184713045 6.2273701918055462
v -0.0670589432120323 -0.0044999993406236 0.0209935978055000
vn 0.2727626493129161 0.6616538693474815 6.1928599921879623
v -0.0735442265868187 0.0255000013858080 0.0209935978055000
vn 1.5186098123832708 1.7262192749993535 5.7368221971751145
v -0.0707696378231049 0.0237893033772707 0.0208467207849026
vn 0.3829837997256714 0.4338564121121773 6.2292893628752708
v -0.0713015869259834 0.0232573579996824 0.0209935978055000
vn 0.2773503195485414 0.4781208706973862 6.2336828007462000
v -0.0700752511620522 0.0223132967948914 0.0209935978055000
vn 0.1437854747290216 0.5332543498182909 6.2337534408244526
v -0.0686209574341774 0.0217068903148174 0.0209935978055000
vn 0.0365796997026391 0.5771385431351025 6.2293628241724557
v -0.0670589506626129 0.0214999988675117 0.0209935959428549
vn 0.5410242644907793 2.7899653344307080 3.0454808975198042
v -0.0295041166245937 0.0234999991953373 0.0060309115797281
vn -0.9504863588194532 3.2294985493131128 -2.9911746226594667
v -0.0283693652600050 0.0234999991953373 0.0024190666154027
vn -3.7234883450912521 -0.4230147747629440 -4.5605082368548144
v -0.0194259062409401 0.0206761099398136 -0.0008620401495136
vn -3.3691355910012994 -1.2204884427052498 -4.6905101822735205
v -0.0199922695755959 0.0219507012516260 -0.0006542561459355
vn -2.7236375955714105 -1.7733666543985289 -4.9273223709867908
v -0.0210239700973034 0.0228343605995178 -0.0002757548645604
vn -1.9220904408889994 -1.9757105555155416 -5.2179623416970680
v -0.0223142504692078 0.0231500007212162 0.0001976129424293
vn -3.7234886222069608 -0.4230153688225411 -4.5605080054017488
v -0.0194259062409401 -0.0023238905705512 -0.0008620401495136
vn -3.3691372326266364 -1.2204862219278247 -4.6905090439290467
v -0.0199922695755959 -0.0010492992587388 -0.0006542561459355
vn -2.7236353467766774 -1.7733619885406979 -4.9273238992942021
v -0.0210239700973034 -0.0001656390377320 -0.0002757548645604
vn -3.3472822142452987 1.2494373375805459 -4.6985245858619695
v -0.0200272016227245 0.0180030278861523 -0.0006414411473088
vn -3.7156841608557585 0.4592246748327187 -4.5633676841779574
v -0.0194383859634399 0.0192660223692656 -0.0008574617095292
vn -0.9504863552657963 -3.2294985380577597 -2.9911746239632011
v -0.0283693652600050 -0.0064999996684492 0.0024190666154027
vn -1.9128060539639276 1.9813795377305992 -5.2173672156734128
v -0.0223142504692078 -0.0061500002630055 0.0001976129424293
vn -2.7003052081209988 1.7908373849879224 -4.9318831709192317
v -0.0210743546485901 -0.0058597628958523 -0.0002572699449956
vn -3.3472821802583628 1.2494380316885270 -4.6985249751952756
v -0.0200272016227245 -0.0049969726242125 -0.0006414411473088
vn -3.7156845878847542 0.4592252658478428 -4.5633676916211972
v -0.0194383859634399 -0.0037339781410992 -0.0008574617095292
vn -5.8144109503624435 0.0509083167891536 -0.1959786705726309
v -0.0202910918742418 0.0196285378187895 0.0010531321167946
vn -5.8525061640793599 -1.1748594284909504 -0.4194847713393656
v -0.0202846694737673 0.0203541517257690 0.0010507777333260
vn -5.3273009441071588 -2.3065609971598908 -0.3724977575686726
v -0.0202916357666254 0.0203698277473450 0.0010533332824707
vn -5.8144113336712602 0.0509100369911347 -0.1959789993411939
v -0.0202910918742418 -0.0033714626915753 0.0010531321167946
vn -5.8525061910542799 -1.1748596568481846 -0.4194845722995139
v -0.0202846694737673 -0.0026458478532732 0.0010507777333260
vn -5.3273008202874470 -2.3065623566654123 -0.3724979311901059
v -0.0202916357666254 -0.0026301718316972 0.0010533332824707
vn -4.8071020660351920 3.4724462207695219 -0.8061032678773703
v -0.0205996315926313 0.0189539659768343 0.0011663290206343
vn -5.2871890625095865 2.3974037191120812 -0.3916415831198906
v -0.0205960143357515 0.0189617276191711 0.0011650009546429
vn -5.8306782499718350 1.2771369321679471 -0.4289539783966167
v -0.0202912073582411 0.0196155346930027 0.0010531749576330
vn -4.8071703684405165 3.4723499144698633 -0.8061177986126300
v -0.0205996315926313 -0.0040460336022079 0.0011663290206343
vn -5.2872078811534369 2.3972531232879533 -0.3916362550237004
v -0.0205960143357515 -0.0040382710285485 0.0011650009546429
vn -5.8306774207968184 1.2771399805271870 -0.4289541291713036
v -0.0202912073582411 -0.0033844648860395 0.0010531749576330
vn -4.8677236640126367 -3.3914884832284389 -0.7793064575581539
v -0.0205813366919756 0.0210217963904142 0.0011596160475165
vn -3.9233822277930628 -4.2015972208750050 -0.8854459087912170
v -0.0205972027033567 0.0210353843867779 0.0011654368136078
vn -4.8677748134408523 -3.3914140915294637 -0.7792750587958174
v -0.0205813366919756 -0.0019782041199505 0.0011596160475165
vn -3.9234587494818367 -4.2015550290348669 -0.8854400386812782
v -0.0205972027033567 -0.0019646151922643 0.0011654368136078
vn -2.7003041772083614 1.7908319785446645 -4.9318830079386053
v -0.0210743546485901 0.0171402376145124 -0.0002572699449956
vn -3.2590937561142193 4.8126440446022967 -1.7872376449373237
v -0.0211481433361769 0.0185020286589861 0.0013675619848073
vn -3.7787786087032935 4.3645061807720715 -1.1949979951698326
v -0.0211449246853590 0.0185046792030334 0.0013663810677826
vn -3.2590938398892177 4.8126434707605217 -1.7872384195512465
v -0.0211481433361769 -0.0044979709200561 0.0013675619848073
vn -3.7787784867788443 4.3645057437485280 -1.1949986437466547
v -0.0211449246853590 -0.0044953203760087 0.0013663810677826
vn -1.8840419768040493 -5.2545790114474347 -1.6315818030426716
v -0.0211455654352903 0.0214904919266701 0.0013666176237166
vn -3.0737361857015957 -4.9285315985957387 -1.4359887795832871
v -0.0211217496544123 0.0214846655726433 0.0013578799553216
vn -1.9220894341728505 -1.9757057836960366 -5.2179621480414413
v -0.0223142504692078 0.0001500001526438 0.0001976129424293
vn -1.9128050033340906 1.9813745935845839 -5.2173670015641855
v -0.0223142504692078 0.0168500002473593 0.0001976129424293
vn -1.8840434599847582 -5.2545777608016646 -1.6315785842744457
v -0.0211455654352903 -0.0015095085836947 0.0013666176237166
vn -3.0737338059325565 -4.9285322241128915 -1.4359887909151365
v -0.0211217496544123 -0.0015153349377215 0.0013578799553216
vn -0.8259091367164538 5.4764066550407318 -2.2624503102752542
v -0.0217976104468107 0.0183499995619059 0.0016058338806033
vn -0.8259094237666295 5.4764059919068391 -2.2624510914554619
v -0.0217976104468107 -0.0046500000171363 0.0016058338806033
vn -1.5639427182514911 0.6896862256014324 4.3984789670274873
v -0.0197717007249594 0.0196285098791122 0.0024603435304016
vn -1.5647893636316168 -0.6892094320882305 4.3972799042017510
v -0.0197717007249594 0.0203714892268181 0.0024603435304016
vn -0.9975689208558909 -1.9285490383849813 4.1876847016311505
v -0.0200777258723974 0.0210391450673342 0.0025726163294166
vn 1.2303765999212537 -3.0678010893895054 3.3579885494088173
v -0.0212809760123491 0.0216499995440245 0.0030140548478812
vn 0.0114282707441819 -2.7747226808313337 3.8113919341613518
v -0.0206277202814817 0.0214961022138596 0.0027743934188038
vn 0.5410243027726315 -2.7899652112909932 3.0454808604738020
v -0.0295041166245937 -0.0064999996684492 0.0060309115797281
vn -1.5639430060328678 0.6896870996470273 4.3984790697429768
v -0.0197717007249594 -0.0033714896999300 0.0024603435304016
vn -0.9952046818503890 1.9284789894975263 4.1913363140721236
v -0.0200777258723974 -0.0040391455404460 0.0025726163294166
vn -0.9952031406738019 1.9284812979559360 4.1913356137358022
v -0.0200777258723974 0.0189608540385962 0.0025726163294166
vn 0.0111270580572413 2.7731586320826795 3.8157579787182314
v -0.0206277202814817 -0.0044961026869714 0.0027743934188038
vn 1.2413114762376880 3.0653884478794589 3.3588517179346860
v -0.0212809760123491 -0.0046500000171363 0.0030140548478812
vn -0.9975693343908270 -1.9285512923814672 4.1876858924220652
v -0.0200777258723974 -0.0019608545117080 0.0025726163294166
vn -1.5647909243876468 -0.6892112929402450 4.3972807996925267
v -0.0197717007249594 -0.0026285103522241 0.0024603435304016
vn -1.1263136732673900 -1.7871070789288552 -5.5104801434703186
v -0.0235613696277142 0.0228561963886023 0.0006551463739015
vn -0.8477278668291621 -5.4772419963130750 -2.2533428354227993
v -0.0217976104468107 0.0216499995440245 0.0016058338806033
vn 0.3368023207465316 -5.2623285659346957 -2.4600897562374420
v -0.0224468875676394 0.0214970391243696 0.0018440348794684
vn -1.1263135595449003 1.7871072046717122 -5.5104797184196537
v -0.0235613696277142 0.0171438045799732 0.0006551463739015
vn 1.3588778488259980 4.9565589320264518 -3.0635305991749124
v -0.0224508661776781 0.0185038968920708 0.0018454933306202
vn -1.1263136618146652 -1.7871074446374347 -5.5104795663790078
v -0.0235613696277142 -0.0001438041799702 0.0006551463739015
vn -0.8477304088638082 -5.4772428198049390 -2.2533406986382172
v -0.0217976104468107 -0.0013500000350177 0.0016058338806033
vn 0.3368027228089162 -5.2623292725733455 -2.4600891142022903
v -0.0224468875676394 -0.0015029604546726 0.0018440348794684
vn -1.1263133532658325 1.7871064196079240 -5.5104805480780117
v -0.0235613696277142 -0.0058561959303916 0.0006551463739015
vn 1.3588774385309610 4.9565586504020551 -3.0635301551522374
v -0.0224508661776781 -0.0044961026869714 0.0018454933306202
vn -0.4806853718268212 -1.2401875630090351 -5.7513378490224296
v -0.0246113594621420 0.0219838246703148 0.0010403587948531
vn 1.3611323413293268 -4.9546936240597610 -3.0664438181530862
v -0.0224508624523878 0.0214961022138596 0.0018454933306202
vn 2.3595318688765379 -4.2514168211589007 -3.1964169220038334
v -0.0229944456368685 0.0210444740951061 0.0020449196454138
vn -0.4806861972441351 -1.2401870931129806 -5.7513372185206890
v -0.0246113594621420 -0.0010161758400500 0.0010403587948531
vn -0.4806868831332019 1.2401874009426057 -5.7513368312977287
v -0.0246113594621420 0.0180161762982607 0.0010403587948531
vn 2.3623416390681125 4.2512988050810865 -3.1889596874315718
v -0.0224701259285212 0.0185199007391930 0.0018525602063164
vn 1.3611328058716485 -4.9546942325625043 -3.0664431330955439
v -0.0224508624523878 -0.0015038973651826 0.0018454933306202
vn 2.3595323832299337 -4.2514172752267383 -3.1964164937690529
v -0.0229944456368685 -0.0019555254839361 0.0020449196454138
vn -0.4806846564998870 1.2401883923312520 -5.7513373899927709
v -0.0246113594621420 -0.0049838232807815 0.0010403587948531
vn 2.3623420349150397 4.2512983958568205 -3.1889585534312239
v -0.0224701259285212 -0.0044800988398492 0.0018525602063164
vn -0.1154579530315347 -0.4433610142528493 -5.8853307799455825
v -0.0251955855637789 0.0207092072814703 0.0012546955840662
vn 3.1631560477280214 -3.4497132748669084 -3.7296083355695004
v -0.0230008605867624 0.0210391450673342 0.0020472721662372
vn 3.7958688840647699 -2.3652049169788509 -3.7213355118859699
v -0.0233015287667513 0.0203831717371941 0.0021575801074505
vn -0.1154587032840080 0.4433611283076647 -5.8853309693179181
v -0.0251955855637789 0.0192907918244600 0.0012546955840662
vn 3.7970351923732673 2.3655506917977553 -3.7174469559634646
v -0.0230097901076078 0.0189803354442120 0.0020505485590547
vn 3.1655328315326039 3.4498483951597660 -3.7258818966687044
v -0.0230008605867624 0.0189608540385962 0.0020472721662372
vn -0.1154584681308656 -0.4433609493066254 -5.8853308443826373
v -0.0251955855637789 -0.0022907922975719 0.0012546955840662
vn 3.1631573354486351 -3.4497126161556335 -3.7296081256452109
v -0.0230008605867624 -0.0019608545117080 0.0020472721662372
vn 3.7958325345740986 -2.3652711944567861 -3.7213006633636150
v -0.0233015287667513 -0.0026168287731707 0.0021575801074505
vn -0.1154585872415761 0.4433613865367149 -5.8853309097275144
v -0.0251955855637789 -0.0037092077545822 0.0012546955840662
vn 3.7970182079182262 2.3655964473219253 -3.7174531089510952
v -0.0230097901076078 -0.0040196650661528 0.0020505485590547
vn 3.1655036540320305 3.4498903804395105 -3.7258634646104776
v -0.0230008605867624 -0.0040391455404460 0.0020472721662372
vn 0.0111248044541630 2.7731608229948601 3.8157588055018135
v -0.0206277202814817 0.0185038968920708 0.0027743934188038
vn 4.1800355149588730 -1.2330985271540893 -4.1010489423264680
v -0.0233068820089102 0.0203714892268181 0.0021595433354378
vn 4.3095375147964976 0.0000000000000000 -3.9075780414828483
v -0.0233068820089102 0.0196458473801613 0.0021595433354378
vn 4.1808027329952591 1.2330431824270589 -4.0998310289906801
v -0.0233068820089102 0.0196285098791122 0.0021595433354378
vn 4.1800126841966252 -1.2331864806228450 -4.1010516287091363
v -0.0233068820089102 -0.0026285103522241 0.0021595433354378
vn 4.3095375147964976 0.0000000000000000 -3.9075780414828483
v -0.0233068820089102 -0.0033541521988809 0.0021595433354378
vn 4.1808031488252535 1.2330415925799882 -4.0998309738547700
v -0.0233068820089102 -0.0033714896999300 0.0021595433354378
vn 0.0114260487074116 -2.7747245809045928 3.8113938586171057
v -0.0206277202814817 -0.0015038973651826 0.0027743934188038
vn 1.2413112888380327 3.0653785399780045 3.3588523946405964
v -0.0212809760123491 0.0183499995619059 0.0030140548478812
vn 1.2303744345064924 -3.0677911530995923 3.3579893438582027
v -0.0212809760123491 -0.0013500000350177 0.0030140548478812
vn 2.4520220665245693 -2.7772018707946766 2.9176076514350093
v -0.0219304431229830 0.0214979704469442 0.0032523265108466
vn 2.4520215218833243 -2.7771935385262854 2.9176078512641404
v -0.0219304431229830 -0.0015020291320980 0.0032523265108466
vn 3.4597071118574303 -1.9419672109907340 2.5556696223085180
v -0.0224789511412382 0.0210460331290960 0.0034535597078502
vn 2.4905483284658572 2.7559191462543606 2.9052370640267187
v -0.0219568330794573 0.0185153353959322 0.0032620085403323
vn 3.4596907849092844 -1.9419620422808541 2.5556756121726325
v -0.0224789511412382 -0.0019539664499462 0.0034535597078502
vn 2.4905488687300434 2.7559255687656581 2.9052399622738396
v -0.0219568330794573 -0.0044846651144326 0.0032620085403323
vn 4.0321569591009965 -0.7144381029853745 2.3441236758841542
v -0.0227873791009188 0.0203844644129276 0.0035667116753757
vn 3.4938277818987293 1.8960963689045953 2.5386395828285457
v -0.0224972497671843 0.0189782045781612 0.0034602726809680
vn 4.0321553088215261 -0.7144343867152179 2.3441244152641150
v -0.0227873791009188 -0.0026155351661146 0.0035667116753757
vn 3.4938268524767784 1.8960989442943235 2.5386413074930259
v -0.0224972497671843 -0.0040217959322035 0.0034602726809680
vn 4.0444207110821084 0.6565003305896318 2.3381331764752096
v -0.0227939169853926 0.0196458473801613 0.0035691107623279
vn 4.0444151044626038 0.6564957298587781 2.3381346692213709
v -0.0227939169853926 -0.0033541521988809 0.0035691107623279
vn -0.5473712065532824 3.3174058252292609 -3.0812201120707372
v -0.0300645288079977 0.0234999991953373 0.0028767755720764
vn -0.5473712065532830 -3.3174058252292609 -3.0812201120707385
v -0.0300645288079977 -0.0064999996684492 0.0028767755720764
vn -0.1379059037419745 3.2294994531887409 -3.1355273138781241
v -0.0318136103451252 0.0234999991953373 0.0030309290159494
vn -0.1379058866691250 -3.2294994576480605 -3.1355273138780873
v -0.0318136103451252 -0.0064999996684492 0.0030309290159494
vn 1.2204862353754640 -1.5474718831085887 -5.5639221862403643
v -0.1121665090322495 0.0109733110293746 0.0030309276189655
vn -2.8466832654697400 1.1791381073891185 -2.7488870631385476
v -0.1139325052499771 0.0129134170711040 0.0030309287831187
vn -2.1787574110960386 2.1787555623916122 -2.7488909812954385
v -0.1128486394882202 0.0145355332642794 0.0030309280846268
vn 0.5469512000308321 -1.9674708249842801 -5.5145155945494064
v -0.1108919233083725 0.0115765854716301 0.0030309287831187
vn -1.1791388741987141 2.8466821745667672 -2.7488889067642472
v -0.1112265288829803 0.0156193971633911 0.0030309290159494
vn -2.1787576912025814 2.1787578786939239 2.7489018033033354
v -0.1128486320376396 0.0145355332642794 0.0060309288091958
vn -1.1791370168355948 2.8466837209586067 2.7488947636056134
v -0.1112265214323997 0.0156193971633911 0.0060309278778732
vn -3.1114112593728924 0.3064494944955730 -2.9452338129377127
v -0.1143131107091904 0.0109999999403954 0.0030309290159494
vn -2.8466811216115193 1.1791382301012185 2.7489012027576130
v -0.1139324977993965 0.0129134170711040 0.0060309292748570
vn 1.9757035521713093 -0.0072898763431925 -5.5607107129493976
v -0.1133658140897751 0.0085000004619360 0.0030309283174574
vn -3.1114110959161172 -0.3064495417158205 -2.9452338129361220
v -0.1143131107091904 0.0060000000521541 0.0030309290159494
vn 1.7733548660111094 -0.8598939909230947 -5.5639320508759686
v -0.1130501776933670 0.0098743708804250 0.0030309283174574
vn -3.1114128120318925 0.3064482422422005 2.9452492674854094
v -0.1143131032586098 0.0109999999403954 0.0060309274122119
vn 3.3914280518247142 -4.2999938239115814 -2.4146011892913530
v -0.1112376153469086 0.0097955437377095 0.0045309285633266
vn 1.4976052030851346 -5.2623873516147501 -2.3686249996835462
v -0.1105699688196182 0.0101115442812443 0.0045309280976653
vn 4.9277132399160033 -2.3894262214533168 -2.4145940493170754
v -0.1117004752159119 0.0092199090868235 0.0045309285633266
vn 1.7871084370146686 0.8405510622379689 -5.5612421583482936
v -0.1130720078945160 0.0071716005913913 0.0030309283174574
vn 5.4764481782090604 -0.0232769997979972 -2.4117907953630677
v -0.1118658185005188 0.0085000004619360 0.0045309285633266
vn 1.2401865051598426 1.5296316420225626 -5.5649931007155553
v -0.1121996343135834 0.0060531767085195 0.0030309276189655
vn -2.8466833933487781 -1.1791379078118140 -2.7488871957456458
v -0.1139325052499771 0.0040865829214454 0.0030309287831187
vn 4.9566238054175260 2.3307816713975988 -2.4080234643916705
v -0.1117119193077087 0.0078041716478765 0.0045309285633266
vn 4.2513824338238830 3.3160734463357078 -2.1802631806379034
v -0.1116959154605865 0.0077836536802351 0.0045309285633266
vn 0.5631680190310314 1.9587047382640739 -5.5174391298761165
v -0.1109250187873840 0.0054308758117259 0.0030309287831187
vn -2.1787575154515002 -2.1787553838224865 -2.7488908486865946
v -0.1128486394882202 0.0024644662626088 0.0030309280846268
vn 3.4499942292107333 4.2550218526234493 -2.4075943269068274
v -0.1112549602985382 0.0072183306328952 0.0045309285633266
vn 2.3657058505405444 4.8450424880325196 -2.1822573339627294
v -0.1112354844808578 0.0072088199667633 0.0045309285633266
vn -3.1114122397909005 -0.3064483629398553 2.9452492674841757
v -0.1143131032586098 0.0060000000521541 0.0060309274122119
vn -2.8466811836734300 -1.1791379090369987 2.7489013353651996
v -0.1139324977993965 0.0040865829214454 0.0060309292748570
vn -1.1791392257758582 -2.8466820874793264 -2.7488891408681284
v -0.1112265288829803 0.0013806023634970 0.0030309290159494
vn -2.1787578069300735 -2.1787577054968867 2.7489016706950702
v -0.1128486320376396 0.0024644662626088 0.0060309288091958
vn -0.4065560610663515 3.0880775136507577 -3.4033914623837442
v -0.0822158157825470 0.0159999988973141 0.0030309287831187
vn -0.0094369434040502 -2.1019394801497855 -5.4692734306223034
v -0.0902158170938492 0.0116499997675419 0.0030309278517962
vn -0.3064484100463124 3.1114094848155571 -2.9452422794388702
v -0.1093131154775620 0.0159999988973141 0.0030309278517962
vn -0.0094423378238408 -2.1019374822672674 -5.4692752375492004
v -0.1102158129215240 0.0116499997675419 0.0030309283174574
vn -0.5735356807107594 -1.9539155201502827 -5.5186874212038051
v -0.1094818413257599 0.0115632945671678 0.0030309280846268
vn -0.3064469952608659 3.1114103895143028 2.9452438015787372
v -0.1093131080269814 0.0159999988973141 0.0060309283435345
vn -0.4065504920470892 3.0880645001918889 3.4033934817621909
v -0.0822158083319664 0.0159999988973141 0.0060309292748570
vn -0.0263594732964211 -5.4480322187939221 -2.3401629529401995
v -0.1102158129215240 0.0101500004529953 0.0045309276320040
vn -1.5715376256726810 -5.2416726213468641 -2.3726710898695469
v -0.1098313480615616 0.0101045826449990 0.0045309294946492
vn -1.2494311055299896 -1.5241800153052483 -5.5639360514605043
v -0.1082188338041306 0.0109361037611961 0.0030309290159494
vn -3.4718590748516425 -4.2353184930343488 -2.4145807511474695
v -0.1091697812080383 0.0097760539501905 0.0045309290289879
vn -0.0000028613261798 2.1011957783002995 -5.4698835936348633
v -0.1102158129215240 0.0053499997593462 0.0030309283174574
vn -0.3064487116455373 -3.1114093578582285 -2.9452420453335280
v -0.1093131154775620 0.0010000001639128 0.0030309278517962
vn 1.5423882752092617 5.2508906740971986 -2.3669745842507233
v -0.1105872988700867 0.0068923635408282 0.0045309280976653
vn 0.6084761888039785 5.3356146731825351 -2.2102395126537613
v -0.1105697453022003 0.0068903616629541 0.0045309280976653
vn -0.5631677807639001 1.9587045744345239 -5.5174384291479122
v -0.1095066070556641 0.0054308758117259 0.0030309280846268
vn -0.4065683637029718 -3.0881278745450147 -3.4033906290789107
v -0.0822158157825470 0.0010000001639128 0.0030309287831187
vn -1.2401851725603750 1.5296341796677320 -5.5649955544570764
v -0.1082319915294647 0.0060531767085195 0.0030309290159494
vn -0.0518986982483041 5.4404717487319028 -2.4193807300946890
v -0.1102158129215240 0.0068500000052154 0.0045309276320040
vn -1.4931400626019662 5.2548802713677425 -2.4277821602545617
v -0.1098443269729614 0.0068923635408282 0.0045309294946492
vn -2.3653923726576371 4.8451882524163024 -2.1862118401079438
v -0.1098326444625854 0.0068980664946139 0.0045309294946492
vn -1.1791372231774957 -2.8466834852370546 2.7488949977113473
v -0.1112265214323997 0.0013806023634970 0.0060309278778732
vn -0.3064473987768942 -3.1114101095914948 2.9452435674751882
v -0.1093131080269814 0.0010000001639128 0.0060309283435345
vn 0.5469507185299152 -1.9675006420550185 -5.5145139010503197
v -0.0908919274806976 0.0115765854716301 0.0030309283174574
vn -1.7908420408441392 -0.8364242708368708 -5.5601641517629918
v -0.1073560565710068 0.0098207034170628 0.0030309285502881
vn -4.9604572415052104 -2.3207528688511698 -2.4112826191367311
v -0.1087178438901901 0.0091917971149087 0.0045309285633266
vn -1.9813728801136872 0.0012170416380266 -5.5569551851814190
v -0.1070658117532730 0.0085000004619360 0.0030309285502881
vn -5.4765358253814611 0.0032671485510864 -2.4077601156899249
v -0.1085658073425293 0.0085000004619360 0.0045309285633266
vn 1.2204906031701475 -1.5474621662415591 -5.5639312237092016
v -0.0921665132045746 0.0109733110293746 0.0030309290159494
vn -1.7871094806520471 0.8405493054552337 -5.5612428501750832
v -0.1073596179485321 0.0071716005913913 0.0030309285502881
vn -1.5172556168964477 -2.6279800459379845 -3.6651889111048290
v -0.0807158127427101 0.0005980762070976 0.0030309278517962
vn 1.7733669260931055 -0.8599025872286367 -5.5639203718222268
v -0.0930501669645309 0.0098743708804250 0.0030309276189655
vn 1.9756954035121317 -0.0072935876423992 -5.5607186995792253
v -0.0933658182621002 0.0085000004619360 0.0030309278517962
vn 1.7871025470917052 0.8405424704822613 -5.5612484507801581
v -0.0930720120668411 0.0071716005913913 0.0030309276189655
vn 1.2401849751578258 1.5296306802921342 -5.5649999683423630
v -0.0921996384859085 0.0060531767085195 0.0030309290159494
vn 0.5631680036832521 1.9587032749117617 -5.5174397278811069
v -0.0909250229597092 0.0054308758117259 0.0030309283174574
vn -4.9530792819156471 2.1343144646429999 -2.8159480650994690
v -0.1087197065353394 0.0078041716478765 0.0045309285633266
vn -5.1988940095774137 1.3507735960195681 -2.4310159380146210
v -0.1087187677621841 0.0078084086999297 0.0045309285633266
vn -3.4510105226841943 4.2528599405902909 -2.4124544531437255
v -0.1091766655445099 0.0072183306328952 0.0045309290289879
vn -4.2522024832799303 3.3137198165333324 -2.1882376096151401
v -0.1091713458299637 0.0072251618839800 0.0045309290289879
vn 4.9277116803575671 -2.3894303269678376 -2.4146065482709518
v -0.0917004793882370 0.0092199090868235 0.0045309280976653
vn 3.3914230024996366 -4.2999961456631945 -2.4145943984853973
v -0.0912376046180725 0.0097955437377095 0.0045309276320040
vn 5.4764437133124817 -0.0232683853031617 -2.4117816022720144
v -0.0918658077716827 0.0085000004619360 0.0045309280976653
vn 4.9561021915512704 2.3319011837979979 -2.4081735269694184
v -0.0917119234800339 0.0078041716478765 0.0045309280976653
vn 4.2505457772053949 3.3168442030427614 -2.1799591777288523
v -0.0916959047317505 0.0077836536802351 0.0045309280976653
vn -1.5172728948141310 2.6279934464409456 -3.6651880784492725
v -0.0807158127427101 0.0164019241929054 0.0030309278517962
vn -0.5735301427746362 -1.9539207163495123 -5.5186912560662815
v -0.0894818380475044 0.0115632945671678 0.0030309292487800
vn -0.0263653671798161 -5.4480356246455770 -2.3401587250882256
v -0.0902158170938492 0.0101500004529953 0.0045309290289879
vn -1.5715268330819532 -5.2416721445575929 -2.3726735763756097
v -0.0898313522338867 0.0101045826449990 0.0045309290289879
vn 1.4976264655005416 -5.2623809890800270 -2.3686299626215850
v -0.0905699729919434 0.0101115442812443 0.0045309294946492
vn 3.4493483450397973 4.2555422540615639 -2.4077008209954442
v -0.0912549644708633 0.0072183306328952 0.0045309276320040
vn 2.3649748415286318 4.8452610931972231 -2.1820732611844518
v -0.0912354737520218 0.0072088199667633 0.0045309276320040
vn 0.0000011421467986 2.1011939044078654 -5.4698808222808015
v -0.0902158170938492 0.0053499997593462 0.0030309278517962
vn 1.5424184639944021 5.2508861251742518 -2.3669740325665094
v -0.0905873030424118 0.0068923635408282 0.0045309294946492
vn 0.6084763445732979 5.3356160390833995 -2.2102381239891287
v -0.0905697494745255 0.0068903616629541 0.0045309294946492
vn -0.5631620290548567 1.9587122937393571 -5.5174407499404392
v -0.0895066037774086 0.0054308758117259 0.0030309292487800
vn -0.0518969163511566 5.4404735343966930 -2.4193764376374509
v -0.0902158170938492 0.0068500000052154 0.0045309290289879
vn -1.2494352743062977 -1.5241801701271538 -5.5639309042582497
v -0.0882188379764557 0.0109361037611961 0.0030309285502881
vn -3.4718537792514179 -4.2353239612398026 -2.4145814769077063
v -0.0891697779297829 0.0097760539501905 0.0045309285633266
vn -1.7908362279125072 -0.8364187098430915 -5.5601688285928619
v -0.0873560532927513 0.0098207034170628 0.0030309280846268
vn -4.9604699954837299 -2.3207287031087716 -2.4112844435677463
v -0.0887178406119347 0.0091917971149087 0.0045309280976653
vn -1.9813781391924663 0.0012183693274059 -5.5569515514436274
v -0.0870658159255981 0.0085000004619360 0.0030309278517962
vn -5.4765382368824804 0.0032898276860905 -2.4077488413961667
v -0.0885658115148544 0.0085000004619360 0.0045309280976653
vn -1.7871055502062223 0.8405412026267811 -5.5612487289475965
v -0.0873596146702766 0.0071716005913913 0.0030309280846268
vn -2.6279962346326355 -1.5172774016773178 -3.6651834534621575
v -0.0796177387237549 -0.0004999996745028 0.0030309290159494
vn -0.8364219879590925 -1.7908307484690451 -5.5601726130611837
v -0.0743951052427292 -0.0041402378119528 0.0030309278517962
vn -0.0000016151298428 -1.9821824733728901 -5.5564180256173659
v -0.0757158100605011 -0.0038499995134771 0.0030309287831187
vn -4.9530882415864852 2.1342948871927283 -2.8159399443548243
v -0.0887197107076645 0.0078041716478765 0.0045309280976653
vn -5.1988951725605084 1.3507741111797480 -2.4310011840275152
v -0.0887187719345093 0.0078084086999297 0.0045309280976653
vn -1.2401867599566014 1.5296267636390635 -5.5649973453064252
v -0.0882319882512093 0.0060531767085195 0.0030309285502881
vn -3.4499165171149149 4.2540198040919197 -2.4119315780133839
v -0.0891766697168350 0.0072183306328952 0.0045309285633266
vn -4.2514977526847559 3.3157570852809868 -2.1882106346514942
v -0.0891713425517082 0.0072251618839800 0.0045309285633266
vn -2.3654024492747001 4.8451836573235321 -2.1862228871219154
v -0.0898326411843300 0.0068980664946139 0.0045309290289879
vn -1.4931419590868928 5.2548765558502204 -2.4277898495200763
v -0.0898443236947060 0.0068923635408282 0.0045309290289879
vn -2.6279937135955520 1.5172796173398457 -3.6651806856150286
v -0.0796177387237549 0.0175000000745058 0.0030309290159494
vn -1.5172739674652402 2.6279914874955699 3.6651956148305644
v -0.0807158052921295 0.0164019241929054 0.0060309283435345
vn -1.5172731931848751 -2.6279918616054583 3.6651964475548988
v -0.0807158052921295 0.0005980762070976 0.0060309283435345
vn -0.4065497702126157 -3.0880663777128792 3.4033926490327180
v -0.0822158083319664 0.0010000001639128 0.0060309292748570
vn -2.6279957052133063 -1.5172710843072559 3.6651985188485372
v -0.0796177312731743 -0.0004999996745028 0.0060309278778732
vn 0.3064443570562786 3.1114134459562655 -2.9452459512467573
v -0.0735442340373993 0.0274999998509884 0.0030309292487800
vn 0.0000015151874493 -1.9805682380047220 -5.5574955115057776
v -0.0757158100605011 0.0271500013768673 0.0030309287831187
vn -0.3064442676683186 3.1114094158904444 -2.9452444291242101
v -0.0772158131003380 0.0274999998509884 0.0030309276189655
vn 0.8405475028302123 -1.7871062662406181 -5.5612450217931340
v -0.0770442113280296 0.0268561970442533 0.0030309276189655
vn -1.1791388569041366 2.8466796580204523 -2.7488846353274274
v -0.0779811814427376 0.0273477602750063 0.0030309280846268
vn -0.3064430636037339 3.1114114421143664 2.9452459512478595
v -0.0772158056497574 0.0274999998509884 0.0060309283435345
vn 0.3064420000891503 3.1114162006372412 2.9452444291168174
v -0.0735442265868187 0.0274999998509884 0.0060309278778732
vn 1.5296296913112020 -1.2401861792420439 -5.5649951928356653
v -0.0781626328825951 0.0259838234633207 0.0030309283174574
vn -2.1787594378410953 2.1787597145184781 -2.7488996080228771
v -0.0786300227046013 0.0269142147153616 0.0030309285502881
vn -1.1791287880985146 2.8466843854866362 2.7488939803181545
v -0.0779811739921570 0.0273477602750063 0.0060309288091958
vn -2.8466831969781476 1.1791318160700011 -2.7488813457406214
v -0.0790635719895363 0.0262653678655624 0.0030309287831187
vn -2.1787605606470510 2.1787586218588810 2.7488908994898429
v -0.0786300227046013 0.0269142147153616 0.0060309288091958
vn -0.0000047780350739 -5.4764231798303005 -2.4089611605391070
v -0.0757158100605011 0.0256500001996756 0.0045309280976653
vn 2.3307144001250801 -4.9566547879900416 -2.4080049485967980
v -0.0764116421341896 0.0254961028695107 0.0045309285633266
vn 3.3160337383380858 -4.2514222267727426 -2.1802646235363148
v -0.0764321610331535 0.0254800990223885 0.0045309285633266
vn -3.1114124118048259 0.3064435643027531 -2.9452438592797248
v -0.0792158097028732 0.0255000013858080 0.0030309287831187
vn -2.8466845486153831 1.1791359857353827 2.7489068636238736
v -0.0790635645389557 0.0262653678655624 0.0060309292748570
vn 1.9186588984899604 -0.4433632544634477 -5.5649955892879488
v -0.0787849351763725 0.0247092079371214 0.0030309285502881
vn 4.2554419701768600 -3.4494732979466138 -2.4076715191169402
v -0.0769974812865257 0.0250391457229853 0.0045309285633266
vn 4.8452008642248421 -2.3651637259615677 -2.1821131425850471
v -0.0770069882273674 0.0250196661800146 0.0045309285633266
vn 1.9186595595765972 0.4433628126481788 -5.5649951948541725
v -0.0787849351763725 0.0232907924801111 0.0030309285502881
vn -3.0880699005887315 0.4065549180892849 -3.4033927877931731
v -0.0792158097028732 0.0189999993890524 0.0030309287831187
vn -3.1114072345546457 0.3064553310250382 2.9452377014198925
v -0.0792158097028732 0.0255000013858080 0.0060309292748570
vn 5.3370753753020690 -1.2330662030377633 -2.4090267477669016
v -0.0773234516382217 0.0243714898824692 0.0045309290289879
vn 5.3917251962387240 0.0000000000000000 -2.1842029664527023
v -0.0773234516382217 0.0243541523814201 0.0045309290289879
vn 1.5296298108687472 1.2401873343564151 -5.5649946424630459
v -0.0781626328825951 0.0220161769539118 0.0030309283174574
vn 5.3365443278148934 1.2341840747892181 -2.4105174327442396
v -0.0773234516382217 0.0236285105347633 0.0045309290289879
vn 4.8447591425866605 2.3660201822423370 -2.1860558870836919
v -0.0773177444934845 0.0236168280243874 0.0045309290289879
vn 0.8405469956988944 1.7871043211199376 -5.5612454603694950
v -0.0770442113280296 0.0211438033729792 0.0030309276189655
vn 4.2541978096617212 3.4497482235663313 -2.4118737864582802
v -0.0769974812865257 0.0229608546942472 0.0045309285633266
vn -0.0000000366490912 1.9805669252701807 -5.5574931620829640
v -0.0757158100605011 0.0208500009030104 0.0030309287831187
vn 2.1328494474757935 4.9533218083133965 -2.8167910534890286
v -0.0764116421341896 0.0225038975477219 0.0045309285633266
vn 3.3160691419953494 4.2513931122400050 -2.1882371595727825
v -0.0769906491041183 0.0229555256664753 0.0045309285633266
vn -2.6279933391861081 1.5172708483804527 3.6651957509971673
v -0.0796177312731743 0.0175000000745058 0.0060309278778732
vn -3.0880615719226014 0.4065455060325270 3.4033907757866997
v -0.0792158097028732 0.0189999993890524 0.0060309292748570
vn 0.8364225434989200 -1.7908294248545920 -5.5601712282881905
v -0.0770365148782730 -0.0041402378119528 0.0030309276189655
vn -3.0880693784941737 -0.4065568347779540 -3.4033952646028767
v -0.0792158097028732 -0.0019999998621643 0.0030309287831187
vn -3.0880717672420213 -0.4065533703181267 3.4033932526133626
v -0.0792158097028732 -0.0019999998621643 0.0060309274122119
vn 1.9165894982619314 -0.4592235593024782 -5.5639322073328836
v -0.0787791088223457 -0.0062660216353834 0.0030309285502881
vn -3.1114124268726675 -0.3064404987036600 -2.9452475312231314
v -0.0792158097028732 -0.0084999995306134 0.0030309287831187
vn 1.5241847913630224 -1.2494405221119131 -5.5639258313615167
v -0.0781519114971161 -0.0050030271522701 0.0030309283174574
vn 2.3207370521294699 -4.9604620323131154 -2.4113077674616976
v -0.0764076113700867 -0.0055020288564265 0.0045309285633266
vn -0.0000044699916029 -5.4763861886782070 -2.4080115141270588
v -0.0757158100605011 -0.0053499997593462 0.0045309280976653
vn 4.2353165966015194 -3.4718615790640071 -2.4145950811736423
v -0.0769918635487556 -0.0059539671055973 0.0045309285633266
vn 1.9249126071449050 0.4230223578208386 -5.5639252078583716
v -0.0787923932075500 -0.0076761101372540 0.0030309285502881
vn -2.8466817638639030 -1.1791350622636392 -2.7488813682313822
v -0.0790635719895363 -0.0092653678730130 0.0030309287831187
vn 5.3257258096350872 -1.2760729196851384 -2.4146055666869497
v -0.0773203969001770 -0.0066155348904431 0.0045309290289879
vn 1.5474623803623431 1.2204860924032874 -5.5639281147559654
v -0.0781891196966171 -0.0089507019147277 0.0030309283174574
vn 5.3488328553927547 1.1754669240672198 -2.4145990274208655
v -0.0773273557424545 -0.0073541519232094 0.0045309290289879
vn -3.1114073770481352 -0.3064520771997989 2.9452413733779181
v -0.0792158097028732 -0.0084999995306134 0.0060309292748570
vn 0.8598964867034022 1.7733611708366239 -5.5639270312191549
v -0.0770901814103127 -0.0098343612626195 0.0030309276189655
vn -1.1791377748399414 -2.8466804691423611 -2.7488864515589655
v -0.0779811814427376 -0.0103477602824569 0.0030309280846268
vn -2.1787617196795406 -2.1787573190153107 -2.7488987060960541
v -0.0786300227046013 -0.0099142147228122 0.0030309285502881
vn 4.3000085890374580 3.3914098488804827 -2.4145976504017099
v -0.0770113542675972 -0.0080217970535159 0.0045309285633266
vn -2.8466824172580338 -1.1791393736569260 2.7489068860645824
v -0.0790635645389557 -0.0092653678730130 0.0060309292748570
vn 0.0000011738452692 1.9708490489123505 -5.5639286666629850
v -0.0757158100605011 -0.0101499995216727 0.0030309287831187
vn -0.3064441953574838 -3.1114094334261027 -2.9452444291242132
v -0.0772158131003380 -0.0104999998584390 0.0030309276189655
vn 2.3894334701180231 4.9277122239237299 -2.4145945543645033
v -0.0764357224106789 -0.0084846662357450 0.0045309285633266
vn -2.1787590904993581 -2.1787524160009784 2.7488899975405885
v -0.0786300227046013 -0.0099142147228122 0.0060309288091958
vn -1.1791280466248679 -2.8466847349689259 2.7488957965278882
v -0.0779811739921570 -0.0103477602824569 0.0060309288091958
vn 0.3064432436683483 -3.1114181352504007 -2.9452459512404134
v -0.0735442340373993 -0.0104999998584390 0.0030309292487800
vn -0.3064428469157847 -3.1114116237415019 2.9452459512478373
v -0.0772158056497574 -0.0104999998584390 0.0060309283435345
vn -0.8405453832106318 -1.7870977533609440 -5.5612471331157778
v -0.0743874087929726 0.0268561970442533 0.0030309278517962
vn -2.3307160784491945 -4.9566524570270252 -2.4079954870554192
v -0.0750199854373932 0.0254961028695107 0.0045309276320040
vn -1.5296294337392944 -1.2401857859453962 -5.5649972730639634
v -0.0732689872384071 0.0259838234633207 0.0030309290159494
vn -3.3160294230615501 -4.2514193548237404 -2.1802504248191821
v -0.0749994665384293 0.0254800990223885 0.0045309276320040
vn -0.8405458340717724 1.7871041923303876 -5.5612464039148346
v -0.0743874087929726 0.0211438033729792 0.0030309278517962
vn -1.5296302310189516 1.2401880263556853 -5.5649956038151380
v -0.0732689872384071 0.0220161769539118 0.0030309290159494
vn -1.1638195383643493 5.2623164346658831 -2.1936088622637944
v -0.0750242173671722 0.0225029606372118 0.0045309276320040
vn -2.3357655400212938 4.9534010254701730 -2.4122204290646154
v -0.0750199854373932 0.0225038975477219 0.0045309276320040
vn -3.3158091351405945 4.2518645465046276 -2.1907505984555340
v -0.0744409710168839 0.0229555256664753 0.0045309290289879
vn 1.3493181270274741 5.1987199584664268 -2.4313174444516865
v -0.0764074027538300 0.0225029606372118 0.0045309285633266
vn -0.0005800860025076 5.4765518960738255 -2.4082417200101323
v -0.0757158100605011 0.0223500002175570 0.0045309280976653
vn -2.3207228883229378 -4.9604675753900684 -2.4112958673953995
v -0.0750240162014961 -0.0055020288564265 0.0045309276320040
vn -1.5241858655291574 -1.2494382867273923 -5.5639291627196528
v -0.0732797086238861 -0.0050030271522701 0.0030309290159494
vn -4.2353209134099457 -3.4718595335460347 -2.4145780510594759
v -0.0744397565722466 -0.0059539671055973 0.0045309290289879
vn -1.5474623189942573 1.2204867030073845 -5.5639295368292006
v -0.0732425004243851 -0.0089507019147277 0.0030309290159494
vn 1.1791362540683390 -2.8466816107778867 -2.7488904921621913
v -0.0727788656949997 -0.0103477602824569 0.0030309287831187
vn -0.8598949001323948 1.7733534743768231 -5.5639290481122909
v -0.0743414387106895 -0.0098343612626195 0.0030309278517962
vn -2.3894187594430423 4.9277196718362717 -2.4145807719303773
v -0.0749959051609039 -0.0084846662357450 0.0045309276320040
vn -0.0000056298136463 5.4764707017366501 -2.4145883174831475
v -0.0757158100605011 -0.0086500002071261 0.0045309280976653
vn 1.1791347944878208 2.8466808888262092 -2.7488904921617552
v -0.0727788656949997 0.0273477602750063 0.0030309287831187
vn 1.1791359780446358 2.8466778591271669 2.7488846353266041
v -0.0727788582444191 0.0273477602750063 0.0060309292748570
vn 1.9834120934284800 2.4167870912579619 -2.9452518846927842
v -0.0721300244331360 0.0269142147153616 0.0030309285502881
vn 1.9834148008738595 2.4167844232022859 2.9452417022968502
v -0.0721300169825554 0.0269142147153616 0.0060309288091958
vn -1.9186579342503836 -0.4433604890220375 -5.5649983222695631
v -0.0726466849446297 0.0247092079371214 0.0030309287831187
vn 1.9834087778106060 2.4167919077447371 -3.3379396701070307
v -0.0698873773217201 0.0246715731918812 0.0030309290159494
vn 1.9834083693646309 2.4167962071087246 3.3379411475042584
v -0.0698873773217201 0.0246715731918812 0.0060309274122119
vn -4.8449701039214386 -2.3659107061712277 -2.1822806613024985
v -0.0744246318936348 0.0250196661800146 0.0045309290289879
vn -4.2548788469402892 -3.4501707298931175 -2.4075444939263355
v -0.0744341462850571 0.0250391457229853 0.0045309290289879
vn -1.9186589215533874 0.4433596011775185 -5.5649975065243220
v -0.0726466849446297 0.0232907924801111 0.0030309287831187
vn -5.3917193585258225 0.0000000000000000 -2.1841776660164527
v -0.0741081759333611 0.0243541523814201 0.0045309290289879
vn -5.3370800591375955 -1.2330402736792598 -2.4090010149240189
v -0.0741081759333611 0.0243714898824692 0.0045309290289879
vn 0.3064481403172976 3.1114176043058386 -3.3379429866632733
v -0.0670589506626129 0.0234999991953373 0.0030309292487800
vn 1.1791365066748403 2.8466753272533345 -3.5342941731486239
v -0.0685896873474121 0.0238044820725918 0.0030309283174574
vn -4.8455114016363536 2.3649338937792650 -2.1863623833051284
v -0.0741138756275177 0.0236168280243874 0.0045309290289879
vn -5.3368791937145756 1.2327435807460416 -2.4103244328828470
v -0.0741081759333611 0.0236285105347633 0.0045309290289879
vn -4.2551435933237247 3.4485904035114614 -2.4116690427262677
v -0.0744341462850571 0.0229608546942472 0.0045309290289879
vn -1.9165985749077177 -0.4592253985003795 -5.5639268789832448
v -0.0726525187492371 -0.0062660216353834 0.0030309287831187
vn -5.3257290956946672 -1.2760737372476527 -2.4145748964327369
v -0.0741112306714058 -0.0066155348904431 0.0045309290289879
vn 0.3064468031401085 -3.1114170722530594 -3.3379418727604304
v -0.0670589506626129 -0.0064999996684492 0.0030309292487800
vn 1.1791372458896821 -2.8466748102132473 -3.5342957352217521
v -0.0685896873474121 -0.0068044816143811 0.0030309283174574
vn -1.9249132759573855 0.4230161451282521 -5.5639273022701312
v -0.0726392269134521 -0.0076761101372540 0.0030309287831187
vn -5.3488405203604383 1.1754376075364292 -2.4145852439469446
v -0.0741042643785477 -0.0073541519232094 0.0045309290289879
vn 1.9834092639223293 -2.4167928540848154 -3.3379426098240601
v -0.0698873773217201 -0.0076715727336705 0.0030309290159494
vn -4.2999982655779609 3.3914283851315496 -2.4145754864144635
v -0.0744202658534050 -0.0080217970535159 0.0045309290289879
vn 1.9834112055045987 -2.4167875069616320 -2.9452531113108225
v -0.0721300244331360 -0.0099142147228122 0.0030309285502881
vn 1.9834140035273944 -2.4167854618522764 2.9452429289227138
v -0.0721300169825554 -0.0099142147228122 0.0060309288091958
vn 1.1791359780450112 -2.8466778591270510 2.7488846353268586
v -0.0727788582444191 -0.0103477602824569 0.0060309292748570
vn 0.3064418749673359 -3.1114161246010523 2.9452444291172650
v -0.0735442265868187 -0.0104999998584390 0.0060309278778732
vn 1.1791332484388619 2.8466757955514272 3.5342867669151339
v -0.0685896798968315 0.0238044820725918 0.0060309288091958
vn 0.3064487501069434 -3.1114092563165037 3.3379422754446186
v -0.0670589506626129 -0.0064999996684492 0.0060309278778732
vn 1.1791337275654057 -2.8466752066062777 3.5342883289739544
v -0.0685896798968315 -0.0068044816143811 0.0060309288091958
vn 1.9834079526951873 -2.4167947627278030 3.3379440872215516
v -0.0698873773217201 -0.0076715727336705 0.0060309274122119
vn 0.3064496463537281 3.1114084728310849 3.3379433893518611
v -0.0670589506626129 0.0234999991953373 0.0060309278778732
vn 0.6845461086596706 -2.9902901754431404 3.5557791876975182
v -0.1105699613690376 0.0101115442812443 0.0060309292748570
vn -0.7407073183262707 -2.9768642676474557 3.5563336540431121
v -0.1098313406109810 0.0101045826449990 0.0060309288091958
vn 1.8961373540973878 -2.4041172603854348 3.5930874192432016
v -0.1112376078963280 0.0097955437377095 0.0060309278778732
vn 2.7550802091138946 -1.3359322521926644 3.5930491106364348
v -0.1117004677653313 0.0092199090868235 0.0060309278778732
vn 3.0626716589318534 -0.0034978258172036 3.5887607813612243
v -0.1118658110499382 0.0085000004619360 0.0060309278778732
vn 2.7559221598848254 1.3375331725730240 3.5852499595168492
v -0.1117004677653313 0.0077800913713872 0.0060309278778732
vn 1.8960966977890956 2.4056754993687375 3.5866763269554554
v -0.1112376078963280 0.0072044562548399 0.0060309278778732
vn 0.6593050955261547 2.9915520099188768 3.5756756409416841
v -0.1105699613690376 0.0068884552456439 0.0060309292748570
vn -1.9411103694770331 -2.3679544784631057 3.5930933160549605
v -0.1091697737574577 0.0097760539501905 0.0060309283435345
vn -2.7766506146684948 -1.2982490776062479 3.5836629329367660
v -0.1087178364396095 0.0091917971149087 0.0060309278778732
vn -3.0683650390008363 -0.0000004352076226 3.5742705325582569
v -0.1085657998919487 0.0085000004619360 0.0060309278778732
vn -2.7763096238944955 1.2986574324715701 3.5848381827399898
v -0.1087178364396095 0.0078082028776407 0.0060309278778732
vn -1.9425695144552209 2.3669962790835286 3.5917985077368080
v -0.1091697737574577 0.0072239455766976 0.0060309283435345
vn -0.7144291260172839 2.9780606349786223 3.5894781497953714
v -0.1098313406109810 0.0068954168818891 0.0060309288091958
vn 1.8961358743306784 -2.4041269907668772 3.5930630673827935
v -0.0912375971674919 0.0097955437377095 0.0060309288091958
vn 0.6845612480539077 -2.9902857362129809 3.5557877795539969
v -0.0905699655413628 0.0101115442812443 0.0060309288091958
vn 2.7550716859159730 -1.3359192333607903 3.5930844937463844
v -0.0917004719376564 0.0092199090868235 0.0060309292748570
vn 3.0626857990708900 -0.0034981525449931 3.5887210702160379
v -0.0918658003211021 0.0085000004619360 0.0060309292748570
vn 2.7559178946401635 1.3375162304975399 3.5852799946467613
v -0.0917004719376564 0.0077800913713872 0.0060309292748570
vn 1.8960913810298763 2.4056910397559021 3.5866401794458747
v -0.0912375971674919 0.0072044562548399 0.0060309288091958
vn -0.7407014997685859 -2.9768705753993041 3.5563291304690416
v -0.0898313447833061 0.0101045826449990 0.0060309283435345
vn -1.9411077560529817 -2.3679574624880009 3.5930978022825544
v -0.0891697704792023 0.0097760539501905 0.0060309278778732
vn -2.7766533844286152 -1.2982276036928375 3.5836732066436250
v -0.0887178331613541 0.0091917971149087 0.0060309292748570
vn -3.0683712895150763 -0.0000004329759411 3.5742499851604483
v -0.0885658040642738 0.0085000004619360 0.0060309292748570
vn -2.7763108147721245 1.2986409221573365 3.5848567614909506
v -0.0887178331613541 0.0078082028776407 0.0060309292748570
vn -1.9425704464005582 2.3669982211104630 3.5918108041106320
v -0.0891697704792023 0.0072239455766976 0.0060309278778732
vn -0.7144247095337747 2.9780665332004097 3.5894750066873371
v -0.0898313447833061 0.0068954168818891 0.0060309283435345
vn 0.6593198880403113 2.9915480926440190 3.5756839554712720
v -0.0905699655413628 0.0068884552456439 0.0060309288091958
vn -0.0000070586772000 -3.0634701635279153 3.5844306659927536
v -0.0757158026099205 0.0256500001996756 0.0060309292748570
vn 1.3375172177203190 -2.7559213556733551 3.5852890174575176
v -0.0764357149600983 0.0254846662282944 0.0060309278778732
vn -1.3375184575232006 -2.7559185210366981 3.5852972187584706
v -0.0749958977103233 0.0254846662282944 0.0060309288091958
vn 2.4056877044944014 -1.8960935794946432 3.5866512996174063
v -0.0770113468170166 0.0250217970460653 0.0060309278778732
vn 2.9916423377573387 -0.6564989290040727 3.5880367622352844
v -0.0773273482918739 0.0243541523814201 0.0060309283435345
vn 2.9780626948517761 0.7144311999846408 3.5894661786645972
v -0.0773203894495964 0.0236155353486538 0.0060309283435345
vn 2.3670002538157058 1.9425803910539601 3.5917706740908004
v -0.0769918560981750 0.0229539666324854 0.0060309278778732
vn -1.2985404821982907 2.7760696791491610 3.5858240247706985
v -0.0750240087509155 0.0225020293146372 0.0060309288091958
vn 1.2986462026825356 2.7763135447848613 3.5848438619228498
v -0.0764076039195061 0.0225020293146372 0.0060309278778732
vn -0.0005851565455376 3.0682424846427763 3.5749520051104868
v -0.0757158026099205 0.0223500002175570 0.0060309292748570
vn -0.0000055875082203 -3.0683700564942771 3.5742344622208710
v -0.0757158026099205 -0.0053499997593462 0.0060309292748570
vn -1.2982324776762904 -2.7766532772787742 3.5836636995936928
v -0.0750240087509155 -0.0055020288564265 0.0060309288091958
vn 1.2982319575075281 -2.7766561315103777 3.5836592320618443
v -0.0764076039195061 -0.0055020288564265 0.0060309278778732
vn -2.3679567357449378 -1.9411075118015444 3.5931007018252208
v -0.0744397491216660 -0.0059539671055973 0.0060309283435345
vn 2.3679602615247552 -1.9411146259561942 3.5930619725998918
v -0.0769918560981750 -0.0059539671055973 0.0060309278778732
vn 2.9775992422101702 -0.7134489572673033 3.5930791376900650
v -0.0773203894495964 -0.0066155348904431 0.0060309283435345
vn 2.9905243692224723 0.6572017385450346 3.5930655054310523
v -0.0773273482918739 -0.0073541519232094 0.0060309283435345
vn 2.4041283944206202 1.8961320229429577 3.5930707510795763
v -0.0770113468170166 -0.0080217970535159 0.0060309278778732
vn 1.3359210711099996 2.7550774257008763 3.5930817732684917
v -0.0764357149600983 -0.0084846662357450 0.0060309278778732
vn -1.3359204811017571 2.7550750000465167 3.5930864659438799
v -0.0749958977103233 -0.0084846662357450 0.0060309288091958
vn -0.0000055173999377 3.0618783087653969 3.5930829040058327
v -0.0757158026099205 -0.0086500002071261 0.0060309292748570
vn -2.4056796189377181 -1.8960862561813812 3.5866954825868618
v -0.0744202584028244 0.0250217970460653 0.0060309283435345
vn -2.9916425806196374 -0.6564843629180236 3.5880575381942101
v -0.0741042643785477 0.0243541523814201 0.0060309283435345
vn -2.9780618505107310 0.7144201576817358 3.5894895857927129
v -0.0741112232208252 0.0236155353486538 0.0060309283435345
vn -2.3663290633345819 1.9430807351021024 3.5931330536777830
v -0.0744397491216660 0.0229539666324854 0.0060309283435345
vn -2.9776027055087750 -0.7134350199410515 3.5930996833703328
v -0.0741112232208252 -0.0066155348904431 0.0060309283435345
vn -2.9905271959580628 0.6571839514225591 3.5930767715856597
v -0.0741042643785477 -0.0073541519232094 0.0060309283435345
vn -2.4041217444825800 1.8961263207648977 3.5931050739180432
v -0.0744202584028244 -0.0080217970535159 0.0060309283435345
vn -3.1706902314073946 -1.0471987115641010 -4.6928590639885126
v -0.0208121463656425 0.0203200001269579 -0.0003534663992468
vn 1.8643495702976778 0.6099450622742719 -3.8211809331354707
v -0.0199202336370945 0.0205072350800037 -0.0006806852761656
vn 1.9207483638525114 -0.0000008038139690 -3.8418717823230084
v -0.0198733322322369 0.0199999995529652 -0.0006978923920542
vn 1.8643496714871706 -0.6099484318495383 -3.8211771479218384
v -0.0199202336370945 0.0194927658885717 -0.0006806852761656
vn 5.6533431680152813 -0.0000009118903854 0.1822034022500432
v -0.0196838974952698 0.0199999995529652 -0.0001815449213609
vn 5.5587266880150876 -1.0231986361146921 0.2169147401566164
v -0.0197307989001274 0.0194927658885717 -0.0001643377763685
vn 1.6973306724388326 1.1964546539655025 -3.7598888781162021
v -0.0200591348111629 0.0209949761629105 -0.0006297250511125
vn 5.5587282848878496 1.0231954023254368 0.2169186072172472
v -0.0197307989001274 0.0205072350800037 -0.0001643377763685
vn -3.1706900913857501 1.0471985592645097 -4.6928591153588251
v -0.0208121463656425 0.0196800008416176 -0.0003534663992468
vn 1.6973342473796742 -1.1964467902454232 -3.7598868165824975
v -0.0200591348111629 0.0190050229430199 -0.0006297250511125
vn 5.2785535559388661 -2.0070555003074788 0.3197231437285282
v -0.0198697037994862 0.0190050229430199 -0.0001133775876951
vn 1.4260930317604075 1.7369674375234254 -3.6603923250055082
v -0.0202847011387348 0.0214444827288389 -0.0005469713360071
vn 5.2785547605846430 2.0070628727964532 0.3197228188817931
v -0.0198697037994862 0.0209949761629105 -0.0001133775876951
vn -1.3735746647495237 3.0880335867368318 -2.5635394757782133
v -0.0217321850359440 0.0196800008416176 -0.0000159303508553
vn 1.4260890069940519 -1.7369709269156939 -3.6604000612030099
v -0.0202847011387348 0.0185555182397366 -0.0005469713360071
vn 4.8235403333316293 -2.9137787546408243 0.4866466167837213
v -0.0200952664017677 0.0185555182397366 -0.0000306238543999
vn -2.3261492752826385 -2.6280102402123209 -1.9352219299226276
v -0.0218730047345161 0.0203601922839880 0.0000357339195034
vn 1.0610573617556520 2.2107388655149425 -3.5264735555552633
v -0.0205882601439953 0.0218384768813848 -0.0004356054705568
vn -1.3735617081191800 -3.0880385822484238 -2.5635581848024902
v -0.0217321850359440 0.0203200001269579 -0.0000159303508553
vn 4.8235364488843739 2.9137765091022123 0.4866398558860892
v -0.0200952664017677 0.0214444827288389 -0.0000306238543999
vn -2.3261618054480566 2.6280173263531221 -1.9352415165181203
v -0.0218730047345161 0.0196398068219423 0.0000357339195034
vn 1.0610591153109055 -2.2107381103217643 -3.5264681947979302
v -0.0205882601439953 0.0181615222245455 -0.0004356054705568
vn 4.2111947528695870 -3.7085505464626096 0.7112862034094311
v -0.0203988254070282 0.0181615222245455 0.0000807420146884
vn -3.3688851740442258 -1.5172811032968754 -1.5526739500757054
v -0.0219760946929455 0.0204700008034706 0.0000735531284590
vn 0.6162827292257331 2.5995681799588826 -3.3632869350944801
v -0.0209581479430199 0.0221618209034204 -0.0002999022253789
vn 4.2111965345478284 3.7085536368203420 0.7112899368204413
v -0.0203988254070282 0.0218384768813848 0.0000807420146884
vn -3.3688769186215861 1.5172837035773843 -1.5526690391293245
v -0.0219760946929455 0.0195300001651049 0.0000735531284590
vn 0.6162823799565131 -2.5995667496589290 -3.3632824699406898
v -0.0209581479430199 0.0178381782025099 -0.0002999022253789
vn 3.4650649708310621 -4.3607999370924846 0.9850372136438635
v -0.0207687169313431 0.0178381782025099 0.0002164452453144
vn -2.0886435200158191 -2.0943915882724413 -1.7434897558993898
v -0.0209751650691032 0.0203200001269579 0.0005851094028912
vn -2.0886435200158191 2.0943915882724413 -1.7434897558993896
v -0.0209751650691032 0.0196800008416176 0.0005851094028912
vn -1.5539014824400450 3.0880682755334412 -3.0551307231095848
v -0.0214480347931385 0.0196800008416176 0.0007585908751935
vn -3.8909868650035651 -0.4065589731591817 -1.6399817956192719
v -0.0220138281583786 0.0206199996173382 0.0000873963290360
vn 0.1088259200022831 2.8884700766930349 -3.1771199023821599
v -0.0213801525533199 0.0224020872265100 -0.0001450826530345
vn 3.4650693363191265 4.3608014727680349 0.9850372360983333
v -0.0207687169313431 0.0221618209034204 0.0002164452453144
vn 0.1088216543466227 -2.8884685451134162 -3.1771281219348451
v -0.0213801525533199 0.0175979137420654 -0.0001450826530345
vn -2.8766994769039185 1.3603507239690069 -4.8007164870238705
v -0.0220138281583786 0.0184000004082918 0.0000873963290360
vn -3.8909889459542590 0.4065537714676395 -1.6399843173016377
v -0.0220138281583786 0.0193799994885921 0.0000873963290360
vn 2.6138151717920279 -4.8454558327239363 1.2973308052484960
v -0.0211907178163528 0.0175979137420654 0.0003712648176588
vn 5.7772267428965351 -0.5262475108992367 0.2357475618129012
v -0.0203543808311224 0.0198198650032282 0.0012361295521259
vn 5.9031961240732658 0.0000000000000000 0.2941264613562347
v -0.0203377250581980 0.0199999995529652 0.0012300182133913
vn 5.7772261416519406 0.5262432019875128 0.2357468520549543
v -0.0203543808311224 0.0201801341027021 0.0012361295521259
vn 5.8051990999828771 1.0621606590094010 0.3311802502491156
v -0.0203647855669260 0.0202926360070705 0.0012399461120367
vn 5.5852396691883257 1.5583119705810118 0.3085150092169473
v -0.0204326156526804 0.0205308161675930 0.0012648311676458
vn 5.5852395721141663 -1.5583116513898030 0.3085153616891914
v -0.0204326156526804 0.0194691848009825 0.0012648311676458
vn 5.8051976030995478 -1.0621649646539810 0.3311800338818369
v -0.0203647855669260 0.0197073649615049 0.0012399461120367
vn -2.8767058722086878 -1.3603485056911830 -4.8007144190186812
v -0.0220138281583786 0.0216000005602837 0.0000873963290360
vn -0.4417954775699952 3.0663893949693573 -2.9751195778421247
v -0.0218380503356457 0.0225500408560038 0.0000229077249969
vn 2.6138128838775589 4.8454509480460590 1.2973246614640985
v -0.0211907178163528 0.0224020872265100 0.0003712648176588
vn -0.4417929488822723 -3.0663887821534672 -2.9751129033154720
v -0.0218380503356457 0.0174499582499266 0.0000229077249969
vn 1.6901504154769740 -5.1439022284426521 1.6361949975042771
v -0.0216486155986786 0.0174499582499266 0.0005392552120611
vn 5.5151025884595875 2.0832285098597092 0.4409681919908279
v -0.0204449202865362 0.0205740258097649 0.0012693443568423
vn 5.0443333443923652 -3.0215624965649681 0.6142478603482837
v -0.0205750558525324 0.0191666446626186 0.0013170877937227
vn 5.5151023821456802 -2.0832314666761080 0.4409659696798094
v -0.0204449202865362 0.0194259751588106 0.0012693443568423
vn 5.0442753479919231 3.0216924230803275 0.6142964336643384
v -0.0205750558525324 0.0208333563059568 0.0013170877937227
vn 4.6586565174922212 3.4056829221930531 0.6497678821239750
v -0.0205884929746389 0.0208507962524891 0.0013220182154328
vn 4.6587612494701531 -3.4056006083752122 0.6497630791609927
v -0.0205884929746389 0.0191492028534412 0.0013220182154328
vn -1.5538794856839366 -3.0880732658089611 -3.0551248377078624
v -0.0214480347931385 0.0203200001269579 0.0007585908751935
vn -2.6868375324164910 -2.6279719339017915 -2.9183679320166838
v -0.0215888582170010 0.0203601922839880 0.0008102551219054
vn -0.9104518821277769 -1.3603524593701595 -5.5220813828950126
v -0.0226146690547466 0.0216000005602837 0.0003078295558225
vn -1.0144159767886967 3.1264618380510680 -2.7650277940628216
v -0.0223142504692078 0.0226000007241964 0.0001976129424293
vn 1.6901529303807887 5.1439087732071336 1.6361965382550328
v -0.0216486155986786 0.0225500408560038 0.0005392552120611
vn -1.0144186047551580 -3.1264637923513732 -2.7650351206009636
v -0.0223142504692078 0.0174000002443790 0.0001976129424293
vn 0.7295656777701898 -5.2446792264773601 1.9886119736546313
v -0.0221248157322407 0.0174000002443790 0.0007139604422264
vn -3.7295913797814433 -1.5172611859207585 -2.5357644034823381
v -0.0216919444501400 0.0204700008034706 0.0008480743272230
vn -2.6868344230309589 2.6279790202381585 -2.9183448893624901
v -0.0215888582170010 0.0196398068219423 0.0008102551219054
vn -4.0713447758258150 -0.4065606639609069 -2.1315449698956717
v -0.0217296779155731 0.0206199996173382 0.0008619175641797
vn -3.7295883099596048 1.5172638064804902 -2.5357734692171952
v -0.0216919444501400 0.0195300001651049 0.0008480743272230
vn 4.4083672562476144 3.8463620845708544 0.8445134581271720
v -0.0207501854747534 0.0210606604814529 0.0013813378755003
vn 3.9590588987006985 4.1498127439647217 0.9032954505870441
v -0.0208157878369093 0.0211180094629526 0.0014054070925340
vn 3.9590685070621570 -4.1497982203802302 0.9032886957550923
v -0.0208157878369093 0.0188819915056229 0.0014054070925340
vn 4.4083574576802365 -3.8463687161457112 0.8445165495909341
v -0.0207501854747534 0.0189393404871225 0.0013813378755003
vn -2.7777856631297171 -1.3603519959155510 -1.4906655290708790
v -0.0217296779155731 0.0211236868053675 0.0008619175641797
vn -2.7777860077515584 1.3603518450926197 -1.4906656808964756
v -0.0217296779155731 0.0188763141632080 0.0008619175641797
vn -4.0713448949394211 0.4065559676479182 -2.1315416410702106
v -0.0217296779155731 0.0193799994885921 0.0008619175641797
vn -0.9104464525358447 1.3603516436126080 -5.5220830965915155
v -0.0226146690547466 0.0184000004082918 0.0003078295558225
vn 1.1547077033511470 1.3603489626637415 -2.9333907476985681
v -0.0223305169492960 0.0188763141632080 0.0010823507327586
vn -1.5870375868486186 3.0663913199375319 -2.5549659601827286
v -0.0227904468774796 0.0225500408560038 0.0003723163099494
vn 0.7295627982246746 5.2446740816518549 1.9886082021505240
v -0.0221248157322407 0.0226000007241964 0.0007139604422264
vn -1.5870364392695935 -3.0663896686438794 -2.5549571989531210
v -0.0227904468774796 0.0174499582499266 0.0003723163099494
vn -0.2310219151271073 -5.1439069967461997 2.3410141733734542
v -0.0226010158658028 0.0174499582499266 0.0008886637515388
vn 3.6333377238638351 4.5236540009464896 1.1269956375955783
v -0.0209635812789202 0.0212472043931484 0.0014596268301830
vn 3.1372768389109242 4.7344938479372258 1.2039957676763571
v -0.0210946928709745 0.0213218517601490 0.0015077278949320
vn 3.1372713279255180 -4.7344836602836962 1.2039839842520217
v -0.0210946928709745 0.0186781492084265 0.0015077278949320
vn 3.6333358429496903 -4.5236632697488464 1.1270045404950086
v -0.0209635812789202 0.0187527947127819 0.0014596268301830
vn -2.1376488562183882 2.8884664717139072 -2.3529427770242997
v -0.0232483483850956 0.0224020872265100 0.0005403066752478
vn -2.6451097248534103 2.5995578030918955 -2.1667790333147119
v -0.0236703492701054 0.0221618209034204 0.0006951281102374
vn 1.9072533253897879 -0.4065568071327753 -3.7672014147145867
v -0.0226146690547466 0.0206199996173382 0.0003078295558225
vn 1.1547075386810084 -1.3603491134857897 -2.9333904090277727
v -0.0223305169492960 0.0211236868053675 0.0010823507327586
vn 1.5655055811768877 -1.5172726394072429 -3.3629702855770125
v -0.0226524025201797 0.0204700008034706 0.0003216727636755
vn 1.2047995399709424 -1.5172274449529914 -4.3460731342410801
v -0.0223682504147291 0.0204700008034706 0.0010961940279230
vn 1.7268954130354892 -0.4065562228252066 -4.2587648114344390
v -0.0223305169492960 0.0206199996173382 0.0010823507327586
vn -2.1376483903976933 -2.8884718003171370 -2.3529501259588259
v -0.0232483483850956 0.0175979137420654 0.0005403066752478
vn 1.9072535754051521 0.4065525066160866 -3.7672048651384680
v -0.0226146690547466 0.0193799994885921 0.0003078295558225
vn -2.6451084353390275 -2.5995597996398216 -2.1667782202066510
v -0.0236703492701054 0.0178381782025099 0.0006951281102374
vn 1.5655058849738301 1.5172779273350256 -3.3629580826439938
v -0.0226524025201797 0.0195300001651049 0.0003216727636755
vn 1.7268976924454353 0.4065514789646170 -4.2587622889896828
v -0.0223305169492960 0.0193799994885921 0.0010823507327586
vn 0.5227323361611103 -2.6279687258628956 -2.9803965556000178
v -0.0227554924786091 0.0203601922839880 0.0003594919689931
vn -3.4549189307845101 1.7369681825863224 -1.8696829290283916
v -0.0243437960743904 0.0214444827288389 0.0009421972208656
vn -3.0898934044287163 2.2107423028189013 -2.0036048272318463
v -0.0240402370691299 0.0218384768813848 0.0008308294927701
vn 0.1620527506033504 -2.6279887513318565 -3.9635277075053850
v -0.0224713403731585 0.0203601922839880 0.0011340131750330
vn -3.0898951030652722 -2.2107408439745582 -2.0036017592968367
v -0.0240402370691299 0.0181615222245455 0.0008308294927701
vn 0.5227349421892014 2.6279784119020801 -2.9804204845642861
v -0.0227554924786091 0.0196398068219423 0.0003594919689931
vn 1.2047878791662927 1.5172321998009761 -4.3460811705459328
v -0.0223682504147291 0.0195300001651049 0.0010961940279230
vn -0.6102024049409189 -3.0880980874707751 -2.8436108985247728
v -0.0228963121771812 0.0203200001269579 0.0004111562448088
vn -0.7905416987719118 -3.0880683781244107 -3.3351728563546477
v -0.0226121637970209 0.0203200001269579 0.0011856774799526
vn -3.4549229726949906 -1.7369665497211504 -1.8696832877910394
v -0.0243437960743904 0.0185555182397366 0.0009421972208656
vn -0.6101832381702852 3.0880937252329330 -2.8436072122989491
v -0.0228963121771812 0.0196800008416176 0.0004111562448088
vn 0.1620705147783741 2.6280043364858474 -3.9635112520611999
v -0.0224713403731585 0.0196398068219423 0.0011340131750330
vn 2.7498133757382819 5.0267015734473190 1.4515014149748604
v -0.0212070439010859 0.0213858187198639 0.0015489464858547
vn 2.2250283677061571 5.1372161584420004 1.5402569743207821
v -0.0214103367179632 0.0214515067636967 0.0016235287766904
vn 2.2250087196447286 -5.1372181251093370 1.5402598017464326
v -0.0214103367179632 0.0185484942048788 0.0016235287766904
vn 2.7498285675971608 -5.0267040165628121 1.4515032305954587
v -0.0212070439010859 0.0186141803860664 0.0015489464858547
vn -0.2310187714332822 5.1439133519982692 2.3410180353144661
v -0.0226010158658028 0.0225500408560038 0.0008886637515388
vn -1.1546714744045874 -4.8454539265957353 2.6798962345923631
v -0.0230589117854834 0.0175979137420654 0.0010566560085863
vn -0.6164622563708664 -1.0471946424277154 -5.6299370697069842
v -0.0238163508474827 0.0203200001269579 0.0007486923132092
vn -3.7261588815343210 1.1964383243980024 -1.7701685087542842
v -0.0245693605393171 0.0209949761629105 0.0010249509941787
vn -0.6164627714450734 1.0471971786747458 -5.6299368807426822
v -0.0238163508474827 0.0196800008416176 0.0007486923132092
vn -0.7905279389418868 3.0880652694508659 -3.3351886222247993
v -0.0226121637970209 0.0196800008416176 0.0011856774799526
vn 0.4655822997487062 2.0943957794230079 -2.6805669709177149
v -0.0230850297957659 0.0196800008416176 0.0013591588940471
vn 1.7917770171890570 5.3362029049072515 1.8055680012649655
v -0.0214712154120207 0.0214711781591177 0.0016458637546748
vn 0.7969777434984631 -5.4403959728540512 2.1723555807203789
v -0.0217459481209517 0.0185000002384186 0.0017466553254053
vn 1.7917763415203023 -5.3362020797787526 1.8055694358144891
v -0.0214712154120207 0.0185288228094578 0.0016458637546748
vn -1.1546742472088516 4.8454486840387609 2.6798928752390827
v -0.0230589117854834 0.0224020872265100 0.0010566560085863
vn -2.0059385230247049 -4.3607902776194321 2.9921861970232304
v -0.0234809163957834 0.0178381782025099 0.0012114755809307
vn -2.0059455494526386 4.3607895433360309 2.9921873480858587
v -0.0234809163957834 0.0221618209034204 0.0012114755809307
vn -2.7520778111440536 -3.7085453447910197 3.2659238735833287
v -0.0238508041948080 0.0181615222245455 0.0013471769634634
vn 0.7969753860183353 5.4403974185830606 2.1723547198358308
v -0.0217459481209517 0.0215000007301569 0.0017466553254053
vn -0.1989802584034619 -5.3362093418377379 2.5359067857158459
v -0.0220206771045923 0.0185288228094578 0.0018474470125511
vn -3.9495947681954617 -0.0000005599496618 -1.6882134151086945
v -0.0247551631182432 0.0199999995529652 0.0010931183351204
vn -3.8931936061822716 0.6099441579424441 -1.7089006109606246
v -0.0247082617133856 0.0205072350800037 0.0010759111028165
vn 0.4655824081268569 -2.0943958457084220 -2.6805670106786561
v -0.0230850297957659 0.0203200001269579 0.0013591588940471
vn -3.7261570100440844 -1.1964457643667485 -1.7701690799352900
v -0.0245693605393171 0.0190050229430199 0.0010249509941787
vn -3.8931975604206284 -0.6099384270935677 -1.7089060088900045
v -0.0247082617133856 0.0194927658885717 0.0010759111028165
vn -2.7520755633736709 3.7085504774071216 3.2659238766775203
v -0.0238508041948080 0.0218384768813848 0.0013471769634634
vn -3.3644133760162269 -2.9137810960478117 3.4905713997488892
v -0.0241543632000685 0.0185555182397366 0.0014585447497666
vn -0.1989808269850752 5.3362120752506419 2.5359039401971408
v -0.0220206771045923 0.0214711781591177 0.0018474470125511
vn -0.7010135199593088 5.1372234109263406 2.6137603906906492
v -0.0220815595239401 0.0214515067636967 0.0018697819905356
vn -0.7009967048395083 -5.1372253776758745 2.6137498407190924
v -0.0220815595239401 0.0185484942048788 0.0018697819905356
vn -3.3644083377314660 2.9137826830817435 3.4905703573027624
v -0.0241543632000685 0.0214444827288389 0.0014585447497666
vn -3.8194106662780931 -2.0070637450059849 3.6575109864527904
v -0.0243799258023500 0.0190050229430199 0.0015412984648719
vn -3.8194160127946204 2.0070565004192571 3.6575114282571839
v -0.0243799258023500 0.0209949761629105 0.0015412984648719
vn -4.0996038206582712 -1.0231931342699567 3.7602857322059586
v -0.0245188307017088 0.0194927658885717 0.0015922585735098
vn -1.1587030780681511 5.0267058010850274 2.8854161455998057
v -0.0222848486155272 0.0213858187198639 0.0019443642813712
vn -1.6143010524738990 4.7344958063293703 2.9472422031605028
v -0.0223972033709288 0.0213218517601490 0.0019855827558786
vn -1.6143044687639860 -4.7344856195880425 2.9472296512627367
v -0.0223972033709288 0.0186781492084265 0.0019855827558786
vn -1.1587134906072296 -5.0267082448001101 2.8854273548506786
v -0.0222848486155272 0.0186141803860664 0.0019443642813712
vn -4.0996033195591091 1.0231992613905798 3.7602793303513993
v -0.0245188307017088 0.0205072350800037 0.0015922585735098
vn -4.1942140282272282 -0.0000008973367564 3.7949952289099493
v -0.0245657321065664 0.0199999995529652 0.0016094658058137
vn -2.0424931113347293 4.5236427833683592 3.2092897189673724
v -0.0225283112376928 0.0212472043931484 0.0020336839370430
vn -2.4355453949284565 4.1498342521655065 3.2492897286954756
v -0.0226761046797037 0.0211180094629526 0.0020879055373371
vn -2.4355570919653475 -4.1498197286267668 3.2492907901941077
v -0.0226761046797037 0.0188819915056229 0.0020879055373371
vn -2.0424859188871558 -4.5236520526387372 3.2092952931638097
v -0.0225283112376928 0.0187527947127819 0.0020336839370430
vn 3.9082384348494088 0.3763350537468937 1.6626421005065297
v -0.0188497453927994 0.0201808046549559 0.0053176255896688
vn 3.9082373325794517 -0.3763353639127442 1.6626410775165699
v -0.0188497453927994 0.0198191944509745 0.0053176255896688
vn 3.7380993313725601 1.1070254453031438 1.7227749549091376
v -0.0189309902489185 0.0205319076776505 0.0053474316373467
vn 3.7381228770552832 -1.1070327033637695 1.7227700245199624
v -0.0189309902489185 0.0194680932909250 0.0053474316373467
vn 3.4106372198239270 1.7711730720446028 1.8424568054167503
v -0.0190887562930584 0.0208520963788033 0.0054053119383752
vn 3.4106288683273851 -1.7711731853897343 1.8424535135027380
v -0.0190887562930584 0.0191479027271271 0.0054053119383752
vn -2.8162645110051558 3.8464059789903353 3.4950406265057694
v -0.0227417107671499 0.0210606604814529 0.0021119727753103
vn -3.1332079980212564 3.4056418534706649 3.5083912643105575
v -0.0229034032672644 0.0208507962524891 0.0021712945308536
vn -3.1332909850575614 -3.4055595376399599 3.5084553294143141
v -0.0229034032672644 0.0191492028534412 0.0021712945308536
vn -2.8162550379328923 -3.8464126105233980 3.4950366477660206
v -0.0227417107671499 0.0189393404871225 0.0021119727753103
vn 2.9433540855698470 2.3343686902057730 2.0161211552184297
v -0.0193138755857944 0.0211227666586637 0.0054879016242921
vn 2.9433650148263037 -2.3343782050646693 2.0161212378887141
v -0.0193138755857944 0.0188772343099117 0.0054879016242921
vn -3.4502635822904084 3.0215979973637559 3.7307146352059193
v -0.0229168403893709 0.0208333563059568 0.0021762230899185
vn -3.9207736137379627 -2.0839459406995569 3.9036699256518816
v -0.0230469722300768 0.0194259751588106 0.0022239664103836
vn -3.4502872246608032 -3.0209165188832761 3.7317005470292575
v -0.0229168403893709 0.0191666446626186 0.0021762230899185
vn 2.3621173957707757 2.7619948012811264 2.2301231170304630
v -0.0195932649075985 0.0213281847536564 0.0055904029868543
vn 2.3621162034028385 -2.7620106689916959 2.2301247874014263
v -0.0195932649075985 0.0186718162149191 0.0055904029868543
vn -3.9213784637774149 2.0833947398141035 3.9028826953086302
v -0.0230469722300768 0.0205740258097649 0.0022239664103836
vn -4.0605325028026815 1.5585054009498931 3.8473504030499930
v -0.0230592805892229 0.0205308161675930 0.0022284814622253
vn -4.0605322007704734 -1.5585050816728740 3.8473506091666589
v -0.0230592805892229 0.0194691848009825 0.0022284814622253
vn 1.7008793597935292 3.0287335898808885 2.4711940091873488
v -0.0199106894433498 0.0214564129710197 0.0057068560272455
vn 1.7008868405836366 -3.0287213079840569 2.4711919130252880
v -0.0199106894433498 0.0185435879975557 0.0057068560272455
vn -4.2137208874302425 1.0620799259947742 4.0068576874757280
v -0.0231271106749773 0.0202926360070705 0.0022533664014190
vn -4.2540830302166857 0.5261533310241376 3.9159396089516005
v -0.0231375116854906 0.0201801341027021 0.0022571829613298
vn -4.2540830299177692 -0.5261576385808440 3.9159405389044850
v -0.0231375116854906 0.0198198650032282 0.0022571829613298
vn -4.2137198860021048 -1.0620842303825782 4.0068565548226145
v -0.0231271106749773 0.0197073649615049 0.0022533664014190
vn -4.3124029342103141 0.0000000000000000 4.0419482378354115
v -0.0231541674584150 0.0199999995529652 0.0022632924374193
vn 1.0003939803300668 3.1189425018261203 2.7268165278028667
v -0.0202476978302002 0.0215000007301569 0.0058304965496063
vn 1.0003895259109041 -3.1190367352419139 2.7268181639747398
v -0.0202476978302002 0.0185000002384186 0.0058304965496063
vn 0.3007911603478720 3.0287313884499723 2.9848434311131182
v -0.0205847099423409 0.0214564129710197 0.0059541352093220
vn 0.3007902483548093 -3.0287228773889057 2.9848444140207588
v -0.0205847099423409 0.0185435879975557 0.0059541352093220
vn -0.3594658857153985 2.7620019079442981 3.2286041555078562
v -0.0209021307528019 0.0213281847536564 0.0060705901123583
vn -0.3594663848036145 -2.7620094910428064 3.2286055714830386
v -0.0209021307528019 0.0186718162149191 0.0060705901123583
vn -0.9411924119611931 2.3343662295883307 3.4412489839981619
v -0.0211815237998962 0.0211227666586637 0.0061730896122754
vn -0.9411905505543708 -2.3343706785924745 3.4412523934582202
v -0.0211815237998962 0.0188772343099117 0.0061730896122754
vn -1.4099242471300002 1.7711766992914251 3.6109868216633867
v -0.0214066430926323 0.0208520963788033 0.0062556792981923
vn -1.4104091954859432 -1.7707255566977056 3.6103468697417433
v -0.0214066430926323 0.0191479027271271 0.0062556792981923
vn -1.7371249991442075 -1.1074745342418932 3.7306807065653480
v -0.0215644091367722 0.0194680932909250 0.0063135595992208
vn -1.7370858591574958 1.1070238313907987 3.7314685374494809
v -0.0215644091367722 0.0205319076776505 0.0063135595992208
vn -1.9057531315711893 0.3763314898507050 3.7956342233533205
v -0.0216456539928913 0.0201808046549559 0.0063433656468987
vn -1.9057540214731847 -0.3763330223101540 3.7956331224498019
v -0.0216456539928913 0.0198191944509745 0.0063433656468987
vn -3.1706902314081309 -1.0471987115645254 -4.6928590639882417
v -0.0208121463656425 -0.0026800003834069 -0.0003534663992468
vn 1.8643495270968669 0.6099445449460876 -3.8211816730469943
v -0.0199202336370945 -0.0024927654303610 -0.0006806852761656
vn 1.9207483638534648 -0.0000002438596942 -3.8418717823240689
v -0.0198733322322369 -0.0030000000260770 -0.0006978923920542
vn 1.8643497146879242 -0.6099489491757941 -3.8211764080068185
v -0.0199202336370945 -0.0035072346217930 -0.0006806852761656
vn 5.6533431680158746 -0.0000000145575552 0.1822034022502896
v -0.0196838974952698 -0.0030000000260770 -0.0001815449213609
vn 5.5587259584552982 -1.0231993516007505 0.2169145673372022
v -0.0197307989001274 -0.0035072346217930 -0.0001643377763685
vn 1.6973307800766946 1.1964550498986928 -3.7598874351225482
v -0.0200591348111629 -0.0020050234161317 -0.0006297250511125
vn 5.5587290144457526 1.0231946868347621 0.2169187800337762
v -0.0197307989001274 -0.0024927654303610 -0.0001643377763685
vn -3.1706900913849294 1.0471985592646487 -4.6928591153591270
v -0.0208121463656425 -0.0033199996687472 -0.0003534663992468
vn 1.6973341397479502 -1.1964463943035795 -3.7598882595720799
v -0.0200591348111629 -0.0039949766360223 -0.0006297250511125
vn 5.2785549239925942 -2.0070552861143689 0.3197234168049042
v -0.0198697037994862 -0.0039949766360223 -0.0001133775876951
vn 1.4260928215046818 1.7369672232326574 -3.6603944000959303
v -0.0202847011387348 -0.0015555177815259 -0.0005469713360071
vn 5.2785531222865227 2.0070632263925985 0.3197229433475061
v -0.0198697037994862 -0.0020050234161317 -0.0001133775876951
vn -1.3735684084840254 3.0880359417547281 -2.5635479415272546
v -0.0217321850359440 -0.0033199996687472 -0.0000159303508553
vn 1.4260892172613793 -1.7369711412024667 -3.6603979861148463
v -0.0202847011387348 -0.0044444822706282 -0.0005469713360071
vn 4.8235381785791098 -2.9137783644857915 0.4866467194506408
v -0.0200952664017677 -0.0044444822706282 -0.0000306238543999
vn -2.3261565608110835 -2.6280125953356674 -1.9352299446845116
v -0.0218730047345161 -0.0026398072950542 0.0000357339195034
vn 1.0610587752280298 2.2107375459654217 -3.5264727453522764
v -0.0205882601439953 -0.0011615226976573 -0.0004356054705568
vn -1.3735679644084928 -3.0880362272862576 -2.5635497190601324
v -0.0217321850359440 -0.0026800003834069 -0.0000159303508553
vn 4.8235385937032484 2.9137764790785621 0.4866400857974301
v -0.0200952664017677 -0.0015555177815259 -0.0000306238543999
vn -2.3261545200444003 2.6280149712588798 -1.9352335017421738
v -0.0218730047345161 -0.0033601927570999 0.0000357339195034
vn 1.0610576316161242 -2.2107395178392588 -3.5264688852016395
v -0.0205882601439953 -0.0048384773544967 -0.0004356054705568
vn 4.2111938938665974 -3.7085531215564553 0.7112869447788751
v -0.0203988254070282 -0.0048384773544967 0.0000807420146884
vn -3.3688793492361362 -1.5172834583137327 -1.5526699165782423
v -0.0219760946929455 -0.0025299997068942 0.0000735531284590
vn 0.6162810573962789 2.5995694611717459 -3.3632846992893022
v -0.0209581479430199 -0.0008381787338294 -0.0002999022253789
vn 4.2111971879745216 3.7085511791742793 0.7112892153680527
v -0.0203988254070282 -0.0011615226976573 0.0000807420146884
vn -3.3688827435075126 1.5172813484966858 -1.5526730726336742
v -0.0219760946929455 -0.0034700003452599 0.0000735531284590
vn 0.6162839207488374 -2.5995655564133258 -3.3632847517146729
v -0.0209581479430199 -0.0051618213765323 -0.0002999022253789
vn 3.4650691773265234 -4.3607990573034456 0.9850360904113244
v -0.0207687169313431 -0.0051618213765323 0.0002164452453144
vn -2.0886435200158191 -2.0943915882724413 -1.7434897558993898
v -0.0209751650691032 -0.0026800003834069 0.0005851094028912
vn -2.0886435200158191 2.0943915882724413 -1.7434897558993896
v -0.0209751650691032 -0.0033199996687472 0.0005851094028912
vn -1.5538912356944028 3.0880706306782963 -3.0551283119449204
v -0.0214480347931385 -0.0033199996687472 0.0007585908751935
vn -3.8909879920934731 -0.4065566180075995 -1.6399830355129597
v -0.0220138281583786 -0.0023799999617040 0.0000873963290360
vn 0.1088269997549728 2.8884696753134311 -3.1771257400695285
v -0.0213801525533199 -0.0005979133420624 -0.0001450826530345
vn 3.4650653474215511 4.3608026480958246 0.9850379742865845
v -0.0207687169313431 -0.0008381787338294 0.0002164452453144
vn 0.1088224398882441 -2.8884681492028976 -3.1771248311035176
v -0.0213801525533199 -0.0054020867682993 -0.0001450826530345
vn -2.8766994769048129 1.3603507239699777 -4.8007164870235419
v -0.0220138281583786 -0.0046000001020730 0.0000873963290360
vn -3.8909878188809910 0.4065561265931584 -1.6399830774209936
v -0.0220138281583786 -0.0036200000904500 0.0000873963290360
vn 2.6138134506153619 -4.8454539605353961 1.2973292583712357
v -0.0211907178163528 -0.0054020867682993 0.0003712648176588
vn 5.7772264422725357 -0.5262453564254957 0.2357472069308346
v -0.0203543808311224 -0.0031801345758140 0.0012361295521259
vn 5.9031961240732658 0.0000000000000000 0.2941264613562347
v -0.0203377250581980 -0.0030000000260770 0.0012300182133913
vn 5.7772264422725357 0.5262453564254957 0.2357472069308346
v -0.0203543808311224 -0.0028198654763401 0.0012361295521259
vn 5.8051983515480270 1.0621628118144715 0.3311801420663113
v -0.0203647855669260 -0.0027073645032942 0.0012399461120367
vn 5.5852396206512234 1.5583118109853769 0.3085151854531578
v -0.0204326156526804 -0.0024691843427718 0.0012648311676458
vn 5.5852396206512234 -1.5583118109853769 0.3085151854531578
v -0.0204326156526804 -0.0035308157093823 0.0012648311676458
vn 5.8051983515480270 -1.0621628118144715 0.3311801420663113
v -0.0203647855669260 -0.0032926355488598 0.0012399461120367
vn -2.8767058722088921 -1.3603485056900986 -4.8007144190186057
v -0.0220138281583786 -0.0013999999500811 0.0000873963290360
vn -0.4417934227639797 3.0663883603225091 -2.9751127327562310
v -0.0218380503356457 -0.0004499578499235 0.0000229077249969
vn 2.6138188739645440 4.8454526638913737 1.2973254084191796
v -0.0211907178163528 -0.0005979133420624 0.0003712648176588
vn -0.4417939762816398 -3.0663892994812252 -2.9751163258591151
v -0.0218380503356457 -0.0055500413291156 0.0000229077249969
vn 1.6901514929352737 -5.1439052941836678 1.6361960811828677
v -0.0216486155986786 -0.0055500413291156 0.0005392552120611
vn 5.5151024440605632 2.0832284716291061 0.4409682912747057
v -0.0204449202865362 -0.0024259747005999 0.0012693443568423
vn 5.0443309445615290 -3.0215651364298974 0.6142480610971159
v -0.0205750558525324 -0.0038333549164236 0.0013170877937227
vn 5.5151016339779799 -2.0832356661868285 0.4409665149452794
v -0.0204449202865362 -0.0035740253515542 0.0012693443568423
vn 5.0443033129077577 3.0216279216759112 0.6142737212334528
v -0.0205750558525324 -0.0021666442044079 0.0013170877937227
vn 4.6587088856344767 3.4056417645095403 0.6497654805086012
v -0.0205884929746389 -0.0021492033265531 0.0013220182154328
vn 4.6587631961791161 -3.4055959091657928 0.6497611846259140
v -0.0205884929746389 -0.0038507967256010 0.0013220182154328
vn -1.5538897324433625 -3.0880709107198081 -3.0551272488520489
v -0.0214480347931385 -0.0026800003834069 0.0007585908751935
vn -2.6868379062247314 -2.6279742891121609 -2.9183571074005030
v -0.0215888582170010 -0.0026398072950542 0.0008102551219054
vn -0.9104518821282237 -1.3603524593672909 -5.5220813828948483
v -0.0226146690547466 -0.0013999999500811 0.0003078295558225
vn -1.0144184820051803 3.1264629579644070 -2.7650346227876463
v -0.0223142504692078 -0.0003999998443760 0.0001976129424293
vn 1.6901504348455245 5.1439023156071526 1.6361949007028191
v -0.0216486155986786 -0.0004499578499235 0.0005392552120611
vn -1.0144173521395621 -3.1264632323993418 -2.7650317062505194
v -0.0223142504692078 -0.0056000002659857 0.0001976129424293
vn 0.7295651161015427 -5.2446769038091228 1.9886098186121688
v -0.0221248157322407 -0.0056000002659857 0.0007139604422264
vn -3.7295895455011814 -1.5172635410425237 -2.5357712468700098
v -0.0216919444501400 -0.0025299997068942 0.0008480743272230
vn -2.6868340493269920 2.6279766650568908 -2.9183557139087029
v -0.0215888582170010 -0.0033601927570999 0.0008102551219054
vn -4.0713448336479381 -0.4065583087879004 -2.1315432952903639
v -0.0217296779155731 -0.0023799999617040 0.0008619175641797
vn -3.7295901442947157 1.5172614512948701 -2.5357666257739515
v -0.0216919444501400 -0.0034700003452599 0.0008480743272230
vn 4.4083623569797741 3.8463654003537955 0.8445150038577858
v -0.0207501854747534 -0.0019393400289118 0.0013813378755003
vn 3.9590636935678933 4.1498055118638728 0.9032920533238078
v -0.0208157878369093 -0.0018819910474122 0.0014054070925340
vn 3.9590587169190616 -4.1498121806877455 0.9032962972064631
v -0.0208157878369093 -0.0041180090047419 0.0014054070925340
vn 4.4083623569797741 -3.8463654003537955 0.8445150038577858
v -0.0207501854747534 -0.0040606600232422 0.0013813378755003
vn -2.7777856631297171 -1.3603519959155510 -1.4906655290708790
v -0.0217296779155731 -0.0018763137049973 0.0008619175641797
vn -2.7777860077515584 1.3603518450926197 -1.4906656808964756
v -0.0217296779155731 -0.0041236863471568 0.0008619175641797
vn -4.0713448371213845 0.4065583227946082 -2.1315433156548709
v -0.0217296779155731 -0.0036200000904500 0.0008619175641797
vn -0.9104464525356963 1.3603516436135992 -5.5220830965915715
v -0.0226146690547466 -0.0046000001020730 0.0003078295558225
vn 1.1547077033511473 1.3603489626637415 -2.9333907476985672
v -0.0223305169492960 -0.0041236863471568 0.0010823507327586
vn -1.5870347273486214 3.0663902853283731 -2.5549594103267994
v -0.0227904468774796 -0.0004499578499235 0.0003723163099494
vn 0.7295647102603698 5.2446787853673511 1.9886121656887505
v -0.0221248157322407 -0.0003999998443760 0.0007139604422264
vn -1.5870378690286315 -3.0663901859574190 -2.5549604738986824
v -0.0227904468774796 -0.0055500413291156 0.0003723163099494
vn -0.2310223520713028 -5.1439102535355214 2.3410155821715404
v -0.0226010158658028 -0.0055500413291156 0.0008886637515388
vn 3.6333464011606420 4.5236495283592495 1.1269943796310589
v -0.0209635812789202 -0.0017527951858938 0.0014596268301830
vn 3.1372767812863716 4.7344944398321358 1.2039959160781122
v -0.0210946928709745 -0.0016781478188932 0.0015077278949320
vn 3.1372870740030967 -4.7344842307514838 1.2039885261394556
v -0.0210946928709745 -0.0043218513019383 0.0015077278949320
vn 3.6333376529473753 -4.5236533271584971 1.1269965721067392
v -0.0209635812789202 -0.0042472039349377 0.0014596268301830
vn -2.1376534549839286 2.8884660703647125 -2.3529465314019369
v -0.0232483483850956 -0.0005979133420624 0.0005403066752478
vn -2.6451070037761313 2.5995590843138396 -2.1667784091309210
v -0.0236703492701054 -0.0008381787338294 0.0006951281102374
vn 1.9072533832078906 -0.4065544519826680 -3.7672030893195285
v -0.0226146690547466 -0.0023799999617040 0.0003078295558225
vn 1.1547075386810084 -1.3603491134857897 -2.9333904090277727
v -0.0223305169492960 -0.0018763137049973 0.0010823507327586
vn 1.5655037468512341 -1.5172749945210879 -3.3629634421475654
v -0.0226524025201797 -0.0025299997068942 0.0003216727636755
vn 1.2047937151718717 -1.5172297995409223 -4.3460771677338874
v -0.0223682504147291 -0.0025299997068942 0.0010961940279230
vn 1.7268965401241563 -0.4065538676898593 -4.2587635715405758
v -0.0223305169492960 -0.0023799999617040 0.0010823507327586
vn -2.1376468614234989 -2.8884714043660935 -2.3529471078851945
v -0.0232483483850956 -0.0054020867682993 0.0005403066752478
vn 1.9072535175910514 0.4065548617397125 -3.7672031905541661
v -0.0226146690547466 -0.0036200000904500 0.0003078295558225
vn -2.6451110862017728 -2.5995586063840790 -2.1667789641913231
v -0.0236703492701054 -0.0051618213765323 0.0006951281102374
vn 1.5655077193533811 1.5172755721662894 -3.3629649261122965
v -0.0226524025201797 -0.0034700003452599 0.0003216727636755
vn 1.7268965653733122 0.4065538340736817 -4.2587635288704409
v -0.0223305169492960 -0.0036200000904500 0.0010823507327586
vn 0.5227327100343213 -2.6279710807293419 -2.9804073803225606
v -0.0227554924786091 -0.0026398072950542 0.0003594919689931
vn -3.4549201123854694 1.7369679682928993 -1.8696846477581028
v -0.0243437960743904 -0.0015555177815259 0.0009421972208656
vn -3.0898939585921386 2.2107409832614309 -2.0036032951564473
v -0.0240402370691299 -0.0011615226976573 0.0008308294927701
vn 0.1620600359358625 -2.6279911064927717 -3.9635196928406469
v -0.0224713403731585 -0.0026398072950542 0.0011340131750330
vn -3.0898944178660495 -2.2107422515028166 -2.0036032454090758
v -0.0240402370691299 -0.0048384773544967 0.0008308294927701
vn 0.5227345684031413 2.6279760570161441 -2.9804096598197107
v -0.0227554924786091 -0.0033601927570999 0.0003594919689931
vn 1.2047937040380412 1.5172298451668498 -4.3460771370607079
v -0.0223682504147291 -0.0034700003452599 0.0010961940279230
vn -0.6101921578060874 -3.0880957320647706 -2.8436084873741989
v -0.0228963121771812 -0.0026800003834069 0.0004111562448088
vn -0.7905354424341594 -3.0880660230199681 -3.3351813220392161
v -0.0226121637970209 -0.0026800003834069 0.0011856774799526
vn -3.4549217910995038 -1.7369667640070796 -1.8696815690611364
v -0.0243437960743904 -0.0044444822706282 0.0009421972208656
vn -0.6101934852294068 3.0880960806703799 -2.8436096234233856
v -0.0228963121771812 -0.0033199996687472 0.0004111562448088
vn 0.1620632295914845 2.6280019819742972 -3.9635192668333663
v -0.0224713403731585 -0.0033601927570999 0.0011340131750330
vn 2.7498051127692991 5.0267075742730238 1.4515055486200255
v -0.0212070439010859 -0.0016141808591783 0.0015489464858547
vn 2.2250189363927042 5.1372166197773295 1.5402586971590051
v -0.0214103367179632 -0.0015484937466681 0.0016235287766904
vn 2.2250185436882317 -5.1372171417908667 1.5402583880351146
v -0.0214103367179632 -0.0044515063054860 0.0016235287766904
vn 2.7498209717512316 -5.0267027950409569 1.4515023227843455
v -0.0212070439010859 -0.0043858191929758 0.0015489464858547
vn -0.2310185589004866 5.1439072764966429 2.3410149433231000
v -0.0226010158658028 -0.0004499578499235 0.0008886637515388
vn -1.1546711619369161 -4.8454520544284030 2.6798939416214163
v -0.0230589117854834 -0.0054020867682993 0.0010566560085863
vn -0.6164622563723217 -1.0471946424319001 -5.6299370697064504
v -0.0238163508474827 -0.0026800003834069 0.0007486923132092
vn -3.7261580304592763 1.1964387203484039 -1.7701673385159697
v -0.0245693605393171 -0.0020050234161317 0.0010249509941787
vn -0.6164627714441069 1.0471971786752132 -5.6299368807430374
v -0.0238163508474827 -0.0033199996687472 0.0007486923132092
vn -0.7905341952532827 3.0880676245742475 -3.3351801566038128
v -0.0226121637970209 -0.0033199996687472 0.0011856774799526
vn 0.4655822997486728 2.0943957794229675 -2.6805669709177029
v -0.0230850297957659 -0.0033199996687472 0.0013591588940471
vn 1.7917764082953487 5.3362020637167120 1.8055694151852619
v -0.0214712154120207 -0.0015288223512471 0.0016458637546748
vn 0.7969780270403681 -5.4403963438667686 2.1723550338153408
v -0.0217459481209517 -0.0045000002719462 0.0017466553254053
vn 1.7917761460589237 -5.3362029811029892 1.8055684358887460
v -0.0214712154120207 -0.0044711777009070 0.0016458637546748
vn -1.1546783330766637 4.8454503998575493 2.6798973188214097
v -0.0230589117854834 -0.0005979133420624 0.0010566560085863
vn -2.0059424578781462 -4.3607893978400458 2.9921880606200641
v -0.0234809163957834 -0.0051618213765323 0.0012114755809307
vn -2.0059420295728327 4.3607907186562791 2.9921853315203633
v -0.0234809163957834 -0.0008381787338294 0.0012114755809307
vn -2.7520766764997413 -3.7085479198792926 3.2659238835392284
v -0.0238508041948080 -0.0048384773544967 0.0013471769634634
vn 0.7969765038492107 5.4403967348898634 2.1723551272093267
v -0.0217459481209517 -0.0014999997802079 0.0017466553254053
vn -0.1989809633437078 -5.3362097905963291 2.5359064155923696
v -0.0220206771045923 -0.0044711777009070 0.0018474470125511
vn -3.9495947681958277 0.0000000000000000 -1.6882134151092538
v -0.0247551631182432 -0.0030000000260770 0.0010931183351204
vn -3.8931940517284529 0.6099436406124905 -1.7089012032681319
v -0.0247082617133856 -0.0024927654303610 0.0010759111028165
vn 0.4655824081268569 -2.0943958457084220 -2.6805670106786561
v -0.0230850297957659 -0.0026800003834069 0.0013591588940471
vn -3.7261578611238337 -1.1964453684114729 -1.7701702501789329
v -0.0245693605393171 -0.0039949766360223 0.0010249509941787
vn -3.8931971148806448 -0.6099389444186254 -1.7089054165862974
v -0.0247082617133856 -0.0035072346217930 0.0010759111028165
vn -2.7520765283356212 3.7085480197674747 3.2659237489668258
v -0.0238508041948080 -0.0011615226976573 0.0013471769634634
vn -3.3644118575083715 -2.9137811081415035 3.4905698564070367
v -0.0241543632000685 -0.0044444822706282 0.0014585447497666
vn -0.1989798629746219 5.3362103289412257 2.5359056628083501
v -0.0220206771045923 -0.0015288223512471 0.0018474470125511
vn -0.7010052120368847 5.1372238722960564 2.6137556054670927
v -0.0220815595239401 -0.0015484937466681 0.0018697819905356
vn -0.7010051124081887 -5.1372243943163056 2.6137551157142918
v -0.0220815595239401 -0.0044515063054860 0.0018697819905356
vn -3.3644098950180044 2.9137828002324095 3.4905718362394511
v -0.0241543632000685 -0.0015555177815259 0.0014585447497666
vn -3.8194119963863238 -2.0070633913988591 3.6575119510110992
v -0.0243799258023500 -0.0039949766360223 0.0015412984648719
vn -3.8194148521636091 2.0070568030121962 3.6575104167108625
v -0.0243799258023500 -0.0020050234161317 0.0015412984648719
vn -4.0996033759541657 -1.0231938497502355 3.7602851285876953
v -0.0245188307017088 -0.0035072346217930 0.0015922585735098
vn -1.1586941021860131 5.0267118020143267 2.8854139548225737
v -0.0222848486155272 -0.0016141808591783 0.0019443642813712
vn -1.6143009125430843 4.7344963982286661 2.9472422790772752
v -0.0223972033709288 -0.0016781478188932 0.0019855827558786
vn -1.6143135421539276 -4.7344861894433903 2.9472432987686843
v -0.0223972033709288 -0.0043218513019383 0.0019855827558786
vn -1.1587082844019112 -5.0267070229784592 2.8854217502786255
v -0.0222848486155272 -0.0043858191929758 0.0019443642813712
vn -4.0996037642663490 1.0231985459032353 3.7602799339767841
v -0.0245188307017088 -0.0024927654303610 0.0015922585735098
vn -4.1942140282275240 -0.0000000000000000 3.7949952289105044
v -0.0245657321065664 -0.0030000000260770 0.0016094658058137
vn -2.0425005433750427 4.5236383107868106 3.2092943710863739
v -0.0225283112376928 -0.0017527951858938 0.0020336839370430
vn -2.4355512491782862 4.1498270200875949 3.2492902382834234
v -0.0226761046797037 -0.0018819910474122 0.0020879055373371
vn -2.4355447087675075 -4.1498336888837484 3.2492902568871056
v -0.0226761046797037 -0.0041180090047419 0.0020879055373371
vn -2.0424924528979824 -4.5236421095886854 3.2092903858882034
v -0.0225283112376928 -0.0042472039349377 0.0020336839370430
vn 3.9082379799546225 0.3763360283340139 1.6626415537051569
v -0.0188497453927994 -0.0028191949240863 0.0053176255896688
vn 3.9082377874734529 -0.3763343893235138 1.6626416243218218
v -0.0188497453927994 -0.0031808051280677 0.0053176255896688
vn 3.7381005339074354 1.1070246965258959 1.7227763677224872
v -0.0189309902489185 -0.0024680928327143 0.0053474316373467
vn 3.7381216743479651 -1.1070334520643264 1.7227686117726053
v -0.0189309902489185 -0.0035319072194397 0.0053474316373467
vn 3.4106353292971754 1.7711734335295579 1.8424543210789943
v -0.0190887562930584 -0.0021479032002389 0.0054053119383752
vn 3.4106307563569520 -1.7711728237274893 1.8424559907553788
v -0.0190887562930584 -0.0038520968519151 0.0054053119383752
vn -2.8162597744819324 3.8464092947523807 3.4950386371451772
v -0.0227417107671499 -0.0019393400289118 0.0021119727753103
vn -3.1332494932684298 3.4056006947806052 3.5084232981528656
v -0.0229034032672644 -0.0021492033265531 0.0021712945308536
vn -3.1332936951329917 -3.4055548384282850 3.5084551433202704
v -0.0229034032672644 -0.0038507967256010 0.0021712945308536
vn -2.8162597744819324 -3.8464092947523807 3.4950386371451772
v -0.0227417107671499 -0.0040606600232422 0.0021119727753103
vn 2.9433532326444811 2.3343705691258769 2.0161235143108622
v -0.0193138755857944 -0.0018772338517010 0.0054879016242921
vn 2.9433656397623755 -2.3343764266987610 2.0161186769206316
v -0.0193138755857944 -0.0041227662004530 0.0054879016242921
vn -3.4502992812920623 3.0215335785394739 3.7307154881680851
v -0.0229168403893709 -0.0021666442044079 0.0021762230899185
vn -3.9207722767792523 -2.0839494325867793 3.9036703167021805
v -0.0230469722300768 -0.0035740253515542 0.0022239664103836
vn -3.4502843960651326 -3.0209193612340259 3.7316994401450034
v -0.0229168403893709 -0.0038333549164236 0.0021762230899185
vn 2.3621176384585523 2.7619948291890499 2.2301236580007333
v -0.0195932649075985 -0.0016718157567084 0.0055904029868543
vn 2.3621160082582726 -2.7620105416083054 2.2301239540951650
v -0.0195932649075985 -0.0043281842954457 0.0055904029868543
vn -3.9213781464965458 2.0833944354056189 3.9028828350150824
v -0.0230469722300768 -0.0024259747005999 0.0022239664103836
vn -4.0605323517865042 1.5585052413113529 3.8473505061083797
v -0.0230592805892229 -0.0024691843427718 0.0022284814622253
vn -4.0605323517865042 -1.5585052413113529 3.8473505061083797
v -0.0230592805892229 -0.0035308157093823 0.0022284814622253
vn 1.7008792887952833 3.0287336601474126 2.4711943593698473
v -0.0199106894433498 -0.0015435875393450 0.0057068560272455
vn 1.7008869115796419 -3.0287212377126274 2.4711915628435799
v -0.0199106894433498 -0.0044564125128090 0.0057068560272455
vn -4.2137203867208290 1.0620820781714608 4.0068571211542130
v -0.0231271106749773 -0.0027073645032942 0.0022533664014190
vn -4.2540830300679291 0.5261554847846174 3.9159400739245842
v -0.0231375116854906 -0.0028198654763401 0.0022571829613298
vn -4.2540830300679291 -0.5261554847846174 3.9159400739245842
v -0.0231375116854906 -0.0031801345758140 0.0022571829613298
vn -4.2137203867208290 -1.0620820781714608 4.0068571211542130
v -0.0231271106749773 -0.0032926355488598 0.0022533664014190
vn -4.3124029342103141 0.0000000000000000 4.0419482378354115
v -0.0231541674584150 -0.0030000000260770 0.0022632924374193
vn 1.0003939803300668 3.1189425018261203 2.7268165278028667
v -0.0202476978302002 -0.0014999997802079 0.0058304965496063
vn 1.0003895259123781 -3.1190367352469726 2.7268181639741993
v -0.0202476978302002 -0.0045000002719462 0.0058304965496063
vn 0.3007914409613033 3.0287314587358605 2.9848436522992281
v -0.0205847099423409 -0.0015435875393450 0.0059541352093220
vn 0.3007899677365913 -3.0287228071171270 2.9848441928363734
v -0.0205847099423409 -0.0044564125128090 0.0059541352093220
vn -0.3594657209733922 2.7620019358388963 3.2286047250740486
v -0.0209021307528019 -0.0016718157567084 0.0060705901123583
vn -0.3594667748565771 -2.7620093636596850 3.2286048096832225
v -0.0209021307528019 -0.0043281842954457 0.0060705901123583
vn -0.9411902357649673 2.3343681084793957 3.4412502317906344
v -0.0211815237998962 -0.0018772338517010 0.0061730896122754
vn -0.9411926834036003 -2.3343689002418007 3.4412508442431085
v -0.0211815237998962 -0.0041227662004530 0.0061730896122754
vn -1.4099244117672136 1.7711770607634816 3.6109837041438526
v -0.0214066430926323 -0.0021479032002389 0.0062556792981923
vn -1.4104090517546939 -1.7707251789043434 3.6103499572634368
v -0.0214066430926323 -0.0038520968519151 0.0062556792981923
vn -1.7371249965367532 -1.1074752991767485 3.7306788221576772
v -0.0215644091367722 -0.0035319072194397 0.0063135595992208
vn -1.7370858627141330 1.1070230825991552 3.7314703927438773
v -0.0215644091367722 -0.0024680928327143 0.0063135595992208
vn -1.9057531382259616 0.3763324644345197 3.7956335121051046
v -0.0216456539928913 -0.0028191949240863 0.0063433656468987
vn -1.9057540148170853 -0.3763320477222319 3.7956338337011224
v -0.0216456539928913 -0.0031808051280677 0.0063433656468987
vn 0.5748091476175785 3.0749304061007781 -2.9567989767259713
v -0.0752380639314651 0.0265557300299406 0.0030309283174574
vn -1.0471939433800177 -1.3603517026352352 -5.4977886460751506
v -0.0753958150744438 0.0256000012159348 0.0030309285502881
vn 0.0000047730946506 3.1281830676990077 -2.9567876632435182
v -0.0757158100605011 0.0266000013798475 0.0030309269204736
vn -0.5748091106208093 3.0749256314756650 -2.9567932942573645
v -0.0761935636401176 0.0265557300299406 0.0030309271533042
vn 0.0000008964466894 5.2527414127746184 2.1245469208273171
v -0.0757158100605011 0.0266000013798475 0.0035809269174933
vn 0.9651896301500698 5.1633080563953824 2.1245556988595413
v -0.0752380639314651 0.0265557300299406 0.0035809283144772
vn 1.0472018909829979 -1.3603464007149422 -5.4977859398043325
v -0.0760358124971390 0.0256000012159348 0.0030309269204736
vn -1.1300363923682524 2.9169515077067514 -2.9567955296783222
v -0.0766550377011299 0.0264244284480810 0.0030309273861349
vn -0.9651975310716419 5.1633041746066848 2.1245513167507784
v -0.0761935636401176 0.0265557300299406 0.0035809271503240
vn -1.6467824298118126 2.6596415375321909 -2.9567915182087798
v -0.0770845338702202 0.0262105651199818 0.0030309276189655
vn -1.8975125703120539 4.8980384549559712 2.1245523532391446
v -0.0766550377011299 0.0264244284480810 0.0035809273831546
vn 3.0880741194161896 -0.4065149166736536 -2.8798189448179921
v -0.0760358124971390 0.0246200002729893 0.0030309269204736
vn -2.1074519481072675 2.3117599455708646 -2.9567937965745901
v -0.0774674192070961 0.0259214229881763 0.0030309278517962
vn -2.7652118616587491 4.4659726897047385 2.1245498843041175
v -0.0770845338702202 0.0262105651199818 0.0035809276159853
vn 2.6279653863334356 -1.5172725584104776 -2.6179342742027942
v -0.0760760009288788 0.0244699995964766 0.0030309271533042
vn -2.4963491493617518 1.8851621349328811 -2.9567973307741404
v -0.0777906551957130 0.0255668498575687 0.0030309280846268
vn -3.5387532842813907 3.8818237137321958 2.1245506929550269
v -0.0774674192070961 0.0259214229881763 0.0035809278488159
vn 2.0943935613178639 -1.3603497874544641 -2.3561934023279445
v -0.0760358124971390 0.0251236874610186 0.0038559278473258
vn -2.0943953924739791 -1.3603500439874003 -2.3561942182386177
v -0.0753958150744438 0.0251236874610186 0.0038559276144952
vn 0.4065615701301520 -3.0880644416595588 -2.8797864597047305
v -0.0763358101248741 0.0243200007826090 0.0030309271533042
vn -2.8002381868083788 1.3943638695429039 -2.9567917042955734
v -0.0780432373285294 0.0251589193940163 0.0030309280846268
vn 1.5172446798470980 -2.6280273048521932 -2.6180346088313207
v -0.0761858150362968 0.0243601929396391 0.0030309271533042
vn -4.1917752662778369 3.1654932033027170 2.1245551348057390
v -0.0777906551957130 0.0255668498575687 0.0035809280816466
vn 1.3603456894532664 -1.0471978666047874 -5.4977888494230509
v -0.0773158147931099 0.0243200007826090 0.0030309278517962
vn -3.0087749237157295 0.8560748276240383 -2.9567910174230474
v -0.0782165601849556 0.0247115250676870 0.0030309283174574
vn -4.7020519370809080 2.3413651338112675 2.1245523855217114
v -0.0780432373285294 0.0251589193940163 0.0035809280816466
vn -3.1148480907669991 0.2886341049717573 -2.9567924894536670
v -0.0783047229051590 0.0242398977279663 0.0030309283174574
vn -5.0522186550292485 1.4374902204454119 2.1245507979155920
v -0.0782165601849556 0.0247115250676870 0.0035809283144772
vn 2.6279629366038084 -1.5172724004478366 -3.6652510329733943
v -0.0760760009288788 0.0244699995964766 0.0038559280801564
vn 3.0880793360756020 -0.4065157581207238 -3.4033663623543853
v -0.0760358124971390 0.0246200002729893 0.0038559278473258
vn 1.5172444740139825 -2.6280278680413205 -3.6651506983477953
v -0.0761858150362968 0.0243601929396391 0.0038559280801564
vn 0.4065616059279719 -3.0880667618741069 -3.4033988474739978
v -0.0763358101248741 0.0243200007826090 0.0038559280801564
vn 1.3603458737997540 1.0471972119099497 -5.4977888494233254
v -0.0773158147931099 0.0236799996346235 0.0030309278517962
vn 1.3603478123195865 -2.0943958939691836 -2.3561961958341713
v -0.0768394991755486 0.0243200007826090 0.0038559283129871
vn -3.1148478848695680 -0.2886352064186961 -2.9567917761047791
v -0.0783047229051590 0.0237601026892662 0.0030309283174574
vn -5.2303345118217752 0.4846617551752221 2.1245521381696468
v -0.0783047229051590 0.0242398977279663 0.0035809283144772
vn -3.0087755135990482 -0.8560738749324215 -2.9567931331798802
v -0.0782165601849556 0.0232884772121906 0.0030309283174574
vn -5.2303336844187660 -0.4846636585957932 2.1245518903675853
v -0.0783047229051590 0.0237601026892662 0.0035809283144772
vn -2.4963491673667262 -1.8851618405213633 -2.9567973307741746
v -0.0777906551957130 0.0224331505596638 0.0030309280846268
vn -2.8002384313062811 -1.3943617866008624 -2.9567903018877950
v -0.0780432373285294 0.0228410810232162 0.0030309280846268
vn 0.3064424750936990 3.1114090119536728 -2.9452456515872552
v -0.0763358101248741 0.0236799996346235 0.0030309271533042
vn 1.3603478123195862 2.0943958939691836 -2.3561961958341713
v -0.0768394991755486 0.0236799996346235 0.0038559283129871
vn 1.1791360523486840 2.8466793162773278 -2.7488866693491580
v -0.0762210041284561 0.0236571636050940 0.0030309271533042
vn 1.1791366304140218 2.8466802985414965 -3.5342986378302150
v -0.0762210041284561 0.0236571636050940 0.0038559280801564
vn 0.3064425237294129 3.1114114828952300 -3.3379396555913630
v -0.0763358101248741 0.0236799996346235 0.0038559280801564
vn -2.1074518255646630 -2.3117599912400291 -2.9567937965746669
v -0.0774674192070961 0.0220785774290562 0.0030309278517962
vn 2.1787809388048442 2.1787261146396317 -2.7488758371361368
v -0.0761236771941185 0.0235921312123537 0.0030309271533042
vn 2.1787696970194719 2.1787224507646767 -3.5343094700163142
v -0.0761236771941185 0.0235921312123537 0.0038559280801564
vn -1.6467823604129423 -2.6596413650595747 -2.9567915182088145
v -0.0770845338702202 0.0217894352972507 0.0030309276189655
vn 2.8466959709798183 1.1791075171600680 -2.7489162358761852
v -0.0760586485266685 0.0234948042780161 0.0030309269204736
vn 2.8467017332844633 1.1791083787609897 -3.5342690712951148
v -0.0760586485266685 0.0234948042780161 0.0038559278473258
vn 3.1114084674512661 0.3064477765434998 -2.9452425471947992
v -0.0760358124971390 0.0233800001442432 0.0030309269204736
vn 3.1114086906325631 0.3064478236840495 -3.3379427599840557
v -0.0760358124971390 0.0233800001442432 0.0038559278473258
vn -1.1300364021338027 -2.9169513951108872 -2.9567955296783262
v -0.0766550377011299 0.0215755719691515 0.0030309273861349
vn 1.0471994873394570 1.3603476025320371 -5.4977874142281271
v -0.0760358124971390 0.0223999992012978 0.0030309269204736
vn -5.0522208110164959 -1.4374887021267249 2.1245517748331446
v -0.0782165601849556 0.0232884772121906 0.0035809283144772
vn -4.7020527343596674 -2.3413615767408369 2.1245515269632360
v -0.0780432373285294 0.0228410810232162 0.0035809280816466
vn -4.1917744796133194 -3.1654932733397039 2.1245556712625300
v -0.0777906551957130 0.0224331505596638 0.0035809280816466
vn -0.5748048562913020 -3.0749277577807761 -2.9567894286924141
v -0.0761935636401176 0.0214442703872919 0.0030309271533042
vn -1.0471919082274710 1.3603516221311902 -5.4977901204957131
v -0.0753958150744438 0.0223999992012978 0.0030309285502881
vn 0.5748029184837901 -3.0749308065106806 -2.9567951111019499
v -0.0752380639314651 0.0214442703872919 0.0030309283174574
vn 0.0000065082101370 -3.1281866882133551 -2.9567953944356105
v -0.0757158100605011 0.0214000009000301 0.0030309269204736
vn 2.0943961154719055 1.3603479788630661 -2.3561965348975011
v -0.0760358124971390 0.0228763148188591 0.0038559278473258
vn -3.5387532814345204 -3.8818229239613746 2.1245512294127256
v -0.0774674192070961 0.0220785774290562 0.0035809278488159
vn -2.7652118616587495 -4.4659726897047385 2.1245498843041175
v -0.0770845338702202 0.0217894352972507 0.0035809276159853
vn -1.8975125703120537 -4.8980384549559712 2.1245523532391446
v -0.0766550377011299 0.0215755719691515 0.0035809273831546
vn -0.9651874151605913 -5.1633035303807757 2.1245490327882459
v -0.0761935636401176 0.0214442703872919 0.0035809271503240
vn 0.0000017217377766 -5.2527469226720607 2.1245510071221259
v -0.0757158100605011 0.0214000009000301 0.0035809269174933
vn 1.1300267085891673 2.9169526113784463 -2.9567912800469394
v -0.0747765824198723 0.0264244284480810 0.0030309280846268
vn 1.8975032799908811 4.8980369177635188 2.1245517369457438
v -0.0747765824198723 0.0264244284480810 0.0035809280816466
vn -3.1114116711733981 -0.3064482884602031 -2.9452425471947992
v -0.0753958150744438 0.0246200002729893 0.0030309285502881
vn 1.6467789609534553 2.6596411228674492 -2.9567915182088149
v -0.0743470862507820 0.0262105651199818 0.0030309278517962
vn 2.7652123029638900 4.4659690444100590 2.1245525147260924
v -0.0743470862507820 0.0262105651199818 0.0035809278488159
vn 2.1074482143974156 2.3117601015754214 -2.9567937965745519
v -0.0739642009139061 0.0259214229881763 0.0030309276189655
vn -2.1787400200385285 -2.1787940844921589 -2.7489287604813581
v -0.0753079429268837 0.0244078692048788 0.0030309285502881
vn -2.8466572804626429 -1.1791764813988337 -2.7488633125362627
v -0.0753729790449142 0.0245051961392164 0.0030309285502881
vn 3.5387526421529070 3.8818219199090196 2.1245523115007661
v -0.0739642009139061 0.0259214229881763 0.0035809276159853
vn 2.4963563197133989 1.8851433279339067 -2.9567841280040454
v -0.0736409649252892 0.0255668498575687 0.0030309273861349
vn -1.1791386875114065 -2.8466775865954563 -2.7488866693464997
v -0.0752106159925461 0.0243428368121386 0.0030309283174574
vn 4.1917898226613106 3.1654612923909080 2.1245465463595252
v -0.0736409649252892 0.0255668498575687 0.0035809273831546
vn -3.1114112836582151 -0.3064481603814384 -3.3379427599841280
v -0.0753958150744438 0.0246200002729893 0.0038559276144952
vn 2.8002467901783534 1.3943464102471896 -2.9568049070656439
v -0.0733883902430534 0.0251589193940163 0.0030309273861349
vn -1.3603508958678914 -1.0471956464103522 -5.4977896806275020
v -0.0741158127784729 0.0243200007826090 0.0030309278517962
vn -0.3064438562301663 -3.1114129881780466 -2.9452456515873573
v -0.0750958099961281 0.0243200007826090 0.0030309283174574
vn 4.7020787954773366 2.3413375263922354 2.1245571333943589
v -0.0733883902430534 0.0251589193940163 0.0035809273831546
vn 3.0087700041805059 0.8560749212143551 -2.9567910174225256
v -0.0732150673866272 0.0247115250676870 0.0030309271533042
vn 5.0522209937062792 1.4374899307654037 2.1245488054489461
v -0.0732150673866272 0.0247115250676870 0.0035809271503240
vn 3.1148445863766514 0.2886338133405573 -2.9567924894532713
v -0.0731269046664238 0.0242398977279663 0.0030309271533042
vn 5.2303356750854730 0.4846618629677413 2.1245510579594731
v -0.0731269046664238 0.0242398977279663 0.0035809271503240
vn -2.8466581754114184 -1.1791772721932234 -3.5343219946422337
v -0.0753729790449142 0.0245051961392164 0.0038559276144952
vn -2.1787363134228634 -2.1787842692740358 -3.5342565466807621
v -0.0753079429268837 0.0244078692048788 0.0038559276144952
vn -1.1791400021487906 -2.8466814849643916 -3.5342986378279315
v -0.0752106159925461 0.0243428368121386 0.0038559273816645
vn -1.3603487846361322 -2.0943974295006962 -2.3561970270384953
v -0.0745921283960342 0.0243200007826090 0.0038559271488339
vn -0.3064434589145070 -3.1114095086024793 -3.3379396555910992
v -0.0750958099961281 0.0243200007826090 0.0038559273816645
vn 3.1148443804799788 -0.2886349147864859 -2.9567917761043838
v -0.0731269046664238 0.0237601026892662 0.0030309271533042
vn -1.3603509315076106 1.0471955198374430 -5.4977896806275073
v -0.0741158127784729 0.0236799996346235 0.0030309278517962
vn -1.3603488752974995 2.0943974636571636 -2.3561970270384491
v -0.0745921283960342 0.0236799996346235 0.0038559271488339
vn 5.2303348476824407 -0.4846637663887336 2.1245508101578556
v -0.0731269046664238 0.0237601026892662 0.0035809271503240
vn 3.0087705940665548 -0.8560739685212240 -2.9567931331793584
v -0.0732150673866272 0.0232884772121906 0.0030309271533042
vn 5.0522231496928010 -1.4374884124486740 2.1245497823636179
v -0.0732150673866272 0.0232884772121906 0.0035809271503240
vn -0.3064445118602356 3.1114119438230232 -3.3379396555911347
v -0.0750958099961281 0.0236799996346235 0.0038559273816645
vn -0.3064438418885113 3.1114129823286341 -2.9452456515873644
v -0.0750958099961281 0.0236799996346235 0.0030309283174574
vn 2.8002474793790277 -1.3943443505375757 -2.9568035046576551
v -0.0733883902430534 0.0228410810232162 0.0030309273861349
vn 2.4963561693499972 -1.8851432539646380 -2.9567841280039353
v -0.0736409649252892 0.0224331505596638 0.0030309273861349
vn -1.1791385816626279 2.8466768168710583 -2.7488866693458274
v -0.0752106159925461 0.0236571636050940 0.0030309283174574
vn -2.1787395543430605 2.1787940569030191 -2.7489287604819936
v -0.0753079429268837 0.0235921312123537 0.0030309285502881
vn -1.1791403727331067 2.8466821817815524 -3.5342986378261436
v -0.0752106159925461 0.0236571636050940 0.0038559273816645
vn 2.1074482198888513 -2.3117599788614696 -2.9567937965745594
v -0.0739642009139061 0.0220785774290562 0.0030309276189655
vn -2.8466574837983387 1.1791765228626097 -2.7488633125361792
v -0.0753729790449142 0.0234948042780161 0.0030309285502881
vn -2.1787383417577297 2.1787906323765327 -3.5342565466916209
v -0.0753079429268837 0.0235921312123537 0.0038559276144952
vn 1.6467788918559125 -2.6596411294776985 -2.9567915182087772
v -0.0743470862507820 0.0217894352972507 0.0030309278517962
vn -3.1114116662999627 0.3064482729369645 -2.9452425471948027
v -0.0753958150744438 0.0233800001442432 0.0030309285502881
vn -2.8466577397523825 1.1791764793481474 -3.5343219946427098
v -0.0753729790449142 0.0234948042780161 0.0038559276144952
vn -2.0943979807780528 1.3603483115308825 -2.3561973508096710
v -0.0753958150744438 0.0228763148188591 0.0038559276144952
vn -3.1114119347882316 0.3064481147606171 -3.3379427599838096
v -0.0753958150744438 0.0233800001442432 0.0038559276144952
vn 4.7020795927551617 -2.3413339693261190 2.1245562748342977
v -0.0733883902430534 0.0228410810232162 0.0035809273831546
vn 4.1917907273204023 -3.1654612118486640 2.1245459294365054
v -0.0736409649252892 0.0224331505596638 0.0035809273831546
vn 3.5387526454265634 -3.8818228281422895 2.1245516945767351
v -0.0739642009139061 0.0220785774290562 0.0035809276159853
vn 1.1300267183540931 -2.9169524987861477 -2.9567912800469358
v -0.0747765824198723 0.0215755719691515 0.0030309280846268
vn 2.7652123029638900 -4.4659690444100590 2.1245525147260924
v -0.0743470862507820 0.0217894352972507 0.0035809278488159
vn 1.8975032799908809 -4.8980369177635179 2.1245517369457438
v -0.0747765824198723 0.0215755719691515 0.0035809280816466
vn 0.9651785350903296 -5.1633066673064736 2.1245542504356556
v -0.0752380639314651 0.0214442703872919 0.0035809283144772
vn 0.9978261105785468 5.3447846828902916 2.3070231985591474
v -0.0754401907324791 0.0254744607955217 0.0046809283085167
vn 0.0000001577416998 5.4370145031189834 2.3088281131818653
v -0.0757158100605011 0.0255000013858080 0.0046809269115329
vn -0.9978249820386562 5.3447836288017587 2.3070286594283953
v -0.0759914368391037 0.0254744607955217 0.0046809269115329
vn -1.4689592075172151 5.1628695267492066 2.2127581702769596
v -0.0760732963681221 0.0254511702805758 0.0046809269115329
vn -1.9640578148106245 5.0701319043852981 2.3049885572833193
v -0.0762576758861542 0.0253987088799477 0.0046809269115329
vn -2.3926458980805778 4.8050242696070935 2.2123111012426286
v -0.0764101967215538 0.0253227613866329 0.0046809273771942
vn -2.8631232617974027 4.6222734010543007 2.3062083417159602
v -0.0765054598450661 0.0252753254026175 0.0046809273771942
vn -3.2479267787923680 4.2734813798976194 2.2398898957217002
v -0.0767094045877457 0.0251213163137436 0.0046809273771942
vn -3.6512715919143903 4.0260781328634749 2.3376609674751885
v -0.0767263546586037 0.0251085143536329 0.0046809273771942
vn -4.3372002828017289 3.2786008553780701 2.3098546393011796
v -0.0769128352403641 0.0249039530754089 0.0046809273771942
vn -4.5637896861390370 2.8257223809964147 2.2133995051371631
v -0.0769464224576950 0.0248497053980827 0.0046809273771942
vn -4.8669834525914633 2.4240346007010762 2.3051880330307486
v -0.0770585536956787 0.0246686078608036 0.0046809273771942
vn -5.0053181255855925 1.9390809159282840 2.2121326133878449
v -0.0771124064922333 0.0245296098291874 0.0046809278428555
vn -5.2298278794950903 1.4872874698986220 2.3055875981770488
v -0.0771585479378700 0.0244104955345392 0.0046809278428555
vn -5.2764640482076297 0.9861561257861617 2.2143593586166674
v -0.0772016048431396 0.0241801943629980 0.0046809278428555
vn -5.4139544133121280 0.4996050283834248 2.3092453270265869
v -0.0772094130516052 0.0241384021937847 0.0046809278428555
vn -5.4139547764926004 -0.4996273642490392 2.3092487785971501
v -0.0772094130516052 0.0238615982234478 0.0046809278428555
vn -5.2764567198603425 -0.9861725822392871 2.2143537960471105
v -0.0772016048431396 0.0238198079168797 0.0046809278428555
vn -5.2298298402011758 -1.4872840749838743 2.3055875691418852
v -0.0771585479378700 0.0235895048826933 0.0046809278428555
vn -5.0053185558214341 -1.9390807558183227 2.2121322685659490
v -0.0771124064922333 0.0234703905880451 0.0046809278428555
vn -4.8669834525914641 -2.4240346007010762 2.3051880330307486
v -0.0770585536956787 0.0233313925564289 0.0046809273771942
vn -4.5637896861390370 -2.8257223809964143 2.2133995051371631
v -0.0769464224576950 0.0231502950191498 0.0046809273771942
vn -4.3372003497217877 -3.2786022951515008 2.3098536155147613
v -0.0769128352403641 0.0230960473418236 0.0046809273771942
vn -3.6644874210328031 -4.0163657892816094 2.3106797012423272
v -0.0767263546586037 0.0228914860635996 0.0046809273771942
vn -3.2349590465233722 -4.2835101055631322 2.2154208745043933
v -0.0767094045877457 0.0228786841034889 0.0046809273771942
vn -2.8631229192918894 -4.6222735724284583 2.3062089543282651
v -0.0765054598450661 0.0227246750146151 0.0046809273771942
vn -2.3926458988268284 -4.8050242711089748 2.2123123054211788
v -0.0764101967215538 0.0226772390305996 0.0046809273771942
vn -1.9640581580800294 -5.0701317342941508 2.3049891626231531
v -0.0762576758861542 0.0226012915372849 0.0046809269115329
vn -1.4689592075172153 -5.1628695267492066 2.2127581702769592
v -0.0760732963681221 0.0225488301366568 0.0046809269115329
vn -0.9978079503961884 -5.3447879957619220 2.3070325790975152
v -0.0759914368391037 0.0225255396217108 0.0046809269115329
vn 0.0000018840877044 -5.4370113497984507 2.3088212092135216
v -0.0757158100605011 0.0225000008940697 0.0046809269115329
vn 1.4689583764862297 5.1628692102579201 2.2127557543635157
v -0.0753583312034607 0.0254511702805758 0.0046809283085167
vn 2.3925687761158776 4.8050441703903513 2.2122916828864243
v -0.0750214308500290 0.0253227613866329 0.0046809283085167
vn 1.9640595152163618 5.0701306374445165 2.3049853528757609
v -0.0751739516854286 0.0253987088799477 0.0046809283085167
vn 3.2344893347012076 4.2837357848489042 2.2152887711207674
v -0.0747222229838371 0.0251213163137436 0.0046809283085167
vn 2.8630989464727148 4.6223068885128509 2.3062236728583940
v -0.0749261602759361 0.0252753254026175 0.0046809283085167
vn 4.3379986372225225 3.2777304783691044 2.3080559437689598
v -0.0745187848806381 0.0249039530754089 0.0046809278428555
vn 3.6633077704976698 4.0176796829955173 2.3089961571630151
v -0.0747052654623985 0.0251085143536329 0.0046809283085167
vn 4.5637947473466891 2.8257221478017511 2.2133907253820406
v -0.0744851976633072 0.0248497053980827 0.0046809278428555
vn 5.0052747112377141 1.9390825465603048 2.2120614891377719
v -0.0743192210793495 0.0245296098291874 0.0046809278428555
vn 4.8670632179878872 2.4239275211110840 2.3051911634569944
v -0.0743730664253235 0.0246686078608036 0.0046809278428555
vn 5.2764688685013770 0.9860764781288258 2.2143274283944621
v -0.0742300227284431 0.0241801943629980 0.0046809278428555
vn 5.2298437099908339 1.4873585579500397 2.3056063370232067
v -0.0742730721831322 0.0244104955345392 0.0046809278428555
vn 5.4139565594196144 -0.4996275859796361 2.3092368319510572
v -0.0742222145199776 0.0238615982234478 0.0046809278428555
vn 5.4139561962149436 0.4996052500996183 2.3092333803772100
v -0.0742222145199776 0.0241384021937847 0.0046809278428555
vn 5.2764615399888841 -0.9860929352026293 2.2143218659943491
v -0.0742300227284431 0.0238198079168797 0.0046809278428555
vn 5.0052751415208503 -1.9390823864395950 2.2120611442883780
v -0.0743192210793495 0.0234703905880451 0.0046809278428555
vn 5.2298456703682827 -1.4873551636513063 2.3056063078135174
v -0.0742730721831322 0.0235895048826933 0.0046809278428555
vn 4.5637947473466891 -2.8257221478017511 2.2133907253820402
v -0.0744851976633072 0.0231502950191498 0.0046809278428555
vn 4.8670632179878872 -2.4239275211110836 2.3051911634569944
v -0.0743730664253235 0.0233313925564289 0.0046809278428555
vn 3.6508690151134697 -4.0265262521402683 2.3377758308005956
v -0.0747052654623985 0.0228914860635996 0.0046809283085167
vn 4.3372019265531456 -3.2785998008170765 2.3098500223255511
v -0.0745187848806381 0.0230960473418236 0.0046809278428555
vn 3.2474726925487918 -4.2736991614916287 2.2397834145160771
v -0.0747222229838371 0.0228786841034889 0.0046809283085167
vn 2.3925687768750645 -4.8050441719012191 2.2122928870737577
v -0.0750214308500290 0.0226772390305996 0.0046809283085167
vn 2.8630986039568032 -4.6223070598798639 2.3062242854812376
v -0.0749261602759361 0.0227246750146151 0.0046809283085167
vn 1.4689583764862300 -5.1628692102579201 2.2127557543635157
v -0.0753583312034607 0.0225488301366568 0.0046809283085167
vn 1.9640598584878064 -5.0701304673533869 2.3049859582145507
v -0.0751739516854286 0.0226012915372849 0.0046809283085167
vn 0.9978076446462889 -5.3447907774958745 2.3070255237016171
v -0.0754401907324791 0.0225255396217108 0.0046809283085167
vn 0.0000048273378193 3.1191111232703226 2.9053815235259988
v -0.0757158026099205 0.0255000013858080 0.0090309279039502
vn -0.7457960275773176 3.0287253671980849 2.9064894307638349
v -0.0760747790336609 0.0254564136266708 0.0090309279039502
vn -1.4499393173667672 2.7617589525246360 2.9069032112111839
v -0.0764128938317299 0.0253281854093075 0.0090309279039502
vn -2.0700618558684103 2.3328671364823954 2.9024167501979896
v -0.0767104923725128 0.0251227673143148 0.0090309288352728
vn -2.5652344960877298 1.7740580721956876 2.9031561094582092
v -0.0769502818584442 0.0248520970344543 0.0090309288352728
vn -2.9165959767480341 1.1059684380937418 2.9071226584060734
v -0.0771183297038078 0.0245319083333015 0.0090309288352728
vn -3.0964913382456754 0.3747293895432306 2.9050010717856711
v -0.0772048681974411 0.0241808053106070 0.0090309288352728
vn -3.0964914201912759 -0.3747293522636538 2.9050010667829094
v -0.0772048681974411 0.0238191951066256 0.0090309288352728
vn -2.9165961389584281 -1.1059684945886754 2.9071226584061800
v -0.0771183297038078 0.0234680920839310 0.0090309288352728
vn -2.5658701113800353 -1.7733404746607848 2.9045170842825332
v -0.0769502818584442 0.0231479033827782 0.0090309288352728
vn -2.0694163073516960 -2.3335921493882283 2.9039240823204495
v -0.0767104923725128 0.0228772331029177 0.0090309288352728
vn -1.4499418092238643 -2.7617622140607807 2.9069130006528532
v -0.0764128938317299 0.0226718168705702 0.0090309279039502
vn -0.7457950337643011 -3.0287237352370830 2.9064799797291800
v -0.0760747790336609 0.0225435867905617 0.0090309279039502
vn 0.0000048271491053 -3.1191130646672329 2.9053920514578402
v -0.0757158026099205 0.0225000008940697 0.0090309279039502
vn 0.7458003279774313 3.0287165574376571 2.9064892821972212
v -0.0753568336367607 0.0254564136266708 0.0090309279039502
vn 1.4499595593122914 2.7617797694488466 2.9068997457592518
v -0.0750187188386917 0.0253281854093075 0.0090309269726276
vn 2.0688281328616736 2.3342669422959377 2.9052791805672160
v -0.0747211202979088 0.0251227673143148 0.0090309269726276
vn 2.5664710831857906 1.7726657162866037 2.9058499411271095
v -0.0744813308119774 0.0248520970344543 0.0090309269726276
vn 2.9165994457336204 1.1059694650804897 2.9071175637223767
v -0.0743132829666138 0.0245319083333015 0.0090309269726276
vn 3.0964946533358000 0.3747280140582027 2.9049929888213386
v -0.0742267444729805 0.0241808053106070 0.0090309269726276
vn 3.0964947979333823 -0.3747279357828373 2.9049929838191777
v -0.0742267444729805 0.0238191951066256 0.0090309269726276
vn 2.9165997432696478 -1.1059695756676475 2.9071175637221738
v -0.0743132829666138 0.0234680920839310 0.0090309269726276
vn 2.5652375974326205 -1.7740612438696508 2.9031499130320344
v -0.0744813308119774 0.0231479033827782 0.0090309269726276
vn 2.0700640759167350 -2.3328725805489414 2.9024072706773589
v -0.0747211202979088 0.0228772331029177 0.0090309269726276
vn 1.4499611367393936 -2.7617809167745651 2.9069095351921108
v -0.0750187188386917 0.0226718168705702 0.0090309269726276
vn 0.7457993340911450 -3.0287149256255748 2.9064798310660516
v -0.0753568336367607 0.0225435867905617 0.0090309279039502
vn 1.0471945061006041 -1.3603493258845385 -5.4977875227249262
v -0.0760358124971390 -0.0053999996744096 0.0030309269204736
vn -0.5748107000747482 3.0749266750819939 -2.9567894944729813
v -0.0761935636401176 -0.0044442699290812 0.0030309271533042
vn 0.0000004151249412 3.1281915954440400 -2.9567915288484148
v -0.0757158100605011 -0.0043999995104969 0.0030309269204736
vn -1.0472007392895586 -1.3603490878521092 -5.4977872076651453
v -0.0753958150744438 -0.0053999996744096 0.0030309266876429
vn 0.5748028283465324 3.0749269685798102 -2.9567951769419554
v -0.0752380639314651 -0.0044442699290812 0.0030309264548123
vn 0.0000053766963473 5.2527413821586926 2.1245513277498391
v -0.0757158100605011 -0.0043999995104969 0.0035809269174933
vn 0.9651930154481003 5.1633060439989036 2.1245526474701468
v -0.0752380639314651 -0.0044442699290812 0.0035809264518321
vn -1.1300392130954555 2.9169507051325394 -2.9567973966806793
v -0.0766550377011299 -0.0045755724422634 0.0030309273861349
vn -0.9651969064713118 5.1633010032054809 2.1245497959110744
v -0.0761935636401176 -0.0044442699290812 0.0035809271503240
vn 1.1300295292768094 2.9169518088280699 -2.9567931470236690
v -0.0747765824198723 -0.0045755724422634 0.0030309262219816
vn 1.8975078746534566 4.8980367647053784 2.1245525520414121
v -0.0747765824198723 -0.0045755724422634 0.0035809262190014
vn -1.6467804880870087 2.6596430038551899 -2.9567930672245533
v -0.0770845338702202 -0.0047894357703626 0.0030309276189655
vn -1.8975171650466860 4.8980383018740365 2.1245531683436623
v -0.0766550377011299 -0.0045755724422634 0.0035809273831546
vn -3.1114121468460718 -0.3064458971047191 -2.9452440994033298
v -0.0753958150744438 -0.0063799996860325 0.0030309266876429
vn 1.6467770192262963 2.6596425891920035 -2.9567930672245879
v -0.0743470862507820 -0.0047894357703626 0.0030309259891510
vn 2.7652098074387448 4.4659722149532097 2.1245530959759273
v -0.0743470862507820 -0.0047894357703626 0.0035809259861708
vn 3.0880552789501006 -0.4065852315871624 -2.8797726017225180
v -0.0760358124971390 -0.0063799996860325 0.0030309269204736
vn -2.1074500063812014 2.3117614118997318 -2.9567922475588153
v -0.0774674192070961 -0.0050785769708455 0.0030309278517962
vn -2.7652095142370086 4.4659761285084940 2.1245501613507622
v -0.0770845338702202 -0.0047894357703626 0.0035809276159853
vn 2.1074462726727878 2.3117615678982233 -2.9567922475587776
v -0.0739642009139061 -0.0050785769708455 0.0030309257563204
vn -2.1787400200392013 -2.1787940844923899 -2.7489287604813581
v -0.0753079429268837 -0.0065921316854656 0.0030309266876429
vn -2.8466577561320041 -1.1791740900440555 -2.7488617603277321
v -0.0753729790449142 -0.0064948047511280 0.0030309266876429
vn 3.5387487536296960 3.8818231586221765 2.1245520708059131
v -0.0739642009139061 -0.0050785769708455 0.0035809257533401
vn 2.6279889373698149 -1.5173004830666257 -2.6180187827733929
v -0.0760760083794594 -0.0065300003625453 0.0030309271533042
vn -2.4963491493652588 1.8851621349329699 -2.9567973307741413
v -0.0777906551957130 -0.0054331501014531 0.0030309280846268
vn -3.5387495988468998 3.8818252125017900 2.1245501256068891
v -0.0774674192070961 -0.0050785769708455 0.0035809278488159
vn 2.4963563197134375 1.8851433279341672 -2.9567841280040414
v -0.0736409649252892 -0.0054331501014531 0.0030309255234897
vn -1.1791386875112388 -2.8466775865962495 -2.7488866693464988
v -0.0752106159925461 -0.0066571640782058 0.0030309264548123
vn 4.1917894103363240 3.1654613030598258 2.1245468451357259
v -0.0736409649252892 -0.0054331501014531 0.0035809255205095
vn 2.0943943738265793 -1.3603490463547212 -2.3561945540762927
v -0.0760358124971390 -0.0058763143606484 0.0038559278473258
vn -2.0943961223378240 -1.3603496681917306 -2.3561948691358419
v -0.0753958150744438 -0.0058763143606484 0.0038559276144952
vn -3.1114119236682272 -0.3064458499655300 -3.3379412077755255
v -0.0753958150744438 -0.0063799996860325 0.0038559276144952
vn 0.4065615701301402 -3.0880644416604839 -2.8797864597047300
v -0.0763358101248741 -0.0066800001077354 0.0030309271533042
vn -2.8002385847003852 1.3943628424733463 -2.9567910030903306
v -0.0780432373285294 -0.0058410805650055 0.0030309280846268
vn 1.5172870716552276 -2.6279849143345451 -2.6179964433561960
v -0.0761858150362968 -0.0066398079507053 0.0030309271533042
vn -4.1917757713517556 3.1654971577269917 2.1245525652252502
v -0.0777906551957130 -0.0054331501014531 0.0035809280816466
vn 2.8002471880712387 1.3943453831748363 -2.9568042058604020
v -0.0733883902430534 -0.0058410805650055 0.0030309255234897
vn -1.3603516637036426 -1.0471966240464052 -5.4977883507012875
v -0.0741158127784729 -0.0066800001077354 0.0030309259891510
vn -0.3064438562301336 -3.1114129881769705 -2.9452456515873573
v -0.0750958099961281 -0.0066800001077354 0.0030309264548123
vn 4.7020791941175242 2.3413357478559691 2.1245567041136417
v -0.0733883902430534 -0.0058410805650055 0.0035809255205095
vn 1.3603456894534447 -1.0471978666036728 -5.4977888494230527
v -0.0773158147931099 -0.0066800001077354 0.0030309278517962
vn -3.0087752186591765 0.8560743512752917 -2.9567920753020527
v -0.0782165601849556 -0.0062884758226573 0.0030309283174574
vn -4.7020565361790894 2.3413625574956662 2.1245487931787546
v -0.0780432373285294 -0.0058410805650055 0.0035809280816466
vn 3.0087702991246874 0.8560744448652461 -2.9567920753015304
v -0.0732150673866272 -0.0062884758226573 0.0030309252906591
vn 5.0522220554154096 1.4374891667301841 2.1245493108212630
v -0.0732150673866272 -0.0062884758226573 0.0035809252876788
vn -3.1148479878184734 0.2886346556942571 -2.9567921327799036
v -0.0783047229051590 -0.0067601022310555 0.0030309283174574
vn -5.0522197167388416 1.4374894564091067 2.1245513032891861
v -0.0782165601849556 -0.0062884758226573 0.0035809283144772
vn 3.1148444834287665 0.2886343640623950 -2.9567921327795079
v -0.0731269046664238 -0.0067601022310555 0.0030309252906591
vn 5.2303352613848908 0.4846628146765349 2.1245509340589299
v -0.0731269046664238 -0.0067601022310555 0.0035809252876788
vn 2.6279837207802288 -1.5173005251225209 -3.6651665243983782
v -0.0760760083794594 -0.0065300003625453 0.0038559280801564
vn 3.0880588868227825 -0.4065847301229680 -3.4034127054503296
v -0.0760358124971390 -0.0063799996860325 0.0038559278473258
vn -2.8466570567399656 -1.1791728603896743 -3.5343235468515446
v -0.0753729790449142 -0.0064948047511280 0.0038559276144952
vn 1.5172865308099575 -2.6279854164423706 -3.6651888638227894
v -0.0761858150362968 -0.0066398079507053 0.0038559280801564
vn -2.1787355138319442 -2.1787908785852279 -3.5342565466924674
v -0.0753079429268837 -0.0065921316854656 0.0038559276144952
vn 0.4065616059279719 -3.0880667618741069 -3.4033988474739969
v -0.0763358101248741 -0.0066800001077354 0.0038559280801564
vn -1.1791426193586731 -2.8466817078894406 -3.5342986378233636
v -0.0752106159925461 -0.0066571640782058 0.0038559273816645
vn 1.3603458737996408 1.0471972119097670 -5.4977888494233245
v -0.0773158147931099 -0.0073200003243983 0.0030309278517962
vn -3.1148480907669986 -0.2886341049717573 -2.9567924894536670
v -0.0783047229051590 -0.0072398972697556 0.0030309283174574
vn 1.3603478123195858 -2.0943958939691836 -2.3561961958341713
v -0.0768394991755486 -0.0066800001077354 0.0038559283129871
vn -1.3603495524718308 -2.0943964518642515 -2.3561956971122804
v -0.0745921283960342 -0.0066800001077354 0.0038559271488339
vn -0.3064439759437277 -3.1114105583868836 -3.3379396555913630
v -0.0750958099961281 -0.0066800001077354 0.0038559273816645
vn -1.3603516993433953 1.0471964974737449 -5.4977883507012910
v -0.0741158127784729 -0.0073200003243983 0.0030309259891510
vn -1.3603495524718308 2.0943964518642515 -2.3561956971122804
v -0.0745921283960342 -0.0073200003243983 0.0038559271488339
vn -5.2303340981212028 0.4846627068838046 2.1245520142688799
v -0.0783047229051590 -0.0067601022310555 0.0035809283144772
vn 3.1148445863766514 -0.2886338133405573 -2.9567924894532713
v -0.0731269046664238 -0.0072398972697556 0.0030309252906591
vn 5.2303354934058559 -0.4846619869532876 2.1245512144310919
v -0.0731269046664238 -0.0072398972697556 0.0035809252876788
vn -3.0087751226618202 -0.8560743140879918 -2.9567913680259856
v -0.0782165601849556 -0.0077115246094763 0.0030309283174574
vn -5.2303343301420817 -0.4846618791607543 2.1245522946411715
v -0.0783047229051590 -0.0072398972697556 0.0035809283144772
vn 3.0087702031270580 -0.8560744076784420 -2.9567913680254638
v -0.0732150673866272 -0.0077115246094763 0.0030309252906591
vn 5.0522213374597040 -1.4374889607621832 2.1245491602636415
v -0.0732150673866272 -0.0077115246094763 0.0035809252876788
vn -2.4963491673667555 -1.8851618405213402 -2.9567973307741742
v -0.0777906551957130 -0.0085668498650193 0.0030309280846268
vn -2.8002378344706536 -1.3943633272020093 -2.9567913536928021
v -0.0780432373285294 -0.0081589194014668 0.0030309280846268
vn 0.3064424750936715 3.1114090119541888 -2.9452456515872547
v -0.0763358101248741 -0.0073200003243983 0.0030309271533042
vn 1.3603478123195860 2.0943958939691836 -2.3561961958341713
v -0.0768394991755486 -0.0073200003243983 0.0038559283129871
vn 1.1791360523488066 2.8466793162775019 -2.7488866693491576
v -0.0762210041284561 -0.0073428363539279 0.0030309271533042
vn 1.1791366304140218 2.8466802985414965 -3.5342986378302137
v -0.0762210041284561 -0.0073428363539279 0.0038559280801564
vn 0.3064425237294129 3.1114114828952300 -3.3379396555913630
v -0.0763358101248741 -0.0073200003243983 0.0038559280801564
vn -0.4065442170192762 3.0880708858415149 -3.4033864297157845
v -0.0750958099961281 -0.0073200003243983 0.0038559273816645
vn -0.4065441442971939 3.0880731893332984 -2.8797988774630054
v -0.0750958099961281 -0.0073200003243983 0.0030309264548123
vn 2.8002468825428499 -1.3943458911420159 -2.9568045564626626
v -0.0733883902430534 -0.0081589194014668 0.0030309255234897
vn 2.4963562018437879 -1.8851432598421738 -2.9567841280039495
v -0.0736409649252892 -0.0085668498650193 0.0030309255234897
vn -1.5172654279229878 2.6279937069487218 -2.6179882663169791
v -0.0752458125352859 -0.0073601924814284 0.0030309264548123
vn -2.1074518255646808 -2.3117599912400539 -2.9567937965746713
v -0.0774674192070961 -0.0089214229956269 0.0030309278517962
vn 2.1787809388049166 2.1787261146394226 -2.7488758371361381
v -0.0761236771941185 -0.0074078687466681 0.0030309271533042
vn 2.1787696970172830 2.1787224507634475 -3.5343094700163142
v -0.0761236771941185 -0.0074078687466681 0.0038559280801564
vn -2.6279885161624570 1.5173041004795567 -2.6180145420517151
v -0.0753556191921234 -0.0074699991382658 0.0030309266876429
vn -1.5172678929195316 2.6279957612341791 -3.6651970408585077
v -0.0752458125352859 -0.0073601924814284 0.0038559273816645
vn -1.6467823604129297 -2.6596413650595978 -2.9567915182088207
v -0.0770845338702202 -0.0092105651274323 0.0030309276189655
vn 2.8466959709792419 1.1791075171599308 -2.7489162358761852
v -0.0760586485266685 -0.0075051956810057 0.0030309269204736
vn 2.8467017332860767 1.1791083787618457 -3.5342690712951148
v -0.0760586485266685 -0.0075051956810057 0.0038559278473258
vn 2.1074482349208217 -2.3117600099642268 -2.9567937965745670
v -0.0739642009139061 -0.0089214229956269 0.0030309257563204
vn -3.0880622811673062 0.4065836515753526 -2.8797726017276775
v -0.0753958150744438 -0.0076199998147786 0.0030309266876429
vn -2.6279870452510803 1.5173020561021582 -3.6651707651239995
v -0.0753556191921234 -0.0074699991382658 0.0038559276144952
vn 3.1114084674513727 0.3064477765435092 -2.9452425471947987
v -0.0760358124971390 -0.0076199998147786 0.0030309269204736
vn 3.1114086906323526 0.3064478236839752 -3.3379427599840561
v -0.0760358124971390 -0.0076199998147786 0.0038559278473258
vn 1.0471931931971143 1.3603488973456728 -5.4977886744716526
v -0.0760358124971390 -0.0086000012233853 0.0030309269204736
vn -1.1300364021338072 -2.9169513951108623 -2.9567955296783257
v -0.0766550377011299 -0.0094244284555316 0.0030309273861349
vn 1.6467788921595534 -2.6596411393668924 -2.9567915182087798
v -0.0743470862507820 -0.0092105651274323 0.0030309259891510
vn -1.0471993585760728 1.3603488953361977 -5.4977883594120751
v -0.0753958150744438 -0.0086000012233853 0.0030309266876429
vn -2.0943970031407013 1.3603490793673680 -2.3561960208828103
v -0.0753958150744438 -0.0081236856058240 0.0038559276144952
vn -3.0880625331870837 0.4065834697344378 -3.4034127054509140
v -0.0753958150744438 -0.0076199998147786 0.0038559276144952
vn -5.0522189987806581 -1.4374892504409424 2.1245511527328373
v -0.0782165601849556 -0.0077115246094763 0.0035809283144772
vn 4.7020789398038518 -2.3413365334835308 2.1245570077285745
v -0.0733883902430534 -0.0081589194014668 0.0035809255205095
vn -4.7020562818650271 -2.3413633431241210 2.1245490967935057
v -0.0780432373285294 -0.0081589194014668 0.0035809280816466
vn 4.1917874154758961 -3.1654615067041316 2.1245481879108530
v -0.0736409649252892 -0.0085668498650193 0.0035809255205095
vn -4.1917753970142408 -3.1654972170956546 2.1245528029041978
v -0.0777906551957130 -0.0085668498650193 0.0035809280816466
vn 3.5387524303425728 -3.8818192431512846 2.1245542797196322
v -0.0739642009139061 -0.0089214229956269 0.0035809257533401
vn 0.0000000956936334 -3.1281927204890225 -2.9567953944435077
v -0.0757158100605011 -0.0095999995246530 0.0030309269204736
vn -0.5748048562913020 -3.0749277577807761 -2.9567894286924141
v -0.0761935636401176 -0.0095557300373912 0.0030309271533042
vn 0.5747973480193713 -3.0749283689366180 -2.9567951111064579
v -0.0752380639314651 -0.0095557300373912 0.0030309264548123
vn 2.0943952546285773 1.3603484575308404 -2.3561957058229819
v -0.0760358124971390 -0.0081236856058240 0.0038559278473258
vn 1.1300267183540931 -2.9169524987861477 -2.9567912800469358
v -0.0747765824198723 -0.0094244284555316 0.0030309262219816
vn -3.5387532814345204 -3.8818229239613746 2.1245512294127256
v -0.0774674192070961 -0.0089214229956269 0.0035809278488159
vn 2.7652121548592983 -4.4659687761484799 2.1245528189258986
v -0.0743470862507820 -0.0092105651274323 0.0035809259861708
vn -2.7652118616587495 -4.4659726897047385 2.1245498843041175
v -0.0770845338702202 -0.0092105651274323 0.0035809276159853
vn 1.8975032799908809 -4.8980369177635179 2.1245517369457438
v -0.0747765824198723 -0.0094244284555316 0.0035809262190014
vn -1.8975125703120537 -4.8980384549559712 2.1245523532391446
v -0.0766550377011299 -0.0094244284555316 0.0035809273831546
vn 0.9651831793441155 -5.1633083088265028 2.1245521785686754
v -0.0752380639314651 -0.0095557300373912 0.0035809264518321
vn -0.9651874151605913 -5.1633035303807757 2.1245490327882459
v -0.0761935636401176 -0.0095557300373912 0.0035809271503240
vn 0.0000056673157510 -5.2527448070561347 2.1245527571319998
v -0.0757158100605011 -0.0095999995246530 0.0035809269174933
vn 0.9978324220570366 5.3447804868011346 2.3070268939223917
v -0.0754401907324791 -0.0055255400948226 0.0046809264458716
vn 0.0000086886092358 5.4370171023464477 2.3088248074940498
v -0.0757158100605011 -0.0054999995045364 0.0046809269115329
vn -0.9978248289324508 5.3447827232677394 2.3070296626773459
v -0.0759914368391037 -0.0055255400948226 0.0046809269115329
vn -1.4689594679301334 5.1628689611941425 2.2127586450042309
v -0.0760732963681221 -0.0055488306097686 0.0046809269115329
vn 1.4689586368992382 5.1628686447037078 2.2127562307784241
v -0.0753583312034607 -0.0055488306097686 0.0046809264458716
vn -1.9640455017058989 5.0701350047974927 2.3049878675550994
v -0.0762576758861542 -0.0056012920103967 0.0046809269115329
vn -2.3926358852745007 4.8050322741880453 2.2123162919318315
v -0.0764101967215538 -0.0056772385723889 0.0046809273771942
vn 2.3926367314554704 4.8050274704824929 2.2123130300489202
v -0.0750214308500290 -0.0056772385723889 0.0046809264458716
vn 1.9640465186080907 5.0701340764256777 2.3049834747433118
v -0.0751739516854286 -0.0056012920103967 0.0046809264458716
vn -2.8631229240820693 4.6222744244306631 2.3062092859342527
v -0.0765054598450661 -0.0057246745564044 0.0046809273771942
vn -3.2480066777484118 4.2734401801457782 2.2399050691754425
v -0.0767094045877457 -0.0058786836452782 0.0046809273771942
vn 3.2350396672747910 4.2834645023612294 2.2154376709893295
v -0.0747222229838371 -0.0058786836452782 0.0046809264458716
vn 2.8631211218458130 4.6222722029764602 2.3062059285576009
v -0.0749261677265167 -0.0057246745564044 0.0046809264458716
vn -3.6513382687641140 4.0260034686214743 2.3376412781608655
v -0.0767263546586037 -0.0058914865367115 0.0046809273771942
vn 4.3371580751690910 3.2786582285573966 2.3098594230966922
v -0.0745187848806381 -0.0060960478149354 0.0046809259802103
vn 3.6645066111740188 4.0163213093110466 2.3106545219831820
v -0.0747052729129791 -0.0058914865367115 0.0046809264458716
vn -4.3369965764301481 3.2788161705883514 2.3098097815275977
v -0.0769128352403641 -0.0060960478149354 0.0046809273771942
vn -4.5636867120734745 2.8259868184965184 2.2134592706505485
v -0.0769464299082756 -0.0061502945609391 0.0046809273771942
vn 4.5637869589603186 2.8257409020985826 2.2133951542146670
v -0.0744851976633072 -0.0061502945609391 0.0046809259802103
vn -4.8670589256701078 2.4239291655347888 2.3052038913910153
v -0.0770585611462593 -0.0063313920982182 0.0046809273771942
vn -5.0053482019866982 1.9389566386126371 2.2121057404503244
v -0.0771124064922333 -0.0064703901298344 0.0046809278428555
vn 5.0052783549235578 1.9390765073167950 2.2120631511299700
v -0.0743192210793495 -0.0064703901298344 0.0046809259802103
vn 4.8670632460509333 2.4239274488807054 2.3051912893331377
v -0.0743730664253235 -0.0063313920982182 0.0046809259802103
vn -5.2298290788281916 1.4872803483356305 2.3055864858306077
v -0.0771585479378700 -0.0065895053558052 0.0046809278428555
vn -5.2764602982244622 0.9861662201429245 2.2143570488055482
v -0.0772016048431396 -0.0068198065273464 0.0046809278428555
vn 5.2764651185027862 0.9860865724892103 2.2143251196309319
v -0.0742300227284431 -0.0068198065273464 0.0046809259802103
vn 5.2298449096426971 1.4873514357406188 2.3056052259245141
v -0.0742730721831322 -0.0065895053558052 0.0046809259802103
vn -5.4139545949168735 0.4996161960700642 2.3092470527800102
v -0.0772094130516052 -0.0068615977652371 0.0046809278428555
vn 5.4139565593604484 -0.4996275867482439 2.3092368317511891
v -0.0742222145199776 -0.0071384017355740 0.0046809259802103
vn 5.4139563777726272 0.4996164185620507 2.3092351059323803
v -0.0742222145199776 -0.0068615977652371 0.0046809259802103
vn -5.4139547764926004 -0.4996273642490392 2.3092487785971501
v -0.0772094130516052 -0.0071384017355740 0.0046809278428555
vn -5.2764565911580243 -0.9861724010372519 2.2143539565413413
v -0.0772016048431396 -0.0071801920421422 0.0046809278428555
vn 5.2764614113023285 -0.9860927540329658 2.2143220274958582
v -0.0742300227284431 -0.0071801920421422 0.0046809259802103
vn -5.2298293939427234 -1.4872837751151966 2.3055881277408683
v -0.0771585479378700 -0.0074104950763285 0.0046809278428555
vn -5.0053445078372540 -1.9389625758387898 2.2121041654017253
v -0.0771124064922333 -0.0075296093709767 0.0046809278428555
vn 5.0052746600837255 -1.9390824450483026 2.2120615758403246
v -0.0743192210793495 -0.0075296093709767 0.0046809259802103
vn 5.2298452239527924 -1.4873548639544709 2.3056068677282591
v -0.0742730721831322 -0.0074104950763285 0.0046809259802103
vn -4.8670598399875429 -2.4239261027087617 2.3052034818774358
v -0.0770585611462593 -0.0076686074025929 0.0046809273771942
vn -4.5636963975997418 -2.8259657945263612 2.2134555766170365
v -0.0769464299082756 -0.0078497054055333 0.0046809273771942
vn 4.5637966419752711 -2.8257198796525991 2.2133914602713647
v -0.0744851976633072 -0.0078497054055333 0.0046809259802103
vn 4.8670641603678373 -2.4239243860504085 2.3051908798162724
v -0.0743730664253235 -0.0076686074025929 0.0046809259802103
vn -4.3370116223377302 -3.2788025175937623 2.3098117853954419
v -0.0769128352403641 -0.0079039530828595 0.0046809273771942
vn 3.6512327753568465 -4.0261067981504981 2.3376464637440240
v -0.0747052729129791 -0.0081085143610835 0.0046809264458716
vn 4.3371732564637515 -3.2786475414552561 2.3098593171152264
v -0.0745187848806381 -0.0079039530828595 0.0046809259802103
vn -3.6644874210328031 -4.0163657892816094 2.3106797012423272
v -0.0767263546586037 -0.0081085143610835 0.0046809273771942
vn -3.2349590465233722 -4.2835101055631322 2.2154208745043933
v -0.0767094045877457 -0.0081213163211942 0.0046809273771942
vn 3.2479248153666540 -4.2734784335449314 2.2398869249826450
v -0.0747222229838371 -0.0081213163211942 0.0046809264458716
vn -2.8631222371273175 -4.6222739136881703 2.3062101970360849
v -0.0765054598450661 -0.0082753254100680 0.0046809273771942
vn -2.3926459003107396 -4.8050242741000986 2.2123147038926905
v -0.0764101967215538 -0.0083227613940835 0.0046809273771942
vn 2.3926467464914536 -4.8050194703655880 2.2123114419699625
v -0.0750214308500290 -0.0083227613940835 0.0046809264458716
vn 2.8631204348918917 -4.6222716922350600 2.3062068396580973
v -0.0749261677265167 -0.0082753254100680 0.0046809264458716
vn -1.9640588416472990 -5.0701313956079046 2.3049903525501367
v -0.0762576758861542 -0.0083987088873982 0.0046809269115329
vn -1.4689592075172153 -5.1628695267492066 2.2127581702769592
v -0.0760732963681221 -0.0084511702880263 0.0046809269115329
vn 1.4689583764868066 -5.1628692102599478 2.2127557560498237
v -0.0753583312034607 -0.0084511702880263 0.0046809264458716
vn 1.9640598585073075 -5.0701304672367309 2.3049859597230449
v -0.0751739516854286 -0.0083987088873982 0.0046809264458716
vn -0.9978079503961884 -5.3447879957619220 2.3070325790975152
v -0.0759914368391037 -0.0084744608029723 0.0046809269115329
vn 0.0000092962208679 -5.4370137732031338 2.3088180990103648
v -0.0757158100605011 -0.0084999995306134 0.0046809269115329
vn 0.9978150381421775 -5.3447863678191503 2.3070292489179272
v -0.0754401907324791 -0.0084744608029723 0.0046809264458716
vn 0.0000050290151377 3.1191110736588721 2.9053815224075858
v -0.0757158026099205 -0.0054999995045364 0.0090309279039502
vn -0.7458064639066523 3.0287214275414178 2.9064826155899270
v -0.0760747790336609 -0.0055435872636735 0.0090309279039502
vn 0.7457970530171150 3.0286945974461275 2.9064892793287496
v -0.0753568336367607 -0.0055435872636735 0.0090309279039502
vn -1.4499341892933533 2.7617647848518145 2.9069241114608517
v -0.0764128863811493 -0.0056718154810369 0.0090309279039502
vn 1.4499481065239348 2.7617607114896403 2.9068985285749345
v -0.0750187188386917 -0.0056718154810369 0.0090309269726276
vn -2.0700454402531516 2.3328794484527817 2.9024082919501200
v -0.0767104923725128 -0.0058772335760295 0.0090309288352728
vn 2.0694263083964217 2.3335933837194887 2.9039228291637591
v -0.0747211202979088 -0.0058772335760295 0.0090309269726276
vn -2.5652331415099177 1.7740598061268544 2.9031558819506231
v -0.0769502818584442 -0.0061479029245675 0.0090309288352728
vn 2.5658718803164815 1.7733434809199846 2.9045079605126927
v -0.0744813308119774 -0.0061479029245675 0.0090309269726276
vn -2.9165974816946170 1.1059663280980145 2.9071268711281681
v -0.0771183297038078 -0.0064680925570428 0.0090309288352728
vn 2.9165997412326412 1.1059685231414098 2.9071194402601428
v -0.0743132829666138 -0.0064680925570428 0.0090309269726276
vn -3.0964911819552459 0.3747303403274538 2.9050004261650559
v -0.0772048681974411 -0.0068191946484149 0.0090309288352728
vn 3.0964944138954760 0.3747289910921849 2.9049923411132492
v -0.0742267444729805 -0.0068191946484149 0.0090309269726276
vn 3.0964946567571423 -0.3747279844180827 2.9049929817307056
v -0.0742267444729805 -0.0071808048523962 0.0090309269726276
vn -3.0964911450409889 -0.3747295852053482 2.9050010667827375
v -0.0772048681974411 -0.0071808048523962 0.0090309288352728
vn -2.9165960966642497 -1.1059660077910609 2.9071255585971638
v -0.0771183297038078 -0.0075319078750908 0.0090309288352728
vn 2.9165998219063054 -1.1059686758546177 2.9071181277308478
v -0.0743132829666138 -0.0075319078750908 0.0090309269726276
vn -2.5658686080523689 -1.7733399972218575 2.9045188521909191
v -0.0769502818584442 -0.0078520970419049 0.0090309288352728
vn 2.5652375627313138 -1.7740601350115968 2.9031491967526990
v -0.0744813308119774 -0.0078520970419049 0.0090309269726276
vn -2.0694016993724458 -2.3336010959655278 2.9039134173314434
v -0.0767104923725128 -0.0081227673217654 0.0090309288352728
vn 2.0700621996037953 -2.3328727651514631 2.9024057949194009
v -0.0747211202979088 -0.0081227673217654 0.0090309269726276
vn -1.4499444179443426 -2.7617812755448785 2.9069336158296548
v -0.0764128863811493 -0.0083281835541129 0.0090309279039502
vn 1.4499463314837058 -2.7617542950150180 2.9069080329877548
v -0.0750187188386917 -0.0083281835541129 0.0090309269726276
vn -0.7458066106036686 -3.0287232633160475 2.9064731644831787
v -0.0760747790336609 -0.0084564136341214 0.0090309279039502
vn 0.7458037145682593 -3.0287162454744241 2.9064798283599225
v -0.0753568336367607 -0.0084564136341214 0.0090309279039502
vn 0.0000047244601541 -3.1191247367659432 2.9053920503395476
v -0.0757158026099205 -0.0084999995306134 0.0090309279039502
vn -1.1300356266742064 2.9169567418296500 -2.9567973966715635
v -0.0911550372838974 0.0109244277700782 0.0030309283174574
vn 1.0471992868291853 -1.3603497711619408 -5.4977870293568687
v -0.0905358195304871 0.0100999996066093 0.0030309280846268
vn -1.6467744328281153 2.6596406336820788 -2.9567930672193548
v -0.0915845334529877 0.0107105644419789 0.0030309269204736
vn 3.0880805836982788 -0.4065158740645864 -2.8798173927548705
v -0.0905358195304871 0.0091199995949864 0.0030309280846268
vn -2.1074479671556183 2.3117604059775942 -2.9567922475591151
v -0.0919674187898636 0.0104214232414961 0.0030309271533042
vn -2.7652145496366201 4.4659745209400006 2.1245491379796095
v -0.0915845334529877 0.0107105644419789 0.0035809269174933
vn -1.8975199301032286 4.8980360132872507 2.1245540240653473
v -0.0911550372838974 0.0109244277700782 0.0035809283144772
vn 2.6280090600068209 -1.5172320890687361 -2.6179739917467382
v -0.0905760079622269 0.0089699998497963 0.0030309280846268
vn -2.4963352509831576 1.8851773158646763 -2.9568105333281971
v -0.0922906547784805 0.0100668501108885 0.0030309271533042
vn -3.5387480163590816 3.8818254755174535 2.1245509044124269
v -0.0919674187898636 0.0104214232414961 0.0035809271503240
vn 0.4065612685739557 -3.0880730710504296 -2.8797864596970619
v -0.0908358097076416 0.0088200001046062 0.0030309283174574
vn -2.8002351664243705 1.3943585962570850 -2.9567626192301328
v -0.0925432443618774 0.0096589196473360 0.0030309273861349
vn 1.5172870564780236 -2.6279870113629942 -2.6179964433556888
v -0.0906858146190643 0.0088601922616363 0.0030309280846268
vn -4.1917646272598388 3.1655313310207545 2.1245574431518817
v -0.0922906547784805 0.0100668501108885 0.0035809271503240
vn 1.3603503097830623 -1.0471910048665749 -5.4977886831750844
v -0.0918158143758774 0.0088200001046062 0.0030309269204736
vn -3.0087871612500221 0.8560289354568476 -2.9567923489745835
v -0.0927165597677231 0.0092115234583616 0.0030309273861349
vn -4.7020400603109964 2.3413500586509199 2.1245338535342988
v -0.0925432443618774 0.0096589196473360 0.0035809273831546
vn -3.1148534154246765 0.2886111307570128 -2.9568070404131288
v -0.0928047150373459 0.0087398979812860 0.0030309276189655
vn -5.0522432414358427 1.4374115206830496 2.1245504737842644
v -0.0927165597677231 0.0092115234583616 0.0035809273831546
vn 1.3603495447292397 1.0471937219210827 -5.4977886831796479
v -0.0918158143758774 0.0081799998879433 0.0030309269204736
vn 1.3603479082989574 -2.0943957717647059 -2.3561960295934825
v -0.0913394987583160 0.0088200001046062 0.0038559276144952
vn 0.4065582565128712 -3.0880651827614929 -3.4033988474713013
v -0.0908358097076416 0.0088200001046062 0.0038559273816645
vn -3.1148534668906405 -0.2886108554157635 -2.9568072187368073
v -0.0928047150373459 0.0082601020112634 0.0030309276189655
vn -5.2303540123225396 0.4846328031388132 2.1245538950753424
v -0.0928047150373459 0.0087398979812860 0.0035809276159853
vn -3.0087870137851271 -0.8560291736364706 -2.9567918200610088
v -0.0927165597677231 0.0077884760685265 0.0030309273861349
vn -5.2303541737362522 -0.4846323583101992 2.1245539961347513
v -0.0928047150373459 0.0082601020112634 0.0035809276159853
vn -2.8002372553035171 -1.3943592293287188 -2.9567629698193589
v -0.0925432443618774 0.0073410803452134 0.0030309273861349
vn -2.4963355173699022 -1.8851785733184301 -2.9568105333287074
v -0.0922906547784805 0.0069331498816609 0.0030309271533042
vn 0.3064604349152202 3.1114160654299834 -2.9452332334206819
v -0.0908358097076416 0.0081799998879433 0.0030309283174574
vn 1.3603479082989569 2.0943957717647059 -2.3561960295934825
v -0.0913394987583160 0.0081799998879433 0.0038559276144952
vn -5.0522426744384310 -1.4374118561484626 2.1245502653759019
v -0.0927165597677231 0.0077884760685265 0.0035809273831546
vn -4.7020398610101326 -2.3413509478872450 2.1245340681688880
v -0.0925432443618774 0.0073410803452134 0.0035809273831546
vn 1.1790997748375938 2.8467141861548275 -2.7489410634674201
v -0.0907210111618042 0.0081571638584137 0.0030309280846268
vn -2.1074480927722772 -2.3117604342398592 -2.9567922475591288
v -0.0919674187898636 0.0065785767510533 0.0030309271533042
vn -4.1917673056409051 -3.1655310795443090 2.1245556254503106
v -0.0922906547784805 0.0069331498816609 0.0035809271503240
vn 2.1787281836709460 2.1787621593685804 -2.7488338611708656
v -0.0906236767768860 0.0080921323969960 0.0030309280846268
vn -1.6467732391206806 -2.6596403497946923 -2.9567930672170371
v -0.0915845334529877 0.0062894355505705 0.0030309269204736
vn -3.5387480141924565 -3.8818281668115664 2.1245490851316102
v -0.0919674187898636 0.0065785767510533 0.0035809271503240
vn 3.1114322505394725 0.3063495946831608 -2.9453065278464878
v -0.0905358195304871 0.0078800003975630 0.0030309280846268
vn -1.1300357954946667 -2.9169547954119905 -2.9567973966750056
v -0.0911550372838974 0.0060755722224712 0.0030309283174574
vn 2.8467237541562742 1.1790091289089153 -2.7488522552307235
v -0.0905586481094360 0.0079948054626584 0.0030309280846268
vn -2.7652142988751978 -4.4659744398820322 2.1245493231041630
v -0.0915845334529877 0.0062894355505705 0.0035809269174933
vn 0.5747984586709385 3.0749285196588105 -2.9567918113471583
v -0.0897380635142326 0.0110557302832603 0.0030309276189655
vn -1.0472010318762373 -1.3603495151839997 -5.4977858983912817
v -0.0898958146572113 0.0100999996066093 0.0030309276189655
vn -0.0000035962438166 3.1281917338777792 -2.9567953944442680
v -0.0902158170938492 0.0110999997705221 0.0030309278517962
vn -0.5748099337264975 3.0749261758462012 -2.9567889944730172
v -0.0906935632228851 0.0110557302832603 0.0030309280846268
vn -0.0000025581835118 5.2527443608817110 2.1245531894150722
v -0.0902158170938492 0.0110999997705221 0.0035809278488159
vn 0.9651830837836081 5.1633050077453388 2.1245512559661539
v -0.0897380635142326 0.0110557302832603 0.0035809276159853
vn -0.9651953781911200 5.1633011266480695 2.1245493493553509
v -0.0906935632228851 0.0110557302832603 0.0035809280816466
vn 1.1300298058816458 2.9169522475564205 -2.9567931470238205
v -0.0892765820026398 0.0109244277700782 0.0030309273861349
vn 1.8975080443029433 4.8980366794889134 2.1245525701227317
v -0.0892765820026398 0.0109244277700782 0.0035809273831546
vn -3.1114111301156013 -0.3064481805078030 -2.9452425471950359
v -0.0898958146572113 0.0091199995949864 0.0030309276189655
vn 1.6467825667103391 2.6596388388608339 -2.9567860998264957
v -0.0888470858335495 0.0107105644419789 0.0030309271533042
vn 2.7652265836719261 4.4659552046692843 2.1245471994587457
v -0.0888470858335495 0.0107105644419789 0.0035809271503240
vn 2.1074481737744626 2.3117531080667719 -2.9567636990171544
v -0.0884642004966736 0.0104214232414961 0.0030309269204736
vn -2.1787317546815528 -2.1787941042857146 -2.7489177246465193
v -0.0898079425096512 0.0089078675955534 0.0030309276189655
vn -2.8466607961764048 -1.1791705386555313 -2.7488677329270428
v -0.0898729786276817 0.0090051954612136 0.0030309276189655
vn 3.5387667162631589 3.8818258409449178 2.1245729226456751
v -0.0884642079472542 0.0104214232414961 0.0035809269174933
vn 2.4963594592135783 1.8851503082628080 -2.9567601409526856
v -0.0881409645080566 0.0100668501108885 0.0030309285502881
vn -1.1791276196217326 -2.8466865984535428 -2.7488932847968277
v -0.0897106155753136 0.0088428361341357 0.0030309276189655
vn 4.1917759733189301 3.1655001345764568 2.1245862191917597
v -0.0881409719586372 0.0100668501108885 0.0035809285473078
vn 2.0944004563534238 -1.3603507675722410 -2.3561958349467598
v -0.0905358195304871 0.0096236858516932 0.0038559271488339
vn -2.0943901363084270 -1.3603479445627404 -2.3561934437550245
v -0.0898958146572113 0.0096236858516932 0.0038559285458177
vn -3.1114017973209394 -0.3064467796089012 -3.3379427599731795
v -0.0898958146572113 0.0091199995949864 0.0038559285458177
vn 2.6280120943042040 -1.5172334886370036 -3.6652113154290893
v -0.0905760079622269 0.0089699998497963 0.0038559271488339
vn 3.0880844785777501 -0.4065157323383564 -3.4033679144191518
v -0.0905358195304871 0.0091199995949864 0.0038559271488339
vn -2.8466524712991212 -1.1791689929706164 -3.5343175742429236
v -0.0898729786276817 0.0090051954612136 0.0038559285458177
vn 1.5172888207602768 -2.6279885826438947 -3.6651888638203967
v -0.0906858146190643 0.0088601922616363 0.0038559271488339
vn -2.1787311098563613 -2.1787935450420139 -3.5342675825329457
v -0.0898079425096512 0.0089078675955534 0.0038559285458177
vn -0.3064434851445745 -3.1114092589030511 -2.9452456515874390
v -0.0895958095788956 0.0088200001046062 0.0030309276189655
vn -1.1791279901862981 -2.8466860717702858 -3.5342920223825693
v -0.0897106155753136 0.0088428361341357 0.0038559285458177
vn -1.3603465457536710 -1.0471921761798026 -5.4977883506942158
v -0.0886158123612404 0.0088200001046062 0.0030309269204736
vn -1.3603502785843586 -2.0943969141218437 -2.3561956971117768
v -0.0890921279788017 0.0088200001046062 0.0038559280801564
vn -0.3064447020562553 -3.1114100961292914 -3.3379396555908594
v -0.0895958095788956 0.0088200001046062 0.0038559285458177
vn 2.8002511675599409 1.3943466346092919 -2.9568035046561665
v -0.0878883898258209 0.0096589196473360 0.0030309283174574
vn 3.0087774616794150 0.8560752101835052 -2.9567931331777650
v -0.0877150669693947 0.0092115234583616 0.0030309283174574
vn 3.1148506883809253 0.2886354397246526 -2.9567917761022473
v -0.0876269042491913 0.0087398979812860 0.0030309283174574
vn -1.3603470536115967 1.0471903725480072 -5.4977883506903522
v -0.0886158123612404 0.0081799998879433 0.0030309269204736
vn -1.3603502785843586 2.0943969141218437 -2.3561956971117768
v -0.0890921279788017 0.0081799998879433 0.0038559280801564
vn 1.1790985376397913 2.8467150923765638 -3.5342442437084847
v -0.0907210111618042 0.0081571638584137 0.0038559271488339
vn 0.3064576831156196 3.1114057263503465 -3.3379520737401096
v -0.0908358097076416 0.0081799998879433 0.0038559273816645
vn -0.4065449431318039 3.0880704235839236 -3.4033864297152814
v -0.0895958095788956 0.0081799998879433 0.0038559285458177
vn -0.4065434605216247 3.0880696234541540 -2.8797988774630703
v -0.0895958095788956 0.0081799998879433 0.0030309276189655
vn 2.8002444641697579 -1.3943551210150393 -2.9567940254467673
v -0.0878883898258209 0.0073410803452134 0.0030309283174574
vn 2.4963637269293182 -1.8851413674646389 -2.9567503110228297
v -0.0881409645080566 0.0069331498816609 0.0030309285502881
vn -1.5172682305404444 2.6279899628132961 -2.6179840255979845
v -0.0897458121180534 0.0081398077309132 0.0030309276189655
vn 3.0087773142076668 -0.8560754483546573 -2.9567926042389985
v -0.0877150669693947 0.0077884760685265 0.0030309283174574
vn 3.1148507398556555 -0.2886351643619415 -2.9567919544399799
v -0.0876269042491913 0.0082601020112634 0.0030309283174574
vn 2.1787272540182503 2.1787610546738558 -3.5343514460083778
v -0.0906236767768860 0.0080921323969960 0.0038559271488339
vn -2.6279885836959558 1.5173020120731098 -2.6180203350914759
v -0.0898556187748909 0.0080300001427531 0.0030309276189655
vn -1.5172662990122747 2.6279898091437839 -3.6652012815798134
v -0.0897458121180534 0.0081398077309132 0.0038559285458177
vn 2.8467296845539405 1.1790094879591435 -3.5343330519387441
v -0.0905586481094360 0.0079948054626584 0.0038559271488339
vn 2.1074534738697017 -2.3117485438045189 -2.9567706662871243
v -0.0884642004966736 0.0065785767510533 0.0030309269204736
vn -3.0880612344755640 0.4065859106841052 -2.8797710494104809
v -0.0898958146572113 0.0078800003975630 0.0030309276189655
vn -2.6279850511556266 1.5172996714242817 -3.6651649720844262
v -0.0898556187748909 0.0080300001427531 0.0038559285458177
vn 3.1114379443480251 0.3063507147679336 -3.3378787793208025
v -0.0905358195304871 0.0078800003975630 0.0038559271488339
vn 1.0471939472860019 1.3603495814062174 -5.4977884343030263
v -0.0905358195304871 0.0068999999202788 0.0030309280846268
vn 1.6467772651549488 -2.6596429562796429 -2.9567930672247229
v -0.0888470858335495 0.0062894355505705 0.0030309271533042
vn -1.0472000287315004 1.3603485914774316 -5.4977873033344151
v -0.0898958146572113 0.0068999999202788 0.0030309276189655
vn -2.0943897816053791 1.3603482527071324 -2.3561931905609645
v -0.0898958146572113 0.0073763141408563 0.0038559285458177
vn -3.0880544306747315 0.4065853792042151 -3.4034142577638140
v -0.0898958146572113 0.0078800003975630 0.0038559285458177
vn -0.0000037241198815 -3.1281912276546811 -2.9567934616462952
v -0.0902158170938492 0.0058999997563660 0.0030309278517962
vn -0.5748112997762110 -3.0749259086071716 -2.9567899608794499
v -0.0906935632228851 0.0059442697092891 0.0030309280846268
vn 2.0944001016563334 1.3603510757311965 -2.3561955817514701
v -0.0905358195304871 0.0073763141408563 0.0038559271488339
vn 1.1300297981541048 -2.9169523366575172 -2.9567931470238098
v -0.0892765820026398 0.0060755722224712 0.0030309273861349
vn 0.5747999701990973 -3.0749283795973974 -2.9567927777387073
v -0.0897380635142326 0.0059442697092891 0.0030309276189655
vn 3.5387720532934113 -3.8818195402301301 2.1245814308471704
v -0.0884642079472542 0.0065785767510533 0.0035809269174933
vn 2.7652209759029298 -4.4659591690826685 2.1245543520114349
v -0.0888470858335495 0.0062894355505705 0.0035809271503240
vn 1.8975078868750532 -4.8980363076084839 2.1245529410846116
v -0.0892765820026398 0.0060755722224712 0.0035809273831546
vn -1.8975197726744497 -4.8980356414062021 2.1245543950289374
v -0.0911550372838974 0.0060755722224712 0.0035809283144772
vn 0.9651858702373193 -5.1633050370027673 2.1245519009594811
v -0.0897380635142326 0.0059442697092891 0.0035809276159853
vn -0.9651982013167814 -5.1633011837794180 2.1245499630881897
v -0.0906935632228851 0.0059442697092891 0.0035809280816466
vn -0.0000025273350457 -5.2527429408289681 2.1245522108266801
v -0.0902158170938492 0.0058999997563660 0.0035809278488159
vn 4.7020617422222681 2.3413510408614395 2.1245590378242110
v -0.0878883898258209 0.0096589196473360 0.0035809283144772
vn 5.0522205645693221 1.4374883062009935 2.1245520832217348
v -0.0877150669693947 0.0092115234583616 0.0035809283144772
vn 5.2303327538065663 0.4846635723613237 2.1245527545357485
v -0.0876269042491913 0.0087398979812860 0.0035809283144772
vn 5.2303329152379288 -0.4846631275014313 2.1245528556045254
v -0.0876269042491913 0.0082601020112634 0.0035809283144772
vn 5.0522199975503321 -1.4374886416417836 2.1245518748022345
v -0.0877150669693947 0.0077884760685265 0.0035809283144772
vn 4.7020565572169524 -2.3413599822952480 2.1245494226800807
v -0.0878883898258209 0.0073410803452134 0.0035809283144772
vn 4.1917787104179158 -3.1654922696899241 2.1245779317702640
v -0.0881409719586372 0.0069331498816609 0.0035809285473078
vn -2.3926802577942583 4.8050017121642004 2.2123001851387625
v -0.0909101963043213 0.0098227616399527 0.0046809283085167
vn -2.8631684340765919 4.6222545949163845 2.3062118251983530
v -0.0910054594278336 0.0097753256559372 0.0046809283085167
vn -3.2475526773066448 4.2736587370585655 2.2398014672198268
v -0.0912093967199326 0.0096213165670633 0.0046809283085167
vn -3.6508953159097981 4.0264845082635494 2.3377496155891846
v -0.0912263542413712 0.0096085136756301 0.0046809283085167
vn -4.3371627957954866 3.2786701186784040 2.3098551824402098
v -0.0914128422737122 0.0094039523974061 0.0046809287741780
vn -4.5637889186002960 2.8257420900623273 2.2134043151129608
v -0.0914464294910431 0.0093497056514025 0.0046809287741780
vn -4.8670009822217475 2.4240168360295122 2.3051787692906354
v -0.0915585607290268 0.0091686071828008 0.0046809287741780
vn -5.0053933999386118 1.9389391377946659 2.2121680420344774
v -0.0916124135255814 0.0090296091511846 0.0046809269115329
vn -5.2298867505851829 1.4870573543936239 2.3055746634011229
v -0.0916585475206375 0.0089104948565364 0.0046809269115329
vn -5.2761452335992747 0.9869501020839108 2.2141372290506087
v -0.0917015969753265 0.0086801927536726 0.0046809269115329
vn -5.4139844681938163 0.5005849439158362 2.3093859103807919
v -0.0917094200849533 0.0086384024471045 0.0046809269115329
vn -5.4139844681938172 -0.5005849439158362 2.3093859103807919
v -0.0917094200849533 0.0083615975454450 0.0046809269115329
vn -5.2761452014279691 -0.9869500567917338 2.2141372691673156
v -0.0917015969753265 0.0083198072388768 0.0046809269115329
vn -5.2298866390355254 -1.4870572794424557 2.3055748030266945
v -0.0916585475206375 0.0080895051360130 0.0046809269115329
vn -5.0053932923916769 -1.9389391778200094 2.2121681282332815
v -0.0916124135255814 0.0079703908413649 0.0046809269115329
vn -4.8670009822217475 -2.4240168360295122 2.3051787692906354
v -0.0915585607290268 0.0078313928097486 0.0046809287741780
vn -4.5637850242688458 -2.8257514673656772 2.2134065288434570
v -0.0914464294910431 0.0076502943411469 0.0046809287741780
vn -4.3379526884387705 -3.2778003622423237 2.3080623434215166
v -0.0914128422737122 0.0075960480608046 0.0046809287741780
vn -3.6633553271773094 -4.0176039424085692 2.3089703627736826
v -0.0912263542413712 0.0073914867825806 0.0046809283085167
vn -3.2346135231313147 -4.2836723270843082 2.2153210271919863
v -0.0912093967199326 0.0073786834254861 0.0046809283085167
vn -2.8631598476198481 -4.6222613156840948 2.3062132852547745
v -0.0910054594278336 0.0072246743366122 0.0046809283085167
vn -2.3926754779846751 -4.8050008119355789 2.2122964601374422
v -0.0909101963043213 0.0071772388182580 0.0046809283085167
vn 0.9977946631682997 5.3447850826316170 2.3070231997098660
v -0.0899401903152466 0.0099744591861963 0.0046809278428555
vn -0.0000000918445061 5.4370155177660955 2.3088247438963760
v -0.0902158170938492 0.0099999997764826 0.0046809278428555
vn -0.9978560178140645 5.3447789989771746 2.3070381606232724
v -0.0904914438724518 0.0099744591861963 0.0046809278428555
vn -1.4689597099922662 5.1628618386520913 2.2127413505258562
v -0.0905732959508896 0.0099511696025729 0.0046809283085167
vn 1.4689361034728055 5.1628807589713537 2.2127612566027293
v -0.0898583307862282 0.0099511696025729 0.0046809278428555
vn -1.9640756856080193 5.0701378438069939 2.3049942437620885
v -0.0907576829195023 0.0098987082019448 0.0046809283085167
vn 2.3926366287544556 4.8050272642202483 2.2123162671327190
v -0.0895214304327965 0.0098227616399527 0.0046809273771942
vn 1.9640496160526886 5.0701313810057664 2.3049865702046546
v -0.0896739512681961 0.0098987082019448 0.0046809273771942
vn 3.2350426394293934 4.2834650810592869 2.2154391892928538
v -0.0892222225666046 0.0096213165670633 0.0046809273771942
vn 2.8631211047122198 4.6222717077641597 2.3062095770894699
v -0.0894261673092842 0.0097753256559372 0.0046809273771942
vn 4.3371611857042733 3.2786632354038745 2.3098532905212030
v -0.0890187844634056 0.0094039523974061 0.0046809273771942
vn 3.6645072694583911 4.0163260506339586 2.3106522013191237
v -0.0892052724957466 0.0096085136756301 0.0046809273771942
vn 3.2480468425870335 -4.2734175952108115 2.2399093219330961
v -0.0892222225666046 0.0073786834254861 0.0046809273771942
vn 3.6513337368950669 -4.0259988507347977 2.3376130872442129
v -0.0892052724957466 0.0073914867825806 0.0046809273771942
vn 2.3926318488977523 -4.8050263641636590 2.2123125421806167
v -0.0895214304327965 0.0071772388182580 0.0046809273771942
vn 2.8631125182577399 -4.6222784285451155 2.3062110371391231
v -0.0894261673092842 0.0072246743366122 0.0046809273771942
vn -1.9640765026865870 -5.0701390878431187 2.3049960640340257
v -0.0907576829195023 0.0071012917906046 0.0046809283085167
vn -1.4689787360214415 -5.1628505222916461 2.2127338499111247
v -0.0905732959508896 0.0070488308556378 0.0046809283085167
vn 1.4689551276712638 -5.1628694440411182 2.2127537564480226
v -0.0898583307862282 0.0070488308556378 0.0046809278428555
vn 1.9640504327420913 -5.0701326253710253 2.3049883905561273
v -0.0896739512681961 0.0071012917906046 0.0046809273771942
vn -0.9978810949423069 -5.3447781793413149 2.3070432936488858
v -0.0904914438724518 0.0070255403406918 0.0046809278428555
vn -0.0000000272277657 -5.4370144722843463 2.3088232949368241
v -0.0902158170938492 0.0070000002160668 0.0046809278428555
vn 0.9978196841899356 -5.3447843283385037 2.3070282728555114
v -0.0899401903152466 0.0070255403406918 0.0046809278428555
vn 4.5637926624739729 2.8257383117671373 2.2133939552336441
v -0.0889851972460747 0.0093497056514025 0.0046809273771942
vn 5.0052729258052118 1.9390816406693494 2.2120634917247437
v -0.0888192206621170 0.0090296091511846 0.0046809269115329
vn 4.8670637326766011 2.4239176414019958 2.3051938481412071
v -0.0888730660080910 0.0091686071828008 0.0046809269115329
vn 5.2764593788143594 0.9860944133960328 2.2143245824076039
v -0.0887300223112106 0.0086801927536726 0.0046809269115329
vn 5.2298426684242045 1.4873562858419529 2.3056086201365424
v -0.0887730717658997 0.0089104948565364 0.0046809269115329
vn 5.4139544592807507 -0.4996274315611784 2.3092391890756052
v -0.0887222141027451 0.0083615975454450 0.0046809269115329
vn 5.4139544592807507 0.4996274315611784 2.3092391890756057
v -0.0887222141027451 0.0086384024471045 0.0046809269115329
vn 5.2764593466423877 -0.9860943681033749 2.2143246225252757
v -0.0887300223112106 0.0083198072388768 0.0046809269115329
vn 5.0052728182343245 -1.9390816806994784 2.2120635779370357
v -0.0888192206621170 0.0079703908413649 0.0046809269115329
vn 5.2298425568611409 -1.4873562108515959 2.3056087597990045
v -0.0887730717658997 0.0080895051360130 0.0046809269115329
vn 4.5637887681509675 -2.8257476890774829 2.2133961689794743
v -0.0889851972460747 0.0076502943411469 0.0046809273771942
vn 4.8670637326766011 -2.4239176414019963 2.3051938481412071
v -0.0888730660080910 0.0078313928097486 0.0046809269115329
vn 4.3371538709324158 -3.2786745200645298 2.3098491189629051
v -0.0890187844634056 0.0075960480608046 0.0046809273771942
vn -2.9165935904129769 1.1059607802619855 2.9070848468508625
v -0.0916183367371559 0.0090319076552987 0.0090309279039502
vn -3.0965004486860046 0.3747018247255699 2.9050220080333369
v -0.0917048677802086 0.0086808046326041 0.0090309279039502
vn -3.0965004486860046 -0.3747018247255698 2.9050220080333369
v -0.0917048677802086 0.0083191953599453 0.0090309279039502
vn -2.9165935904129769 -1.1059607802619855 2.9070848468508625
v -0.0916183367371559 0.0079680923372507 0.0090309279039502
vn -0.0000123608914107 3.1191622285208283 2.9053864643273002
v -0.0902158096432686 0.0099999997764826 0.0090309269726276
vn -0.7457894844740977 3.0287317040674386 2.9064948486364246
v -0.0905747786164284 0.0099564129486680 0.0090309269726276
vn 0.7458049966153942 3.0287212983200988 2.9064749980907303
v -0.0898568332195282 0.0099564129486680 0.0090309288352728
vn -1.4499591791456616 2.7617704775585818 2.9068866756087890
v -0.0909129008650780 0.0098281837999821 0.0090309269726276
vn 1.4499547183755521 2.7617348522849618 2.9069107240408556
v -0.0895187258720398 0.0098281837999821 0.0090309288352728
vn -2.0700795453254353 2.3328642654561298 2.9024297559604455
v -0.0912104919552803 0.0096227657049894 0.0090309279039502
vn 2.0694082504688720 2.3336114953177032 2.9039438796799315
v -0.0892211273312569 0.0096227657049894 0.0090309279039502
vn -2.5652198309177519 1.7740880722581092 2.9031694150465657
v -0.0914502814412117 0.0093520972877741 0.0090309279039502
vn 2.5658533329899100 1.7733615404715939 2.9044926795156698
v -0.0889813303947449 0.0093520972877741 0.0090309279039502
vn 2.9165984582989832 1.1059672161710314 2.9071186947118139
v -0.0888132825493813 0.0090319076552987 0.0090309279039502
vn 3.0964928430240497 0.3747277794895970 2.9049929846165430
v -0.0887267440557480 0.0086808046326041 0.0090309279039502
vn 3.0964928430240506 -0.3747277794895970 2.9049929846165430
v -0.0887267440557480 0.0083191953599453 0.0090309279039502
vn 2.9165984582989832 -1.1059672161710317 2.9071186947118135
v -0.0888132825493813 0.0079680923372507 0.0090309279039502
vn -2.5664548897821922 -1.7726914884050906 2.9058715234586652
v -0.0914502814412117 0.0076479027047753 0.0090309279039502
vn 2.5652182360366944 -1.7740783302721441 2.9031327740198818
v -0.0889813303947449 0.0076479027047753 0.0090309279039502
vn -2.0688340634213334 -2.3342609554124958 2.9052970519111518
v -0.0912104919552803 0.0073772338218987 0.0090309279039502
vn 2.0700444702474217 -2.3328878962393325 2.9024309761899505
v -0.0892211273312569 0.0073772338218987 0.0090309279039502
vn -1.4499491454185471 -2.7617561529606105 2.9068876894071130
v -0.0909129008650780 0.0071718161925673 0.0090309269726276
vn 1.4499414030154021 -2.7617159172766925 2.9069117375648119
v -0.0895187258720398 0.0071718161925673 0.0090309288352728
vn -0.7457907303732993 -3.0287351588860423 2.9064950068767104
v -0.0905747786164284 0.0070435870438814 0.0090309269726276
vn 0.7457866474338558 -3.0286715531640089 2.9064751558300994
v -0.0898568332195282 0.0070435870438814 0.0090309288352728
vn -0.0000050414704775 -3.1191240426292972 2.9053867850431554
v -0.0902158096432686 0.0070000002160668 0.0090309269726276
vn 1.0471987485519461 -1.3603540590360939 -5.4977877008938423
v -0.1105358153581619 0.0100999996066093 0.0030309285502881
vn -1.1300437652538213 2.9169395422562414 -2.9567750537091015
v -0.1111550480127335 0.0109244277700782 0.0030309271533042
vn -0.5747926842977867 3.0749240053924809 -2.9567974936517007
v -0.1106935590505600 0.0110557302832603 0.0030309269204736
vn -1.0471991450072078 -1.3603503637870471 -5.4977873858434938
v -0.1098958104848862 0.0100999996066093 0.0030309283174574
vn 0.0000042671915904 3.1281961197040640 -2.9567939616526679
v -0.1102158129215240 0.0110999997705221 0.0030309283174574
vn -0.9651786836795769 5.1633130301380907 2.1245516317825870
v -0.1106935590505600 0.0110557302832603 0.0035809269174933
vn -0.0000024678465653 5.2527416954778188 2.1245537738442470
v -0.1102158129215240 0.0110999997705221 0.0035809283144772
vn -1.6467974362421023 2.6596305060893419 -2.9568069110052217
v -0.1115845292806625 0.0107105644419789 0.0030309273861349
vn -1.8975251508838356 4.8980159784943496 2.1245432195016214
v -0.1111550480127335 0.0109244277700782 0.0035809271503240
vn 3.0880805836982788 -0.4065158740645864 -2.8798173927548705
v -0.1105358153581619 0.0091199995949864 0.0030309285502881
vn -2.1074481364094928 2.3117595730057712 -2.9567922475587425
v -0.1119674146175385 0.0104214232414961 0.0030309276189655
vn -2.7652434919634770 4.4659676380301665 2.1245567479007539
v -0.1115845292806625 0.0107105644419789 0.0035809273831546
vn 2.6280241290154307 -1.5172272171174379 -2.6179739916781157
v -0.1105760037899017 0.0089699998497963 0.0030309285502881
vn -2.4963369091192336 1.8851796410254655 -2.9568105333287207
v -0.1122906506061554 0.0100668501108885 0.0030309278517962
vn -3.5387523304848791 3.8818257599859423 2.1245480512025083
v -0.1119674146175385 0.0104214232414961 0.0035809276159853
vn 1.5172860894917251 -2.6279641888829088 -2.6179899697614428
v -0.1106858104467392 0.0088601922616363 0.0030309269204736
vn 0.4065660857320633 -3.0880632316589081 -2.8797791162970618
v -0.1108358055353165 0.0088200001046062 0.0030309269204736
vn -2.8002362813757080 1.3943582381358701 -2.9567626192300720
v -0.1125432401895523 0.0096589196473360 0.0030309278517962
vn -4.1917628909131279 3.1655297322304743 2.1245595660348702
v -0.1122906506061554 0.0100668501108885 0.0035809278488159
vn 1.3603456894581358 -1.0471978666191997 -5.4977888494230509
v -0.1118158102035522 0.0088200001046062 0.0030309276189655
vn -3.0087793240741529 0.8560762342062607 -2.9568228775052234
v -0.1127165555953979 0.0092115234583616 0.0030309280846268
vn -4.7020392302279106 2.3413505054948152 2.1245344115500133
v -0.1125432401895523 0.0096589196473360 0.0035809278488159
vn -3.1148434788823818 0.2886587751172991 -2.9567765118827829
v -0.1128047257661819 0.0087398979812860 0.0030309280846268
vn -5.0522447799963333 1.4374972249562881 2.1245635660066662
v -0.1127165555953979 0.0092115234583616 0.0035809280816466
vn 0.4065238731116839 -3.0880768721306522 -3.4033731433486101
v -0.1108358204364777 0.0088200001046062 0.0038559278473258
vn 1.5172462782381202 -2.6279961387563011 -3.6652136981858763
v -0.1106858104467392 0.0088601922616363 0.0038559278473258
vn 1.3603458738082108 1.0471972119079600 -5.4977888494233245
v -0.1118158102035522 0.0081799998879433 0.0030309276189655
vn -3.1148435303652207 -0.2886584997338769 -2.9567766902345687
v -0.1128047257661819 0.0082601020112634 0.0030309280846268
vn 1.3603478122981043 -2.0943958939555083 -2.3561961958341713
v -0.1113394945859909 0.0088200001046062 0.0038559280801564
vn -5.2303196343592244 0.4847017131917175 2.1245434557183174
v -0.1128047257661819 0.0087398979812860 0.0035809280816466
vn -3.0087791766263696 -0.8560764723427539 -2.9568223485635414
v -0.1127165555953979 0.0077884760685265 0.0030309280846268
vn -5.2303197958085770 -0.4847012683000801 2.1245435567961999
v -0.1128047257661819 0.0082601020112634 0.0035809280816466
vn -2.4963382497567017 -1.8851794726565223 -2.9568105333283787
v -0.1122906506061554 0.0069331498816609 0.0030309278517962
vn -2.8002355311658667 -1.3943587228477157 -2.9567629698201361
v -0.1125432401895523 0.0073410803452134 0.0030309278517962
vn 0.3064616295564250 3.1114052018429179 -2.9452327367925712
v -0.1108358055353165 0.0081799998879433 0.0030309269204736
vn 1.3603478122981045 2.0943958939555083 -2.3561961958341708
v -0.1113394945859909 0.0081799998879433 0.0038559280801564
vn 1.1791927313751747 2.8466504212757129 -2.7488703386876745
v -0.1107210069894791 0.0081571638584137 0.0030309269204736
vn 1.1791584815179521 2.8466583311752349 -3.5343347651959665
v -0.1107210069894791 0.0081571638584137 0.0038559278473258
vn 0.3064199387190596 3.1114159751048946 -3.3379217044209644
v -0.1108358204364777 0.0081799998879433 0.0038559278473258
vn -2.1074498838453923 -2.3117614575708867 -2.9567922475588917
v -0.1119674146175385 0.0065785767510533 0.0030309276189655
vn 2.1787300715052362 2.1788212586971389 -2.7490104288191670
v -0.1106236875057220 0.0080921323969960 0.0030309269204736
vn 2.1787148762849040 2.1788355971241398 -3.5341748782505999
v -0.1106236875057220 0.0080921323969960 0.0038559278473258
vn -1.6467983654510463 -2.6596322893052928 -2.9568069110061939
v -0.1115845292806625 0.0062894355505705 0.0030309273861349
vn 2.8466694754394446 1.1791391483124576 -2.7487464119779652
v -0.1105586439371109 0.0079948054626584 0.0030309285502881
vn 2.8466289646379024 1.1791480442143119 -3.5344388948989653
v -0.1105586439371109 0.0079948054626584 0.0038559276144952
vn -5.0522442130077669 -1.4374975603393609 2.1245633575917702
v -0.1127165555953979 0.0077884760685265 0.0035809280816466
vn -4.7020390309269118 -2.3413513947317393 2.1245346261843547
v -0.1125432401895523 0.0073410803452134 0.0035809278488159
vn -4.1917652099463174 -3.1655295127474496 2.1245579933904457
v -0.1122906506061554 0.0069331498816609 0.0035809278488159
vn -3.5387523270203256 -3.8818280905126086 2.1245464769761915
v -0.1119674146175385 0.0065785767510533 0.0035809276159853
vn 3.1114323997525144 0.3063500699737869 -2.9453065278463404
v -0.1105358153581619 0.0078800003975630 0.0030309285502881
vn -1.1300436350883307 -2.9169410431890337 -2.9567750537108921
v -0.1111550480127335 0.0060755722224712 0.0030309271533042
vn -2.7652432412003072 -4.4659675569735580 2.1245569330261684
v -0.1115845292806625 0.0062894355505705 0.0035809273831546
vn 1.0472015426516341 1.3603531157059987 -5.4977882767632504
v -0.1105358153581619 0.0068999999202788 0.0030309285502881
vn -0.5747941958454299 -3.0749238653253768 -2.9567984600580646
v -0.1106935590505600 0.0059442697092891 0.0030309269204736
vn -1.8975249934533285 -4.8980156066165090 2.1245435904590990
v -0.1111550480127335 0.0060755722224712 0.0035809271503240
vn -1.0471984803238663 1.3603500771286878 -5.4977879617183838
v -0.1098958104848862 0.0068999999202788 0.0030309283174574
vn 0.0000042671852895 -3.1281958395702198 -2.9567920288399412
v -0.1102158129215240 0.0058999997563660 0.0030309283174574
vn -0.9651821796073530 -5.1633135991586183 2.1245516712765404
v -0.1106935590505600 0.0059442697092891 0.0035809269174933
vn 0.5747941495244052 3.0749294398048894 -2.9567974936600847
v -0.1097380667924881 0.0110557302832603 0.0030309280846268
vn 0.9651771092799781 5.1633103359439945 2.1245541720639651
v -0.1097380667924881 0.0110557302832603 0.0035809280816466
vn 1.1300319982640874 2.9169492091586764 -2.9567785905509805
v -0.1092765778303146 0.0109244277700782 0.0030309278517962
vn 1.8975261890307558 4.8980151609639035 2.1245435712655327
v -0.1092765778303146 0.0109244277700782 0.0035809278488159
vn 1.6467919863311633 2.6596286946990171 -2.9567436691899371
v -0.1088470816612244 0.0107105644419789 0.0030309276189655
vn -3.1114307995117447 -0.3063521089698117 -2.9453049761065455
v -0.1098958104848862 0.0091199995949864 0.0030309283174574
vn 2.7652343414558178 4.4659762056441181 2.1245903523003746
v -0.1088470965623856 0.0107105644419789 0.0035809276159853
vn 2.1074699282824936 2.3117439162379814 -2.9568109642183966
v -0.1084642112255096 0.0104214232414961 0.0030309273861349
vn -2.1787322513092304 -2.1788301053834700 -2.7490060083174725
v -0.1098079383373260 0.0089078675955534 0.0030309280846268
vn -2.8466395225196894 -1.1791424689631551 -2.7487523845973634
v -0.1098729819059372 0.0090051954612136 0.0030309283174574
vn 3.5387652676303056 3.8818195959757968 2.1245593016795561
v -0.1084642112255096 0.0104214232414961 0.0035809273831546
vn 2.4963345376073929 1.8851788369407236 -2.9568105333283810
v -0.1081409752368927 0.0100668501108885 0.0030309271533042
vn -1.1791556267340972 -2.8466599962140569 -2.7488455039324888
v -0.1097106188535690 0.0088428361341357 0.0030309280846268
vn 4.1917673648900040 3.1655297430256786 2.1245563262776139
v -0.1081409752368927 0.0100668501108885 0.0035809271503240
vn 2.0943945389623062 -1.3603490196255159 -2.3561947322549845
v -0.1105358153581619 0.0096236858516932 0.0038559276144952
vn -2.0943962533066678 -1.3603495653179964 -2.3561950473108988
v -0.1098958104848862 0.0096236858516932 0.0038559273816645
vn -3.1114304118363605 -0.3063519808972370 -3.3378803310723817
v -0.1098958104848862 0.0091199995949864 0.0038559273816645
vn 2.8002345567655578 1.3943587208379151 -2.9567626192302399
v -0.1078883856534958 0.0096589196473360 0.0030309271533042
vn -1.3603508191373805 -1.0471948939944724 -5.4977895143866675
v -0.1086158156394958 0.0088200001046062 0.0030309273861349
vn -0.3064248724240058 -3.1114168387886356 -2.9452585648321556
v -0.1095958054065704 0.0088200001046062 0.0030309280846268
vn 4.7020401649676877 2.3413497232131775 2.1245339080351542
v -0.1078883856534958 0.0096589196473360 0.0035809271503240
vn 3.0087750826235644 0.8560765260463209 -2.9568228775052234
v -0.1077150702476501 0.0092115234583616 0.0030309269204736
vn 5.0522455979559897 1.4374964486454718 2.1245631606707476
v -0.1077150702476501 0.0092115234583616 0.0035809269174933
vn 3.1148406754051523 0.2886585417957911 -2.9567765118827829
v -0.1076269000768661 0.0087398979812860 0.0030309269204736
vn 5.2303207976211246 0.4847018209934023 2.1245423755159796
v -0.1076269000768661 0.0087398979812860 0.0035809269174933
vn 2.6280060919831527 -1.5172332131012116 -3.6652113154311476
v -0.1105760037899017 0.0089699998497963 0.0038559276144952
vn 3.0880776836694848 -0.4065152610592056 -3.4033679144239737
v -0.1105358153581619 0.0091199995949864 0.0038559276144952
vn -2.8466328334595610 -1.1791376640280888 -3.5344329225693270
v -0.1098729819059372 0.0090051954612136 0.0038559273816645
vn -2.1787349749462432 -2.1788337271129392 -3.5341792988562704
v -0.1098079383373260 0.0089078675955534 0.0038559271488339
vn -1.1791915195110294 -2.8466527062701683 -3.5343200071202632
v -0.1097106188535690 0.0088428361341357 0.0038559271488339
vn -1.3603488806050674 -2.0943973072891220 -2.3561968607975134
v -0.1090921312570572 0.0088200001046062 0.0038559269160032
vn -0.3064660466344854 -3.1114050154822426 -3.3379576091402701
v -0.1095958203077316 0.0088200001046062 0.0038559271488339
vn -1.3603510034913122 1.0471942392697962 -5.4977895143863940
v -0.1086158156394958 0.0081799998879433 0.0030309273861349
vn -1.3603488681374349 2.0943972934988926 -2.3561968607975192
v -0.1090921312570572 0.0081799998879433 0.0038559269160032
vn 3.1148407268878393 -0.2886582664125708 -2.9567766902345687
v -0.1076269000768661 0.0082601020112634 0.0030309269204736
vn 5.2303209590705020 -0.4847013761016631 2.1245424765937750
v -0.1076269000768661 0.0082601020112634 0.0035809269174933
vn 3.0087749351748512 -0.8560767641832121 -2.9568223485635414
v -0.1077150702476501 0.0077884760685265 0.0030309269204736
vn 5.0522450309686411 -1.4374967840277904 2.1245629522555194
v -0.1077150702476501 0.0077884760685265 0.0035809269174933
vn -0.3064636251950278 3.1114072009927938 -3.3379525703881896
v -0.1095958203077316 0.0081799998879433 0.0038559271488339
vn -0.3064213653847712 3.1114174913051986 -2.9452636027701966
v -0.1095958054065704 0.0081799998879433 0.0030309280846268
vn 2.8002338065480354 -1.3943592055501477 -2.9567629698199687
v -0.1078883856534958 0.0073410803452134 0.0030309271533042
vn 2.4963345277534175 -1.8851785403121286 -2.9568105333283370
v -0.1081409752368927 0.0069331498816609 0.0030309271533042
vn -1.1791591026132249 2.8466596262370674 -2.7488505419935532
v -0.1097106188535690 0.0081571638584137 0.0030309280846268
vn -2.1787284867994012 2.1788353990709788 -2.7490104289014514
v -0.1098079383373260 0.0080921323969960 0.0030309280846268
vn -1.1791938159628657 2.8466528890267719 -3.5343149684912953
v -0.1097106188535690 0.0081571638584137 0.0038559271488339
vn 2.1074590692727799 -2.3117520139604135 -2.9567970291857670
v -0.1084642112255096 0.0065785767510533 0.0030309273861349
vn -2.8466351004652504 1.1791456396506748 -2.7487464122742229
v -0.1098729819059372 0.0079948054626584 0.0030309283174574
vn -2.1787325755970843 2.1788371534836766 -3.5341748782704667
v -0.1098079383373260 0.0080921323969960 0.0038559271488339
vn 3.1114282943353380 0.3063492536760635 -3.3378787793316778
v -0.1105358153581619 0.0078800003975630 0.0038559276144952
vn 1.6468115199637523 -2.6596159947327838 -2.9567400401864319
v -0.1088470816612244 0.0062894355505705 0.0030309276189655
vn -3.1114312700181377 0.3063497027822394 -2.9453065278471806
v -0.1098958104848862 0.0078800003975630 0.0030309283174574
vn -2.8466315023959403 1.1791440406314515 -3.5344388948975531
v -0.1098729819059372 0.0079948054626584 0.0038559273816645
vn -2.0943967107840797 1.3603493089764485 -2.3561956231857546
v -0.1098958104848862 0.0073763141408563 0.0038559273816645
vn -3.1114315383771345 0.3063495446331312 -3.3378787793314313
v -0.1098958104848862 0.0078800003975630 0.0038559273816645
vn 4.7020399656669225 -2.3413506124490229 2.1245341226698926
v -0.1078883856534958 0.0073410803452134 0.0035809271503240
vn 4.1917644726273577 -3.1655299875020728 2.1245583074301804
v -0.1081409752368927 0.0069331498816609 0.0035809271503240
vn 3.5387545313372342 -3.8818247855624728 2.1245473463348530
v -0.1084642112255096 0.0065785767510533 0.0035809273831546
vn 2.0943949622907732 1.3603486871437935 -2.3561953081297022
v -0.1105358153581619 0.0073763141408563 0.0038559276144952
vn 1.1300231187250940 -2.9169535229594485 -2.9567888974935932
v -0.1092765778303146 0.0060755722224712 0.0030309278517962
vn 0.5747956610751034 -3.0749292997386584 -2.9567984600664485
v -0.1097380667924881 0.0059442697092891 0.0030309280846268
vn 2.7652536941829906 -4.4659636072755582 2.1245869104988686
v -0.1088470965623856 0.0062894355505705 0.0035809276159853
vn 1.8975171421592794 -4.8980192155951290 2.1245542492790506
v -0.1092765778303146 0.0060755722224712 0.0035809278488159
vn 0.9651797051729670 -5.1633102201832566 2.1245549797450050
v -0.1097380667924881 0.0059442697092891 0.0035809280816466
vn -0.0000017089616941 -5.2527407246413178 2.1245523836908409
v -0.1102158129215240 0.0058999997563660 0.0035809283144772
vn 0.0000007407412475 5.4370157596881246 2.3088245791237516
v -0.1102158129215240 0.0099999997764826 0.0046809283085167
vn -0.9978605450739805 5.3447835968803181 2.3070304276576534
v -0.1104914397001266 0.0099744591861963 0.0046809287741780
vn -1.4689726928667630 5.1628591715982175 2.2127374048827830
v -0.1105732917785645 0.0099511696025729 0.0046809287741780
vn -1.9640826537082765 5.0701245843415634 2.3050042984038943
v -0.1107576787471771 0.0098987082019448 0.0046809269115329
vn -2.3926803526112490 4.8049968046702087 2.2123045568185140
v -0.1109101921319962 0.0098227616399527 0.0046809269115329
vn -2.8630808126275085 4.6222940442792035 2.3062013826372976
v -0.1110054552555084 0.0097753256559372 0.0046809269115329
vn -3.2484368717907701 4.2732292611163896 2.2400172241057392
v -0.1112094074487686 0.0096213165670633 0.0046809269115329
vn -3.6516927015221832 4.0256121532197957 2.3374979005278225
v -0.1112263500690460 0.0096085136756301 0.0046809273771942
vn -4.3371617452448454 3.2786667883162330 2.3098584067750281
v -0.1114128381013870 0.0094039523974061 0.0046809273771942
vn -4.5637872723724300 2.8257409475529838 2.2134063258368366
v -0.1114464253187180 0.0093497056514025 0.0046809273771942
vn -4.8669876876952429 2.4240269393135847 2.3051877451177125
v -0.1115585565567017 0.0091686071828008 0.0046809273771942
vn -5.0052516755239722 1.9391986255850377 2.2120976759473625
v -0.1116124093532562 0.0090296091511846 0.0046809273771942
vn -5.2298494713433907 1.4873595880015351 2.3056077092238421
v -0.1116585582494736 0.0089104948565364 0.0046809273771942
vn -5.2764628282198025 0.9860984202208722 2.2143257312377482
v -0.1117016077041626 0.0086801927536726 0.0046809273771942
vn -5.4139548468338603 0.4996274389649819 2.3092437591379671
v -0.1117094159126282 0.0086384024471045 0.0046809273771942
vn -5.4139548468338603 -0.4996274389649819 2.3092437591379675
v -0.1117094159126282 0.0083615975454450 0.0046809273771942
vn -5.2764627960471691 -0.9860983749277312 2.2143257713564370
v -0.1117016077041626 0.0083198072388768 0.0046809273771942
vn -5.2298493597801805 -1.4873595130108925 2.3056078488875866
v -0.1116585582494736 0.0080895051360130 0.0046809273771942
vn -5.0052515679531995 -1.9391986656156897 2.2120977621599245
v -0.1116124093532562 0.0079703908413649 0.0046809273771942
vn -4.8669876876952420 -2.4240269393135847 2.3051877451177125
v -0.1115585565567017 0.0078313928097486 0.0046809273771942
vn -4.5637833780428982 -2.8257503248527516 2.2134085395706884
v -0.1114464253187180 0.0076502943411469 0.0046809273771942
vn -4.3379516660160640 -3.2777976922079146 2.3080651027790338
v -0.1114128381013870 0.0075960480608046 0.0046809273771942
vn -3.6641217674037936 -4.0167456436797355 2.3087742319806237
v -0.1112263500690460 0.0073914867825806 0.0046809273771942
vn -3.2355293642738161 -4.2832266606943996 2.2155884273385693
v -0.1112094074487686 0.0073786834254861 0.0046809269115329
vn -2.8630722261706678 -4.6223007650446366 2.3062028426940313
v -0.1110054552555084 0.0072246743366122 0.0046809269115329
vn -2.3926755728052487 -4.8049959044257404 2.2123008318198263
v -0.1109101921319962 0.0071772388182580 0.0046809269115329
vn -1.9640834707761823 -5.0701258283982051 2.3050061187193367
v -0.1107576787471771 0.0071012917906046 0.0046809269115329
vn -1.4689917188737929 -5.1628478552366106 2.2127299041898505
v -0.1105732917785645 0.0070488308556378 0.0046809287741780
vn -0.9978866075254328 -5.3447815900403057 2.3070366564552200
v -0.1104914397001266 0.0070255403406918 0.0046809287741780
vn 0.9978624106342211 5.3447808546253777 2.3070326576589633
v -0.1099401861429214 0.0099744591861963 0.0046809283085167
vn 1.4689624205963512 5.1628569058927214 2.2127424283695736
v -0.1098583340644836 0.0099511696025729 0.0046809283085167
vn 2.3926827012318714 4.8049950180083236 2.2123051135473686
v -0.1095214337110519 0.0098227616399527 0.0046809278428555
vn 1.9640770922110435 5.0701333971977656 2.3049966255684216
v -0.1096739470958710 0.0098987082019448 0.0046809283085167
vn 3.2355129839372494 4.2832426315263836 2.2155618171006184
v -0.1092222183942795 0.0096213165670633 0.0046809278428555
vn 2.8630795354664582 4.6222958816025850 2.3061974542557033
v -0.1094261705875397 0.0097753256559372 0.0046809278428555
vn 4.3371626213646151 3.2786631840325313 2.3098520871958859
v -0.1090187877416611 0.0094039523974061 0.0046809278428555
vn 3.6648973007499914 4.0158846201155667 2.3105581509824895
v -0.1092052757740021 0.0096085136756301 0.0046809278428555
vn 4.5637882615185550 2.8257415599720774 2.2133959969892105
v -0.1089852005243301 0.0093497056514025 0.0046809278428555
vn 5.0053941886479247 1.9389493124972716 2.2121535493047437
v -0.1088192164897919 0.0090296091511846 0.0046809273771942
vn 4.8669920080361884 2.4240252226159118 2.3051751429960063
v -0.1088730692863464 0.0091686071828008 0.0046809278428555
vn 5.2764566293728992 0.9862583581412783 2.2143648976148085
v -0.1087300181388855 0.0086801927536726 0.0046809273771942
vn 5.2298233703590666 1.4872160385946587 2.3055406734856292
v -0.1087730824947357 0.0089104948565364 0.0046809273771942
vn 5.4139560095580936 -0.4996275466566169 2.3092424834013299
v -0.1087222099304199 0.0083615975454450 0.0046809273771942
vn 5.4139560095580928 0.4996275466566169 2.3092424834013299
v -0.1087222099304199 0.0086384024471045 0.0046809273771942
vn 5.2764565971928183 -0.9862583128320315 2.2143649377455978
v -0.1087300181388855 0.0083198072388768 0.0046809273771942
vn 5.0053940811010440 -1.9389493525226349 2.2121536355035625
v -0.1088192164897919 0.0079703908413649 0.0046809273771942
vn 5.2298232587923277 -1.4872159636505555 2.3055408131241624
v -0.1087730824947357 0.0080895051360130 0.0046809273771942
vn 4.5637843671938425 -2.8257509372856076 2.2133982107320578
v -0.1089852005243301 0.0076502943411469 0.0046809278428555
vn 4.8669920080361893 -2.4240252226159118 2.3051751429960063
v -0.1088730692863464 0.0078313928097486 0.0046809278428555
vn 3.6517401520005501 -4.0255507501030330 2.3374916849737724
v -0.1092052757740021 0.0073914867825806 0.0046809278428555
vn 4.3371553613243465 -3.2786756466510374 2.3098470780188967
v -0.1090187877416611 0.0075960480608046 0.0046809278428555
vn 3.2485024079235574 -4.2732024371496129 2.2400078040846858
v -0.1092222183942795 0.0073786834254861 0.0046809278428555
vn 2.3926779214150464 -4.8049941177670581 2.2123013885457858
v -0.1095214337110519 0.0071772388182580 0.0046809278428555
vn 2.8630709490082000 -4.6223026023683547 2.3061989143111132
v -0.1094261705875397 0.0072246743366122 0.0046809278428555
vn 1.4689814466071280 -5.1628455895154630 2.2127349276622983
v -0.1098583340644836 0.0070488308556378 0.0046809283085167
vn 1.9640779092482532 -5.0701346412458843 2.3049984458614889
v -0.1096739470958710 0.0071012917906046 0.0046809283085167
vn 0.0000023282384436 -5.4370140076051126 2.3088239155719141
v -0.1102158129215240 0.0070000002160668 0.0046809283085167
vn 0.9978871549590995 -5.3447804359164799 2.3070374204866719
v -0.1099401861429214 0.0070255403406918 0.0046809283085167
vn -1.4499707524864078 2.7617358135568568 2.9069004037352917
v -0.1109128966927528 0.0098281837999821 0.0090309279039502
vn -0.7458034372131790 3.0287243863633702 2.9064738471190803
v -0.1105747893452644 0.0099564129486680 0.0090309279039502
vn -2.0700760658774855 2.3328632028955951 2.9024339084553890
v -0.1112104877829552 0.0096227657049894 0.0090309279039502
vn -2.5652208768295313 1.7740903407387290 2.9031730334924193
v -0.1114502772688866 0.0093520972877741 0.0090309279039502
vn -2.9165720716783641 1.1060256013202574 2.9071281641819127
v -0.1116183325648308 0.0090319076552987 0.0090309288352728
vn -3.0964841261992428 0.3747570919244350 2.9049799168694426
v -0.1117048785090446 0.0086808046326041 0.0090309288352728
vn -3.0964839791858014 -0.3747571575342563 2.9049799168693546
v -0.1117048785090446 0.0083191953599453 0.0090309288352728
vn -2.9165738805561641 -1.1060249539123690 2.9071281641852753
v -0.1116183325648308 0.0079680923372507 0.0090309288352728
vn -2.5664560719222043 -1.7726979788704800 2.9058715274249325
v -0.1114502772688866 0.0076479027047753 0.0090309279039502
vn -2.0688347962772258 -2.3342591737812444 2.9052971863857433
v -0.1112104877829552 0.0073772338218987 0.0090309279039502
vn -1.4499683107490309 -2.7617350957424818 2.9069014174272185
v -0.1109128966927528 0.0071718161925673 0.0090309279039502
vn -0.7458024022968371 -3.0287209054111002 2.9064740053587466
v -0.1105747893452644 0.0070435870438814 0.0090309279039502
vn 0.0000128855973944 3.1191056201242011 2.9053886969997009
v -0.1102158054709435 0.0099999997764826 0.0090309279039502
vn 0.7458131261904071 3.0287259271136477 2.9064786703753906
v -0.1098568364977837 0.0099564129486680 0.0090309269726276
vn 1.4499419273863228 2.7617579855726708 2.9069229319438699
v -0.1095187291502953 0.0098281837999821 0.0090309269726276
vn 2.0694090404312901 2.3336048723755605 2.9039144253359677
v -0.1092211231589317 0.0096227657049894 0.0090309269726276
vn 2.5658612986153915 1.7733839205822397 2.9045231988965083
v -0.1089813336730003 0.0093520972877741 0.0090309269726276
vn 2.9165880883300646 1.1059635098394209 2.9070748401744155
v -0.1088132783770561 0.0090319076552987 0.0090309288352728
vn 3.0964986544101145 0.3747015309171943 2.9050116125338548
v -0.1087267473340034 0.0086808046326041 0.0090309288352728
vn 3.0964987279075071 -0.3747014981150945 2.9050116125338770
v -0.1087267473340034 0.0083191953599453 0.0090309288352728
vn 2.9165838168845863 -1.1059647022339734 2.9070748401625446
v -0.1088132783770561 0.0079680923372507 0.0090309288352728
vn 2.5652233220421388 -1.7740937608745093 2.9031649957626295
v -0.1089813336730003 0.0076479027047753 0.0090309269726276
vn 2.0700485836649993 -2.3328841811264671 2.9024034121508295
v -0.1092211231589317 0.0073772338218987 0.0090309269726276
vn 1.4499395851721633 -2.7617572675054229 2.9069239456188107
v -0.1095187291502953 0.0071718161925673 0.0090309269726276
vn 0.7458208874790502 -3.0287438650567315 2.9064788285377023
v -0.1098568364977837 0.0070435870438814 0.0090309269726276
vn 0.0000089585305938 -3.1191124146347740 2.9053890174193429
v -0.1102158054709435 0.0070000002160668 0.0090309279039502
# 3059 vertices, 0 vertices normals

f 1//1 2//2 3//3
f 4//4 1//1 3//3
f 5//5 6//6 3//3
f 6//6 7//7 3//3
f 7//7 8//8 3//3
f 8//8 9//9 3//3
f 10//10 11//11 3//3
f 11//11 12//12 3//3
f 12//12 5//5 3//3
f 9//9 13//13 3//3
f 13//13 14//14 3//3
f 14//14 4//4 3//3
f 15//15 10//10 3//3
f 16//16 15//15 3//3
f 2//2 16//16 3//3
f 1//1 17//17 2//2
f 18//18 16//16 2//2
f 17//17 18//18 2//2
f 1//1 19//19 17//17
f 20//20 18//18 17//17
f 19//19 20//20 17//17
f 1//1 21//21 19//19
f 22//22 20//20 19//19
f 21//21 22//22 19//19
f 1//1 23//23 21//21
f 24//24 22//22 21//21
f 23//23 24//24 21//21
f 1//1 25//25 23//23
f 26//26 24//24 23//23
f 25//25 26//26 23//23
f 1//1 27//27 25//25
f 28//28 26//26 25//25
f 27//27 28//28 25//25
f 1//1 29//29 27//27
f 29//29 30//30 27//27
f 30//30 31//31 27//27
f 31//31 32//32 27//27
f 33//33 28//28 27//27
f 32//32 33//33 27//27
f 11//11 34//34 35//35
f 34//34 36//36 35//35
f 37//37 11//11 35//35
f 36//36 37//37 35//35
f 11//11 38//38 34//34
f 39//39 36//36 34//34
f 38//38 39//39 34//34
f 10//10 38//38 11//11
f 40//40 12//12 11//11
f 37//37 40//40 11//11
f 41//41 39//39 38//38
f 10//10 41//41 38//38
f 42//42 5//5 12//12
f 40//40 42//42 12//12
f 15//15 41//41 10//10
f 43//43 6//6 5//5
f 42//42 43//43 5//5
f 44//44 7//7 6//6
f 43//43 44//44 6//6
f 45//45 8//8 7//7
f 44//44 45//45 7//7
f 46//46 9//9 8//8
f 45//45 46//46 8//8
f 47//47 13//13 9//9
f 46//46 47//47 9//9
f 48//48 14//14 13//13
f 47//47 48//48 13//13
f 49//49 4//4 14//14
f 48//48 49//49 14//14
f 50//50 1//1 4//4
f 49//49 50//50 4//4
f 51//51 29//29 1//1
f 50//50 51//51 1//1
f 31//31 52//52 32//32
f 53//53 33//33 32//32
f 52//52 53//53 32//32
f 54//54 30//30 29//29
f 51//51 54//54 29//29
f 31//31 55//55 52//52
f 56//56 53//53 52//52
f 55//55 56//56 52//52
f 57//57 31//31 30//30
f 54//54 57//57 30//30
f 31//31 58//58 55//55
f 59//59 56//56 55//55
f 58//58 59//59 55//55
f 60//60 58//58 31//31
f 57//57 60//60 31//31
f 60//60 59//59 58//58
f 39//39 37//37 36//36
f 41//41 37//37 39//39
f 16//16 40//40 37//37
f 15//15 16//16 37//37
f 41//41 15//15 37//37
f 16//16 42//42 40//40
f 18//18 50//50 16//16
f 50//50 49//49 16//16
f 49//49 48//48 16//16
f 45//45 44//44 16//16
f 44//44 43//43 16//16
f 43//43 42//42 16//16
f 48//48 47//47 16//16
f 47//47 46//46 16//16
f 46//46 45//45 16//16
f 20//20 50//50 18//18
f 22//22 50//50 20//20
f 24//24 50//50 22//22
f 26//26 50//50 24//24
f 28//28 50//50 26//26
f 33//33 50//50 28//28
f 51//51 50//50 33//33
f 53//53 57//57 33//33
f 57//57 54//54 33//33
f 54//54 51//51 33//33
f 56//56 57//57 53//53
f 59//59 57//57 56//56
f 60//60 57//57 59//59
f 61//61 62//62 63//63
f 62//62 64//64 63//63
f 64//64 65//65 63//63
f 65//65 66//66 63//63
f 67//67 61//61 63//63
f 66//66 67//67 63//63
f 68//68 66//66 65//65
f 64//64 68//68 65//65
f 69//69 62//62 61//61
f 70//70 69//69 61//61
f 67//67 70//70 61//61
f 71//71 68//68 64//64
f 62//62 71//71 64//64
f 72//72 62//62 69//69
f 73//73 72//72 69//69
f 70//70 73//73 69//69
f 74//74 75//75 62//62
f 72//72 76//76 62//62
f 76//76 74//74 62//62
f 77//77 71//71 62//62
f 75//75 77//77 62//62
f 78//78 76//76 72//72
f 73//73 78//78 72//72
f 74//74 79//79 75//75
f 80//80 77//77 75//75
f 79//79 80//80 75//75
f 81//81 74//74 76//76
f 78//78 81//81 76//76
f 74//74 82//82 79//79
f 83//83 80//80 79//79
f 82//82 83//83 79//79
f 84//84 85//85 74//74
f 85//85 86//86 74//74
f 86//86 87//87 74//74
f 88//88 84//84 74//74
f 89//89 88//88 74//74
f 87//87 90//90 74//74
f 90//90 82//82 74//74
f 91//91 89//89 74//74
f 81//81 91//91 74//74
f 92//92 83//83 82//82
f 90//90 92//92 82//82
f 93//93 88//88 89//89
f 94//94 93//93 89//89
f 91//91 94//94 89//89
f 95//95 92//92 90//90
f 87//87 95//95 90//90
f 96//96 88//88 93//93
f 97//97 96//96 93//93
f 94//94 97//97 93//93
f 98//98 95//95 87//87
f 86//86 98//98 87//87
f 99//99 88//88 96//96
f 100//100 99//99 96//96
f 97//97 100//100 96//96
f 101//101 98//98 86//86
f 85//85 101//101 86//86
f 102//102 88//88 99//99
f 103//103 102//102 99//99
f 100//100 103//103 99//99
f 104//104 101//101 85//85
f 84//84 104//104 85//85
f 105//105 88//88 102//102
f 106//106 105//105 102//102
f 103//103 106//106 102//102
f 107//107 104//104 84//84
f 88//88 107//107 84//84
f 108//108 88//88 105//105
f 109//109 108//108 105//105
f 106//106 109//109 105//105
f 108//108 110//110 88//88
f 110//110 111//111 88//88
f 111//111 112//112 88//88
f 112//112 113//113 88//88
f 114//114 107//107 88//88
f 113//113 114//114 88//88
f 115//115 110//110 108//108
f 109//109 115//115 108//108
f 112//112 116//116 113//113
f 117//117 114//114 113//113
f 116//116 117//117 113//113
f 118//118 111//111 110//110
f 115//115 118//118 110//110
f 119//119 117//117 116//116
f 112//112 119//119 116//116
f 120//120 112//112 111//111
f 118//118 120//120 111//111
f 120//120 119//119 112//112
f 77//77 68//68 71//71
f 81//81 78//78 77//77
f 80//80 81//81 77//77
f 78//78 73//73 77//77
f 73//73 70//70 77//77
f 70//70 67//67 77//77
f 67//67 66//66 77//77
f 66//66 68//68 77//77
f 83//83 81//81 80//80
f 92//92 81//81 83//83
f 95//95 81//81 92//92
f 98//98 81//81 95//95
f 101//101 81//81 98//98
f 104//104 81//81 101//101
f 107//107 81//81 104//104
f 114//114 81//81 107//107
f 117//117 115//115 114//114
f 115//115 109//109 114//114
f 109//109 106//106 114//114
f 106//106 103//103 114//114
f 103//103 100//100 114//114
f 100//100 97//97 114//114
f 97//97 94//94 114//114
f 94//94 91//91 114//114
f 91//91 81//81 114//114
f 119//119 115//115 117//117
f 119//119 120//120 115//115
f 120//120 118//118 115//115
f 121//121 122//122 123//123
f 122//122 124//124 123//123
f 124//124 125//125 123//123
f 126//126 127//127 123//123
f 125//125 126//126 123//123
f 128//128 121//121 123//123
f 127//127 128//128 123//123
f 126//126 128//128 127//127
f 129//129 122//122 121//121
f 128//128 129//129 121//121
f 126//126 130//130 128//128
f 130//130 129//129 128//128
f 129//129 131//131 122//122
f 131//131 132//132 122//122
f 132//132 133//133 122//122
f 133//133 124//124 122//122
f 134//134 131//131 129//129
f 135//135 134//134 129//129
f 130//130 136//136 129//129
f 136//136 135//135 129//129
f 125//125 137//137 126//126
f 138//138 139//139 126//126
f 139//139 140//140 126//126
f 140//140 130//130 126//126
f 141//141 142//142 126//126
f 142//142 143//143 126//126
f 143//143 144//144 126//126
f 144//144 145//145 126//126
f 145//145 146//146 126//126
f 146//146 138//138 126//126
f 137//137 147//147 126//126
f 147//147 148//148 126//126
f 148//148 141//141 126//126
f 149//149 150//150 125//125
f 124//124 151//151 125//125
f 151//151 152//152 125//125
f 152//152 153//153 125//125
f 153//153 154//154 125//125
f 154//154 155//155 125//125
f 155//155 156//156 125//125
f 156//156 157//157 125//125
f 157//157 158//158 125//125
f 158//158 159//159 125//125
f 159//159 160//160 125//125
f 160//160 149//149 125//125
f 150//150 137//137 125//125
f 149//149 161//161 150//150
f 161//161 137//137 150//150
f 161//161 162//162 137//137
f 162//162 163//163 137//137
f 163//163 147//147 137//137
f 164//164 165//165 166//166
f 167//167 164//164 166//166
f 165//165 132//132 166//166
f 132//132 131//131 166//166
f 131//131 167//167 166//166
f 165//165 133//133 132//132
f 168//168 169//169 167//167
f 169//169 170//170 167//167
f 171//171 164//164 167//167
f 170//170 171//171 167//167
f 131//131 168//168 167//167
f 172//172 168//168 131//131
f 134//134 172//172 131//131
f 164//164 133//133 165//165
f 164//164 124//124 133//133
f 173//173 134//134 135//135
f 174//174 173//173 135//135
f 136//136 174//174 135//135
f 175//175 173//173 174//174
f 136//136 175//175 174//174
f 173//173 172//172 134//134
f 176//176 177//177 173//173
f 177//177 172//172 173//173
f 175//175 178//178 173//173
f 178//178 176//176 173//173
f 171//171 124//124 164//164
f 171//171 151//151 124//124
f 130//130 175//175 136//136
f 130//130 178//178 175//175
f 149//149 179//179 161//161
f 179//179 162//162 161//161
f 180//180 181//181 162//162
f 179//179 180//180 162//162
f 181//181 182//182 162//162
f 182//182 163//163 162//162
f 140//140 178//178 130//130
f 140//140 176//176 178//178
f 170//170 151//151 171//171
f 170//170 152//152 151//151
f 139//139 176//176 140//140
f 139//139 177//177 176//176
f 153//153 152//152 170//170
f 169//169 153//153 170//170
f 138//138 183//183 139//139
f 183//183 177//177 139//139
f 183//183 172//172 177//177
f 149//149 180//180 179//179
f 184//184 181//181 180//180
f 185//185 184//184 180//180
f 149//149 185//185 180//180
f 186//186 181//181 184//184
f 185//185 187//187 184//184
f 187//187 186//186 184//184
f 186//186 188//188 181//181
f 188//188 189//189 181//181
f 189//189 182//182 181//181
f 168//168 190//190 169//169
f 154//154 153//153 169//169
f 190//190 154//154 169//169
f 160//160 191//191 149//149
f 191//191 192//192 149//149
f 192//192 193//193 149//149
f 193//193 194//194 149//149
f 194//194 195//195 149//149
f 196//196 197//197 149//149
f 197//197 198//198 149//149
f 198//198 199//199 149//149
f 199//199 200//200 149//149
f 200//200 185//185 149//149
f 201//201 202//202 149//149
f 202//202 203//203 149//149
f 203//203 204//204 149//149
f 204//204 205//205 149//149
f 205//205 206//206 149//149
f 206//206 196//196 149//149
f 195//195 207//207 149//149
f 207//207 208//208 149//149
f 208//208 201//201 149//149
f 209//209 210//210 185//185
f 210//210 211//211 185//185
f 211//211 187//187 185//185
f 200//200 212//212 185//185
f 212//212 209//209 185//185
f 146//146 213//213 138//138
f 213//213 183//183 138//138
f 213//213 172//172 183//183
f 214//214 209//209 212//212
f 200//200 214//214 212//212
f 199//199 215//215 200//200
f 215//215 214//214 200//200
f 216//216 209//209 214//214
f 215//215 216//216 214//214
f 198//198 217//217 199//199
f 217//217 215//215 199//199
f 218//218 210//210 209//209
f 216//216 219//219 209//209
f 219//219 218//218 209//209
f 218//218 211//211 210//210
f 220//220 221//221 215//215
f 217//217 220//220 215//215
f 221//221 216//216 215//215
f 197//197 217//217 198//198
f 222//222 223//223 168//168
f 223//223 190//190 168//168
f 172//172 224//224 168//168
f 224//224 225//225 168//168
f 225//225 226//226 168//168
f 226//226 227//227 168//168
f 227//227 228//228 168//168
f 228//228 229//229 168//168
f 229//229 230//230 168//168
f 230//230 231//231 168//168
f 231//231 222//222 168//168
f 213//213 232//232 172//172
f 232//232 233//233 172//172
f 233//233 234//234 172//172
f 234//234 224//224 172//172
f 196//196 235//235 197//197
f 235//235 217//217 197//197
f 224//224 236//236 225//225
f 236//236 237//237 225//225
f 237//237 226//226 225//225
f 238//238 236//236 224//224
f 234//234 238//238 224//224
f 233//233 239//239 234//234
f 239//239 240//240 234//234
f 240//240 238//238 234//234
f 241//241 220//220 217//217
f 235//235 241//241 217//217
f 242//242 219//219 216//216
f 221//221 242//242 216//216
f 243//243 219//219 242//242
f 221//221 243//243 242//242
f 220//220 244//244 221//221
f 244//244 245//245 221//221
f 245//245 243//243 221//221
f 237//237 227//227 226//226
f 238//238 246//246 236//236
f 246//246 237//237 236//236
f 247//247 246//246 238//238
f 240//240 248//248 238//238
f 248//248 247//247 238//238
f 249//249 218//218 219//219
f 243//243 250//250 219//219
f 250//250 249//249 219//219
f 251//251 250//250 243//243
f 245//245 251//251 243//243
f 252//252 227//227 237//237
f 246//246 253//253 237//237
f 253//253 252//252 237//237
f 218//218 187//187 211//211
f 247//247 254//254 246//246
f 254//254 255//255 246//246
f 255//255 256//256 246//246
f 256//256 253//253 246//246
f 248//248 254//254 247//247
f 241//241 257//257 220//220
f 257//257 244//244 220//220
f 258//258 240//240 239//239
f 233//233 258//258 239//239
f 259//259 260//260 218//218
f 260//260 187//187 218//218
f 249//249 259//259 218//218
f 256//256 261//261 253//253
f 261//261 252//252 253//253
f 258//258 262//262 240//240
f 262//262 263//263 240//240
f 263//263 248//248 240//240
f 206//206 264//264 196//196
f 264//264 235//235 196//196
f 265//265 266//266 245//245
f 267//267 265//265 245//245
f 244//244 267//267 245//245
f 266//266 268//268 245//245
f 268//268 251//251 245//245
f 252//252 228//228 227//227
f 268//268 250//250 251//251
f 269//269 250//250 268//268
f 266//266 269//269 268//268
f 265//265 270//270 266//266
f 270//270 271//271 266//266
f 271//271 269//269 266//266
f 272//272 250//250 269//269
f 271//271 272//272 269//269
f 252//252 229//229 228//228
f 254//254 273//273 255//255
f 273//273 256//256 255//255
f 248//248 274//274 254//254
f 274//274 273//273 254//254
f 274//274 275//275 273//273
f 275//275 256//256 273//273
f 276//276 275//275 274//274
f 277//277 276//276 274//274
f 248//248 278//278 274//274
f 278//278 279//279 274//274
f 279//279 277//277 274//274
f 280//280 281//281 250//250
f 272//272 280//280 250//250
f 281//281 249//249 250//250
f 275//275 282//282 256//256
f 282//282 283//283 256//256
f 283//283 261//261 256//256
f 263//263 284//284 248//248
f 284//284 278//278 248//248
f 270//270 265//265 275//275
f 265//265 267//267 275//275
f 267//267 282//282 275//275
f 271//271 270//270 275//275
f 276//276 271//271 275//275
f 277//277 271//271 276//276
f 277//277 279//279 271//271
f 279//279 272//272 271//271
f 285//285 267//267 244//244
f 257//257 285//285 244//244
f 279//279 280//280 272//272
f 286//286 229//229 252//252
f 261//261 286//286 252//252
f 267//267 285//285 282//282
f 285//285 287//287 282//282
f 287//287 283//283 282//282
f 284//284 288//288 278//278
f 288//288 289//289 278//278
f 289//289 279//279 278//278
f 290//290 241//241 235//235
f 264//264 290//290 235//235
f 291//291 281//281 280//280
f 289//289 291//291 280//280
f 279//279 289//289 280//280
f 292//292 293//293 249//249
f 293//293 259//259 249//249
f 281//281 292//292 249//249
f 294//294 262//262 258//258
f 233//233 294//294 258//258
f 283//283 295//295 261//261
f 295//295 286//286 261//261
f 296//296 281//281 291//291
f 289//289 296//296 291//291
f 297//297 298//298 287//287
f 299//299 297//297 287//287
f 285//285 300//300 287//287
f 300//300 299//299 287//287
f 298//298 283//283 287//287
f 257//257 300//300 285//285
f 288//288 296//296 289//289
f 301//301 302//302 298//298
f 297//297 301//301 298//298
f 302//302 283//283 298//298
f 303//303 262//262 294//294
f 233//233 303//303 294//294
f 302//302 304//304 283//283
f 304//304 295//295 283//283
f 290//290 305//305 241//241
f 305//305 257//257 241//241
f 260//260 186//186 187//187
f 296//296 306//306 281//281
f 306//306 307//307 281//281
f 307//307 308//308 281//281
f 308//308 292//292 281//281
f 257//257 299//299 300//300
f 288//288 309//309 296//296
f 309//309 306//306 296//296
f 303//303 310//310 262//262
f 310//310 311//311 262//262
f 311//311 263//263 262//262
f 309//309 312//312 306//306
f 312//312 307//307 306//306
f 284//284 309//309 288//288
f 297//297 299//299 257//257
f 305//305 297//297 257//257
f 313//313 310//310 303//303
f 233//233 313//313 303//303
f 286//286 230//230 229//229
f 311//311 314//314 263//263
f 314//314 284//284 263//263
f 205//205 264//264 206//206
f 315//315 186//186 260//260
f 259//259 315//315 260//260
f 314//314 316//316 284//284
f 316//316 312//312 284//284
f 312//312 309//309 284//284
f 147//147 317//317 148//148
f 317//317 318//318 148//148
f 318//318 141//141 148//148
f 319//319 231//231 230//230
f 286//286 319//319 230//230
f 293//293 315//315 259//259
f 318//318 320//320 141//141
f 320//320 321//321 141//141
f 321//321 142//142 141//141
f 163//163 322//322 147//147
f 322//322 317//317 147//147
f 323//323 315//315 293//293
f 292//292 323//323 293//293
f 324//324 319//319 286//286
f 295//295 324//324 286//286
f 301//301 297//297 305//305
f 325//325 301//301 305//305
f 290//290 325//325 305//305
f 326//326 327//327 295//295
f 304//304 326//326 295//295
f 327//327 324//324 295//295
f 328//328 308//308 307//307
f 329//329 330//330 307//307
f 330//330 331//331 307//307
f 331//331 328//328 307//307
f 312//312 332//332 307//307
f 332//332 329//329 307//307
f 204//204 264//264 205//205
f 301//301 333//333 302//302
f 333//333 304//304 302//302
f 333//333 326//326 304//304
f 334//334 335//335 301//301
f 336//336 333//333 301//301
f 335//335 337//337 301//301
f 337//337 338//338 301//301
f 338//338 336//336 301//301
f 325//325 334//334 301//301
f 339//339 332//332 312//312
f 316//316 340//340 312//312
f 340//340 341//341 312//312
f 341//341 339//339 312//312
f 308//308 323//323 292//292
f 336//336 326//326 333//333
f 342//342 308//308 328//328
f 331//331 342//342 328//328
f 343//343 308//308 342//342
f 344//344 343//343 342//342
f 331//331 344//344 342//342
f 343//343 323//323 308//308
f 345//345 222//222 231//231
f 319//319 345//345 231//231
f 203//203 346//346 204//204
f 346//346 347//347 204//204
f 347//347 264//264 204//204
f 348//348 290//290 264//264
f 347//347 348//348 264//264
f 332//332 320//320 318//318
f 317//317 332//332 318//318
f 339//339 320//320 332//332
f 317//317 329//329 332//332
f 349//349 350//350 313//313
f 351//351 349//349 313//313
f 350//350 352//352 313//313
f 352//352 310//310 313//313
f 233//233 351//351 313//313
f 338//338 326//326 336//336
f 353//353 335//335 334//334
f 325//325 353//353 334//334
f 339//339 321//321 320//320
f 322//322 329//329 317//317
f 348//348 354//354 290//290
f 354//354 325//325 290//290
f 340//340 355//355 321//321
f 341//341 340//340 321//321
f 339//339 341//341 321//321
f 355//355 142//142 321//321
f 356//356 331//331 322//322
f 330//330 329//329 322//322
f 331//331 330//330 322//322
f 163//163 356//356 322//322
f 352//352 357//357 310//310
f 357//357 311//311 310//310
f 354//354 353//353 325//325
f 357//357 358//358 311//311
f 358//358 314//314 311//311
f 359//359 340//340 316//316
f 314//314 359//359 316//316
f 358//358 359//359 314//314
f 355//355 360//360 142//142
f 360//360 143//143 142//142
f 182//182 361//361 163//163
f 361//361 356//356 163//163
f 362//362 343//343 344//344
f 363//363 362//362 344//344
f 331//331 363//363 344//344
f 364//364 326//326 338//338
f 337//337 364//364 338//338
f 364//364 327//327 326//326
f 365//365 315//315 323//323
f 343//343 365//365 323//323
f 366//366 335//335 353//353
f 354//354 366//366 353//353
f 158//158 367//367 159//159
f 367//367 368//368 159//159
f 368//368 160//160 159//159
f 202//202 346//346 203//203
f 362//362 369//369 343//343
f 369//369 365//365 343//343
f 368//368 370//370 160//160
f 370//370 371//371 160//160
f 371//371 191//191 160//160
f 372//372 340//340 359//359
f 358//358 372//372 359//359
f 157//157 373//373 158//158
f 373//373 367//367 158//158
f 233//233 349//349 351//351
f 374//374 335//335 366//366
f 375//375 374//374 366//366
f 354//354 375//375 366//366
f 376//376 355//355 340//340
f 372//372 376//376 340//340
f 377//377 315//315 365//365
f 369//369 377//377 365//365
f 356//356 378//378 331//331
f 378//378 379//379 331//331
f 379//379 363//363 331//331
f 376//376 360//360 355//355
f 361//361 378//378 356//356
f 348//348 380//380 354//354
f 380//380 375//375 354//354
f 381//381 382//382 372//372
f 382//382 376//376 372//372
f 358//358 381//381 372//372
f 379//379 362//362 363//363
f 155//155 154//154 190//190
f 223//223 155//155 190//190
f 383//383 384//384 379//379
f 384//384 362//362 379//379
f 378//378 383//383 379//379
f 385//385 381//381 358//358
f 357//357 385//385 358//358
f 361//361 386//386 378//378
f 386//386 383//383 378//378
f 387//387 388//388 360//360
f 382//382 387//387 360//360
f 376//376 382//382 360//360
f 388//388 143//143 360//360
f 389//389 390//390 361//361
f 390//390 386//386 361//361
f 182//182 389//389 361//361
f 391//391 345//345 319//319
f 392//392 391//391 319//319
f 393//393 392//392 319//319
f 394//394 393//393 319//319
f 324//324 394//394 319//319
f 395//395 396//396 337//337
f 335//335 395//395 337//337
f 396//396 364//364 337//337
f 374//374 370//370 368//368
f 367//367 395//395 368//368
f 395//395 335//335 368//368
f 335//335 374//374 368//368
f 397//397 394//394 324//324
f 327//327 397//397 324//324
f 397//397 327//327 364//364
f 398//398 397//397 364//364
f 396//396 398//398 364//364
f 384//384 377//377 369//369
f 362//362 384//384 369//369
f 374//374 399//399 370//370
f 399//399 371//371 370//370
f 371//371 400//400 191//191
f 400//400 401//401 191//191
f 401//401 192//192 191//191
f 373//373 402//402 367//367
f 402//402 395//395 367//367
f 315//315 188//188 186//186
f 315//315 403//403 188//188
f 403//403 189//189 188//188
f 404//404 405//405 373//373
f 405//405 402//402 373//373
f 157//157 404//404 373//373
f 399//399 406//406 371//371
f 406//406 400//400 371//371
f 156//156 407//407 157//157
f 407//407 404//404 157//157
f 408//408 409//409 395//395
f 402//402 408//408 395//395
f 409//409 396//396 395//395
f 375//375 399//399 374//374
f 375//375 406//406 399//399
f 390//390 383//383 386//386
f 381//381 387//387 382//382
f 410//410 408//408 402//402
f 405//405 410//410 402//402
f 411//411 412//412 383//383
f 412//412 384//384 383//383
f 390//390 411//411 383//383
f 413//413 414//414 381//381
f 414//414 415//415 381//381
f 415//415 387//387 381//381
f 385//385 413//413 381//381
f 409//409 398//398 396//396
f 416//416 417//417 375//375
f 417//417 418//418 375//375
f 418//418 406//406 375//375
f 380//380 416//416 375//375
f 418//418 400//400 406//406
f 404//404 419//419 405//405
f 419//419 410//410 405//405
f 420//420 417//417 416//416
f 380//380 420//420 416//416
f 415//415 388//388 387//387
f 412//412 377//377 384//384
f 201//201 346//346 202//202
f 421//421 420//420 380//380
f 348//348 421//421 380//380
f 145//145 422//422 146//146
f 422//422 213//213 146//146
f 422//422 232//232 213//213
f 201//201 423//423 346//346
f 423//423 424//424 346//346
f 424//424 347//347 346//346
f 425//425 426//426 413//413
f 426//426 414//414 413//413
f 385//385 425//425 413//413
f 389//389 427//427 390//390
f 427//427 428//428 390//390
f 428//428 411//411 390//390
f 418//418 401//401 400//400
f 429//429 421//421 348//348
f 347//347 429//429 348//348
f 424//424 430//430 347//347
f 430//430 429//429 347//347
f 431//431 432//432 385//385
f 432//432 433//433 385//385
f 433//433 425//425 385//385
f 357//357 431//431 385//385
f 407//407 419//419 404//404
f 434//434 350//350 349//349
f 233//233 434//434 349//349
f 434//434 435//435 350//350
f 435//435 436//436 350//350
f 436//436 352//352 350//350
f 352//352 431//431 357//357
f 436//436 437//437 352//352
f 437//437 431//431 352//352
f 407//407 438//438 419//419
f 438//438 410//410 419//419
f 439//439 440//440 407//407
f 440//440 438//438 407//407
f 156//156 439//439 407//407
f 417//417 401//401 418//418
f 417//417 441//441 401//401
f 441//441 192//192 401//401
f 428//428 412//412 411//411
f 440//440 410//410 438//438
f 408//408 398//398 409//409
f 442//442 443//443 143//143
f 388//388 442//442 143//143
f 443//443 144//144 143//143
f 189//189 444//444 182//182
f 444//444 445//445 182//182
f 445//445 389//389 182//182
f 446//446 441//441 417//417
f 420//420 446//446 417//417
f 447//447 398//398 408//408
f 410//410 447//447 408//408
f 208//208 423//423 201//201
f 448//448 377//377 412//412
f 428//428 448//448 412//412
f 449//449 397//397 398//398
f 447//447 449//449 398//398
f 450//450 446//446 420//420
f 421//421 450//450 420//420
f 449//449 451//451 397//397
f 451//451 394//394 397//397
f 415//415 442//442 388//388
f 445//445 427//427 389//389
f 452//452 453//453 428//428
f 453//453 448//448 428//428
f 427//427 452//452 428//428
f 454//454 455//455 421//421
f 456//456 454//454 421//421
f 455//455 450//450 421//421
f 429//429 456//456 421//421
f 457//457 193//193 192//192
f 441//441 457//457 192//192
f 392//392 458//458 391//391
f 458//458 345//345 391//391
f 155//155 459//459 156//156
f 459//459 460//460 156//156
f 460//460 439//439 156//156
f 453//453 377//377 448//448
f 461//461 456//456 429//429
f 430//430 461//461 429//429
f 414//414 462//462 415//415
f 462//462 442//442 415//415
f 445//445 463//463 427//427
f 463//463 452//452 427//427
f 462//462 443//443 442//442
f 444//444 464//464 445//445
f 464//464 463//463 445//445
f 426//426 462//462 414//414
f 446//446 457//457 441//441
f 465//465 440//440 439//439
f 460//460 465//465 439//439
f 452//452 466//466 453//453
f 466//466 377//377 453//453
f 467//467 447//447 410//410
f 440//440 465//465 410//410
f 465//465 468//468 410//410
f 468//468 467//467 410//410
f 450//450 469//469 446//446
f 469//469 457//457 446//446
f 470//470 471//471 450//450
f 471//471 472//472 450//450
f 472//472 469//469 450//450
f 473//473 470//470 450//450
f 455//455 473//473 450//450
f 474//474 475//475 425//425
f 475//475 476//476 425//425
f 476//476 426//426 425//425
f 477//477 474//474 425//425
f 433//433 477//477 425//425
f 476//476 462//462 426//426
f 464//464 452//452 463//463
f 464//464 466//466 452//452
f 467//467 478//478 447//447
f 478//478 449//449 447//447
f 479//479 477//477 433//433
f 432//432 479//479 433//433
f 431//431 479//479 432//432
f 478//478 480//480 449//449
f 480//480 451//451 449//449
f 460//460 481//481 465//465
f 481//481 468//468 465//465
f 482//482 457//457 469//469
f 472//472 482//482 469//469
f 459//459 481//481 460//460
f 482//482 193//193 457//457
f 480//480 483//483 451//451
f 483//483 394//394 451//451
f 437//437 484//484 431//431
f 484//484 485//485 431//431
f 485//485 479//479 431//431
f 436//436 486//486 437//437
f 486//486 484//484 437//437
f 483//483 487//487 394//394
f 487//487 393//393 394//394
f 487//487 392//392 393//393
f 435//435 486//486 436//436
f 488//488 458//458 392//392
f 487//487 488//488 392//392
f 489//489 486//486 435//435
f 434//434 489//489 435//435
f 490//490 473//473 455//455
f 454//454 490//490 455//455
f 488//488 491//491 458//458
f 491//491 345//345 458//458
f 492//492 489//489 434//434
f 233//233 492//492 434//434
f 493//493 490//490 454//454
f 456//456 493//493 454//454
f 461//461 493//493 456//456
f 494//494 493//493 461//461
f 430//430 494//494 461//461
f 495//495 494//494 430//430
f 424//424 495//495 430//430
f 496//496 223//223 222//222
f 497//497 496//496 222//222
f 498//498 497//497 222//222
f 345//345 499//499 222//222
f 500//500 501//501 222//222
f 501//501 502//502 222//222
f 502//502 498//498 222//222
f 499//499 503//503 222//222
f 503//503 504//504 222//222
f 504//504 505//505 222//222
f 506//506 500//500 222//222
f 507//507 506//506 222//222
f 505//505 507//507 222//222
f 491//491 508//508 345//345
f 508//508 499//499 345//345
f 509//509 510//510 233//233
f 510//510 492//492 233//233
f 232//232 511//511 233//233
f 511//511 512//512 233//233
f 512//512 513//513 233//233
f 513//513 509//509 233//233
f 514//514 515//515 232//232
f 515//515 516//516 232//232
f 422//422 514//514 232//232
f 517//517 518//518 232//232
f 519//519 520//520 232//232
f 520//520 521//521 232//232
f 521//521 511//511 232//232
f 516//516 522//522 232//232
f 522//522 523//523 232//232
f 523//523 517//517 232//232
f 518//518 524//524 232//232
f 524//524 525//525 232//232
f 525//525 519//519 232//232
f 423//423 495//495 424//424
f 526//526 495//495 423//423
f 208//208 526//526 423//423
f 207//207 526//526 208//208
f 508//508 527//527 499//499
f 527//527 528//528 499//499
f 528//528 503//503 499//499
f 529//529 512//512 511//511
f 530//530 529//529 511//511
f 521//521 530//530 511//511
f 155//155 531//531 459//459
f 532//532 481//481 459//459
f 531//531 532//532 459//459
f 482//482 194//194 193//193
f 533//533 468//468 481//481
f 532//532 533//533 481//481
f 534//534 194//194 482//482
f 472//472 534//534 482//482
f 533//533 467//467 468//468
f 471//471 534//534 472//472
f 475//475 462//462 476//476
f 535//535 466//466 464//464
f 444//444 535//535 464//464
f 536//536 443//443 462//462
f 537//537 536//536 462//462
f 475//475 537//537 462//462
f 189//189 538//538 444//444
f 538//538 535//535 444//444
f 536//536 144//144 443//443
f 403//403 539//539 189//189
f 539//539 538//538 189//189
f 540//540 514//514 145//145
f 514//514 422//422 145//145
f 144//144 541//541 145//145
f 541//541 540//540 145//145
f 542//542 504//504 503//503
f 528//528 543//543 503//503
f 543//543 542//542 503//503
f 544//544 530//530 521//521
f 545//545 544//544 521//521
f 520//520 545//545 521//521
f 542//542 546//546 504//504
f 546//546 547//547 504//504
f 547//547 505//505 504//504
f 548//548 545//545 520//520
f 549//549 548//548 520//520
f 519//519 549//549 520//520
f 531//531 550//550 532//532
f 551//551 533//533 532//532
f 550//550 551//551 532//532
f 552//552 553//553 534//534
f 553//553 194//194 534//534
f 471//471 552//552 534//534
f 551//551 467//467 533//533
f 470//470 554//554 471//471
f 554//554 552//552 471//471
f 555//555 536//536 537//537
f 475//475 555//555 537//537
f 539//539 556//556 538//538
f 556//556 535//535 538//538
f 557//557 555//555 475//475
f 474//474 557//557 475//475
f 558//558 466//466 535//535
f 556//556 558//558 535//535
f 559//559 560//560 505//505
f 547//547 561//561 505//505
f 561//561 559//559 505//505
f 560//560 562//562 505//505
f 562//562 507//507 505//505
f 525//525 563//563 519//519
f 563//563 549//549 519//519
f 564//564 565//565 531//531
f 566//566 564//564 531//531
f 155//155 566//566 531//531
f 565//565 550//550 531//531
f 553//553 195//195 194//194
f 567//567 536//536 555//555
f 557//557 567//567 555//555
f 539//539 568//568 556//556
f 568//568 558//558 556//556
f 496//496 155//155 223//223
f 496//496 566//566 155//155
f 569//569 570//570 536//536
f 570//570 144//144 536//536
f 567//567 569//569 536//536
f 403//403 571//571 539//539
f 571//571 572//572 539//539
f 572//572 568//568 539//539
f 565//565 573//573 550//550
f 574//574 551//551 550//550
f 573//573 574//574 550//550
f 575//575 576//576 552//552
f 576//576 553//553 552//552
f 554//554 575//575 552//552
f 574//574 467//467 551//551
f 470//470 577//577 554//554
f 577//577 575//575 554//554
f 578//578 515//515 540//540
f 515//515 514//514 540//540
f 541//541 578//578 540//540
f 564//564 579//579 565//565
f 579//579 573//573 565//565
f 576//576 195//195 553//553
f 579//579 580//580 573//573
f 580//580 574//574 573//573
f 580//580 581//581 575//575
f 581//581 576//576 575//575
f 577//577 580//580 575//575
f 577//577 470//470 574//574
f 470//470 467//467 574//574
f 580//580 577//577 574//574
f 377//377 403//403 315//315
f 377//377 571//571 403//403
f 579//579 581//581 580//580
f 582//582 569//569 567//567
f 557//557 582//582 567//567
f 572//572 583//583 568//568
f 583//583 558//558 568//568
f 584//584 582//582 557//557
f 474//474 584//584 557//557
f 585//585 466//466 558//558
f 586//586 585//585 558//558
f 587//587 586//586 558//558
f 583//583 587//587 558//558
f 588//588 506//506 507//507
f 562//562 588//588 507//507
f 589//589 590//590 525//525
f 524//524 589//589 525//525
f 590//590 563//563 525//525
f 591//591 569//569 582//582
f 584//584 591//591 582//582
f 572//572 592//592 583//583
f 592//592 587//587 583//583
f 195//195 581//581 579//579
f 564//564 195//195 579//579
f 581//581 195//195 576//576
f 593//593 594//594 506//506
f 595//595 593//593 506//506
f 588//588 595//595 506//506
f 594//594 596//596 506//506
f 596//596 500//500 506//506
f 518//518 597//597 524//524
f 598//598 589//589 524//524
f 599//599 598//598 524//524
f 597//597 599//599 524//524
f 600//600 601//601 569//569
f 601//601 570//570 569//569
f 591//591 600//600 569//569
f 571//571 602//602 572//572
f 602//602 603//603 572//572
f 603//603 592//592 572//572
f 604//604 600//600 591//591
f 584//584 604//604 591//591
f 603//603 605//605 592//592
f 606//606 587//587 592//592
f 605//605 607//607 592//592
f 607//607 608//608 592//592
f 608//608 606//606 592//592
f 607//607 604//604 584//584
f 474//474 607//607 584//584
f 606//606 586//586 587//587
f 473//473 609//609 470//470
f 609//609 467//467 470//470
f 606//606 610//610 586//586
f 610//610 585//585 586//586
f 608//608 611//611 606//606
f 611//611 610//610 606//606
f 605//605 612//612 607//607
f 612//612 604//604 607//607
f 613//613 608//608 607//607
f 474//474 614//614 607//607
f 614//614 615//615 607//607
f 615//615 613//613 607//607
f 616//616 600//600 604//604
f 612//612 616//616 604//604
f 603//603 612//612 605//605
f 609//609 617//617 467//467
f 617//617 618//618 467//467
f 619//619 478//478 467//467
f 618//618 619//619 467//467
f 477//477 614//614 474//474
f 613//613 620//620 608//608
f 620//620 611//611 608//608
f 603//603 616//616 612//612
f 621//621 622//622 597//597
f 518//518 621//621 597//597
f 623//623 599//599 597//597
f 624//624 623//623 597//597
f 622//622 624//624 597//597
f 625//625 626//626 594//594
f 627//627 625//625 594//594
f 593//593 627//627 594//594
f 626//626 628//628 594//594
f 628//628 596//596 594//594
f 611//611 629//629 610//610
f 629//629 585//585 610//610
f 619//619 480//480 478//478
f 479//479 630//630 477//477
f 630//630 614//614 477//477
f 631//631 630//630 479//479
f 485//485 631//631 479//479
f 629//629 466//466 585//585
f 632//632 483//483 480//480
f 619//619 632//632 480//480
f 633//633 487//487 483//483
f 632//632 633//633 483//483
f 490//490 634//634 473//473
f 634//634 609//609 473//473
f 484//484 631//631 485//485
f 493//493 635//635 490//490
f 635//635 634//634 490//490
f 636//636 488//488 487//487
f 633//633 636//636 487//487
f 637//637 631//631 484//484
f 486//486 637//637 484//484
f 638//638 637//637 486//486
f 489//489 638//638 486//486
f 636//636 491//491 488//488
f 492//492 638//638 489//489
f 636//636 639//639 491//491
f 639//639 508//508 491//491
f 510//510 638//638 492//492
f 640//640 641//641 626//626
f 642//642 640//640 626//626
f 625//625 642//642 626//626
f 641//641 628//628 626//626
f 621//621 643//643 622//622
f 644//644 624//624 622//622
f 645//645 644//644 622//622
f 643//643 645//645 622//622
f 634//634 617//617 609//609
f 640//640 646//646 641//641
f 647//647 628//628 641//641
f 646//646 647//647 641//641
f 621//621 648//648 643//643
f 649//649 650//650 643//643
f 648//648 649//649 643//643
f 650//650 645//645 643//643
f 617//617 651//651 618//618
f 652//652 619//619 618//618
f 651//651 652//652 618//618
f 616//616 653//653 600//600
f 653//653 654//654 600//600
f 654//654 601//601 600//600
f 602//602 655//655 603//603
f 655//655 616//616 603//603
f 494//494 635//635 493//493
f 655//655 653//653 616//616
f 656//656 628//628 647//647
f 657//657 656//656 647//647
f 646//646 658//658 647//647
f 658//658 659//659 647//647
f 659//659 657//657 647//647
f 621//621 660//660 648//648
f 660//660 661//661 648//648
f 661//661 662//662 648//648
f 662//662 649//649 648//648
f 663//663 632//632 619//619
f 652//652 663//663 619//619
f 495//495 664//664 494//494
f 664//664 665//665 494//494
f 665//665 635//635 494//494
f 630//630 615//615 614//614
f 526//526 664//664 495//495
f 634//634 666//666 617//617
f 667//667 651//651 617//617
f 666//666 667//667 617//617
f 663//663 633//633 632//632
f 668//668 613//613 615//615
f 630//630 668//668 615//615
f 669//669 664//664 526//526
f 207//207 669//669 526//526
f 195//195 669//669 207//207
f 670//670 636//636 633//633
f 671//671 670//670 633//633
f 663//663 671//671 633//633
f 620//620 672//672 611//611
f 672//672 673//673 611//611
f 673//673 629//629 611//611
f 631//631 674//674 630//630
f 674//674 668//668 630//630
f 636//636 675//675 639//639
f 675//675 508//508 639//639
f 670//670 675//675 636//636
f 676//676 466//466 629//629
f 673//673 676//676 629//629
f 677//677 638//638 510//510
f 509//509 677//677 510//510
f 637//637 678//678 631//631
f 678//678 674//674 631//631
f 635//635 679//679 634//634
f 679//679 666//666 634//634
f 195//195 680//680 669//669
f 680//680 664//664 669//669
f 613//613 672//672 620//620
f 638//638 681//681 637//637
f 681//681 678//678 637//637
f 682//682 656//656 657//657
f 683//683 682//682 657//657
f 684//684 683//683 657//657
f 659//659 685//685 657//657
f 685//685 684//684 657//657
f 686//686 687//687 660//660
f 621//621 686//686 660//660
f 688//688 689//689 660//660
f 689//689 661//661 660//660
f 690//690 688//688 660//660
f 687//687 690//690 660//660
f 667//667 652//652 651//651
f 691//691 676//676 673//673
f 672//672 691//691 673//673
f 679//679 692//692 666//666
f 693//693 667//667 666//666
f 692//692 693//693 666//666
f 694//694 695//695 613//613
f 696//696 694//694 613//613
f 668//668 696//696 613//613
f 695//695 697//697 613//613
f 697//697 672//672 613//613
f 691//691 466//466 676//676
f 674//674 696//696 668//668
f 698//698 652//652 667//667
f 693//693 698//698 667//667
f 699//699 663//663 652//652
f 698//698 699//699 652//652
f 665//665 700//700 635//635
f 700//700 679//679 635//635
f 628//628 701//701 596//596
f 701//701 702//702 596//596
f 702//702 703//703 596//596
f 703//703 500//500 596//596
f 656//656 704//704 628//628
f 704//704 705//705 628//628
f 705//705 701//701 628//628
f 518//518 706//706 621//621
f 706//706 707//707 621//621
f 707//707 708//708 621//621
f 708//708 686//686 621//621
f 517//517 709//709 518//518
f 709//709 710//710 518//518
f 710//710 706//706 518//518
f 674//674 694//694 696//696
f 699//699 671//671 663//663
f 679//679 711//711 692//692
f 711//711 693//693 692//692
f 695//695 712//712 697//697
f 712//712 672//672 697//697
f 678//678 713//713 674//674
f 713//713 694//694 674//674
f 703//703 714//714 500//500
f 714//714 715//715 500//500
f 715//715 501//501 500//500
f 682//682 716//716 656//656
f 716//716 717//717 656//656
f 717//717 704//704 656//656
f 718//718 687//687 686//686
f 708//708 719//719 686//686
f 719//719 720//720 686//686
f 720//720 718//718 686//686
f 523//523 721//721 517//517
f 721//721 722//722 517//517
f 722//722 709//709 517//517
f 664//664 723//723 665//665
f 723//723 700//700 665//665
f 724//724 713//713 678//678
f 681//681 724//724 678//678
f 497//497 725//725 496//496
f 725//725 566//566 496//496
f 700//700 726//726 679//679
f 726//726 711//711 679//679
f 680//680 727//727 664//664
f 727//727 723//723 664//664
f 712//712 728//728 672//672
f 729//729 691//691 672//672
f 730//730 729//729 672//672
f 731//731 730//730 672//672
f 728//728 731//731 672//672
f 729//729 466//466 691//691
f 711//711 732//732 693//693
f 733//733 698//698 693//693
f 732//732 733//733 693//693
f 734//734 724//724 681//681
f 638//638 734//734 681//681
f 735//735 466//466 729//729
f 730//730 735//735 729//729
f 736//736 682//682 683//683
f 737//737 736//736 683//683
f 684//684 738//738 683//683
f 738//738 739//739 683//683
f 739//739 740//740 683//683
f 740//740 737//737 683//683
f 718//718 741//741 687//687
f 742//742 690//690 687//687
f 743//743 742//742 687//687
f 741//741 743//743 687//687
f 195//195 744//744 680//680
f 744//744 727//727 680//680
f 745//745 502//502 501//501
f 746//746 745//745 501//501
f 715//715 746//746 501//501
f 736//736 747//747 682//682
f 747//747 716//716 682//682
f 748//748 741//741 718//718
f 749//749 748//748 718//718
f 750//750 749//749 718//718
f 720//720 750//750 718//718
f 522//522 751//751 523//523
f 751//751 721//721 523//523
f 752//752 699//699 698//698
f 733//733 752//752 698//698
f 713//713 695//695 694//694
f 753//753 754//754 638//638
f 677//677 753//753 638//638
f 754//754 734//734 638//638
f 755//755 671//671 699//699
f 752//752 755//755 699//699
f 756//756 703//703 702//702
f 701//701 756//756 702//702
f 757//757 756//756 701//701
f 705//705 757//757 701//701
f 758//758 708//708 707//707
f 706//706 758//758 707//707
f 759//759 758//758 706//706
f 710//710 759//759 706//706
f 760//760 714//714 703//703
f 756//756 760//760 703//703
f 704//704 757//757 705//705
f 761//761 719//719 708//708
f 758//758 761//761 708//708
f 709//709 759//759 710//710
f 509//509 753//753 677//677
f 726//726 762//762 711//711
f 763//763 732//732 711//711
f 762//762 763//763 711//711
f 723//723 764//764 700//700
f 764//764 726//726 700//700
f 765//765 766//766 712//712
f 695//695 765//765 712//712
f 766//766 728//728 712//712
f 724//724 767//767 713//713
f 767//767 765//765 713//713
f 765//765 695//695 713//713
f 768//768 735//735 730//730
f 731//731 768//768 730//730
f 769//769 715//715 714//714
f 760//760 769//769 714//714
f 770//770 757//757 704//704
f 717//717 770//770 704//704
f 771//771 720//720 719//719
f 761//761 771//771 719//719
f 772//772 759//759 709//709
f 722//722 772//772 709//709
f 773//773 516//516 515//515
f 774//774 773//773 515//515
f 578//578 774//774 515//515
f 775//775 733//733 732//732
f 763//763 775//775 732//732
f 776//776 670//670 671//671
f 755//755 776//776 671//671
f 777//777 746//746 715//715
f 769//769 777//777 715//715
f 778//778 770//770 717//717
f 716//716 778//778 717//717
f 779//779 750//750 720//720
f 771//771 779//779 720//720
f 780//780 772//772 722//722
f 721//721 780//780 722//722
f 734//734 781//781 724//724
f 781//781 767//767 724//724
f 782//782 754//754 753//753
f 509//509 782//782 753//753
f 497//497 783//783 725//725
f 783//783 566//566 725//725
f 783//783 784//784 566//566
f 784//784 785//785 566//566
f 785//785 786//786 566//566
f 786//786 787//787 566//566
f 787//787 788//788 566//566
f 788//788 789//789 566//566
f 789//789 790//790 566//566
f 790//790 791//791 566//566
f 791//791 564//564 566//566
f 792//792 498//498 502//502
f 793//793 794//794 502//502
f 794//794 792//792 502//502
f 745//745 793//793 502//502
f 737//737 795//795 736//736
f 796//796 797//797 736//736
f 795//795 796//796 736//736
f 797//797 747//747 736//736
f 798//798 795//795 737//737
f 740//740 799//799 737//737
f 799//799 798//798 737//737
f 748//748 800//800 741//741
f 800//800 743//743 741//741
f 801//801 800//800 748//748
f 802//802 803//803 748//748
f 803//803 801//801 748//748
f 749//749 802//802 748//748
f 516//516 804//804 522//522
f 805//805 806//806 522//522
f 804//804 805//805 522//522
f 806//806 751//751 522//522
f 764//764 807//807 726//726
f 807//807 762//762 726//726
f 768//768 466//466 735//735
f 195//195 808//808 744//744
f 808//808 727//727 744//744
f 670//670 809//809 675//675
f 809//809 508//508 675//675
f 775//775 752//752 733//733
f 766//766 810//810 728//728
f 811//811 731//731 728//728
f 810//810 811//811 728//728
f 812//812 809//809 670//670
f 776//776 812//812 670//670
f 727//727 813//813 723//723
f 813//813 764//764 723//723
f 814//814 766//766 765//765
f 767//767 814//814 765//765
f 814//814 815//815 766//766
f 815//815 816//816 766//766
f 816//816 817//817 766//766
f 817//817 810//810 766//766
f 818//818 745//745 746//746
f 777//777 818//818 746//746
f 819//819 778//778 716//716
f 747//747 819//819 716//716
f 820//820 749//749 750//750
f 779//779 820//820 750//750
f 821//821 780//780 721//721
f 751//751 821//821 721//721
f 807//807 822//822 762//762
f 822//822 763//763 762//762
f 822//822 823//823 763//763
f 823//823 824//824 763//763
f 824//824 825//825 763//763
f 825//825 826//826 763//763
f 826//826 775//775 763//763
f 812//812 508//508 809//809
f 807//807 823//823 822//822
f 767//767 827//827 814//814
f 827//827 815//815 814//814
f 828//828 793//793 745//745
f 829//829 828//828 745//745
f 818//818 829//829 745//745
f 830//830 819//819 747//747
f 831//831 830//830 747//747
f 797//797 831//831 747//747
f 832//832 802//802 749//749
f 833//833 832//832 749//749
f 820//820 833//833 749//749
f 834//834 821//821 751//751
f 835//835 834//834 751//751
f 806//806 835//835 751//751
f 781//781 827//827 767//767
f 807//807 824//824 823//823
f 816//816 836//836 817//817
f 836//836 810//810 817//817
f 825//825 837//837 826//826
f 838//838 775//775 826//826
f 837//837 838//838 826//826
f 813//813 839//839 764//764
f 839//839 807//807 764//764
f 840//840 498//498 792//792
f 794//794 841//841 792//792
f 841//841 842//842 792//792
f 842//842 840//840 792//792
f 798//798 843//843 795//795
f 843//843 844//844 795//795
f 845//845 796//796 795//795
f 844//844 845//845 795//795
f 846//846 847//847 801//801
f 847//847 800//800 801//801
f 803//803 848//848 801//801
f 848//848 849//849 801//801
f 849//849 846//846 801//801
f 516//516 850//850 804//804
f 850//850 851//851 804//804
f 852//852 805//805 804//804
f 851//851 852//852 804//804
f 853//853 843//843 798//798
f 854//854 855//855 798//798
f 855//855 856//856 798//798
f 856//856 853//853 798//798
f 799//799 857//857 798//798
f 857//857 854//854 798//798
f 858//858 859//859 800//800
f 859//859 860//860 800//800
f 860//860 743//743 800//800
f 861//861 858//858 800//800
f 847//847 861//861 800//800
f 862//862 768//768 731//731
f 863//863 862//862 731//731
f 811//811 863//863 731//731
f 864//864 773//773 774//774
f 578//578 864//864 774//774
f 865//865 866//866 578//578
f 866//866 867//867 578//578
f 867//867 868//868 578//578
f 868//868 869//869 578//578
f 869//869 870//870 578//578
f 870//870 871//871 578//578
f 871//871 872//872 578//578
f 872//872 864//864 578//578
f 541//541 865//865 578//578
f 873//873 874//874 727//727
f 808//808 873//873 727//727
f 874//874 813//813 727//727
f 875//875 466//466 768//768
f 862//862 875//875 768//768
f 876//876 827//827 781//781
f 734//734 876//876 781//781
f 828//828 877//877 793//793
f 878//878 794//794 793//793
f 877//877 878//878 793//793
f 879//879 831//831 797//797
f 880//880 879//879 797//797
f 796//796 880//880 797//797
f 832//832 881//881 802//802
f 882//882 803//803 802//802
f 881//881 882//882 802//802
f 883//883 835//835 806//806
f 884//884 883//883 806//806
f 805//805 884//884 806//806
f 497//497 784//784 783//783
f 885//885 752//752 775//775
f 838//838 885//885 775//775
f 827//827 816//816 815//815
f 886//886 824//824 807//807
f 839//839 886//886 807//807
f 816//816 887//887 836//836
f 887//887 888//888 836//836
f 888//888 810//810 836//836
f 889//889 811//811 810//810
f 888//888 889//889 810//810
f 890//890 785//785 784//784
f 497//497 890//890 784//784
f 195//195 873//873 808//808
f 886//886 825//825 824//824
f 891//891 755//755 752//752
f 885//885 891//891 752//752
f 892//892 876//876 734//734
f 754//754 892//892 734//734
f 816//816 893//893 887//887
f 893//893 888//888 887//887
f 876//876 894//894 827//827
f 894//894 816//816 827//827
f 895//895 896//896 840//840
f 896//896 897//897 840//840
f 897//897 498//498 840//840
f 842//842 898//898 840//840
f 898//898 899//899 840//840
f 899//899 895//895 840//840
f 853//853 900//900 843//843
f 900//900 901//901 843//843
f 901//901 902//902 843//843
f 902//902 844//844 843//843
f 903//903 904//904 846//846
f 904//904 847//847 846//846
f 849//849 905//905 846//846
f 905//905 906//906 846//846
f 906//906 903//903 846//846
f 516//516 907//907 850//850
f 907//907 908//908 850//850
f 908//908 909//909 850//850
f 909//909 910//910 850//850
f 910//910 911//911 850//850
f 911//911 851//851 850//850
f 825//825 912//912 837//837
f 912//912 838//838 837//837
f 878//878 841//841 794//794
f 913//913 880//880 796//796
f 845//845 913//913 796//796
f 882//882 848//848 803//803
f 914//914 884//884 805//805
f 852//852 914//914 805//805
f 915//915 842//842 841//841
f 916//916 915//915 841//841
f 878//878 916//916 841//841
f 917//917 913//913 845//845
f 844//844 917//917 845//845
f 918//918 849//849 848//848
f 919//919 918//918 848//848
f 882//882 919//919 848//848
f 920//920 914//914 852//852
f 851//851 920//920 852//852
f 874//874 921//921 813//813
f 921//921 839//839 813//813
f 466//466 571//571 377//377
f 466//466 602//602 571//571
f 922//922 875//875 862//862
f 923//923 922//922 862//862
f 863//863 923//923 862//862
f 912//912 924//924 838//838
f 924//924 885//885 838//838
f 925//925 894//894 876//876
f 892//892 925//925 876//876
f 926//926 773//773 864//864
f 872//872 926//926 864//864
f 893//893 927//927 888//888
f 928//928 889//889 888//888
f 927//927 928//928 888//888
f 929//929 776//776 755//755
f 891//891 929//929 755//755
f 930//930 825//825 886//886
f 839//839 931//931 886//886
f 931//931 930//930 886//886
f 932//932 933//933 754//754
f 934//934 932//932 754//754
f 782//782 934//934 754//754
f 933//933 892//892 754//754
f 900//900 935//935 895//895
f 935//935 936//936 895//895
f 936//936 896//896 895//895
f 899//899 937//937 895//895
f 937//937 900//900 895//895
f 853//853 938//938 900//900
f 938//938 935//935 900//900
f 937//937 939//939 900//900
f 939//939 901//901 900//900
f 909//909 940//940 903//903
f 940//940 941//941 903//903
f 941//941 904//904 903//903
f 906//906 942//942 903//903
f 942//942 909//909 903//903
f 908//908 940//940 909//909
f 942//942 943//943 909//909
f 943//943 910//910 909//909
f 921//921 931//931 839//839
f 944//944 863//863 811//811
f 889//889 944//944 811//811
f 945//945 946//946 816//816
f 946//946 893//893 816//816
f 894//894 945//945 816//816
f 509//509 934//934 782//782
f 930//930 947//947 825//825
f 947//947 912//912 825//825
f 930//930 948//948 947//947
f 949//949 950//950 947//947
f 950//950 912//912 947//947
f 948//948 951//951 947//947
f 951//951 952//952 947//947
f 952//952 949//949 947//947
f 930//930 953//953 948//948
f 953//953 951//951 948//948
f 946//946 927//927 893//893
f 950//950 924//924 912//912
f 954//954 924//924 950//950
f 949//949 954//954 950//950
f 945//945 955//955 946//946
f 955//955 927//927 946//946
f 956//956 957//957 945//945
f 957//957 958//958 945//945
f 958//958 955//955 945//945
f 959//959 956//956 945//945
f 894//894 959//959 945//945
f 925//925 959//959 894//894
f 871//871 926//926 872//872
f 958//958 960//960 955//955
f 960//960 927//927 955//955
f 961//961 898//898 842//842
f 915//915 961//961 842//842
f 962//962 917//917 844//844
f 902//902 962//962 844//844
f 963//963 905//905 849//849
f 918//918 963//963 849//849
f 964//964 920//920 851//851
f 911//911 964//964 851//851
f 965//965 957//957 956//956
f 959//959 965//965 956//956
f 966//966 899//899 898//898
f 961//961 966//966 898//898
f 967//967 962//962 902//902
f 901//901 967//967 902//902
f 968//968 906//906 905//905
f 963//963 968//968 905//905
f 969//969 964//964 911//911
f 910//910 969//969 911//911
f 970//970 971//971 953//953
f 930//930 972//972 953//953
f 972//972 970//970 953//953
f 971//971 951//951 953//953
f 509//509 932//932 934//934
f 957//957 960//960 958//958
f 973//973 885//885 924//924
f 954//954 973//973 924//924
f 974//974 928//928 927//927
f 960//960 974//974 927//927
f 975//975 812//812 776//776
f 976//976 975//975 776//776
f 929//929 976//976 776//776
f 931//931 977//977 930//930
f 977//977 972//972 930//930
f 978//978 938//938 853//853
f 856//856 979//979 853//853
f 979//979 978//978 853//853
f 980//980 861//861 847//847
f 904//904 981//981 847//847
f 981//981 982//982 847//847
f 982//982 980//980 847//847
f 983//983 959//959 925//925
f 892//892 983//983 925//925
f 952//952 954//954 949//949
f 922//922 466//466 875//875
f 965//965 984//984 957//957
f 984//984 985//985 957//957
f 985//985 960//960 957//957
f 965//965 986//986 984//984
f 986//986 971//971 984//984
f 971//971 985//985 984//984
f 987//987 986//986 965//965
f 959//959 987//987 965//965
f 986//986 951//951 971//971
f 970//970 985//985 971//971
f 983//983 987//987 959//959
f 988//988 937//937 899//899
f 966//966 988//988 899//899
f 989//989 967//967 901//901
f 990//990 989//989 901//901
f 939//939 990//990 901//901
f 991//991 942//942 906//906
f 968//968 991//991 906//906
f 992//992 969//969 910//910
f 993//993 992//992 910//910
f 943//943 993//993 910//910
f 988//988 939//939 937//937
f 988//988 990//990 939//939
f 991//991 943//943 942//942
f 991//991 993//993 943//943
f 994//994 944//944 889//889
f 928//928 994//994 889//889
f 995//995 996//996 874//874
f 997//997 995//995 874//874
f 873//873 997//997 874//874
f 996//996 921//921 874//874
f 998//998 977//977 931//931
f 921//921 998//998 931//931
f 951//951 999//999 952//952
f 999//999 954//954 952//952
f 986//986 999//999 951//951
f 987//987 1000//1000 986//986
f 1000//1000 999//999 986//986
f 985//985 1001//1001 960//960
f 1002//1002 974//974 960//960
f 1001//1001 1002//1002 960//960
f 1003//1003 1004//1004 932//932
f 1004//1004 933//933 932//932
f 509//509 1003//1003 932//932
f 1005//1005 970//970 972//972
f 977//977 1006//1006 972//972
f 1006//1006 1005//1005 972//972
f 999//999 973//973 954//954
f 1007//1007 891//891 885//885
f 973//973 1007//1007 885//885
f 975//975 508//508 812//812
f 1005//1005 1001//1001 970//970
f 1001//1001 985//985 970//970
f 976//976 1008//1008 975//975
f 1008//1008 508//508 975//975
f 1009//1009 1000//1000 987//987
f 1010//1010 1009//1009 987//987
f 983//983 1010//1010 987//987
f 1005//1005 1002//1002 1001//1001
f 195//195 997//997 873//873
f 1006//1006 1002//1002 1005//1005
f 1000//1000 973//973 999//999
f 1009//1009 973//973 1000//1000
f 1011//1011 466//466 922//922
f 1012//1012 1011//1011 922//922
f 923//923 1012//1012 922//922
f 1009//1009 1007//1007 973//973
f 1010//1010 1007//1007 1009//1009
f 996//996 998//998 921//921
f 1013//1013 923//923 863//863
f 944//944 1013//1013 863//863
f 890//890 786//786 785//785
f 195//195 995//995 997//997
f 1014//1014 983//983 892//892
f 933//933 1014//1014 892//892
f 1015//1015 994//994 928//928
f 974//974 1015//1015 928//928
f 1016//1016 1006//1006 977//977
f 1017//1017 1016//1016 977//977
f 1018//1018 1017//1017 977//977
f 998//998 1018//1018 977//977
f 1019//1019 1010//1010 983//983
f 1014//1014 1019//1019 983//983
f 1010//1010 1020//1020 1007//1007
f 1020//1020 891//891 1007//1007
f 1019//1019 1020//1020 1010//1010
f 1020//1020 1021//1021 891//891
f 1021//1021 1022//1022 891//891
f 1022//1022 929//929 891//891
f 195//195 1023//1023 995//995
f 1023//1023 1024//1024 995//995
f 1024//1024 996//996 995//995
f 1002//1002 1015//1015 974//974
f 1019//1019 1021//1021 1020//1020
f 1014//1014 1025//1025 1019//1019
f 1025//1025 1021//1021 1019//1019
f 1006//1006 1015//1015 1002//1002
f 1026//1026 935//935 938//938
f 1027//1027 1026//1026 938//938
f 978//978 1028//1028 938//938
f 1028//1028 1027//1027 938//938
f 941//941 1029//1029 904//904
f 1029//1029 1030//1030 904//904
f 1030//1030 981//981 904//904
f 1016//1016 1015//1015 1006//1006
f 976//976 508//508 1008//1008
f 890//890 1031//1031 786//786
f 1031//1031 1032//1032 786//786
f 1032//1032 787//787 786//786
f 1033//1033 926//926 871//871
f 870//870 1034//1034 871//871
f 1034//1034 1035//1035 871//871
f 1035//1035 1033//1033 871//871
f 1004//1004 1036//1036 933//933
f 1036//1036 1014//1014 933//933
f 994//994 1013//1013 944//944
f 1017//1017 1037//1037 1016//1016
f 1037//1037 1015//1015 1016//1016
f 1037//1037 994//994 1015//1015
f 1038//1038 1018//1018 998//998
f 996//996 1038//1038 998//998
f 1036//1036 1025//1025 1014//1014
f 1025//1025 1022//1022 1021//1021
f 1036//1036 1039//1039 1025//1025
f 1039//1039 1022//1022 1025//1025
f 1040//1040 1004//1004 1003//1003
f 509//509 1040//1040 1003//1003
f 1041//1041 936//936 935//935
f 1026//1026 1041//1041 935//935
f 1042//1042 1029//1029 941//941
f 1043//1043 1042//1042 941//941
f 1044//1044 1043//1043 941//941
f 940//940 1044//1044 941//941
f 1022//1022 1045//1045 929//929
f 1045//1045 976//976 929//929
f 1024//1024 1038//1038 996//996
f 1046//1046 1012//1012 923//923
f 1013//1013 1046//1046 923//923
f 1041//1041 1047//1047 936//936
f 1047//1047 1048//1048 936//936
f 1048//1048 896//896 936//936
f 1049//1049 1044//1044 940//940
f 908//908 1049//1049 940//940
f 1037//1037 1013//1013 994//994
f 1038//1038 1050//1050 1018//1018
f 1050//1050 1017//1017 1018//1018
f 1040//1040 1051//1051 1004//1004
f 1051//1051 1036//1036 1004//1004
f 1052//1052 1051//1051 1040//1040
f 509//509 1052//1052 1040//1040
f 1032//1032 788//788 787//787
f 1039//1039 1045//1045 1022//1022
f 1051//1051 1053//1053 1039//1039
f 1036//1036 1051//1051 1039//1039
f 1053//1053 1045//1045 1039//1039
f 1045//1045 1054//1054 976//976
f 1054//1054 1055//1055 976//976
f 1055//1055 508//508 976//976
f 869//869 1034//1034 870//870
f 1056//1056 1013//1013 1037//1037
f 1017//1017 1056//1056 1037//1037
f 1057//1057 466//466 1011//1011
f 1012//1012 1057//1057 1011//1011
f 1050//1050 1056//1056 1017//1017
f 1058//1058 897//897 896//896
f 1048//1048 1059//1059 896//896
f 1059//1059 1058//1058 896//896
f 1060//1060 1049//1049 908//908
f 1061//1061 1060//1060 908//908
f 907//907 1061//1061 908//908
f 1062//1062 1051//1051 1052//1052
f 509//509 1062//1062 1052//1052
f 1023//1023 1063//1063 1024//1024
f 1063//1063 1064//1064 1024//1024
f 1064//1064 1038//1038 1024//1024
f 1046//1046 1065//1065 1012//1012
f 1065//1065 1066//1066 1012//1012
f 1066//1066 1057//1057 1012//1012
f 1062//1062 1053//1053 1051//1051
f 868//868 1067//1067 869//869
f 1067//1067 1068//1068 869//869
f 1068//1068 1034//1034 869//869
f 1053//1053 1054//1054 1045//1045
f 1062//1062 1069//1069 1053//1053
f 1069//1069 1054//1054 1053//1053
f 195//195 1063//1063 1023//1023
f 1032//1032 1070//1070 788//788
f 1070//1070 1071//1071 788//788
f 1071//1071 789//789 788//788
f 1072//1072 1073//1073 1050//1050
f 1073//1073 1056//1056 1050//1050
f 1038//1038 1072//1072 1050//1050
f 1073//1073 1013//1013 1056//1056
f 509//509 1069//1069 1062//1062
f 1074//1074 1075//1075 1057//1057
f 1075//1075 1076//1076 1057//1057
f 1076//1076 466//466 1057//1057
f 1066//1066 1074//1074 1057//1057
f 1054//1054 508//508 1055//1055
f 195//195 1077//1077 1063//1063
f 1077//1077 1064//1064 1063//1063
f 1071//1071 790//790 789//789
f 1069//1069 508//508 1054//1054
f 509//509 508//508 1069//1069
f 1065//1065 1074//1074 1066//1066
f 1073//1073 1046//1046 1013//1013
f 1078//1078 1072//1072 1038//1038
f 1064//1064 1078//1078 1038//1038
f 1071//1071 1079//1079 790//790
f 1080//1080 791//791 790//790
f 1079//1079 1080//1080 790//790
f 1080//1080 1081//1081 791//791
f 1081//1081 564//564 791//791
f 1058//1058 1082//1082 897//897
f 1082//1082 1083//1083 897//897
f 1083//1083 1084//1084 897//897
f 1084//1084 498//498 897//897
f 516//516 1085//1085 907//907
f 1086//1086 1061//1061 907//907
f 1087//1087 1086//1086 907//907
f 1085//1085 1087//1087 907//907
f 541//541 564//564 1081//1081
f 1088//1088 541//541 1081//1081
f 1080//1080 1088//1088 1081//1081
f 1088//1088 865//865 541//541
f 144//144 564//564 541//541
f 1089//1089 195//195 564//564
f 144//144 1089//1089 564//564
f 570//570 1089//1089 144//144
f 1090//1090 1046//1046 1073//1073
f 1072//1072 1090//1090 1073//1073
f 1078//1078 1090//1090 1072//1072
f 1091//1091 1092//1092 868//868
f 1092//1092 1067//1067 868//868
f 867//867 1091//1091 868//868
f 867//867 1092//1092 1091//1091
f 1083//1083 1093//1093 1084//1084
f 1093//1093 1094//1094 1084//1084
f 1095//1095 1096//1096 1084//1084
f 1094//1094 1095//1095 1084//1084
f 1096//1096 498//498 1084//1084
f 1097//1097 1098//1098 1085//1085
f 1099//1099 1097//1097 1085//1085
f 516//516 1099//1099 1085//1085
f 1098//1098 1087//1087 1085//1085
f 866//866 1092//1092 867//867
f 1088//1088 866//866 865//865
f 1088//1088 1092//1092 866//866
f 1100//1100 1101//1101 1046//1046
f 1101//1101 1102//1102 1046//1046
f 1102//1102 1065//1065 1046//1046
f 1090//1090 1103//1103 1046//1046
f 1103//1103 1100//1100 1046//1046
f 1104//1104 1105//1105 1064//1064
f 1106//1106 1104//1104 1064//1064
f 1077//1077 1106//1106 1064//1064
f 1105//1105 1078//1078 1064//1064
f 195//195 1106//1106 1077//1077
f 1102//1102 1074//1074 1065//1065
f 1105//1105 1103//1103 1078//1078
f 1103//1103 1090//1090 1078//1078
f 1105//1105 1100//1100 1103//1103
f 1101//1101 1074//1074 1102//1102
f 1107//1107 1100//1100 1105//1105
f 1104//1104 1107//1107 1105//1105
f 195//195 1104//1104 1106//1106
f 1079//1079 1088//1088 1080//1080
f 1079//1079 1092//1092 1088//1088
f 1108//1108 195//195 1089//1089
f 570//570 601//601 1089//1089
f 601//601 1108//1108 1089//1089
f 195//195 1107//1107 1104//1104
f 1100//1100 1074//1074 1101//1101
f 1107//1107 1074//1074 1100//1100
f 195//195 1074//1074 1107//1107
f 1076//1076 602//602 466//466
f 1076//1076 655//655 602//602
f 1108//1108 1109//1109 195//195
f 1109//1109 1110//1110 195//195
f 1110//1110 1074//1074 195//195
f 1110//1110 1111//1111 1074//1074
f 1111//1111 1075//1075 1074//1074
f 658//658 646//646 508//508
f 646//646 640//640 508//508
f 640//640 642//642 508//508
f 642//642 625//625 508//508
f 625//625 627//627 508//508
f 528//528 527//527 508//508
f 627//627 528//528 508//508
f 509//509 685//685 508//508
f 685//685 659//659 508//508
f 659//659 658//658 508//508
f 513//513 649//649 509//509
f 739//739 738//738 509//509
f 738//738 684//684 509//509
f 684//684 685//685 509//509
f 649//649 662//662 509//509
f 662//662 661//661 509//509
f 661//661 739//739 509//509
f 512//512 649//649 513//513
f 601//601 654//654 1108//1108
f 654//654 1109//1109 1108//1108
f 529//529 649//649 512//512
f 530//530 649//649 529//529
f 627//627 543//543 528//528
f 627//627 542//542 543//543
f 544//544 649//649 530//530
f 627//627 593//593 542//542
f 593//593 595//595 542//542
f 595//595 546//546 542//542
f 545//545 649//649 544//544
f 1112//1112 1113//1113 1114//1114
f 1113//1113 1115//1115 1114//1114
f 1115//1115 1116//1116 1114//1114
f 1117//1117 1118//1118 1112//1112
f 1118//1118 1119//1119 1112//1112
f 1114//1114 1120//1120 1112//1112
f 1120//1120 1121//1121 1112//1112
f 1121//1121 1117//1117 1112//1112
f 1119//1119 1113//1113 1112//1112
f 1122//1122 1123//1123 1124//1124
f 1125//1125 1122//1122 1124//1124
f 1126//1126 1125//1125 1124//1124
f 1123//1123 1127//1127 1124//1124
f 1127//1127 1128//1128 1124//1124
f 1128//1128 1129//1129 1124//1124
f 1129//1129 1126//1126 1124//1124
f 1130//1130 1125//1125 1126//1126
f 1131//1131 1130//1130 1126//1126
f 1132//1132 1133//1133 1134//1134
f 1133//1133 1135//1135 1134//1134
f 1136//1136 1132//1132 1134//1134
f 1137//1137 1136//1136 1134//1134
f 1135//1135 1138//1138 1134//1134
f 1139//1139 1137//1137 1134//1134
f 1138//1138 1139//1139 1134//1134
f 1140//1140 1136//1136 1137//1137
f 1141//1141 1140//1140 1137//1137
f 1142//1142 1141//1141 1137//1137
f 1139//1139 1142//1142 1137//1137
f 1133//1133 1143//1143 1135//1135
f 1143//1143 1116//1116 1135//1135
f 1116//1116 1144//1144 1135//1135
f 1144//1144 1138//1138 1135//1135
f 1145//1145 1140//1140 1141//1141
f 1146//1146 1145//1145 1141//1141
f 1147//1147 1146//1146 1141//1141
f 1142//1142 1147//1147 1141//1141
f 1143//1143 1120//1120 1116//1116
f 1120//1120 1114//1114 1116//1116
f 1115//1115 1144//1144 1116//1116
f 1148//1148 1140//1140 1145//1145
f 1149//1149 1148//1148 1145//1145
f 1150//1150 1149//1149 1145//1145
f 1146//1146 1150//1150 1145//1145
f 1151//1151 1133//1133 1132//1132
f 1152//1152 1151//1151 1132//1132
f 1136//1136 1152//1152 1132//1132
f 1153//1153 1143//1143 1133//1133
f 1151//1151 1153//1153 1133//1133
f 1154//1154 1152//1152 1136//1136
f 1140//1140 1154//1154 1136//1136
f 1155//1155 1120//1120 1143//1143
f 1153//1153 1155//1155 1143//1143
f 1156//1156 1154//1154 1140//1140
f 1148//1148 1156//1156 1140//1140
f 1157//1157 1121//1121 1120//1120
f 1155//1155 1157//1157 1120//1120
f 1158//1158 1148//1148 1149//1149
f 1159//1159 1158//1158 1149//1149
f 1150//1150 1159//1159 1149//1149
f 1160//1160 1156//1156 1148//1148
f 1158//1158 1160//1160 1148//1148
f 1161//1161 1117//1117 1121//1121
f 1162//1162 1161//1161 1121//1121
f 1157//1157 1162//1162 1121//1121
f 1163//1163 1164//1164 1158//1158
f 1159//1159 1163//1163 1158//1158
f 1165//1165 1160//1160 1158//1158
f 1164//1164 1165//1165 1158//1158
f 1150//1150 1166//1166 1159//1159
f 1167//1167 1163//1163 1159//1159
f 1168//1168 1167//1167 1159//1159
f 1166//1166 1168//1168 1159//1159
f 1169//1169 498//498 1163//1163
f 498//498 1096//1096 1163//1163
f 1096//1096 1164//1164 1163//1163
f 1167//1167 1169//1169 1163//1163
f 1170//1170 497//497 498//498
f 1169//1169 1171//1171 498//498
f 1171//1171 1172//1172 498//498
f 1172//1172 1173//1173 498//498
f 1173//1173 1174//1174 498//498
f 1174//1174 1170//1170 498//498
f 1175//1175 1117//1117 1161//1161
f 1162//1162 1176//1176 1161//1161
f 1176//1176 1175//1175 1161//1161
f 1096//1096 1177//1177 1164//1164
f 1178//1178 1165//1165 1164//1164
f 1177//1177 1178//1178 1164//1164
f 1179//1179 1117//1117 1175//1175
f 1180//1180 1179//1179 1175//1175
f 1176//1176 1180//1180 1175//1175
f 1096//1096 1181//1181 1177//1177
f 1182//1182 1178//1178 1177//1177
f 1181//1181 1182//1182 1177//1177
f 1183//1183 1117//1117 1179//1179
f 1184//1184 1183//1183 1179//1179
f 1180//1180 1184//1184 1179//1179
f 1117//1117 1183//1183 1181//1181
f 1096//1096 1117//1117 1181//1181
f 1185//1185 1182//1182 1181//1181
f 1183//1183 1185//1185 1181//1181
f 1184//1184 1185//1185 1183//1183
f 1186//1186 1118//1118 1117//1117
f 1096//1096 1186//1186 1117//1117
f 1095//1095 1187//1187 1096//1096
f 1188//1188 1186//1186 1096//1096
f 1187//1187 1188//1188 1096//1096
f 1122//1122 1099//1099 1123//1123
f 1189//1189 1127//1127 1123//1123
f 1099//1099 1190//1190 1123//1123
f 1190//1190 1191//1191 1123//1123
f 1191//1191 1189//1189 1123//1123
f 1122//1122 1192//1192 1099//1099
f 1192//1192 1193//1193 1099//1099
f 1193//1193 1194//1194 1099//1099
f 1194//1194 1097//1097 1099//1099
f 1195//1195 1196//1196 1099//1099
f 1196//1196 1190//1190 1099//1099
f 516//516 1197//1197 1099//1099
f 1197//1197 1198//1198 1099//1099
f 1198//1198 1195//1195 1099//1099
f 1199//1199 1191//1191 1190//1190
f 1200//1200 1199//1199 1190//1190
f 1196//1196 1200//1200 1190//1190
f 1201//1201 1189//1189 1191//1191
f 1199//1199 1201//1201 1191//1191
f 1202//1202 1200//1200 1196//1196
f 1195//1195 1202//1202 1196//1196
f 1203//1203 1127//1127 1189//1189
f 1201//1201 1203//1203 1189//1189
f 1204//1204 1202//1202 1195//1195
f 1198//1198 1204//1204 1195//1195
f 1205//1205 1128//1128 1127//1127
f 1203//1203 1205//1205 1127//1127
f 1197//1197 1206//1206 1198//1198
f 1207//1207 1204//1204 1198//1198
f 1206//1206 1207//1207 1198//1198
f 1208//1208 1209//1209 1197//1197
f 516//516 1208//1208 1197//1197
f 1210//1210 1206//1206 1197//1197
f 1209//1209 1210//1210 1197//1197
f 1211//1211 1212//1212 516//516
f 1212//1212 1213//1213 516//516
f 773//773 1211//1211 516//516
f 1214//1214 1208//1208 516//516
f 1213//1213 1214//1214 516//516
f 1215//1215 1206//1206 1210//1210
f 1209//1209 1216//1216 1210//1210
f 1217//1217 1215//1215 1210//1210
f 1218//1218 1217//1217 1210//1210
f 1216//1216 1218//1218 1210//1210
f 1219//1219 1129//1129 1128//1128
f 1205//1205 1219//1219 1128//1128
f 1215//1215 1220//1220 1206//1206
f 1221//1221 1207//1207 1206//1206
f 1220//1220 1221//1221 1206//1206
f 1222//1222 1126//1126 1129//1129
f 1219//1219 1223//1223 1129//1129
f 1223//1223 1222//1222 1129//1129
f 1224//1224 1220//1220 1215//1215
f 1225//1225 1224//1224 1215//1215
f 1217//1217 1225//1225 1215//1215
f 1224//1224 1226//1226 1220//1220
f 1227//1227 1221//1221 1220//1220
f 1226//1226 1227//1227 1220//1220
f 1228//1228 1229//1229 1222//1222
f 1229//1229 1131//1131 1222//1222
f 1131//1131 1126//1126 1222//1222
f 1230//1230 1228//1228 1222//1222
f 1223//1223 1230//1230 1222//1222
f 1224//1224 1231//1231 1226//1226
f 1231//1231 1232//1232 1226//1226
f 1233//1233 1227//1227 1226//1226
f 1232//1232 1233//1233 1226//1226
f 1234//1234 1235//1235 1228//1228
f 1235//1235 1229//1229 1228//1228
f 1236//1236 1234//1234 1228//1228
f 1230//1230 1236//1236 1228//1228
f 1231//1231 1237//1237 1232//1232
f 1237//1237 1234//1234 1232//1232
f 1238//1238 1233//1233 1232//1232
f 1234//1234 1238//1238 1232//1232
f 1237//1237 1235//1235 1234//1234
f 1236//1236 1238//1238 1234//1234
f 1239//1239 1130//1130 1131//1131
f 1229//1229 1239//1239 1131//1131
f 1240//1240 1231//1231 1224//1224
f 1241//1241 1240//1240 1224//1224
f 1225//1225 1241//1241 1224//1224
f 1242//1242 1239//1239 1229//1229
f 1235//1235 1242//1242 1229//1229
f 1243//1243 1237//1237 1231//1231
f 1240//1240 1243//1243 1231//1231
f 1244//1244 1242//1242 1235//1235
f 1237//1237 1244//1244 1235//1235
f 1245//1245 1244//1244 1237//1237
f 1243//1243 1245//1245 1237//1237
f 595//595 547//547 546//546
f 548//548 649//649 545//545
f 1075//1075 653//653 1076//1076
f 653//653 655//655 1076//1076
f 1246//1246 1153//1153 1151//1151
f 1247//1247 1246//1246 1151//1151
f 1152//1152 1247//1247 1151//1151
f 1248//1248 1155//1155 1153//1153
f 1246//1246 1248//1248 1153//1153
f 1249//1249 1247//1247 1152//1152
f 1154//1154 1249//1249 1152//1152
f 1250//1250 1157//1157 1155//1155
f 1248//1248 1250//1250 1155//1155
f 1251//1251 1249//1249 1154//1154
f 1156//1156 1251//1251 1154//1154
f 1252//1252 1162//1162 1157//1157
f 1250//1250 1252//1252 1157//1157
f 1253//1253 1251//1251 1156//1156
f 1160//1160 1253//1253 1156//1156
f 1254//1254 1176//1176 1162//1162
f 1252//1252 1254//1254 1162//1162
f 1255//1255 1253//1253 1160//1160
f 1165//1165 1255//1255 1160//1160
f 1254//1254 1256//1256 1176//1176
f 1256//1256 1180//1180 1176//1176
f 1257//1257 1255//1255 1165//1165
f 1178//1178 1257//1257 1165//1165
f 1258//1258 1184//1184 1180//1180
f 1256//1256 1258//1258 1180//1180
f 1259//1259 1257//1257 1178//1178
f 1182//1182 1259//1259 1178//1178
f 1260//1260 1185//1185 1184//1184
f 1258//1258 1260//1260 1184//1184
f 1261//1261 1259//1259 1182//1182
f 1185//1185 1261//1261 1182//1182
f 1260//1260 1261//1261 1185//1185
f 1262//1262 1201//1201 1199//1199
f 1263//1263 1262//1262 1199//1199
f 1200//1200 1263//1263 1199//1199
f 1264//1264 1203//1203 1201//1201
f 1262//1262 1264//1264 1201//1201
f 1265//1265 1263//1263 1200//1200
f 1202//1202 1265//1265 1200//1200
f 1266//1266 1205//1205 1203//1203
f 1264//1264 1266//1266 1203//1203
f 1267//1267 1265//1265 1202//1202
f 1204//1204 1267//1267 1202//1202
f 1268//1268 1219//1219 1205//1205
f 1266//1266 1268//1268 1205//1205
f 1269//1269 1267//1267 1204//1204
f 1207//1207 1269//1269 1204//1204
f 1270//1270 1223//1223 1219//1219
f 1268//1268 1270//1270 1219//1219
f 1271//1271 1269//1269 1207//1207
f 1221//1221 1271//1271 1207//1207
f 1270//1270 1272//1272 1223//1223
f 1272//1272 1230//1230 1223//1223
f 1273//1273 1271//1271 1221//1221
f 1227//1227 1273//1273 1221//1221
f 1274//1274 1236//1236 1230//1230
f 1272//1272 1274//1274 1230//1230
f 1275//1275 1273//1273 1227//1227
f 1233//1233 1275//1275 1227//1227
f 1276//1276 1238//1238 1236//1236
f 1274//1274 1276//1276 1236//1236
f 1277//1277 1275//1275 1233//1233
f 1238//1238 1277//1277 1233//1233
f 1276//1276 1277//1277 1238//1238
f 654//654 1111//1111 1109//1109
f 1111//1111 1110//1110 1109//1109
f 1075//1075 1111//1111 654//654
f 653//653 1075//1075 654//654
f 595//595 560//560 547//547
f 560//560 559//559 547//547
f 559//559 561//561 547//547
f 549//549 649//649 548//548
f 563//563 649//649 549//549
f 595//595 562//562 560//560
f 590//590 649//649 563//563
f 595//595 588//588 562//562
f 589//589 649//649 590//590
f 598//598 649//649 589//589
f 599//599 649//649 598//598
f 623//623 649//649 599//599
f 624//624 649//649 623//623
f 644//644 649//649 624//624
f 650//650 649//649 644//644
f 645//645 650//650 644//644
f 689//689 739//739 661//661
f 688//688 739//739 689//689
f 690//690 739//739 688//688
f 742//742 739//739 690//690
f 877//877 760//760 756//756
f 757//757 877//877 756//756
f 759//759 963//963 758//758
f 963//963 761//761 758//758
f 742//742 743//743 739//739
f 743//743 740//740 739//739
f 777//777 769//769 760//760
f 877//877 777//777 760//760
f 963//963 918//918 761//761
f 918//918 919//919 761//761
f 919//919 882//882 761//761
f 882//882 881//881 761//761
f 881//881 832//832 761//761
f 779//779 771//771 761//761
f 832//832 779//779 761//761
f 770//770 877//877 757//757
f 772//772 780//780 759//759
f 780//780 963//963 759//759
f 778//778 877//877 770//770
f 828//828 818//818 777//777
f 877//877 828//828 777//777
f 832//832 820//820 779//779
f 819//819 877//877 778//778
f 821//821 963//963 780//780
f 828//828 829//829 818//818
f 832//832 833//833 820//820
f 830//830 877//877 819//819
f 834//834 963//963 821//821
f 743//743 799//799 740//740
f 860//860 857//857 743//743
f 857//857 799//799 743//743
f 831//831 877//877 830//830
f 835//835 963//963 834//834
f 878//878 877//877 831//831
f 879//879 878//878 831//831
f 991//991 963//963 835//835
f 992//992 991//991 835//835
f 883//883 992//992 835//835
f 880//880 878//878 879//879
f 860//860 854//854 857//857
f 859//859 854//854 860//860
f 884//884 992//992 883//883
f 913//913 917//917 880//880
f 917//917 962//962 880//880
f 988//988 966//966 880//880
f 966//966 961//961 880//880
f 961//961 915//915 880//880
f 989//989 988//988 880//880
f 967//967 989//989 880//880
f 962//962 967//967 880//880
f 916//916 878//878 880//880
f 915//915 916//916 880//880
f 964//964 992//992 884//884
f 920//920 964//964 884//884
f 914//914 920//920 884//884
f 858//858 854//854 859//859
f 861//861 855//855 854//854
f 858//858 861//861 854//854
f 861//861 856//856 855//855
f 991//991 968//968 963//963
f 969//969 992//992 964//964
f 989//989 990//990 988//988
f 992//992 993//993 991//991
f 1028//1028 978//978 861//861
f 978//978 979//979 861//861
f 979//979 856//856 861//861
f 980//980 1026//1026 861//861
f 1026//1026 1027//1027 861//861
f 1027//1027 1028//1028 861//861
f 982//982 1026//1026 980//980
f 981//981 1026//1026 982//982
f 1030//1030 1026//1026 981//981
f 1029//1029 1026//1026 1030//1030
f 1093//1093 1083//1083 1029//1029
f 1041//1041 1026//1026 1029//1029
f 1048//1048 1041//1041 1029//1029
f 1042//1042 1095//1095 1029//1029
f 1095//1095 1094//1094 1029//1029
f 1094//1094 1093//1093 1029//1029
f 1058//1058 1048//1048 1029//1029
f 1082//1082 1058//1058 1029//1029
f 1083//1083 1082//1082 1029//1029
f 1048//1048 1047//1047 1041//1041
f 1043//1043 1095//1095 1042//1042
f 1044//1044 1095//1095 1043//1043
f 1058//1058 1059//1059 1048//1048
f 1049//1049 1095//1095 1044//1044
f 1060//1060 1095//1095 1049//1049
f 1061//1061 1095//1095 1060//1060
f 1086//1086 1095//1095 1061//1061
f 1087//1087 1095//1095 1086//1086
f 1098//1098 1095//1095 1087//1087
f 1097//1097 1095//1095 1098//1098
f 1170//1170 890//890 497//497
f 1097//1097 1187//1187 1095//1095
f 1194//1194 1187//1187 1097//1097
f 926//926 1211//1211 773//773
f 1170//1170 1278//1278 890//890
f 1278//1278 1031//1031 890//890
f 1033//1033 1279//1279 926//926
f 1279//1279 1211//1211 926//926
f 1035//1035 1280//1280 1033//1033
f 1280//1280 1279//1279 1033//1033
f 1278//1278 1032//1032 1031//1031
f 1034//1034 1280//1280 1035//1035
f 1068//1068 1281//1281 1034//1034
f 1281//1281 1280//1280 1034//1034
f 1282//1282 1070//1070 1032//1032
f 1278//1278 1282//1282 1032//1032
f 1174//1174 1278//1278 1170//1170
f 1279//1279 1283//1283 1211//1211
f 1283//1283 1212//1212 1211//1211
f 1067//1067 1281//1281 1068//1068
f 1284//1284 1071//1071 1070//1070
f 1282//1282 1284//1284 1070//1070
f 1092//1092 1285//1285 1067//1067
f 1285//1285 1281//1281 1067//1067
f 1284//1284 1079//1079 1071//1071
f 1286//1286 1285//1285 1079//1079
f 1285//1285 1092//1092 1079//1079
f 1284//1284 1286//1286 1079//1079
f 1280//1280 1287//1287 1279//1279
f 1287//1287 1283//1283 1279//1279
f 1174//1174 1288//1288 1278//1278
f 1288//1288 1282//1282 1278//1278
f 1194//1194 1188//1188 1187//1187
f 1193//1193 1188//1188 1194//1194
f 1173//1173 1288//1288 1174//1174
f 1283//1283 1289//1289 1212//1212
f 1289//1289 1213//1213 1212//1212
f 1281//1281 1290//1290 1280//1280
f 1290//1290 1287//1287 1280//1280
f 1288//1288 1291//1291 1282//1282
f 1291//1291 1284//1284 1282//1282
f 1285//1285 1292//1292 1281//1281
f 1292//1292 1290//1290 1281//1281
f 1291//1291 1293//1293 1284//1284
f 1293//1293 1294//1294 1284//1284
f 1294//1294 1295//1295 1284//1284
f 1295//1295 1286//1286 1284//1284
f 1295//1295 1292//1292 1286//1286
f 1292//1292 1285//1285 1286//1286
f 1287//1287 1296//1296 1283//1283
f 1296//1296 1289//1289 1283//1283
f 1297//1297 1291//1291 1288//1288
f 1173//1173 1297//1297 1288//1288
f 1172//1172 1297//1297 1173//1173
f 1289//1289 1298//1298 1213//1213
f 1298//1298 1214//1214 1213//1213
f 1294//1294 1299//1299 1295//1295
f 1299//1299 1292//1292 1295//1295
f 1299//1299 1290//1290 1292//1292
f 1193//1193 1186//1186 1188//1188
f 1192//1192 1186//1186 1193//1193
f 1290//1290 1300//1300 1287//1287
f 1300//1300 1296//1296 1287//1287
f 1301//1301 1293//1293 1291//1291
f 1297//1297 1301//1301 1291//1291
f 1171//1171 1302//1302 1172//1172
f 1302//1302 1297//1297 1172//1172
f 1298//1298 1303//1303 1214//1214
f 1303//1303 1208//1208 1214//1214
f 1113//1113 1304//1304 1115//1115
f 1304//1304 1305//1305 1115//1115
f 1305//1305 1144//1144 1115//1115
f 1119//1119 1306//1306 1113//1113
f 1306//1306 1304//1304 1113//1113
f 1118//1118 1307//1307 1119//1119
f 1307//1307 1306//1306 1119//1119
f 1122//1122 1308//1308 1118//1118
f 1308//1308 1307//1307 1118//1118
f 1186//1186 1122//1122 1118//1118
f 1309//1309 1308//1308 1122//1122
f 1125//1125 1309//1309 1122//1122
f 1186//1186 1192//1192 1122//1122
f 1130//1130 1309//1309 1125//1125
f 1239//1239 1310//1310 1130//1130
f 1310//1310 1309//1309 1130//1130
f 1242//1242 1311//1311 1239//1239
f 1311//1311 1310//1310 1239//1239
f 1312//1312 1139//1139 1138//1138
f 1313//1313 1312//1312 1138//1138
f 1144//1144 1313//1313 1138//1138
f 1305//1305 1313//1313 1144//1144
f 1252//1252 1250//1250 1254//1254
f 1250//1250 1248//1248 1254//1254
f 1248//1248 1256//1256 1254//1254
f 1266//1266 1270//1270 1268//1268
f 1266//1266 1264//1264 1270//1270
f 1264//1264 1272//1272 1270//1270
f 1244//1244 1314//1314 1242//1242
f 1314//1314 1311//1311 1242//1242
f 1315//1315 1314//1314 1244//1244
f 1245//1245 1316//1316 1244//1244
f 1316//1316 1315//1315 1244//1244
f 1261//1261 1248//1248 1246//1246
f 1259//1259 1261//1261 1246//1246
f 1247//1247 1259//1259 1246//1246
f 1260//1260 1258//1258 1248//1248
f 1261//1261 1260//1260 1248//1248
f 1258//1258 1256//1256 1248//1248
f 1249//1249 1259//1259 1247//1247
f 1253//1253 1259//1259 1251//1251
f 1259//1259 1249//1249 1251//1251
f 1253//1253 1257//1257 1259//1259
f 1277//1277 1264//1264 1262//1262
f 1275//1275 1277//1277 1262//1262
f 1263//1263 1275//1275 1262//1262
f 1276//1276 1274//1274 1264//1264
f 1277//1277 1276//1276 1264//1264
f 1274//1274 1272//1272 1264//1264
f 1265//1265 1275//1275 1263//1263
f 1269//1269 1275//1275 1267//1267
f 1275//1275 1265//1265 1267//1267
f 1269//1269 1273//1273 1275//1275
f 1255//1255 1257//1257 1253//1253
f 1271//1271 1273//1273 1269//1269
f 1312//1312 1142//1142 1139//1139
f 1312//1312 1317//1317 1142//1142
f 1317//1317 1147//1147 1142//1142
f 1317//1317 1146//1146 1147//1147
f 1318//1318 1319//1319 1146//1146
f 1319//1319 1150//1150 1146//1146
f 1320//1320 1321//1321 1146//1146
f 1317//1317 1320//1320 1146//1146
f 1321//1321 1318//1318 1146//1146
f 1322//1322 1323//1323 1241//1241
f 1323//1323 1240//1240 1241//1241
f 1324//1324 1322//1322 1241//1241
f 1325//1325 1324//1324 1241//1241
f 1225//1225 1326//1326 1241//1241
f 1326//1326 1325//1325 1241//1241
f 1323//1323 1243//1243 1240//1240
f 1316//1316 1245//1245 1243//1243
f 1323//1323 1316//1316 1243//1243
f 1327//1327 1166//1166 1150//1150
f 1319//1319 1327//1327 1150//1150
f 1327//1327 1168//1168 1166//1166
f 1327//1327 1328//1328 1168//1168
f 1328//1328 1167//1167 1168//1168
f 1328//1328 1329//1329 1167//1167
f 1329//1329 1169//1169 1167//1167
f 1330//1330 1218//1218 1216//1216
f 1209//1209 1330//1330 1216//1216
f 1330//1330 1217//1217 1218//1218
f 1330//1330 1331//1331 1217//1217
f 1326//1326 1225//1225 1217//1217
f 1331//1331 1326//1326 1217//1217
f 1332//1332 1171//1171 1169//1169
f 1329//1329 1332//1332 1169//1169
f 1333//1333 1330//1330 1209//1209
f 1208//1208 1333//1333 1209//1209
f 1303//1303 1333//1333 1208//1208
f 1332//1332 1302//1302 1171//1171
f 1334//1334 1315//1315 1316//1316
f 1335//1335 1334//1334 1316//1316
f 1323//1323 1335//1335 1316//1316
f 1336//1336 1337//1337 1312//1312
f 1337//1337 1317//1317 1312//1312
f 1313//1313 1336//1336 1312//1312
f 1296//1296 1338//1338 1289//1289
f 1338//1338 1298//1298 1289//1289
f 1302//1302 1301//1301 1297//1297
f 1299//1299 1300//1300 1290//1290
f 1339//1339 1294//1294 1293//1293
f 1340//1340 1339//1339 1293//1293
f 1301//1301 1340//1340 1293//1293
f 1337//1337 1341//1341 1317//1317
f 1341//1341 1320//1320 1317//1317
f 1322//1322 1335//1335 1323//1323
f 1339//1339 1342//1342 1294//1294
f 1342//1342 1299//1299 1294//1294
f 1342//1342 1300//1300 1299//1299
f 1336//1336 1341//1341 1337//1337
f 1343//1343 1334//1334 1335//1335
f 1344//1344 1343//1343 1335//1335
f 1322//1322 1344//1344 1335//1335
f 1341//1341 1345//1345 1320//1320
f 1345//1345 1321//1321 1320//1320
f 1324//1324 1344//1344 1322//1322
f 1346//1346 1341//1341 1336//1336
f 1313//1313 1346//1346 1336//1336
f 1347//1347 1315//1315 1334//1334
f 1343//1343 1347//1347 1334//1334
f 1348//1348 1303//1303 1298//1298
f 1338//1338 1349//1349 1298//1298
f 1349//1349 1348//1348 1298//1298
f 1350//1350 1301//1301 1302//1302
f 1332//1332 1351//1351 1302//1302
f 1351//1351 1350//1350 1302//1302
f 1300//1300 1352//1352 1296//1296
f 1352//1352 1338//1338 1296//1296
f 1350//1350 1340//1340 1301//1301
f 1345//1345 1353//1353 1321//1321
f 1353//1353 1354//1354 1321//1321
f 1354//1354 1318//1318 1321//1321
f 1325//1325 1355//1355 1324//1324
f 1355//1355 1356//1356 1324//1324
f 1357//1357 1344//1344 1324//1324
f 1356//1356 1357//1357 1324//1324
f 1358//1358 1333//1333 1303//1303
f 1348//1348 1358//1358 1303//1303
f 1354//1354 1359//1359 1318//1318
f 1359//1359 1319//1319 1318//1318
f 1359//1359 1327//1327 1319//1319
f 1328//1328 1360//1360 1329//1329
f 1351//1351 1332//1332 1329//1329
f 1360//1360 1351//1351 1329//1329
f 1326//1326 1355//1355 1325//1325
f 1307//1307 1308//1308 1306//1306
f 1308//1308 1361//1361 1306//1306
f 1361//1361 1362//1362 1306//1306
f 1362//1362 1304//1304 1306//1306
f 1363//1363 1308//1308 1309//1309
f 1310//1310 1363//1363 1309//1309
f 1311//1311 1364//1364 1310//1310
f 1364//1364 1363//1363 1310//1310
f 1304//1304 1365//1365 1305//1305
f 1365//1365 1366//1366 1305//1305
f 1366//1366 1313//1313 1305//1305
f 1362//1362 1365//1365 1304//1304
f 1314//1314 1367//1367 1311//1311
f 1367//1367 1364//1364 1311//1311
f 1315//1315 1347//1347 1314//1314
f 1347//1347 1368//1368 1314//1314
f 1368//1368 1367//1367 1314//1314
f 1366//1366 1346//1346 1313//1313
f 1369//1369 1330//1330 1333//1333
f 1358//1358 1369//1369 1333//1333
f 1369//1369 1370//1370 1330//1330
f 1370//1370 1331//1331 1330//1330
f 1371//1371 1326//1326 1331//1331
f 1370//1370 1371//1371 1331//1331
f 1371//1371 1355//1355 1326//1326
f 1372//1372 1350//1350 1351//1351
f 1360//1360 1372//1372 1351//1351
f 1373//1373 1358//1358 1348//1348
f 1349//1349 1373//1373 1348//1348
f 1374//1374 1375//1375 1366//1366
f 1375//1375 1346//1346 1366//1366
f 1365//1365 1374//1374 1366//1366
f 1376//1376 1368//1368 1347//1347
f 1343//1343 1376//1376 1347//1347
f 1373//1373 1369//1369 1358//1358
f 1375//1375 1341//1341 1346//1346
f 1353//1353 1377//1377 1354//1354
f 1377//1377 1359//1359 1354//1354
f 1371//1371 1356//1356 1355//1355
f 1378//1378 1376//1376 1343//1343
f 1344//1344 1378//1378 1343//1343
f 1379//1379 1327//1327 1359//1359
f 1377//1377 1379//1379 1359//1359
f 1379//1379 1380//1380 1327//1327
f 1380//1380 1328//1328 1327//1327
f 1380//1380 1381//1381 1328//1328
f 1381//1381 1360//1360 1328//1328
f 1381//1381 1372//1372 1360//1360
f 1382//1382 1383//1383 1339//1339
f 1383//1383 1342//1342 1339//1339
f 1340//1340 1382//1382 1339//1339
f 1383//1383 1300//1300 1342//1342
f 1363//1363 1384//1384 1308//1308
f 1384//1384 1361//1361 1308//1308
f 1385//1385 1384//1384 1363//1363
f 1364//1364 1385//1385 1363//1363
f 1375//1375 1345//1345 1341//1341
f 1386//1386 1378//1378 1344//1344
f 1357//1357 1386//1386 1344//1344
f 1383//1383 1352//1352 1300//1300
f 1387//1387 1382//1382 1340//1340
f 1388//1388 1387//1387 1340//1340
f 1350//1350 1388//1388 1340//1340
f 1389//1389 1345//1345 1375//1375
f 1374//1374 1389//1389 1375//1375
f 1390//1390 1376//1376 1378//1378
f 1386//1386 1390//1390 1378//1378
f 1391//1391 1349//1349 1338//1338
f 1352//1352 1392//1392 1338//1338
f 1392//1392 1391//1391 1338//1338
f 1372//1372 1388//1388 1350//1350
f 1387//1387 1393//1393 1382//1382
f 1393//1393 1383//1383 1382//1382
f 1393//1393 1352//1352 1383//1383
f 1394//1394 1395//1395 1345//1345
f 1389//1389 1394//1394 1345//1345
f 1396//1396 1353//1353 1345//1345
f 1397//1397 1396//1396 1345//1345
f 1395//1395 1397//1397 1345//1345
f 1398//1398 1386//1386 1357//1357
f 1399//1399 1398//1398 1357//1357
f 1400//1400 1399//1399 1357//1357
f 1401//1401 1400//1400 1357//1357
f 1356//1356 1401//1401 1357//1357
f 1402//1402 1373//1373 1349//1349
f 1391//1391 1402//1402 1349//1349
f 1396//1396 1403//1403 1353//1353
f 1403//1403 1377//1377 1353//1353
f 1371//1371 1401//1401 1356//1356
f 1403//1403 1379//1379 1377//1377
f 1380//1380 1404//1404 1381//1381
f 1404//1404 1372//1372 1381//1381
f 1384//1384 1405//1405 1361//1361
f 1405//1405 1406//1406 1361//1361
f 1406//1406 1407//1407 1361//1361
f 1407//1407 1362//1362 1361//1361
f 1385//1385 1405//1405 1384//1384
f 1408//1408 1405//1405 1385//1385
f 1364//1364 1408//1408 1385//1385
f 1367//1367 1409//1409 1364//1364
f 1409//1409 1410//1410 1364//1364
f 1410//1410 1408//1408 1364//1364
f 1362//1362 1411//1411 1365//1365
f 1411//1411 1412//1412 1365//1365
f 1412//1412 1374//1374 1365//1365
f 1407//1407 1411//1411 1362//1362
f 1368//1368 1413//1413 1367//1367
f 1413//1413 1409//1409 1367//1367
f 1376//1376 1390//1390 1368//1368
f 1390//1390 1414//1414 1368//1368
f 1414//1414 1413//1413 1368//1368
f 1412//1412 1389//1389 1374//1374
f 1402//1402 1369//1369 1373//1373
f 1415//1415 1416//1416 1369//1369
f 1416//1416 1370//1370 1369//1369
f 1402//1402 1415//1415 1369//1369
f 1417//1417 1371//1371 1370//1370
f 1416//1416 1417//1417 1370//1370
f 1417//1417 1401//1401 1371//1371
f 1404//1404 1418//1418 1372//1372
f 1418//1418 1388//1388 1372//1372
f 1419//1419 1402//1402 1391//1391
f 1392//1392 1419//1419 1391//1391
f 1420//1420 1394//1394 1412//1412
f 1394//1394 1389//1389 1412//1412
f 1411//1411 1420//1420 1412//1412
f 1421//1421 1414//1414 1390//1390
f 1386//1386 1421//1421 1390//1390
f 1419//1419 1415//1415 1402//1402
f 1398//1398 1421//1421 1386//1386
f 1397//1397 1422//1422 1396//1396
f 1422//1422 1403//1403 1396//1396
f 1417//1417 1400//1400 1401//1401
f 1423//1423 1379//1379 1403//1403
f 1422//1422 1423//1423 1403//1403
f 1423//1423 1424//1424 1379//1379
f 1424//1424 1380//1380 1379//1379
f 1425//1425 1426//1426 1380//1380
f 1424//1424 1425//1425 1380//1380
f 1426//1426 1404//1404 1380//1380
f 1426//1426 1418//1418 1404//1404
f 1427//1427 1395//1395 1394//1394
f 1420//1420 1427//1427 1394//1394
f 1428//1428 1421//1421 1398//1398
f 1399//1399 1428//1428 1398//1398
f 1393//1393 1429//1429 1352//1352
f 1429//1429 1430//1430 1352//1352
f 1430//1430 1431//1431 1352//1352
f 1431//1431 1392//1392 1352//1352
f 1432//1432 1387//1387 1388//1388
f 1418//1418 1432//1432 1388//1388
f 1432//1432 1429//1429 1387//1387
f 1429//1429 1393//1393 1387//1387
f 1433//1433 1395//1395 1427//1427
f 1434//1434 1433//1433 1427//1427
f 1420//1420 1434//1434 1427//1427
f 1435//1435 1436//1436 1428//1428
f 1436//1436 1421//1421 1428//1428
f 1437//1437 1435//1435 1428//1428
f 1399//1399 1437//1437 1428//1428
f 1408//1408 1438//1438 1405//1405
f 1438//1438 1406//1406 1405//1405
f 1410//1410 1438//1438 1408//1408
f 1433//1433 1397//1397 1395//1395
f 1400//1400 1437//1437 1399//1399
f 1439//1439 1430//1430 1432//1432
f 1430//1430 1429//1429 1432//1432
f 1418//1418 1440//1440 1432//1432
f 1440//1440 1439//1439 1432//1432
f 1417//1417 1437//1437 1400//1400
f 1441//1441 1419//1419 1392//1392
f 1431//1431 1441//1441 1392//1392
f 1406//1406 1442//1442 1407//1407
f 1442//1442 1411//1411 1407//1407
f 1438//1438 1442//1442 1406//1406
f 1410//1410 1442//1442 1438//1438
f 1443//1443 1442//1442 1410//1410
f 1409//1409 1443//1443 1410//1410
f 1413//1413 1443//1443 1409//1409
f 1414//1414 1443//1443 1413//1413
f 1421//1421 1436//1436 1414//1414
f 1436//1436 1443//1443 1414//1414
f 1444//1444 1434//1434 1420//1420
f 1411//1411 1444//1444 1420//1420
f 1442//1442 1444//1444 1411//1411
f 1441//1441 1415//1415 1419//1419
f 1445//1445 1416//1416 1415//1415
f 1446//1446 1445//1445 1415//1415
f 1441//1441 1446//1446 1415//1415
f 1445//1445 1417//1417 1416//1416
f 1445//1445 1447//1447 1417//1417
f 1447//1447 1448//1448 1417//1417
f 1448//1448 1437//1437 1417//1417
f 1426//1426 1440//1440 1418//1418
f 1426//1426 1439//1439 1440//1440
f 1449//1449 1441//1441 1431//1431
f 1430//1430 1449//1449 1431//1431
f 1442//1442 1450//1450 1444//1444
f 1450//1450 1434//1434 1444//1444
f 1435//1435 1443//1443 1436//1436
f 1449//1449 1446//1446 1441//1441
f 1433//1433 1451//1451 1397//1397
f 1451//1451 1422//1422 1397//1397
f 1451//1451 1423//1423 1422//1422
f 1425//1425 1439//1439 1426//1426
f 1450//1450 1433//1433 1434//1434
f 1448//1448 1443//1443 1435//1435
f 1437//1437 1448//1448 1435//1435
f 1450//1450 1452//1452 1433//1433
f 1452//1452 1451//1451 1433//1433
f 1452//1452 1453//1453 1451//1451
f 1453//1453 1423//1423 1451//1451
f 1453//1453 1454//1454 1423//1423
f 1454//1454 1424//1424 1423//1423
f 1454//1454 1425//1425 1424//1424
f 1454//1454 1455//1455 1425//1425
f 1455//1455 1439//1439 1425//1425
f 1445//1445 1446//1446 1442//1442
f 1443//1443 1448//1448 1442//1442
f 1448//1448 1447//1447 1442//1442
f 1447//1447 1445//1445 1442//1442
f 1452//1452 1450//1450 1442//1442
f 1446//1446 1452//1452 1442//1442
f 1446//1446 1453//1453 1452//1452
f 1449//1449 1439//1439 1455//1455
f 1446//1446 1449//1449 1455//1455
f 1454//1454 1446//1446 1455//1455
f 1446//1446 1454//1454 1453//1453
f 1430//1430 1439//1439 1449//1449
f 1456//1456 222//222 168//168
f 1457//1457 1456//1456 168//168
f 1458//1458 1459//1459 168//168
f 1459//1459 1460//1460 168//168
f 1460//1460 1461//1461 168//168
f 1461//1461 1457//1457 168//168
f 172//172 1462//1462 168//168
f 1462//1462 1463//1463 168//168
f 1463//1463 1464//1464 168//168
f 1464//1464 1465//1465 168//168
f 1465//1465 1466//1466 168//168
f 1466//1466 1458//1458 168//168
f 222//222 172//172 168//168
f 1467//1467 1468//1468 172//172
f 1468//1468 1469//1469 172//172
f 1469//1469 1470//1470 172//172
f 1470//1470 1471//1471 172//172
f 1471//1471 1462//1462 172//172
f 222//222 232//232 172//172
f 232//232 1467//1467 172//172
f 1466//1466 1472//1472 1458//1458
f 1472//1472 1473//1473 1458//1458
f 1473//1473 1474//1474 1458//1458
f 1474//1474 1459//1459 1458//1458
f 1471//1471 1475//1475 1462//1462
f 1475//1475 1476//1476 1462//1462
f 1476//1476 1477//1477 1462//1462
f 1477//1477 1463//1463 1462//1462
f 1465//1465 1478//1478 1466//1466
f 1478//1478 1479//1479 1466//1466
f 1479//1479 1480//1480 1466//1466
f 1480//1480 1472//1472 1466//1466
f 1470//1470 1481//1481 1471//1471
f 1481//1481 1482//1482 1471//1471
f 1482//1482 1483//1483 1471//1471
f 1483//1483 1475//1475 1471//1471
f 1474//1474 1484//1484 1459//1459
f 1484//1484 1485//1485 1459//1459
f 1485//1485 1460//1460 1459//1459
f 1477//1477 1486//1486 1463//1463
f 1486//1486 1487//1487 1463//1463
f 1487//1487 1464//1464 1463//1463
f 1464//1464 1488//1488 1465//1465
f 1488//1488 1489//1489 1465//1465
f 1489//1489 1490//1490 1465//1465
f 1490//1490 1478//1478 1465//1465
f 1469//1469 1491//1491 1470//1470
f 1491//1491 1492//1492 1470//1470
f 1492//1492 1481//1481 1470//1470
f 1493//1493 1461//1461 1460//1460
f 1494//1494 1493//1493 1460//1460
f 1485//1485 1494//1494 1460//1460
f 1495//1495 1496//1496 1464//1464
f 1496//1496 1488//1488 1464//1464
f 1497//1497 1495//1495 1464//1464
f 1498//1498 1497//1497 1464//1464
f 1487//1487 1498//1498 1464//1464
f 1496//1496 1499//1499 1488//1488
f 1499//1499 1489//1489 1488//1488
f 1468//1468 1500//1500 1469//1469
f 1500//1500 1491//1491 1469//1469
f 1501//1501 232//232 222//222
f 1502//1502 1501//1501 222//222
f 1503//1503 1502//1502 222//222
f 1456//1456 1504//1504 222//222
f 1504//1504 1505//1505 222//222
f 1505//1505 1503//1503 222//222
f 1506//1506 1467//1467 232//232
f 1507//1507 1508//1508 232//232
f 1501//1501 1509//1509 232//232
f 1508//1508 1510//1510 232//232
f 1510//1510 1511//1511 232//232
f 1511//1511 1506//1506 232//232
f 1509//1509 1512//1512 232//232
f 1512//1512 1513//1513 232//232
f 1513//1513 1507//1507 232//232
f 1514//1514 1457//1457 1461//1461
f 1515//1515 1516//1516 1461//1461
f 1516//1516 1514//1514 1461//1461
f 1493//1493 1515//1515 1461//1461
f 1495//1495 1517//1517 1496//1496
f 1518//1518 1499//1499 1496//1496
f 1517//1517 1518//1518 1496//1496
f 1519//1519 1517//1517 1495//1495
f 1520//1520 1521//1521 1495//1495
f 1521//1521 1519//1519 1495//1495
f 1497//1497 1520//1520 1495//1495
f 1467//1467 1522//1522 1468//1468
f 1523//1523 1500//1500 1468//1468
f 1522//1522 1523//1523 1468//1468
f 1524//1524 1457//1457 1514//1514
f 1516//1516 1525//1525 1514//1514
f 1525//1525 1526//1526 1514//1514
f 1526//1526 1524//1524 1514//1514
f 1519//1519 1527//1527 1517//1517
f 1527//1527 1528//1528 1517//1517
f 1529//1529 1518//1518 1517//1517
f 1528//1528 1529//1529 1517//1517
f 1521//1521 1530//1530 1519//1519
f 1530//1530 1531//1531 1519//1519
f 1531//1531 1527//1527 1519//1519
f 1467//1467 1532//1532 1522//1522
f 1533//1533 1523//1523 1522//1522
f 1532//1532 1533//1533 1522//1522
f 1534//1534 1457//1457 1524//1524
f 1526//1526 1535//1535 1524//1524
f 1535//1535 1536//1536 1524//1524
f 1536//1536 1534//1534 1524//1524
f 1527//1527 1537//1537 1528//1528
f 1537//1537 1538//1538 1528//1528
f 1539//1539 1529//1529 1528//1528
f 1538//1538 1539//1539 1528//1528
f 1540//1540 1457//1457 1527//1527
f 1457//1457 1537//1537 1527//1527
f 1531//1531 1541//1541 1527//1527
f 1541//1541 1542//1542 1527//1527
f 1542//1542 1540//1540 1527//1527
f 1467//1467 1543//1543 1532//1532
f 1543//1543 1544//1544 1532//1532
f 1545//1545 1533//1533 1532//1532
f 1544//1544 1545//1545 1532//1532
f 1502//1502 1474//1474 1473//1473
f 1501//1501 1502//1502 1473//1473
f 1472//1472 1501//1501 1473//1473
f 1513//1513 1477//1477 1476//1476
f 1507//1507 1513//1513 1476//1476
f 1475//1475 1507//1507 1476//1476
f 1480//1480 1501//1501 1472//1472
f 1483//1483 1507//1507 1475//1475
f 1509//1509 1501//1501 1480//1480
f 1479//1479 1509//1509 1480//1480
f 1508//1508 1507//1507 1483//1483
f 1482//1482 1508//1508 1483//1483
f 1502//1502 1484//1484 1474//1474
f 1513//1513 1486//1486 1477//1477
f 1503//1503 1485//1485 1484//1484
f 1502//1502 1503//1503 1484//1484
f 1512//1512 1487//1487 1486//1486
f 1513//1513 1512//1512 1486//1486
f 1478//1478 1509//1509 1479//1479
f 1481//1481 1508//1508 1482//1482
f 1503//1503 1494//1494 1485//1485
f 1512//1512 1498//1498 1487//1487
f 1546//1546 1509//1509 1478//1478
f 1490//1490 1546//1546 1478//1478
f 1510//1510 1508//1508 1481//1481
f 1492//1492 1510//1510 1481//1481
f 1537//1537 1457//1457 1534//1534
f 1536//1536 1547//1547 1534//1534
f 1547//1547 1548//1548 1534//1534
f 1548//1548 1537//1537 1534//1534
f 1548//1548 1549//1549 1537//1537
f 1549//1549 1538//1538 1537//1537
f 1543//1543 1467//1467 1540//1540
f 1467//1467 1457//1457 1540//1540
f 1542//1542 1550//1550 1540//1540
f 1550//1550 1551//1551 1540//1540
f 1551//1551 1543//1543 1540//1540
f 1551//1551 1552//1552 1543//1543
f 1552//1552 1544//1544 1543//1543
f 1505//1505 1493//1493 1494//1494
f 1503//1503 1505//1505 1494//1494
f 1553//1553 1497//1497 1498//1498
f 1512//1512 1553//1553 1498//1498
f 1554//1554 1546//1546 1490//1490
f 1489//1489 1554//1554 1490//1490
f 1511//1511 1510//1510 1492//1492
f 1491//1491 1511//1511 1492//1492
f 1505//1505 1515//1515 1493//1493
f 1553//1553 1520//1520 1497//1497
f 1499//1499 1554//1554 1489//1489
f 1500//1500 1511//1511 1491//1491
f 1504//1504 1516//1516 1515//1515
f 1505//1505 1504//1504 1515//1515
f 1518//1518 1554//1554 1499//1499
f 1555//1555 1521//1521 1520//1520
f 1553//1553 1555//1555 1520//1520
f 1523//1523 1511//1511 1500//1500
f 1504//1504 1556//1556 1516//1516
f 1556//1556 1525//1525 1516//1516
f 1555//1555 1557//1557 1521//1521
f 1557//1557 1530//1530 1521//1521
f 1556//1556 1558//1558 1525//1525
f 1558//1558 1526//1526 1525//1525
f 1559//1559 1554//1554 1518//1518
f 1529//1529 1559//1559 1518//1518
f 1557//1557 1560//1560 1530//1530
f 1560//1560 1531//1531 1530//1530
f 1561//1561 1511//1511 1523//1523
f 1533//1533 1561//1561 1523//1523
f 1539//1539 1559//1559 1529//1529
f 1545//1545 1561//1561 1533//1533
f 1558//1558 1535//1535 1526//1526
f 1560//1560 1541//1541 1531//1531
f 1562//1562 1536//1536 1535//1535
f 1558//1558 1562//1562 1535//1535
f 1563//1563 1559//1559 1539//1539
f 1538//1538 1563//1563 1539//1539
f 1564//1564 1542//1542 1541//1541
f 1560//1560 1564//1564 1541//1541
f 1565//1565 1561//1561 1545//1545
f 1544//1544 1565//1565 1545//1545
f 1549//1549 1563//1563 1538//1538
f 1552//1552 1565//1565 1544//1544
f 1562//1562 1547//1547 1536//1536
f 1564//1564 1550//1550 1542//1542
f 1566//1566 1548//1548 1547//1547
f 1562//1562 1566//1566 1547//1547
f 1566//1566 1549//1549 1548//1548
f 1566//1566 1563//1563 1549//1549
f 1567//1567 1551//1551 1550//1550
f 1564//1564 1567//1567 1550//1550
f 1567//1567 1552//1552 1551//1551
f 1567//1567 1565//1565 1552//1552
f 1568//1568 1456//1456 1457//1457
f 1467//1467 1568//1568 1457//1457
f 1569//1569 1568//1568 1467//1467
f 1506//1506 1569//1569 1467//1467
f 1546//1546 1553//1553 1509//1509
f 1553//1553 1512//1512 1509//1509
f 1554//1554 1555//1555 1546//1546
f 1555//1555 1553//1553 1546//1546
f 1570//1570 1456//1456 1568//1568
f 1569//1569 1570//1570 1568//1568
f 1571//1571 1570//1570 1569//1569
f 1506//1506 1571//1571 1569//1569
f 1456//1456 1556//1556 1504//1504
f 1559//1559 1557//1557 1554//1554
f 1557//1557 1555//1555 1554//1554
f 1561//1561 1506//1506 1511//1511
f 1572//1572 1573//1573 1574//1574
f 1575//1575 1572//1572 1574//1574
f 1576//1576 1575//1575 1574//1574
f 1573//1573 1577//1577 1574//1574
f 1577//1577 1578//1578 1574//1574
f 1578//1578 1576//1576 1574//1574
f 1572//1572 1579//1579 1573//1573
f 1579//1579 1580//1580 1573//1573
f 1580//1580 1577//1577 1573//1573
f 1581//1581 1582//1582 1579//1579
f 1583//1583 1581//1581 1579//1579
f 1572//1572 1583//1583 1579//1579
f 1582//1582 1584//1584 1579//1579
f 1584//1584 1580//1580 1579//1579
f 1585//1585 1583//1583 1572//1572
f 1586//1586 1585//1585 1572//1572
f 1575//1575 1586//1586 1572//1572
f 1587//1587 1581//1581 1583//1583
f 1585//1585 1587//1587 1583//1583
f 1588//1588 1582//1582 1581//1581
f 1589//1589 1588//1588 1581//1581
f 1587//1587 1589//1589 1581//1581
f 1590//1590 1591//1591 1588//1588
f 1591//1591 1582//1582 1588//1588
f 1589//1589 1592//1592 1588//1588
f 1592//1592 1593//1593 1588//1588
f 1593//1593 1590//1590 1588//1588
f 1594//1594 1595//1595 1590//1590
f 1595//1595 1591//1591 1590//1590
f 1593//1593 1596//1596 1590//1590
f 1596//1596 1597//1597 1590//1590
f 1597//1597 1594//1594 1590//1590
f 1591//1591 1598//1598 1582//1582
f 1598//1598 1584//1584 1582//1582
f 1595//1595 1599//1599 1591//1591
f 1599//1599 1598//1598 1591//1591
f 1594//1594 1600//1600 1595//1595
f 1600//1600 1601//1601 1595//1595
f 1601//1601 1599//1599 1595//1595
f 1602//1602 1603//1603 1604//1604
f 1605//1605 1576//1576 1604//1604
f 1606//1606 1605//1605 1604//1604
f 1603//1603 1606//1606 1604//1604
f 1576//1576 1607//1607 1604//1604
f 1608//1608 1602//1602 1604//1604
f 1607//1607 1608//1608 1604//1604
f 1605//1605 1575//1575 1576//1576
f 1578//1578 1607//1607 1576//1576
f 1609//1609 1575//1575 1605//1605
f 1610//1610 1609//1609 1605//1605
f 1606//1606 1610//1610 1605//1605
f 1609//1609 1586//1586 1575//1575
f 1603//1603 1611//1611 1606//1606
f 1612//1612 1610//1610 1606//1606
f 1611//1611 1612//1612 1606//1606
f 1613//1613 1614//1614 1594//1594
f 1614//1614 1600//1600 1594//1594
f 1597//1597 1615//1615 1594//1594
f 1615//1615 1616//1616 1594//1594
f 1616//1616 1613//1613 1594//1594
f 1614//1614 1613//1613 1617//1617
f 1618//1618 1614//1614 1617//1617
f 1619//1619 1618//1618 1617//1617
f 1613//1613 1620//1620 1617//1617
f 1620//1620 1621//1621 1617//1617
f 1621//1621 1622//1622 1617//1617
f 1622//1622 1619//1619 1617//1617
f 1616//1616 1620//1620 1613//1613
f 1614//1614 1623//1623 1600//1600
f 1623//1623 1601//1601 1600//1600
f 1618//1618 1624//1624 1614//1614
f 1624//1624 1623//1623 1614//1614
f 1603//1603 1625//1625 1611//1611
f 1625//1625 1626//1626 1611//1611
f 1627//1627 1612//1612 1611//1611
f 1626//1626 1627//1627 1611//1611
f 1625//1625 1628//1628 1626//1626
f 1629//1629 1627//1627 1626//1626
f 1628//1628 1629//1629 1626//1626
f 1625//1625 1630//1630 1628//1628
f 1618//1618 1631//1631 1628//1628
f 1632//1632 1618//1618 1628//1628
f 1630//1630 1633//1633 1628//1628
f 1633//1633 1634//1634 1628//1628
f 1634//1634 1635//1635 1628//1628
f 1635//1635 1636//1636 1628//1628
f 1636//1636 1637//1637 1628//1628
f 1637//1637 1632//1632 1628//1628
f 1631//1631 1638//1638 1628//1628
f 1638//1638 1639//1639 1628//1628
f 1639//1639 1629//1629 1628//1628
f 1618//1618 1619//1619 1631//1631
f 1619//1619 1640//1640 1631//1631
f 1640//1640 1641//1641 1631//1631
f 1641//1641 1638//1638 1631//1631
f 1622//1622 1640//1640 1619//1619
f 1642//1642 1634//1634 1633//1633
f 1643//1643 1642//1642 1633//1633
f 1630//1630 1643//1643 1633//1633
f 1644//1644 1635//1635 1634//1634
f 1642//1642 1644//1644 1634//1634
f 1644//1644 1645//1645 1635//1635
f 1645//1645 1646//1646 1635//1635
f 1646//1646 1636//1636 1635//1635
f 1647//1647 1648//1648 1603//1603
f 1602//1602 1647//1647 1603//1603
f 1649//1649 1625//1625 1603//1603
f 1650//1650 1649//1649 1603//1603
f 1648//1648 1650//1650 1603//1603
f 1651//1651 1630//1630 1625//1625
f 1649//1649 1651//1651 1625//1625
f 1651//1651 1643//1643 1630//1630
f 1646//1646 1652//1652 1636//1636
f 1652//1652 1653//1653 1636//1636
f 1653//1653 1637//1637 1636//1636
f 1654//1654 1632//1632 1637//1637
f 1653//1653 1655//1655 1637//1637
f 1655//1655 1656//1656 1637//1637
f 1656//1656 1654//1654 1637//1637
f 1657//1657 1632//1632 1654//1654
f 1656//1656 1658//1658 1654//1654
f 1658//1658 1657//1657 1654//1654
f 1647//1647 1659//1659 1648//1648
f 1660//1660 1650//1650 1648//1648
f 1659//1659 1660//1660 1648//1648
f 1571//1571 1661//1661 1659//1659
f 1647//1647 1571//1571 1659//1659
f 1662//1662 1660//1660 1659//1659
f 1661//1661 1662//1662 1659//1659
f 1571//1571 1663//1663 1661//1661
f 1664//1664 1662//1662 1661//1661
f 1663//1663 1664//1664 1661//1661
f 1632//1632 1665//1665 1663//1663
f 1666//1666 1632//1632 1663//1663
f 1571//1571 1667//1667 1663//1663
f 1667//1667 1668//1668 1663//1663
f 1668//1668 1666//1666 1663//1663
f 1665//1665 1669//1669 1663//1663
f 1669//1669 1670//1670 1663//1663
f 1670//1670 1664//1664 1663//1663
f 1632//1632 1671//1671 1665//1665
f 1671//1671 1672//1672 1665//1665
f 1672//1672 1673//1673 1665//1665
f 1673//1673 1669//1669 1665//1665
f 1632//1632 1657//1657 1671//1671
f 1657//1657 1674//1674 1671//1671
f 1674//1674 1672//1672 1671//1671
f 1658//1658 1675//1675 1657//1657
f 1675//1675 1674//1674 1657//1657
f 1676//1676 1571//1571 1647//1647
f 1677//1677 1676//1676 1647//1647
f 1608//1608 1677//1677 1647//1647
f 1602//1602 1608//1608 1647//1647
f 1632//1632 1678//1678 1618//1618
f 1678//1678 1679//1679 1618//1618
f 1679//1679 1624//1624 1618//1618
f 1666//1666 1680//1680 1632//1632
f 1680//1680 1678//1678 1632//1632
f 1681//1681 1682//1682 1683//1683
f 1682//1682 1684//1684 1683//1683
f 1684//1684 1685//1685 1683//1683
f 1685//1685 1686//1686 1683//1683
f 1687//1687 1681//1681 1683//1683
f 1686//1686 1687//1687 1683//1683
f 1684//1684 1688//1688 1685//1685
f 1688//1688 1689//1689 1685//1685
f 1689//1689 1690//1690 1685//1685
f 1690//1690 1686//1686 1685//1685
f 1688//1688 1691//1691 1689//1689
f 1691//1691 1692//1692 1689//1689
f 1692//1692 1690//1690 1689//1689
f 1682//1682 1693//1693 1684//1684
f 1693//1693 1694//1694 1684//1684
f 1694//1694 1695//1695 1684//1684
f 1695//1695 1688//1688 1684//1684
f 1688//1688 1696//1696 1691//1691
f 1696//1696 1697//1697 1691//1691
f 1697//1697 1692//1692 1691//1691
f 1698//1698 1696//1696 1688//1688
f 1695//1695 1699//1699 1688//1688
f 1699//1699 1700//1700 1688//1688
f 1700//1700 1698//1698 1688//1688
f 1698//1698 1701//1701 1696//1696
f 1701//1701 1702//1702 1696//1696
f 1702//1702 1703//1703 1696//1696
f 1703//1703 1697//1697 1696//1696
f 1700//1700 1704//1704 1698//1698
f 1704//1704 1705//1705 1698//1698
f 1705//1705 1701//1701 1698//1698
f 1706//1706 1702//1702 1701//1701
f 1705//1705 1707//1707 1701//1701
f 1707//1707 1708//1708 1701//1701
f 1708//1708 1706//1706 1701//1701
f 1709//1709 1702//1702 1706//1706
f 1708//1708 1710//1710 1706//1706
f 1710//1710 1709//1709 1706//1706
f 1676//1676 1702//1702 1709//1709
f 1711//1711 1676//1676 1709//1709
f 1712//1712 1711//1711 1709//1709
f 1710//1710 1713//1713 1709//1709
f 1713//1713 1712//1712 1709//1709
f 1714//1714 1715//1715 1702//1702
f 1676//1676 1714//1714 1702//1702
f 1715//1715 1703//1703 1702//1702
f 1711//1711 1571//1571 1676//1676
f 1677//1677 1714//1714 1676//1676
f 1668//1668 1716//1716 1666//1666
f 1716//1716 1717//1717 1666//1666
f 1717//1717 1718//1718 1666//1666
f 1718//1718 1680//1680 1666//1666
f 1719//1719 1720//1720 1717//1717
f 1716//1716 1721//1721 1717//1717
f 1721//1721 1719//1719 1717//1717
f 1720//1720 1718//1718 1717//1717
f 1722//1722 1721//1721 1716//1716
f 1723//1723 1722//1722 1716//1716
f 1668//1668 1723//1723 1716//1716
f 1724//1724 1719//1719 1721//1721
f 1722//1722 1724//1724 1721//1721
f 1725//1725 1726//1726 1719//1719
f 1726//1726 1720//1720 1719//1719
f 1727//1727 1725//1725 1719//1719
f 1724//1724 1727//1727 1719//1719
f 1728//1728 1726//1726 1725//1725
f 1729//1729 1728//1728 1725//1725
f 1727//1727 1729//1729 1725//1725
f 1726//1726 1730//1730 1720//1720
f 1730//1730 1718//1718 1720//1720
f 1731//1731 1732//1732 1728//1728
f 1732//1732 1733//1733 1728//1728
f 1733//1733 1726//1726 1728//1728
f 1734//1734 1731//1731 1728//1728
f 1729//1729 1734//1734 1728//1728
f 1733//1733 1735//1735 1726//1726
f 1735//1735 1730//1730 1726//1726
f 1736//1736 1737//1737 1731//1731
f 1737//1737 1732//1732 1731//1731
f 1738//1738 1736//1736 1731//1731
f 1734//1734 1738//1738 1731//1731
f 1732//1732 1739//1739 1733//1733
f 1739//1739 1735//1735 1733//1733
f 1737//1737 1740//1740 1732//1732
f 1740//1740 1739//1739 1732//1732
f 1736//1736 1741//1741 1737//1737
f 1742//1742 1740//1740 1737//1737
f 1741//1741 1742//1742 1737//1737
f 1681//1681 1743//1743 1682//1682
f 1744//1744 1693//1693 1682//1682
f 1743//1743 1744//1744 1682//1682
f 1681//1681 1745//1745 1743//1743
f 1746//1746 1744//1744 1743//1743
f 1745//1745 1746//1746 1743//1743
f 1571//1571 1711//1711 1747//1747
f 1748//1748 1571//1571 1747//1747
f 1711//1711 1749//1749 1747//1747
f 1749//1749 1750//1750 1747//1747
f 1750//1750 1751//1751 1747//1747
f 1751//1751 1748//1748 1747//1747
f 1712//1712 1752//1752 1711//1711
f 1752//1752 1753//1753 1711//1711
f 1753//1753 1749//1749 1711//1711
f 1754//1754 1723//1723 1668//1668
f 1667//1667 1754//1754 1668//1668
f 1571//1571 1755//1755 1667//1667
f 1756//1756 1754//1754 1667//1667
f 1755//1755 1756//1756 1667//1667
f 1757//1757 1758//1758 1759//1759
f 1758//1758 1741//1741 1759//1759
f 1741//1741 1736//1736 1759//1759
f 1760//1760 1757//1757 1759//1759
f 1761//1761 1760//1760 1759//1759
f 1736//1736 1761//1761 1759//1759
f 1738//1738 1761//1761 1736//1736
f 1762//1762 1745//1745 1681//1681
f 1687//1687 1763//1763 1681//1681
f 1763//1763 1762//1762 1681//1681
f 1764//1764 1745//1745 1762//1762
f 1763//1763 1765//1765 1762//1762
f 1765//1765 1764//1764 1762//1762
f 1766//1766 1745//1745 1764//1764
f 1767//1767 1766//1766 1764//1764
f 1768//1768 1767//1767 1764//1764
f 1765//1765 1768//1768 1764//1764
f 1766//1766 1769//1769 1745//1745
f 1770//1770 1746//1746 1745//1745
f 1769//1769 1770//1770 1745//1745
f 1767//1767 1771//1771 1766//1766
f 1771//1771 1772//1772 1766//1766
f 1772//1772 1773//1773 1766//1766
f 1773//1773 1769//1769 1766//1766
f 1570//1570 1748//1748 1771//1771
f 1774//1774 1570//1570 1771//1771
f 1767//1767 1775//1775 1771//1771
f 1775//1775 1774//1774 1771//1771
f 1748//1748 1776//1776 1771//1771
f 1776//1776 1777//1777 1771//1771
f 1777//1777 1772//1772 1771//1771
f 1570//1570 1571//1571 1748//1748
f 1751//1751 1778//1778 1748//1748
f 1778//1778 1776//1776 1748//1748
f 1571//1571 1779//1779 1755//1755
f 1780//1780 1756//1756 1755//1755
f 1779//1779 1780//1780 1755//1755
f 1571//1571 1781//1781 1779//1779
f 1781//1781 1782//1782 1779//1779
f 1782//1782 1783//1783 1779//1779
f 1784//1784 1780//1780 1779//1779
f 1783//1783 1784//1784 1779//1779
f 1782//1782 1785//1785 1783//1783
f 1785//1785 1757//1757 1783//1783
f 1786//1786 1784//1784 1783//1783
f 1757//1757 1786//1786 1783//1783
f 1785//1785 1787//1787 1757//1757
f 1787//1787 1758//1758 1757//1757
f 1760//1760 1786//1786 1757//1757
f 1785//1785 1788//1788 1787//1787
f 1788//1788 1789//1789 1787//1787
f 1789//1789 1758//1758 1787//1787
f 1789//1789 1790//1790 1758//1758
f 1790//1790 1741//1741 1758//1758
f 1790//1790 1742//1742 1741//1741
f 1768//1768 1775//1775 1767//1767
f 1791//1791 1774//1774 1775//1775
f 1768//1768 1791//1791 1775//1775
f 1781//1781 1792//1792 1782//1782
f 1792//1792 1793//1793 1782//1782
f 1793//1793 1785//1785 1782//1782
f 1793//1793 1794//1794 1785//1785
f 1794//1794 1788//1788 1785//1785
f 1791//1791 1795//1795 1774//1774
f 1795//1795 1570//1570 1774//1774
f 1506//1506 1792//1792 1781//1781
f 1571//1571 1506//1506 1781//1781
f 1795//1795 1456//1456 1570//1570
f 1456//1456 1558//1558 1556//1556
f 1559//1559 1560//1560 1557//1557
f 1506//1506 1564//1564 1559//1559
f 1563//1563 1506//1506 1559//1559
f 1564//1564 1560//1560 1559//1559
f 1565//1565 1506//1506 1561//1561
f 1456//1456 1562//1562 1558//1558
f 1456//1456 1506//1506 1563//1563
f 1566//1566 1456//1456 1563//1563
f 1567//1567 1506//1506 1565//1565
f 1456//1456 1566//1566 1562//1562
f 1506//1506 1567//1567 1564//1564
f 1796//1796 1586//1586 1609//1609
f 1797//1797 1796//1796 1609//1609
f 1610//1610 1797//1797 1609//1609
f 1796//1796 1585//1585 1586//1586
f 1798//1798 1587//1587 1585//1585
f 1796//1796 1798//1798 1585//1585
f 1799//1799 1589//1589 1587//1587
f 1798//1798 1799//1799 1587//1587
f 1800//1800 1592//1592 1589//1589
f 1799//1799 1800//1800 1589//1589
f 1800//1800 1801//1801 1592//1592
f 1801//1801 1593//1593 1592//1592
f 1801//1801 1596//1596 1593//1593
f 1802//1802 1597//1597 1596//1596
f 1801//1801 1802//1802 1596//1596
f 1802//1802 1615//1615 1597//1597
f 1803//1803 1616//1616 1615//1615
f 1802//1802 1803//1803 1615//1615
f 1803//1803 1620//1620 1616//1616
f 1803//1803 1621//1621 1620//1620
f 1804//1804 1797//1797 1610//1610
f 1612//1612 1804//1804 1610//1610
f 1805//1805 1804//1804 1612//1612
f 1627//1627 1805//1805 1612//1612
f 1806//1806 1805//1805 1627//1627
f 1629//1629 1806//1806 1627//1627
f 1807//1807 1806//1806 1629//1629
f 1639//1639 1807//1807 1629//1629
f 1808//1808 1807//1807 1639//1639
f 1638//1638 1808//1808 1639//1639
f 1641//1641 1808//1808 1638//1638
f 1640//1640 1808//1808 1641//1641
f 1809//1809 1808//1808 1640//1640
f 1622//1622 1809//1809 1640//1640
f 1621//1621 1809//1809 1622//1622
f 1803//1803 1809//1809 1621//1621
f 1810//1810 1642//1642 1643//1643
f 1811//1811 1810//1810 1643//1643
f 1651//1651 1811//1811 1643//1643
f 1812//1812 1644//1644 1642//1642
f 1810//1810 1812//1812 1642//1642
f 1813//1813 1645//1645 1644//1644
f 1812//1812 1813//1813 1644//1644
f 1813//1813 1814//1814 1645//1645
f 1814//1814 1646//1646 1645//1645
f 1814//1814 1652//1652 1646//1646
f 1815//1815 1653//1653 1652//1652
f 1814//1814 1815//1815 1652//1652
f 1815//1815 1655//1655 1653//1653
f 1811//1811 1651//1651 1649//1649
f 1816//1816 1811//1811 1649//1649
f 1650//1650 1816//1816 1649//1649
f 1817//1817 1816//1816 1650//1650
f 1660//1660 1817//1817 1650//1650
f 1818//1818 1817//1817 1660//1660
f 1662//1662 1818//1818 1660//1660
f 1819//1819 1818//1818 1662//1662
f 1664//1664 1819//1819 1662//1662
f 1820//1820 1819//1819 1664//1664
f 1670//1670 1820//1820 1664//1664
f 1821//1821 1820//1820 1670//1670
f 1669//1669 1821//1821 1670//1670
f 1673//1673 1821//1821 1669//1669
f 1672//1672 1821//1821 1673//1673
f 1822//1822 1821//1821 1672//1672
f 1674//1674 1822//1822 1672//1672
f 1675//1675 1822//1822 1674//1674
f 1823//1823 1656//1656 1655//1655
f 1815//1815 1823//1823 1655//1655
f 1658//1658 1823//1823 1675//1675
f 1823//1823 1822//1822 1675//1675
f 1823//1823 1658//1658 1656//1656
f 1824//1824 1694//1694 1693//1693
f 1744//1744 1824//1824 1693//1693
f 1824//1824 1825//1825 1694//1694
f 1825//1825 1695//1695 1694//1694
f 1826//1826 1824//1824 1744//1744
f 1746//1746 1826//1826 1744//1744
f 1825//1825 1699//1699 1695//1695
f 1770//1770 1826//1826 1746//1746
f 1827//1827 1700//1700 1699//1699
f 1825//1825 1827//1827 1699//1699
f 1827//1827 1704//1704 1700//1700
f 1828//1828 1705//1705 1704//1704
f 1827//1827 1828//1828 1704//1704
f 1828//1828 1707//1707 1705//1705
f 1829//1829 1708//1708 1707//1707
f 1828//1828 1829//1829 1707//1707
f 1829//1829 1710//1710 1708//1708
f 1830//1830 1713//1713 1710//1710
f 1829//1829 1830//1830 1710//1710
f 1830//1830 1712//1712 1713//1713
f 1830//1830 1752//1752 1712//1712
f 1831//1831 1751//1751 1750//1750
f 1749//1749 1831//1831 1750//1750
f 1832//1832 1753//1753 1752//1752
f 1830//1830 1832//1832 1752//1752
f 1833//1833 1831//1831 1749//1749
f 1753//1753 1833//1833 1749//1749
f 1832//1832 1833//1833 1753//1753
f 1834//1834 1722//1722 1723//1723
f 1835//1835 1834//1834 1723//1723
f 1754//1754 1835//1835 1723//1723
f 1836//1836 1724//1724 1722//1722
f 1834//1834 1836//1836 1722//1722
f 1837//1837 1835//1835 1754//1754
f 1756//1756 1837//1837 1754//1754
f 1838//1838 1727//1727 1724//1724
f 1836//1836 1838//1838 1724//1724
f 1839//1839 1729//1729 1727//1727
f 1838//1838 1839//1839 1727//1727
f 1840//1840 1734//1734 1729//1729
f 1839//1839 1840//1840 1729//1729
f 1841//1841 1738//1738 1734//1734
f 1840//1840 1841//1841 1734//1734
f 1842//1842 1761//1761 1738//1738
f 1841//1841 1842//1842 1738//1738
f 1843//1843 1786//1786 1760//1760
f 1844//1844 1843//1843 1760//1760
f 1761//1761 1844//1844 1760//1760
f 1842//1842 1844//1844 1761//1761
f 1845//1845 1826//1826 1770//1770
f 1769//1769 1845//1845 1770//1770
f 1773//1773 1845//1845 1769//1769
f 1846//1846 1845//1845 1773//1773
f 1772//1772 1846//1846 1773//1773
f 1777//1777 1846//1846 1772//1772
f 1847//1847 1846//1846 1777//1777
f 1776//1776 1847//1847 1777//1777
f 1778//1778 1847//1847 1776//1776
f 1848//1848 1847//1847 1778//1778
f 1751//1751 1848//1848 1778//1778
f 1831//1831 1848//1848 1751//1751
f 1849//1849 1837//1837 1756//1756
f 1780//1780 1849//1849 1756//1756
f 1850//1850 1849//1849 1780//1780
f 1784//1784 1850//1850 1780//1780
f 1851//1851 1850//1850 1784//1784
f 1786//1786 1851//1851 1784//1784
f 1843//1843 1851//1851 1786//1786
f 1598//1598 1800//1800 1584//1584
f 1800//1800 1799//1799 1584//1584
f 1799//1799 1580//1580 1584//1584
f 1599//1599 1802//1802 1598//1598
f 1802//1802 1801//1801 1598//1598
f 1801//1801 1800//1800 1598//1598
f 1577//1577 1796//1796 1578//1578
f 1796//1796 1607//1607 1578//1578
f 1580//1580 1798//1798 1577//1577
f 1798//1798 1796//1796 1577//1577
f 1799//1799 1798//1798 1580//1580
f 1599//1599 1601//1601 1802//1802
f 1601//1601 1803//1803 1802//1802
f 1623//1623 1803//1803 1601//1601
f 1809//1809 1803//1803 1623//1623
f 1624//1624 1809//1809 1623//1623
f 1812//1812 1810//1810 1607//1607
f 1810//1810 1811//1811 1607//1607
f 1811//1811 1608//1608 1607//1607
f 1796//1796 1797//1797 1607//1607
f 1797//1797 1804//1804 1607//1607
f 1804//1804 1812//1812 1607//1607
f 1805//1805 1812//1812 1804//1804
f 1813//1813 1812//1812 1805//1805
f 1806//1806 1813//1813 1805//1805
f 1814//1814 1813//1813 1806//1806
f 1807//1807 1814//1814 1806//1806
f 1624//1624 1814//1814 1807//1807
f 1808//1808 1624//1624 1807//1807
f 1809//1809 1624//1624 1808//1808
f 1679//1679 1823//1823 1624//1624
f 1823//1823 1815//1815 1624//1624
f 1815//1815 1814//1814 1624//1624
f 1816//1816 1608//1608 1811//1811
f 1817//1817 1608//1608 1816//1816
f 1677//1677 1608//1608 1817//1817
f 1818//1818 1677//1677 1817//1817
f 1679//1679 1820//1820 1821//1821
f 1822//1822 1679//1679 1821//1821
f 1823//1823 1679//1679 1822//1822
f 1819//1819 1677//1677 1818//1818
f 1678//1678 1677//1677 1819//1819
f 1820//1820 1678//1678 1819//1819
f 1679//1679 1678//1678 1820//1820
f 1792//1792 1506//1506 1714//1714
f 1832//1832 1715//1715 1714//1714
f 1677//1677 1792//1792 1714//1714
f 1506//1506 1831//1831 1714//1714
f 1831//1831 1833//1833 1714//1714
f 1833//1833 1832//1832 1714//1714
f 1678//1678 1792//1792 1677//1677
f 1680//1680 1792//1792 1678//1678
f 1718//1718 1836//1836 1680//1680
f 1836//1836 1834//1834 1680//1680
f 1834//1834 1835//1835 1680//1680
f 1835//1835 1792//1792 1680//1680
f 1730//1730 1840//1840 1718//1718
f 1840//1840 1839//1839 1718//1718
f 1839//1839 1838//1838 1718//1718
f 1838//1838 1836//1836 1718//1718
f 1690//1690 1827//1827 1686//1686
f 1827//1827 1825//1825 1686//1686
f 1825//1825 1824//1824 1686//1686
f 1824//1824 1687//1687 1686//1686
f 1692//1692 1697//1697 1690//1690
f 1697//1697 1827//1827 1690//1690
f 1828//1828 1827//1827 1697//1697
f 1703//1703 1828//1828 1697//1697
f 1829//1829 1828//1828 1703//1703
f 1715//1715 1829//1829 1703//1703
f 1715//1715 1830//1830 1829//1829
f 1715//1715 1832//1832 1830//1830
f 1730//1730 1841//1841 1840//1840
f 1730//1730 1735//1735 1841//1841
f 1740//1740 1842//1842 1841//1841
f 1739//1739 1740//1740 1841//1841
f 1735//1735 1739//1739 1841//1841
f 1742//1742 1844//1844 1842//1842
f 1740//1740 1742//1742 1842//1842
f 1843//1843 1844//1844 1742//1742
f 1790//1790 1843//1843 1742//1742
f 1824//1824 1826//1826 1687//1687
f 1826//1826 1763//1763 1687//1687
f 1845//1845 1763//1763 1826//1826
f 1765//1765 1763//1763 1845//1845
f 1768//1768 1765//1765 1845//1845
f 1846//1846 1768//1768 1845//1845
f 1791//1791 1768//1768 1846//1846
f 1847//1847 1791//1791 1846//1846
f 1795//1795 1791//1791 1847//1847
f 1848//1848 1795//1795 1847//1847
f 1506//1506 1795//1795 1848//1848
f 1831//1831 1506//1506 1848//1848
f 1837//1837 1792//1792 1835//1835
f 1849//1849 1792//1792 1837//1837
f 1850//1850 1794//1794 1849//1849
f 1794//1794 1793//1793 1849//1849
f 1793//1793 1792//1792 1849//1849
f 1851//1851 1788//1788 1850//1850
f 1788//1788 1794//1794 1850//1850
f 1843//1843 1789//1789 1851//1851
f 1789//1789 1788//1788 1851//1851
f 1790//1790 1789//1789 1843//1843
f 1506//1506 1456//1456 1795//1795
f 1852//1852 1853//1853 1854//1854
f 1855//1855 1852//1852 1854//1854
f 1853//1853 1856//1856 1854//1854
f 1856//1856 1857//1857 1854//1854
f 1857//1857 1855//1855 1854//1854
f 1852//1852 1858//1858 1853//1853
f 1858//1858 1859//1859 1853//1853
f 1859//1859 1856//1856 1853//1853
f 1860//1860 1852//1852 1855//1855
f 1861//1861 1860//1860 1855//1855
f 1857//1857 1862//1862 1855//1855
f 1862//1862 1861//1861 1855//1855
f 1852//1852 1863//1863 1858//1858
f 1863//1863 1864//1864 1858//1858
f 1864//1864 1859//1859 1858//1858
f 1865//1865 1860//1860 1861//1861
f 1866//1866 1865//1865 1861//1861
f 1862//1862 1867//1867 1861//1861
f 1867//1867 1866//1866 1861//1861
f 1868//1868 1869//1869 1863//1863
f 1870//1870 1868//1868 1863//1863
f 1852//1852 1870//1870 1863//1863
f 1869//1869 1871//1871 1863//1863
f 1871//1871 1864//1864 1863//1863
f 1872//1872 1865//1865 1866//1866
f 1873//1873 1872//1872 1866//1866
f 1867//1867 1874//1874 1866//1866
f 1874//1874 1873//1873 1866//1866
f 1875//1875 1876//1876 1869//1869
f 1868//1868 1875//1875 1869//1869
f 1876//1876 1877//1877 1869//1869
f 1877//1877 1871//1871 1869//1869
f 1878//1878 1872//1872 1873//1873
f 1879//1879 1878//1878 1873//1873
f 1874//1874 1880//1880 1873//1873
f 1880//1880 1879//1879 1873//1873
f 1881//1881 1870//1870 1852//1852
f 1882//1882 1881//1881 1852//1852
f 1860//1860 1882//1882 1852//1852
f 1883//1883 1882//1882 1860//1860
f 1865//1865 1883//1883 1860//1860
f 1884//1884 1885//1885 1876//1876
f 1875//1875 1884//1884 1876//1876
f 1885//1885 1886//1886 1876//1876
f 1886//1886 1877//1877 1876//1876
f 1887//1887 1888//1888 1879//1879
f 1889//1889 1878//1878 1879//1879
f 1888//1888 1889//1889 1879//1879
f 1880//1880 1890//1890 1879//1879
f 1890//1890 1887//1887 1879//1879
f 1891//1891 1857//1857 1856//1856
f 1892//1892 1891//1891 1856//1856
f 1893//1893 1892//1892 1856//1856
f 1859//1859 1893//1893 1856//1856
f 1894//1894 1893//1893 1859//1859
f 1895//1895 1894//1894 1859//1859
f 1864//1864 1895//1895 1859//1859
f 1896//1896 1862//1862 1857//1857
f 1897//1897 1896//1896 1857//1857
f 1891//1891 1897//1897 1857//1857
f 1898//1898 1899//1899 1885//1885
f 1884//1884 1898//1898 1885//1885
f 1899//1899 1900//1900 1885//1885
f 1900//1900 1886//1886 1885//1885
f 1901//1901 1888//1888 1887//1887
f 1890//1890 1902//1902 1887//1887
f 1902//1902 1901//1901 1887//1887
f 1903//1903 1895//1895 1864//1864
f 1871//1871 1903//1903 1864//1864
f 1904//1904 1867//1867 1862//1862
f 1905//1905 1904//1904 1862//1862
f 1896//1896 1905//1905 1862//1862
f 1906//1906 1903//1903 1871//1871
f 1907//1907 1906//1906 1871//1871
f 1877//1877 1907//1907 1871//1871
f 1908//1908 1874//1874 1867//1867
f 1904//1904 1908//1908 1867//1867
f 1881//1881 1909//1909 1870//1870
f 1910//1910 1868//1868 1870//1870
f 1909//1909 1910//1910 1870//1870
f 1872//1872 1883//1883 1865//1865
f 1911//1911 1912//1912 1899//1899
f 1898//1898 1911//1911 1899//1899
f 1912//1912 1913//1913 1899//1899
f 1913//1913 1900//1900 1899//1899
f 1914//1914 1888//1888 1901//1901
f 1902//1902 1915//1915 1901//1901
f 1915//1915 1914//1914 1901//1901
f 1916//1916 1875//1875 1868//1868
f 1910//1910 1916//1916 1868//1868
f 1917//1917 1883//1883 1872//1872
f 1878//1878 1917//1917 1872//1872
f 1918//1918 1884//1884 1875//1875
f 1916//1916 1918//1918 1875//1875
f 1919//1919 1917//1917 1878//1878
f 1889//1889 1919//1919 1878//1878
f 1920//1920 1907//1907 1877//1877
f 1921//1921 1920//1920 1877//1877
f 1886//1886 1921//1921 1877//1877
f 1922//1922 1880//1880 1874//1874
f 1923//1923 1922//1922 1874//1874
f 1908//1908 1923//1923 1874//1874
f 1924//1924 1911//1911 1898//1898
f 1918//1918 1924//1924 1898//1898
f 1884//1884 1918//1918 1898//1898
f 1888//1888 1925//1925 1889//1889
f 1925//1925 1926//1926 1889//1889
f 1926//1926 1919//1919 1889//1889
f 1914//1914 1927//1927 1888//1888
f 1928//1928 1925//1925 1888//1888
f 1927//1927 1928//1928 1888//1888
f 1911//1911 1929//1929 1912//1912
f 1929//1929 1930//1930 1912//1912
f 1930//1930 1913//1913 1912//1912
f 1931//1931 1927//1927 1914//1914
f 1915//1915 1932//1932 1914//1914
f 1932//1932 1931//1931 1914//1914
f 1933//1933 1921//1921 1886//1886
f 1934//1934 1933//1933 1886//1886
f 1900//1900 1934//1934 1886//1886
f 1935//1935 1890//1890 1880//1880
f 1936//1936 1935//1935 1880//1880
f 1922//1922 1936//1936 1880//1880
f 1937//1937 1929//1929 1911//1911
f 1938//1938 1937//1937 1911//1911
f 1939//1939 1938//1938 1911//1911
f 1940//1940 1939//1939 1911//1911
f 1924//1924 1940//1940 1911//1911
f 1941//1941 1938//1938 1939//1939
f 1942//1942 1941//1941 1939//1939
f 1943//1943 1942//1942 1939//1939
f 1940//1940 1943//1943 1939//1939
f 1927//1927 1944//1944 1945//1945
f 1944//1944 1946//1946 1945//1945
f 1946//1946 1947//1947 1945//1945
f 1948//1948 1927//1927 1945//1945
f 1947//1947 1948//1948 1945//1945
f 1931//1931 1944//1944 1927//1927
f 1948//1948 1928//1928 1927//1927
f 1949//1949 1950//1950 1941//1941
f 1950//1950 1951//1951 1941//1941
f 1951//1951 1938//1938 1941//1941
f 1952//1952 1949//1949 1941//1941
f 1942//1942 1952//1952 1941//1941
f 1946//1946 1953//1953 1947//1947
f 1953//1953 1954//1954 1947//1947
f 1955//1955 1948//1948 1947//1947
f 1954//1954 1955//1955 1947//1947
f 1956//1956 1950//1950 1949//1949
f 1957//1957 1956//1956 1949//1949
f 1952//1952 1957//1957 1949//1949
f 1953//1953 1958//1958 1954//1954
f 1958//1958 1959//1959 1954//1954
f 1960//1960 1955//1955 1954//1954
f 1959//1959 1960//1960 1954//1954
f 1961//1961 1934//1934 1900//1900
f 1962//1962 1961//1961 1900//1900
f 1913//1913 1962//1962 1900//1900
f 1963//1963 1902//1902 1890//1890
f 1964//1964 1963//1963 1890//1890
f 1935//1935 1964//1964 1890//1890
f 1937//1937 1965//1965 1929//1929
f 1965//1965 1930//1930 1929//1929
f 1932//1932 1966//1966 1931//1931
f 1966//1966 1944//1944 1931//1931
f 1967//1967 1968//1968 1956//1956
f 1968//1968 1950//1950 1956//1956
f 1957//1957 1967//1967 1956//1956
f 1958//1958 1969//1969 1959//1959
f 1970//1970 1960//1960 1959//1959
f 1969//1969 1971//1971 1959//1959
f 1971//1971 1970//1970 1959//1959
f 1972//1972 1962//1962 1913//1913
f 1930//1930 1972//1972 1913//1913
f 1973//1973 1915//1915 1902//1902
f 1974//1974 1973//1973 1902//1902
f 1963//1963 1974//1974 1902//1902
f 1938//1938 1975//1975 1937//1937
f 1975//1975 1965//1965 1937//1937
f 1966//1966 1976//1976 1944//1944
f 1976//1976 1946//1946 1944//1944
f 1882//1882 1909//1909 1881//1881
f 1883//1883 1909//1909 1882//1882
f 1951//1951 1977//1977 1938//1938
f 1977//1977 1975//1975 1938//1938
f 1976//1976 1978//1978 1946//1946
f 1978//1978 1953//1953 1946//1946
f 1979//1979 1972//1972 1930//1930
f 1965//1965 1979//1979 1930//1930
f 1980//1980 1932//1932 1915//1915
f 1973//1973 1980//1980 1915//1915
f 1969//1969 1981//1981 1967//1967
f 1981//1981 1982//1982 1967//1967
f 1982//1982 1968//1968 1967//1967
f 1983//1983 1969//1969 1967//1967
f 1957//1957 1983//1983 1967//1967
f 1958//1958 1984//1984 1969//1969
f 1984//1984 1985//1985 1969//1969
f 1985//1985 1981//1981 1969//1969
f 1983//1983 1971//1971 1969//1969
f 1883//1883 1917//1917 1909//1909
f 1917//1917 1910//1910 1909//1909
f 1917//1917 1919//1919 1910//1910
f 1919//1919 1916//1916 1910//1910
f 1950//1950 1986//1986 1951//1951
f 1986//1986 1977//1977 1951//1951
f 1978//1978 1987//1987 1953//1953
f 1987//1987 1958//1958 1953//1953
f 1971//1971 1952//1952 1916//1916
f 1952//1952 1942//1942 1916//1916
f 1942//1942 1943//1943 1916//1916
f 1943//1943 1918//1918 1916//1916
f 1919//1919 1970//1970 1916//1916
f 1970//1970 1971//1971 1916//1916
f 1960//1960 1970//1970 1919//1919
f 1926//1926 1948//1948 1919//1919
f 1948//1948 1955//1955 1919//1919
f 1955//1955 1960//1960 1919//1919
f 1943//1943 1940//1940 1924//1924
f 1918//1918 1943//1943 1924//1924
f 1925//1925 1928//1928 1926//1926
f 1928//1928 1948//1948 1926//1926
f 1988//1988 1979//1979 1965//1965
f 1989//1989 1988//1988 1965//1965
f 1975//1975 1989//1989 1965//1965
f 1990//1990 1966//1966 1932//1932
f 1980//1980 1990//1990 1932//1932
f 1968//1968 1991//1991 1950//1950
f 1991//1991 1986//1986 1950//1950
f 1987//1987 1992//1992 1958//1958
f 1992//1992 1984//1984 1958//1958
f 1982//1982 1993//1993 1968//1968
f 1993//1993 1991//1991 1968//1968
f 1992//1992 1994//1994 1984//1984
f 1994//1994 1985//1985 1984//1984
f 1995//1995 1989//1989 1975//1975
f 1996//1996 1995//1995 1975//1975
f 1977//1977 1996//1996 1975//1975
f 1997//1997 1976//1976 1966//1966
f 1998//1998 1997//1997 1966//1966
f 1990//1990 1998//1998 1966//1966
f 1981//1981 1999//1999 1982//1982
f 1999//1999 1993//1993 1982//1982
f 1994//1994 2000//2000 1985//1985
f 2000//2000 1981//1981 1985//1985
f 2000//2000 1999//1999 1981//1981
f 1971//1971 1957//1957 1952//1952
f 1971//1971 1983//1983 1957//1957
f 2001//2001 1996//1996 1977//1977
f 2002//2002 2001//2001 1977//1977
f 1986//1986 2002//2002 1977//1977
f 2003//2003 1978//1978 1976//1976
f 2004//2004 2003//2003 1976//1976
f 1997//1997 2004//2004 1976//1976
f 2005//2005 2006//2006 1892//1892
f 1893//1893 2005//2005 1892//1892
f 2006//2006 1891//1891 1892//1892
f 1894//1894 2005//2005 1893//1893
f 2006//2006 1897//1897 1891//1891
f 2007//2007 2005//2005 1894//1894
f 1895//1895 2007//2007 1894//1894
f 2006//2006 2008//2008 1897//1897
f 2008//2008 1896//1896 1897//1897
f 1903//1903 2007//2007 1895//1895
f 2008//2008 1905//1905 1896//1896
f 2009//2009 2007//2007 1903//1903
f 1906//1906 2009//2009 1903//1903
f 2010//2010 1904//1904 1905//1905
f 2008//2008 2010//2010 1905//1905
f 1907//1907 2009//2009 1906//1906
f 2010//2010 1908//1908 1904//1904
f 1920//1920 2009//2009 1907//1907
f 2010//2010 1923//1923 1908//1908
f 2011//2011 2002//2002 1986//1986
f 2012//2012 2011//2011 1986//1986
f 1991//1991 2012//2012 1986//1986
f 2013//2013 1987//1987 1978//1978
f 2014//2014 2013//2013 1978//1978
f 2003//2003 2014//2014 1978//1978
f 1921//1921 2015//2015 1920//1920
f 2015//2015 2009//2009 1920//1920
f 2010//2010 2016//2016 1923//1923
f 2016//2016 1922//1922 1923//1923
f 1933//1933 2015//2015 1921//1921
f 2016//2016 1936//1936 1922//1922
f 2017//2017 2012//2012 1991//1991
f 1993//1993 2017//2017 1991//1991
f 2018//2018 1992//1992 1987//1987
f 2019//2019 2018//2018 1987//1987
f 2013//2013 2019//2019 1987//1987
f 1934//1934 2020//2020 1933//1933
f 2020//2020 2015//2015 1933//1933
f 2016//2016 2021//2021 1936//1936
f 2021//2021 1935//1935 1936//1936
f 1961//1961 2020//2020 1934//1934
f 2021//2021 1964//1964 1935//1935
f 2022//2022 2017//2017 1993//1993
f 2023//2023 2022//2022 1993//1993
f 1999//1999 2023//2023 1993//1993
f 2024//2024 1994//1994 1992//1992
f 2018//2018 2024//2024 1992//1992
f 1962//1962 2025//2025 1961//1961
f 2025//2025 2020//2020 1961//1961
f 2021//2021 2026//2026 1964//1964
f 2026//2026 1963//1963 1964//1964
f 2027//2027 2023//2023 1999//1999
f 2028//2028 2027//2027 1999//1999
f 2000//2000 2028//2028 1999//1999
f 2029//2029 2000//2000 1994//1994
f 2030//2030 2029//2029 1994//1994
f 2024//2024 2030//2030 1994//1994
f 2031//2031 2028//2028 2000//2000
f 2029//2029 2031//2031 2000//2000
f 1972//1972 2025//2025 1962//1962
f 2026//2026 1974//1974 1963//1963
f 1979//1979 2032//2032 1972//1972
f 2032//2032 2025//2025 1972//1972
f 2026//2026 2033//2033 1974//1974
f 2033//2033 1973//1973 1974//1974
f 1988//1988 2032//2032 1979//1979
f 2033//2033 1980//1980 1973//1973
f 1989//1989 2034//2034 1988//1988
f 2034//2034 2032//2032 1988//1988
f 2033//2033 2035//2035 1980//1980
f 2035//2035 1990//1990 1980//1980
f 1995//1995 2034//2034 1989//1989
f 2035//2035 1998//1998 1990//1990
f 1996//1996 2036//2036 1995//1995
f 2036//2036 2034//2034 1995//1995
f 2035//2035 2037//2037 1998//1998
f 2037//2037 1997//1997 1998//1998
f 2001//2001 2036//2036 1996//1996
f 2037//2037 2004//2004 1997//1997
f 2002//2002 2038//2038 2001//2001
f 2038//2038 2036//2036 2001//2001
f 2037//2037 2039//2039 2004//2004
f 2039//2039 2003//2003 2004//2004
f 2011//2011 2038//2038 2002//2002
f 2039//2039 2014//2014 2003//2003
f 2012//2012 2040//2040 2011//2011
f 2040//2040 2038//2038 2011//2011
f 2039//2039 2041//2041 2014//2014
f 2041//2041 2013//2013 2014//2014
f 2017//2017 2040//2040 2012//2012
f 2041//2041 2019//2019 2013//2013
f 2022//2022 2040//2040 2017//2017
f 2041//2041 2042//2042 2019//2019
f 2042//2042 2018//2018 2019//2019
f 2043//2043 2040//2040 2022//2022
f 2023//2023 2043//2043 2022//2022
f 2042//2042 2024//2024 2018//2018
f 2027//2027 2043//2043 2023//2023
f 2042//2042 2030//2030 2024//2024
f 2044//2044 2043//2043 2027//2027
f 2028//2028 2044//2044 2027//2027
f 2042//2042 2045//2045 2030//2030
f 2045//2045 2029//2029 2030//2030
f 2031//2031 2044//2044 2028//2028
f 2045//2045 2031//2031 2029//2029
f 2045//2045 2044//2044 2031//2031
f 2039//2039 2037//2037 2005//2005
f 2041//2041 2039//2039 2005//2005
f 2007//2007 2041//2041 2005//2005
f 2037//2037 2035//2035 2005//2005
f 2035//2035 2033//2033 2005//2005
f 2033//2033 2026//2026 2005//2005
f 2026//2026 2021//2021 2005//2005
f 2021//2021 2016//2016 2005//2005
f 2016//2016 2006//2006 2005//2005
f 2016//2016 2010//2010 2006//2006
f 2010//2010 2008//2008 2006//2006
f 2009//2009 2041//2041 2007//2007
f 2038//2038 2040//2040 2009//2009
f 2040//2040 2043//2043 2009//2009
f 2043//2043 2044//2044 2009//2009
f 2044//2044 2045//2045 2009//2009
f 2015//2015 2034//2034 2009//2009
f 2034//2034 2036//2036 2009//2009
f 2036//2036 2038//2038 2009//2009
f 2042//2042 2041//2041 2009//2009
f 2045//2045 2042//2042 2009//2009
f 2020//2020 2034//2034 2015//2015
f 2025//2025 2034//2034 2020//2020
f 2032//2032 2034//2034 2025//2025
f 2046//2046 2047//2047 2048//2048
f 2049//2049 2046//2046 2048//2048
f 2047//2047 2050//2050 2048//2048
f 2050//2050 2051//2051 2048//2048
f 2051//2051 2049//2049 2048//2048
f 2046//2046 2052//2052 2047//2047
f 2052//2052 2053//2053 2047//2047
f 2053//2053 2050//2050 2047//2047
f 2054//2054 2046//2046 2049//2049
f 2055//2055 2054//2054 2049//2049
f 2051//2051 2056//2056 2049//2049
f 2056//2056 2055//2055 2049//2049
f 2046//2046 2057//2057 2052//2052
f 2057//2057 2058//2058 2052//2052
f 2058//2058 2053//2053 2052//2052
f 2059//2059 2054//2054 2055//2055
f 2060//2060 2059//2059 2055//2055
f 2056//2056 2061//2061 2055//2055
f 2061//2061 2060//2060 2055//2055
f 2062//2062 2063//2063 2057//2057
f 2064//2064 2062//2062 2057//2057
f 2046//2046 2064//2064 2057//2057
f 2063//2063 2065//2065 2057//2057
f 2065//2065 2058//2058 2057//2057
f 2066//2066 2059//2059 2060//2060
f 2067//2067 2066//2066 2060//2060
f 2061//2061 2068//2068 2060//2060
f 2068//2068 2067//2067 2060//2060
f 2069//2069 2070//2070 2063//2063
f 2062//2062 2069//2069 2063//2063
f 2070//2070 2071//2071 2063//2063
f 2071//2071 2065//2065 2063//2063
f 2072//2072 2066//2066 2067//2067
f 2073//2073 2072//2072 2067//2067
f 2068//2068 2074//2074 2067//2067
f 2074//2074 2073//2073 2067//2067
f 2075//2075 2064//2064 2046//2046
f 2076//2076 2075//2075 2046//2046
f 2054//2054 2076//2076 2046//2046
f 2077//2077 2076//2076 2054//2054
f 2059//2059 2077//2077 2054//2054
f 2078//2078 2079//2079 2070//2070
f 2069//2069 2078//2078 2070//2070
f 2079//2079 2080//2080 2070//2070
f 2080//2080 2071//2071 2070//2070
f 2081//2081 2082//2082 2073//2073
f 2083//2083 2072//2072 2073//2073
f 2082//2082 2083//2083 2073//2073
f 2074//2074 2084//2084 2073//2073
f 2084//2084 2081//2081 2073//2073
f 2085//2085 2051//2051 2050//2050
f 2086//2086 2085//2085 2050//2050
f 2087//2087 2086//2086 2050//2050
f 2053//2053 2087//2087 2050//2050
f 2088//2088 2087//2087 2053//2053
f 2089//2089 2088//2088 2053//2053
f 2058//2058 2089//2089 2053//2053
f 2090//2090 2056//2056 2051//2051
f 2091//2091 2090//2090 2051//2051
f 2085//2085 2091//2091 2051//2051
f 2092//2092 2093//2093 2079//2079
f 2078//2078 2092//2092 2079//2079
f 2093//2093 2094//2094 2079//2079
f 2094//2094 2080//2080 2079//2079
f 2095//2095 2082//2082 2081//2081
f 2084//2084 2096//2096 2081//2081
f 2096//2096 2095//2095 2081//2081
f 2097//2097 2089//2089 2058//2058
f 2065//2065 2097//2097 2058//2058
f 2098//2098 2061//2061 2056//2056
f 2099//2099 2098//2098 2056//2056
f 2090//2090 2099//2099 2056//2056
f 2100//2100 2097//2097 2065//2065
f 2101//2101 2100//2100 2065//2065
f 2071//2071 2101//2101 2065//2065
f 2102//2102 2068//2068 2061//2061
f 2098//2098 2102//2102 2061//2061
f 2075//2075 2103//2103 2064//2064
f 2104//2104 2062//2062 2064//2064
f 2103//2103 2104//2104 2064//2064
f 2066//2066 2077//2077 2059//2059
f 2105//2105 2106//2106 2093//2093
f 2092//2092 2105//2105 2093//2093
f 2106//2106 2107//2107 2093//2093
f 2107//2107 2094//2094 2093//2093
f 2108//2108 2082//2082 2095//2095
f 2096//2096 2109//2109 2095//2095
f 2109//2109 2108//2108 2095//2095
f 2110//2110 2069//2069 2062//2062
f 2104//2104 2110//2110 2062//2062
f 2111//2111 2077//2077 2066//2066
f 2072//2072 2111//2111 2066//2066
f 2112//2112 2078//2078 2069//2069
f 2110//2110 2112//2112 2069//2069
f 2113//2113 2111//2111 2072//2072
f 2083//2083 2113//2113 2072//2072
f 2114//2114 2101//2101 2071//2071
f 2115//2115 2114//2114 2071//2071
f 2080//2080 2115//2115 2071//2071
f 2116//2116 2074//2074 2068//2068
f 2117//2117 2116//2116 2068//2068
f 2102//2102 2117//2117 2068//2068
f 2118//2118 2105//2105 2092//2092
f 2112//2112 2118//2118 2092//2092
f 2078//2078 2112//2112 2092//2092
f 2082//2082 2119//2119 2083//2083
f 2119//2119 2120//2120 2083//2083
f 2120//2120 2113//2113 2083//2083
f 2108//2108 2121//2121 2082//2082
f 2122//2122 2119//2119 2082//2082
f 2121//2121 2122//2122 2082//2082
f 2105//2105 2123//2123 2106//2106
f 2123//2123 2124//2124 2106//2106
f 2124//2124 2107//2107 2106//2106
f 2125//2125 2121//2121 2108//2108
f 2109//2109 2126//2126 2108//2108
f 2126//2126 2125//2125 2108//2108
f 2127//2127 2115//2115 2080//2080
f 2128//2128 2127//2127 2080//2080
f 2094//2094 2128//2128 2080//2080
f 2129//2129 2084//2084 2074//2074
f 2130//2130 2129//2129 2074//2074
f 2116//2116 2130//2130 2074//2074
f 2131//2131 2123//2123 2105//2105
f 2132//2132 2131//2131 2105//2105
f 2133//2133 2132//2132 2105//2105
f 2134//2134 2133//2133 2105//2105
f 2118//2118 2134//2134 2105//2105
f 2135//2135 2132//2132 2133//2133
f 2136//2136 2135//2135 2133//2133
f 2137//2137 2136//2136 2133//2133
f 2134//2134 2137//2137 2133//2133
f 2121//2121 2138//2138 2139//2139
f 2138//2138 2140//2140 2139//2139
f 2140//2140 2141//2141 2139//2139
f 2142//2142 2121//2121 2139//2139
f 2141//2141 2142//2142 2139//2139
f 2125//2125 2138//2138 2121//2121
f 2142//2142 2122//2122 2121//2121
f 2143//2143 2144//2144 2135//2135
f 2144//2144 2145//2145 2135//2135
f 2145//2145 2132//2132 2135//2135
f 2146//2146 2143//2143 2135//2135
f 2136//2136 2146//2146 2135//2135
f 2140//2140 2147//2147 2141//2141
f 2147//2147 2148//2148 2141//2141
f 2149//2149 2142//2142 2141//2141
f 2148//2148 2149//2149 2141//2141
f 2150//2150 2144//2144 2143//2143
f 2151//2151 2150//2150 2143//2143
f 2146//2146 2151//2151 2143//2143
f 2147//2147 2152//2152 2148//2148
f 2152//2152 2153//2153 2148//2148
f 2154//2154 2149//2149 2148//2148
f 2153//2153 2154//2154 2148//2148
f 2155//2155 2128//2128 2094//2094
f 2156//2156 2155//2155 2094//2094
f 2107//2107 2156//2156 2094//2094
f 2157//2157 2096//2096 2084//2084
f 2158//2158 2157//2157 2084//2084
f 2129//2129 2158//2158 2084//2084
f 2131//2131 2159//2159 2123//2123
f 2159//2159 2124//2124 2123//2123
f 2126//2126 2160//2160 2125//2125
f 2160//2160 2138//2138 2125//2125
f 2161//2161 2162//2162 2150//2150
f 2162//2162 2144//2144 2150//2150
f 2151//2151 2161//2161 2150//2150
f 2152//2152 2163//2163 2153//2153
f 2164//2164 2154//2154 2153//2153
f 2163//2163 2165//2165 2153//2153
f 2165//2165 2164//2164 2153//2153
f 2166//2166 2156//2156 2107//2107
f 2124//2124 2166//2166 2107//2107
f 2167//2167 2109//2109 2096//2096
f 2168//2168 2167//2167 2096//2096
f 2157//2157 2168//2168 2096//2096
f 2132//2132 2169//2169 2131//2131
f 2169//2169 2159//2159 2131//2131
f 2160//2160 2170//2170 2138//2138
f 2170//2170 2140//2140 2138//2138
f 2076//2076 2103//2103 2075//2075
f 2077//2077 2103//2103 2076//2076
f 2145//2145 2171//2171 2132//2132
f 2171//2171 2169//2169 2132//2132
f 2170//2170 2172//2172 2140//2140
f 2172//2172 2147//2147 2140//2140
f 2173//2173 2166//2166 2124//2124
f 2159//2159 2173//2173 2124//2124
f 2174//2174 2126//2126 2109//2109
f 2167//2167 2174//2174 2109//2109
f 2163//2163 2175//2175 2161//2161
f 2175//2175 2176//2176 2161//2161
f 2176//2176 2162//2162 2161//2161
f 2177//2177 2163//2163 2161//2161
f 2151//2151 2177//2177 2161//2161
f 2152//2152 2178//2178 2163//2163
f 2178//2178 2179//2179 2163//2163
f 2179//2179 2175//2175 2163//2163
f 2177//2177 2165//2165 2163//2163
f 2077//2077 2111//2111 2103//2103
f 2111//2111 2104//2104 2103//2103
f 2111//2111 2113//2113 2104//2104
f 2113//2113 2110//2110 2104//2104
f 2144//2144 2180//2180 2145//2145
f 2180//2180 2171//2171 2145//2145
f 2172//2172 2181//2181 2147//2147
f 2181//2181 2152//2152 2147//2147
f 2165//2165 2146//2146 2110//2110
f 2146//2146 2136//2136 2110//2110
f 2136//2136 2137//2137 2110//2110
f 2137//2137 2112//2112 2110//2110
f 2113//2113 2164//2164 2110//2110
f 2164//2164 2165//2165 2110//2110
f 2154//2154 2164//2164 2113//2113
f 2120//2120 2142//2142 2113//2113
f 2142//2142 2149//2149 2113//2113
f 2149//2149 2154//2154 2113//2113
f 2137//2137 2134//2134 2118//2118
f 2112//2112 2137//2137 2118//2118
f 2119//2119 2122//2122 2120//2120
f 2122//2122 2142//2142 2120//2120
f 2182//2182 2173//2173 2159//2159
f 2183//2183 2182//2182 2159//2159
f 2169//2169 2183//2183 2159//2159
f 2184//2184 2160//2160 2126//2126
f 2174//2174 2184//2184 2126//2126
f 2162//2162 2185//2185 2144//2144
f 2185//2185 2180//2180 2144//2144
f 2181//2181 2186//2186 2152//2152
f 2186//2186 2178//2178 2152//2152
f 2176//2176 2187//2187 2162//2162
f 2187//2187 2185//2185 2162//2162
f 2186//2186 2188//2188 2178//2178
f 2188//2188 2179//2179 2178//2178
f 2189//2189 2183//2183 2169//2169
f 2190//2190 2189//2189 2169//2169
f 2171//2171 2190//2190 2169//2169
f 2191//2191 2170//2170 2160//2160
f 2192//2192 2191//2191 2160//2160
f 2184//2184 2192//2192 2160//2160
f 2175//2175 2193//2193 2176//2176
f 2193//2193 2187//2187 2176//2176
f 2188//2188 2194//2194 2179//2179
f 2194//2194 2175//2175 2179//2179
f 2194//2194 2193//2193 2175//2175
f 2165//2165 2151//2151 2146//2146
f 2165//2165 2177//2177 2151//2151
f 2195//2195 2190//2190 2171//2171
f 2196//2196 2195//2195 2171//2171
f 2180//2180 2196//2196 2171//2171
f 2197//2197 2172//2172 2170//2170
f 2198//2198 2197//2197 2170//2170
f 2191//2191 2198//2198 2170//2170
f 2199//2199 2200//2200 2086//2086
f 2087//2087 2199//2199 2086//2086
f 2200//2200 2085//2085 2086//2086
f 2088//2088 2199//2199 2087//2087
f 2200//2200 2091//2091 2085//2085
f 2201//2201 2199//2199 2088//2088
f 2089//2089 2201//2201 2088//2088
f 2200//2200 2202//2202 2091//2091
f 2202//2202 2090//2090 2091//2091
f 2097//2097 2201//2201 2089//2089
f 2202//2202 2099//2099 2090//2090
f 2203//2203 2201//2201 2097//2097
f 2100//2100 2203//2203 2097//2097
f 2204//2204 2098//2098 2099//2099
f 2202//2202 2204//2204 2099//2099
f 2101//2101 2203//2203 2100//2100
f 2204//2204 2102//2102 2098//2098
f 2114//2114 2203//2203 2101//2101
f 2204//2204 2117//2117 2102//2102
f 2205//2205 2196//2196 2180//2180
f 2206//2206 2205//2205 2180//2180
f 2185//2185 2206//2206 2180//2180
f 2207//2207 2181//2181 2172//2172
f 2208//2208 2207//2207 2172//2172
f 2197//2197 2208//2208 2172//2172
f 2115//2115 2209//2209 2114//2114
f 2209//2209 2203//2203 2114//2114
f 2204//2204 2210//2210 2117//2117
f 2210//2210 2116//2116 2117//2117
f 2127//2127 2209//2209 2115//2115
f 2210//2210 2130//2130 2116//2116
f 2211//2211 2206//2206 2185//2185
f 2187//2187 2211//2211 2185//2185
f 2212//2212 2186//2186 2181//2181
f 2213//2213 2212//2212 2181//2181
f 2207//2207 2213//2213 2181//2181
f 2128//2128 2214//2214 2127//2127
f 2214//2214 2209//2209 2127//2127
f 2210//2210 2215//2215 2130//2130
f 2215//2215 2129//2129 2130//2130
f 2155//2155 2214//2214 2128//2128
f 2215//2215 2158//2158 2129//2129
f 2216//2216 2211//2211 2187//2187
f 2217//2217 2216//2216 2187//2187
f 2193//2193 2217//2217 2187//2187
f 2218//2218 2188//2188 2186//2186
f 2212//2212 2218//2218 2186//2186
f 2156//2156 2219//2219 2155//2155
f 2219//2219 2214//2214 2155//2155
f 2215//2215 2220//2220 2158//2158
f 2220//2220 2157//2157 2158//2158
f 2221//2221 2217//2217 2193//2193
f 2222//2222 2221//2221 2193//2193
f 2194//2194 2222//2222 2193//2193
f 2223//2223 2194//2194 2188//2188
f 2224//2224 2223//2223 2188//2188
f 2218//2218 2224//2224 2188//2188
f 2225//2225 2222//2222 2194//2194
f 2223//2223 2225//2225 2194//2194
f 2166//2166 2219//2219 2156//2156
f 2220//2220 2168//2168 2157//2157
f 2173//2173 2226//2226 2166//2166
f 2226//2226 2219//2219 2166//2166
f 2220//2220 2227//2227 2168//2168
f 2227//2227 2167//2167 2168//2168
f 2182//2182 2226//2226 2173//2173
f 2227//2227 2174//2174 2167//2167
f 2183//2183 2228//2228 2182//2182
f 2228//2228 2226//2226 2182//2182
f 2227//2227 2229//2229 2174//2174
f 2229//2229 2184//2184 2174//2174
f 2189//2189 2228//2228 2183//2183
f 2229//2229 2192//2192 2184//2184
f 2190//2190 2230//2230 2189//2189
f 2230//2230 2228//2228 2189//2189
f 2229//2229 2231//2231 2192//2192
f 2231//2231 2191//2191 2192//2192
f 2195//2195 2230//2230 2190//2190
f 2231//2231 2198//2198 2191//2191
f 2196//2196 2232//2232 2195//2195
f 2232//2232 2230//2230 2195//2195
f 2231//2231 2233//2233 2198//2198
f 2233//2233 2197//2197 2198//2198
f 2205//2205 2232//2232 2196//2196
f 2233//2233 2208//2208 2197//2197
f 2206//2206 2234//2234 2205//2205
f 2234//2234 2232//2232 2205//2205
f 2233//2233 2235//2235 2208//2208
f 2235//2235 2207//2207 2208//2208
f 2211//2211 2234//2234 2206//2206
f 2235//2235 2213//2213 2207//2207
f 2216//2216 2234//2234 2211//2211
f 2235//2235 2236//2236 2213//2213
f 2236//2236 2212//2212 2213//2213
f 2237//2237 2234//2234 2216//2216
f 2217//2217 2237//2237 2216//2216
f 2236//2236 2218//2218 2212//2212
f 2221//2221 2237//2237 2217//2217
f 2236//2236 2224//2224 2218//2218
f 2238//2238 2237//2237 2221//2221
f 2222//2222 2238//2238 2221//2221
f 2236//2236 2239//2239 2224//2224
f 2239//2239 2223//2223 2224//2224
f 2225//2225 2238//2238 2222//2222
f 2239//2239 2225//2225 2223//2223
f 2239//2239 2238//2238 2225//2225
f 2233//2233 2231//2231 2199//2199
f 2235//2235 2233//2233 2199//2199
f 2201//2201 2235//2235 2199//2199
f 2231//2231 2229//2229 2199//2199
f 2229//2229 2227//2227 2199//2199
f 2227//2227 2220//2220 2199//2199
f 2220//2220 2215//2215 2199//2199
f 2215//2215 2210//2210 2199//2199
f 2210//2210 2200//2200 2199//2199
f 2210//2210 2204//2204 2200//2200
f 2204//2204 2202//2202 2200//2200
f 2203//2203 2235//2235 2201//2201
f 2232//2232 2234//2234 2203//2203
f 2234//2234 2237//2237 2203//2203
f 2237//2237 2238//2238 2203//2203
f 2238//2238 2239//2239 2203//2203
f 2209//2209 2228//2228 2203//2203
f 2228//2228 2230//2230 2203//2203
f 2230//2230 2232//2232 2203//2203
f 2236//2236 2235//2235 2203//2203
f 2239//2239 2236//2236 2203//2203
f 2214//2214 2228//2228 2209//2209
f 2219//2219 2228//2228 2214//2214
f 2226//2226 2228//2228 2219//2219
f 2240//2240 2241//2241 2242//2242
f 2241//2241 2243//2243 2242//2242
f 2243//2243 2244//2244 2242//2242
f 2244//2244 2245//2245 2242//2242
f 2245//2245 2240//2240 2242//2242
f 2241//2241 2246//2246 2243//2243
f 2246//2246 2247//2247 2243//2243
f 2247//2247 2248//2248 2243//2243
f 2248//2248 2244//2244 2243//2243
f 2246//2246 2249//2249 2247//2247
f 2249//2249 2250//2250 2247//2247
f 2250//2250 2248//2248 2247//2247
f 2246//2246 2251//2251 2249//2249
f 2251//2251 2252//2252 2249//2249
f 2252//2252 2253//2253 2249//2249
f 2253//2253 2250//2250 2249//2249
f 2251//2251 2254//2254 2252//2252
f 2254//2254 2255//2255 2252//2252
f 2255//2255 2256//2256 2252//2252
f 2256//2256 2253//2253 2252//2252
f 2257//2257 2251//2251 2246//2246
f 2258//2258 2257//2257 2246//2246
f 2241//2241 2258//2258 2246//2246
f 2259//2259 2260//2260 2255//2255
f 2261//2261 2259//2259 2255//2255
f 2254//2254 2261//2261 2255//2255
f 2260//2260 2262//2262 2255//2255
f 2262//2262 2256//2256 2255//2255
f 2263//2263 2264//2264 2260//2260
f 2259//2259 2263//2263 2260//2260
f 2264//2264 2265//2265 2260//2260
f 2265//2265 2262//2262 2260//2260
f 2263//2263 2266//2266 2264//2264
f 2266//2266 2267//2267 2264//2264
f 2267//2267 2265//2265 2264//2264
f 2268//2268 2254//2254 2251//2251
f 2269//2269 2268//2268 2251//2251
f 2257//2257 2269//2269 2251//2251
f 2270//2270 2261//2261 2254//2254
f 2268//2268 2270//2270 2254//2254
f 2271//2271 2259//2259 2261//2261
f 2270//2270 2271//2271 2261//2261
f 2272//2272 2266//2266 2263//2263
f 2273//2273 2272//2272 2263//2263
f 2271//2271 2273//2273 2263//2263
f 2259//2259 2271//2271 2263//2263
f 2272//2272 2274//2274 2266//2266
f 2274//2274 2275//2275 2266//2266
f 2275//2275 2267//2267 2266//2266
f 2272//2272 2276//2276 2274//2274
f 2276//2276 2277//2277 2274//2274
f 2277//2277 2275//2275 2274//2274
f 2278//2278 2279//2279 2272//2272
f 2279//2279 2276//2276 2272//2272
f 2280//2280 2278//2278 2272//2272
f 2281//2281 2280//2280 2272//2272
f 2273//2273 2281//2281 2272//2272
f 2282//2282 2278//2278 2280//2280
f 2283//2283 2282//2282 2280//2280
f 2284//2284 2283//2283 2280//2280
f 2281//2281 2284//2284 2280//2280
f 2285//2285 2278//2278 2282//2282
f 2286//2286 2285//2285 2282//2282
f 2287//2287 2286//2286 2282//2282
f 2283//2283 2287//2287 2282//2282
f 2288//2288 2285//2285 2286//2286
f 2289//2289 2288//2288 2286//2286
f 2290//2290 2289//2289 2286//2286
f 2287//2287 2290//2290 2286//2286
f 2291//2291 2288//2288 2289//2289
f 2292//2292 2291//2291 2289//2289
f 2290//2290 2292//2292 2289//2289
f 2293//2293 2288//2288 2291//2291
f 2294//2294 2293//2293 2291//2291
f 2292//2292 2294//2294 2291//2291
f 2279//2279 2295//2295 2276//2276
f 2295//2295 2277//2277 2276//2276
f 2278//2278 2296//2296 2279//2279
f 2296//2296 2295//2295 2279//2279
f 2285//2285 2297//2297 2278//2278
f 2297//2297 2296//2296 2278//2278
f 2298//2298 2293//2293 2294//2294
f 2299//2299 2300//2300 2294//2294
f 2300//2300 2301//2301 2294//2294
f 2301//2301 2298//2298 2294//2294
f 2292//2292 2302//2302 2294//2294
f 2302//2302 2299//2299 2294//2294
f 2288//2288 2303//2303 2285//2285
f 2303//2303 2297//2297 2285//2285
f 2293//2293 2304//2304 2288//2288
f 2304//2304 2303//2303 2288//2288
f 2298//2298 2305//2305 2293//2293
f 2305//2305 2304//2304 2293//2293
f 2301//2301 2306//2306 2298//2298
f 2306//2306 2305//2305 2298//2298
f 2307//2307 2306//2306 2301//2301
f 2300//2300 2307//2307 2301//2301
f 2308//2308 2241//2241 2240//2240
f 2245//2245 2309//2309 2240//2240
f 2309//2309 2308//2308 2240//2240
f 2310//2310 2241//2241 2308//2308
f 2311//2311 2310//2310 2308//2308
f 2309//2309 2312//2312 2308//2308
f 2312//2312 2311//2311 2308//2308
f 2313//2313 2314//2314 2311//2311
f 2314//2314 2315//2315 2311//2311
f 2315//2315 2310//2310 2311//2311
f 2312//2312 2316//2316 2311//2311
f 2316//2316 2313//2313 2311//2311
f 2317//2317 2318//2318 2313//2313
f 2318//2318 2314//2314 2313//2313
f 2316//2316 2319//2319 2313//2313
f 2319//2319 2317//2317 2313//2313
f 2320//2320 2258//2258 2241//2241
f 2310//2310 2320//2320 2241//2241
f 2321//2321 2322//2322 2317//2317
f 2322//2322 2323//2323 2317//2317
f 2323//2323 2318//2318 2317//2317
f 2319//2319 2324//2324 2317//2317
f 2324//2324 2321//2321 2317//2317
f 2325//2325 2322//2322 2321//2321
f 2324//2324 2326//2326 2321//2321
f 2326//2326 2325//2325 2321//2321
f 2327//2327 2322//2322 2325//2325
f 2326//2326 2328//2328 2325//2325
f 2328//2328 2327//2327 2325//2325
f 2315//2315 2320//2320 2310//2310
f 2329//2329 2320//2320 2315//2315
f 2314//2314 2329//2329 2315//2315
f 2330//2330 2329//2329 2314//2314
f 2318//2318 2330//2330 2314//2314
f 2331//2331 2330//2330 2318//2318
f 2323//2323 2331//2331 2318//2318
f 2322//2322 2332//2332 2323//2323
f 2332//2332 2333//2333 2323//2323
f 2333//2333 2331//2331 2323//2323
f 2327//2327 2334//2334 2322//2322
f 2334//2334 2335//2335 2322//2322
f 2336//2336 2332//2332 2322//2322
f 2335//2335 2336//2336 2322//2322
f 2328//2328 2337//2337 2327//2327
f 2337//2337 2334//2334 2327//2327
f 2338//2338 2335//2335 2334//2334
f 2337//2337 2339//2339 2334//2334
f 2339//2339 2338//2338 2334//2334
f 2340//2340 2335//2335 2341//2341
f 2335//2335 2342//2342 2341//2341
f 2342//2342 2343//2343 2341//2341
f 2343//2343 2344//2344 2341//2341
f 2344//2344 2340//2340 2341//2341
f 2340//2340 2336//2336 2335//2335
f 2338//2338 2342//2342 2335//2335
f 2343//2343 2345//2345 2344//2344
f 2346//2346 2340//2340 2344//2344
f 2345//2345 2346//2346 2344//2344
f 2347//2347 2348//2348 2345//2345
f 2343//2343 2347//2347 2345//2345
f 2349//2349 2346//2346 2345//2345
f 2348//2348 2349//2349 2345//2345
f 2350//2350 2351//2351 2348//2348
f 2347//2347 2350//2350 2348//2348
f 2352//2352 2349//2349 2348//2348
f 2351//2351 2352//2352 2348//2348
f 2350//2350 2299//2299 2351//2351
f 2299//2299 2353//2353 2351//2351
f 2353//2353 2354//2354 2351//2351
f 2354//2354 2352//2352 2351//2351
f 2339//2339 2355//2355 2338//2338
f 2355//2355 2342//2342 2338//2338
f 2355//2355 2356//2356 2342//2342
f 2356//2356 2343//2343 2342//2342
f 2356//2356 2357//2357 2343//2343
f 2357//2357 2347//2347 2343//2343
f 2350//2350 2358//2358 2299//2299
f 2358//2358 2300//2300 2299//2299
f 2302//2302 2353//2353 2299//2299
f 2357//2357 2359//2359 2347//2347
f 2359//2359 2350//2350 2347//2347
f 2359//2359 2360//2360 2350//2350
f 2360//2360 2358//2358 2350//2350
f 2360//2360 2361//2361 2358//2358
f 2361//2361 2300//2300 2358//2358
f 2361//2361 2307//2307 2300//2300
f 2362//2362 2245//2245 2244//2244
f 2363//2363 2362//2362 2244//2244
f 2248//2248 2363//2363 2244//2244
f 2364//2364 2363//2363 2248//2248
f 2365//2365 2364//2364 2248//2248
f 2250//2250 2365//2365 2248//2248
f 2366//2366 2365//2365 2250//2250
f 2367//2367 2366//2366 2250//2250
f 2253//2253 2367//2367 2250//2250
f 2368//2368 2367//2367 2253//2253
f 2369//2369 2368//2368 2253//2253
f 2256//2256 2369//2369 2253//2253
f 2370//2370 2369//2369 2256//2256
f 2262//2262 2370//2370 2256//2256
f 2371//2371 2370//2370 2262//2262
f 2372//2372 2371//2371 2262//2262
f 2265//2265 2372//2372 2262//2262
f 2373//2373 2372//2372 2265//2265
f 2374//2374 2373//2373 2265//2265
f 2267//2267 2374//2374 2265//2265
f 2375//2375 2374//2374 2267//2267
f 2376//2376 2375//2375 2267//2267
f 2275//2275 2376//2376 2267//2267
f 2377//2377 2376//2376 2275//2275
f 2277//2277 2377//2377 2275//2275
f 2378//2378 2377//2377 2277//2277
f 2379//2379 2378//2378 2277//2277
f 2295//2295 2379//2379 2277//2277
f 2380//2380 2379//2379 2295//2295
f 2381//2381 2380//2380 2295//2295
f 2296//2296 2381//2381 2295//2295
f 2382//2382 2381//2381 2296//2296
f 2383//2383 2382//2382 2296//2296
f 2297//2297 2383//2383 2296//2296
f 2384//2384 2383//2383 2297//2297
f 2303//2303 2384//2384 2297//2297
f 2385//2385 2384//2384 2303//2303
f 2386//2386 2385//2385 2303//2303
f 2304//2304 2386//2386 2303//2303
f 2387//2387 2386//2386 2304//2304
f 2388//2388 2387//2387 2304//2304
f 2305//2305 2388//2388 2304//2304
f 2389//2389 2388//2388 2305//2305
f 2390//2390 2389//2389 2305//2305
f 2306//2306 2390//2390 2305//2305
f 2391//2391 2390//2390 2306//2306
f 2307//2307 2391//2391 2306//2306
f 2361//2361 2392//2392 2307//2307
f 2392//2392 2391//2391 2307//2307
f 2393//2393 2309//2309 2245//2245
f 2362//2362 2393//2393 2245//2245
f 2394//2394 2312//2312 2309//2309
f 2395//2395 2394//2394 2309//2309
f 2393//2393 2395//2395 2309//2309
f 2396//2396 2316//2316 2312//2312
f 2397//2397 2396//2396 2312//2312
f 2394//2394 2397//2397 2312//2312
f 2398//2398 2319//2319 2316//2316
f 2399//2399 2398//2398 2316//2316
f 2396//2396 2399//2399 2316//2316
f 2400//2400 2324//2324 2319//2319
f 2398//2398 2400//2400 2319//2319
f 2401//2401 2326//2326 2324//2324
f 2402//2402 2401//2401 2324//2324
f 2400//2400 2402//2402 2324//2324
f 2403//2403 2328//2328 2326//2326
f 2404//2404 2403//2403 2326//2326
f 2401//2401 2404//2404 2326//2326
f 2405//2405 2337//2337 2328//2328
f 2406//2406 2405//2405 2328//2328
f 2403//2403 2406//2406 2328//2328
f 2407//2407 2339//2339 2337//2337
f 2405//2405 2407//2407 2337//2337
f 2408//2408 2355//2355 2339//2339
f 2409//2409 2408//2408 2339//2339
f 2407//2407 2409//2409 2339//2339
f 2410//2410 2356//2356 2355//2355
f 2411//2411 2410//2410 2355//2355
f 2408//2408 2411//2411 2355//2355
f 2412//2412 2357//2357 2356//2356
f 2413//2413 2412//2412 2356//2356
f 2410//2410 2413//2413 2356//2356
f 2414//2414 2359//2359 2357//2357
f 2412//2412 2414//2414 2357//2357
f 2415//2415 2360//2360 2359//2359
f 2416//2416 2415//2415 2359//2359
f 2414//2414 2416//2416 2359//2359
f 2417//2417 2361//2361 2360//2360
f 2418//2418 2417//2417 2360//2360
f 2415//2415 2418//2418 2360//2360
f 2419//2419 2392//2392 2361//2361
f 2417//2417 2419//2419 2361//2361
f 2258//2258 2269//2269 2257//2257
f 2320//2320 2269//2269 2258//2258
f 2320//2320 2329//2329 2269//2269
f 2329//2329 2268//2268 2269//2269
f 2330//2330 2268//2268 2329//2329
f 2349//2349 2270//2270 2268//2268
f 2346//2346 2349//2349 2268//2268
f 2330//2330 2331//2331 2268//2268
f 2331//2331 2336//2336 2268//2268
f 2336//2336 2340//2340 2268//2268
f 2340//2340 2346//2346 2268//2268
f 2349//2349 2352//2352 2270//2270
f 2353//2353 2290//2290 2270//2270
f 2354//2354 2353//2353 2270//2270
f 2352//2352 2354//2354 2270//2270
f 2283//2283 2271//2271 2270//2270
f 2287//2287 2283//2283 2270//2270
f 2290//2290 2287//2287 2270//2270
f 2333//2333 2336//2336 2331//2331
f 2284//2284 2281//2281 2273//2273
f 2271//2271 2284//2284 2273//2273
f 2283//2283 2284//2284 2271//2271
f 2332//2332 2336//2336 2333//2333
f 2353//2353 2292//2292 2290//2290
f 2353//2353 2302//2302 2292//2292
f 2364//2364 2420//2420 2363//2363
f 2420//2420 2362//2362 2363//2363
f 2365//2365 2421//2421 2364//2364
f 2421//2421 2420//2420 2364//2364
f 2366//2366 2421//2421 2365//2365
f 2367//2367 2422//2422 2366//2366
f 2422//2422 2421//2421 2366//2366
f 2368//2368 2422//2422 2367//2367
f 2369//2369 2423//2423 2368//2368
f 2423//2423 2422//2422 2368//2368
f 2370//2370 2424//2424 2369//2369
f 2424//2424 2423//2423 2369//2369
f 2371//2371 2424//2424 2370//2370
f 2372//2372 2424//2424 2371//2371
f 2373//2373 2424//2424 2372//2372
f 2425//2425 2424//2424 2373//2373
f 2374//2374 2425//2425 2373//2373
f 2375//2375 2425//2425 2374//2374
f 2426//2426 2425//2425 2375//2375
f 2376//2376 2426//2426 2375//2375
f 2377//2377 2426//2426 2376//2376
f 2378//2378 2426//2426 2377//2377
f 2379//2379 2427//2427 2378//2378
f 2427//2427 2426//2426 2378//2378
f 2380//2380 2427//2427 2379//2379
f 2381//2381 2428//2428 2380//2380
f 2428//2428 2427//2427 2380//2380
f 2382//2382 2428//2428 2381//2381
f 2383//2383 2429//2429 2382//2382
f 2429//2429 2428//2428 2382//2382
f 2384//2384 2429//2429 2383//2383
f 2385//2385 2429//2429 2384//2384
f 2430//2430 2429//2429 2385//2385
f 2386//2386 2430//2430 2385//2385
f 2387//2387 2430//2430 2386//2386
f 2431//2431 2430//2430 2387//2387
f 2388//2388 2431//2431 2387//2387
f 2389//2389 2431//2431 2388//2388
f 2432//2432 2431//2431 2389//2389
f 2390//2390 2432//2432 2389//2389
f 2391//2391 2432//2432 2390//2390
f 2392//2392 2433//2433 2391//2391
f 2433//2433 2432//2432 2391//2391
f 2419//2419 2433//2433 2392//2392
f 2420//2420 2434//2434 2362//2362
f 2434//2434 2393//2393 2362//2362
f 2434//2434 2395//2395 2393//2393
f 2434//2434 2435//2435 2395//2395
f 2435//2435 2394//2394 2395//2395
f 2435//2435 2397//2397 2394//2394
f 2436//2436 2396//2396 2397//2397
f 2435//2435 2436//2436 2397//2397
f 2436//2436 2399//2399 2396//2396
f 2436//2436 2398//2398 2399//2399
f 2436//2436 2437//2437 2398//2398
f 2437//2437 2400//2400 2398//2398
f 2437//2437 2402//2402 2400//2400
f 2437//2437 2438//2438 2402//2402
f 2438//2438 2401//2401 2402//2402
f 2438//2438 2404//2404 2401//2401
f 2438//2438 2439//2439 2404//2404
f 2439//2439 2403//2403 2404//2404
f 2439//2439 2406//2406 2403//2403
f 2439//2439 2440//2440 2406//2406
f 2440//2440 2405//2405 2406//2406
f 2440//2440 2407//2407 2405//2405
f 2440//2440 2409//2409 2407//2407
f 2440//2440 2441//2441 2409//2409
f 2441//2441 2408//2408 2409//2409
f 2441//2441 2411//2411 2408//2408
f 2441//2441 2442//2442 2411//2411
f 2442//2442 2410//2410 2411//2411
f 2442//2442 2413//2413 2410//2410
f 2442//2442 2412//2412 2413//2413
f 2442//2442 2414//2414 2412//2412
f 2442//2442 2443//2443 2414//2414
f 2443//2443 2416//2416 2414//2414
f 2443//2443 2444//2444 2416//2416
f 2444//2444 2415//2415 2416//2416
f 2444//2444 2418//2418 2415//2415
f 2444//2444 2445//2445 2418//2418
f 2445//2445 2417//2417 2418//2418
f 2445//2445 2419//2419 2417//2417
f 2445//2445 2433//2433 2419//2419
f 2436//2436 2434//2434 2420//2420
f 2421//2421 2436//2436 2420//2420
f 2422//2422 2436//2436 2421//2421
f 2436//2436 2435//2435 2434//2434
f 2437//2437 2436//2436 2422//2422
f 2438//2438 2437//2437 2422//2422
f 2423//2423 2438//2438 2422//2422
f 2424//2424 2438//2438 2423//2423
f 2425//2425 2438//2438 2424//2424
f 2426//2426 2438//2438 2425//2425
f 2427//2427 2428//2428 2438//2438
f 2426//2426 2427//2427 2438//2438
f 2428//2428 2439//2439 2438//2438
f 2428//2428 2440//2440 2439//2439
f 2429//2429 2441//2441 2440//2440
f 2428//2428 2429//2429 2440//2440
f 2429//2429 2442//2442 2441//2441
f 2443//2443 2442//2442 2429//2429
f 2430//2430 2443//2443 2429//2429
f 2431//2431 2443//2443 2430//2430
f 2431//2431 2432//2432 2443//2443
f 2432//2432 2433//2433 2443//2443
f 2433//2433 2445//2445 2443//2443
f 2445//2445 2444//2444 2443//2443
f 2446//2446 2447//2447 2448//2448
f 2449//2449 2446//2446 2448//2448
f 2450//2450 2449//2449 2448//2448
f 2447//2447 2451//2451 2448//2448
f 2451//2451 2452//2452 2448//2448
f 2452//2452 2450//2450 2448//2448
f 2446//2446 2453//2453 2447//2447
f 2453//2453 2454//2454 2447//2447
f 2454//2454 2451//2451 2447//2447
f 2455//2455 2449//2449 2450//2450
f 2452//2452 2456//2456 2450//2450
f 2456//2456 2455//2455 2450//2450
f 2446//2446 2457//2457 2453//2453
f 2457//2457 2458//2458 2453//2453
f 2458//2458 2454//2454 2453//2453
f 2459//2459 2449//2449 2455//2455
f 2460//2460 2459//2459 2455//2455
f 2456//2456 2461//2461 2455//2455
f 2461//2461 2460//2460 2455//2455
f 2446//2446 2462//2462 2457//2457
f 2462//2462 2463//2463 2457//2457
f 2463//2463 2464//2464 2457//2457
f 2464//2464 2458//2458 2457//2457
f 2465//2465 2466//2466 2460//2460
f 2466//2466 2467//2467 2460//2460
f 2467//2467 2459//2459 2460//2460
f 2461//2461 2468//2468 2460//2460
f 2468//2468 2465//2465 2460//2460
f 2462//2462 2469//2469 2463//2463
f 2469//2469 2470//2470 2463//2463
f 2470//2470 2471//2471 2463//2463
f 2471//2471 2464//2464 2463//2463
f 2472//2472 2473//2473 2465//2465
f 2473//2473 2466//2466 2465//2465
f 2468//2468 2474//2474 2465//2465
f 2474//2474 2472//2472 2465//2465
f 2475//2475 2462//2462 2446//2446
f 2476//2476 2475//2475 2446//2446
f 2449//2449 2476//2476 2446//2446
f 2477//2477 2476//2476 2449//2449
f 2459//2459 2477//2477 2449//2449
f 2478//2478 2479//2479 2470//2470
f 2480//2480 2478//2478 2470//2470
f 2469//2469 2480//2480 2470//2470
f 2479//2479 2481//2481 2470//2470
f 2481//2481 2471//2471 2470//2470
f 2482//2482 2483//2483 2472//2472
f 2483//2483 2484//2484 2472//2472
f 2484//2484 2473//2473 2472//2472
f 2474//2474 2485//2485 2472//2472
f 2485//2485 2482//2482 2472//2472
f 2486//2486 2487//2487 2479//2479
f 2478//2478 2486//2486 2479//2479
f 2487//2487 2488//2488 2479//2479
f 2488//2488 2481//2481 2479//2479
f 2489//2489 2483//2483 2482//2482
f 2485//2485 2490//2490 2482//2482
f 2490//2490 2489//2489 2482//2482
f 2486//2486 2491//2491 2487//2487
f 2491//2491 2492//2492 2487//2487
f 2492//2492 2488//2488 2487//2487
f 2493//2493 2483//2483 2489//2489
f 2490//2490 2494//2494 2489//2489
f 2494//2494 2493//2493 2489//2489
f 2495//2495 2469//2469 2462//2462
f 2496//2496 2495//2495 2462//2462
f 2475//2475 2496//2496 2462//2462
f 2467//2467 2477//2477 2459//2459
f 2497//2497 2477//2477 2467//2467
f 2466//2466 2497//2497 2467//2467
f 2498//2498 2480//2480 2469//2469
f 2495//2495 2498//2498 2469//2469
f 2499//2499 2497//2497 2466//2466
f 2473//2473 2499//2499 2466//2466
f 2500//2500 2478//2478 2480//2480
f 2498//2498 2500//2500 2480//2480
f 2501//2501 2499//2499 2473//2473
f 2484//2484 2501//2501 2473//2473
f 2502//2502 2503//2503 2486//2486
f 2503//2503 2491//2491 2486//2486
f 2504//2504 2502//2502 2486//2486
f 2500//2500 2504//2504 2486//2486
f 2478//2478 2500//2500 2486//2486
f 2483//2483 2505//2505 2484//2484
f 2505//2505 2506//2506 2484//2484
f 2506//2506 2501//2501 2484//2484
f 2493//2493 2507//2507 2483//2483
f 2508//2508 2505//2505 2483//2483
f 2507//2507 2508//2508 2483//2483
f 2503//2503 2509//2509 2491//2491
f 2509//2509 2492//2492 2491//2491
f 2510//2510 2507//2507 2493//2493
f 2494//2494 2511//2511 2493//2493
f 2511//2511 2510//2510 2493//2493
f 2502//2502 2512//2512 2503//2503
f 2512//2512 2513//2513 2503//2503
f 2513//2513 2509//2509 2503//2503
f 2514//2514 2507//2507 2510//2510
f 2511//2511 2515//2515 2510//2510
f 2515//2515 2514//2514 2510//2510
f 2516//2516 2517//2517 2502//2502
f 2517//2517 2512//2512 2502//2502
f 2518//2518 2516//2516 2502//2502
f 2519//2519 2518//2518 2502//2502
f 2504//2504 2519//2519 2502//2502
f 2520//2520 2516//2516 2518//2518
f 2521//2521 2520//2520 2518//2518
f 2522//2522 2521//2521 2518//2518
f 2519//2519 2522//2522 2518//2518
f 2523//2523 2507//2507 2524//2524
f 2507//2507 2525//2525 2524//2524
f 2525//2525 2526//2526 2524//2524
f 2526//2526 2527//2527 2524//2524
f 2527//2527 2523//2523 2524//2524
f 2523//2523 2508//2508 2507//2507
f 2514//2514 2525//2525 2507//2507
f 2528//2528 2516//2516 2520//2520
f 2529//2529 2528//2528 2520//2520
f 2530//2530 2529//2529 2520//2520
f 2521//2521 2530//2530 2520//2520
f 2526//2526 2531//2531 2527//2527
f 2532//2532 2523//2523 2527//2527
f 2531//2531 2532//2532 2527//2527
f 2533//2533 2528//2528 2529//2529
f 2534//2534 2533//2533 2529//2529
f 2535//2535 2534//2534 2529//2529
f 2530//2530 2535//2535 2529//2529
f 2536//2536 2537//2537 2531//2531
f 2526//2526 2536//2536 2531//2531
f 2538//2538 2532//2532 2531//2531
f 2537//2537 2538//2538 2531//2531
f 2539//2539 2533//2533 2534//2534
f 2540//2540 2539//2539 2534//2534
f 2535//2535 2540//2540 2534//2534
f 2541//2541 2542//2542 2539//2539
f 2542//2542 2533//2533 2539//2539
f 2540//2540 2541//2541 2539//2539
f 2543//2543 2544//2544 2537//2537
f 2536//2536 2543//2543 2537//2537
f 2544//2544 2545//2545 2537//2537
f 2545//2545 2546//2546 2537//2537
f 2546//2546 2538//2538 2537//2537
f 2517//2517 2547//2547 2512//2512
f 2547//2547 2513//2513 2512//2512
f 2515//2515 2548//2548 2514//2514
f 2548//2548 2525//2525 2514//2514
f 2516//2516 2549//2549 2517//2517
f 2549//2549 2547//2547 2517//2517
f 2548//2548 2550//2550 2525//2525
f 2550//2550 2526//2526 2525//2525
f 2528//2528 2551//2551 2516//2516
f 2551//2551 2549//2549 2516//2516
f 2550//2550 2552//2552 2526//2526
f 2552//2552 2536//2536 2526//2526
f 2553//2553 2554//2554 2541//2541
f 2554//2554 2542//2542 2541//2541
f 2555//2555 2553//2553 2541//2541
f 2544//2544 2555//2555 2541//2541
f 2540//2540 2556//2556 2541//2541
f 2556//2556 2544//2544 2541//2541
f 2557//2557 2555//2555 2544//2544
f 2543//2543 2557//2557 2544//2544
f 2556//2556 2545//2545 2544//2544
f 2533//2533 2558//2558 2528//2528
f 2558//2558 2551//2551 2528//2528
f 2552//2552 2559//2559 2536//2536
f 2559//2559 2543//2543 2536//2536
f 2542//2542 2560//2560 2533//2533
f 2560//2560 2558//2558 2533//2533
f 2559//2559 2561//2561 2543//2543
f 2561//2561 2557//2557 2543//2543
f 2554//2554 2562//2562 2542//2542
f 2562//2562 2560//2560 2542//2542
f 2561//2561 2563//2563 2557//2557
f 2563//2563 2555//2555 2557//2557
f 2553//2553 2564//2564 2554//2554
f 2564//2564 2562//2562 2554//2554
f 2563//2563 2565//2565 2555//2555
f 2565//2565 2553//2553 2555//2555
f 2565//2565 2564//2564 2553//2553
f 2566//2566 2452//2452 2451//2451
f 2567//2567 2566//2566 2451//2451
f 2454//2454 2567//2567 2451//2451
f 2568//2568 2567//2567 2454//2454
f 2569//2569 2568//2568 2454//2454
f 2458//2458 2569//2569 2454//2454
f 2570//2570 2456//2456 2452//2452
f 2566//2566 2570//2570 2452//2452
f 2571//2571 2569//2569 2458//2458
f 2572//2572 2571//2571 2458//2458
f 2464//2464 2572//2572 2458//2458
f 2573//2573 2461//2461 2456//2456
f 2574//2574 2573//2573 2456//2456
f 2570//2570 2574//2574 2456//2456
f 2575//2575 2572//2572 2464//2464
f 2576//2576 2575//2575 2464//2464
f 2471//2471 2576//2576 2464//2464
f 2577//2577 2468//2468 2461//2461
f 2578//2578 2577//2577 2461//2461
f 2573//2573 2578//2578 2461//2461
f 2579//2579 2576//2576 2471//2471
f 2481//2481 2579//2579 2471//2471
f 2580//2580 2474//2474 2468//2468
f 2581//2581 2580//2580 2468//2468
f 2577//2577 2581//2581 2468//2468
f 2582//2582 2579//2579 2481//2481
f 2583//2583 2582//2582 2481//2481
f 2488//2488 2583//2583 2481//2481
f 2584//2584 2485//2485 2474//2474
f 2580//2580 2584//2584 2474//2474
f 2585//2585 2583//2583 2488//2488
f 2586//2586 2585//2585 2488//2488
f 2492//2492 2586//2586 2488//2488
f 2587//2587 2490//2490 2485//2485
f 2588//2588 2587//2587 2485//2485
f 2584//2584 2588//2588 2485//2485
f 2589//2589 2586//2586 2492//2492
f 2590//2590 2589//2589 2492//2492
f 2509//2509 2590//2590 2492//2492
f 2591//2591 2494//2494 2490//2490
f 2592//2592 2591//2591 2490//2490
f 2587//2587 2592//2592 2490//2490
f 2593//2593 2590//2590 2509//2509
f 2513//2513 2593//2593 2509//2509
f 2594//2594 2511//2511 2494//2494
f 2595//2595 2594//2594 2494//2494
f 2591//2591 2595//2595 2494//2494
f 2596//2596 2593//2593 2513//2513
f 2597//2597 2596//2596 2513//2513
f 2547//2547 2597//2597 2513//2513
f 2598//2598 2515//2515 2511//2511
f 2594//2594 2598//2598 2511//2511
f 2599//2599 2597//2597 2547//2547
f 2600//2600 2599//2599 2547//2547
f 2549//2549 2600//2600 2547//2547
f 2601//2601 2548//2548 2515//2515
f 2602//2602 2601//2601 2515//2515
f 2598//2598 2602//2602 2515//2515
f 2603//2603 2600//2600 2549//2549
f 2604//2604 2603//2603 2549//2549
f 2551//2551 2604//2604 2549//2549
f 2605//2605 2550//2550 2548//2548
f 2606//2606 2605//2605 2548//2548
f 2601//2601 2606//2606 2548//2548
f 2607//2607 2604//2604 2551//2551
f 2558//2558 2607//2607 2551//2551
f 2608//2608 2552//2552 2550//2550
f 2609//2609 2608//2608 2550//2550
f 2605//2605 2609//2609 2550//2550
f 2610//2610 2607//2607 2558//2558
f 2611//2611 2610//2610 2558//2558
f 2560//2560 2611//2611 2558//2558
f 2612//2612 2559//2559 2552//2552
f 2608//2608 2612//2612 2552//2552
f 2613//2613 2611//2611 2560//2560
f 2614//2614 2613//2613 2560//2560
f 2562//2562 2614//2614 2560//2560
f 2615//2615 2561//2561 2559//2559
f 2616//2616 2615//2615 2559//2559
f 2612//2612 2616//2616 2559//2559
f 2617//2617 2614//2614 2562//2562
f 2618//2618 2617//2617 2562//2562
f 2564//2564 2618//2618 2562//2562
f 2619//2619 2563//2563 2561//2561
f 2620//2620 2619//2619 2561//2561
f 2615//2615 2620//2620 2561//2561
f 2621//2621 2618//2618 2564//2564
f 2565//2565 2621//2621 2564//2564
f 2622//2622 2565//2565 2563//2563
f 2623//2623 2622//2622 2563//2563
f 2619//2619 2623//2623 2563//2563
f 2622//2622 2621//2621 2565//2565
f 2476//2476 2477//2477 2475//2475
f 2477//2477 2497//2497 2475//2475
f 2497//2497 2532//2532 2475//2475
f 2532//2532 2496//2496 2475//2475
f 2532//2532 2495//2495 2496//2496
f 2499//2499 2532//2532 2497//2497
f 2532//2532 2498//2498 2495//2495
f 2501//2501 2532//2532 2499//2499
f 2546//2546 2545//2545 2498//2498
f 2545//2545 2535//2535 2498//2498
f 2532//2532 2538//2538 2498//2498
f 2538//2538 2546//2546 2498//2498
f 2521//2521 2500//2500 2498//2498
f 2530//2530 2521//2521 2498//2498
f 2535//2535 2530//2530 2498//2498
f 2506//2506 2523//2523 2501//2501
f 2523//2523 2532//2532 2501//2501
f 2522//2522 2519//2519 2504//2504
f 2500//2500 2522//2522 2504//2504
f 2521//2521 2522//2522 2500//2500
f 2505//2505 2508//2508 2506//2506
f 2508//2508 2523//2523 2506//2506
f 2545//2545 2540//2540 2535//2535
f 2545//2545 2556//2556 2540//2540
f 2568//2568 2624//2624 2567//2567
f 2624//2624 2566//2566 2567//2567
f 2569//2569 2625//2625 2568//2568
f 2625//2625 2624//2624 2568//2568
f 2624//2624 2626//2626 2566//2566
f 2626//2626 2570//2570 2566//2566
f 2571//2571 2625//2625 2569//2569
f 2626//2626 2574//2574 2570//2570
f 2572//2572 2627//2627 2571//2571
f 2627//2627 2625//2625 2571//2571
f 2626//2626 2628//2628 2574//2574
f 2628//2628 2573//2573 2574//2574
f 2575//2575 2627//2627 2572//2572
f 2628//2628 2578//2578 2573//2573
f 2576//2576 2629//2629 2575//2575
f 2629//2629 2627//2627 2575//2575
f 2628//2628 2630//2630 2578//2578
f 2630//2630 2577//2577 2578//2578
f 2579//2579 2631//2631 2576//2576
f 2631//2631 2629//2629 2576//2576
f 2630//2630 2581//2581 2577//2577
f 2582//2582 2631//2631 2579//2579
f 2632//2632 2580//2580 2581//2581
f 2630//2630 2632//2632 2581//2581
f 2583//2583 2631//2631 2582//2582
f 2632//2632 2584//2584 2580//2580
f 2585//2585 2631//2631 2583//2583
f 2632//2632 2588//2588 2584//2584
f 2633//2633 2631//2631 2585//2585
f 2586//2586 2633//2633 2585//2585
f 2632//2632 2634//2634 2588//2588
f 2634//2634 2587//2587 2588//2588
f 2589//2589 2633//2633 2586//2586
f 2634//2634 2592//2592 2587//2587
f 2635//2635 2633//2633 2589//2589
f 2590//2590 2635//2635 2589//2589
f 2634//2634 2636//2636 2592//2592
f 2636//2636 2591//2591 2592//2592
f 2593//2593 2635//2635 2590//2590
f 2636//2636 2595//2595 2591//2591
f 2596//2596 2635//2635 2593//2593
f 2636//2636 2637//2637 2595//2595
f 2637//2637 2594//2594 2595//2595
f 2597//2597 2638//2638 2596//2596
f 2638//2638 2635//2635 2596//2596
f 2637//2637 2598//2598 2594//2594
f 2599//2599 2638//2638 2597//2597
f 2637//2637 2602//2602 2598//2598
f 2600//2600 2639//2639 2599//2599
f 2639//2639 2638//2638 2599//2599
f 2637//2637 2640//2640 2602//2602
f 2640//2640 2601//2601 2602//2602
f 2603//2603 2639//2639 2600//2600
f 2640//2640 2606//2606 2601//2601
f 2604//2604 2641//2641 2603//2603
f 2641//2641 2639//2639 2603//2603
f 2640//2640 2642//2642 2606//2606
f 2642//2642 2605//2605 2606//2606
f 2607//2607 2641//2641 2604//2604
f 2642//2642 2609//2609 2605//2605
f 2610//2610 2641//2641 2607//2607
f 2642//2642 2608//2608 2609//2609
f 2643//2643 2641//2641 2610//2610
f 2611//2611 2643//2643 2610//2610
f 2642//2642 2612//2612 2608//2608
f 2613//2613 2643//2643 2611//2611
f 2642//2642 2644//2644 2612//2612
f 2644//2644 2616//2616 2612//2612
f 2645//2645 2643//2643 2613//2613
f 2614//2614 2645//2645 2613//2613
f 2644//2644 2646//2646 2616//2616
f 2646//2646 2615//2615 2616//2616
f 2617//2617 2645//2645 2614//2614
f 2646//2646 2620//2620 2615//2615
f 2647//2647 2645//2645 2617//2617
f 2618//2618 2647//2647 2617//2617
f 2646//2646 2648//2648 2620//2620
f 2648//2648 2619//2619 2620//2620
f 2621//2621 2647//2647 2618//2618
f 2648//2648 2623//2623 2619//2619
f 2622//2622 2649//2649 2621//2621
f 2649//2649 2647//2647 2621//2621
f 2648//2648 2649//2649 2623//2623
f 2649//2649 2622//2622 2623//2623
f 2628//2628 2626//2626 2624//2624
f 2630//2630 2628//2628 2624//2624
f 2625//2625 2630//2630 2624//2624
f 2627//2627 2630//2630 2625//2625
f 2636//2636 2634//2634 2627//2627
f 2629//2629 2636//2636 2627//2627
f 2634//2634 2632//2632 2627//2627
f 2632//2632 2630//2630 2627//2627
f 2631//2631 2636//2636 2629//2629
f 2633//2633 2636//2636 2631//2631
f 2635//2635 2636//2636 2633//2633
f 2638//2638 2636//2636 2635//2635
f 2638//2638 2637//2637 2636//2636
f 2642//2642 2640//2640 2638//2638
f 2640//2640 2637//2637 2638//2638
f 2639//2639 2646//2646 2638//2638
f 2646//2646 2644//2644 2638//2638
f 2644//2644 2642//2642 2638//2638
f 2641//2641 2646//2646 2639//2639
f 2643//2643 2646//2646 2641//2641
f 2645//2645 2649//2649 2643//2643
f 2648//2648 2646//2646 2643//2643
f 2649//2649 2648//2648 2643//2643
f 2647//2647 2649//2649 2645//2645
f 2650//2650 2651//2651 2652//2652
f 2651//2651 2653//2653 2652//2652
f 2653//2653 2654//2654 2652//2652
f 2654//2654 2655//2655 2652//2652
f 2655//2655 2656//2656 2652//2652
f 2656//2656 2650//2650 2652//2652
f 2653//2653 2657//2657 2654//2654
f 2657//2657 2658//2658 2654//2654
f 2658//2658 2659//2659 2654//2654
f 2659//2659 2655//2655 2654//2654
f 2660//2660 2661//2661 2658//2658
f 2662//2662 2660//2660 2658//2658
f 2657//2657 2662//2662 2658//2658
f 2661//2661 2663//2663 2658//2658
f 2663//2663 2659//2659 2658//2658
f 2664//2664 2665//2665 2661//2661
f 2660//2660 2664//2664 2661//2661
f 2665//2665 2666//2666 2661//2661
f 2666//2666 2663//2663 2661//2661
f 2664//2664 2667//2667 2665//2665
f 2667//2667 2668//2668 2665//2665
f 2668//2668 2666//2666 2665//2665
f 2669//2669 2667//2667 2664//2664
f 2670//2670 2669//2669 2664//2664
f 2671//2671 2670//2670 2664//2664
f 2660//2660 2671//2671 2664//2664
f 2669//2669 2672//2672 2667//2667
f 2672//2672 2673//2673 2667//2667
f 2673//2673 2668//2668 2667//2667
f 2669//2669 2674//2674 2672//2672
f 2674//2674 2675//2675 2672//2672
f 2675//2675 2673//2673 2672//2672
f 2676//2676 2674//2674 2669//2669
f 2677//2677 2676//2676 2669//2669
f 2678//2678 2677//2677 2669//2669
f 2679//2679 2678//2678 2669//2669
f 2670//2670 2679//2679 2669//2669
f 2676//2676 2680//2680 2674//2674
f 2680//2680 2675//2675 2674//2674
f 2677//2677 2681//2681 2676//2676
f 2681//2681 2680//2680 2676//2676
f 2678//2678 2682//2682 2677//2677
f 2682//2682 2683//2683 2677//2677
f 2683//2683 2684//2684 2677//2677
f 2684//2684 2681//2681 2677//2677
f 2682//2682 2685//2685 2683//2683
f 2685//2685 2686//2686 2683//2683
f 2686//2686 2687//2687 2683//2683
f 2687//2687 2684//2684 2683//2683
f 2688//2688 2689//2689 2686//2686
f 2685//2685 2690//2690 2686//2686
f 2690//2690 2688//2688 2686//2686
f 2689//2689 2691//2691 2686//2686
f 2691//2691 2687//2687 2686//2686
f 2692//2692 2693//2693 2694//2694
f 2693//2693 2695//2695 2694//2694
f 2695//2695 2696//2696 2694//2694
f 2696//2696 2697//2697 2694//2694
f 2697//2697 2692//2692 2694//2694
f 2693//2693 2651//2651 2695//2695
f 2651//2651 2650//2650 2695//2695
f 2650//2650 2698//2698 2695//2695
f 2698//2698 2696//2696 2695//2695
f 2699//2699 2693//2693 2692//2692
f 2697//2697 2700//2700 2692//2692
f 2700//2700 2699//2699 2692//2692
f 2656//2656 2698//2698 2650//2650
f 2701//2701 2693//2693 2699//2699
f 2702//2702 2701//2701 2699//2699
f 2700//2700 2703//2703 2699//2699
f 2703//2703 2702//2702 2699//2699
f 2704//2704 2705//2705 2702//2702
f 2705//2705 2706//2706 2702//2702
f 2706//2706 2701//2701 2702//2702
f 2703//2703 2707//2707 2702//2702
f 2707//2707 2704//2704 2702//2702
f 2708//2708 2709//2709 2704//2704
f 2709//2709 2705//2705 2704//2704
f 2707//2707 2710//2710 2704//2704
f 2710//2710 2708//2708 2704//2704
f 2711//2711 2653//2653 2651//2651
f 2712//2712 2711//2711 2651//2651
f 2693//2693 2712//2712 2651//2651
f 2713//2713 2712//2712 2693//2693
f 2701//2701 2713//2713 2693//2693
f 2714//2714 2657//2657 2653//2653
f 2715//2715 2714//2714 2653//2653
f 2711//2711 2715//2715 2653//2653
f 2706//2706 2713//2713 2701//2701
f 2716//2716 2713//2713 2706//2706
f 2705//2705 2716//2716 2706//2706
f 2717//2717 2662//2662 2657//2657
f 2714//2714 2717//2717 2657//2657
f 2718//2718 2716//2716 2705//2705
f 2709//2709 2718//2718 2705//2705
f 2671//2671 2660//2660 2662//2662
f 2717//2717 2671//2671 2662//2662
f 2708//2708 2719//2719 2709//2709
f 2720//2720 2718//2718 2709//2709
f 2719//2719 2720//2720 2709//2709
f 2708//2708 2721//2721 2719//2719
f 2721//2721 2722//2722 2719//2719
f 2722//2722 2723//2723 2719//2719
f 2723//2723 2720//2720 2719//2719
f 2708//2708 2724//2724 2721//2721
f 2724//2724 2725//2725 2721//2721
f 2725//2725 2726//2726 2721//2721
f 2726//2726 2727//2727 2721//2721
f 2728//2728 2722//2722 2721//2721
f 2727//2727 2728//2728 2721//2721
f 2729//2729 2682//2682 2678//2678
f 2730//2730 2729//2729 2678//2678
f 2679//2679 2730//2730 2678//2678
f 2731//2731 2727//2727 2732//2732
f 2733//2733 2734//2734 2732//2732
f 2727//2727 2733//2733 2732//2732
f 2734//2734 2735//2735 2732//2732
f 2735//2735 2731//2731 2732//2732
f 2731//2731 2728//2728 2727//2727
f 2736//2736 2733//2733 2727//2727
f 2726//2726 2737//2737 2727//2727
f 2737//2737 2736//2736 2727//2727
f 2738//2738 2685//2685 2682//2682
f 2729//2729 2738//2738 2682//2682
f 2734//2734 2739//2739 2735//2735
f 2740//2740 2731//2731 2735//2735
f 2739//2739 2740//2740 2735//2735
f 2741//2741 2690//2690 2685//2685
f 2738//2738 2741//2741 2685//2685
f 2742//2742 2743//2743 2739//2739
f 2734//2734 2742//2742 2739//2739
f 2744//2744 2740//2740 2739//2739
f 2743//2743 2744//2744 2739//2739
f 2745//2745 2688//2688 2690//2690
f 2741//2741 2745//2745 2690//2690
f 2746//2746 2689//2689 2688//2688
f 2745//2745 2746//2746 2688//2688
f 2747//2747 2748//2748 2743//2743
f 2742//2742 2747//2747 2743//2743
f 2748//2748 2749//2749 2743//2743
f 2749//2749 2750//2750 2743//2743
f 2750//2750 2744//2744 2743//2743
f 2748//2748 2751//2751 2746//2746
f 2751//2751 2752//2752 2746//2746
f 2752//2752 2689//2689 2746//2746
f 2745//2745 2753//2753 2746//2746
f 2753//2753 2748//2748 2746//2746
f 2747//2747 2754//2754 2748//2748
f 2754//2754 2755//2755 2748//2748
f 2755//2755 2751//2751 2748//2748
f 2753//2753 2749//2749 2748//2748
f 2734//2734 2756//2756 2742//2742
f 2756//2756 2757//2757 2742//2742
f 2757//2757 2747//2747 2742//2742
f 2757//2757 2758//2758 2747//2747
f 2758//2758 2754//2754 2747//2747
f 2752//2752 2759//2759 2689//2689
f 2759//2759 2691//2691 2689//2689
f 2758//2758 2760//2760 2754//2754
f 2760//2760 2755//2755 2754//2754
f 2751//2751 2761//2761 2752//2752
f 2761//2761 2759//2759 2752//2752
f 2760//2760 2762//2762 2755//2755
f 2762//2762 2751//2751 2755//2755
f 2762//2762 2761//2761 2751//2751
f 2710//2710 2763//2763 2708//2708
f 2763//2763 2724//2724 2708//2708
f 2763//2763 2764//2764 2724//2724
f 2764//2764 2725//2725 2724//2724
f 2764//2764 2765//2765 2725//2725
f 2765//2765 2726//2726 2725//2725
f 2765//2765 2766//2766 2726//2726
f 2766//2766 2737//2737 2726//2726
f 2766//2766 2767//2767 2737//2737
f 2767//2767 2736//2736 2737//2737
f 2767//2767 2768//2768 2736//2736
f 2768//2768 2733//2733 2736//2736
f 2768//2768 2769//2769 2733//2733
f 2769//2769 2734//2734 2733//2733
f 2769//2769 2756//2756 2734//2734
f 2770//2770 2656//2656 2655//2655
f 2771//2771 2770//2770 2655//2655
f 2772//2772 2771//2771 2655//2655
f 2659//2659 2772//2772 2655//2655
f 2773//2773 2772//2772 2659//2659
f 2663//2663 2773//2773 2659//2659
f 2774//2774 2773//2773 2663//2663
f 2775//2775 2774//2774 2663//2663
f 2666//2666 2775//2775 2663//2663
f 2776//2776 2775//2775 2666//2666
f 2777//2777 2776//2776 2666//2666
f 2668//2668 2777//2777 2666//2666
f 2778//2778 2777//2777 2668//2668
f 2779//2779 2778//2778 2668//2668
f 2673//2673 2779//2779 2668//2668
f 2780//2780 2779//2779 2673//2673
f 2675//2675 2780//2780 2673//2673
f 2781//2781 2780//2780 2675//2675
f 2782//2782 2781//2781 2675//2675
f 2680//2680 2782//2782 2675//2675
f 2783//2783 2782//2782 2680//2680
f 2784//2784 2783//2783 2680//2680
f 2681//2681 2784//2784 2680//2680
f 2785//2785 2784//2784 2681//2681
f 2786//2786 2785//2785 2681//2681
f 2684//2684 2786//2786 2681//2681
f 2787//2787 2786//2786 2684//2684
f 2687//2687 2787//2787 2684//2684
f 2788//2788 2787//2787 2687//2687
f 2789//2789 2788//2788 2687//2687
f 2691//2691 2789//2789 2687//2687
f 2790//2790 2789//2789 2691//2691
f 2791//2791 2790//2790 2691//2691
f 2759//2759 2791//2791 2691//2691
f 2792//2792 2697//2697 2696//2696
f 2793//2793 2792//2792 2696//2696
f 2698//2698 2793//2793 2696//2696
f 2794//2794 2793//2793 2698//2698
f 2795//2795 2794//2794 2698//2698
f 2656//2656 2795//2795 2698//2698
f 2796//2796 2700//2700 2697//2697
f 2792//2792 2796//2796 2697//2697
f 2797//2797 2795//2795 2656//2656
f 2770//2770 2797//2797 2656//2656
f 2798//2798 2703//2703 2700//2700
f 2799//2799 2798//2798 2700//2700
f 2796//2796 2799//2799 2700//2700
f 2800//2800 2707//2707 2703//2703
f 2801//2801 2800//2800 2703//2703
f 2798//2798 2801//2801 2703//2703
f 2802//2802 2710//2710 2707//2707
f 2803//2803 2802//2802 2707//2707
f 2800//2800 2803//2803 2707//2707
f 2804//2804 2757//2757 2756//2756
f 2805//2805 2804//2804 2756//2756
f 2769//2769 2805//2805 2756//2756
f 2806//2806 2758//2758 2757//2757
f 2807//2807 2806//2806 2757//2757
f 2804//2804 2807//2807 2757//2757
f 2808//2808 2791//2791 2759//2759
f 2809//2809 2808//2808 2759//2759
f 2761//2761 2809//2809 2759//2759
f 2810//2810 2760//2760 2758//2758
f 2811//2811 2810//2810 2758//2758
f 2806//2806 2811//2811 2758//2758
f 2812//2812 2809//2809 2761//2761
f 2762//2762 2812//2812 2761//2761
f 2813//2813 2762//2762 2760//2760
f 2814//2814 2813//2813 2760//2760
f 2810//2810 2814//2814 2760//2760
f 2813//2813 2812//2812 2762//2762
f 2815//2815 2763//2763 2710//2710
f 2802//2802 2815//2815 2710//2710
f 2816//2816 2764//2764 2763//2763
f 2817//2817 2816//2816 2763//2763
f 2815//2815 2817//2817 2763//2763
f 2818//2818 2765//2765 2764//2764
f 2819//2819 2818//2818 2764//2764
f 2816//2816 2819//2819 2764//2764
f 2820//2820 2766//2766 2765//2765
f 2821//2821 2820//2820 2765//2765
f 2818//2818 2821//2821 2765//2765
f 2822//2822 2767//2767 2766//2766
f 2820//2820 2822//2822 2766//2766
f 2823//2823 2768//2768 2767//2767
f 2824//2824 2823//2823 2767//2767
f 2822//2822 2824//2824 2767//2767
f 2825//2825 2769//2769 2768//2768
f 2826//2826 2825//2825 2768//2768
f 2823//2823 2826//2826 2768//2768
f 2827//2827 2805//2805 2769//2769
f 2825//2825 2827//2827 2769//2769
f 2712//2712 2713//2713 2711//2711
f 2713//2713 2716//2716 2711//2711
f 2716//2716 2740//2740 2711//2711
f 2740//2740 2715//2715 2711//2711
f 2740//2740 2714//2714 2715//2715
f 2740//2740 2717//2717 2714//2714
f 2750//2750 2749//2749 2717//2717
f 2749//2749 2741//2741 2717//2717
f 2740//2740 2744//2744 2717//2717
f 2744//2744 2750//2750 2717//2717
f 2729//2729 2671//2671 2717//2717
f 2738//2738 2729//2729 2717//2717
f 2741//2741 2738//2738 2717//2717
f 2730//2730 2679//2679 2670//2670
f 2671//2671 2730//2730 2670//2670
f 2729//2729 2730//2730 2671//2671
f 2749//2749 2745//2745 2741//2741
f 2749//2749 2753//2753 2745//2745
f 2718//2718 2740//2740 2716//2716
f 2720//2720 2740//2740 2718//2718
f 2723//2723 2731//2731 2720//2720
f 2731//2731 2740//2740 2720//2720
f 2722//2722 2728//2728 2723//2723
f 2728//2728 2731//2731 2723//2723
f 2828//2828 2776//2776 2777//2777
f 2778//2778 2828//2828 2777//2777
f 2829//2829 2828//2828 2778//2778
f 2779//2779 2829//2829 2778//2778
f 2780//2780 2829//2829 2779//2779
f 2781//2781 2829//2829 2780//2780
f 2782//2782 2830//2830 2781//2781
f 2830//2830 2829//2829 2781//2781
f 2783//2783 2830//2830 2782//2782
f 2784//2784 2831//2831 2783//2783
f 2831//2831 2830//2830 2783//2783
f 2785//2785 2831//2831 2784//2784
f 2794//2794 2832//2832 2793//2793
f 2832//2832 2792//2792 2793//2793
f 2795//2795 2833//2833 2794//2794
f 2833//2833 2832//2832 2794//2794
f 2832//2832 2834//2834 2792//2792
f 2834//2834 2796//2796 2792//2792
f 2797//2797 2833//2833 2795//2795
f 2834//2834 2799//2799 2796//2796
f 2770//2770 2835//2835 2797//2797
f 2835//2835 2833//2833 2797//2797
f 2834//2834 2836//2836 2799//2799
f 2836//2836 2798//2798 2799//2799
f 2771//2771 2835//2835 2770//2770
f 2836//2836 2801//2801 2798//2798
f 2772//2772 2837//2837 2771//2771
f 2837//2837 2835//2835 2771//2771
f 2836//2836 2838//2838 2801//2801
f 2838//2838 2800//2800 2801//2801
f 2773//2773 2839//2839 2772//2772
f 2839//2839 2837//2837 2772//2772
f 2838//2838 2803//2803 2800//2800
f 2774//2774 2839//2839 2773//2773
f 2840//2840 2802//2802 2803//2803
f 2838//2838 2840//2840 2803//2803
f 2775//2775 2839//2839 2774//2774
f 2840//2840 2815//2815 2802//2802
f 2776//2776 2839//2839 2775//2775
f 2840//2840 2817//2817 2815//2815
f 2828//2828 2839//2839 2776//2776
f 2840//2840 2841//2841 2817//2817
f 2841//2841 2816//2816 2817//2817
f 2841//2841 2819//2819 2816//2816
f 2841//2841 2842//2842 2819//2819
f 2842//2842 2818//2818 2819//2819
f 2842//2842 2821//2821 2818//2818
f 2842//2842 2843//2843 2821//2821
f 2843//2843 2820//2820 2821//2821
f 2843//2843 2822//2822 2820//2820
f 2843//2843 2824//2824 2822//2822
f 2843//2843 2844//2844 2824//2824
f 2844//2844 2823//2823 2824//2824
f 2844//2844 2826//2826 2823//2823
f 2786//2786 2845//2845 2785//2785
f 2845//2845 2831//2831 2785//2785
f 2844//2844 2846//2846 2826//2826
f 2846//2846 2825//2825 2826//2826
f 2787//2787 2845//2845 2786//2786
f 2846//2846 2827//2827 2825//2825
f 2788//2788 2847//2847 2787//2787
f 2847//2847 2845//2845 2787//2787
f 2846//2846 2805//2805 2827//2827
f 2789//2789 2847//2847 2788//2788
f 2846//2846 2804//2804 2805//2805
f 2790//2790 2847//2847 2789//2789
f 2846//2846 2848//2848 2804//2804
f 2848//2848 2807//2807 2804//2804
f 2849//2849 2847//2847 2790//2790
f 2791//2791 2849//2849 2790//2790
f 2848//2848 2850//2850 2807//2807
f 2850//2850 2806//2806 2807//2807
f 2808//2808 2849//2849 2791//2791
f 2850//2850 2811//2811 2806//2806
f 2851//2851 2849//2849 2808//2808
f 2809//2809 2851//2851 2808//2808
f 2850//2850 2852//2852 2811//2811
f 2852//2852 2810//2810 2811//2811
f 2812//2812 2851//2851 2809//2809
f 2852//2852 2814//2814 2810//2810
f 2813//2813 2853//2853 2812//2812
f 2853//2853 2851//2851 2812//2812
f 2852//2852 2853//2853 2814//2814
f 2853//2853 2813//2813 2814//2814
f 2833//2833 2835//2835 2832//2832
f 2835//2835 2834//2834 2832//2832
f 2837//2837 2834//2834 2835//2835
f 2839//2839 2834//2834 2837//2837
f 2843//2843 2842//2842 2839//2839
f 2842//2842 2841//2841 2839//2839
f 2841//2841 2840//2840 2839//2839
f 2840//2840 2838//2838 2839//2839
f 2828//2828 2846//2846 2839//2839
f 2846//2846 2844//2844 2839//2839
f 2844//2844 2843//2843 2839//2839
f 2838//2838 2836//2836 2839//2839
f 2836//2836 2834//2834 2839//2839
f 2829//2829 2846//2846 2828//2828
f 2830//2830 2846//2846 2829//2829
f 2831//2831 2846//2846 2830//2830
f 2845//2845 2846//2846 2831//2831
f 2847//2847 2846//2846 2845//2845
f 2849//2849 2846//2846 2847//2847
f 2848//2848 2846//2846 2849//2849
f 2851//2851 2848//2848 2849//2849
f 2853//2853 2848//2848 2851//2851
f 2852//2852 2848//2848 2853//2853
f 2852//2852 2850//2850 2848//2848
f 2854//2854 2855//2855 2856//2856
f 2857//2857 2854//2854 2856//2856
f 2858//2858 2857//2857 2856//2856
f 2855//2855 2859//2859 2856//2856
f 2859//2859 2860//2860 2856//2856
f 2860//2860 2858//2858 2856//2856
f 2854//2854 2861//2861 2855//2855
f 2861//2861 2862//2862 2855//2855
f 2862//2862 2859//2859 2855//2855
f 2863//2863 2864//2864 2861//2861
f 2854//2854 2863//2863 2861//2861
f 2864//2864 2865//2865 2861//2861
f 2865//2865 2862//2862 2861//2861
f 2866//2866 2867//2867 2864//2864
f 2863//2863 2866//2866 2864//2864
f 2867//2867 2868//2868 2864//2864
f 2868//2868 2865//2865 2864//2864
f 2866//2866 2869//2869 2867//2867
f 2869//2869 2870//2870 2867//2867
f 2870//2870 2871//2871 2867//2867
f 2871//2871 2872//2872 2867//2867
f 2872//2872 2868//2868 2867//2867
f 2870//2870 2873//2873 2871//2871
f 2873//2873 2874//2874 2871//2871
f 2874//2874 2875//2875 2871//2871
f 2875//2875 2872//2872 2871//2871
f 2873//2873 2876//2876 2874//2874
f 2876//2876 2877//2877 2874//2874
f 2877//2877 2875//2875 2874//2874
f 2878//2878 2870//2870 2869//2869
f 2879//2879 2878//2878 2869//2869
f 2866//2866 2879//2879 2869//2869
f 2880//2880 2881//2881 2873//2873
f 2881//2881 2876//2876 2873//2873
f 2882//2882 2880//2880 2873//2873
f 2878//2878 2882//2882 2873//2873
f 2870//2870 2878//2878 2873//2873
f 2881//2881 2883//2883 2876//2876
f 2883//2883 2877//2877 2876//2876
f 2880//2880 2884//2884 2881//2881
f 2884//2884 2885//2885 2881//2881
f 2885//2885 2883//2883 2881//2881
f 2886//2886 2887//2887 2880//2880
f 2888//2888 2886//2886 2880//2880
f 2887//2887 2884//2884 2880//2880
f 2889//2889 2888//2888 2880//2880
f 2882//2882 2889//2889 2880//2880
f 2890//2890 2886//2886 2888//2888
f 2891//2891 2890//2890 2888//2888
f 2892//2892 2891//2891 2888//2888
f 2889//2889 2892//2892 2888//2888
f 2893//2893 2886//2886 2890//2890
f 2894//2894 2893//2893 2890//2890
f 2895//2895 2894//2894 2890//2890
f 2891//2891 2895//2895 2890//2890
f 2896//2896 2893//2893 2894//2894
f 2897//2897 2896//2896 2894//2894
f 2898//2898 2897//2897 2894//2894
f 2895//2895 2898//2898 2894//2894
f 2887//2887 2899//2899 2884//2884
f 2899//2899 2885//2885 2884//2884
f 2886//2886 2900//2900 2887//2887
f 2900//2900 2899//2899 2887//2887
f 2893//2893 2901//2901 2886//2886
f 2901//2901 2900//2900 2886//2886
f 2896//2896 2902//2902 2893//2893
f 2902//2902 2901//2901 2893//2893
f 2897//2897 2903//2903 2896//2896
f 2903//2903 2904//2904 2896//2896
f 2904//2904 2905//2905 2896//2896
f 2905//2905 2902//2902 2896//2896
f 2903//2903 2906//2906 2904//2904
f 2906//2906 2907//2907 2904//2904
f 2907//2907 2908//2908 2904//2904
f 2908//2908 2905//2905 2904//2904
f 2906//2906 2909//2909 2907//2907
f 2909//2909 2910//2910 2907//2907
f 2910//2910 2911//2911 2907//2907
f 2911//2911 2908//2908 2907//2907
f 2912//2912 2857//2857 2858//2858
f 2860//2860 2913//2913 2858//2858
f 2913//2913 2912//2912 2858//2858
f 2914//2914 2857//2857 2912//2912
f 2913//2913 2915//2915 2912//2912
f 2915//2915 2914//2914 2912//2912
f 2916//2916 2917//2917 2914//2914
f 2917//2917 2857//2857 2914//2914
f 2915//2915 2918//2918 2914//2914
f 2918//2918 2916//2916 2914//2914
f 2919//2919 2920//2920 2916//2916
f 2920//2920 2921//2921 2916//2916
f 2921//2921 2917//2917 2916//2916
f 2918//2918 2922//2922 2916//2916
f 2922//2922 2919//2919 2916//2916
f 2923//2923 2924//2924 2919//2919
f 2924//2924 2920//2920 2919//2919
f 2922//2922 2925//2925 2919//2919
f 2925//2925 2923//2923 2919//2919
f 2926//2926 2863//2863 2854//2854
f 2927//2927 2926//2926 2854//2854
f 2857//2857 2927//2927 2854//2854
f 2928//2928 2927//2927 2857//2857
f 2917//2917 2928//2928 2857//2857
f 2929//2929 2930//2930 2923//2923
f 2930//2930 2931//2931 2923//2923
f 2931//2931 2924//2924 2923//2923
f 2925//2925 2932//2932 2923//2923
f 2932//2932 2929//2929 2923//2923
f 2933//2933 2930//2930 2929//2929
f 2932//2932 2934//2934 2929//2929
f 2934//2934 2933//2933 2929//2929
f 2935//2935 2930//2930 2933//2933
f 2934//2934 2936//2936 2933//2933
f 2936//2936 2935//2935 2933//2933
f 2937//2937 2866//2866 2863//2863
f 2938//2938 2937//2937 2863//2863
f 2926//2926 2938//2938 2863//2863
f 2921//2921 2928//2928 2917//2917
f 2939//2939 2928//2928 2921//2921
f 2920//2920 2939//2939 2921//2921
f 2937//2937 2879//2879 2866//2866
f 2940//2940 2939//2939 2920//2920
f 2924//2924 2940//2940 2920//2920
f 2941//2941 2940//2940 2924//2924
f 2931//2931 2941//2941 2924//2924
f 2930//2930 2942//2942 2931//2931
f 2942//2942 2943//2943 2931//2931
f 2943//2943 2941//2941 2931//2931
f 2935//2935 2944//2944 2930//2930
f 2945//2945 2942//2942 2930//2930
f 2944//2944 2945//2945 2930//2930
f 2946//2946 2944//2944 2935//2935
f 2936//2936 2947//2947 2935//2935
f 2947//2947 2946//2946 2935//2935
f 2948//2948 2944//2944 2946//2946
f 2947//2947 2949//2949 2946//2946
f 2949//2949 2948//2948 2946//2946
f 2950//2950 2944//2944 2951//2951
f 2944//2944 2952//2952 2951//2951
f 2952//2952 2953//2953 2951//2951
f 2953//2953 2954//2954 2951//2951
f 2954//2954 2950//2950 2951//2951
f 2950//2950 2945//2945 2944//2944
f 2948//2948 2952//2952 2944//2944
f 2953//2953 2955//2955 2954//2954
f 2956//2956 2950//2950 2954//2954
f 2955//2955 2956//2956 2954//2954
f 2957//2957 2958//2958 2955//2955
f 2953//2953 2957//2957 2955//2955
f 2959//2959 2956//2956 2955//2955
f 2958//2958 2959//2959 2955//2955
f 2960//2960 2903//2903 2897//2897
f 2898//2898 2960//2960 2897//2897
f 2961//2961 2962//2962 2958//2958
f 2957//2957 2961//2961 2958//2958
f 2963//2963 2959//2959 2958//2958
f 2962//2962 2963//2963 2958//2958
f 2960//2960 2906//2906 2903//2903
f 2961//2961 2909//2909 2962//2962
f 2909//2909 2964//2964 2962//2962
f 2964//2964 2965//2965 2962//2962
f 2965//2965 2963//2963 2962//2962
f 2949//2949 2966//2966 2948//2948
f 2966//2966 2952//2952 2948//2948
f 2966//2966 2967//2967 2952//2952
f 2967//2967 2953//2953 2952//2952
f 2967//2967 2968//2968 2953//2953
f 2968//2968 2957//2957 2953//2953
f 2960//2960 2969//2969 2906//2906
f 2969//2969 2909//2909 2906//2906
f 2970//2970 2971//2971 2909//2909
f 2961//2961 2970//2970 2909//2909
f 2971//2971 2910//2910 2909//2909
f 2969//2969 2964//2964 2909//2909
f 2968//2968 2972//2972 2957//2957
f 2972//2972 2961//2961 2957//2957
f 2972//2972 2973//2973 2961//2961
f 2973//2973 2970//2970 2961//2961
f 2973//2973 2974//2974 2970//2970
f 2974//2974 2971//2971 2970//2970
f 2974//2974 2975//2975 2971//2971
f 2975//2975 2910//2910 2971//2971
f 2975//2975 2911//2911 2910//2910
f 2976//2976 2860//2860 2859//2859
f 2977//2977 2976//2976 2859//2859
f 2978//2978 2977//2977 2859//2859
f 2862//2862 2978//2978 2859//2859
f 2979//2979 2978//2978 2862//2862
f 2980//2980 2979//2979 2862//2862
f 2865//2865 2980//2980 2862//2862
f 2981//2981 2980//2980 2865//2865
f 2982//2982 2981//2981 2865//2865
f 2868//2868 2982//2982 2865//2865
f 2983//2983 2982//2982 2868//2868
f 2872//2872 2983//2983 2868//2868
f 2984//2984 2983//2983 2872//2872
f 2985//2985 2984//2984 2872//2872
f 2875//2875 2985//2985 2872//2872
f 2986//2986 2985//2985 2875//2875
f 2987//2987 2986//2986 2875//2875
f 2877//2877 2987//2987 2875//2875
f 2988//2988 2987//2987 2877//2877
f 2989//2989 2988//2988 2877//2877
f 2883//2883 2989//2989 2877//2877
f 2990//2990 2989//2989 2883//2883
f 2885//2885 2990//2990 2883//2883
f 2991//2991 2990//2990 2885//2885
f 2992//2992 2991//2991 2885//2885
f 2899//2899 2992//2992 2885//2885
f 2993//2993 2992//2992 2899//2899
f 2994//2994 2993//2993 2899//2899
f 2900//2900 2994//2994 2899//2899
f 2995//2995 2994//2994 2900//2900
f 2996//2996 2995//2995 2900//2900
f 2901//2901 2996//2996 2900//2900
f 2997//2997 2996//2996 2901//2901
f 2902//2902 2997//2997 2901//2901
f 2998//2998 2997//2997 2902//2902
f 2999//2999 2998//2998 2902//2902
f 2905//2905 2999//2999 2902//2902
f 3000//3000 2999//2999 2905//2905
f 3001//3001 3000//3000 2905//2905
f 2908//2908 3001//3001 2905//2905
f 3002//3002 3001//3001 2908//2908
f 3003//3003 3002//3002 2908//2908
f 2911//2911 3003//3003 2908//2908
f 3004//3004 3003//3003 2911//2911
f 2975//2975 3004//3004 2911//2911
f 3005//3005 2913//2913 2860//2860
f 2976//2976 3005//3005 2860//2860
f 3006//3006 2915//2915 2913//2913
f 3005//3005 3006//3006 2913//2913
f 3007//3007 2918//2918 2915//2915
f 3008//3008 3007//3007 2915//2915
f 3006//3006 3008//3008 2915//2915
f 3009//3009 2922//2922 2918//2918
f 3010//3010 3009//3009 2918//2918
f 3007//3007 3010//3010 2918//2918
f 3011//3011 2925//2925 2922//2922
f 3012//3012 3011//3011 2922//2922
f 3009//3009 3012//3012 2922//2922
f 3013//3013 2932//2932 2925//2925
f 3011//3011 3013//3013 2925//2925
f 3014//3014 2934//2934 2932//2932
f 3015//3015 3014//3014 2932//2932
f 3013//3013 3015//3015 2932//2932
f 3016//3016 2936//2936 2934//2934
f 3017//3017 3016//3016 2934//2934
f 3014//3014 3017//3017 2934//2934
f 3018//3018 2947//2947 2936//2936
f 3019//3019 3018//3018 2936//2936
f 3016//3016 3019//3019 2936//2936
f 3020//3020 2949//2949 2947//2947
f 3018//3018 3020//3020 2947//2947
f 3021//3021 2966//2966 2949//2949
f 3022//3022 3021//3021 2949//2949
f 3020//3020 3022//3022 2949//2949
f 3023//3023 2967//2967 2966//2966
f 3024//3024 3023//3023 2966//2966
f 3021//3021 3024//3024 2966//2966
f 3025//3025 2968//2968 2967//2967
f 3026//3026 3025//3025 2967//2967
f 3023//3023 3026//3026 2967//2967
f 3027//3027 2972//2972 2968//2968
f 3025//3025 3027//3027 2968//2968
f 3028//3028 2973//2973 2972//2972
f 3029//3029 3028//3028 2972//2972
f 3027//3027 3029//3029 2972//2972
f 3030//3030 2974//2974 2973//2973
f 3031//3031 3030//3030 2973//2973
f 3028//3028 3031//3031 2973//2973
f 3032//3032 2975//2975 2974//2974
f 3033//3033 3032//3032 2974//2974
f 3030//3030 3033//3033 2974//2974
f 3032//3032 3004//3004 2975//2975
f 2927//2927 2938//2938 2926//2926
f 2928//2928 2938//2938 2927//2927
f 2939//2939 2937//2937 2938//2938
f 2928//2928 2939//2939 2938//2938
f 2940//2940 2937//2937 2939//2939
f 2945//2945 2950//2950 2937//2937
f 2950//2950 2956//2956 2937//2937
f 2956//2956 2959//2959 2937//2937
f 2959//2959 2879//2879 2937//2937
f 2940//2940 2941//2941 2937//2937
f 2941//2941 2945//2945 2937//2937
f 2965//2965 2964//2964 2879//2879
f 2964//2964 2898//2898 2879//2879
f 2959//2959 2963//2963 2879//2879
f 2963//2963 2965//2965 2879//2879
f 2891//2891 2878//2878 2879//2879
f 2895//2895 2891//2891 2879//2879
f 2898//2898 2895//2895 2879//2879
f 2943//2943 2945//2945 2941//2941
f 2892//2892 2889//2889 2882//2882
f 2878//2878 2892//2892 2882//2882
f 2891//2891 2892//2892 2878//2878
f 2942//2942 2945//2945 2943//2943
f 2964//2964 2960//2960 2898//2898
f 2964//2964 2969//2969 2960//2960
f 2980//2980 3034//3034 2979//2979
f 3034//3034 3035//3035 2979//2979
f 3035//3035 2978//2978 2979//2979
f 2981//2981 3034//3034 2980//2980
f 2982//2982 3036//3036 2981//2981
f 3036//3036 3034//3034 2981//2981
f 2983//2983 3037//3037 2982//2982
f 3037//3037 3036//3036 2982//2982
f 2984//2984 3037//3037 2983//2983
f 2985//2985 3037//3037 2984//2984
f 2986//2986 3037//3037 2985//2985
f 3038//3038 3037//3037 2986//2986
f 2987//2987 3038//3038 2986//2986
f 2988//2988 3038//3038 2987//2987
f 3039//3039 3038//3038 2988//2988
f 2989//2989 3039//3039 2988//2988
f 2990//2990 3039//3039 2989//2989
f 2991//2991 3039//3039 2990//2990
f 2992//2992 3040//3040 2991//2991
f 3040//3040 3039//3039 2991//2991
f 2993//2993 3040//3040 2992//2992
f 2994//2994 3041//3041 2993//2993
f 3041//3041 3040//3040 2993//2993
f 2995//2995 3041//3041 2994//2994
f 2996//2996 3042//3042 2995//2995
f 3042//3042 3041//3041 2995//2995
f 2997//2997 3042//3042 2996//2996
f 2998//2998 3043//3043 2997//2997
f 3043//3043 3042//3042 2997//2997
f 2999//2999 3043//3043 2998//2998
f 3000//3000 3043//3043 2999//2999
f 3044//3044 3043//3043 3000//3000
f 3001//3001 3044//3044 3000//3000
f 3002//3002 3044//3044 3001//3001
f 3045//3045 3044//3044 3002//3002
f 3003//3003 3045//3045 3002//3002
f 2977//2977 3046//3046 2976//2976
f 3046//3046 3005//3005 2976//2976
f 2978//2978 3035//3035 2977//2977
f 3035//3035 3046//3046 2977//2977
f 3046//3046 3047//3047 3005//3005
f 3047//3047 3006//3006 3005//3005
f 3047//3047 3008//3008 3006//3006
f 3047//3047 3048//3048 3008//3008
f 3048//3048 3007//3007 3008//3008
f 3048//3048 3010//3010 3007//3007
f 3048//3048 3049//3049 3010//3010
f 3049//3049 3009//3009 3010//3010
f 3049//3049 3012//3012 3009//3009
f 3050//3050 3011//3011 3012//3012
f 3049//3049 3050//3050 3012//3012
f 3050//3050 3013//3013 3011//3011
f 3050//3050 3015//3015 3013//3013
f 3050//3050 3051//3051 3015//3015
f 3051//3051 3014//3014 3015//3015
f 3051//3051 3017//3017 3014//3014
f 3051//3051 3052//3052 3017//3017
f 3052//3052 3016//3016 3017//3017
f 3052//3052 3019//3019 3016//3016
f 3052//3052 3053//3053 3019//3019
f 3053//3053 3018//3018 3019//3019
f 3053//3053 3020//3020 3018//3018
f 3053//3053 3022//3022 3020//3020
f 3053//3053 3054//3054 3022//3022
f 3054//3054 3021//3021 3022//3022
f 3054//3054 3024//3024 3021//3021
f 3054//3054 3055//3055 3024//3024
f 3055//3055 3023//3023 3024//3024
f 3055//3055 3026//3026 3023//3023
f 3055//3055 3025//3025 3026//3026
f 3055//3055 3027//3027 3025//3025
f 3055//3055 3056//3056 3027//3027
f 3056//3056 3029//3029 3027//3027
f 3056//3056 3057//3057 3029//3029
f 3057//3057 3028//3028 3029//3029
f 3057//3057 3031//3031 3028//3028
f 3057//3057 3058//3058 3031//3031
f 3058//3058 3030//3030 3031//3031
f 3004//3004 3045//3045 3003//3003
f 3058//3058 3033//3033 3030//3030
f 3032//3032 3059//3059 3004//3004
f 3059//3059 3045//3045 3004//3004
f 3058//3058 3059//3059 3033//3033
f 3059//3059 3032//3032 3033//3033
f 3035//3035 3034//3034 3046//3046
f 3037//3037 3047//3047 3046//3046
f 3036//3036 3037//3037 3046//3046
f 3034//3034 3036//3036 3046//3046
f 3037//3037 3048//3048 3047//3047
f 3037//3037 3049//3049 3048//3048
f 3037//3037 3050//3050 3049//3049
f 3054//3054 3053//3053 3037//3037
f 3053//3053 3052//3052 3037//3037
f 3052//3052 3051//3051 3037//3037
f 3055//3055 3054//3054 3037//3037
f 3038//3038 3055//3055 3037//3037
f 3051//3051 3050//3050 3037//3037
f 3039//3039 3055//3055 3038//3038
f 3040//3040 3055//3055 3039//3039
f 3041//3041 3055//3055 3040//3040
f 3042//3042 3055//3055 3041//3041
f 3043//3043 3055//3055 3042//3042
f 3043//3043 3044//3044 3055//3055
f 3044//3044 3056//3056 3055//3055
f 3044//3044 3045//3045 3056//3056
f 3045//3045 3059//3059 3056//3056
f 3059//3059 3058//3058 3056//3056
f 3058//3058 3057//3057 3056//3056
# 6122 faces, 0 coords texture

# End of File
