####
#
# OBJ File Generated by Meshlab
#
####
# Object rtool_Right_Support_Link.obj
#
# Vertices: 1817
# Faces: 3662
#
####
vn -3.0379374959127059 -0.7096115279022297 -0.0165624192376741
v -0.0004027559771203 -0.0019590274896473 -0.0094999996945262
vn -2.9612744974755789 -0.7792980099504128 -0.7914144574179223
v -0.0004432061105035 -0.0019502730574459 -0.0092315617948771
vn -2.5434226826447839 -5.7160836834878790 0.0068070496150368
v -0.0008066398440860 -0.0018301175441593 -0.0098605854436755
vn -2.7118548855249762 -1.1750398928702182 2.6239603195376291
v -0.0009264200343750 -0.0017724966164678 -0.0103876758366823
vn -2.8211049777369457 -0.8706431368956791 1.6319692049412420
v -0.0005545215099119 -0.0019215883221477 -0.0100124999880791
vn -3.0507474430951675 -0.7505866643383626 0.8069143102740904
v -0.0004428112297319 -0.0019503624644130 -0.0097671383991838
vn -2.8435256715548780 -0.8634383720624630 -1.6050860337556179
v -0.0005545215099119 -0.0019215883221477 -0.0089875003322959
vn -2.6851495046997114 -1.1917984689926318 -2.5937252321023907
v -0.0009264200343750 -0.0017724966164678 -0.0086123235523701
vn -2.3129262942092557 -1.7596263332257553 -3.1197670040607379
v -0.0011405226541683 -0.0016429254319519 -0.0085103912279010
vn -2.3077378501350787 -1.7626085048339055 3.1272392264331224
v -0.0011405254481360 -0.0016429235693067 -0.0104896100237966
vn -1.8975036226848647 -2.1118765086962532 3.2423073207801352
v -0.0013496483443305 -0.0014759560581297 -0.0105250002816319
vn -1.9375685896440265 -2.1198088275496607 -3.2460268097846026
v -0.0013496483443305 -0.0014759560581297 -0.0084750000387430
vn -1.5358086468568448 -2.4196294051094953 3.1219279466537908
v -0.0015346136642620 -0.0012825576122850 -0.0104896156117320
vn -1.5467646531385664 -2.4538613028873013 -3.1267700821556867
v -0.0015350672183558 -0.0012820155825466 -0.0085105737671256
vn -0.9264661887505142 -2.8042902232697897 -2.6234716378946459
v -0.0016828280640766 -0.0010807791259140 -0.0086123235523701
vn -5.4672471873382360 -3.0416813838100398 -0.0067766946381796
v -0.0017511806217954 -0.0009661053190939 -0.0091392062604427
vn -0.6133524211358050 -2.8839154482033704 -1.6315654758241405
v -0.0018645812524483 -0.0007234138320200 -0.0089875003322959
vn -0.4716559804746963 -3.0997945488717993 -0.8069599740802744
v -0.0019032013369724 -0.0006146707455628 -0.0092326384037733
vn -0.4331388890670604 -3.0844685427241787 0.0159376025660514
v -0.0019154286710545 -0.0005754359881394 -0.0094999996945262
vn -0.5080717694217648 -3.0133342591116139 0.7901414025217013
v -0.0019031557021663 -0.0006148104439490 -0.0097678387537599
vn -0.6036721640385835 -2.9057242134048913 1.6040279671456978
v -0.0018645812524483 -0.0007234138320200 -0.0100124999880791
vn -0.9454558828667783 -2.7788730951244172 2.5933708775478288
v -0.0016828280640766 -0.0010807791259140 -0.0103876758366823
vn -3.0345456046831876 0.0000000411463059 -2.6179941852113133
v -0.0019999984651804 0.0000000002870679 -0.0115000000223517
vn -0.5163157814222221 0.2980918653127316 -2.4383342707129465
v -0.0017320493934676 0.0010000003967434 -0.0114000001922250
vn -2.6279935313686269 1.5172725273962118 -2.6179937379408811
v -0.0017320493934676 0.0010000003967434 -0.0115000000223517
vn -0.2980965711303420 0.5163180889964367 -2.4383398647441874
v -0.0009999981848523 0.0017320516053587 -0.0114000001922250
vn -1.5172723638809442 2.6279935751823782 -2.6179936301716875
v -0.0009999981848523 0.0017320516053587 -0.0115000000223517
vn 0.0000006989891491 0.5961984535419014 -2.4383466171482953
v 0.0000000019214321 0.0020000005606562 -0.0114000001922250
vn 0.0000003095485775 3.0345455983423277 -2.6179941696146787
v 0.0000000019214321 0.0020000005606562 -0.0115000000223517
vn 0.2981020118761374 0.5163210957317520 -2.4383468868204892
v 0.0010000012116507 0.0017320516053587 -0.0114000001922250
vn 1.5172726734295212 2.6279934922391339 -2.6179938341881162
v 0.0010000012116507 0.0017320516053587 -0.0115000000223517
vn 0.5163145335343571 0.2980940335832093 -2.4383346648404047
v 0.0017320524202660 0.0010000003967434 -0.0114000001922250
vn 2.6279936196854439 1.5172721977930357 -2.6179935207069285
v 0.0017320524202660 0.0010000003967434 -0.0115000000223517
vn 0.5961987016159964 -0.0000009646790519 -2.4383463208735385
v 0.0020000012591481 0.0000000002870679 -0.0114000001922250
vn 3.0345457813168029 0.0000000411462765 -2.6179946196791990
v 0.0020000012591481 0.0000000002870679 -0.0115000000223517
vn 0.5163156554074864 -0.2980917394007963 -2.4383343553116807
v 0.0017320524202660 -0.0009999999310821 -0.0114000001922250
vn 2.6279936307105394 -1.5172721566467582 -2.6179934935883544
v 0.0017320524202660 -0.0009999999310821 -0.0115000000223517
vn 0.2981007197200694 -0.5163212618937121 -2.4383458629694186
v 0.0010000012116507 -0.0017320511396974 -0.0114000001922250
vn 1.5172726734295217 -2.6279934922391326 -2.6179938341881162
v 0.0010000012116507 -0.0017320511396974 -0.0115000000223517
vn -0.0000003465824310 -0.5961985311250684 -2.4383467753260528
v 0.0000000019214321 -0.0020000000949949 -0.0114000001922250
vn 0.0000003095485780 -3.0345455983423304 -2.6179941696146787
v 0.0000000019214321 -0.0020000000949949 -0.0115000000223517
vn -0.2980968582797511 -0.5163183581864533 -2.4383406327728969
v -0.0009999981848523 -0.0017320511396974 -0.0114000001922250
vn -1.5172723638809431 -2.6279935751823769 -2.6179936301716875
v -0.0009999981848523 -0.0017320511396974 -0.0115000000223517
vn -0.5163148578634862 -0.2980933395486455 -2.4383341911892877
v -0.0017320493934676 -0.0009999999310821 -0.0114000001922250
vn -2.6279935423937424 -1.5172724862499081 -2.6179937108222875
v -0.0017320493934676 -0.0009999999310821 -0.0115000000223517
vn -0.5961983917355660 0.0000009597766087 -2.4383464633417082
v -0.0019999984651804 0.0000000002870679 -0.0114000001922250
vn 0.0000000000000000 0.0000000000000000 -6.2831853071795862
v 0.0000000019214321 0.0000000002870679 -0.0115000000223517
vn 2.9600098004478337 0.7704713986670139 -3.6203502568391324
v 0.0029128277674317 0.0007179475505836 -0.0070000002160668
vn 2.9418445550589527 0.2113774932158914 -4.1996701861661938
v 0.0030000014230609 0.0000000002870679 -0.0070000002160668
vn 2.9571440253577110 -0.8133444038544260 3.5299537901576370
v 0.0029128277674317 -0.0007179469685070 -0.0074999998323619
vn 2.9502142290154607 -0.9193230712263492 -3.5040861172196545
v 0.0029128277674317 -0.0007179469685070 -0.0070000002160668
vn 2.2831849993726130 -2.0227262000771877 -3.6249135200188523
v 0.0022455332800746 -0.0019893681164831 -0.0070000002160668
vn 2.2831849993726125 -2.0227262000771882 3.6249135200188527
v 0.0022455332800746 -0.0019893681164831 -0.0074999998323619
vn 1.0816539533858816 -2.8520830676090290 -3.6249143582910404
v 0.0010638172971085 -0.0028050483670086 -0.0070000002160668
vn 1.0816539533858811 -2.8520830676090285 3.6249143582910408
v 0.0010638172971085 -0.0028050483670086 -0.0074999998323619
vn -0.3676738386685200 -3.0280629380135649 -3.6249160550475148
v -0.0003616082831286 -0.0029781272169203 -0.0070000002160668
vn -0.3676738386685200 -3.0280629380135649 3.6249160550475148
v -0.0003616082831286 -0.0029781272169203 -0.0074999998323619
vn -1.7327709227841614 -2.5103506152053279 -3.6249134065283064
v -0.0017041926039383 -0.0024689508136362 -0.0070000002160668
vn -1.7327709227841610 -2.5103506152053279 3.6249134065283060
v -0.0017041926039383 -0.0024689508136362 -0.0074999998323619
vn -2.7009094234027824 -1.4175472308061914 -3.6249148965616551
v -0.0026563666760921 -0.0013941691722721 -0.0070000002160668
vn -2.7009094234027820 -1.4175472308061912 3.6249148965616556
v -0.0026563666760921 -0.0013941691722721 -0.0074999998323619
vn -3.0503036515448079 0.0000000275733412 -3.6249146778238277
v -0.0029999986290932 0.0000000002870679 -0.0070000002160668
vn -3.0503036515448088 0.0000000275733410 3.6249146778238268
v -0.0029999986290932 0.0000000002870679 -0.0074999998323619
vn -2.7009094166065637 1.4175472583795323 -3.6249148784825764
v -0.0026563666760921 0.0013941696379334 -0.0070000002160668
vn -2.7009094166065633 1.4175472583795323 3.6249148784825755
v -0.0026563666760921 0.0013941696379334 -0.0074999998323619
vn -1.7327709227841612 2.5103506152053274 -3.6249134065283064
v -0.0017041926039383 0.0024689512792975 -0.0070000002160668
vn -1.7327709227841614 2.5103506152053279 3.6249134065283064
v -0.0017041926039383 0.0024689512792975 -0.0074999998323619
vn -0.3676738386685200 3.0280629380135649 -3.6249160550475139
v -0.0003616082831286 0.0029781276825815 -0.0070000002160668
vn -0.3676738386685200 3.0280629380135649 3.6249160550475139
v -0.0003616082831286 0.0029781276825815 -0.0074999998323619
vn 1.0816539533858811 2.8520830676090281 -3.6249143582910408
v 0.0010638172971085 0.0028050488326699 -0.0070000002160668
vn 1.0816539533858816 2.8520830676090290 3.6249143582910377
v 0.0010638172971085 0.0028050488326699 -0.0074999998323619
vn 2.2831849718685193 2.0227262524817640 -3.6249134823413147
v 0.0022455332800746 0.0019893685821444 -0.0070000002160668
vn 2.2831849718685189 2.0227262524817635 3.6249134823413147
v 0.0022455332800746 0.0019893685821444 -0.0074999998323619
vn 2.9616668351609068 0.7299865267455388 3.6249153732812434
v 0.0029128277674317 0.0007179475505836 -0.0074999998323619
vn -0.9495922950083909 -2.9225406983576345 -2.7227142932861339
v -0.0012360661057755 -0.0038042252417654 -0.0070000002160668
vn -2.0561990379215906 -2.2836405700192968 -2.7227138330801965
v -0.0026765204966068 -0.0029725783970207 -0.0070000002160668
vn -2.8072713303254191 -1.2498785851867458 -2.7227138645613009
v -0.0036541800945997 -0.0016269457992166 -0.0070000002160668
vn -3.0729410692921282 0.0000000208335172 -2.7227128758871442
v -0.0039999987930059 0.0000000002870679 -0.0070000002160668
vn -2.8072713258971103 1.2498786060202631 -2.7227138781206341
v -0.0036541800945997 0.0016269462648779 -0.0070000002160668
vn -2.0561990379215906 2.2836405700192963 -2.7227138330801970
v -0.0026765204966068 0.0029725788626820 -0.0070000002160668
vn -0.9495918600481543 2.9225407440740532 -2.7227140148565638
v -0.0012360661057755 0.0038042257074267 -0.0070000002160668
vn 0.3212103128598539 3.0561069703115922 -2.7227124094254451
v 0.0004181163967587 0.0039780880324543 -0.0070000002160668
vn 1.5364716061230173 2.6612450636883791 -2.7227146047369404
v 0.0020000012591481 0.0034641011152416 -0.0070000002160668
vn 2.4860615799430521 1.8062296668465498 -2.7227133608110168
v 0.0032360693439841 0.0023511408362538 -0.0070000002160668
vn 2.9971851241910183 0.8030943569139593 -2.8274341913981127
v 0.0039125913754106 0.0008316471357830 -0.0070000002160668
vn 3.1243824436757506 -0.0000000015506550 -2.9321517020788614
v 0.0040000015869737 0.0000000002870679 -0.0070000002160668
vn 2.9971851422161513 -0.8030943176134284 -2.8274342208585748
v 0.0039125913754106 -0.0008316465537064 -0.0070000002160668
vn 2.4860615981311671 -1.8062296259953641 -2.7227133323431705
v 0.0032360693439841 -0.0023511403705925 -0.0070000002160668
vn 1.5364720038945789 -2.6612449344441615 -2.7227148709980007
v 0.0020000012591481 -0.0034641006495804 -0.0070000002160668
vn 0.3212102756711791 -3.0561067953509564 -2.7227118647348147
v 0.0004181163967587 -0.0039780880324543 -0.0070000002160668
vn 2.9971851241910183 0.8030943569139593 2.8274341913981131
v 0.0039125913754106 0.0008316471357830 -0.0030000000260770
vn 3.1243824436757497 -0.0000000015506550 2.9321517020788610
v 0.0040000015869737 0.0000000002870679 -0.0030000000260770
vn 2.9971851422161517 -0.8030943176134285 2.8274342208585748
v 0.0039125913754106 -0.0008316465537064 -0.0030000000260770
vn 2.4860615981311671 -1.8062296259953641 2.7227133323431705
v 0.0032360693439841 -0.0023511403705925 -0.0030000000260770
vn 1.5364720038945789 -2.6612449344441615 2.7227148709980007
v 0.0020000012591481 -0.0034641006495804 -0.0030000000260770
vn 0.3212102756711791 -3.0561067953509564 2.7227118647348147
v 0.0004181163967587 -0.0039780880324543 -0.0030000000260770
vn -0.9495922950083908 -2.9225406983576345 2.7227142932861339
v -0.0012360661057755 -0.0038042252417654 -0.0030000000260770
vn -2.0561990379215902 -2.2836405700192963 2.7227138330801957
v -0.0026765204966068 -0.0029725783970207 -0.0030000000260770
vn -2.8072713303254191 -1.2498785851867458 2.7227138645613000
v -0.0036541800945997 -0.0016269457992166 -0.0030000000260770
vn -3.0729410692921286 0.0000000208335171 2.7227128758871437
v -0.0039999987930059 0.0000000002870679 -0.0030000000260770
vn -2.8072713258971094 1.2498786060202627 2.7227138781206337
v -0.0036541800945997 0.0016269462648779 -0.0030000000260770
vn -2.0561990379215906 2.2836405700192968 2.7227138330801957
v -0.0026765204966068 0.0029725788626820 -0.0030000000260770
vn -0.9495918600481543 2.9225407440740527 2.7227140148565638
v -0.0012360661057755 0.0038042257074267 -0.0030000000260770
vn 0.3212103128598539 3.0561069703115922 2.7227124094254447
v 0.0004181163967587 0.0039780880324543 -0.0030000000260770
vn 1.5364716061230173 2.6612450636883791 2.7227146047369395
v 0.0020000012591481 0.0034641011152416 -0.0030000000260770
vn 2.4860615799430521 1.8062296668465498 2.7227133608110168
v 0.0032360693439841 0.0023511408362538 -0.0030000000260770
vn 3.0345457813168029 0.0000000411462764 3.6651906875003872
v 0.0020000012591481 0.0000000002870679 -0.0030000000260770
vn 2.6279936196854443 1.5172721977930357 3.6651917864726578
v 0.0017320524202660 0.0010000003967434 -0.0030000000260770
vn 1.5172726734295225 2.6279934922391353 3.6651914729914701
v 0.0010000012116507 0.0017320516053587 -0.0030000000260770
vn 0.0000003095485782 3.0345455983423300 3.6651911375649076
v 0.0000000019214321 0.0020000005606562 -0.0030000000260770
vn -1.5172723638809444 2.6279935751823786 3.6651916770078987
v -0.0009999981848523 0.0017320516053587 -0.0030000000260770
vn 2.6279936307105407 -1.5172721566467597 3.6651918135912318
v 0.0017320524202660 -0.0009999999310821 -0.0030000000260770
vn -2.6279935423937411 -1.5172724862499081 3.6651915963572983
v -0.0017320493934676 -0.0009999999310821 -0.0030000000260770
vn -1.5172723638809447 -2.6279935751823786 3.6651916770078987
v -0.0009999981848523 -0.0017320511396974 -0.0030000000260770
vn 0.0000003095485780 -3.0345455983423304 3.6651911375649076
v 0.0000000019214321 -0.0020000000949949 -0.0030000000260770
vn 1.5172726734295225 -2.6279934922391348 3.6651914729914696
v 0.0010000012116507 -0.0017320511396974 -0.0030000000260770
vn -2.6279935313686282 1.5172725273962133 3.6651915692387043
v -0.0017320493934676 0.0010000003967434 -0.0030000000260770
vn -3.0345456046831840 0.0000000411463050 3.6651911219682725
v -0.0019999984651804 0.0000000002870679 -0.0030000000260770
vn -2.9502143789578303 0.9193243161742469 3.5040843035581641
v -0.0029128240421414 0.0007179475505836 0.0070000002160668
vn -3.1186869024599906 -0.0000000020637567 3.3832536457443632
v -0.0029999986290932 0.0000000002870679 0.0070000002160668
vn -3.1186869024599901 -0.0000000020637567 -3.3832536457443632
v -0.0029999986290932 0.0000000002870679 0.0074999998323619
vn -2.9502144062112872 -0.9193242658334535 -3.5040842645571786
v -0.0029128240421414 -0.0007179469685070 0.0074999998323619
vn -2.9502144062112867 -0.9193242658334534 3.5040842645571786
v -0.0029128240421414 -0.0007179469685070 0.0070000002160668
vn -2.2831848232250636 -2.0227258122537064 3.6249145548861446
v -0.0022455304861069 -0.0019893681164831 0.0070000002160668
vn -2.2831848232250631 -2.0227258122537064 -3.6249145548861441
v -0.0022455304861069 -0.0019893681164831 0.0074999998323619
vn -1.0816534951510794 -2.8520834619200337 3.6249138097780573
v -0.0010638133389875 -0.0028050483670086 0.0070000002160668
vn -1.0816534951510792 -2.8520834619200328 -3.6249138097780582
v -0.0010638133389875 -0.0028050483670086 0.0074999998323619
vn 0.3676733214923229 -3.0280630654860854 3.6249158842535989
v 0.0003616111935116 -0.0029781272169203 0.0070000002160668
vn 0.3676733214923228 -3.0280630654860854 -3.6249158842535989
v 0.0003616111935116 -0.0029781272169203 0.0074999998323619
vn 1.7327711748774717 -2.5103500458146026 3.6249142721318601
v 0.0017041965620592 -0.0024689508136362 0.0070000002160668
vn 1.7327711748774715 -2.5103500458146026 -3.6249142721318610
v 0.0017041965620592 -0.0024689508136362 0.0074999998323619
vn 2.7009100555230625 -1.4175465172899266 3.6249142897052109
v 0.0026563694700599 -0.0013941691722721 0.0070000002160668
vn 2.7009100555230616 -1.4175465172899264 -3.6249142897052109
v 0.0026563694700599 -0.0013941691722721 0.0074999998323619
vn 3.0503036515448079 0.0000000275733412 3.6249146778238273
v 0.0030000014230609 0.0000000002870679 0.0070000002160668
vn 3.0503036515448088 0.0000000275733410 -3.6249146778238277
v 0.0030000014230609 0.0000000002870679 0.0074999998323619
vn 2.7009100487268434 1.4175465448632676 3.6249142716261322
v 0.0026563694700599 0.0013941696379334 0.0070000002160668
vn 2.7009100487268434 1.4175465448632676 -3.6249142716261313
v 0.0026563694700599 0.0013941696379334 0.0074999998323619
vn 1.7327711748774715 2.5103500458146026 3.6249142721318610
v 0.0017041965620592 0.0024689512792975 0.0070000002160668
vn 1.7327711748774717 2.5103500458146026 -3.6249142721318561
v 0.0017041965620592 0.0024689512792975 0.0074999998323619
vn 0.3676733214923228 3.0280630654860858 3.6249158842535989
v 0.0003616111935116 0.0029781276825815 0.0070000002160668
vn 0.3676733214923229 3.0280630654860854 -3.6249158842535989
v 0.0003616111935116 0.0029781276825815 0.0074999998323619
vn -1.0816534951510792 2.8520834619200333 3.6249138097780578
v -0.0010638133389875 0.0028050488326699 0.0070000002160668
vn -1.0816534951510794 2.8520834619200337 -3.6249138097780573
v -0.0010638133389875 0.0028050488326699 0.0074999998323619
vn -2.2831847957210218 2.0227258646582569 3.6249145172086363
v -0.0022455304861069 0.0019893685821444 0.0070000002160668
vn -2.2831847957210214 2.0227258646582564 -3.6249145172086368
v -0.0022455304861069 0.0019893685821444 0.0074999998323619
vn -2.9502143789578303 0.9193243161742469 -3.5040843035581672
v -0.0029128240421414 0.0007179475505836 0.0074999998323619
vn 2.0561991331336213 2.2836405150485919 2.7227139030710590
v 0.0026765232905746 0.0029725788626820 0.0070000002160668
vn 2.8072713258971103 1.2498786060202631 2.7227138781206346
v 0.0036541828885674 0.0016269462648779 0.0070000002160668
vn 3.0729410692921282 0.0000000208335172 2.7227128758871442
v 0.0040000015869737 0.0000000002870679 0.0070000002160668
vn 2.8072713303254191 -1.2498785851867458 2.7227138645613009
v 0.0036541828885674 -0.0016269457992166 0.0070000002160668
vn 2.0561991331336218 -2.2836405150485923 2.7227139030710585
v 0.0026765232905746 -0.0029725783970207 0.0070000002160668
vn 0.9495924702242966 -2.9225406349781240 2.7227142745078714
v 0.0012360691325739 -0.0038042252417654 0.0070000002160668
vn -0.3212099048678860 -3.0561068814289145 2.7227120081780667
v -0.0004181125550531 -0.0039780880324543 0.0070000002160668
vn -1.5364717130951604 -2.6612450289309257 2.7227146763421484
v -0.0019999984651804 -0.0034641006495804 0.0070000002160668
vn -2.4860615981311671 -1.8062296259953641 2.7227133323431705
v -0.0032360665500164 -0.0023511403705925 0.0070000002160668
vn -3.0057902472546640 -0.6389002649207823 2.7227137446068013
v -0.0039125885814428 -0.0008316465537064 0.0070000002160668
vn 0.9495920352638529 2.9225406806945866 2.7227139960781672
v 0.0012360691325739 0.0038042257074267 0.0070000002160668
vn -0.3212099420569563 3.0561070563894486 2.7227125528686882
v -0.0004181125550531 0.0039780880324543 0.0070000002160668
vn -1.5364713153237868 2.6612451581749967 2.7227144100812306
v -0.0019999984651804 0.0034641011152416 0.0070000002160668
vn -2.4860615799430521 1.8062296668465498 2.7227133608110168
v -0.0032360665500164 0.0023511408362538 0.0070000002160668
vn -3.0057902290665490 0.6389003057719682 2.7227137161389545
v -0.0039125885814428 0.0008316471357830 0.0070000002160668
vn 2.8072713258971094 1.2498786060202627 -2.7227138781206346
v 0.0036541828885674 0.0016269462648779 0.0030000000260770
vn 2.0561991331336222 2.2836405150485923 -2.7227139030710594
v 0.0026765232905746 0.0029725788626820 0.0030000000260770
vn 0.9495920352638527 2.9225406806945866 -2.7227139960781672
v 0.0012360691325739 0.0038042257074267 0.0030000000260770
vn -0.3212099420569562 3.0561070563894481 -2.7227125528686886
v -0.0004181125550531 0.0039780880324543 0.0030000000260770
vn -1.5364713153237868 2.6612451581749972 -2.7227144100812302
v -0.0019999984651804 0.0034641011152416 0.0030000000260770
vn -2.4860615799430521 1.8062296668465498 -2.7227133608110168
v -0.0032360665500164 0.0023511408362538 0.0030000000260770
vn -3.0057902290665490 0.6389003057719683 -2.7227137161389550
v -0.0039125885814428 0.0008316471357830 0.0030000000260770
vn -3.0057902472546640 -0.6389002649207824 -2.7227137446068008
v -0.0039125885814428 -0.0008316465537064 0.0030000000260770
vn -2.4860615981311671 -1.8062296259953641 -2.7227133323431700
v -0.0032360665500164 -0.0023511403705925 0.0030000000260770
vn -1.5364717130951604 -2.6612450289309262 -2.7227146763421479
v -0.0019999984651804 -0.0034641006495804 0.0030000000260770
vn -0.3212099048678860 -3.0561068814289145 -2.7227120081780667
v -0.0004181125550531 -0.0039780880324543 0.0030000000260770
vn 0.9495924702242968 -2.9225406349781249 -2.7227142745078714
v 0.0012360691325739 -0.0038042252417654 0.0030000000260770
vn 2.0561991331336213 -2.2836405150485923 -2.7227139030710590
v 0.0026765232905746 -0.0029725783970207 0.0030000000260770
vn 2.8072713303254191 -1.2498785851867458 -2.7227138645613005
v 0.0036541828885674 -0.0016269457992166 0.0030000000260770
vn 3.0729410692921286 0.0000000208335171 -2.7227128758871442
v 0.0040000015869737 0.0000000002870679 0.0030000000260770
vn -3.0345456046831858 0.0000000411463050 -3.6651911219682729
v -0.0019999984651804 0.0000000002870679 0.0030000000260770
vn -2.6279935313686273 1.5172725273962127 -3.6651915692387043
v -0.0017320493934676 0.0010000003967434 0.0030000000260770
vn -1.5172723638809447 2.6279935751823786 -3.6651916770078987
v -0.0009999981848523 0.0017320516053587 0.0030000000260770
vn 0.0000003095485780 3.0345455983423304 -3.6651911375649076
v 0.0000000019214321 0.0020000005606562 0.0030000000260770
vn 1.5172726734295225 2.6279934922391348 -3.6651914729914696
v 0.0010000012116507 0.0017320516053587 0.0030000000260770
vn 1.5172726734295228 -2.6279934922391353 -3.6651914729914701
v 0.0010000012116507 -0.0017320511396974 0.0030000000260770
vn 0.0000003095485782 -3.0345455983423300 -3.6651911375649071
v 0.0000000019214321 -0.0020000000949949 0.0030000000260770
vn -1.5172723638809442 -2.6279935751823786 -3.6651916770078987
v -0.0009999981848523 -0.0017320511396974 0.0030000000260770
vn -2.6279935423937406 -1.5172724862499083 -3.6651915963572987
v -0.0017320493934676 -0.0009999999310821 0.0030000000260770
vn 2.6279936196854452 1.5172721977930363 -3.6651917864726578
v 0.0017320524202660 0.0010000003967434 0.0030000000260770
vn 3.0345457813168015 0.0000000411462764 -3.6651906875003868
v 0.0020000012591481 0.0000000002870679 0.0030000000260770
vn 2.6279936307105407 -1.5172721566467593 -3.6651918135912318
v 0.0017320524202660 -0.0009999999310821 0.0030000000260770
vn -3.0351865098147206 -0.7104426795993312 -0.0165722665048840
v -0.0004009315161966 -0.0019594000186771 0.0094999996945262
vn -2.9586070263052209 -0.7800927696553115 -0.7913135849938759
v -0.0004414151771925 -0.0019506791140884 0.0097684487700462
vn -2.5384738508652527 -5.7182659509657068 0.0067979477478849
v -0.0008050575270317 -0.0018308141734451 0.0091394204646349
vn -2.7100385629307140 -1.1761338071787757 2.6237514570607412
v -0.0009249532013200 -0.0017732621636242 0.0086123235523701
vn -2.8187688455775559 -0.8715301505810596 1.6317036206608482
v -0.0005528069450520 -0.0019220819231123 0.0089875003322959
vn -3.0481468467944723 -0.7514499381959571 0.8068473958621831
v -0.0004410202964209 -0.0019507685210556 0.0092328526079655
vn -2.8412025064617841 -0.8643429152418476 -1.6048019286366513
v -0.0005528069450520 -0.0019220819231123 0.0100124999880791
vn -2.6833095386948558 -1.1928859042103013 -2.5934919740227840
v -0.0009249532013200 -0.0017732621636242 0.0103876758366823
vn -2.3112547131746521 -1.7609022388172391 -3.1196745770272520
v -0.0011391871375963 -0.0016438511665910 0.0104896053671837
vn -2.3060501920923966 -1.7638909317630274 3.1271618717197893
v -0.0011391936568543 -0.0016438474413007 0.0085103921592236
vn -1.8959943526454985 -2.1133466456474950 3.2423102699683657
v -0.0013484674273059 -0.0014770345296711 0.0084750000387430
vn -1.9360329591432746 -2.1212803190512255 -3.2460291833515864
v -0.0013484674273059 -0.0014770345296711 0.0105250002816319
vn -1.5344093405456727 -2.4212069218838774 3.1220280632030795
v -0.0015335705829784 -0.0012838055845350 0.0085103819146752
vn -1.5453500053363995 -2.4554854121330787 -3.1268519602758547
v -0.0015340241370723 -0.0012832635547966 0.0104894293472171
vn -0.9252182821088244 -2.8059865862089954 -2.6236682749055622
v -0.0016819330630824 -0.0010821705218405 0.0103876758366823
vn -5.4646252307070835 -3.0464209774749524 -0.0067857224955887
v -0.0017503433628008 -0.0009676215122454 0.0098608015105128
vn -0.6122563623358284 -2.8861705651896497 -1.6318328196562955
v -0.0018639349145815 -0.0007250790367834 0.0100124999880791
vn -0.4705599855153355 -3.1023137262858640 -0.8070388364436905
v -0.0019026350928470 -0.0006164197693579 0.0097673526033759
vn -0.4320677012440313 -3.0871193802381436 0.0159310250848395
v -0.0019148922292516 -0.0005772204021923 0.0094999996945262
vn -0.5070442287039406 -3.0159180299643435 0.7902470823796021
v -0.0019025894580409 -0.0006165594677441 0.0092321736738086
vn -0.6025555369520529 -2.9079640849953332 1.6043078653833578
v -0.0018639349145815 -0.0007250790367834 0.0089875003322959
vn -0.9442111413032012 -2.7805927937086992 2.5935963035297194
v -0.0016819330630824 -0.0010821705218405 0.0086123235523701
vn -0.5961983921684044 -0.0000009512366220 2.4383464642241415
v -0.0019999984651804 0.0000000002870679 0.0114000001922250
vn -2.6279935313686305 1.5172725273962135 2.6179937379408820
v -0.0017320493934676 0.0010000003967434 0.0115000000223517
vn -0.5163148730626825 0.2980933522856418 2.4383341826829099
v -0.0017320493934676 0.0010000003967434 0.0114000001922250
vn -1.5172723638809431 2.6279935751823773 2.6179936301716875
v -0.0009999981848523 0.0017320516053587 0.0115000000223517
vn -0.2980968582797511 0.5163183581864533 2.4383406327728969
v -0.0009999981848523 0.0017320516053587 0.0114000001922250
vn 0.0000003095485780 3.0345455983423304 2.6179941696146787
v 0.0000000019214321 0.0020000005606562 0.0115000000223517
vn -0.0000003465824310 0.5961985311250679 2.4383467753260528
v 0.0000000019214321 0.0020000005606562 0.0114000001922250
vn 1.5172726734295217 2.6279934922391330 2.6179938341881162
v 0.0010000012116507 0.0017320516053587 0.0115000000223517
vn 0.2981007197200694 0.5163212618937121 2.4383458629694186
v 0.0010000012116507 0.0017320516053587 0.0114000001922250
vn 2.6279936196854443 1.5172721977930348 2.6179935207069285
v 0.0017320524202660 0.0010000003967434 0.0115000000223517
vn 0.5163156693928368 0.2980917533746106 2.4383343459228475
v 0.0017320524202660 0.0010000003967434 0.0114000001922250
vn 3.0345457813168011 0.0000000411462764 2.6179946196791999
v 0.0020000012591481 0.0000000002870679 0.0115000000223517
vn 0.5961987011831595 0.0000009732190484 2.4383463199911088
v 0.0020000012591481 0.0000000002870679 0.0114000001922250
vn 2.6279936307105407 -1.5172721566467593 2.6179934935883553
v 0.0017320524202660 -0.0009999999310821 0.0115000000223517
vn 0.5163145183351643 -0.2980940208462285 2.4383346733467715
v 0.0017320524202660 -0.0009999999310821 0.0114000001922250
vn 1.5172726734295212 -2.6279934922391339 2.6179938341881162
v 0.0010000012116507 -0.0017320511396974 0.0115000000223517
vn 0.2981020118761374 -0.5163210957317516 2.4383468868204892
v 0.0010000012116507 -0.0017320511396974 0.0114000001922250
vn 0.0000003095485775 -3.0345455983423282 2.6179941696146787
v 0.0000000019214321 -0.0020000000949949 0.0115000000223517
vn 0.0000006989891491 -0.5961984535419014 2.4383466171482953
v 0.0000000019214321 -0.0020000000949949 0.0114000001922250
vn -1.5172723638809442 -2.6279935751823782 2.6179936301716875
v -0.0009999981848523 -0.0017320511396974 0.0115000000223517
vn -0.2980965711303420 -0.5163180889964363 2.4383398647441874
v -0.0009999981848523 -0.0017320511396974 0.0114000001922250
vn -2.6279935423937393 -1.5172724862499067 2.6179937108222875
v -0.0017320493934676 -0.0009999999310821 0.0115000000223517
vn -0.5163157674368681 -0.2980918513389001 2.4383342801017922
v -0.0017320493934676 -0.0009999999310821 0.0114000001922250
vn -3.0345456046831867 0.0000000411463047 2.6179941852113142
v -0.0019999984651804 0.0000000002870679 0.0115000000223517
vn 0.0000000000000000 0.0000000000000000 6.2831853071795862
v 0.0000000019214321 0.0000000002870679 0.0115000000223517
vn 0.6675026549243097 -0.2169192111903430 -0.6675034449006763
v -0.0067563476040959 0.0270563494414091 -0.0113000003620982
vn -0.8053406827454839 0.0712161799914355 -0.4730712140878145
v -0.0111563475802541 0.0270563494414091 -0.0113000003620982
vn -0.4065549508449318 -3.0880682774404660 -2.8797913244823889
v -0.0111563475802541 0.0270563494414091 -0.0115000000223517
vn -0.4065549508449318 -3.0880682774404669 2.8797913244823889
v -0.0111563475802541 0.0270563494414091 0.0115000000223517
vn -0.8053406827454849 0.0712161799914181 0.4730712140878145
v -0.0111563475802541 0.0270563494414091 0.0113000003620982
vn 1.1107224586039963 -2.3561929379878261 2.6815153372674101
v -0.0068563474342227 0.0270563494414091 0.0115000000223517
vn 0.6675026549243105 -0.2169192111903465 0.6675034449006760
v -0.0067563476040959 0.0270563494414091 0.0113000003620982
vn 1.1107224586039950 -2.3561929379878266 -2.6815153372674057
v -0.0068563474342227 0.0270563494414091 -0.0115000000223517
vn 2.6815187853988931 -2.3561960423968680 -1.1107190104725104
v -0.0065563479438424 0.0270563494414091 -0.0111999996006489
vn 2.6815187853988913 -2.3561960423968635 1.1107190104725091
v -0.0065563479438424 0.0270563494414091 0.0111999996006489
vn -3.0880682774404700 -0.4065549508449319 -3.4033939826971977
v -0.0115563469007611 0.0288563501089811 -0.0115000000223517
vn -3.0880700437801063 -0.4065483587695623 -2.8797956691692654
v -0.0115563469007611 0.0274563487619162 -0.0115000000223517
vn 0.0556572766426295 -0.7942345445613916 -0.5655681398391988
v -0.0115563469007611 0.0274563487619162 -0.0113000003620982
vn -0.2716653045812714 0.7833524384739805 -0.7833392809437998
v -0.0115563469007611 0.0287563502788544 -0.0113000003620982
vn -0.2248540328081909 0.7909099678216935 0.6369194742855837
v -0.0115563469007611 0.0287563502788544 -0.0022350908257067
vn -3.0880682774404744 -0.4065549508449341 3.4033939826971982
v -0.0115563469007611 0.0288563501089811 0.0115000000223517
vn 0.0556572766426275 -0.7942345445613916 0.5655681398391988
v -0.0115563469007611 0.0274563487619162 0.0113000003620982
vn -3.0880700437801059 -0.4065483587695623 2.8797956691692645
v -0.0115563469007611 0.0274563487619162 0.0115000000223517
vn -0.2716671621340672 0.7833560532486727 0.7833425985586826
v -0.0115563469007611 0.0287563502788544 0.0113000003620982
vn -0.2248554217386630 0.7909128417453167 -0.6369223602689243
v -0.0115563469007611 0.0287563502788544 0.0027350909076631
vn 0.0372167525571823 -0.8130967175391248 -0.6586874702434954
v -0.0115563469007611 0.0274563487619162 0.0027350909076631
vn 0.0372167525571796 -0.8130967175391255 0.6586874702434953
v -0.0115563469007611 0.0274563487619162 -0.0022350908257067
vn -1.5172721526982120 -2.6279962178602325 2.6179989998298172
v -0.0113563472405076 0.0271099396049976 0.0115000000223517
vn -1.5172721526982134 -2.6279962178602370 -2.6179989998298168
v -0.0113563472405076 0.0271099396049976 -0.0115000000223517
vn -2.6279909188385018 -1.5172726259842313 2.6179882940828061
v -0.0115027576684952 0.0272563491016626 0.0115000000223517
vn -2.6279909188384925 -1.5172726259842289 -2.6179882940828056
v -0.0115027576684952 0.0272563491016626 -0.0115000000223517
vn 0.6063750089042466 0.0260645696581163 0.4629282173465904
v -0.0159563478082418 0.0270563494414091 0.0113000003620982
vn 0.3064504565164489 -3.1114095871471488 2.9452409737872860
v -0.0159563478082418 0.0270563494414091 0.0115000000223517
vn -3.1415926535897789 3.0345509666006434 0.8130835333423407
v -0.0205563474446535 0.0270563494414091 0.0113000003620982
vn -1.5707963267948966 -1.5707963267948966 1.5707963267949130
v -0.0205563474446535 0.0270563494414091 0.0115000000223517
vn 0.4065417666711704 -3.0880718100952951 -3.4033852933133275
v -0.0153563478961587 0.0290563497692347 -0.0115000000223517
vn -0.8672764559265593 -0.1247652672931336 -0.1029914429377000
v -0.0152563471347094 0.0290563497692347 0.0025956714525819
vn 0.4065417666711741 -3.0880718100952276 3.4033852933133262
v -0.0153563478961587 0.0290563497692347 0.0115000000223517
vn -0.7833319121827076 -0.2716496811614089 0.7833190864175734
v -0.0152563471347094 0.0290563497692347 0.0113000003620982
vn -0.4065417666711704 -3.0880718100952622 3.4033852933133288
v -0.0117563474923372 0.0290563497692347 0.0115000000223517
vn -0.3170168450070613 -0.1178452674699262 -0.7903547724743847
v -0.0120078912004828 0.0290563497692347 0.0026493980549276
vn -0.2594947064662941 -0.0948769493936319 -0.7186938659007368
v -0.0125002171844244 0.0290563497692347 0.0028835902921855
vn -0.1089429367476146 -0.1408123934143295 0.9107560802144230
v -0.0119682243093848 0.0290563497692347 -0.0021357988007367
vn -0.8337557489391931 -0.1424918289050727 0.3923845820648966
v -0.0152468280866742 0.0290563497692347 -0.0020530885085464
vn -0.2290101701232325 -0.1424894601656488 -0.8925562888997959
v -0.0151812005788088 0.0290563497692347 0.0024988090153784
vn -0.8672807096643247 -0.1247667222501527 0.1029967048581025
v -0.0152563471347094 0.0290563497692347 -0.0020956713706255
vn -0.5872871219701929 -0.1424902051128383 -0.7100707178473223
v -0.0152200814336538 0.0290563497692347 0.0025186128914356
vn -0.8337510679530713 -0.1424909231343010 -0.3923881917366315
v -0.0152468280866742 0.0290563497692347 0.0025530883576721
vn -0.5872868388068940 -0.1424893801399454 0.7100680213280733
v -0.0152200814336538 0.0290563497692347 -0.0020186130423099
vn -0.2290119593294447 -0.1424898126682472 0.8925566846241266
v -0.0151812005788088 0.0290563497692347 -0.0019988089334220
vn 0.1728671075365022 -0.1424890935075671 -0.9051061221499963
v -0.0151375876739621 0.0290563497692347 0.0024974469561130
vn 0.1728678099834699 -0.1424894663339478 0.9051071529134822
v -0.0151375876739621 0.0290563497692347 -0.0019974468741566
vn 0.6088550161029334 -0.1408123383143602 0.6860325281669936
v -0.0118899689987302 0.0290563497692347 -0.0021602986380458
vn 0.8366089465976747 -0.1408142163667105 0.3760844021254626
v -0.0118651390075684 0.0290563497692347 -0.0021940900478512
vn 0.8651756229820541 -0.1239296108571815 0.0983417237335774
v -0.0118563473224640 0.0290563497692347 -0.0022350908257067
vn -0.4065417666711741 -3.0880718100952338 -3.4033852933133293
v -0.0117563474923372 0.0290563497692347 -0.0115000000223517
vn 0.7833363623524019 -0.2716512240090105 -0.7833188421068644
v -0.0118563473224640 0.0290563497692347 -0.0113000003620982
vn -0.7833353168241257 -0.2716514306828641 -0.7833222111742656
v -0.0152563471347094 0.0290563497692347 -0.0113000003620982
vn 0.1805609131627612 -0.0948765331840544 -0.7424645663750258
v -0.0141127640381455 0.0290563497692347 0.0029707017820328
vn 0.3210174903646453 -0.0948768439652026 -0.6934014095756225
v -0.0146274538710713 0.0290563497692347 0.0027909097261727
vn 0.3820282410907788 -0.1186829688077748 -0.7642296444392008
v -0.0150975463911891 0.0290563497692347 0.0025147863198072
vn -0.3170163337382694 -0.1178447877019388 0.7903531592200876
v -0.0120078912004828 0.0290563497692347 -0.0021493982058018
vn 0.7833385424086059 -0.2716523442629785 0.7833208429481346
v -0.0118563473224640 0.0290563497692347 0.0113000003620982
vn 0.8651755787208126 -0.1239295960891258 -0.0983416731143466
v -0.0118563473224640 0.0290563497692347 0.0027350909076631
vn 0.0332593240671369 -0.0948766483100563 -0.7633808810341650
v -0.0135729890316725 0.0290563497692347 0.0030473463702947
vn 0.3820280747471302 -0.1186832028334197 0.7642306381705252
v -0.0150975463911891 0.0290563497692347 -0.0020147862378508
vn -0.1153031806769770 -0.0948767482935080 -0.7553557671012564
v -0.0130285937339067 0.0290563497692347 0.0030179375316948
vn 0.1805612558160286 -0.0948767621701758 0.7424654055415858
v -0.0141127640381455 0.0290563497692347 -0.0024707017000765
vn 0.0332593207377628 -0.0948766769919711 0.7633810026961302
v -0.0135729890316725 0.0290563497692347 -0.0025473462883383
vn 0.8366077521400883 -0.1408134225105160 -0.3760811798592696
v -0.0118651390075684 0.0290563497692347 0.0026940901298076
vn 0.6088514506227953 -0.1408115902747145 -0.6860326184914657
v -0.0118899689987302 0.0290563497692347 0.0026602987200022
vn 0.2740495319708251 -0.1408129900164525 0.8753542222532452
v -0.0119264703243971 0.0290563497692347 -0.0021396584343165
vn 0.2740517412864993 -0.1408127575126144 -0.8753530542972678
v -0.0119264703243971 0.0290563497692347 0.0026396585162729
vn -0.1089411458037212 -0.1408133145935804 -0.9107589074206128
v -0.0119682243093848 0.0290563497692347 0.0026357986498624
vn -0.1153031930139456 -0.0948767764006457 0.7553558855650211
v -0.0130285937339067 0.0290563497692347 -0.0025179374497384
vn -0.2594948221942762 -0.0948769502033260 0.7186938303014077
v -0.0125002171844244 0.0290563497692347 -0.0023835902102292
vn 0.3210174008100568 -0.0948768451300193 0.6934014564689117
v -0.0146274538710713 0.0290563497692347 -0.0022909096442163
vn 3.0880682774404611 -0.4065549508449319 3.4033939826971977
v -0.0155563475564122 0.0288563501089811 0.0115000000223517
vn 3.1114106671572364 -0.3064450269497809 2.9452444980752448
v -0.0155563475564122 0.0274563487619162 0.0115000000223517
vn -0.0089821498222227 -0.5940253508954916 0.5655346119542808
v -0.0155563475564122 0.0274563487619162 0.0113000003620982
vn 0.2716618949468232 0.7833404002915600 0.7833443873046981
v -0.0155563475564122 0.0287563502788544 0.0113000003620982
vn 0.2324152202777698 0.7896542261328096 -0.6623356361118209
v -0.0155563475564122 0.0287563502788544 0.0025956714525819
vn 3.0880682774405193 -0.4065549508449341 -3.4033939826971977
v -0.0155563475564122 0.0288563501089811 -0.0115000000223517
vn -0.0089821498222227 -0.5940253508954915 -0.5655346119542808
v -0.0155563475564122 0.0274563487619162 -0.0113000003620982
vn 3.1114106671572359 -0.3064450269497809 -2.9452444980752457
v -0.0155563475564122 0.0274563487619162 -0.0115000000223517
vn 0.2716614039651213 0.7833394448398278 -0.7833435103986794
v -0.0155563475564122 0.0287563502788544 -0.0113000003620982
vn 0.2324146097618603 0.7896529915373542 0.6623343849557372
v -0.0155563475564122 0.0287563502788544 -0.0020956713706255
vn 0.0153160325834039 -0.6128900538995626 0.6854079333190402
v -0.0155563475564122 0.0274563487619162 -0.0020956713706255
vn 0.0153160325833994 -0.6128900538995615 -0.6854079333190400
v -0.0155563475564122 0.0274563487619162 0.0025956714525819
vn -1.5707963267948966 -1.5707963267948966 -1.5707963267949105
v -0.0205563474446535 0.0270563494414091 -0.0115000000223517
vn 0.3064504565164489 -3.1114095871471488 -2.9452409737872860
v -0.0159563478082418 0.0270563494414091 -0.0115000000223517
vn -3.1415926535897865 3.0345509666006443 -0.8130835333423407
v -0.0205563474446535 0.0270563494414091 -0.0113000003620982
vn 0.6063750089042481 0.0260645696580672 -0.4629282173465904
v -0.0159563478082418 0.0270563494414091 -0.0113000003620982
vn -2.9650827931780719 0.3048077903025836 -3.1115029453749621
v -0.0205563474446535 0.0615576766431332 -0.0115000000223517
vn -2.9650827931780719 0.3048077903025836 3.1115029453749621
v -0.0205563474446535 0.0615576766431332 0.0115000000223517
vn -2.9698544292001494 3.0347609210084148 -0.7453209018880980
v -0.0205563474446535 0.0662388950586319 -0.0058335745707154
vn -2.9698522656023685 2.7694172910729860 -1.4476197435041727
v -0.0205563474446535 0.0653048679232597 -0.0083057200536132
vn -2.7885748012864768 1.2681616684949337 -2.8083584782502293
v -0.0205563474446535 0.0627923309803009 -0.0112341586500406
vn -2.8792107679754650 2.2318425158079132 -2.1609479446057742
v -0.0205563474446535 0.0638081729412079 -0.0104837501421571
vn -2.7885748012864759 1.2681616684949335 2.8083584782502298
v -0.0205563474446535 0.0627923309803009 0.0112341586500406
vn -2.8792107679754655 2.2318425158079132 2.1609479446057742
v -0.0205563474446535 0.0638081729412079 0.0104837501421571
vn -2.9698522656023694 2.7694172910729860 1.4476197435041727
v -0.0205563474446535 0.0653048679232597 0.0083057200536132
vn -2.9698544292001494 3.0347609210084148 0.7453209018880981
v -0.0205563474446535 0.0662388950586319 0.0058335745707154
vn -3.0557210177084211 3.1332681028796197 0.1595456817893344
v -0.0205563474446535 0.0665563493967056 0.0032099999953061
vn -3.0557210177084211 3.1332681028796201 -0.1595456817893344
v -0.0205563474446535 0.0665563493967056 -0.0032099999953061
vn 2.1392002394796092 0.1768566683979329 -5.3570994827819867
v -0.0068563474342227 0.0356504432857037 -0.0115000000223517
vn 0.7418821212977249 0.1614576922909307 -6.1894199243737589
v -0.0179305486381054 0.0438549220561981 -0.0115000000223517
vn 0.7861720866195022 0.0408308280232132 -6.1827800392957553
v -0.0180563479661942 0.0450245141983032 -0.0115000000223517
vn 0.8039163013105168 0.3241035234686113 -6.1330347644753829
v -0.0180563479661942 0.0615576766431332 -0.0115000000223517
vn 2.1787527690572972 -2.1787599431550655 -2.7488901659426932
v -0.0156735051423311 0.0271735060960054 -0.0115000000223517
vn 1.1791337633334680 -2.8466855961266648 -2.7488990601928922
v -0.0158032737672329 0.0270867981016636 -0.0115000000223517
vn 2.8466838026026036 -1.1791326343304145 -2.7488922431559546
v -0.0155867952853441 0.0273032765835524 -0.0115000000223517
vn -2.6279926851851707 -1.5172756853845255 -3.6651894878798363
v -0.0115831419825554 0.0289563499391079 -0.0115000000223517
vn -1.5172625012107699 -2.6279962178399208 -3.6651981772637057
v -0.0116563476622105 0.0290295556187630 -0.0115000000223517
vn 0.4098470904593476 0.6704880852307062 -6.1831262856464981
v -0.0151900341734290 0.0401960909366608 -0.0115000000223517
vn 0.4969919636351889 0.5739782565679132 -6.1894208526469479
v -0.0161565784364939 0.0408665910363197 -0.0115000000223517
vn 0.6076794430775513 0.4551601940472326 -6.1894219886260204
v -0.0169584304094315 0.0417272932827473 -0.0115000000223517
vn 0.6905742189370022 0.3155249917664132 -6.1894213873350852
v -0.0175589099526405 0.0427388288080692 -0.0115000000223517
vn 1.5172695665272071 -2.6279891524785421 -3.6652045383036054
v -0.0154563477262855 0.0290295556187630 -0.0115000000223517
vn 2.6279997505015960 -1.5172686200231311 -3.6651831268399340
v -0.0155295524746180 0.0289563499391079 -0.0115000000223517
vn 2.8466838026026124 -1.1791326343304205 2.7488922431559528
v -0.0155867952853441 0.0273032765835524 0.0115000000223517
vn 1.1791337633334735 -2.8466855961266786 2.7488990601928922
v -0.0158032737672329 0.0270867981016636 0.0115000000223517
vn 2.1787527690572843 -2.1787599431550535 2.7488901659426936
v -0.0156735051423311 0.0271735060960054 0.0115000000223517
vn 2.6279997505016124 -1.5172686200231411 3.6651831268399340
v -0.0155295524746180 0.0289563499391079 0.0115000000223517
vn 1.5172695665271958 -2.6279891524785204 3.6652045383036267
v -0.0154563477262855 0.0290295556187630 0.0115000000223517
vn -2.6279926851851698 -1.5172756853845315 3.6651894878798368
v -0.0115831419825554 0.0289563499391079 0.0115000000223517
vn 2.1091238012523825 0.1545194361993830 5.3860639211599910
v -0.0068563474342227 0.0356504432857037 0.0115000000223517
vn -1.5172625012107657 -2.6279962178399270 3.6651981772637061
v -0.0116563476622105 0.0290295556187630 0.0115000000223517
vn 0.8039156559499756 0.3241026970403232 6.1330350253627550
v -0.0180563479661942 0.0615576766431332 0.0115000000223517
vn 0.7906787698191589 0.0343894104257908 6.1817424948162163
v -0.0180563479661942 0.0450245141983032 0.0115000000223517
vn 0.7560408625329922 0.1364640447428224 6.1873457132332197
v -0.0179688856005669 0.0440475642681122 0.0115000000223517
vn 0.7197818305048449 0.2685872686624393 6.1873449361557871
v -0.0177092812955379 0.0431016869843006 0.0115000000223517
vn 0.6606206831427412 0.3921668825567169 6.1873466502883794
v -0.0172857921570539 0.0422169603407383 0.0115000000223517
vn 0.5804583740879078 0.5032761538294174 6.1873459494826726
v -0.0167118851095438 0.0414215289056301 0.0115000000223517
vn 0.4063504474864371 0.6775284720241079 6.1820888103953164
v -0.0151900341734290 0.0401960909366608 0.0115000000223517
vn 0.4818297227973090 0.5983769567680313 6.1873465995098220
v -0.0160058140754700 0.0407406874001026 0.0115000000223517
vn 5.2673650147047617 0.2074274924321199 -2.2986366919576189
v -0.0065563479438424 0.0356504432857037 -0.0111999996006489
vn 5.3513096122367516 0.1043414696172695 2.2255797584769375
v -0.0065563479438424 0.0356504432857037 0.0111999996006489
vn 5.4971822836528244 1.2894096104221222 -1.5928663584280232
v -0.0065563479438424 0.0358115322887897 -0.0111414212733507
vn 5.6279028180877990 1.6837701543813584 -0.8575767694406466
v -0.0065563479438424 0.0358609184622765 -0.0110765369608998
vn 5.3082660413250613 0.6755474086372171 -2.1433396264258269
v -0.0065563479438424 0.0357376262545586 -0.0111847762018442
vn 5.7602403962770756 1.7135720665452583 -0.2264691592191029
v -0.0065563479438424 0.0358782596886158 -0.0109999999403954
vn 5.7746005976333370 1.6952916829564721 0.2024344132371795
v -0.0065563479438424 0.0358782596886158 0.0109999999403954
vn 5.6844389785936551 1.6396495531105535 0.7903412514470545
v -0.0065563479438424 0.0358609184622765 0.0110765369608998
vn 5.6055939259855254 1.2317450527730607 1.4842406619924537
v -0.0065563479438424 0.0358115322887897 0.0111414212733507
vn 5.4594755434835109 0.6391877919697684 2.0029856562562180
v -0.0065563479438424 0.0357376262545586 0.0111847762018442
vn 0.8083960799402834 6.1557069935738129 -0.1849172781984453
v -0.0180563479661942 0.0665563493967056 -0.0032099999953061
vn 0.7726648694131780 6.0902307251741377 -0.7369250947276329
v -0.0180563479661942 0.0664766952395439 -0.0045313551090658
vn 0.8036465437715885 5.9582311990208270 -1.4633073334621565
v -0.0180563479661942 0.0662388950586319 -0.0058335745707154
vn 0.7726828907585452 5.7387083610508158 -2.1682066732758614
v -0.0180563479661942 0.0658463910222054 -0.0070977988652885
vn 0.7992237054659810 4.4934296003236875 -4.1463614538082529
v -0.0180563479661942 0.0638081729412079 -0.0104837501421571
vn 0.7727313422413851 5.0559527858273849 -3.4743437811028941
v -0.0180563479661942 0.0646221637725830 -0.0094398455694318
vn 0.8036808524341548 5.4372634147805377 -2.8421489905197679
v -0.0180563479661942 0.0653048679232597 -0.0083057200536132
vn 0.7814259947259824 3.6183178453187632 -4.8981853648799270
v -0.0180563479661942 0.0633401870727539 -0.0109130162745714
vn 0.7814323437873001 1.2818329379118172 -5.9532603546798892
v -0.0180563479661942 0.0621891506016254 -0.0114327864721417
vn 0.7947215785415570 2.5063239288228076 -5.5502830084181953
v -0.0180563479661942 0.0627923309803009 -0.0112341586500406
vn 0.7814313253373175 1.2818333654245302 5.9532606837707718
v -0.0180563479661942 0.0621891506016254 0.0114327864721417
vn 0.7992264721053396 4.4934240062180031 4.1463660110685101
v -0.0180563479661942 0.0638081729412079 0.0104837501421571
vn 0.7814301419214053 3.6183209794913069 4.8981809653415969
v -0.0180563479661942 0.0633401870727539 0.0109130162745714
vn 0.7947212740732457 2.5063244949977102 5.5502828877997308
v -0.0180563479661942 0.0627923309803009 0.0112341586500406
vn 0.7727299353565393 5.0559541929476071 3.4743426153449608
v -0.0180563479661942 0.0646221637725830 0.0094398455694318
vn 0.8036778680121586 5.4372624839112058 2.8421530585376704
v -0.0180563479661942 0.0653048679232597 0.0083057200536132
vn 0.7726810057794355 5.7387109749953016 2.1682016481507072
v -0.0180563479661942 0.0658463910222054 0.0070977988652885
vn 0.8084006290272383 6.1557053785338738 0.1849238492665177
v -0.0180563479661942 0.0665563493967056 0.0032099999953061
vn 0.7726675232223732 6.0902309081125710 0.7369157400974815
v -0.0180563479661942 0.0664766952395439 0.0045313551090658
vn 0.8036456529555824 5.9582305071124146 1.4633114766851927
v -0.0180563479661942 0.0662388950586319 0.0058335745707154
vn 2.7042991370375358 1.0995555361023062 -4.7306124501507565
v -0.0068013733252883 0.0358384102582932 -0.0114619396626949
vn 1.4194795701507501 2.3023130506427476 -5.5552005352455858
v -0.0150703210383654 0.0404155626893044 -0.0114330127835274
vn 2.2839164722109633 3.7869698178637492 -4.4054342063292387
v -0.0150207346305251 0.0405064746737480 -0.0113535532727838
vn 3.3573629792006634 2.6806827139389302 -3.7118142686100351
v -0.0067547680810094 0.0359977632761002 -0.0113535532727838
vn 2.8661798723408327 4.7279715617080083 -2.7792765016077090
v -0.0149826854467392 0.0405762307345867 -0.0112500004470348
vn 3.8005037829794484 3.8088155526821348 -2.0537453892718833
v -0.0067236274480820 0.0361042395234108 -0.0111913420259953
vn 3.2521954012631111 5.2725061768499613 -0.8156321949411337
v -0.0149506079033017 0.0406350381672382 -0.0109999999403954
vn 4.0805227633229011 4.2941214045520271 -0.5259903748869095
v -0.0067126918584108 0.0361416302621365 -0.0109999999403954
vn 6.1684069891301982 0.0460773244232496 -0.8394550796190507
v -0.0175563469529152 0.0615576766431332 -0.0109999999403954
vn 6.1856010740434826 0.3331579909629248 -0.8180621750660417
v -0.0175563469529152 0.0450245141983032 -0.0109999999403954
vn 5.2714354500157530 0.2843194299052362 -3.0754186418200828
v -0.0176233351230621 0.0450245141983032 -0.0112500004470348
vn 5.2062114293460686 0.1639492492335957 -3.0575905266527723
v -0.0176233351230621 0.0615576766431332 -0.0112500004470348
vn 3.0045925693035018 0.1599714746973027 -5.2987506697994089
v -0.0178063474595547 0.0450245141983032 -0.0114330127835274
vn 2.9835114498882032 0.2757198840625729 -5.2184033338127023
v -0.0178063474595547 0.0615576766431332 -0.0114330127835274
vn 4.6228468596339765 4.1876996779986442 -0.6068103654177230
v -0.0163341090083122 0.0417490713298321 -0.0109999999403954
vn 3.9719944838804153 4.7564943794637946 -0.8207576081842866
v -0.0158292837440968 0.0412445850670338 -0.0109999999403954
vn 3.4378747939262713 4.0324116653592847 -3.0854746574734366
v -0.0158731341362000 0.0411939434707165 -0.0112500004470348
vn 1.9441450586312570 2.2505195715971702 -5.3417895215766977
v -0.0159929301589727 0.0410555861890316 -0.0114330127835274
vn 2.3808392245907690 1.7832787121838367 -5.3415147975210919
v -0.0167583357542753 0.0418771691620350 -0.0114330127835274
vn 2.7056129106185725 1.2362047205236670 -5.3415064901951830
v -0.0173315200954676 0.0428427234292030 -0.0114330127835274
vn 4.2851455536557781 3.1310891352455572 -3.0603530406282933
v -0.0166118554770947 0.0419868826866150 -0.0112500004470348
vn 4.8042313688493126 2.2497359555638283 -3.0641413011180401
v -0.0171650610864162 0.0429187789559364 -0.0112500004470348
vn 5.0892132187110208 3.5354131581588546 -0.8182141618110796
v -0.0165582410991192 0.0420270413160324 -0.0109999999403954
vn 2.9066083631236448 0.6325691722000319 -5.3415145377932598
v -0.0176862683147192 0.0439080856740475 -0.0114330127835274
vn 5.1659652793778985 1.1242718757374894 -3.1162718307905357
v -0.0175074413418770 0.0439470037817955 -0.0112500004470348
vn 6.0722587437514477 1.2567671494148529 -0.7890093319898119
v -0.0174419861286879 0.0439612455666065 -0.0109999999403954
vn 5.9347219251618473 1.9848816186089118 -0.4461479829002089
v -0.0172408334910870 0.0432764887809753 -0.0109999999403954
vn 5.5407053554517276 2.7748496322137526 -0.8182257186766753
v -0.0171041321009398 0.0429466180503368 -0.0109999999403954
vn 3.7820095327581340 3.8486094347799660 2.0552115486966702
v -0.0067236274480820 0.0361042395234108 0.0111913420259953
vn 4.0763411886127496 4.3029343294019853 0.5196998549210132
v -0.0067126918584108 0.0361416302621365 0.0109999999403954
vn 3.2042267443767027 5.2995492091642049 0.8162290866534516
v -0.0149506079033017 0.0406350381672382 0.0109999999403954
vn 2.8699186290782315 4.7425804400554403 2.7510759153982876
v -0.0149826854467392 0.0405762307345867 0.0112500004470348
vn 2.2777962988169835 3.7713850487492642 4.4226196403319031
v -0.0150207346305251 0.0405064746737480 0.0113535532727838
vn 3.3240280490771790 2.7423225662106945 3.7440651402927738
v -0.0067547680810094 0.0359977632761002 0.0113535532727838
vn 1.3986351150377634 2.3179065995727370 5.5515396950385272
v -0.0150703210383654 0.0404155626893044 0.0114330127835274
vn 2.6542075169841688 1.1506797712300767 4.7984608374715823
v -0.0068013733252883 0.0358384102582932 0.0114619396626949
vn 6.1863709244133336 0.2782480701482214 0.8188733499254744
v -0.0175563469529152 0.0450245141983032 0.0109999999403954
vn 5.2704374776830436 0.2365659920341954 3.0693970923496119
v -0.0176233351230621 0.0450245141983032 0.0112500004470348
vn 5.2008469527883934 0.9387396544368947 3.1042405511675364
v -0.0175427589565516 0.0441244803369045 0.0112500004470348
vn 3.0100046451042139 0.1336371519916943 5.2921128883223805
v -0.0178063474595547 0.0450245141983032 0.0114330127835274
vn 2.9379892716847733 0.5302986764836299 5.3282413227086458
v -0.0177228618413210 0.0440919734537601 0.0114330127835274
vn 2.7970767139286483 1.0437355326589546 5.3282388699176728
v -0.0174750573933125 0.0431890860199928 0.0114330127835274
vn 2.5671880356570616 1.5239709803505597 5.3282470291195798
v -0.0170708168298006 0.0423445776104927 0.0114330127835274
vn 2.2556690590201045 1.9557403710553856 5.3282456359279502
v -0.0165229961276054 0.0415853001177311 0.0114330127835274
vn 1.8447377616540859 2.3294919475628326 5.3398667031965106
v -0.0158490203320980 0.0409354083240032 0.0114330127835274
vn 4.9513977859833114 1.8476297204695138 3.1042373590176737
v -0.0173035934567451 0.0432530678808689 0.0112500004470348
vn 4.5444648122620439 2.6977483035853322 3.1042380925653683
v -0.0169134438037872 0.0424380004405975 0.0112500004470348
vn 3.9930163187154140 3.4620699106130379 3.1042169202682768
v -0.0163847208023071 0.0417051911354065 0.0112500004470348
vn 3.2994309304580023 4.1433791785208882 3.0896625795875350
v -0.0157342385500669 0.0410779528319836 0.0112500004470348
vn 6.0982977785998296 1.0998464630200770 0.8233360887747648
v -0.0174768362194300 0.0441363789141178 0.0109999999403954
vn 5.8061030521834942 2.1656387520050489 0.8206352148984593
v -0.0172408334910870 0.0432764887809753 0.0109999999403954
vn 5.3287236241328255 3.1633051108407422 0.8193542410459702
v -0.0168558415025473 0.0424721948802471 0.0109999999403954
vn 4.6818920077853088 4.0597310653219187 0.8197179305713022
v -0.0163341090083122 0.0417490713298321 0.0109999999403954
vn 3.8860366698392976 4.8269315517562870 0.8211007593355657
v -0.0156922247260809 0.0411301255226135 0.0109999999403954
vn 6.1684071423055400 0.0460766097082527 0.8394545840403123
v -0.0175563469529152 0.0615576766431332 0.0109999999403954
vn 5.2062107081438915 0.1639498076445139 3.0575914849955712
v -0.0176233351230621 0.0615576766431332 0.0112500004470348
vn 2.9835126339657316 0.2757198062663095 5.2184026753324684
v -0.0178063474595547 0.0615576766431332 0.0114330127835274
vn 6.1641781147384433 0.6273227746669479 -0.5805157202497346
v -0.0175563469529152 0.0634330883622169 -0.0101531250402331
vn 5.1789324471137395 2.2567965780436299 -2.0848043469811897
v -0.0176233351230621 0.0636206269264221 -0.0103184375911951
vn 5.2013909833397456 2.5239888193555182 -1.7344351509780003
v -0.0176233351230621 0.0644161254167557 -0.0092982584610581
vn 2.9558075208822334 3.8223845238886045 -3.5271764751138313
v -0.0178063474595547 0.0637579187750816 -0.0104394545778632
vn 2.9790584724095419 4.3011149884235715 -2.9556421705938711
v -0.0178063474595547 0.0645669549703598 -0.0094019072130322
vn 2.9790702172432928 4.6249989648169603 -2.4175667145869508
v -0.0178063474595547 0.0652455016970634 -0.0082746883854270
vn 2.9790135381523828 4.8819303618628727 -1.8445014753700888
v -0.0178063474595547 0.0657837316393852 -0.0070741232484579
vn 2.9790486714429427 5.0681292767309669 -1.2447005076990252
v -0.0178063474595547 0.0661738440394402 -0.0058175972662866
vn 2.9790190353170867 5.1809488576470031 -0.6268973569936306
v -0.0178063474595547 0.0664101988077164 -0.0045233084820211
vn 3.0067973938782879 5.2373835647465565 -0.1572905023379813
v -0.0178063474595547 0.0664893612265587 -0.0032099999953061
vn 5.2014123632642946 2.7140478834611477 -1.4186815913026822
v -0.0176233351230621 0.0650833100080490 -0.0081899082288146
vn 5.2013974483702423 2.8648211425561456 -1.0823918732993303
v -0.0176233351230621 0.0656125321984291 -0.0070094401016831
vn 5.2014251821904267 2.9740801113247235 -0.7304152830322754
v -0.0176233351230621 0.0659961104393005 -0.0057739475741982
vn 5.2014221311276350 3.0402762329403368 -0.3678724568871669
v -0.0176233351230621 0.0662285089492798 -0.0045013241469860
vn 5.2286735040780172 3.0485263445994137 -0.0923064615826000
v -0.0176233351230621 0.0663063526153564 -0.0032099999953061
vn 6.1676852174758130 0.6948552733709823 -0.4774886108513590
v -0.0175563469529152 0.0642100796103477 -0.0091566704213619
vn 6.1676822949468901 0.7471890226605516 -0.3905707071976789
v -0.0175563469529152 0.0648617520928383 -0.0080740964040160
vn 6.1676824711697620 0.7886953455117028 -0.2979853460336588
v -0.0175563469529152 0.0653786659240723 -0.0069210808724165
vn 6.1676814453114774 0.8187830003402511 -0.2010882792445040
v -0.0175563469529152 0.0657533258199692 -0.0057143210433424
vn 6.1676852755892622 0.8369958085127059 -0.1012765901020110
v -0.0175563469529152 0.0659803152084351 -0.0044712936505675
vn 6.1719119679385406 0.8281013382575759 -0.0254118831255531
v -0.0175563469529152 0.0660563483834267 -0.0032099999953061
vn 5.1564429955279660 0.6484479973626621 -3.0116064566634857
v -0.0176233351230621 0.0621365271508694 -0.0111883878707886
vn 2.9324789365669499 1.0905200695354069 -5.0647436725569523
v -0.0178063474595547 0.0621750503778458 -0.0113673005253077
vn 2.9324847203525635 2.1321753180352960 -4.7217120172007068
v -0.0178063474595547 0.0627647638320923 -0.0111731076613069
vn 2.9324803542891047 3.0782869306317493 -4.1671278969178127
v -0.0178063474595547 0.0633003860712051 -0.0108591364696622
vn 5.1564566095657591 1.2678310794990753 -2.8076315917534620
v -0.0176233351230621 0.0626894384622574 -0.0110063124448061
vn 5.1564419086342568 1.8304170817564542 -2.4778662340626698
v -0.0176233351230621 0.0631916448473930 -0.0107119316235185
vn 6.1606766603654464 0.1822458812203432 -0.8464045554234344
v -0.0175563469529152 0.0620839074254036 -0.0109439892694354
vn 6.1606776957549911 0.3563223513315408 -0.7890772412453552
v -0.0175563469529152 0.0625865533947945 -0.0107784653082490
vn 6.1606770046463168 0.5144342828532062 -0.6963974856282583
v -0.0175563469529152 0.0630431026220322 -0.0105108469724655
vn 6.1641779497768585 0.6273250277480995 0.5805140649005271
v -0.0175563469529152 0.0634330883622169 0.0101531250402331
vn 5.1789337604443366 2.2567939022201924 2.0848048399314321
v -0.0176233351230621 0.0636206269264221 0.0103184375911951
vn 5.1564433808173202 1.8304195762530306 2.4778632374756668
v -0.0176233351230621 0.0631916448473930 0.0107119316235185
vn 2.9558033730491644 3.8223780940328913 3.5271860326072688
v -0.0178063474595547 0.0637579187750816 0.0104394545778632
vn 2.9324746036558524 3.0782955635382119 4.1671240440486494
v -0.0178063474595547 0.0633003860712051 0.0108591364696622
vn 2.9324844454247021 2.1321719201499918 4.7217142939240118
v -0.0178063474595547 0.0627647638320923 0.0111731076613069
vn 2.9324815682413305 1.0905209847526303 5.0647414880589725
v -0.0178063474595547 0.0621750503778458 0.0113673005253077
vn 5.1564575439217872 1.2678248904501428 2.8076329742966650
v -0.0176233351230621 0.0626894384622574 0.0110063124448061
vn 5.1564410430216583 0.6484505143369725 3.0116075659660777
v -0.0176233351230621 0.0621365271508694 0.0111883878707886
vn 6.1606771173535764 0.5144330937370729 0.6963979106862728
v -0.0175563469529152 0.0630431026220322 0.0105108469724655
vn 6.1606774784918237 0.3563223392956807 0.7890780179514140
v -0.0175563469529152 0.0625865533947945 0.0107784653082490
vn 6.1606766694716493 0.1822472308647025 0.8464042346847107
v -0.0175563469529152 0.0620839074254036 0.0109439892694354
vn 6.1719119569572980 0.8281013757230976 0.0254119414712656
v -0.0175563469529152 0.0660563483834267 0.0032099999953061
vn 5.2286761247546432 3.0485240036268126 0.0923014088226720
v -0.0176233351230621 0.0663063526153564 0.0032099999953061
vn 5.2014250150846566 3.0402722829587621 0.3678781109097577
v -0.0176233351230621 0.0662285089492798 0.0045013241469860
vn 3.0067903330389467 5.2373869838504392 0.1572928642297363
v -0.0178063474595547 0.0664893612265587 0.0032099999953061
vn 2.9790139200290389 5.1809525833450554 0.6268924522721105
v -0.0178063474595547 0.0664101988077164 0.0045233084820211
vn 2.9790508991616380 5.0681260102377479 1.2447070354100540
v -0.0178063474595547 0.0661738440394402 0.0058175972662866
vn 2.9790161999008902 4.8819327865228610 1.8444918852756897
v -0.0178063474595547 0.0657837316393852 0.0070741232484579
vn 2.9790738878225200 4.6249942817749510 2.4175731549051247
v -0.0178063474595547 0.0652455016970634 0.0082746883854270
vn 2.9790596437857957 4.3011191047241653 2.9556363139094972
v -0.0178063474595547 0.0645669549703598 0.0094019072130322
vn 5.2014238144442793 2.9740806012249221 0.7304168663107816
v -0.0176233351230621 0.0659961104393005 0.0057739475741982
vn 5.2013966098235311 2.8648233180074487 1.0823887352142991
v -0.0176233351230621 0.0656125321984291 0.0070094401016831
vn 5.2014116202926743 2.7140474491604238 1.4186847340399313
v -0.0176233351230621 0.0650833100080490 0.0081899082288146
vn 5.2013914547094471 2.5239901531215132 1.7344318034426034
v -0.0176233351230621 0.0644161254167557 0.0092982584610581
vn 6.1676850111007031 0.8369965495654018 0.1012779777574262
v -0.0175563469529152 0.0659803152084351 0.0044712936505675
vn 6.1676813113990230 0.8187839168450113 0.2010864630071977
v -0.0175563469529152 0.0657533258199692 0.0057143210433424
vn 6.1676825417207395 0.7886948036428727 0.2979860991965149
v -0.0175563469529152 0.0653786659240723 0.0069210808724165
vn 6.1676824524273801 0.7471891755642355 0.3905692548649355
v -0.0175563469529152 0.0648617520928383 0.0080740964040160
vn 6.1676850731444723 0.6948540019987595 0.4774913304595244
v -0.0175563469529152 0.0642100796103477 0.0091566704213619
vn -1.5172724776887754 -2.6279943253953446 -3.6651899389565306
v -0.0168813467025757 0.0132613824680448 -0.0049999998882413
vn -0.0000002666175027 -3.0345451202172842 -3.6651923136131859
v -0.0155563475564122 0.0129063492640853 -0.0049999998882413
vn -0.3212096955505135 3.0561075623177896 -2.7227140146219062
v -0.0151382340118289 0.0115782618522644 -0.0049999998882413
vn -1.5364705642962513 2.6612451226668883 -2.7227131661094863
v -0.0135563472285867 0.0120922476053238 -0.0049999998882413
vn 1.5172727443052303 -2.6279938636022271 -3.6651905947569787
v -0.0142313474789262 0.0132613824680448 -0.0049999998882413
vn -2.4860620747705084 1.8062292090646230 -2.7227137626837266
v -0.0123202791437507 0.0132052088156343 -0.0049999998882413
vn 2.6279930637511102 -1.5172728157451107 -3.6651922107162234
v -0.0132613796740770 0.0142313493415713 -0.0049999998882413
vn -2.9971851332035850 0.8030943372636933 -2.8274342061283444
v -0.0116437571123242 0.0147247025743127 -0.0049999998882413
vn 3.0345456534517306 0.0000002666169440 -3.6651910020116869
v -0.0129063474014401 0.0155563494190574 -0.0049999998882413
vn -3.1243824245608871 -0.0000001818644095 -2.9321515856626323
v -0.0115563469007611 0.0155563494190574 -0.0049999998882413
vn -1.5172715540987243 2.6279937921624237 -3.6651922107168931
v -0.0168813467025757 0.0178513173013926 -0.0049999998882413
vn 0.9495909974033434 -2.9225408122600580 -2.7227133971854949
v -0.0167924147099257 0.0193605758249760 -0.0049999998882413
vn -0.0000002666163853 3.0345461866850600 -3.6651896904097270
v -0.0155563475564122 0.0182063486427069 -0.0049999998882413
vn -0.3212096955505134 -3.0561075623177896 -2.7227140146219062
v -0.0151382340118289 0.0195344369858503 -0.0049999998882413
vn 1.5172718207157845 2.6279933303681178 -3.6651928665165423
v -0.0142313474789262 0.0178513173013926 -0.0049999998882413
vn -1.5364700785628524 -2.6612455600232217 -2.7227135822161186
v -0.0135563472285867 0.0190204512327909 -0.0049999998882413
vn 2.6279940587790356 1.5172720158943960 -3.6651910748368275
v -0.0132613796740770 0.0168813485652208 -0.0049999998882413
vn -2.4860618800465026 -1.8062289928025863 -2.7227128910920220
v -0.0123202791437507 0.0179074909538031 -0.0049999998882413
vn -2.9971854050981150 -0.8030938655097327 -2.8274347780296445
v -0.0116437571123242 0.0163879953324795 -0.0049999998882413
vn 0.9495909974033434 2.9225408122600580 -2.7227133971854949
v -0.0167924147099257 0.0117521230131388 -0.0049999998882413
vn 2.0561990855276036 2.2836405425339468 -2.7227138680756253
v -0.0182328689843416 0.0125837698578835 -0.0049999998882413
vn -2.6279927971336488 -1.5172723539494859 -3.6651933465958901
v -0.0178513154387474 0.0142313493415713 -0.0049999998882413
vn 2.8072713661310993 1.2498784167345243 -2.7227137549254725
v -0.0192105285823345 0.0139294024556875 -0.0049999998882413
vn -3.0345461866850600 0.0000002666163854 -3.6651896904097274
v -0.0182063467800617 0.0155563494190574 -0.0049999998882413
vn 3.0729411453317987 0.0000000000000000 -2.7227131087181342
v -0.0195563472807407 0.0155563494190574 -0.0049999998882413
vn -2.6279937921624237 1.5172715540987243 -3.6651922107168935
v -0.0178513154387474 0.0168813485652208 -0.0049999998882413
vn 2.8072713661310997 -1.2498784167345243 -2.7227137549254721
v -0.0192105285823345 0.0171832963824272 -0.0049999998882413
vn 2.0561990855276036 -2.2836405425339468 -2.7227138680756253
v -0.0182328689843416 0.0185289289802313 -0.0049999998882413
vn -3.0345461866850600 0.0000002666163854 3.6651896904097270
v -0.0182063467800617 0.0155563494190574 -0.0054999999701977
vn -2.6279937921624232 1.5172715540987243 3.6651922107168931
v -0.0178513154387474 0.0168813485652208 -0.0054999999701977
vn -1.5172715540987243 2.6279937921624237 3.6651922107168931
v -0.0168813467025757 0.0178513173013926 -0.0054999999701977
vn -0.0000002666163853 3.0345461866850600 3.6651896904097265
v -0.0155563475564122 0.0182063486427069 -0.0054999999701977
vn 1.5172718207157845 2.6279933303681182 3.6651928665165427
v -0.0142313474789262 0.0178513173013926 -0.0054999999701977
vn 2.6279940587790360 1.5172720158943960 3.6651910748368266
v -0.0132613796740770 0.0168813485652208 -0.0054999999701977
vn 3.0345456534517310 0.0000002666169441 3.6651910020116878
v -0.0129063474014401 0.0155563494190574 -0.0054999999701977
vn 2.6279930637511106 -1.5172728157451112 3.6651922107162234
v -0.0132613796740770 0.0142313493415713 -0.0054999999701977
vn 1.5172727443052301 -2.6279938636022271 3.6651905947569787
v -0.0142313474789262 0.0132613824680448 -0.0054999999701977
vn -0.0000002666175028 -3.0345451202172833 3.6651923136131863
v -0.0155563475564122 0.0129063492640853 -0.0054999999701977
vn -1.5172724776887756 -2.6279943253953446 3.6651899389565310
v -0.0168813467025757 0.0132613824680448 -0.0054999999701977
vn -2.6279927971336488 -1.5172723539494859 3.6651933465958901
v -0.0178513154387474 0.0142313493415713 -0.0054999999701977
vn 2.9502144449508312 -0.9193238090161170 2.7791006932629445
v -0.0124007863923907 0.0147785730659962 -0.0054999999701977
vn 3.1186870232142860 0.0000000000000000 2.8999322992051311
v -0.0123063474893570 0.0155563494190574 -0.0054999999701977
vn 2.9502144449508316 0.9193238090161172 2.7791006932629445
v -0.0124007863923907 0.0163341257721186 -0.0054999999701977
vn 2.2831846374111375 2.0227259669556292 2.6582706552044346
v -0.0131236873567104 0.0177114978432655 -0.0054999999701977
vn 1.0816524198716462 2.8520836857997534 2.6582710399365701
v -0.0144038815051317 0.0185951516032219 -0.0054999999701977
vn -0.3676731149254099 3.0280636000537378 2.6582707683604250
v -0.0159480925649405 0.0187826529145241 -0.0054999999701977
vn -1.7327695959978822 2.5103509901953589 2.6582707166362689
v -0.0174025576561689 0.0182310473173857 -0.0054999999701977
vn -2.7009095630837532 1.4175471649588882 2.6582706582277589
v -0.0184340793639421 0.0170667003840208 -0.0054999999701977
vn -3.0503035417694671 -0.0000002185244762 2.6582703373351051
v -0.0188063476234674 0.0155563494190574 -0.0054999999701977
vn -2.7009099227676545 -1.4175469166870811 2.6582711985255618
v -0.0184340793639421 0.0140459993854165 -0.0054999999701977
vn -1.7327700095432723 -2.5103505233990755 2.6582703196189454
v -0.0174025576561689 0.0128816515207291 -0.0054999999701977
vn -0.3676740417106182 -3.0280637125856424 2.6582713627036307
v -0.0159480925649405 0.0123300459235907 -0.0054999999701977
vn 1.0816521300551929 -2.8520833586638674 2.6582699528657181
v -0.0144038815051317 0.0125175463035703 -0.0054999999701977
vn 2.2831852743798926 -2.0227255272878391 2.6582711479320826
v -0.0131236873567104 0.0134012009948492 -0.0054999999701977
vn 3.1186870232142860 0.0000000000000000 -2.8999322992051311
v -0.0123063474893570 0.0155563494190574 -0.0065000001341105
vn 2.9502144449508316 -0.9193238090161171 -2.7791006932629445
v -0.0124007863923907 0.0147785730659962 -0.0065000001341105
vn 2.2831852743798922 -2.0227255272878391 -2.6582711479320826
v -0.0131236873567104 0.0134012009948492 -0.0065000001341105
vn 1.0816521300551927 -2.8520833586638679 -2.6582699528657177
v -0.0144038815051317 0.0125175463035703 -0.0065000001341105
vn -0.3676740417106182 -3.0280637125856416 -2.6582713627036294
v -0.0159480925649405 0.0123300459235907 -0.0065000001341105
vn -1.7327700095432725 -2.5103505233990759 -2.6582703196189454
v -0.0174025576561689 0.0128816515207291 -0.0065000001341105
vn -2.7009099227676550 -1.4175469166870811 -2.6582711985255609
v -0.0184340793639421 0.0140459993854165 -0.0065000001341105
vn -3.0503035417694671 -0.0000002185244762 -2.6582703373351051
v -0.0188063476234674 0.0155563494190574 -0.0065000001341105
vn -2.7009095630837532 1.4175471649588882 -2.6582706582277589
v -0.0184340793639421 0.0170667003840208 -0.0065000001341105
vn -1.7327695959978822 2.5103509901953585 -2.6582707166362693
v -0.0174025576561689 0.0182310473173857 -0.0065000001341105
vn -0.3676731149254100 3.0280636000537378 -2.6582707683604250
v -0.0159480925649405 0.0187826529145241 -0.0065000001341105
vn 1.0816524198716464 2.8520836857997538 -2.6582710399365697
v -0.0144038815051317 0.0185951516032219 -0.0065000001341105
vn 2.2831846374111380 2.0227259669556288 -2.6582706552044346
v -0.0131236873567104 0.0177114978432655 -0.0065000001341105
vn 2.9502144449508312 0.9193238090161170 -2.7791006932629441
v -0.0124007863923907 0.0163341257721186 -0.0065000001341105
vn 3.0345448918062736 0.0000003532685117 -3.6651928754367704
v -0.0135563472285867 0.0155563494190574 -0.0065000001341105
vn 2.6279932277718716 -1.5172736604336761 -3.6651908224794019
v -0.0138242971152067 0.0145563492551446 -0.0065000001341105
vn 1.5172736604336761 -2.6279932277718716 -3.6651908224794014
v -0.0145563473924994 0.0138242989778519 -0.0065000001341105
vn -0.0000003532685117 -3.0345448918062732 -3.6651928754367700
v -0.0155563475564122 0.0135563490912318 -0.0065000001341105
vn -1.5172733071667233 -2.6279938396485996 -3.6651899535429004
v -0.0165563467890024 0.0138242989778519 -0.0065000001341105
vn -2.6279928745041321 -1.5172730485565000 -3.6651923275201748
v -0.0172883979976177 0.0145563492551446 -0.0065000001341105
vn -3.0345455983423157 0.0000003532675306 -3.6651911375649311
v -0.0175563469529152 0.0155563494190574 -0.0065000001341105
vn -2.6279934863819028 1.5172726952890156 -3.6651914585843746
v -0.0172883979976177 0.0165563486516476 -0.0065000001341105
vn -1.5172726952890161 2.6279934863819028 -3.6651914585843746
v -0.0165563467890024 0.0172883998602629 -0.0065000001341105
vn -0.0000003532675307 3.0345455983423157 -3.6651911375649311
v -0.0155563475564122 0.0175563488155603 -0.0065000001341105
vn 1.5172730485564998 2.6279928745041321 -3.6651923275201752
v -0.0145563473924994 0.0172883998602629 -0.0065000001341105
vn 2.6279938396486000 1.5172733071667233 -3.6651899535429004
v -0.0138242971152067 0.0165563486516476 -0.0065000001341105
vn -3.0345455983423157 0.0000003532675307 -2.6179941696146551
v -0.0175563469529152 0.0155563494190574 -0.0115000000223517
vn -2.6279934863819028 1.5172726952890161 -2.6179938485952121
v -0.0172883979976177 0.0165563486516476 -0.0115000000223517
vn -1.5172726952890156 2.6279934863819028 -2.6179938485952121
v -0.0165563467890024 0.0172883998602629 -0.0115000000223517
vn -0.0000003532675306 3.0345455983423157 -2.6179941696146551
v -0.0155563475564122 0.0175563488155603 -0.0115000000223517
vn 1.5172730485565000 2.6279928745041321 -2.6179929796594115
v -0.0145563473924994 0.0172883998602629 -0.0115000000223517
vn 2.6279938396485996 1.5172733071667233 -2.6179953536366858
v -0.0138242971152067 0.0165563486516476 -0.0115000000223517
vn 3.0345448918062736 0.0000003532685117 -2.6179924317428163
v -0.0135563472285867 0.0155563494190574 -0.0115000000223517
vn 2.6279932277718716 -1.5172736604336763 -2.6179944847001844
v -0.0138242971152067 0.0145563492551446 -0.0115000000223517
vn 1.5172736604336761 -2.6279932277718712 -2.6179944847001844
v -0.0145563473924994 0.0138242989778519 -0.0115000000223517
vn -0.0000003532685118 -3.0345448918062732 -2.6179924317428163
v -0.0155563475564122 0.0135563490912318 -0.0115000000223517
vn -1.5172733071667233 -2.6279938396485996 -2.6179953536366858
v -0.0165563467890024 0.0138242989778519 -0.0115000000223517
vn -2.6279928745041321 -1.5172730485565000 -2.6179929796594115
v -0.0172883979976177 0.0145563492551446 -0.0115000000223517
vn 0.0000000000000000 0.0000000000000000 -6.2831853071795889
v -0.0155563475564122 0.0155563494190574 -0.0115000000223517
vn -1.5172724776887756 -2.6279943253953446 3.6651899389565301
v -0.0168813467025757 0.0132613824680448 0.0049999998882413
vn 0.9547196870122542 2.9383255102345580 2.8331500903229054
v -0.0167924147099257 0.0117521230131388 0.0049999998882413
vn -0.0000002666175028 -3.0345451202172837 3.6651923136131859
v -0.0155563475564122 0.0129063492640853 0.0049999998882413
vn -0.3229443718478921 3.0726136409230493 2.8331507931122673
v -0.0151382340118289 0.0115782618522644 0.0049999998882413
vn 1.5172727443052303 -2.6279938636022271 3.6651905947569787
v -0.0142313474789262 0.0132613824680448 0.0049999998882413
vn -1.5447692041266996 2.6756184916082182 2.8331499958406803
v -0.0135563472285867 0.0120922476053238 0.0049999998882413
vn 2.6279930637511106 -1.5172728157451114 3.6651922107162234
v -0.0132613796740770 0.0142313493415713 0.0049999998882413
vn -2.4994892657656100 1.8159847420039479 2.8331504996967736
v -0.0123202791437507 0.0132052088156343 0.0049999998882413
vn 3.0345456534517310 0.0000002666169441 3.6651910020116865
v -0.0129063474014401 0.0155563494190574 0.0049999998882413
vn -1.5172715540987243 2.6279937921624232 3.6651922107168935
v -0.0168813467025757 0.0178513173013926 0.0049999998882413
vn 2.0673045123949207 -2.2959746560746579 2.8331508741799882
v -0.0182328689843416 0.0185289289802313 0.0049999998882413
vn -2.6279937921624237 1.5172715540987245 3.6651922107168935
v -0.0178513154387474 0.0168813485652208 0.0049999998882413
vn 2.8224336617668042 -1.2566285348636572 2.8331503353028111
v -0.0192105285823345 0.0171832963824272 0.0049999998882413
vn -3.0345461866850600 0.0000002666163854 3.6651896904097270
v -0.0182063467800617 0.0155563494190574 0.0049999998882413
vn 3.0895380758311335 -0.0000000934782368 2.8331492144747785
v -0.0195563472807407 0.0155563494190574 0.0049999998882413
vn -2.6279927971336488 -1.5172723539494859 3.6651933465958906
v -0.0178513154387474 0.0142313493415713 0.0049999998882413
vn 2.8224334811931815 1.2566288722546739 2.8331501490924311
v -0.0192105285823345 0.0139294024556875 0.0049999998882413
vn 2.0673046947747262 2.2959744310254990 2.8331505121886553
v -0.0182328689843416 0.0125837698578835 0.0049999998882413
vn -3.0220245384128797 0.6423512507466336 2.8331508657902940
v -0.0116437571123242 0.0147247025743127 0.0049999998882413
vn -3.0220248078285938 -0.6423506009008118 2.8331513221784963
v -0.0116437571123242 0.0163879953324795 0.0049999998882413
vn 2.6279940587790360 1.5172720158943960 3.6651910748368275
v -0.0132613796740770 0.0168813485652208 0.0049999998882413
vn -2.4994889810185210 -1.8159846677084939 2.8331494064781113
v -0.0123202791437507 0.0179074909538031 0.0049999998882413
vn 1.5172718207157843 2.6279933303681182 3.6651928665165423
v -0.0142313474789262 0.0178513173013926 0.0049999998882413
vn -1.5447688461033067 -2.6756188010988149 2.8331501928738771
v -0.0135563472285867 0.0190204512327909 0.0049999998882413
vn -0.0000002666163853 3.0345461866850600 3.6651896904097265
v -0.0155563475564122 0.0182063486427069 0.0049999998882413
vn -0.3229443718478921 -3.0726136409230498 2.8331507931122677
v -0.0151382340118289 0.0195344369858503 0.0049999998882413
vn 0.9547196870122543 -2.9383255102345580 2.8331500903229054
v -0.0167924147099257 0.0193605758249760 0.0049999998882413
vn 3.0345456534517306 0.0000002666169440 -3.6651910020116865
v -0.0129063474014401 0.0155563494190574 0.0054999999701977
vn 2.6279940587790360 1.5172720158943962 -3.6651910748368275
v -0.0132613796740770 0.0168813485652208 0.0054999999701977
vn 1.5172718207157845 2.6279933303681178 -3.6651928665165423
v -0.0142313474789262 0.0178513173013926 0.0054999999701977
vn -0.0000002666163853 3.0345461866850600 -3.6651896904097270
v -0.0155563475564122 0.0182063486427069 0.0054999999701977
vn -1.5172715540987243 2.6279937921624232 -3.6651922107168935
v -0.0168813467025757 0.0178513173013926 0.0054999999701977
vn -2.6279937921624237 1.5172715540987243 -3.6651922107168935
v -0.0178513154387474 0.0168813485652208 0.0054999999701977
vn -3.0345461866850600 0.0000002666163854 -3.6651896904097283
v -0.0182063467800617 0.0155563494190574 0.0054999999701977
vn -2.6279927971336488 -1.5172723539494859 -3.6651933465958910
v -0.0178513154387474 0.0142313493415713 0.0054999999701977
vn -1.5172724776887754 -2.6279943253953446 -3.6651899389565301
v -0.0168813467025757 0.0132613824680448 0.0054999999701977
vn -0.0000002666175028 -3.0345451202172846 -3.6651923136131863
v -0.0155563475564122 0.0129063492640853 0.0054999999701977
vn 1.5172727443052303 -2.6279938636022266 -3.6651905947569787
v -0.0142313474789262 0.0132613824680448 0.0054999999701977
vn 2.6279930637511102 -1.5172728157451107 -3.6651922107162234
v -0.0132613796740770 0.0142313493415713 0.0054999999701977
vn -2.2831856613674750 -2.0227247899444709 -2.6582706178014659
v -0.0179890077561140 0.0134012009948492 0.0054999999701977
vn -2.9616676471261676 -0.7299849796758056 -2.6582710462012300
v -0.0187119077891111 0.0147785730659962 0.0054999999701977
vn -2.9616676471261676 0.7299849796758056 -2.6582710462012300
v -0.0187119077891111 0.0163341257721186 0.0054999999701977
vn -2.2831850243987204 2.0227252296122611 -2.6582701250738179
v -0.0179890077561140 0.0177114978432655 0.0054999999701977
vn -1.0816525324038837 2.8520836721358513 -2.6582711121029932
v -0.0167088136076927 0.0185951516032219 0.0054999999701977
vn 0.3676726905764642 3.0280637046462222 -2.6582709084990435
v -0.0151646034792066 0.0187826529145241 0.0054999999701977
vn 1.7327692841811739 2.5103511084517454 -2.6582705043312274
v -0.0137101374566555 0.0182310473173857 0.0054999999701977
vn 2.7009095630837532 1.4175471649588882 -2.6582706582277584
v -0.0126786157488823 0.0170667003840208 0.0054999999701977
vn 3.0503035417694671 -0.0000002185244762 -2.6582703373351051
v -0.0123063474893570 0.0155563494190574 0.0054999999701977
vn 2.7009099227676545 -1.4175469166870811 -2.6582711985255618
v -0.0126786157488823 0.0140459993854165 0.0054999999701977
vn 1.7327696977265639 -2.5103506416554620 -2.6582701073139039
v -0.0137101374566555 0.0128816515207291 0.0054999999701977
vn 0.3676736173622072 -3.0280638171782592 -2.6582715028425961
v -0.0151646034792066 0.0123300459235907 0.0054999999701977
vn -1.0816522425868955 -2.8520833450000982 -2.6582700250317925
v -0.0167088136076927 0.0125175463035703 0.0054999999701977
vn 3.0503035417694671 -0.0000002185244762 2.6582703373351051
v -0.0123063474893570 0.0155563494190574 0.0065000001341105
vn 2.7009095630837532 1.4175471649588882 2.6582706582277589
v -0.0126786157488823 0.0170667003840208 0.0065000001341105
vn 1.7327692841811737 2.5103511084517454 2.6582705043312278
v -0.0137101374566555 0.0182310473173857 0.0065000001341105
vn 0.3676726905764643 3.0280637046462231 2.6582709084990439
v -0.0151646034792066 0.0187826529145241 0.0065000001341105
vn -1.0816525324038837 2.8520836721358518 2.6582711121029927
v -0.0167088136076927 0.0185951516032219 0.0065000001341105
vn -2.2831850243987200 2.0227252296122606 2.6582701250738179
v -0.0179890077561140 0.0177114978432655 0.0065000001341105
vn -2.9616676471261680 0.7299849796758056 2.6582710462012296
v -0.0187119077891111 0.0163341257721186 0.0065000001341105
vn -2.9616676471261680 -0.7299849796758056 2.6582710462012300
v -0.0187119077891111 0.0147785730659962 0.0065000001341105
vn -2.2831856613674750 -2.0227247899444709 2.6582706178014659
v -0.0179890077561140 0.0134012009948492 0.0065000001341105
vn -1.0816522425868955 -2.8520833450000982 2.6582700250317925
v -0.0167088136076927 0.0125175463035703 0.0065000001341105
vn 0.3676736173622071 -3.0280638171782592 2.6582715028425965
v -0.0151646034792066 0.0123300459235907 0.0065000001341105
vn 1.7327696977265641 -2.5103506416554624 2.6582701073139039
v -0.0137101374566555 0.0128816515207291 0.0065000001341105
vn 2.7009099227676550 -1.4175469166870811 2.6582711985255609
v -0.0126786157488823 0.0140459993854165 0.0065000001341105
vn -3.0345455983423157 0.0000003532675307 3.6651911375649311
v -0.0175563469529152 0.0155563494190574 0.0065000001341105
vn -2.6279928745041321 -1.5172730485565000 3.6651923275201748
v -0.0172883979976177 0.0145563492551446 0.0065000001341105
vn -1.5172733071667233 -2.6279938396485996 3.6651899535429004
v -0.0165563467890024 0.0138242989778519 0.0065000001341105
vn -0.0000003532685118 -3.0345448918062732 3.6651928754367700
v -0.0155563475564122 0.0135563490912318 0.0065000001341105
vn 1.5172736604336761 -2.6279932277718712 3.6651908224794019
v -0.0145563473924994 0.0138242989778519 0.0065000001341105
vn 2.6279932277718716 -1.5172736604336763 3.6651908224794019
v -0.0138242971152067 0.0145563492551446 0.0065000001341105
vn 3.0345448918062736 0.0000003532685117 3.6651928754367695
v -0.0135563472285867 0.0155563494190574 0.0065000001341105
vn 2.6279938396485996 1.5172733071667233 3.6651899535429004
v -0.0138242971152067 0.0165563486516476 0.0065000001341105
vn 1.5172730485565000 2.6279928745041321 3.6651923275201752
v -0.0145563473924994 0.0172883998602629 0.0065000001341105
vn -0.0000003532675306 3.0345455983423157 3.6651911375649311
v -0.0155563475564122 0.0175563488155603 0.0065000001341105
vn -1.5172726952890156 2.6279934863819028 3.6651914585843746
v -0.0165563467890024 0.0172883998602629 0.0065000001341105
vn -2.6279934863819028 1.5172726952890161 3.6651914585843741
v -0.0172883979976177 0.0165563486516476 0.0065000001341105
vn -2.6279934863819028 1.5172726952890156 2.6179938485952121
v -0.0172883979976177 0.0165563486516476 0.0115000000223517
vn -1.5172726952890161 2.6279934863819028 2.6179938485952121
v -0.0165563467890024 0.0172883998602629 0.0115000000223517
vn -0.0000003532675307 3.0345455983423157 2.6179941696146551
v -0.0155563475564122 0.0175563488155603 0.0115000000223517
vn 1.5172730485564998 2.6279928745041321 2.6179929796594115
v -0.0145563473924994 0.0172883998602629 0.0115000000223517
vn 2.6279938396486000 1.5172733071667233 2.6179953536366858
v -0.0138242971152067 0.0165563486516476 0.0115000000223517
vn 3.0345448918062736 0.0000003532685117 2.6179924317428163
v -0.0135563472285867 0.0155563494190574 0.0115000000223517
vn 2.6279932277718716 -1.5172736604336761 2.6179944847001844
v -0.0138242971152067 0.0145563492551446 0.0115000000223517
vn 1.5172736604336761 -2.6279932277718716 2.6179944847001844
v -0.0145563473924994 0.0138242989778519 0.0115000000223517
vn -0.0000003532685117 -3.0345448918062732 2.6179924317428163
v -0.0155563475564122 0.0135563490912318 0.0115000000223517
vn -1.5172733071667233 -2.6279938396485996 2.6179953536366858
v -0.0165563467890024 0.0138242989778519 0.0115000000223517
vn -2.6279928745041321 -1.5172730485565000 2.6179929796594115
v -0.0172883979976177 0.0145563492551446 0.0115000000223517
vn -3.0345455983423157 0.0000003532675306 2.6179941696146551
v -0.0175563469529152 0.0155563494190574 0.0115000000223517
vn 0.0000000000000000 0.0000000000000000 6.2831853071795880
v -0.0155563475564122 0.0155563494190574 0.0115000000223517
vn -3.1638541714729178 -1.8206147634317249 -2.4732703478185907
v -0.0029749255627394 -0.0040186825208366 0.0103876758366823
vn -3.6346752503978141 -1.3373784560770736 -1.6278705075381967
v -0.0026620551943779 -0.0042324285022914 0.0100124999880791
vn -3.8222698463616265 -0.9664684645040413 -0.7893643226918601
v -0.0025733606889844 -0.0042869332246482 0.0097658345475793
vn -3.8509608369476398 -0.9192731195313852 -0.0002409917119391
v -0.0025425944477320 -0.0043052523396909 0.0094999996945262
vn -3.8222359826841736 -0.9663911740985212 0.7890615525258832
v -0.0025733038783073 -0.0042869686149061 0.0092344079166651
vn -3.6327693245474451 -1.3420007632160078 1.7076953308299032
v -0.0026620551943779 -0.0042324285022914 0.0089875003322959
vn -3.2901538338636032 -1.7397811606696501 2.5171999100140066
v -0.0029749255627394 -0.0040186825208366 0.0086123235523701
vn -2.6923363219748668 -2.1345113774799360 2.9152163217876326
v -0.0031698690727353 -0.0038667710032314 0.0085101453587413
vn -2.1984153352034510 -2.7782784026832061 3.0483790146962004
v -0.0033711716532707 -0.0036925857421011 0.0084750000387430
vn -2.7236240043795759 -2.1014450225087407 -2.7958424740954779
v -0.0031704911962152 -0.0038662606384605 0.0104900700971484
vn -2.1450660201361345 -2.7988074737848376 -2.9957955283286810
v -0.0033711725845933 -0.0036925857421011 0.0105250002816319
vn -1.3308735119774799 -3.7246234264614797 -2.6249099024578078
v -0.0037496620789170 -0.0033470408525318 0.0103876758366823
vn -0.5217255177000892 -4.4649894191364616 -1.5275673229641173
v -0.0040267361328006 -0.0030940843280405 0.0100124999880791
vn -0.2046784368455243 -4.7328767370316820 0.0000008341822216
v -0.0041281525045633 -0.0030014959629625 0.0094999996945262
vn -0.5217228496210222 -4.4649879863169391 1.5275668241934541
v -0.0040267361328006 -0.0030940843280405 0.0089875003322959
vn -1.3491885243480897 -3.7284352827395244 2.6279307148985902
v -0.0037496620789170 -0.0033470408525318 0.0086123235523701
vn -3.9656729989795823 -4.7645405785844845 0.6081611985869348
v -0.0033711716532707 -0.0036925857421011 0.0113000003620982
vn -4.5265231138042425 -4.1922046933646895 0.6024060717504215
v -0.0072835143655539 -0.0001207829409395 0.0113000003620982
vn -3.9480926777561036 -4.7130414660630340 -0.8312960672368064
v -0.0033711716532707 -0.0036925857421011 0.0076999999582767
vn -4.4762501962158563 -4.2631856499265064 -0.6007749189620906
v -0.0072835143655539 -0.0001207829409395 0.0076999999582767
vn -3.1595582194619203 -5.2178480512894598 0.6957432897741774
v -0.0026401951909065 -0.0042460984550416 0.0113000003620982
vn -2.2465806102466050 -5.6739507707449510 0.7847173503785126
v -0.0018204346997663 -0.0046568247489631 0.0113000003620982
vn -2.2230748547538584 -5.6861371444532534 -0.7996003922823318
v -0.0018204346997663 -0.0046568247489631 0.0076999999582767
vn -3.2056659588353487 -5.1977665387678567 -0.8204509424278970
v -0.0026401951909065 -0.0042460984550416 0.0076999999582767
vn -1.1471364428887347 -5.9965690219587247 0.7976639105160850
v -0.0009394557564519 -0.0049109491519630 0.0113000003620982
vn -1.1471337108494126 -5.9965703380129849 -0.7976619987413246
v -0.0009394557564519 -0.0049109491519630 0.0076999999582767
vn -0.0328263984018936 -6.1052184348266225 0.7976607816238237
v -0.0000268844305538 -0.0049999277107418 0.0113000003620982
vn -0.0328270169683477 -6.1052185892768920 -0.7976603945670599
v -0.0000268844305538 -0.0049999277107418 0.0076999999582767
vn 1.0825860735456447 -6.0085625648630385 0.7976506964611789
v 0.0008865921408869 -0.0049207671545446 0.0113000003620982
vn 1.0825860398654705 -6.0085629264624858 -0.7976498380702992
v 0.0008865921408869 -0.0049207671545446 0.0076999999582767
vn 2.1615855393452086 -5.7098529313938684 0.7976396075232205
v 0.0017702515469864 -0.0046761310659349 0.0113000003620982
vn 2.1615887928162314 -5.7098510346174765 -0.7976411335282463
v 0.0017702515469864 -0.0046761310659349 0.0076999999582767
vn 3.1678919574247009 -5.2191100398202064 0.7976904012450595
v 0.0025943825021386 -0.0042742467485368 0.0113000003620982
vn 3.1678885355232316 -5.2191113557628483 -0.7976919973029666
v 0.0025943825021386 -0.0042742467485368 0.0076999999582767
vn 4.0676753730387869 -4.5528822460794753 0.7976770178222383
v 0.0033312691375613 -0.0037286260630935 0.0113000003620982
vn 4.0676768301928616 -4.5528805804793295 -0.7976776832462390
v 0.0033312691375613 -0.0037286260630935 0.0076999999582767
vn 4.8306675468071631 -3.7335279762950204 0.7977050032871551
v 0.0039561325684190 -0.0030576193239540 0.0113000003620982
vn 4.8306649032205753 -3.7335321493345517 -0.7977038742561591
v 0.0039561325684190 -0.0030576193239540 0.0076999999582767
vn 5.4312311083841625 -2.7886451638810930 0.7976523046543262
v 0.0044479565694928 -0.0022837889846414 0.0113000003620982
vn 5.4312336713707534 -2.7886414307587399 -0.7976508943270058
v 0.0044479565694928 -0.0022837889846414 0.0076999999582767
vn 5.8491297423851769 -1.7499723204594810 0.7976750648807254
v 0.0047902045771480 -0.0014331599231809 0.0113000003620982
vn 5.8491290848652380 -1.7499739826581471 -0.7976754414283549
v 0.0047902045771480 -0.0014331599231809 0.0076999999582767
vn 6.0703416422818623 -0.6524633375331477 0.7976684424592307
v 0.0049713673070073 -0.0005343367229216 0.0113000003620982
vn 6.0703415330054629 -0.6524606124564702 -0.7976694234427143
v 0.0049713673070073 -0.0005343367229216 0.0076999999582767
vn 6.0874023832559541 0.4670029330074669 0.7977093001716968
v 0.0049853539094329 0.0003824553568847 0.0113000003620982
vn 6.0874029344350875 0.4669981045470439 -0.7977088580396465
v 0.0049853539094329 0.0003824553568847 0.0076999999582767
vn 5.8997882518310929 1.5707555526433232 0.7976646620613692
v 0.0048316894099116 0.0012863858137280 0.0113000003620982
vn 5.8997876033088730 1.5707595512631258 -0.7976636757052438
v 0.0048316894099116 0.0012863858137280 0.0076999999582767
vn 5.5190713902104429 2.6153799876804102 0.7925114690237258
v 0.0045155463740230 0.0021470582578331 0.0113000003620982
vn 5.5137517368064053 2.6216824642980363 -0.7976837070830728
v 0.0045155463740230 0.0021470582578331 0.0076999999582767
vn 5.1794422755167160 3.4059888104306961 0.6081698699382593
v 0.0040475530549884 0.0029355289880186 0.0113000003620982
vn 5.1362701270090891 3.3774481052515419 -0.8051578470101727
v 0.0040475530549884 0.0029355289880186 0.0076999999582767
vn -3.1647907380450646 -1.8194946328049120 -2.4727592711883815
v -0.0029762182384729 -0.0040177251212299 -0.0086123235523701
vn -2.7250586212170966 -2.1002074474665102 -2.7950341649952333
v -0.0031711356714368 -0.0038657316472381 -0.0085101360455155
vn -3.6352601075771211 -1.3370238953037885 -1.6274394531925833
v -0.0026634307578206 -0.0042315623722970 -0.0089875003322959
vn -3.8227425012912306 -0.9662267074257638 -0.7892176757787396
v -0.0025747613981366 -0.0042860931716859 -0.0092341592535377
vn -3.8514166084661920 -0.9190530029335453 -0.0002445328312926
v -0.0025440016761422 -0.0043044215999544 -0.0094999996945262
vn -3.8227177673967812 -0.9661426801116185 0.7889067982222016
v -0.0025747036561370 -0.0042861285619438 -0.0097655951976776
vn -3.6333942069391867 -1.3416462106945208 1.7075132151339998
v -0.0026634307578206 -0.0042315623722970 -0.0100124999880791
vn -3.2911474062129784 -1.7385871588734703 2.5166209967943289
v -0.0029762182384729 -0.0040177251212299 -0.0103876758366823
vn -2.6937083429399777 -2.1333770586459808 2.9148642197759735
v -0.0031705284491181 -0.0038662308361381 -0.0104896528646350
vn -2.1994820332826706 -2.7778400805284589 3.0486335890574390
v -0.0033723535016179 -0.0036915072705597 -0.0105250002816319
vn -2.1460167079824712 -2.7984914011233606 -2.9960223022771557
v -0.0033723535016179 -0.0036915072705597 -0.0084750000387430
vn -1.3308776045907633 -3.7246252138191078 -2.6249102569511913
v -0.0037508429959416 -0.0033459623809904 -0.0086123235523701
vn -0.5217254794538055 -4.4649925033515032 -1.5275640753612514
v -0.0040279170498252 -0.0030930058564991 -0.0089875003322959
vn -0.2046852278271855 -4.7328807738150642 -0.0000017460718357
v -0.0041293334215879 -0.0030004174914211 -0.0094999996945262
vn -0.5217267965454084 -4.4649910099319641 1.5275654632475588
v -0.0040279170498252 -0.0030930058564991 -0.0100124999880791
vn -1.3491858476749274 -3.7284331984844750 2.6279400992381299
v -0.0037508429959416 -0.0033459623809904 -0.0103876758366823
vn -4.4745359307209966 -4.2652642805131684 0.6047733054407791
v -0.0072835143655539 -0.0001207829409395 -0.0076999999582767
vn -4.5251442652338776 -4.1939664210225578 -0.6057541615513549
v -0.0072835143655539 -0.0001207829409395 -0.0113000003620982
vn -3.9819703481409587 -4.7518702042444927 -0.6349463893572320
v -0.0033711716532707 -0.0036925857421011 -0.0113000003620982
vn -3.9325366957164793 -4.7246705890621339 0.8050918800867672
v -0.0033711716532707 -0.0036925857421011 -0.0076999999582767
vn -3.1650500215792143 -5.2118775460337421 0.7001569392660043
v -0.0026401951909065 -0.0042460984550416 -0.0076999999582767
vn -2.2467092107262725 -5.6738828654732236 0.7846036230456868
v -0.0018204346997663 -0.0046568247489631 -0.0076999999582767
vn -2.2231636293397870 -5.6860926963198404 -0.7994967589788090
v -0.0018204346997663 -0.0046568247489631 -0.0113000003620982
vn -3.1999163503201045 -5.2037948566962378 -0.8150556390501020
v -0.0026401951909065 -0.0042460984550416 -0.0113000003620982
vn -1.1471364428887347 -5.9965690219587255 0.7976639105160850
v -0.0009394557564519 -0.0049109491519630 -0.0076999999582767
vn -1.1471337108494126 -5.9965703380129849 -0.7976619987413246
v -0.0009394557564519 -0.0049109491519630 -0.0113000003620982
vn -0.0328263984018936 -6.1052184348266216 0.7976607816238237
v -0.0000268844305538 -0.0049999277107418 -0.0076999999582767
vn -0.0328270169683477 -6.1052185892768920 -0.7976603945670599
v -0.0000268844305538 -0.0049999277107418 -0.0113000003620982
vn 1.0825860735456447 -6.0085625648630385 0.7976506964611789
v 0.0008865921408869 -0.0049207671545446 -0.0076999999582767
vn 1.0825860398654705 -6.0085629264624858 -0.7976498380702992
v 0.0008865921408869 -0.0049207671545446 -0.0113000003620982
vn 2.1615855393452086 -5.7098529313938684 0.7976396075232205
v 0.0017702515469864 -0.0046761310659349 -0.0076999999582767
vn 2.1615887928162314 -5.7098510346174765 -0.7976411335282463
v 0.0017702515469864 -0.0046761310659349 -0.0113000003620982
vn 3.1678919574247013 -5.2191100398202064 0.7976904012450595
v 0.0025943825021386 -0.0042742467485368 -0.0076999999582767
vn 3.1678885355232316 -5.2191113557628483 -0.7976919973029666
v 0.0025943825021386 -0.0042742467485368 -0.0113000003620982
vn 4.0676753730387869 -4.5528822460794753 0.7976770178222384
v 0.0033312691375613 -0.0037286260630935 -0.0076999999582767
vn 4.0676768301928616 -4.5528805804793295 -0.7976776832462390
v 0.0033312691375613 -0.0037286260630935 -0.0113000003620982
vn 4.8306675468071631 -3.7335279762950204 0.7977050032871551
v 0.0039561325684190 -0.0030576193239540 -0.0076999999582767
vn 4.8306649032205753 -3.7335321493345517 -0.7977038742561591
v 0.0039561325684190 -0.0030576193239540 -0.0113000003620982
vn 5.4312311083841633 -2.7886451638810925 0.7976523046543262
v 0.0044479565694928 -0.0022837889846414 -0.0076999999582767
vn 5.4312336713707534 -2.7886414307587399 -0.7976508943270058
v 0.0044479565694928 -0.0022837889846414 -0.0113000003620982
vn 5.8491297423851769 -1.7499723204594810 0.7976750648807254
v 0.0047902045771480 -0.0014331599231809 -0.0076999999582767
vn 5.8491290848652380 -1.7499739826581471 -0.7976754414283549
v 0.0047902045771480 -0.0014331599231809 -0.0113000003620982
vn 6.0703416422818632 -0.6524633375331477 0.7976684424592306
v 0.0049713673070073 -0.0005343367229216 -0.0076999999582767
vn 6.0703415330054629 -0.6524606124564702 -0.7976694234427143
v 0.0049713673070073 -0.0005343367229216 -0.0113000003620982
vn 6.0874023832559550 0.4670029330074669 0.7977093001716968
v 0.0049853539094329 0.0003824553568847 -0.0076999999582767
vn 6.0874029344350875 0.4669981045470439 -0.7977088580396465
v 0.0049853539094329 0.0003824553568847 -0.0113000003620982
vn 5.8997882518310929 1.5707555526433232 0.7976646620613692
v 0.0048316894099116 0.0012863858137280 -0.0076999999582767
vn 5.8997876033088730 1.5707595512631258 -0.7976636757052438
v 0.0048316894099116 0.0012863858137280 -0.0113000003620982
vn 5.5137511072746923 2.6216842155288442 0.7976832570145318
v 0.0045155463740230 0.0021470582578331 -0.0076999999582767
vn 5.5137517368064053 2.6216824642980363 -0.7976837070830728
v 0.0045155463740230 0.0021470582578331 -0.0113000003620982
vn 5.1360007455237291 3.3777137721387080 0.8053895500727264
v 0.0040475530549884 0.0029355289880186 -0.0076999999582767
vn 5.1360004310616825 3.3777144444344627 -0.8053892192256398
v 0.0040475530549884 0.0029355289880186 -0.0113000003620982
vn 0.7639602320637799 -0.3922536891390781 6.1629071958824868
v 0.0042700385674834 -0.0021924374159425 -0.0074999998323619
vn 2.0595925379424651 -2.3625367500516004 3.0047933564524536
v -0.0038890857249498 0.0038890878204256 -0.0074999998323619
vn 2.1559797668470662 -2.3921709146544772 3.1319538748053377
v -0.0073788799345493 0.0003992936690338 -0.0074999998323619
vn -0.5406253856168795 -0.3621306491058467 6.2145562580409823
v -0.0072904396802187 0.0001981857349165 -0.0074999998323619
vn 2.9416470537179227 -0.9591211552063634 3.4899460134996159
v 0.0011948543833569 0.0062330649234354 -0.0074999998323619
vn 2.3178297629735800 -2.0032435175247834 3.5883256207124106
v 0.0009866050677374 0.0058420323766768 -0.0074999998323619
vn 0.8562522864713935 0.0656890802541164 6.1629096984379927
v 0.0047859391197562 0.0003671574522741 -0.0074999998323619
vn 0.8538476228775554 -0.0917749556753311 6.1629104745504897
v 0.0047725131735206 -0.0005129647324793 -0.0074999998323619
vn 0.8227302740574767 -0.2461498355944307 6.1629110775174203
v 0.0045985961332917 -0.0013758351560682 -0.0074999998323619
vn 0.3040490682135653 -0.8031430478346705 6.1629094512494973
v 0.0016994430916384 -0.0044890861026943 -0.0074999998323619
vn 0.4455971822562357 -0.7341228286607453 6.1629080312533846
v 0.0024906070902944 -0.0041032764129341 -0.0074999998323619
vn 0.5721586176975777 -0.6404067041838427 6.1629091797593523
v 0.0031980192288756 -0.0035794803407043 -0.0074999998323619
vn 0.6794778997357338 -0.5251551035235228 6.1629105222935854
v 0.0037978859618306 -0.0029353143181652 -0.0074999998323619
vn 0.8298753729051923 0.2209446465962754 6.1629052863339497
v 0.0046384232118726 0.0012349302414805 -0.0074999998323619
vn 0.7755528330212471 0.3687619446107342 6.1629122939832230
v 0.0043349238112569 0.0020611754152924 -0.0074999998323619
vn 0.6999172400057891 0.4587806273633467 6.1695220459666835
v 0.0038856519386172 0.0028181078378111 -0.0074999998323619
vn 3.7801824939674589 0.2902117894708949 3.2622893714324990
v 0.0012298926012591 0.0064799073152244 -0.0074999998323619
vn 1.2249191529582388 -2.8080044748450277 3.5883271867000452
v 0.0006298581720330 0.0055793425999582 -0.0074999998323619
vn 0.4525412087065050 -3.1058544088069402 3.2281607511510160
v 0.0001946343691088 0.0054965554736555 -0.0074999998323619
vn 0.7343539850383178 -3.0243640765579407 2.8679943572858444
v -0.0012977587757632 0.0053447005338967 -0.0074999998323619
vn 1.5242140635354366 -2.7134529649819257 2.8679956035520195
v -0.0026936111971736 0.0047952528111637 -0.0074999998323619
vn -0.4656474082545589 -0.4407402541586722 6.2168688841099708
v -0.0071486681699753 0.0000269210977422 -0.0074999998323619
vn -0.5326830943752924 -0.6443325962754318 6.1697729497016818
v -0.0032363245263696 -0.0035448817070574 -0.0074999998323619
vn -0.4534651066550639 -0.7292858490605472 6.1629087994961163
v -0.0025345878675580 -0.0040762550197542 -0.0074999998323619
vn -0.3126679105826621 -0.7998303835998700 6.1629085835802808
v -0.0017476164503023 -0.0044705509208143 -0.0074999998323619
vn -0.1613546871128433 -0.8434741146269984 6.1629095519652557
v -0.0009018768905662 -0.0047145108692348 -0.0074999998323619
vn -0.0046181940880380 -0.8587619973740656 6.1629079806235216
v -0.0000258087529801 -0.0047999299131334 -0.0074999998323619
vn 0.1522753297489835 -0.8451663038932734 6.1629079006032237
v 0.0008511273772456 -0.0047239377163351 -0.0074999998323619
vn 0.8227303275582309 -0.2461508726534906 -6.1629109694200235
v 0.0045985961332917 -0.0013758351560682 0.0074999998323619
vn 0.7639609550270900 -0.3922523569791401 -6.1629071851296677
v 0.0042700385674834 -0.0021924374159425 0.0074999998323619
vn 0.3040485210266810 -0.8031433252290403 -6.1629094308728138
v 0.0016994430916384 -0.0044890861026943 0.0074999998323619
vn 0.6794770709735040 -0.5251557812699128 -6.1629105971316260
v 0.0037978859618306 -0.0029353143181652 0.0074999998323619
vn 0.5721588844777739 -0.6404069124970609 -6.1629090764448176
v 0.0031980192288756 -0.0035794803407043 0.0074999998323619
vn 0.4455976147013704 -0.7341225703894421 -6.1629080301359771
v 0.0024906070902944 -0.0041032764129341 0.0074999998323619
vn 1.2249191529582393 -2.8080044748450286 -3.5883271867000452
v 0.0006298581720330 0.0055793425999582 0.0074999998323619
vn 2.3178297629735791 -2.0032435175247825 -3.5883256207124106
v 0.0009866050677374 0.0058420323766768 0.0074999998323619
vn 1.5242140635354371 -2.7134529649819266 -2.8679956035520200
v -0.0026936111971736 0.0047952528111637 0.0074999998323619
vn 0.7343539850383176 -3.0243640765579403 -2.8679943572858440
v -0.0012977587757632 0.0053447005338967 0.0074999998323619
vn 0.4525412087065049 -3.1058544088069397 -3.2281607511510160
v 0.0001946343691088 0.0054965554736555 0.0074999998323619
vn -0.4656475888545400 -0.4407402220928506 -6.2168688602730384
v -0.0071486681699753 0.0000269210977422 0.0074999998323619
vn -0.5344038435333753 -0.6440213184313668 -6.1695244223925867
v -0.0032363245263696 -0.0035448817070574 0.0074999998323619
vn -0.4534647519790022 -0.7292858096330730 -6.1629088679715531
v -0.0025345878675580 -0.0040762550197542 0.0074999998323619
vn -0.3126676501088300 -0.7998306336318941 -6.1629085407653355
v -0.0017476164503023 -0.0044705509208143 0.0074999998323619
vn -0.5664750285296609 -0.3496259156773195 -6.2109986411359088
v -0.0072904396802187 0.0001981857349165 0.0074999998323619
vn 2.1439480185377722 -2.4304540689346070 -3.1275442200328554
v -0.0073788799345493 0.0003992936690338 0.0074999998323619
vn 2.0595925397737505 -2.3625367482203581 -3.0047933561449480
v -0.0038890857249498 0.0038890878204256 0.0074999998323619
vn 0.1522757458289845 -0.8451664277644831 -6.1629078399062722
v 0.0008511273772456 -0.0047239377163351 0.0074999998323619
vn -0.0046178419527254 -0.8587617634655962 -6.1629080537619618
v -0.0000258087529801 -0.0047999299131334 0.0074999998323619
vn -0.1613553273014612 -0.8434739372615236 -6.1629095686899333
v -0.0009018768905662 -0.0047145108692348 0.0074999998323619
vn 0.8538474404339942 -0.0917748784536883 -6.1629105333746761
v 0.0047725131735206 -0.0005129647324793 0.0074999998323619
vn 0.8562517398054201 0.0656882636721387 -6.1629098868749734
v 0.0047859391197562 0.0003671574522741 0.0074999998323619
vn 0.8298750880183421 0.2209470562140622 -6.1629051794335101
v 0.0046384232118726 0.0012349302414805 0.0074999998323619
vn 0.7755541851190531 0.3687600355891284 -6.1629121695014355
v 0.0043349238112569 0.0020611754152924 0.0074999998323619
vn 2.9416470537179209 -0.9591211552063634 -3.4899460134996154
v 0.0011948543833569 0.0062330649234354 0.0074999998323619
vn 3.7791951333264393 0.2901567474230192 -3.2626409710871696
v 0.0012298926012591 0.0064799073152244 0.0074999998323619
vn 0.6999386320164454 0.4584639402113418 -6.1695672215835939
v 0.0038856519386172 0.0028181078378111 0.0074999998323619
vn -2.0557499128783459 -1.2611706236207996 -5.6228197013808643
v -0.0073556071147323 0.0001580475945957 0.0075152241624892
vn 1.5867796709906608 -2.9093688880833271 -2.9686546621455236
v -0.0074365036562085 0.0003416708786972 0.0075134374201298
vn -3.6770202736620461 -2.3024411738658852 -4.2575618105749342
v -0.0074108531698585 0.0001240189303644 0.0075585786253214
vn -4.6917778838797961 -3.0570260214033365 -2.3078538952997625
v -0.0074477670714259 0.0001012816137518 0.0076234634034336
vn 0.6675640638109696 -3.4148777124464047 -2.4125226927654020
v -0.0074874646961689 0.0002907089074142 0.0075543844141066
vn -0.0170739856092166 -3.7537785544955273 -1.5227965133347869
v -0.0075206356123090 0.0002575370599516 0.0076127280481160
vn -0.4163065200451586 -3.8063206637604221 -0.5595870181135998
v -0.0075350282713771 0.0002431462635286 0.0076769036240876
vn -5.1275054303644181 -3.3935567127842665 -0.5797763876701701
v -0.0074607301503420 0.0000932983166422 0.0076999999582767
vn -5.7901297225999073 -2.3485083245454192 -0.0937560380826590
v -0.0075360555201769 0.0002421180834062 0.0076999999582767
vn -1.4727157964701865 -1.4080920388147240 -5.8716711474547427
v -0.0072002718225121 -0.0000296027319564 0.0075152241624892
vn -2.3988984200716388 -2.2852361784053321 -5.2798126337681826
v -0.0072160912677646 -0.0000469309197797 0.0075267949141562
vn -3.1893076612500000 -3.0374243643896497 -4.3584009998715372
v -0.0072440188378096 -0.0000775211447035 0.0075585786253214
vn -3.8336270723403514 -3.6476994868897430 -3.2665506855891517
v -0.0072654485702515 -0.0001009941988741 0.0076000001281500
vn -4.2409643019071019 -4.0427146072686160 -1.9723729765001519
v -0.0072732502594590 -0.0001095400148188 0.0076234634034336
vn 0.5626840401927129 -4.0947610240777985 1.6218257844746158
v -0.0075360555201769 0.0002421180834062 0.0069718784652650
vn 0.2115680563089026 -3.8506187078708987 1.7203242964287169
v -0.0075862705707550 0.0001919030328281 0.0068999999202788
vn -5.7102428605603279 -2.4584298789542292 0.2561277221508445
v -0.0075360555201769 0.0002421180834062 -0.0076999999582767
vn -0.2449595919462255 -3.8289615471506657 1.0207015372813866
v -0.0075284605845809 0.0002497139503248 -0.0076379077509046
vn 0.7582861429940032 -4.0743676346413684 -1.7524191815318326
v -0.0075360555201769 0.0002421180834062 -0.0069718784652650
vn 0.0687081100947089 -3.5430095381467854 1.8463197719800331
v -0.0075068594887853 0.0002713150461204 -0.0075828661210835
vn -0.0002600631795640 -4.2647773779962357 0.8112603954535931
v -0.0076004136353731 0.0001777599682100 0.0068517639301717
vn 0.0148234307885836 -4.4423611811544950 0.2066529624787143
v -0.0076052369549870 0.0001729357172735 0.0068000000901520
vn -0.0216499162772268 -4.3862046337529428 -0.3086174453132459
v -0.0076052369549870 0.0001729357172735 -0.0068000000901520
vn 0.0153828763223405 -4.0546296163059719 -1.1910675453832216
v -0.0075944615527987 0.0001837129821070 -0.0068765366449952
vn 1.6651458225378499 -2.7733359566601168 3.0227870297029638
v -0.0074285333976150 0.0003496411372907 -0.0075098536908627
vn 0.4631298696822750 -3.6721379537410015 -2.1268658453834370
v -0.0075637735426426 0.0002144000609405 -0.0069414214231074
vn 0.3805213589746527 -3.2876772483740146 2.3043318838174782
v -0.0074906609952450 0.0002875126083381 -0.0075583686120808
vn 0.8649930026445865 -3.1033410167018940 2.6796785304776485
v -0.0074731661006808 0.0003050065715797 -0.0075390683487058
vn 4.8878282527691796 2.0589547093476499 -2.3032993752613309
v 0.0012136410223320 0.0066761844791472 0.0075280121527612
vn 4.4271542013495111 1.2853451201764470 -2.8126613366429138
v 0.0012156042503193 0.0066651278175414 0.0075251949019730
vn 4.6609649054452227 1.7903180769717444 2.5260907182153365
v 0.0012136410223320 0.0066761844791472 -0.0075280121527612
vn 4.3962633906594721 1.2827373031900624 2.8307267525840474
v 0.0012156042503193 0.0066651278175414 -0.0075251949019730
vn 5.3128054010339225 3.0720745505566516 -1.0103241596545556
v 0.0011488060699776 0.0068906876258552 0.0076041412539780
vn 5.1278831244041196 2.5264884796167890 1.8346307663228882
v 0.0011874168412760 0.0067847096361220 -0.0075617949478328
vn 5.2836481125722363 3.2507510546221781 0.7495391200449686
v 0.0011253870325163 0.0069412603043020 -0.0076271607540548
vn 5.0881811194141395 3.6862977618720323 -0.0026191468064970
v 0.0010395321296528 0.0070830346085131 0.0076999999582767
vn 5.1615854416227425 3.5736130336362635 -0.1243247902702122
v 0.0010429091053084 0.0070783509872854 0.0076974178664386
vn 5.0898786010727548 3.6839419871321049 0.0047186862168452
v 0.0010395321296528 0.0070830346085131 -0.0076999999582767
vn 5.1519832266195698 3.5916801278206347 0.0636960080137732
v 0.0010429091053084 0.0070783509872854 -0.0076974178664386
vn 4.3697541089085155 2.8737293133636630 -2.9912947388006490
v 0.0040258625522256 0.0029197970870882 0.0076000001281500
vn 2.5563563115655885 1.6791445446182576 -5.2131673320895455
v 0.0039666024968028 0.0028768184129149 0.0075267949141562
vn -3.3439608410964414 -4.0226211700165617 -2.9909577946211501
v -0.0033531058579683 -0.0036727970000356 0.0076000001281500
vn -2.7423558392574470 -4.4104047626151477 -2.9473123986881729
v -0.0026260465383530 -0.0042233443818986 0.0076000001281500
vn -1.9530749870073933 -2.3522521924747708 -5.2142601342429806
v -0.0033037485554814 -0.0036187337245792 0.0075267949141562
vn -1.6238777627239063 -2.6116025445984405 -5.1707177370308619
v -0.0025873919948936 -0.0041611767373979 0.0075267949141562
vn -1.1196769179073964 -2.8642266563183307 -5.1707151263443096
v -0.0017840255750343 -0.0045636869035661 0.0075267949141562
vn -0.5778206605606417 -3.0205153875743562 -5.1707253679865444
v -0.0009206663235091 -0.0048127300105989 0.0075267949141562
vn -0.0165365791831941 -3.0752306359871699 -5.1707443438009690
v -0.0000263461261056 -0.0048999278806150 0.0075267949141562
vn 0.5453055074398755 -3.0265628945456760 -5.1707208866688941
v 0.0008688597590663 -0.0048223524354398 0.0075267949141562
vn 1.0888077730170296 -2.8760944113019207 -5.1707208164006868
v 0.0017348463879898 -0.0045826095156372 0.0075267949141562
vn 1.5956976145203430 -2.6289143324161919 -5.1707218122128422
v 0.0025424947962165 -0.0041887606494129 0.0075267949141562
vn 2.0489270086484295 -2.2933294416845431 -5.1707143453716524
v 0.0032646441832185 -0.0036540532018989 0.0075267949141562
vn 2.4332603061277225 -1.8806182437123646 -5.1707070631544720
v 0.0038770092651248 -0.0029964668210596 0.0075267949141562
vn 2.7357405326557163 -1.4046597840327775 -5.1707409747340698
v 0.0043589966371655 -0.0022381132002920 0.0075267949141562
vn 2.9462689636627459 -0.8814810376383628 -5.1707010958844943
v 0.0046944012865424 -0.0014044975396246 0.0075267949141562
vn 3.0576974004576432 -0.3286509903895327 -5.1706996703093679
v 0.0048719411715865 -0.0005236507277004 0.0075267949141562
vn 3.0663001705164712 0.2352349534465759 -5.1707002019461266
v 0.0048856465145946 0.0003748054732569 0.0075267949141562
vn 2.9717744328942377 0.7912001621745052 -5.1707289207483598
v 0.0047350553795695 0.0012606570962816 0.0075267949141562
vn 2.7773313599725333 1.3205661396422343 -5.1707060460702934
v 0.0044252360239625 0.0021041168365628 0.0075267949141562
vn -1.8908812083315358 -4.8370094618179884 -2.9473740616064630
v -0.0018106790957972 -0.0046318671666086 0.0076000001281500
vn -0.9758068279507032 -5.1009676443707566 -2.9473303615522259
v -0.0009344210266136 -0.0048846318386495 0.0076000001281500
vn -0.0279256934295543 -5.1933751010702078 -2.9473421144446377
v -0.0000267400755547 -0.0049731335602701 0.0076000001281500
vn 0.9208973853207891 -5.1111753654209577 -2.9473124819716143
v 0.0008818405331112 -0.0048943976871669 0.0076000001281500
vn 1.8387543810094562 -4.8570745320325743 -2.9472995715028913
v 0.0017607650952414 -0.0046510729007423 0.0076000001281500
vn 2.6947659150927570 -4.4396298604619018 -2.9473553357436497
v 0.0025804797187448 -0.0042513399384916 0.0076000001281500
vn 3.4601719225516145 -3.8729041240881870 -2.9473336543770059
v 0.0033134175464511 -0.0037086436059326 0.0076000001281500
vn 4.1092084147492258 -3.1759365922038532 -2.9473594703421400
v 0.0039349300786853 -0.0030412336345762 0.0076000001281500
vn 4.6200501064500861 -2.3721519460046316 -2.9473292496219772
v 0.0044241202995181 -0.0022715514060110 0.0076000001281500
vn 4.9755743332320037 -1.4886211382200480 -2.9473197367062607
v 0.0047645336017013 -0.0014254802372307 0.0076000001281500
vn 5.1637480586522688 -0.5550169952663793 -2.9473117646996925
v 0.0049447258934379 -0.0005314738373272 0.0076000001281500
vn 5.1782630340461182 0.3972498531953653 -2.9473583455053483
v 0.0049586361274123 0.0003804045845754 0.0076000001281500
vn 5.0186378657190538 1.3361602089958065 -2.9473340437293056
v 0.0048057967796922 0.0012794921640307 0.0076000001281500
vn 4.6902795860621289 2.2301424509973904 -2.9473322771951489
v 0.0044913468882442 0.0021355526987463 0.0076000001281500
vn -4.7017167114943854 -3.0796173174019996 2.2676794860499405
v -0.0074477670714259 0.0001012816137518 -0.0076234634034336
vn -3.6414917861864979 -2.3792193034788220 4.2721045232899959
v -0.0074108531698585 0.0001240189303644 -0.0075585786253214
vn -2.0144126656381052 -1.3093772574245739 5.6396115291602937
v -0.0073556071147323 0.0001580475945957 -0.0075152241624892
vn -5.1441895685844798 -3.3543711538416723 0.5825522275649834
v -0.0074607301503420 0.0000932983166422 -0.0076999999582767
vn -4.2353727385897875 -4.0455219818907837 1.9757855734838494
v -0.0072732502594590 -0.0001095400148188 -0.0076234634034336
vn -3.8303880015672167 -3.6529262710840418 3.2631265175003112
v -0.0072654485702515 -0.0001009941988741 -0.0076000001281500
vn -3.1893076612500000 -3.0374243643896497 4.3584009998715372
v -0.0072440188378096 -0.0000775211447035 -0.0075585786253214
vn -2.4055758401534186 -2.2837762787301736 5.2781366332206776
v -0.0072160912677646 -0.0000469309197797 -0.0075267949141562
vn -1.4748628228333189 -1.4015092089065408 5.8733675965323391
v -0.0072002718225121 -0.0000296027319564 -0.0075152241624892
vn -3.3452430293193665 -4.0217893174635080 2.9900266033422196
v -0.0033531058579683 -0.0036727970000356 -0.0076000001281500
vn -1.9525877841119679 -2.3539565605973780 5.2140101156828615
v -0.0033037485554814 -0.0036187337245792 -0.0075267949141562
vn -1.6238776873321163 -2.6116024720465028 5.1707176424415975
v -0.0025873919948936 -0.0041611767373979 -0.0075267949141562
vn -2.7423593205613956 -4.4104021825118247 2.9473141428379375
v -0.0026260465383530 -0.0042233443818986 -0.0076000001281500
vn -1.8908761176909648 -4.8370117611773003 2.9473740403492807
v -0.0018106790957972 -0.0046318671666086 -0.0076000001281500
vn -0.9758105513975520 -5.1009683509822787 2.9473273562783993
v -0.0009344210266136 -0.0048846318386495 -0.0076000001281500
vn -0.0279223881136215 -5.1933750153732134 2.9473418294299782
v -0.0000267400755547 -0.0049731335602701 -0.0076000001281500
vn 0.9208959949074909 -5.1111748430876833 2.9473122953869737
v 0.0008818405331112 -0.0048943976871669 -0.0076000001281500
vn 1.8387505193647367 -4.8570757054428721 2.9473012636308189
v 0.0017607650952414 -0.0046510729007423 -0.0076000001281500
vn 2.6947693965823092 -4.4396270840036491 2.9473573443433363
v 0.0025804797187448 -0.0042513399384916 -0.0076000001281500
vn 3.4601696160972493 -3.8729052738250136 2.9473348633600120
v 0.0033134175464511 -0.0037086436059326 -0.0076000001281500
vn 4.1092109009336717 -3.1759354304580700 2.9473573318782060
v 0.0039349300786853 -0.0030412336345762 -0.0076000001281500
vn 4.6200502378419568 -2.3721517147116153 2.9473278853982086
v 0.0044241202995181 -0.0022715514060110 -0.0076000001281500
vn 4.9755725866729268 -1.4886214568060077 2.9473214253165985
v 0.0047645336017013 -0.0014254802372307 -0.0076000001281500
vn 5.1637476927073411 -0.5550199867757107 2.9473127439940008
v 0.0049447258934379 -0.0005314738373272 -0.0076000001281500
vn 5.1782639852571624 0.3972533896935291 2.9473568985185468
v 0.0049586361274123 0.0003804045845754 -0.0076000001281500
vn 5.0186380782645097 1.3361597787454822 2.9473330168460747
v 0.0048057967796922 0.0012794921640307 -0.0076000001281500
vn 4.6999143607489060 2.2232077342165546 2.9425118737090603
v 0.0044913468882442 0.0021355526987463 -0.0076000001281500
vn 4.5972374250283305 3.0231132354037582 2.6935409912878625
v 0.0040258625522256 0.0029197970870882 -0.0076000001281500
vn 3.6812363597096871 2.4185010361505741 4.3766362602202742
v 0.0040001338347793 0.0029011371079832 -0.0075585786253214
vn -1.1196782435541408 -2.8642259983712894 5.1707154235935864
v -0.0017840255750343 -0.0045636869035661 -0.0075267949141562
vn -0.5778204294190539 -3.0205144172459253 5.1707265402834084
v -0.0009206663235091 -0.0048127300105989 -0.0075267949141562
vn -0.0165336930282026 -3.0752305479814095 5.1707442368673897
v -0.0000263461261056 -0.0048999278806150 -0.0075267949141562
vn 0.5453037518021031 -3.0265641580437967 5.1707199343482433
v 0.0008688597590663 -0.0048223524354398 -0.0075267949141562
vn 1.0888081893703752 -2.8760943744703957 5.1707207427275872
v 0.0017348463879898 -0.0045826095156372 -0.0075267949141562
vn 1.5956980068658457 -2.6289144351846296 5.1707214572767786
v 0.0025424947962165 -0.0041887606494129 -0.0075267949141562
vn 2.0489273952111735 -2.2933302000845632 5.1707136637374145
v 0.0032646441832185 -0.0036540532018989 -0.0075267949141562
vn 2.4332578356480461 -1.8806195425086796 5.1707082510332967
v 0.0038770092651248 -0.0029964668210596 -0.0075267949141562
vn 2.7357429198803791 -1.4046555508948653 5.1707407752666281
v 0.0043589966371655 -0.0022381132002920 -0.0075267949141562
vn 2.9462698159931726 -0.8814838671368225 5.1706994398418962
v 0.0046944012865424 -0.0014044975396246 -0.0075267949141562
vn 3.0576971129467156 -0.3286511663574360 5.1706998104085793
v 0.0048719411715865 -0.0005236507277004 -0.0075267949141562
vn 3.0662987121094809 0.2352333768604468 5.1707015355785906
v 0.0048856465145946 0.0003748054732569 -0.0075267949141562
vn 2.9717741069579477 0.7912028635708043 5.1707287956428214
v 0.0047350553795695 0.0012606570962816 -0.0075267949141562
vn 2.7783191716032092 1.3073684824252734 5.1765526392441501
v 0.0044252360239625 0.0021041168365628 -0.0075267949141562
vn 2.2970852796490426 1.5086050998096769 5.4966335189620805
v 0.0039666024968028 0.0028768184129149 -0.0075267949141562
vn -3.6515715111343363 -1.2579849494708895 -3.1471448886252871
v -0.0075917784124613 0.0004314615507610 -0.0070000002160668
vn -3.0990146744884868 -0.5149236553418732 -3.1567395008369155
v -0.0075969686731696 0.0004612992634065 -0.0070000002160668
vn -5.9365236979912011 -1.4606602184498463 -0.7926444629808928
v -0.0075969686731696 0.0004612992634065 -0.0113000003620982
vn -5.3077734863871857 -2.8306556649967027 -0.7650685886950181
v -0.0074897352606058 0.0001436046441086 -0.0113000003620982
vn 4.1410280340974088 0.6153200803110691 -4.3146042648658565
v -0.0144511125981808 0.0194006245583296 0.0010000000474975
vn 2.0812650558261607 1.8933060642449209 -3.3314175972337656
v -0.0144511125981808 0.0190563499927521 0.0010000000474975
vn 4.0780660879517745 2.4802519663173452 -1.9132073233393523
v -0.0145336445420980 0.0190563499927521 0.0008750000270084
vn -0.0039420770392053 3.6588707961541953 -3.0355883181480547
v -0.0134511124342680 0.0270563494414091 0.0015000000130385
vn 1.4588682840288618 2.6960316036854226 -3.3506249836403277
v -0.0136198559775949 0.0190563499927521 0.0014885579003021
vn 1.5212032751366364 3.6590313133030401 -2.6269274606035800
v -0.0140761127695441 0.0270563494414091 0.0013325317995623
vn 2.8218492381847957 2.3295001238424762 -3.4343300800938614
v -0.0140761127695441 0.0192723833024502 0.0013325317995623
vn 2.6280008108497461 3.6648658638067086 -1.5172653215615741
v -0.0145336445420980 0.0270563494414091 0.0008750000270084
vn 3.0345450993743874 3.6651923648806055 0.0000000000000002
v -0.0147011131048203 0.0270563494414091 0.0002500000118744
vn 4.4091158998209643 2.2876697076883792 -0.0000000000000002
v -0.0147011131048203 0.0190563499927521 0.0002500000118744
vn 2.6279932842267848 3.6651909613418390 1.5172734497415208
v -0.0145336445420980 0.0270563494414091 -0.0003750000032596
vn 3.8184072348346643 2.2876706865669423 2.2045595680599237
v -0.0145336445420980 0.0190563499927521 -0.0003750000032596
vn 1.5172725962382745 3.6651915238664667 2.6279935129224610
v -0.0140761127695441 0.0270563494414091 -0.0008325317758135
vn 2.2045583807792215 2.2876701826592836 3.8184074554108172
v -0.0140761127695441 0.0190563499927521 -0.0008325317758135
vn -0.0000005652284251 3.6651916123605703 3.0345454053131848
v -0.0134511124342680 0.0270563494414091 -0.0010000000474975
vn -0.0000007912724185 2.2876700526508893 4.4091170851228707
v -0.0134511124342680 0.0190563499927521 -0.0010000000474975
vn -1.5172731614666999 3.6651911513372397 2.6279933614699056
v -0.0128261130303144 0.0270563494414091 -0.0008325317758135
vn -2.2045593381342616 2.2876702835240419 3.8184077388304716
v -0.0128261130303144 0.0190563499927521 -0.0008325317758135
vn -2.6279932842267852 3.6651909613418368 1.5172734497415206
v -0.0123685812577605 0.0270563494414091 -0.0003750000032596
vn -3.8184077930622160 2.2876703408755006 2.2045599596119447
v -0.0123685812577605 0.0190563499927521 -0.0003750000032596
vn -3.0345450993743874 3.6651923648806055 -0.0000000000000002
v -0.0122011126950383 0.0270563494414091 0.0002500000118744
vn -4.4091166841107237 2.2876693085187672 0.0000000000000002
v -0.0122011126950383 0.0190563499927521 0.0002500000118744
vn -2.6279932842267848 3.6651909613418319 -1.5172734497415208
v -0.0123685812577605 0.0270563494414091 0.0008750000270084
vn -3.8184077930622164 2.2876703408755006 -2.2045599596119447
v -0.0123685812577605 0.0190563499927521 0.0008750000270084
vn -1.5172730296253398 3.6651912382308920 -2.6279933967967248
v -0.0128261130303144 0.0270563494414091 0.0013325317995623
vn -2.2319461065530124 2.2750850928860689 -3.8314608385241136
v -0.0128261130303144 0.0190563499927521 0.0013325317995623
vn -0.4191356996448581 2.4290898599130197 -4.5721555941065031
v -0.0134511124342680 0.0190563499927521 0.0015000000130385
vn 1.6687316735606124 -0.9634420577590432 -5.5920573872877926
v -0.0018186512170359 0.0010499993804842 -0.0115000000223517
vn 0.9634403937554588 -1.6687259047261418 -5.5920619829751548
v -0.0010499980999157 0.0018186534289271 -0.0115000000223517
vn 0.0000002466713583 -1.9268743604307002 -5.5920660245914462
v 0.0000000019214321 0.0021000003907830 -0.0115000000223517
vn -0.9634395493326788 -1.6687214221764357 -5.5920656068805137
v 0.0010500020580366 0.0018186534289271 -0.0115000000223517
vn -1.6687326932124946 -0.9634406193099629 -5.5920572871924339
v 0.0018186542438343 0.0010499993804842 -0.0115000000223517
vn -1.9268744855092530 -0.0000006027911487 -5.5920659403143818
v 0.0021000010892749 0.0000000002870679 -0.0115000000223517
vn -1.6687316916603572 0.9634417722935337 -5.5920574748257916
v 0.0018186542438343 -0.0010499989148229 -0.0115000000223517
vn -0.9634397309887245 1.6687202979329674 -5.5920661774679781
v 0.0010500020580366 -0.0018186529632658 -0.0115000000223517
vn -0.0000003790686174 1.9268744968144327 -5.5920659364409335
v 0.0000000019214321 -0.0020999999251217 -0.0115000000223517
vn 0.9634406657288362 1.6687265123527397 -5.5920615549616306
v -0.0010499980999157 -0.0018186529632658 -0.0115000000223517
vn 1.6687321263309922 0.9634410883656377 -5.5920574467558062
v -0.0018186512170359 -0.0010499989148229 -0.0115000000223517
vn 1.9268742236732699 0.0000005489318038 -5.5920661035451271
v -0.0020999982953072 0.0000000002870679 -0.0115000000223517
vn -1.6687316942409700 -0.9634417996547123 5.5920574649136832
v 0.0018186542438343 0.0010499993804842 0.0115000000223517
vn -0.9634397309887245 -1.6687202979329674 5.5920661774679772
v 0.0010500020580366 0.0018186534289271 0.0115000000223517
vn -0.0000003790686174 -1.9268744968144327 5.5920659364409344
v 0.0000000019214321 0.0021000003907830 0.0115000000223517
vn 0.9634406657288362 -1.6687265123527397 5.5920615549616288
v -0.0010499980999157 0.0018186534289271 0.0115000000223517
vn 1.6687321290684216 -0.9634411169769742 5.5920574363518982
v -0.0018186512170359 0.0010499993804842 0.0115000000223517
vn 1.9268742244341297 -0.0000005947460731 5.5920661030533392
v -0.0020999982953072 0.0000000002870679 0.0115000000223517
vn 1.6687316709800015 0.9634420303978418 5.5920573971999223
v -0.0018186512170359 -0.0010499989148229 0.0115000000223517
vn 0.9634403937554588 1.6687259047261418 5.5920619829751583
v -0.0010499980999157 -0.0018186529632658 0.0115000000223517
vn 0.0000002466713583 1.9268743604307002 5.5920660245914453
v 0.0000000019214321 -0.0020999999251217 0.0115000000223517
vn -0.9634395493326788 1.6687214221764357 5.5920656068805146
v 0.0010500020580366 -0.0018186529632658 0.0115000000223517
vn -1.6687326904750637 0.9634405906986513 5.5920572975963196
v 0.0018186542438343 -0.0010499989148229 0.0115000000223517
vn -1.9268744847483934 0.0000005569769036 5.5920659408061661
v 0.0021000010892749 0.0000000002870679 0.0115000000223517
vn 3.0727061787411309 5.1484474373003692 0.3335270191945218
v -0.0117063475772738 0.0290161576122046 -0.0022350908257067
vn 2.9234665986660184 5.0635712459256954 -0.7535601553476156
v -0.0117063475772738 0.0290161576122046 -0.0113000003620982
vn 5.1592283135537844 2.9232848998226255 0.5427679207070096
v -0.0115965399891138 0.0289063490927219 -0.0022350908257067
vn 5.0635895760597540 2.9234708423936104 -0.7535559893491135
v -0.0115965399891138 0.0289063490927219 -0.0113000003620982
vn 2.9234621127734348 5.0635745274631780 0.7535590856108854
v -0.0117063475772738 0.0290161576122046 0.0113000003620982
vn 3.0727064749938533 5.1484472044632632 -0.3335269671882271
v -0.0117063475772738 0.0290161576122046 0.0027350909076631
vn 5.0635929364621814 2.9234647452730984 0.7535562364940769
v -0.0115965399891138 0.0289063490927219 0.0113000003620982
vn 5.1592284145721825 2.9232814987967095 -0.5427713556831331
v -0.0115965399891138 0.0289063490927219 0.0027350909076631
vn 5.1229708288920826 0.6688566705630781 2.8911145604581736
v -0.0115831419825554 0.0287563502788544 0.0114000001922250
vn 3.2568444944856139 3.2568444944856143 0.4439826736172675
v -0.0115563469007611 0.0270563494414091 0.0113000003620982
vn 3.2179044939550372 3.2185855287666669 1.8580685764989846
v -0.0115631623193622 0.0270495340228081 0.0113517642021179
vn 2.6595025571109185 2.6594936781822573 4.0143639356199889
v -0.0115831419825554 0.0270295552909374 0.0114000001922250
vn 3.0767741473923080 0.4178713862344885 5.1173320324672966
v -0.0116563476622105 0.0287563502788544 0.0114732049405575
vn 1.2808512671200525 1.2808512671200507 5.8693612032611968
v -0.0116563476622105 0.0269563496112823 0.0114732049405575
vn 0.8773783650175635 0.1261567157148030 6.1541867690907308
v -0.0117563474923372 0.0287563502788544 0.0115000000223517
vn 0.2077630761387495 0.2077630761387489 6.2631416505958093
v -0.0117563474923372 0.0268563497811556 0.0115000000223517
vn 0.7833432988080445 0.7833432988080458 6.0115225670451036
v -0.0067563476040959 0.0268563497811556 0.0115000000223517
vn 0.6685303811243135 2.8910815718643619 5.1230058786139203
v -0.0067563476040959 0.0269563496112823 0.0114732049405575
vn 0.4179106511765998 5.1173077396645859 3.0767735604838524
v -0.0067563476040959 0.0270295552909374 0.0114000001922250
vn 3.1066784200586977 3.3528267586367666 -0.3293437351217476
v -0.0115563469007611 0.0270563494414091 0.0027350909076631
vn 6.0115345429305505 0.7833298383253217 0.7833294431454829
v -0.0065563479438424 0.0268563497811556 0.0113000003620982
vn 6.0115398411876502 0.7833197538932086 -0.7833197538932076
v -0.0065563479438424 0.0268563497811556 -0.0113000003620982
vn 5.1229871612991094 2.8910762790749431 -0.6685427593540161
v -0.0065831420943141 0.0269563496112823 -0.0113000003620982
vn 5.1229916491140166 2.8910595515481377 0.6685521461932591
v -0.0065831420943141 0.0269563496112823 0.0113000003620982
vn 3.0767684921464036 5.1173193621051585 -0.4178666272684785
v -0.0066563477739692 0.0270295552909374 -0.0113000003620982
vn 3.0767630943412327 5.1173277024925632 0.4178556453551481
v -0.0066563477739692 0.0270295552909374 0.0113000003620982
vn 2.9234481620749140 0.7535675376057875 5.0635941134871043
v -0.0066563477739692 0.0268563497811556 0.0114732049405575
vn 5.0635650115521456 0.7535844130229998 2.9234405073680558
v -0.0065831420943141 0.0268563497811556 0.0114000001922250
vn 2.4949987242425737 2.7476249302850979 4.3214579845540859
v -0.0066697448492050 0.0269563496112823 0.0114500001072884
vn 4.3214849137614992 2.7476485613223529 2.4950049437778605
v -0.0066063478589058 0.0269563496112823 0.0113866021856666
vn 1.5595144223522552 4.9786572651047116 2.7011378035742317
v -0.0067063476890326 0.0270295552909374 0.0113866021856666
vn 2.7011347059688005 4.9786255997934745 1.5595266770905853
v -0.0066697448492050 0.0270295552909374 0.0113500002771616
vn 6.1863981089360447 0.2447263896062490 0.8189931624224883
v -0.0065563479438424 0.0191786270588636 0.0113000003620982
vn 6.1857897827161903 0.3251449536778377 -0.8179676288995710
v -0.0065563479438424 0.0191786270588636 -0.0113000003620982
vn -0.1261619564305370 0.8773799540058481 6.1541859670428778
v -0.0152563471347094 0.0288563501089811 0.0115000000223517
vn 0.1261626872831260 0.8773804890187942 6.1541857712101642
v -0.0118563473224640 0.0288563501089811 0.0115000000223517
vn 0.4178861643583308 3.0767747027358947 5.1173263983459440
v -0.0118563473224640 0.0289563499391079 0.0114732049405575
vn -0.4178764718150113 3.0767722108005620 5.1173317872304205
v -0.0152563471347094 0.0289563499391079 0.0114732049405575
vn 0.6685389972155202 5.1229756121524019 2.8910832167031244
v -0.0118563473224640 0.0290295556187630 0.0114000001922250
vn -0.6685309833090602 5.1229793235395222 2.8910845646821848
v -0.0152563471347094 0.0290295556187630 0.0114000001922250
vn 0.4708286029163301 0.8154880840604775 6.1322369359270414
v -0.0118063474074006 0.0288429521024227 0.0115000000223517
vn 1.5595042416533791 2.7011362109766899 4.9786862729523200
v -0.0117563474923372 0.0289295539259911 0.0114732049405575
vn 2.4949865194405612 4.3214454478825894 2.7476409585660408
v -0.0117197446525097 0.0289929527789354 0.0114000001922250
vn 0.8154919129986136 0.4708229356457029 6.1322363884147677
v -0.0117697445675731 0.0288063492625952 0.0115000000223517
vn 2.7011368344172313 1.5595123129162789 4.9786670134269295
v -0.0116831427440047 0.0288563501089811 0.0114732049405575
vn 4.3214513847518035 2.4949975062523553 2.7476257995295690
v -0.0116197448223829 0.0288929529488087 0.0114000001922250
vn 0.2077630761387495 0.2077630761387495 -6.2631416505958111
v -0.0117563474923372 0.0268563497811556 -0.0115000000223517
vn 0.8773774383731636 0.1261554498955708 -6.1541871082685038
v -0.0117563474923372 0.0287563502788544 -0.0115000000223517
vn 3.0767746762147179 0.4178711796719944 -5.1173318470433173
v -0.0116563476622105 0.0287563502788544 -0.0114732049405575
vn 1.2808512671200529 1.2808512671200538 -5.8693612032612030
v -0.0116563476622105 0.0269563496112823 -0.0114732049405575
vn 5.1229709008824065 0.6688520304090514 -2.8911188235195193
v -0.0115831419825554 0.0287563502788544 -0.0114000001922250
vn 2.6595025571109181 2.6594936781822609 -4.0143639356199916
v -0.0115831419825554 0.0270295552909374 -0.0114000001922250
vn 3.2568444944856143 3.2568444944856143 -0.4439826736172675
v -0.0115563469007611 0.0270563494414091 -0.0113000003620982
vn 3.2179044939550372 3.2185855287666669 -1.8580685764989846
v -0.0115631623193622 0.0270495340228081 -0.0113517642021179
vn 0.4179200940320937 5.1173005681216530 -3.0767782016718854
v -0.0067563476040959 0.0270295552909374 -0.0114000001922250
vn 0.6685294419021728 2.8910888230037046 -5.1230020196543062
v -0.0067563476040959 0.0269563496112823 -0.0114732049405575
vn 0.7833401696639037 0.7833400420496722 -6.0115242781498388
v -0.0067563476040959 0.0268563497811556 -0.0115000000223517
vn -0.6675050228702135 6.0662652292788328 0.6675053093256899
v -0.0213563479483128 0.0270563494414091 0.0113000003620982
vn -0.4179170996085004 5.1172976422644449 3.0767783103905364
v -0.0213563479483128 0.0270295552909374 0.0114000001922250
vn -3.2568487164749396 3.2568271055698159 0.4439506049614750
v -0.0155563475564122 0.0270563494414091 0.0113000003620982
vn -3.2178313761263562 3.2186172394104333 1.8580823519205718
v -0.0155495330691338 0.0270495340228081 0.0113517642021179
vn -2.6595090146960065 2.6594750623743657 4.0143652513257910
v -0.0155295524746180 0.0270295552909374 0.0114000001922250
vn -0.6685365529740179 2.8910874768325936 5.1229994130706267
v -0.0213563479483128 0.0269563496112823 0.0114732049405575
vn -1.2808534437048928 1.2808555077863468 5.8693590266902067
v -0.0154563477262855 0.0269563496112823 0.0114732049405575
vn -0.7823146281831503 0.7849946098142971 6.0117977178917412
v -0.0213563479483128 0.0268563497811556 0.0115000000223517
vn -0.2077630761387495 0.2077630761387495 6.2631416505958075
v -0.0153563478961587 0.0268563497811556 0.0115000000223517
vn -0.8773816056900428 0.1261653365235214 6.1541852817784415
v -0.0153563478961587 0.0287563502788544 0.0115000000223517
vn -3.0767863346762354 0.4178743648189850 5.1173163894449267
v -0.0154563477262855 0.0287563502788544 0.0114732049405575
vn -5.1229847045140922 0.6688538779083084 2.8911062415437074
v -0.0155295524746180 0.0287563502788544 0.0114000001922250
vn 0.1261626872831260 0.8773804890187945 -6.1541857712101677
v -0.0118563473224640 0.0288563501089811 -0.0115000000223517
vn -0.1261626872831260 0.8773804890187942 -6.1541857712101651
v -0.0152563471347094 0.0288563501089811 -0.0115000000223517
vn -0.4178824236276314 3.0767742894528665 -5.1173279474989046
v -0.0152563471347094 0.0289563499391079 -0.0114732049405575
vn 0.4178783333439608 3.0767715019245476 -5.1173316974627223
v -0.0118563473224640 0.0289563499391079 -0.0114732049405575
vn -0.6685380491405175 5.1229765602449104 -2.8910825226627592
v -0.0152563471347094 0.0290295556187630 -0.0114000001922250
vn 0.6685325736303334 5.1229792807732499 -2.8910831339352989
v -0.0118563473224640 0.0290295556187630 -0.0114000001922250
vn 2.4949985691284571 4.3214396013525374 -2.7476388629935293
v -0.0117197446525097 0.0289929527789354 -0.0114000001922250
vn 1.5595154018824096 2.7011296116966506 -4.9786875849139633
v -0.0117563474923372 0.0289295539259911 -0.0114732049405575
vn 0.4708261429688092 0.8154878165635504 -6.1322374709268956
v -0.0118063474074006 0.0288429521024227 -0.0115000000223517
vn 4.3214433151557214 2.4950062131062554 -2.7476280497082541
v -0.0116197448223829 0.0288929529488087 -0.0114000001922250
vn 2.7011372771782685 1.5595187352063029 -4.9786628409977824
v -0.0116831427440047 0.0288563501089811 -0.0114732049405575
vn 0.8154902100827462 0.4708211086341947 -6.1322372625924704
v -0.0117697445675731 0.0288063492625952 -0.0115000000223517
vn -3.2178313761263562 3.2186172394104333 -1.8580823519205718
v -0.0155495330691338 0.0270495340228081 -0.0113517642021179
vn -2.6595090146960070 2.6594750623743706 -4.0143652513257964
v -0.0155295524746180 0.0270295552909374 -0.0114000001922250
vn -0.4179063211302308 5.1173058281976367 -3.0767730127582502
v -0.0213563479483128 0.0270295552909374 -0.0114000001922250
vn -1.2808534437048935 1.2808555077863493 -5.8693590266902067
v -0.0154563477262855 0.0269563496112823 -0.0114732049405575
vn -0.6685348117116883 2.8910820134991524 -5.1230038177981125
v -0.0213563479483128 0.0269563496112823 -0.0114732049405575
vn -0.2077630761387495 0.2077630761387501 -6.2631416505958075
v -0.0153563478961587 0.0268563497811556 -0.0115000000223517
vn -0.7823161478091339 0.7849961914190581 -6.0117968869144205
v -0.0213563479483128 0.0268563497811556 -0.0115000000223517
vn -0.6675050228702144 6.0662652292788346 -0.6675053093256899
v -0.0213563479483128 0.0270563494414091 -0.0113000003620982
vn -3.2568487164749400 3.2568271055698159 -0.4439506049614750
v -0.0155563475564122 0.0270563494414091 -0.0113000003620982
vn -5.1229847921016569 0.6688525828718715 -2.8911073181544844
v -0.0155295524746180 0.0287563502788544 -0.0114000001922250
vn -3.0767878765565806 0.4178731718080321 -5.1173161205098134
v -0.0154563477262855 0.0287563502788544 -0.0114732049405575
vn -0.8773785390182215 0.1261611473144819 -6.1541864042834415
v -0.0153563478961587 0.0287563502788544 -0.0115000000223517
vn 0.7868276918771242 0.0399144488984808 -6.1826305371755366
v -0.0067563476040959 0.0191786270588636 -0.0115000000223517
vn 0.7439674732437080 0.1579179168468476 -6.1891251375440559
v -0.0066430177539587 0.0180989094078541 -0.0115000000223517
vn 0.8538474404339942 -0.0917748784536883 -6.1629105333746752
v 0.0047725131735206 -0.0005129647324793 -0.0115000000223517
vn 0.8227303275582311 -0.2461508726534906 -6.1629109694200235
v 0.0045985961332917 -0.0013758351560682 -0.0115000000223517
vn 0.8298750880183421 0.2209470562140622 -6.1629051794335101
v 0.0046384232118726 0.0012349302414805 -0.0115000000223517
vn 0.8562517398054201 0.0656882636721387 -6.1629098868749743
v 0.0047859391197562 0.0003671574522741 -0.0115000000223517
vn 0.6603756741296516 0.4296371572688261 -6.1826316640342389
v -0.0057658012956381 0.0161256771534681 -0.0115000000223517
vn 0.6999163913796893 0.4587808865480801 -6.1695222092268711
v 0.0038856519386172 0.0028181078378111 -0.0115000000223517
vn 0.7755541851190532 0.3687600355891283 -6.1629121695014364
v 0.0043349238112569 0.0020611754152924 -0.0115000000223517
vn -0.4708248526994595 0.8154862135795824 -6.1322380646422330
v -0.0153063470497727 0.0288429521024227 -0.0115000000223517
vn -0.8154768591789905 0.4708267147036498 -6.1322405090051806
v -0.0153429498896003 0.0288063492625952 -0.0115000000223517
vn 0.1522757458289844 -0.8451664277644830 -6.1629078399062731
v 0.0008511273772456 -0.0047239377163351 -0.0115000000223517
vn 0.3040485210266810 -0.8031433252290403 -6.1629094308728138
v 0.0016994430916384 -0.0044890861026943 -0.0115000000223517
vn 0.4455976147013703 -0.7341225703894421 -6.1629080301359771
v 0.0024906070902944 -0.0041032764129341 -0.0115000000223517
vn 0.7639609550270902 -0.3922523569791400 -6.1629071851296677
v 0.0042700385674834 -0.0021924374159425 -0.0115000000223517
vn 0.6794770709735040 -0.5251557812699128 -6.1629105971316269
v 0.0037978859618306 -0.0029353143181652 -0.0115000000223517
vn 0.5721588844777737 -0.6404069124970609 -6.1629090764448176
v 0.0031980192288756 -0.0035794803407043 -0.0115000000223517
vn -0.6624941601644779 -0.0954014025156191 -6.2102966210087720
v -0.0213563479483128 0.0220563486218452 -0.0115000000223517
vn -0.4424993737945388 -0.7296664315809492 -6.1645807121196157
v -0.0025345878675580 -0.0040762550197542 -0.0115000000223517
vn -0.4030199902455378 -0.4856870667144056 -6.2190566236523832
v -0.0032363245263696 -0.0035448817070574 -0.0115000000223517
vn -0.4773542700558865 -0.4374894680650767 -6.2154416542075683
v -0.0071486681699753 0.0000269210977422 -0.0115000000223517
vn -0.7882312599641655 -0.3919220434301048 -6.1557394509138881
v -0.0073136445134878 0.0002384319086559 -0.0115000000223517
vn -0.0046178419527254 -0.8587617634655963 -6.1629080537619627
v -0.0000258087529801 -0.0047999299131334 -0.0115000000223517
vn -0.1613553273014612 -0.8434739372615236 -6.1629095686899333
v -0.0009018768905662 -0.0047145108692348 -0.0115000000223517
vn -0.3126676501088300 -0.7998306336318942 -6.1629085407653355
v -0.0017476164503023 -0.0044705509208143 -0.0115000000223517
vn -0.8323289608294273 -0.2090026748710451 -6.1631820374401283
v -0.0073994304984808 0.0004925861139782 -0.0115000000223517
vn -0.7758561752216376 -0.1573582707727338 -6.1816859123712184
v -0.0099265240132809 0.0164480265229940 -0.0115000000223517
vn -0.7262986757300907 -0.2518585191373195 -6.1872360068558372
v -0.0101709524169564 0.0174238421022892 -0.0115000000223517
vn -0.6707157879346231 -0.3756196721914905 -6.1872348047255503
v -0.0105831203982234 0.0183414909988642 -0.0115000000223517
vn 0.6949685981250814 0.3089542643454392 -6.1891237548836830
v -0.0063079670071602 0.0170662570744753 -0.0115000000223517
vn -0.5942374997545388 -0.4876780378686624 -6.1872350937596758
v -0.0111501878127456 0.0191723909229040 -0.0115000000223517
vn -0.4992535175953857 -0.5845511568764515 -6.1872340859733068
v -0.0118544939905405 0.0198906641453505 -0.0115000000223517
vn -0.3887192104726884 -0.6632200638214416 -6.1872325481318837
v -0.0126741006970406 0.0204739347100258 -0.0115000000223517
vn -0.2660700605724462 -0.7212143454941335 -6.1872358524110744
v -0.0135834803804755 0.0209040399640799 -0.0115000000223517
vn -0.3560389898837334 -0.6166796355013797 -6.1977756400839565
v -0.0209563467651606 0.0213635284453630 -0.0115000000223517
vn -0.6166780800139252 -0.3560401502995337 -6.1977758876471443
v -0.0212491676211357 0.0216563493013382 -0.0115000000223517
vn -0.0953989470856124 -0.6624787067910409 -6.2103000739792122
v -0.0205563474446535 0.0212563499808311 -0.0115000000223517
vn -0.0324631390566210 -0.7899348403821428 -6.1819491415549361
v -0.0155563475564122 0.0212563499808311 -0.0115000000223517
vn -0.1351405541841548 -0.7567602387834808 -6.1872349418250172
v -0.0145543087273836 0.0211675800383091 -0.0115000000223517
vn -2.9234973306911538 0.7574551317692321 -5.0642856123828031
v -0.0214563477784395 0.0268563497811556 -0.0114732049405575
vn -5.0643103486853898 0.7574562347221845 -2.9234992811408222
v -0.0215295515954494 0.0268563497811556 -0.0114000001922250
vn -2.4950109426194538 2.7476297484357333 -4.3214524319542349
v -0.0214429497718811 0.0269563496112823 -0.0114500001072884
vn -4.3214825591000290 2.7476403739777715 -2.4949981645488473
v -0.0215063467621803 0.0269563496112823 -0.0113866021856666
vn -1.5595219684930259 4.9786595516836751 -2.7011365794152544
v -0.0214063469320536 0.0270295552909374 -0.0113866021856666
vn -2.7011406576312535 4.9786213867158704 -1.5595429639021374
v -0.0214429497718811 0.0270295552909374 -0.0113500002771616
vn -6.0117832849935677 0.7850126680707356 -0.7823330181232999
v -0.0215563476085663 0.0268563497811556 -0.0113000003620982
vn -5.1230096695651515 2.8911010000788995 -0.6685368874438834
v -0.0215295515954494 0.0269563496112823 -0.0113000003620982
vn -3.0767915666594026 5.1172847695969912 -0.4178885363609992
v -0.0214563477784395 0.0270295552909374 -0.0113000003620982
vn -3.1037526508655366 3.3615337319706482 0.3427039666595200
v -0.0155563475564122 0.0270563494414091 -0.0020956713706255
vn -0.7619617338457644 3.5814724473032649 -2.9697204662874528
v -0.0152557585388422 0.0270563494414091 0.0022082214709371
vn 0.5751694069848708 3.5814699502648746 -3.0114798243120964
v -0.0150813069194555 0.0270563494414091 0.0022027734667063
vn -2.7740503282312998 3.5814676554883147 1.3055574202591838
v -0.0155182685703039 0.0270563494414091 -0.0019253394566476
vn -2.7740503282312989 3.5814676554883378 -1.3055574202591831
v -0.0155182685703039 0.0270563494414091 0.0024253395386040
vn -3.1037526508655366 3.3615337319706509 -0.3427039666595200
v -0.0155563475564122 0.0270563494414091 0.0025956714525819
vn -0.7619619486475755 3.5814711862911004 2.9697208573231562
v -0.0152557585388422 0.0270563494414091 -0.0017082215053961
vn -1.9540239193122479 3.5814745341008152 2.3625434322571826
v -0.0154112828895450 0.0270563494414091 -0.0017874375917017
vn -1.9540247512050279 3.5814739397599848 -2.3625430085335783
v -0.0154112828895450 0.0270563494414091 0.0022874376736581
vn -1.0682576110290440 3.1938439720809768 2.9536759742593910
v -0.0121625224128366 0.0270563494414091 -0.0018923197640106
vn -0.4665286106742400 2.8236304275531676 3.0562444274742870
v -0.0130738634616137 0.0270563494414091 -0.0022213726770133
vn 0.7305681945447603 2.8236304328877373 3.0040887319445999
v -0.0140418726950884 0.0270563494414091 -0.0021791979670525
vn 1.3085695146365026 3.2025509366913907 2.8550649815894786
v -0.0149211427196860 0.0270563494414091 -0.0017721306066960
vn 0.5751701248337275 3.5814718410822026 3.0114790275107008
v -0.0150813069194555 0.0270563494414091 -0.0017027733847499
vn 2.8017006151527459 3.5640535622524854 -1.2594537124444454
v -0.0115915145725012 0.0270563494414091 0.0025710877962410
vn 2.8017006151527455 3.5640535622525014 1.2594537124444458
v -0.0115915145725012 0.0270563494414091 -0.0020710877142847
vn 3.1066784200587003 3.3528267586367702 0.3293437351217476
v -0.0115563469007611 0.0270563494414091 -0.0022350908257067
vn 0.9177654350026072 3.5640556510591885 -2.9314590856363680
v -0.0118368379771709 0.0270563494414091 0.0023533613421023
vn 2.0389979600468675 3.5640541893446049 -2.2974411942127895
v -0.0116908326745033 0.0270563494414091 0.0024359223898500
vn 2.0389971339648465 3.5640547935009854 2.2974416613338304
v -0.0116908326745033 0.0270563494414091 -0.0019359223078936
vn 0.9177646089205864 3.5640550469028076 2.9314595527574081
v -0.0118368379771709 0.0270563494414091 -0.0018533613765612
vn -0.3648423397465641 3.5640539200826753 3.0500228415321100
v -0.0120038567110896 0.0270563494414091 -0.0018379223765805
vn 1.3085680043016601 3.2025522984554664 -2.8550656237868886
v -0.0149211427196860 0.0270563494414091 0.0022721304558218
vn 0.7305685637817548 2.8236301332123563 -3.0040885698466213
v -0.0140418726950884 0.0270563494414091 0.0026791980490088
vn -0.4665288683931871 2.8236301886040249 -3.0562443411450340
v -0.0130738634616137 0.0270563494414091 0.0027213727589697
vn -1.0682576896252818 3.1938439607832061 -2.9536759460491142
v -0.0121625224128366 0.0270563494414091 0.0023923197295517
vn -0.3648423397465642 3.5640539200826753 -3.0500228415321091
v -0.0120038567110896 0.0270563494414091 0.0023379223421216
vn -5.0635893270670405 2.9234464955830801 -0.7535714445174431
v -0.0155161553993821 0.0289063490927219 -0.0113000003620982
vn -4.3214577124528599 2.4950053657649525 -2.7476403412714148
v -0.0154929496347904 0.0288929529488087 -0.0114000001922250
vn -2.7011447427523794 1.5595155013473923 -4.9786524314211942
v -0.0154295526444912 0.0288563501089811 -0.0114732049405575
vn -2.9234578779340392 5.0635692968020063 -0.7535705697021312
v -0.0154063478112221 0.0290161576122046 -0.0113000003620982
vn -2.4949823730617888 4.3214540654430635 -2.7476479236012570
v -0.0153929498046637 0.0289929527789354 -0.0114000001922250
vn -1.5595080031401753 2.7011374689178798 -4.9786780267808863
v -0.0153563478961587 0.0289295539259911 -0.0114732049405575
vn -5.0643099529136144 0.7574638435490894 2.9234919713910648
v -0.0215295515954494 0.0268563497811556 0.0114000001922250
vn -2.9234994113013912 0.7574541632845860 5.0642849986941751
v -0.0214563477784395 0.0268563497811556 0.0114732049405575
vn -4.3214953426106080 2.7476236919105514 2.4949933790717802
v -0.0215063467621803 0.0269563496112823 0.0113866021856666
vn -2.4950065295925925 2.7476301342379199 4.3214563191235831
v -0.0214429497718811 0.0269563496112823 0.0114500001072884
vn -2.7011346178950815 4.9786375141943342 1.5595325506185218
v -0.0214429497718811 0.0270295552909374 0.0113500002771616
vn -1.5595001446903154 4.9786617071924235 2.7011475686056814
v -0.0214063469320536 0.0270295552909374 0.0113866021856666
vn -6.0117796093509712 0.7850196637440855 0.7823397396546021
v -0.0215563476085663 0.0268563497811556 0.0113000003620982
vn -5.1230127830856311 2.8910893956896810 0.6685433992654307
v -0.0215295515954494 0.0269563496112823 0.0113000003620982
vn -3.0767878221343623 5.1172905557214801 0.4178809177614496
v -0.0214563477784395 0.0270295552909374 0.0113000003620982
vn 0.8538476228775554 -0.0917749556753311 6.1629104745504897
v 0.0047725131735206 -0.0005129647324793 0.0115000000223517
vn 0.8227302740574767 -0.2461498355944307 6.1629110775174203
v 0.0045985961332917 -0.0013758351560682 0.0115000000223517
vn 0.7639602320637799 -0.3922536891390781 6.1629071958824868
v 0.0042700385674834 -0.0021924374159425 0.0115000000223517
vn 0.6794778997357338 -0.5251551035235228 6.1629105222935854
v 0.0037978859618306 -0.0029353143181652 0.0115000000223517
vn 0.5721586176975777 -0.6404067041838427 6.1629091797593523
v 0.0031980192288756 -0.0035794803407043 0.0115000000223517
vn -0.4708227582071108 0.8154851173367750 6.1322387954574902
v -0.0153063470497727 0.0288429521024227 0.0115000000223517
vn -0.8154813420129874 0.4708221603024286 6.1322399215348486
v -0.0153429498896003 0.0288063492625952 0.0115000000223517
vn -0.0046181940880380 -0.8587619973740656 6.1629079806235216
v -0.0000258087529801 -0.0047999299131334 0.0115000000223517
vn 0.1522753297489835 -0.8451663038932734 6.1629079006032237
v 0.0008511273772456 -0.0047239377163351 0.0115000000223517
vn 0.3040490682135653 -0.8031430478346705 6.1629094512494973
v 0.0016994430916384 -0.0044890861026943 0.0115000000223517
vn 0.4455971822562357 -0.7341228286607453 6.1629080312533846
v 0.0024906070902944 -0.0041032764129341 0.0115000000223517
vn -0.1613546871128433 -0.8434741146269984 6.1629095519652557
v -0.0009018768905662 -0.0047145108692348 0.0115000000223517
vn -0.3126679105826621 -0.7998303835998700 6.1629085835802808
v -0.0017476164503023 -0.0044705509208143 0.0115000000223517
vn -0.6279964948084950 -0.1577458367684343 6.2154417844016816
v -0.0073994304984808 0.0004925861139782 0.0115000000223517
vn -0.7600189700096434 -0.4092726148408773 6.1612495016846189
v -0.0073136445134878 0.0002384319086559 0.0115000000223517
vn -0.4773542700558860 -0.4374894680650763 6.2154416542075648
v -0.0071486681699753 0.0000269210977422 0.0115000000223517
vn -0.5846042965448845 -0.1185581472581776 6.2259687296156372
v -0.0099265240132809 0.0164480265229940 0.0115000000223517
vn -0.4030199902455377 -0.4856870667144055 6.2190566236523823
v -0.0032363245263696 -0.0035448817070574 0.0115000000223517
vn -0.4424993474608258 -0.7296664814709993 6.1645807032913593
v -0.0025345878675580 -0.0040762550197542 0.0115000000223517
vn -0.0324632064320863 -0.7899347908294753 6.1819491532333011
v -0.0155563475564122 0.0212563499808311 0.0115000000223517
vn -0.1351405954444758 -0.7567600794730494 6.1872349770765158
v -0.0145543087273836 0.0211675800383091 0.0115000000223517
vn -0.2660694843977811 -0.7212149261328903 6.1872357710262467
v -0.0135834803804755 0.0209040399640799 0.0115000000223517
vn -0.3887201004798250 -0.6632198110977482 6.1872324934531839
v -0.0126741006970406 0.0204739347100258 0.0115000000223517
vn 0.7934224934094944 0.0304060871904019 6.1810970807106740
v -0.0067563476040959 0.0191786270588636 0.0115000000223517
vn 0.7642299244591115 0.1208782965543967 6.1860587604362065
v -0.0066924979910254 0.0183662455528975 0.0115000000223517
vn -0.4992532289609450 -0.5845508816345198 6.1872341794778292
v -0.0118544939905405 0.0198906641453505 0.0115000000223517
vn -0.5942371984079371 -0.4876781402915904 6.1872351333456281
v -0.0111501878127456 0.0191723909229040 0.0115000000223517
vn 0.7359626778797446 0.2387876277438151 6.1860584890917094
v -0.0065025156363845 0.0175738148391247 0.0115000000223517
vn -0.6707157724429594 -0.3756193458767287 6.1872348454882911
v -0.0105831203982234 0.0183414909988642 0.0115000000223517
vn -0.7263959691844806 -0.2513431817566240 6.1872433675065475
v -0.0101709524169564 0.0174238421022892 0.0115000000223517
vn -0.6624941148393739 -0.0954013096355177 6.2102966349752204
v -0.0213563479483128 0.0220563486218452 0.0115000000223517
vn -0.6166779943215002 -0.3560402080730424 6.1977759016134764
v -0.0212491676211357 0.0216563493013382 0.0115000000223517
vn -0.3560400067170192 -0.6166781272899391 6.1977758858960543
v -0.0209563467651606 0.0213635284453630 0.0115000000223517
vn 0.8562522864713935 0.0656890802541164 6.1629096984379927
v 0.0047859391197562 0.0003671574522741 0.0115000000223517
vn 0.8298753729051923 0.2209446465962754 6.1629052863339497
v 0.0046384232118726 0.0012349302414805 0.0115000000223517
vn 0.7747005068426036 0.3578226428185624 6.1645841984508332
v 0.0043349238112569 0.0020611754152924 0.0115000000223517
vn 0.5278478097277600 0.3459765747243471 6.2190556328981170
v 0.0038856519386172 0.0028181078378111 0.0115000000223517
vn 0.4974182388010507 0.3324645516269121 6.2256356557675296
v -0.0057658012956381 0.0161256771534681 0.0115000000223517
vn 0.6803524616141450 0.3555857286151342 6.1874896427426336
v -0.0061910673975945 0.0168207958340645 0.0115000000223517
vn -0.0953973124182230 -0.6624779090741250 6.2103003197797584
v -0.0205563474446535 0.0212563499808311 0.0115000000223517
vn -2.7011440919932737 1.5595196762215959 4.9786487133434614
v -0.0154295526444912 0.0288563501089811 0.0114732049405575
vn -4.3214524722004608 2.4950088528898520 2.7476372518975749
v -0.0154929496347904 0.0288929529488087 0.0114000001922250
vn -5.0635862179469937 2.9234474604185783 0.7535753919621769
v -0.0155161553993821 0.0289063490927219 0.0113000003620982
vn -1.5595180971578326 2.7011327810789032 4.9786778793041861
v -0.0153563478961587 0.0289295539259911 0.0114732049405575
vn -2.4949945263347635 4.3214471137893025 2.7476479528816977
v -0.0153929498046637 0.0289929527789354 0.0114000001922250
vn -2.9234637389419067 5.0635659479214743 0.7535705155975158
v -0.0154063478112221 0.0290161576122046 0.0113000003620982
vn 5.0635567669773840 0.7535828687658994 -2.9234564101086868
v -0.0065831420943141 0.0268563497811556 -0.0114000001922250
vn 2.9234565902303444 0.7535728208857695 -5.0635860422764383
v -0.0066563477739692 0.0268563497811556 -0.0114732049405575
vn 4.3214779439150348 2.7476497695046129 -2.4950191690055070
v -0.0066063478589058 0.0269563496112823 -0.0113866021856666
vn 2.4950059484103848 2.7476166619306897 -4.3214557831494949
v -0.0066697448492050 0.0269563496112823 -0.0114500001072884
vn 2.7011458839041320 4.9786276008252770 -1.5595047264645139
v -0.0066697448492050 0.0270295552909374 -0.0113500002771616
vn 1.5594934268868088 4.9786604348941577 -2.7011475564784040
v -0.0067063476890326 0.0270295552909374 -0.0113866021856666
vn 2.8373621474070267 5.0409125832126493 -1.2754713664405031
v -0.0117283267900348 0.0290161576122046 0.0026325888466090
vn 4.6173844345223269 2.8119952407726547 -2.0756451667101423
v -0.0116281732916832 0.0289063490927219 0.0025875668507069
vn 5.4182537679580740 0.7686927874081304 -2.4356738507989575
v -0.0115915145725012 0.0287563502788544 0.0025710877962410
vn 3.9432517432083927 0.7686865559050950 -4.4430588006526266
v -0.0116908326745033 0.0287563502788544 0.0024359223898500
vn 3.3603996441908079 2.8119919645849221 -3.7863249480446641
v -0.0117175113409758 0.0289063490927219 0.0024659831542522
vn 1.7748802322287378 0.7686895142518422 -5.6691955370770701
v -0.0118368379771709 0.0287563502788544 0.0023533613421023
vn 1.5125308421674613 2.8120000284871631 -4.8312314906858109
v -0.0118488464504480 0.0289063490927219 0.0023917178623378
vn -0.7055748272708741 0.7686913302512332 -5.8984871958382126
v -0.0120038567110896 0.0287563502788544 0.0023379223421216
vn -0.6012835892444318 2.8120012988422762 -5.0266287866688195
v -0.0119990827515721 0.0289063490927219 0.0023778302129358
vn -2.3223733998573928 0.7955945844505852 -5.6846594315159678
v -0.0121625224128366 0.0287563502788544 0.0023923197295517
vn -1.9803148289266512 2.9609300986387987 -4.8469579520372577
v -0.0121418051421642 0.0289063490927219 0.0024267616681755
vn 2.0649445149370242 5.0409123175835049 -2.3266809250438838
v -0.0117904003709555 0.0290161576122046 0.0025481104385108
vn 0.9294393334625742 5.0409186274775042 -2.9687672600818296
v -0.0118816541507840 0.0290161576122046 0.0024965100456029
vn -0.3694839865340568 5.0409150677712358 -3.0888392597124774
v -0.0119860405102372 0.0290161576122046 0.0024868606124073
vn -1.1591270859975602 5.1876510722307465 -2.8569947367771453
v -0.0120852068066597 0.0290161576122046 0.0025208590086550
vn 2.7829726506065273 0.7943485252352863 -5.4699635662870119
v -0.0149211427196860 0.0287563502788544 0.0022721304558218
vn 2.3732831719581511 2.9555319365099777 -4.6644126462835551
v -0.0149447759613395 0.0289063490927219 0.0023046403657645
vn 2.2207522796668764 3.1098580868002932 -4.7968510344438240
v -0.0145183028653264 0.0289063490927219 0.0025551426224411
vn 1.3920852536482697 5.1824574897536673 -2.7545089060744798
v -0.0150093445554376 0.0290161576122046 0.0023934585042298
vn 1.2521842623012875 5.3343924890081329 -2.7047316466278493
v -0.0145644359290600 0.0290161576122046 0.0026547894813120
vn 0.7043104049750655 5.3343889975399694 -2.8961183526590975
v -0.0140773179009557 0.0290161576122046 0.0028249497991055
vn 0.1297353389631655 5.3343904584514155 -2.9777034442416372
v -0.0135664604604244 0.0290161576122046 0.0028974884189665
vn -0.4497604738381757 5.3343913290078540 -2.9463979189090002
v -0.0130512285977602 0.0290161576122046 0.0028696551453322
vn -1.0122043921897359 5.3343931740528499 -2.8033870619201302
v -0.0125511577352881 0.0290161576122046 0.0027425051666796
vn 1.2490985263425709 3.1098523128656441 -5.1362746531267049
v -0.0140513703227043 0.0289063490927219 0.0027182521298528
vn 0.2300824632421429 3.1098527029613527 -5.2809668770544924
v -0.0135616799816489 0.0289063490927219 0.0027877849061042
vn -0.7976515784514684 3.1098537093275649 -5.2254464981159625
v -0.0130677986890078 0.0289063490927219 0.0027611048426479
vn -1.7951455454983012 3.1098578090652000 -4.9718172449856510
v -0.0125884497538209 0.0289063490927219 0.0026392235886306
vn 2.6030491219951086 0.8379601161824406 -5.6226136376553795
v -0.0145014170557261 0.0287563502788544 0.0025186692364514
vn 1.4641935067546263 0.8224908639197506 -6.0207421335295228
v -0.0140418726950884 0.0287563502788544 0.0026791980490088
vn 0.2696925782665776 0.8379558628851095 -6.1900666751535001
v -0.0135599309578538 0.0287563502788544 0.0027476307004690
vn -0.9350095469189870 0.8224899975019340 -6.1252721043809366
v -0.0130738634616137 0.0287563502788544 0.0027213727589697
vn -2.1041760180520357 0.8379595917451378 -5.8277005666917363
v -0.0126020992174745 0.0287563502788544 0.0026014198083431
vn 0.5839293056350616 5.0305173968167347 -3.0573171818023646
v -0.0151094468310475 0.0290161576122046 0.0023501100949943
vn 0.9475217789413273 2.8012060569000896 -4.9610338858222800
v -0.0150888469070196 0.0289063490927219 0.0022422522306442
vn 1.1116138654918273 0.7662044681700603 -5.8202024829514238
v -0.0150813069194555 0.0287563502788544 0.0022027734667063
vn -1.4726229223631757 0.7662067683233299 -5.7394935095158388
v -0.0152557585388422 0.0287563502788544 0.0022082214709371
vn -1.2552325867683851 2.8012076013138323 -4.8922446918388678
v -0.0152457691729069 0.0289063490927219 0.0022471528500319
vn -3.7764868920197658 0.7662040401865245 -4.5660207873311869
v -0.0154112828895450 0.0287563502788544 0.0022874376736581
vn -3.2190057266560137 2.8012045163102837 -3.8919905365770582
v -0.0153856668621302 0.0289063490927219 0.0023184092715383
vn -5.3613301382616196 0.7662045796415253 -2.5232136843546935
v -0.0155182685703039 0.0287563502788544 0.0024253395386040
vn -4.5698973987223264 2.8012110678794104 -2.1507440554431936
v -0.0154819022864103 0.0289063490927219 0.0024424544535577
vn -5.1533483964530751 2.9178687705453168 -0.5645674709761327
v -0.0155161553993821 0.0289063490927219 0.0025956714525819
vn -0.7735629946870115 5.0305201995589091 -3.0149222991696050
v -0.0152184795588255 0.0290161576122046 0.0023535152431577
vn -1.9837675207444292 5.0305243726008380 -2.3985013378206936
v -0.0153156816959381 0.0290161576122046 0.0024030252825469
vn -2.8162712395286400 5.0305265620790216 -1.3254350366639649
v -0.0153825478628278 0.0290161576122046 0.0024892140645534
vn -3.0735647635925840 5.1432458052490979 -0.3479278537206087
v -0.0154063478112221 0.0290161576122046 0.0025956714525819
vn -1.1591284240918307 5.1876502998574612 2.8569943582722215
v -0.0120852068066597 0.0290161576122046 -0.0020208589266986
vn -0.3694832865223085 5.0409144699433170 3.0888393927808755
v -0.0119860405102372 0.0290161576122046 -0.0019868605304509
vn -1.9803150629623973 2.9609291455607680 4.8469588447086744
v -0.0121418051421642 0.0289063490927219 -0.0019267617026344
vn -0.6012830041803058 2.8119993281740072 5.0266301798463804
v -0.0119990827515721 0.0289063490927219 -0.0018778302473947
vn -2.3223726212171791 0.7955943034747319 5.6846597583419447
v -0.0121625224128366 0.0287563502788544 -0.0018923197640106
vn -0.7055752667805775 0.7686918330970152 5.8984868985161025
v -0.0120038567110896 0.0287563502788544 -0.0018379223765805
vn 1.7748797462468375 0.7686920163245439 5.6691951672298169
v -0.0118368379771709 0.0287563502788544 -0.0018533613765612
vn 1.5125331264314699 2.8120005502948189 4.8312333658538167
v -0.0118488464504480 0.0289063490927219 -0.0018917180132121
vn 3.9432479414983854 0.7686866885494212 4.4430613416416858
v -0.0116908326745033 0.0287563502788544 -0.0019359223078936
vn 3.3603939406548498 2.8119929914929727 3.7863258530110837
v -0.0117175113409758 0.0289063490927219 -0.0019659830722958
vn 5.4182546447461819 0.7686894709079528 2.4356761282743848
v -0.0115915145725012 0.0287563502788544 -0.0020710877142847
vn 4.6173845472743675 2.8120029912140381 2.0756458813273677
v -0.0116281732916832 0.0289063490927219 -0.0020875670015812
vn 0.9294428749522700 5.0409154159480298 2.9687682321486442
v -0.0118816541507840 0.0290161576122046 -0.0019965099636465
vn 2.0649462958597486 5.0409136723445300 2.3266786948444804
v -0.0117904003709555 0.0290161576122046 -0.0020481105893850
vn 2.8373607503289593 5.0409134111013181 1.2754726249927830
v -0.0117283267900348 0.0290161576122046 -0.0021325889974833
vn -1.7951454280840098 3.1098547916171251 4.9718180875269784
v -0.0125884497538209 0.0289063490927219 -0.0021392235066742
vn -1.0122037124972152 5.3343927811995773 2.8033878004543062
v -0.0125511577352881 0.0290161576122046 -0.0022425050847232
vn -0.4497610198646835 5.3343896797214798 2.9463995215587184
v -0.0130512285977602 0.0290161576122046 -0.0023696550633758
vn 0.1297353430961174 5.3343904523304868 2.9777033802663042
v -0.0135664604604244 0.0290161576122046 -0.0023974883370101
vn 0.7043096159893467 5.3343907692766486 2.8961175230938991
v -0.0140773179009557 0.0290161576122046 -0.0023249499499798
vn 1.2521849986566802 5.3343921850514979 2.7047317073697816
v -0.0145644359290600 0.0290161576122046 -0.0021547893993556
vn 1.3920848783332733 5.1824585618280050 2.7545076142693703
v -0.0150093445554376 0.0290161576122046 -0.0018934584222734
vn -0.7976514518407223 3.1098551727535888 5.2254477263541048
v -0.0130677986890078 0.0289063490927219 -0.0022611049935222
vn 0.2300826114874231 3.1098525035896891 5.2809669469690439
v -0.0135616799816489 0.0289063490927219 -0.0022877848241478
vn 1.2490972608413968 3.1098542351577962 5.1362728978146706
v -0.0140513703227043 0.0289063490927219 -0.0022182520478964
vn 2.2207536070679708 3.1098549960495858 4.7968513189958637
v -0.0145183028653264 0.0289063490927219 -0.0020551425404847
vn 2.3732845801737330 2.9555281670066065 4.6644134584188972
v -0.0149447759613395 0.0289063490927219 -0.0018046402838081
vn -2.1041765189730866 0.8379555261326216 5.8277012533781223
v -0.0126020992174745 0.0287563502788544 -0.0021014199592173
vn -0.9350080103460747 0.8224936329614358 6.1252715545898138
v -0.0130738634616137 0.0287563502788544 -0.0022213726770133
vn 0.2696922833890900 0.8379561249847408 6.1900666521639494
v -0.0135599309578538 0.0287563502788544 -0.0022476306185126
vn 1.4641926374275760 0.8224909488806421 6.0207423522193224
v -0.0140418726950884 0.0287563502788544 -0.0021791979670525
vn 2.6030487446691510 0.8379560749613144 5.6226147050537287
v -0.0145014170557261 0.0287563502788544 -0.0020186693873256
vn 2.7829760973067765 0.7943449577923589 5.4699636605605528
v -0.0149211427196860 0.0287563502788544 -0.0017721306066960
vn -3.0735619054634125 5.1432478421477015 0.3479266797124801
v -0.0154063478112221 0.0290161576122046 -0.0020956713706255
vn -2.8162681455485430 5.0305283365153848 1.3254350919165656
v -0.0153825478628278 0.0290161576122046 -0.0019892139825970
vn -5.1533493040262917 2.9178694485461665 0.5645652268227557
v -0.0155161553993821 0.0289063490927219 -0.0020956713706255
vn -4.5698994643830995 2.8012123132209652 2.1507464252467265
v -0.0154819022864103 0.0289063490927219 -0.0019424546044320
vn -5.3613290156898845 0.7662051683927298 2.5232157263759039
v -0.0155182685703039 0.0287563502788544 -0.0019253394566476
vn -3.7764871456298983 0.7662035533005087 4.5660201557358633
v -0.0154112828895450 0.0287563502788544 -0.0017874375917017
vn -3.2190058523666845 2.8012058432541256 3.8919878045126732
v -0.0153856668621302 0.0289063490927219 -0.0018184091895819
vn -1.4726226395962632 0.7662042543788938 5.7394959346600576
v -0.0152557585388422 0.0287563502788544 -0.0017082215053961
vn -1.2552319176555082 2.8012088592305573 4.8922431027082842
v -0.0152457691729069 0.0289063490927219 -0.0017471527680755
vn 1.1116150128955109 0.7662034797287562 5.8202009287854866
v -0.0150813069194555 0.0287563502788544 -0.0017027733847499
vn 0.9475210181549465 2.8012054534311579 4.9610340269333006
v -0.0150888469070196 0.0289063490927219 -0.0017422521486878
vn -1.9837653511273701 5.0305243516729394 2.3985037853970748
v -0.0153156816959381 0.0290161576122046 -0.0019030253170058
vn -0.7735658811858125 5.0305171598480207 3.0149229844162684
v -0.0152184795588255 0.0290161576122046 -0.0018535151612014
vn 0.5839272314676434 5.0305205834267532 3.0573159698281152
v -0.0151094468310475 0.0290161576122046 -0.0018501101294532
vn 0.0014954847244191 4.5624156352915204 0.0053132324493427
v -0.0134511124342680 0.0183052737265825 0.0002500000118744
vn 1.1630379601617244 5.4808004315192189 -2.0255029390958392
v -0.0134706832468510 0.0189695600420237 0.0013553848257288
vn 0.0894814645237060 2.7890865620874079 -4.5567515403313887
v -0.0134538188576698 0.0187559220939875 0.0010000000474975
vn -0.5037120185118571 5.2152459849693473 -3.2663078995793291
v -0.0131912194192410 0.0187822096049786 0.0010000000474975
vn 0.9654328683068476 2.7657079083553127 -4.2456197123032373
v -0.0138841252774000 0.0188256334513426 0.0010000000474975
vn 3.0053741264651643 0.1561955663502697 -5.2978199719903944
v -0.0066563477739692 0.0191786270588636 -0.0114732049405575
vn 5.2713251816391464 0.2774517286758320 -3.0745609463146533
v -0.0065831420943141 0.0191786270588636 -0.0114000001922250
vn 3.0132081668267303 0.1175749384717057 5.2879974645256116
v -0.0066563477739692 0.0191786270588636 0.0114732049405575
vn 5.2695173146804253 0.2076125236041606 3.0655640227519223
v -0.0065831420943141 0.0191786270588636 0.0114000001922250
vn -2.0500134936165821 -0.2810116180320654 -5.8442248669262451
v -0.0214328840374947 0.0220563486218452 -0.0114847756922245
vn -3.3056926556914497 -0.4446000098421010 -5.2372555951304953
v -0.0214563477784395 0.0220563486218452 -0.0114732049405575
vn -4.3637078692737825 -0.5790820965525810 -4.2999503624746360
v -0.0214977692812681 0.0220563486218452 -0.0114414216950536
vn -6.0707955386922103 -0.7928622856409612 -0.5944334533229626
v -0.0215563476085663 0.0220563486218452 -0.0113000003620982
vn -5.7571234425618405 -0.7523006704244393 -1.9333087017668209
v -0.0215411223471165 0.0220563486218452 -0.0113765364512801
vn -5.2208069862794799 -0.6885593841308122 -3.2168950771414067
v -0.0215295515954494 0.0220563486218452 -0.0114000001922250
vn 5.9722251460002491 1.9367723270477799 -0.0837273835183341
v -0.0063122780993581 0.0176355391740799 -0.0113000003620982
vn 5.5948141963063742 2.6646680784383001 -0.8195822377857258
v -0.0061252126470208 0.0171475019305944 -0.0113000003620982
vn 4.8198131861740183 2.2163187429133102 -3.0679465526187406
v -0.0061496971175075 0.0171366166323423 -0.0114000001922250
vn 2.5245808170340767 1.6380285185227679 -5.2978211373818036
v -0.0056848498061299 0.0161843877285719 -0.0114732049405575
vn 2.7195911743176517 1.2090160426150245 -5.3396324864782745
v -0.0062165902927518 0.0171068795025349 -0.0114732049405575
vn 4.4300879712628101 2.8702250695849125 -3.0745542170286453
v -0.0056255897507071 0.0162273682653904 -0.0114000001922250
vn 5.1979027004034286 3.3692900267509240 -0.8165703124401230
v -0.0056038992479444 0.0162430983036757 -0.0113000003620982
vn 6.0933673398725983 1.1276476186784339 -0.8223399587757654
v -0.0064473766833544 0.0181404370814562 -0.0113000003620982
vn 5.2029018531009941 1.0356117636803437 -3.0679298431511777
v -0.0064735868945718 0.0181348733603954 -0.0114000001922250
vn 2.9113464986909272 0.6179718302031563 -5.3396394911510168
v -0.0065451972186565 0.0181196741759777 -0.0114732049405575
vn 2.5561186608040516 1.6789513728669012 -5.2133504598618581
v 0.0039666024968028 0.0028768184129149 -0.0114732049405575
vn 4.3698505346599301 2.8739125305301316 -2.9909395595569102
v 0.0040258625522256 0.0029197970870882 -0.0114000001922250
vn 2.7773250210595579 1.3205631256063999 -5.1707137103604772
v 0.0044252360239625 0.0021041168365628 -0.0114732049405575
vn 4.6902732441790134 2.2301394355485220 -2.9473387733663459
v 0.0044913468882442 0.0021355526987463 -0.0114000001922250
vn 5.0186310797574567 1.3361584023128932 -2.9473405398248498
v 0.0048057967796922 0.0012794921640307 -0.0114000001922250
vn 2.9717676500849279 0.7911983563307516 -5.1707365849532998
v 0.0047350553795695 0.0012606570962816 -0.0114732049405575
vn 5.1782560323479405 0.3972493160514039 -2.9473648416796525
v 0.0049586361274123 0.0003804045845754 -0.0114000001922250
vn 3.0662931721008269 0.2352344165533970 -5.1707078662508454
v 0.0048856465145946 0.0003748054732569 -0.0114732049405575
vn 5.1637410765994041 -0.5550162448127159 -2.9473182608836939
v 0.0049447258934379 -0.0005314738373272 -0.0114000001922250
vn 3.0576904216796548 -0.3286502402879554 -5.1707073346148800
v 0.0048719411715865 -0.0005236507277004 -0.0114732049405575
vn 4.9755676056122082 -1.4886191254154255 -2.9473262328972094
v 0.0047645336017013 -0.0014254802372307 -0.0114000001922250
vn 2.9462622391990538 -0.8814790257764682 -5.1707087601834587
v 0.0046944012865424 -0.0014044975396246 -0.0114732049405575
vn 4.6200438594112532 -2.3721487384722888 -2.9473357456817286
v 0.0044241202995181 -0.0022715514060110 -0.0114000001922250
vn 2.7357342885092693 -1.4046565779852629 -5.1707486389101991
v 0.0043589966371655 -0.0022381132002920 -0.0114732049405575
vn 4.1092028585309412 -3.1759322979107809 -2.9473659664988512
v 0.0039349300786853 -0.0030412336345762 -0.0114000001922250
vn 2.4332547525090074 -1.8806139514296250 -5.1707147274411760
v 0.0038770092651248 -0.0029964668210596 -0.0114732049405575
vn 3.4601672439173274 -3.8728988873755403 -2.9473401505185661
v 0.0033134175464511 -0.0037086436059326 -0.0114000001922250
vn 2.0489223321990631 -2.2933242074167119 -5.1707220096304241
v 0.0032646441832185 -0.0036540532018989 -0.0114732049405575
vn 2.6947622713740818 -4.4396238574318785 -2.9473618318675285
v 0.0025804797187448 -0.0042513399384916 -0.0114000001922250
vn 1.5956939724992933 -2.6289083321825069 -5.1707294764440368
v 0.0025424947962165 -0.0041887606494129 -0.0114732049405575
vn 1.8387518947515602 -4.8570679645724981 -2.9473060676211045
v 0.0017607650952414 -0.0046510729007423 -0.0114000001922250
vn 1.0888052879176915 -2.8760878469021618 -5.1707284806431666
v 0.0017348463879898 -0.0045826095156372 -0.0114732049405575
vn 0.9208961401348152 -5.1111684543757150 -2.9473189780919578
v 0.0008818405331112 -0.0048943976871669 -0.0114000001922250
vn 0.5453042628348518 -3.0265559867202354 -5.1707285509060998
v 0.0008688597590663 -0.0048223524354398 -0.0114732049405575
vn -0.0279256556665752 -5.1933680787897902 -2.9473486104995170
v -0.0000267400755547 -0.0049731335602701 -0.0114000001922250
vn -0.0165365414375049 -3.0752236169556739 -5.1707520079676357
v -0.0000263461261056 -0.0048999278806150 -0.0114732049405575
vn -0.9758055085122374 -5.1009607471051153 -2.9473368576467047
v -0.0009344210266136 -0.0048846318386495 -0.0114000001922250
vn -0.5778193417370641 -3.0205084935173208 -5.1707330322207818
v -0.0009206663235091 -0.0048127300105989 -0.0114732049405575
vn -1.8908786515980984 -4.8370029214874286 -2.9473805577509880
v -0.0018106790957972 -0.0046318671666086 -0.0114000001922250
vn -1.1196743623677472 -2.8642201190409686 -5.1707227905962121
v -0.0017840255750343 -0.0045636869035661 -0.0114732049405575
vn -2.7286821000729748 -4.4248072621263965 -2.9480693295125580
v -0.0026260465383530 -0.0042233443818986 -0.0114000001922250
vn -1.6071420279822337 -2.6228727711454711 -5.1752645906027919
v -0.0025873919948936 -0.0041611767373979 -0.0114732049405575
vn -3.7580552104446205 -4.5160030903906234 -1.9843860581798740
v -0.0033609075471759 -0.0036813428159803 -0.0113765364512801
vn -3.3899196597858361 -4.0735129354057902 -3.2810870944882913
v -0.0033531058579683 -0.0036727970000356 -0.0114000001922250
vn -2.8165023513591465 -3.3864062829628807 -4.3766240419047620
v -0.0033316761255264 -0.0036493239458650 -0.0114414216950536
vn -2.1175226848340909 -2.5456672067129471 -5.2908006411426030
v -0.0033037485554814 -0.0036187337245792 -0.0114732049405575
vn -1.2924754704572972 -1.5558878451446361 -5.8829068412590217
v -0.0032879281789064 -0.0036014055367559 -0.0114847756922245
vn -1.5050646038943509 -1.3790701020609684 -5.8671186288378347
v -0.0072002718225121 -0.0000296027319564 -0.0114847756922245
vn -2.4393774928456704 -2.2537272337210750 -5.2697035596102735
v -0.0072160912677646 -0.0000469309197797 -0.0114732049405575
vn -3.2373961534674440 -2.9846041101131235 -4.3460211692360886
v -0.0072440188378096 -0.0000775211447035 -0.0114414216950536
vn -3.8801270214448085 -3.5909722384550493 -3.2562519527571254
v -0.0072654485702515 -0.0001009941988741 -0.0114000001922250
vn -4.2935205712776741 -3.9700552399272455 -1.9638822941486123
v -0.0072732502594590 -0.0001095400148188 -0.0113765364512801
vn -4.5419759725538347 -2.3899483633193883 -2.8662782005896097
v -0.0074661439284682 0.0001563097466715 -0.0114000001922250
vn -2.7599094710949839 -1.4227744212349989 -5.1044207566181754
v -0.0074016898870468 0.0001910182763822 -0.0114732049405575
vn -5.0540192013345990 -1.2408930860909966 -2.9489166036962406
v -0.0075705032795668 0.0004654920776375 -0.0114000001922250
vn -2.9885609887456228 -0.7402680111616480 -5.1730453636597344
v -0.0074981991201639 0.0004769436200149 -0.0114732049405575
vn -2.9525278604185217 -0.6015445977596201 -5.2917691430039726
v -0.0100252926349640 0.0164323821663857 -0.0114732049405575
vn -5.1688610682790719 -1.0556666682908991 -3.0690581945353448
v -0.0100975967943668 0.0164209306240082 -0.0114000001922250
vn -6.0673684424717420 -1.2388801137834369 -0.8174951396286271
v -0.0101240612566471 0.0164167396724224 -0.0113000003620982
vn -0.2728961454861137 -6.1867362211237822 -0.8165089507160528
v -0.0155563475564122 0.0210563503205776 -0.0113000003620982
vn -0.2303588636429221 -5.2710613965756767 -3.0690802934533985
v -0.0155563475564122 0.0210831444710493 -0.0114000001922250
vn -0.9290423286366691 -5.2024551654608437 -3.1036041270059660
v -0.0145847573876381 0.0209970735013485 -0.0114000001922250
vn -0.1285395642970786 -3.0102964207656679 -5.2924718478774038
v -0.0155563475564122 0.0211563501507044 -0.0114732049405575
vn -0.5249346283747357 -2.9395363121400595 -5.3275234593116005
v -0.0145718883723021 0.0210691373795271 -0.0114732049405575
vn -1.0335162539429898 -2.8014702832289244 -5.3275279424842630
v -0.0136180920526385 0.0208102203905582 -0.0114732049405575
vn -1.5099056672686642 -2.5761483830098753 -5.3275424751646163
v -0.0127246659249067 0.0203876625746489 -0.0114732049405575
vn -1.9392581282428982 -2.2705777094547490 -5.3275554210353899
v -0.0119194379076362 0.0198146235197783 -0.0114732049405575
vn -2.3082301194017774 -1.8943133894963444 -5.3275358515385083
v -0.0112274885177612 0.0191089510917664 -0.0114732049405575
vn -2.6052899309073876 -1.4590331158744165 -5.3275425475325502
v -0.0106703694909811 0.0182926282286644 -0.0114732049405575
vn -2.8212110942301298 -0.9783093068308859 -5.3275382737952199
v -0.0102654332295060 0.0173910781741142 -0.0114732049405575
vn -1.8291438939691338 -4.9581226973611034 -3.1035675217014824
v -0.0136434296146035 0.0207415409386158 -0.0114000001922250
vn -2.6722687634438396 -4.5593269991651759 -3.1036069230639685
v -0.0127616832032800 0.0203245058655739 -0.0114000001922250
vn -3.4321669190845130 -4.0185476965662170 -3.1035809305588034
v -0.0119669809937477 0.0197589565068483 -0.0114000001922250
vn -4.0851696272148637 -3.3526148545939298 -3.1035844488717297
v -0.0112840775400400 0.0190625116229057 -0.0114000001922250
vn -4.6109175287779269 -2.5822356907440933 -3.1036079857099903
v -0.0107342405244708 0.0182568579912186 -0.0114000001922250
vn -4.9930648124216876 -1.7314451399566981 -3.1035927219558790
v -0.0103345979005098 0.0173670947551727 -0.0114000001922250
vn -1.0893549457633722 -6.1001706289825961 -0.8307648921979043
v -0.0145894680172205 0.0209706947207451 -0.0113000003620982
vn -2.1448146662071359 -5.8137862363549022 -0.8219114461482091
v -0.0136527037248015 0.0207164026796818 -0.0113000003620982
vn -3.1333992464245162 -5.3460876399184700 -0.8307387632062355
v -0.0127752320840955 0.0203013885766268 -0.0113000003620982
vn -4.0244996867220078 -4.7120900711815672 -0.8218922315335917
v -0.0119843827560544 0.0197385828942060 -0.0113000003620982
vn -4.7901019721044245 -3.9311310263257018 -0.8307301522770144
v -0.0113047901540995 0.0190455131232738 -0.0113000003620982
vn -5.4066790595682424 -3.0278860319260135 -0.8219374687929484
v -0.0107576195150614 0.0182437654584646 -0.0113000003620982
vn -5.8546609188403824 -2.0302219698064867 -0.8307344016292133
v -0.0103599140420556 0.0173583161085844 -0.0113000003620982
vn -0.2810246966087570 -2.0500930102834598 -5.8441757549577673
v -0.0205563474446535 0.0211798120290041 -0.0114847756922245
vn -0.4446044744073653 -3.3057739572356950 -5.2372199631768446
v -0.0205563474446535 0.0211563501507044 -0.0114732049405575
vn -0.5790678173467571 -4.3636590171620684 -4.3000306467618650
v -0.0205563474446535 0.0211149286478758 -0.0114414216950536
vn -0.6885461615068815 -5.2207554931225673 -3.2169572495144769
v -0.0205563474446535 0.0210831444710493 -0.0114000001922250
vn -0.7523009339418523 -5.7571323928024398 -1.9332351912250800
v -0.0205563474446535 0.0210715737193823 -0.0113765364512801
vn -0.7929637924837797 -6.0707912145963840 -0.5932778970755341
v -0.0205563474446535 0.0210563503205776 -0.0113000003620982
vn -4.6693832384072023 -2.7051895536969215 -2.1545579562515216
v -0.0214091874659061 0.0215639621019363 -0.0113765364512801
vn -5.1257840036805637 -2.9593811376329566 -0.5744810224491059
v -0.0214223731309175 0.0215563494712114 -0.0113000003620982
vn -2.9593729067242318 -5.1258083921853519 -0.5736667998422191
v -0.0210563465952873 0.0211903247982264 -0.0113000003620982
vn -2.7051966070139981 -4.6693773442619522 -2.1544591205915022
v -0.0210487358272076 0.0212035086005926 -0.0113765364512801
vn -2.1548638938683204 -3.6940270555244537 -4.0910056398323666
v -0.0210270583629608 0.0212410539388657 -0.0114414216950536
vn -3.6940477208022364 -2.1548647167856512 -4.0910007205561083
v -0.0213716421276331 0.0215856395661831 -0.0114414216950536
vn -1.2483638507736718 -2.1336218448182489 -5.5204242842644149
v -0.0209946148097515 0.0212972462177277 -0.0114847756922245
vn -2.1336306183531035 -1.2483813524525931 -5.5204118343935447
v -0.0213154498487711 0.0216180812567472 -0.0114847756922245
vn -2.0500135362999794 -0.2810115737711809 5.8442248607948981
v -0.0214328840374947 0.0220563486218452 0.0114847756922245
vn -3.3056926556914492 -0.4446000098421010 5.2372555951304953
v -0.0214563477784395 0.0220563486218452 0.0114732049405575
vn -4.3637078692737825 -0.5790820965525811 4.2999503624746360
v -0.0214977692812681 0.0220563486218452 0.0114414216950536
vn -5.2208069862794790 -0.6885593841308122 3.2168950771414071
v -0.0215295515954494 0.0220563486218452 0.0114000001922250
vn -5.7571235125439086 -0.7523001126530398 1.9333091012686379
v -0.0215411223471165 0.0220563486218452 0.0113765364512801
vn -6.0716637554625486 -0.7895909124193741 0.5990524283063575
v -0.0215563476085663 0.0220563486218452 0.0113000003620982
vn -2.1336311635395875 -1.2483784043431474 5.5204130400579059
v -0.0213154498487711 0.0216180812567472 0.0114847756922245
vn -0.2810239176250978 -2.0500937615040384 5.8441756470493607
v -0.0205563474446535 0.0211798120290041 0.0114847756922245
vn -1.2483618933356810 -2.1336226362643900 5.5204253880816836
v -0.0209946148097515 0.0212972462177277 0.0114847756922245
vn -0.4446044744073653 -3.3057739572356946 5.2372199631768446
v -0.0205563474446535 0.0211563501507044 0.0114732049405575
vn -2.1548633740972871 -3.6940289098314407 4.0910049293636099
v -0.0210270583629608 0.0212410539388657 0.0114414216950536
vn -3.6940495750962001 -2.1548641969935112 4.0910000100891057
v -0.0213716421276331 0.0215856395661831 0.0114414216950536
vn -2.7052033787801619 -4.6693723915366991 2.1544544532621064
v -0.0210487358272076 0.0212035086005926 0.0113765364512801
vn -0.6885461615068815 -5.2207554931225673 3.2169572495144774
v -0.0205563474446535 0.0210831444710493 0.0114000001922250
vn -0.5790678173467571 -4.3636590171620684 4.3000306467618650
v -0.0205563474446535 0.0211149286478758 0.0114414216950536
vn -2.9554227430078002 -5.1297260149141213 0.5819281776498162
v -0.0210563465952873 0.0211903247982264 0.0113000003620982
vn -0.7929630892750562 -6.0707915014005520 0.5932774024671257
v -0.0205563474446535 0.0210563503205776 0.0113000003620982
vn -0.7523001235965232 -5.7571324944876388 1.9332357716337847
v -0.0205563474446535 0.0210715737193823 0.0113765364512801
vn -4.6693783846655386 -2.7051960909626867 2.1545531080949654
v -0.0214091874659061 0.0215639621019363 0.0113765364512801
vn -5.1287928911467251 -2.9587509567538239 0.5877715209865138
v -0.0214223731309175 0.0215563494712114 0.0113000003620982
vn -0.2728990322779193 -6.1867364780477470 0.8165070373865466
v -0.0155563475564122 0.0210563503205776 0.0113000003620982
vn -0.2303595716905516 -5.2710598762160110 3.0690830543999859
v -0.0155563475564122 0.0210831444710493 0.0114000001922250
vn -0.1285379585282392 -3.0102974253379879 5.2924710273369318
v -0.0155563475564122 0.0211563501507044 0.0114732049405575
vn -1.9685299676275458 -0.3695949668257942 5.9033904991920201
v -0.0100021185353398 0.0164360534399748 0.0114847756922245
vn -4.3282850604943999 -0.8617582397842719 4.4135660379878106
v -0.0100662037730217 0.0164259020239115 0.0114414216950536
vn -3.2169164408306781 -0.6235540266410265 5.3323707015567026
v -0.0100252926349640 0.0164323821663857 0.0114732049405575
vn -2.8213597096091183 -0.9776016445967666 5.3275639040238181
v -0.0102654332295060 0.0173910781741142 0.0114732049405575
vn -5.7969103824110899 -1.1724733468715680 2.0062619952205778
v -0.0101090250536799 0.0164191201329231 0.0113765364512801
vn -5.2041872377146516 -1.0406615128019472 3.3245194943652097
v -0.0100975967943668 0.0164209306240082 0.0114000001922250
vn -4.9931925959018750 -1.7309072722756171 3.1036149099425692
v -0.0103345979005098 0.0173670947551727 0.0114000001922250
vn -0.5249368038173774 -2.9395368955691974 5.3275227324821692
v -0.0145718883723021 0.0210691373795271 0.0114732049405575
vn -0.9290394987835173 -5.2024548806324802 3.1036052018152684
v -0.0145847573876381 0.0209970735013485 0.0114000001922250
vn -1.0893496608945459 -6.1001716087956872 0.8307646279132773
v -0.0145894680172205 0.0209706947207451 0.0113000003620982
vn -2.1448180346579711 -5.8137848663912308 0.8219123353867539
v -0.0136527037248015 0.0207164026796818 0.0113000003620982
vn -1.8291484669656757 -4.9581220935074368 3.1035658603852712
v -0.0136434296146035 0.0207415409386158 0.0114000001922250
vn -3.1333963414493393 -5.3460892372023787 0.8307394400165146
v -0.0127752320840955 0.0203013885766268 0.0113000003620982
vn -2.6722662634114545 -4.5593298326751448 3.1036051617460965
v -0.0127616832032800 0.0203245058655739 0.0114000001922250
vn -4.0245024030116321 -4.7120876682639246 0.8218927014806372
v -0.0119843827560544 0.0197385828942060 0.0113000003620982
vn -3.4321673442089145 -4.0185471093084297 3.1035809165903760
v -0.0119669809937477 0.0197589565068483 0.0114000001922250
vn -4.7901017205327321 -3.9311316518888137 0.8307286451804415
v -0.0113047901540995 0.0190455131232738 0.0113000003620982
vn -4.0851698724122709 -3.3526128637868187 3.1035864720199191
v -0.0112840775400400 0.0190625116229057 0.0114000001922250
vn -5.4066783703566035 -3.0278872972128799 0.8219373428634300
v -0.0107576195150614 0.0182437654584646 0.0113000003620982
vn -4.6109163321037947 -2.5822377399284040 3.1036080975155853
v -0.0107342405244708 0.0182568579912186 0.0114000001922250
vn -5.8546605721705198 -2.0302224703974705 0.8307356193462230
v -0.0103599140420556 0.0173583161085844 0.0113000003620982
vn -6.1089988781041651 -1.2366101845048767 0.6220110521390849
v -0.0101240612566471 0.0164167396724224 0.0113000003620982
vn -1.0335158336543182 -2.8014692047366561 5.3275287338165818
v -0.0136180920526385 0.0208102203905582 0.0114732049405575
vn -1.5099056214771742 -2.5761468636356670 5.3275434759794473
v -0.0127246659249067 0.0203876625746489 0.0114732049405575
vn -1.9392568810251878 -2.2705798382506939 5.3275549510707547
v -0.0119194379076362 0.0198146235197783 0.0114732049405575
vn -2.3082317302065567 -1.8943126443293343 5.3275352899673853
v -0.0112274885177612 0.0191089510917664 0.0114732049405575
vn -2.6052898281096062 -1.4590336425194146 5.3275424985800344
v -0.0106703694909811 0.0182926282286644 0.0114732049405575
vn -5.9925570734632290 -1.4685281653799769 0.6076819091707695
v -0.0075969686731696 0.0004612992634065 0.0113000003620982
vn -5.6777843456093100 -1.3995286639696540 1.9638755011118756
v -0.0075819315388799 0.0004636815865524 0.0113765364512801
vn -5.1337789420260007 -1.2630303266900820 3.2561717537876320
v -0.0075705032795668 0.0004654920776375 0.0114000001922250
vn -4.2737086962622319 -1.0601572596393400 4.3460139884040512
v -0.0075391111895442 0.0004704634775408 0.0114414216950536
vn -3.2242685059811791 -0.7961651560251142 5.2697185109928899
v -0.0074981991201639 0.0004769436200149 0.0114732049405575
vn -1.9797968785370481 -0.4975364218051800 5.8671076306148429
v -0.0074750250205398 0.0004806130309589 0.0114847756922245
vn -3.2373961529464079 -2.9846041102571781 4.3460211694240440
v -0.0072440188378096 -0.0000775211447035 0.0114414216950536
vn -2.4393775849826991 -2.2537272136027746 5.2697035362349913
v -0.0072160912677646 -0.0000469309197797 0.0114732049405575
vn -2.7369078848794435 -1.4738385706648627 5.1187503209873348
v -0.0074016898870468 0.0001910182763822 0.0114732049405575
vn -1.5050646328182857 -1.3790700119899748 5.8671186520242502
v -0.0072002718225121 -0.0000296027319564 0.0114847756922245
vn -4.5329796819187322 -2.4410221710449491 2.8693117650381543
v -0.0074661439284682 0.0001563097466715 0.0114000001922250
vn -3.8801270214448222 -3.5909722384550649 3.2562519527571334
v -0.0072654485702515 -0.0001009941988741 0.0114000001922250
vn -4.2935205712776492 -3.9700552399272189 1.9638822941485961
v -0.0072732502594590 -0.0001095400148188 0.0113765364512801
vn -5.3012079859956414 -2.8585702729172375 0.7584979911314030
v -0.0074897352606058 0.0001436046441086 0.0113000003620982
vn -1.2924753781336604 -1.5558878657686304 5.8829068644444193
v -0.0032879281789064 -0.0036014055367559 0.0114847756922245
vn -2.1175226564322802 -2.5456672966404930 5.2908006177682649
v -0.0033037485554814 -0.0036187337245792 0.0114732049405575
vn -2.8165023515499108 -3.3864062824570667 4.3766240420927032
v -0.0033316761255264 -0.0036493239458650 0.0114414216950536
vn -3.3899196597858237 -4.0735129354057769 3.2810870944882851
v -0.0033531058579683 -0.0036727970000356 0.0114000001922250
vn -3.7580552104446383 -4.5160030903906421 1.9843860581798869
v -0.0033609075471759 -0.0036813428159803 0.0113765364512801
vn 3.6810750100842822 2.4187234284719858 4.3765993748458989
v 0.0040001338347793 0.0029011371079832 0.0114414216950536
vn 2.7672065067839124 1.8184982927847209 5.2908019610160544
v 0.0039666024968028 0.0028768184129149 0.0114732049405575
vn 2.7866543554296399 1.3026704075437614 5.1752520061901048
v 0.0044252360239625 0.0021041168365628 0.0114732049405575
vn 1.6911146384206162 1.1097353396755691 5.8828951721833018
v 0.0039476091042161 0.0028630422893912 0.0114847756922245
vn 4.9091910059261972 3.2275739545254911 1.9843736882094094
v 0.0040352297946811 0.0029265901539475 0.0113765364512801
vn 4.4282077799987505 2.9114325281411300 3.2810289917052442
v 0.0040258625522256 0.0029197970870882 0.0114000001922250
vn 4.7030569838612077 2.2149368868779553 2.9480906868282104
v 0.0044913468882442 0.0021355526987463 0.0114000001922250
vn 2.9717673241517994 0.7912010577153287 5.1707364598480288
v 0.0047350553795695 0.0012606570962816 0.0114732049405575
vn 5.0186312923060754 1.3361579720508090 2.9473395129413795
v 0.0048057967796922 0.0012794921640307 0.0114000001922250
vn 3.0662917136923862 0.2352328399726522 5.1707091998761756
v 0.0048856465145946 0.0003748054732569 0.0114732049405575
vn 5.1782569835577066 0.3972528525549820 2.9473633946992930
v 0.0049586361274123 0.0003804045845754 0.0114000001922250
vn 3.0576901341686908 -0.3286504162554258 5.1707074747135202
v 0.0048719411715865 -0.0005236507277004 0.0114732049405575
vn 5.1637407106544515 -0.5550192363216144 2.9473192401785169
v 0.0049447258934379 -0.0005314738373272 0.0114000001922250
vn 2.9462630915332486 -0.8814818552671032 5.1707071041502894
v 0.0046944012865424 -0.0014044975396246 0.0114732049405575
vn 4.9755658590566876 -1.4886194439934697 2.9473279214990344
v 0.0047645336017013 -0.0014254802372307 0.0114000001922250
vn 2.7357366757267574 -1.4046523448616894 5.1707484394439041
v 0.0043589966371655 -0.0022381132002920 0.0114732049405575
vn 4.6200439907959012 -2.3721485071936415 2.9473343814569253
v 0.0044241202995181 -0.0022715514060110 0.0114000001922250
vn 2.4332522820339966 -1.8806152502182951 5.1707159153132247
v 0.0038770092651248 -0.0029964668210596 0.0114732049405575
vn 4.1092053447202002 -3.1759311361574314 2.9473638280410350
v 0.0039349300786853 -0.0030412336345762 0.0114000001922250
vn 2.0489227187624914 -2.2933249658168213 5.1707213279998001
v 0.0032646441832185 -0.0036540532018989 0.0114732049405575
vn 3.4601649374635892 -3.8729000371123909 2.9473413594983087
v 0.0033134175464511 -0.0037086436059326 0.0114000001922250
vn 1.5956943648434203 -2.6289084349521392 5.1707291215100941
v 0.0025424947962165 -0.0041887606494129 0.0114732049405575
vn 2.6947657528622271 -4.4396210809747787 2.9473638404652998
v 0.0025804797187448 -0.0042513399384916 0.0114000001922250
vn 1.0888057042712429 -2.8760878100706138 5.1707284069704169
v 0.0017348463879898 -0.0045826095156372 0.0114732049405575
vn 1.8387480331070440 -4.8570691379827640 2.9473077597487181
v 0.0017607650952414 -0.0046510729007423 0.0114000001922250
vn 0.5453025072015216 -3.0265572502183553 5.1707275985908776
v 0.0008688597590663 -0.0048223524354398 0.0114732049405575
vn 0.9208947497259488 -5.1111679320423073 2.9473187915024139
v 0.0008818405331112 -0.0048943976871669 0.0114000001922250
vn -0.0165336552908983 -3.0752235289500098 5.1707519010350280
v -0.0000263461261056 -0.0048999278806150 0.0114732049405575
vn -0.0279223503590527 -5.1933679930928660 2.9473483254839796
v -0.0000267400755547 -0.0049731335602701 0.0114000001922250
vn -0.5778191105940513 -3.0205075231881366 5.1707342045106994
v -0.0009206663235091 -0.0048127300105989 0.0114732049405575
vn -0.9758092319576894 -5.1009614537160513 2.9473338523791490
v -0.0009344210266136 -0.0048846318386495 0.0114000001922250
vn -1.1196756880113914 -2.8642194610948319 5.1707230878435144
v -0.0017840255750343 -0.0045636869035661 0.0114732049405575
vn -1.8908735609544356 -4.8370052208476944 2.9473805364955874
v -0.0018106790957972 -0.0046318671666086 0.0114000001922250
vn -1.6071418073801791 -2.6228730027001177 5.1752644637160259
v -0.0025873919948936 -0.0041611767373979 0.0114732049405575
vn -2.7286846372622686 -4.4248051777911384 2.9480717568698727
v -0.0026260465383530 -0.0042233443818986 0.0114000001922250
vn 1.6525694396541122 1.1039391598968531 5.9102009062477956
v -0.0057038441300392 0.0161706134676933 0.0114847756922245
vn 2.7421055183967047 1.8292471824870176 5.3214764869752909
v -0.0056848498061299 0.0161843877285719 0.0114732049405575
vn 3.6638382677303860 2.4451164372001175 4.4219303930599496
v -0.0056513193994761 0.0162087064236403 0.0114414216950536
vn 4.4217596007939299 2.9490694919708291 3.3120740873865611
v -0.0056255897507071 0.0162273682653904 0.0114000001922250
vn 4.9177127574722226 3.2805280491418993 2.0119793488670150
v -0.0056162234395742 0.0162341613322496 0.0113765364512801
vn 5.1857733422536052 3.4584043164050891 0.6149447178671927
v -0.0056038992479444 0.0162430983036757 0.0113000003620982
vn 5.5193602827693740 2.8195030589088406 0.8139206123645015
v -0.0060128085315228 0.0169114805757999 0.0113000003620982
vn 4.7008233522163128 2.4178600976245033 3.0959999669210134
v -0.0060366913676262 0.0168993305414915 0.0114000001922250
vn 2.6559340788330861 1.3766698215561683 5.3236067886791378
v -0.0061019379645586 0.0168661382049322 0.0114732049405575
vn 5.8945743524288137 1.9118937350127905 0.8203265582576960
v -0.0063122780993581 0.0176355391740799 0.0113000003620982
vn 5.0251723282530847 1.6304464308645550 3.0966140102796826
v -0.0063377656042576 0.0176272690296173 0.0114000001922250
vn 6.1208405052974397 0.9669134743826817 0.8231391512622885
v -0.0064949532970786 0.0183974914252758 0.0113000003620982
vn 5.2181891047529083 0.8253555675113214 3.0966060615723272
v -0.0065214196220040 0.0183933060616255 0.0114000001922250
vn 2.8458466333267465 0.9233508340053176 5.3199809723790583
v -0.0064073968678713 0.0176046770066023 0.0114732049405575
vn 2.9551493615450868 0.4674130539407643 5.3199860321688615
v -0.0065937256440520 0.0183818694204092 0.0114732049405575
vn -3.6513531634647451 -1.2579054376966978 3.1472015107734208
v -0.0075917784124613 0.0004314615507610 0.0070000002160668
vn -3.0990146744884868 -0.5149236553418732 3.1567395008369155
v -0.0075969686731696 0.0004612992634065 0.0070000002160668
vn -4.3046139701464519 -4.3999020045164494 -0.8075712961013124
v -0.0196017548441887 0.0111252460628748 -0.0068000000901520
vn -3.8519768433365078 -3.9379174494307629 -2.7025002290504232
v -0.0195836890488863 0.0111450348049402 -0.0068999999202788
vn -3.0812116379481465 -3.1479152356140299 -4.3841325121135712
v -0.0195622593164444 0.0111685078591108 -0.0069414214231074
vn -1.9184330770385014 -1.9596995651408071 -5.5045170249881981
v -0.0195343326777220 0.0111990980803967 -0.0069732051342726
vn -0.5815311362320194 -0.5934835742209812 -6.1712305998694479
v -0.0194669086486101 0.0112729500979185 -0.0070000002160668
vn -4.3046132102738941 -4.3999031429247379 0.8075704143882437
v -0.0196017548441887 0.0111252460628748 0.0068000000901520
vn -3.6624576333788998 -3.7435003257851136 3.0023248903824391
v -0.0195836890488863 0.0111450348049402 0.0068999999202788
vn -2.1352480812363197 -2.1810336198230709 5.2244020506610465
v -0.0195343326777220 0.0111990980803967 0.0069732051342726
vn -0.5815520981206261 -0.5934079761588338 6.1712417841811078
v -0.0194669086486101 0.0112729500979185 0.0070000002160668
vn -6.2831770902997208 -0.0050284328372731 -0.0029791254471402
v -0.0215563476085663 0.0220563486218452 -0.0068000000901520
vn -6.2831810194827256 -0.0033402767154023 0.0027308283576921
v -0.0215563476085663 0.0220563486218452 0.0068000000901520
vn -6.1517627021300907 -0.2127557298469763 0.8074217132305352
v -0.0215563476085663 0.0155563494190574 0.0068000000901520
vn -6.1517144959530778 -0.2124623649704829 -0.8076019337519023
v -0.0215563476085663 0.0155563494190574 -0.0068000000901520
vn -1.7971836415808080 1.3057305938168757 -1.5707961696762074
v -0.0094983233138919 0.0124659854918718 -0.0070000002160668
vn -3.0417342521023771 -0.7417747646719105 -2.9917569474349692
v -0.0101240612566471 0.0164167396724224 -0.0070000002160668
vn -4.9000980895879307 0.8142773107492141 -1.5707963204308908
v -0.0094983233138919 0.0124659854918718 -0.0099999997764826
vn -4.4086452836975418 -2.2886369751853080 -1.5707954956247006
v -0.0087161511182785 0.0075275436975062 -0.0099999997764826
vn -1.3057308207076797 -1.7971837867155325 -1.5707963954571125
v -0.0087161511182785 0.0075275436975062 -0.0070000002160668
vn -0.2568099624201425 -3.1203246457029428 -2.9917567990903464
v -0.0155563475564122 0.0210563503205776 -0.0070000002160668
vn -1.0726361427710476 -2.9075082009780004 -2.8419212227503472
v -0.0136527037248015 0.0207164026796818 -0.0070000002160668
vn -2.0126768365619214 -2.3565405623100357 -2.8419210813267122
v -0.0119843827560544 0.0197385828942060 -0.0070000002160668
vn -2.7039150728268733 -1.5142648218966492 -2.8419232931728446
v -0.0107576195150614 0.0182437654584646 -0.0070000002160668
vn -0.4065523140175468 -3.0880689839792663 -3.4033922448236620
v -0.0205563474446535 0.0210563503205776 -0.0070000002160668
vn -1.4540710307500739 -2.6877605149349151 -3.6157037008031412
v -0.0210563465952873 0.0211903247982264 -0.0070000002160668
vn -5.1009482931757768 -1.2708723287846881 -2.4282575246961833
v -0.0214535240083933 0.0216146763414145 -0.0069748051464558
vn -3.9906380310366427 -1.6189571633523872 -3.0075615832749349
v -0.0214227046817541 0.0215569268912077 -0.0069886706769466
vn -2.8556084365586059 -2.0967087052743709 -3.3722260381291838
v -0.0213563479483128 0.0214563496410847 -0.0070000002160668
vn -6.0999367951348589 -0.6462407720953185 -1.0302556806369099
v -0.0215318780392408 0.0218364875763655 -0.0068958587944508
vn -6.2764632180743369 -0.1492239982920398 -0.0956527636888874
v -0.0215563308447599 0.0220505762845278 -0.0068025821819901
vn -0.4065523140175466 -3.0880689839792659 3.4033922448236611
v -0.0205563474446535 0.0210563503205776 0.0070000002160668
vn -2.8685260236417958 -2.0959758453334505 3.3600794571975685
v -0.0213563479483128 0.0214563496410847 0.0070000002160668
vn -1.4487246180930051 -2.6925504919495755 3.6052367736068103
v -0.0210563465952873 0.0211903247982264 0.0070000002160668
vn -6.2764342601841960 -0.1377900708650619 0.1251524049728582
v -0.0215563308447599 0.0220505762845278 0.0068025821819901
vn -6.0997678410948675 -0.6460144266399214 1.0308928908221024
v -0.0215318780392408 0.0218364875763655 0.0068958587944508
vn -5.1104677413222532 -1.2546650692901125 2.3896114578779337
v -0.0214535240083933 0.0216146763414145 0.0069748051464558
vn -3.9739081962512186 -1.6523143796881044 2.9634774332342428
v -0.0214227046817541 0.0215569268912077 0.0069886706769466
vn -0.2568099624201425 -3.1203246457029428 2.9917567990903460
v -0.0155563475564122 0.0210563503205776 0.0070000002160668
vn -3.0417342521023771 -0.7417747646719105 2.9917569474349688
v -0.0101240612566471 0.0164167396724224 0.0070000002160668
vn -2.7039150728268728 -1.5142648218966492 2.8419232931728446
v -0.0107576195150614 0.0182437654584646 0.0070000002160668
vn -2.0126768365619214 -2.3565405623100357 2.8419210813267122
v -0.0119843827560544 0.0197385828942060 0.0070000002160668
vn -1.0726361427710474 -2.9075082009780000 2.8419212227503472
v -0.0136527037248015 0.0207164026796818 0.0070000002160668
vn -4.4086452836975427 -2.2886369751853080 1.5707954956246988
v -0.0087161511182785 0.0075275436975062 0.0099999997764826
vn -1.3057308207076797 -1.7971837867155327 1.5707963954571125
v -0.0087161511182785 0.0075275436975062 0.0070000002160668
vn -1.7971836415808085 1.3057305938168753 1.5707961696762076
v -0.0094983233138919 0.0124659854918718 0.0070000002160668
vn -4.9000980895879307 0.8142773107492143 1.5707963204308903
v -0.0094983233138919 0.0124659854918718 0.0099999997764826
vn 5.4760611248037252 -0.0000012632501070 -2.4031154378718114
v -0.0195563472807407 0.0155563494190574 -0.0068000000901520
vn 5.0026228760270515 -2.2273119920183064 -2.4031251786439372
v -0.0192105285823345 0.0171832963824272 -0.0068000000901520
vn 3.6641968492565633 -4.0695070667837223 -2.4031172135213232
v -0.0182328689843416 0.0185289289802313 -0.0068000000901520
vn 1.6921941471712183 -5.2080402782818513 -2.4031196999666578
v -0.0167924147099257 0.0193605758249760 -0.0068000000901520
vn -0.5724031249852932 -5.4460606807393459 -2.4031175610542270
v -0.0151382340118289 0.0195344369858503 -0.0068000000901520
vn -2.7380283685366442 -4.7424058997427592 -2.4031187439831321
v -0.0135563472285867 0.0190204512327909 -0.0068000000901520
vn -4.4302261685694546 -3.2187460838480506 -2.4031170964362696
v -0.0123202791437507 0.0179074909538031 -0.0068000000901520
vn -5.2792175387211309 -1.4246326312793756 -2.3613954610168326
v -0.0116437571123242 0.0163879953324795 -0.0068000000901520
vn -5.4440531066856250 0.0000006624218936 -2.3196662645097086
v -0.0115563469007611 0.0155563494190574 -0.0068000000901520
vn -5.2792189664391476 1.4246333314234514 -2.3613939422462833
v -0.0116437571123242 0.0147247025743127 -0.0068000000901520
vn -4.4302257362570590 3.2187465260232444 -2.4031168885853544
v -0.0123202791437507 0.0132052088156343 -0.0068000000901520
vn -2.7380307249250908 4.7424093902725293 -2.4031137429586273
v -0.0135563472285867 0.0120922476053238 -0.0068000000901520
vn -0.5724035079732968 5.4460608720419250 -2.4031171732419745
v -0.0151382340118289 0.0115782618522644 -0.0068000000901520
vn 1.6921932873223011 5.2080404021887610 -2.4031199489769586
v -0.0167924147099257 0.0117521230131388 -0.0068000000901520
vn 3.6641955779221704 4.0695034218809703 -2.4031215752602471
v -0.0182328689843416 0.0125837698578835 -0.0068000000901520
vn 5.0026219795692075 2.2273131899226102 -2.4031257372731405
v -0.0192105285823345 0.0139294024556875 -0.0068000000901520
vn 1.8183303530668491 -0.8095716881116588 -5.5508947536132771
v -0.0193932391703129 0.0172646436840296 -0.0070000002160668
vn 1.3318503351155302 -1.4791683016893700 -5.5508880006631411
v -0.0183666963130236 0.0186775568872690 -0.0070000002160668
vn 0.6150731363588587 -1.8929965756431495 -5.5508906401553251
v -0.0168542191386223 0.0195507872849703 -0.0070000002160668
vn -0.2080558392047306 -1.9795137140407753 -5.5508884851934317
v -0.0151173276826739 0.0197333414107561 -0.0070000002160668
vn -0.9952074521250414 -1.7237513201400620 -5.5508895419364510
v -0.0134563473984599 0.0191936567425728 -0.0070000002160668
vn -1.6102817568506085 -1.1699378049234863 -5.5508883691060511
v -0.0121584758162498 0.0180250480771065 -0.0070000002160668
vn -1.9849746741540621 -0.5247688878908923 -5.5064605277034229
v -0.0114481272175908 0.0164295788854361 -0.0070000002160668
vn -2.1109979240639229 0.0000006899920213 -5.4620256865348233
v -0.0113563472405076 0.0155563494190574 -0.0070000002160668
vn -1.9849757720348020 0.5247677479442530 -5.5064597968119324
v -0.0114481272175908 0.0146831199526787 -0.0070000002160668
vn -1.6102820125444393 1.1699384653570217 -5.5508879554706629
v -0.0121584758162498 0.0130876516923308 -0.0070000002160668
vn -0.9952101148675302 1.7237547705557157 -5.5508858838871804
v -0.0134563473984599 0.0119190430268645 -0.0070000002160668
vn -0.2080560944117678 1.9795133246581260 -5.5508887300297944
v -0.0151173276826739 0.0113793574273586 -0.0070000002160668
vn 0.6150726242309188 1.8929969895621062 -5.5508904823314760
v -0.0168542191386223 0.0115619115531445 -0.0070000002160668
vn 1.3318476189834119 1.4791654040877706 -5.5508913195222860
v -0.0183666963130236 0.0124351410195231 -0.0070000002160668
vn 1.8183304409059053 0.8095727385876348 -5.5508944028171925
v -0.0193932391703129 0.0138480551540852 -0.0070000002160668
vn 1.9904199350122387 -0.0000008306082218 -5.5508864272394458
v -0.0197563469409943 0.0155563494190574 -0.0070000002160668
vn -0.8293478422445100 -0.0310105096792804 -6.1715079341125936
v -0.0213563479483128 0.0155563494190574 -0.0070000002160668
vn -1.3057308031132044 -1.7971838978027233 -4.7123888401201341
v -0.0092099951580167 0.0074493265710771 -0.0070000002160668
vn -0.7208457915285991 -0.4458438312299889 -6.1663462903912505
v -0.0204890910536051 0.0125054419040680 -0.0070000002160668
vn -0.7754887593233716 -0.3420737766888144 -6.1663459750750160
v -0.0208630058914423 0.0132155437022448 -0.0070000002160668
vn -1.7971836457224410 1.3057306199661203 -4.7123891206487443
v -0.0099921673536301 0.0123877683654428 -0.0070000002160668
vn -0.8152932390802707 -0.2317573259264121 -6.1663431097645081
v -0.0211353227496147 0.0139704607427120 -0.0070000002160668
vn -0.8394641711618381 -0.1169954821918215 -6.1663475174826026
v -0.0213008243590593 0.0147557407617569 -0.0070000002160668
vn -0.6524109115363933 -0.5410860987106305 -6.1663431833567550
v -0.0200207363814116 0.0118537517264485 -0.0070000002160668
vn 5.3237714264369282 -1.1316026960760150 2.3616122898477827
v -0.0194689370691776 0.0163879953324795 0.0068000000901520
vn 4.4032424110068655 -3.1991440868163532 2.3616145563505269
v -0.0187924150377512 0.0179074909538031 0.0068000000901520
vn 5.3786528623795560 -2.3947273795031441 1.7009793583614905
v -0.0192105285823345 0.0171832963824272 0.0068000000901520
vn 2.7213557780713069 -4.7135245764177167 2.3616112319164375
v -0.0175563469529152 0.0190204512327909 0.0068000000901520
vn 3.9396168075712397 -4.3753903999063448 1.7009793165858171
v -0.0182328689843416 0.0185289289802313 0.0068000000901520
vn 0.5689188572226831 -5.4128960874701928 2.3616087887423260
v -0.0159744620323181 0.0195344369858503 0.0068000000901520
vn 1.8193897719142009 -5.5995082269355185 1.7009721306548484
v -0.0167924147099257 0.0193605758249760 0.0068000000901520
vn -1.6818888010868498 -5.1763257998492787 2.3616108628434187
v -0.0143202794715762 0.0193605758249760 0.0068000000901520
vn -0.6154275195695624 -5.8554162932258311 1.7009749468546018
v -0.0151382340118289 0.0195344369858503 0.0068000000901520
vn -3.6418855702205426 -4.0447263168650585 2.3616051527272912
v -0.0128798251971602 0.0185289289802313 0.0068000000901520
vn -2.9438383979272698 -5.0988737562148243 1.7009679936783972
v -0.0135563472285867 0.0190204512327909 0.0068000000901520
vn -4.9721672059835944 -2.2137484716199225 2.3616074286686413
v -0.0119021655991673 0.0171832963824272 0.0068000000901520
vn -4.7632292313697935 -3.4606897252891562 1.7009641757577429
v -0.0123202791437507 0.0179074909538031 0.0068000000901520
vn -5.4427137230463405 -0.0000003176008611 2.3616082683265689
v -0.0115563469007611 0.0155563494190574 0.0068000000901520
vn -5.7590104142468430 -1.2241165470186499 1.7009725916346772
v -0.0116437571123242 0.0163879953324795 0.0068000000901520
vn -4.9721662408537632 2.2137507843472797 2.3616074836426333
v -0.0119021655991673 0.0139294024556875 0.0068000000901520
vn -5.7590113346386325 1.2241172073061253 1.7009709750506270
v -0.0116437571123242 0.0147247025743127 0.0068000000901520
vn -3.6418849629645917 4.0447219934962408 2.3616098733287592
v -0.0128798251971602 0.0125837698578835 0.0068000000901520
vn -4.7632262403672030 3.4606861656935655 1.7009716740060579
v -0.0123202791437507 0.0132052088156343 0.0068000000901520
vn -1.6818888010868496 5.1763257998492787 2.3616108628434187
v -0.0143202794715762 0.0117521230131388 0.0068000000901520
vn -2.9438363195823345 5.0988722723175286 1.7009723015469556
v -0.0135563472285867 0.0120922476053238 0.0068000000901520
vn 0.5689188572226831 5.4128960874701928 2.3616087887423260
v -0.0159744620323181 0.0115782618522644 0.0068000000901520
vn -0.6154275195695624 5.8554162932258302 1.7009749468546016
v -0.0151382340118289 0.0115782618522644 0.0068000000901520
vn 2.7213577620411908 4.7135285588300651 2.3616063181384250
v -0.0175563469529152 0.0120922476053238 0.0068000000901520
vn 1.8193916712322438 5.5995102939185513 1.7009673989412311
v -0.0167924147099257 0.0117521230131388 0.0068000000901520
vn 4.4032424403127823 3.1991434729112949 2.3616137271748716
v -0.0187924150377512 0.0132052088156343 0.0068000000901520
vn 3.9396203583907523 4.3753924003161364 1.7009726527512032
v -0.0182328689843416 0.0125837698578835 0.0068000000901520
vn 5.8876724589677769 -0.0000002081697048 1.7009706672509040
v -0.0195563472807407 0.0155563494190574 0.0068000000901520
vn 5.3237723456937260 1.1316040727324652 2.3616114034727365
v -0.0194689370691776 0.0147247025743127 0.0068000000901520
vn 5.3786529588742171 2.3947297603592750 1.7009775400344367
v -0.0192105285823345 0.0139294024556875 0.0068000000901520
vn -1.9193136882850848 0.8545335957630817 5.4655687925037668
v -0.0117194568738341 0.0138480551540852 0.0070000002160668
vn -2.1009497266715211 -0.0000001138890670 5.4655693481512913
v -0.0113563472405076 0.0155563494190574 0.0070000002160668
vn -1.4058091039702751 1.5613085489515242 5.4655707786733672
v -0.0127459987998009 0.0124351410195231 0.0070000002160668
vn -0.6492281078546536 1.9981198140948844 5.4655715347895981
v -0.0142584759742022 0.0115619115531445 0.0070000002160668
vn 0.2196084630358638 2.0894400068650483 5.4655699447049715
v -0.0159953664988279 0.0113793574273586 0.0070000002160668
vn 1.0504759554225382 1.8194772651359452 5.4655678218412014
v -0.0176563467830420 0.0119190430268645 0.0070000002160668
vn 1.6997000769545145 1.2349041585822331 5.4655740132882737
v -0.0189542192965746 0.0130876516923308 0.0070000002160668
vn 2.0550360276899093 0.4368118343432257 5.4655721192927897
v -0.0196645669639111 0.0146831199526787 0.0070000002160668
vn 2.0550351858608704 -0.4368118568199983 5.4655728945458186
v -0.0196645669639111 0.0164295788854361 0.0070000002160668
vn 1.6996994406340535 -1.2349038657926532 5.4655745756154834
v -0.0189542192965746 0.0180250480771065 0.0070000002160668
vn 1.0504734117849752 -1.8194735571834826 5.4655718979087116
v -0.0176563467830420 0.0191936567425728 0.0070000002160668
vn 0.2196083563882893 -2.0894400463665579 5.4655699361810859
v -0.0159953664988279 0.0197333414107561 0.0070000002160668
vn -0.6492281953663691 -1.9981197587203146 5.4655715425513742
v -0.0142584759742022 0.0195507872849703 0.0070000002160668
vn -1.4058117870085058 -1.5613118485595674 5.4655669579103474
v -0.0127459987998009 0.0186775568872690 0.0070000002160668
vn -1.9193140427244364 -0.8545330590338382 5.4655686998880348
v -0.0117194568738341 0.0172646436840296 0.0070000002160668
vn -1.3057308031132047 -1.7971838978027228 4.7123888401201350
v -0.0092099951580167 0.0074493265710771 0.0070000002160668
vn -0.8303505103855752 -0.0293901195560611 6.1712401524981075
v -0.0213563479483128 0.0155563494190574 0.0070000002160668
vn -0.8394639624602043 -0.1169972757845303 6.1663475052784111
v -0.0213008243590593 0.0147557407617569 0.0070000002160668
vn -0.6524117949063954 -0.5410851971529503 6.1663431521816978
v -0.0200207363814116 0.0118537517264485 0.0070000002160668
vn -1.7971836457224408 1.3057306199661203 4.7123891206487443
v -0.0099921673536301 0.0123877683654428 0.0070000002160668
vn -0.8152938393161697 -0.2317558452754031 6.1663430582580894
v -0.0211353227496147 0.0139704607427120 0.0070000002160668
vn -0.7754881199860471 -0.3420741055040547 6.1663461101021131
v -0.0208630058914423 0.0132155437022448 0.0070000002160668
vn -0.7208456873801867 -0.4458447170100482 6.1663461777235211
v -0.0204890910536051 0.0125054419040680 0.0070000002160668
vn -4.0239557543486342 -3.3221371831582700 -2.9647159622326873
v -0.0201540570706129 0.0117431813850999 -0.0068999999202788
vn -4.7163302535974028 -3.9115512012201847 -0.8020139096109788
v -0.0201746802777052 0.0117260757833719 -0.0068000000901520
vn -2.3644729123008461 -1.9437262071850767 -5.1990819535738595
v -0.0200977083295584 0.0117899142205715 -0.0069732051342726
vn -5.2111191571896089 -3.2230828943668914 -0.8020074686895254
v -0.0206591859459877 0.0124002387747169 -0.0068000000901520
vn -4.4326058179299554 -2.7415718373280500 -2.9701504216286607
v -0.0206363983452320 0.0124143324792385 -0.0068999999202788
vn -5.6061239650562467 -2.4729009190189482 -0.8020506364815163
v -0.0210459940135479 0.0131348259747028 -0.0068000000901520
vn -4.7686216408895934 -2.1034722192564139 -2.9701777226928794
v -0.0210214778780937 0.0131456404924393 -0.0068999999202788
vn -5.8938112837557455 -1.6753890765740285 -0.8020302086740101
v -0.0213277004659176 0.0139157753437757 -0.0068000000901520
vn -5.0133125256855866 -1.4250936778797034 -2.9701697918137606
v -0.0213019270449877 0.0139231020584702 -0.0068999999202788
vn -6.0686478055346056 -0.8457878370491152 -0.8020544625996335
v -0.0214989110827446 0.0147281335666776 -0.0068000000901520
vn -5.1620409069723774 -0.7194313326613712 -2.9701878165307276
v -0.0214723721146584 0.0147318327799439 -0.0068999999202788
vn -5.2338673432881224 -0.1805009342477019 -3.0024771876173699
v -0.0215295515954494 0.0155563494190574 -0.0068999999202788
vn -2.6077758886522751 -1.6129112963730596 -5.1927838905767736
v -0.0205741394311190 0.0124528398737311 -0.0069732051342726
vn -2.8054695783032404 -1.2375138079336814 -5.1927637437175997
v -0.0209545008838177 0.0131751848384738 -0.0069732051342726
vn -2.9494259008185191 -0.8384086418580418 -5.1927809453574554
v -0.0212315116077662 0.0139431180432439 -0.0069732051342726
vn -3.0369213142909963 -0.4232543227954021 -5.1927715008121726
v -0.0213998686522245 0.0147419376298785 -0.0069732051342726
vn -3.0515351538166406 -0.1077243874505042 -5.2239929363996040
v -0.0214563477784395 0.0155563494190574 -0.0069732051342726
vn -4.0117270232763964 -3.3271771742288756 2.9701694549223050
v -0.0201540570706129 0.0117431813850999 0.0068999999202788
vn -2.3601657233880466 -1.9574365589930061 5.1927996112497192
v -0.0200977083295584 0.0117899142205715 0.0069732051342726
vn -2.6077738417112482 -1.6129113268040445 5.1927855513784031
v -0.0205741394311190 0.0124528398737311 0.0069732051342726
vn -2.8054711600414395 -1.2375112026532826 5.1927636985771688
v -0.0209545008838177 0.0131751848384738 0.0069732051342726
vn -2.9494256000664594 -0.8384100294981632 5.1927806819957638
v -0.0212315116077662 0.0139431180432439 0.0069732051342726
vn -3.0369204656911686 -0.4232551997126344 5.1927723005827060
v -0.0213998686522245 0.0147419376298785 0.0069732051342726
vn -3.0505762516302877 -0.1060209924544288 5.2242191254216559
v -0.0214563477784395 0.0155563494190574 0.0069732051342726
vn -4.4326087752570817 -2.7415705076861872 2.9701473838095840
v -0.0206363983452320 0.0124143324792385 0.0068999999202788
vn -4.7686213862747282 -2.1034733391411855 2.9701767167376882
v -0.0210214778780937 0.0131456404924393 0.0068999999202788
vn -5.0133124717600683 -1.4250929179199292 2.9701698145058639
v -0.0213019270449877 0.0139231020584702 0.0068999999202788
vn -5.1620418998505775 -0.7194318853308420 2.9701853991415543
v -0.0214723721146584 0.0147318327799439 0.0068999999202788
vn -5.2337757657006616 -0.1806951981735185 3.0027005640882001
v -0.0215295515954494 0.0155563494190574 0.0068999999202788
vn -4.7163312416622922 -3.9115506218830234 0.8020128606127976
v -0.0201746802777052 0.0117260757833719 0.0068000000901520
vn -5.2111201838777443 -3.2230801015121786 0.8020090687016149
v -0.0206591859459877 0.0124002387747169 0.0068000000901520
vn -5.6061220556963809 -2.4729044181820026 0.8020515351881778
v -0.0210459940135479 0.0131348259747028 0.0068000000901520
vn -5.8938120116730870 -1.6753862086683726 0.8020304341817176
v -0.0213277004659176 0.0139157753437757 0.0068000000901520
vn -6.0686470857187462 -0.8457885632220179 0.8020561075502173
v -0.0214989110827446 0.0147281335666776 0.0068000000901520
vn -1.3057308031132044 -1.7971838978027233 1.5707964670589507
v -0.0092099951580167 0.0074493265710771 0.0099999997764826
vn -1.7971836457224410 1.3057306199661201 1.5707961865308420
v -0.0099921673536301 0.0123877683654428 0.0099999997764826
vn -1.7971836457224408 1.3057306199661203 -1.5707961865308437
v -0.0099921673536301 0.0123877683654428 -0.0099999997764826
vn -1.3057308031132047 -1.7971838978027230 -1.5707964670589512
v -0.0092099951580167 0.0074493265710771 -0.0099999997764826
vn -2.2831853964222155 -2.0227257527760294 2.6582717887044436
v -0.0132359638810158 0.0176120288670063 -0.0010000000474975
vn -2.9502141720561781 -0.9193244428764309 2.7791004391071272
v -0.0125464275479317 0.0162982288748026 -0.0010000000474975
vn -2.9605513116507769 -0.7730899210786943 -2.7129799443933447
v -0.0125464275479317 0.0162982288748026 0.0010000000474975
vn -3.1177366447065618 0.0000002298026480 2.8679970180332282
v -0.0124563472345471 0.0155563494190574 -0.0010000000474975
vn -2.9605517369821559 0.7730891140839236 -2.7129805461912775
v -0.0125464275479317 0.0148144708946347 0.0010000000474975
vn -2.9502145694844950 0.9193238656843081 2.7791011727142951
v -0.0125464275479317 0.0148144708946347 -0.0010000000474975
vn -2.2831851545021822 2.0227254022922008 -2.6582706887412222
v -0.0132359638810158 0.0135006690397859 0.0010000000474975
vn -2.2831851545021822 2.0227254022922008 2.6582706887412213
v -0.0132359638810158 0.0135006690397859 -0.0010000000474975
vn -1.0816518596029217 2.8520835569439051 -2.6582701909275754
v -0.0144570721313357 0.0126577988266945 0.0010000000474975
vn -1.0816518596029212 2.8520835569439047 2.6582701909275759
v -0.0144570721313357 0.0126577988266945 -0.0010000000474975
vn 0.3676736482474399 3.0280638515961149 -2.6582716036357623
v -0.0159300118684769 0.0124789522960782 0.0010000000474975
vn 0.3676736482474399 3.0280638515961154 2.6582716036357623
v -0.0159300118684769 0.0124789522960782 -0.0010000000474975
vn 1.7327698875060347 2.5103503815281671 -2.6582698246088912
v -0.0173173490911722 0.0130050992593169 0.0010000000474975
vn 1.7327698875060347 2.5103503815281671 2.6582698246088912
v -0.0173173490911722 0.0130050992593169 -0.0010000000474975
vn 2.7009104849319154 1.4175453710183497 -2.6582706118628052
v -0.0183012615889311 0.0141157079488039 0.0010000000474975
vn 2.7009104849319154 1.4175453710183497 2.6582706118628057
v -0.0183012615889311 0.0141157079488039 -0.0010000000474975
vn 3.0503041101710782 0.0000000000000001 -2.6582718493798088
v -0.0186563469469547 0.0155563494190574 0.0010000000474975
vn 3.0503041101710777 -0.0000000000000001 2.6582718493798092
v -0.0186563469469547 0.0155563494190574 -0.0010000000474975
vn 2.7009100513763773 -1.4175458604016513 -2.6582701956349659
v -0.0183012615889311 0.0169969908893108 0.0010000000474975
vn 2.7009100513763773 -1.4175458604016513 2.6582701956349655
v -0.0183012615889311 0.0169969908893108 -0.0010000000474975
vn 1.7327711779031756 -2.5103502171021015 -2.6582714146157382
v -0.0173173490911722 0.0181075986474752 0.0010000000474975
vn 1.7327711779031756 -2.5103502171021015 2.6582714146157382
v -0.0173173490911722 0.0181075986474752 -0.0010000000474975
vn 0.3676744005704464 -3.0280630798097228 -2.6582698067549937
v -0.0159300118684769 0.0186337474733591 0.0010000000474975
vn 0.3676744005704463 -3.0280630798097223 2.6582698067549937
v -0.0159300118684769 0.0186337474733591 -0.0010000000474975
vn -1.0816534990220386 -2.8520829780248280 -2.6582702974602217
v -0.0144570721313357 0.0184549000114202 0.0010000000474975
vn -1.0816534990220386 -2.8520829780248276 2.6582702974602213
v -0.0144570721313357 0.0184549000114202 -0.0010000000474975
vn -2.2831853964222155 -2.0227257527760294 -2.6582717887044436
v -0.0132359638810158 0.0176120288670063 0.0010000000474975
vn -3.0345455983423157 0.0000003532675306 3.6651911375649311
v -0.0175563469529152 0.0155563494190574 -0.0010000000474975
vn -2.6279934863819023 1.5172726952890156 -3.6651914585843741
v -0.0172883979976177 0.0165563486516476 0.0010000000474975
vn -2.6279934863819023 1.5172726952890159 3.6651914585843741
v -0.0172883979976177 0.0165563486516476 -0.0010000000474975
vn -1.5172726952890156 2.6279934863819023 -3.6651914585843746
v -0.0165563467890024 0.0172883998602629 0.0010000000474975
vn -1.5172726952890156 2.6279934863819023 3.6651914585843750
v -0.0165563467890024 0.0172883998602629 -0.0010000000474975
vn -0.0000003532675306 3.0345455983423157 -3.6651911375649306
v -0.0155563475564122 0.0175563488155603 0.0010000000474975
vn -0.0000003532675306 3.0345455983423157 3.6651911375649311
v -0.0155563475564122 0.0175563488155603 -0.0010000000474975
vn 1.5172730485564998 2.6279928745041321 -3.6651923275201752
v -0.0145563473924994 0.0172883998602629 0.0010000000474975
vn 1.5172730485565000 2.6279928745041321 3.6651923275201748
v -0.0145563473924994 0.0172883998602629 -0.0010000000474975
vn 2.6279938396486004 1.5172733071667233 -3.6651899535429004
v -0.0138242971152067 0.0165563486516476 0.0010000000474975
vn 2.6279938396485996 1.5172733071667233 3.6651899535429004
v -0.0138242971152067 0.0165563486516476 -0.0010000000474975
vn 3.0345448918062736 0.0000003532685117 -3.6651928754367695
v -0.0135563472285867 0.0155563494190574 0.0010000000474975
vn 3.0345448918062736 0.0000003532685118 3.6651928754367695
v -0.0135563472285867 0.0155563494190574 -0.0010000000474975
vn 2.6279932277718716 -1.5172736604336761 -3.6651908224794010
v -0.0138242971152067 0.0145563492551446 0.0010000000474975
vn 2.6279932277718716 -1.5172736604336761 3.6651908224794019
v -0.0138242971152067 0.0145563492551446 -0.0010000000474975
vn 1.5172736604336761 -2.6279932277718716 -3.6651908224794014
v -0.0145563473924994 0.0138242989778519 0.0010000000474975
vn 1.5172736604336758 -2.6279932277718716 3.6651908224794019
v -0.0145563473924994 0.0138242989778519 -0.0010000000474975
vn -0.0000003532685117 -3.0345448918062736 -3.6651928754367700
v -0.0155563475564122 0.0135563490912318 0.0010000000474975
vn -0.0000003532685117 -3.0345448918062736 3.6651928754367700
v -0.0155563475564122 0.0135563490912318 -0.0010000000474975
vn -1.5172733071667233 -2.6279938396485996 -3.6651899535429004
v -0.0165563467890024 0.0138242989778519 0.0010000000474975
vn -1.5172733071667235 -2.6279938396486000 3.6651899535429004
v -0.0165563467890024 0.0138242989778519 -0.0010000000474975
vn -2.6279928745041321 -1.5172730485565000 -3.6651923275201748
v -0.0172883979976177 0.0145563492551446 0.0010000000474975
vn -2.6279928745041321 -1.5172730485564998 3.6651923275201752
v -0.0172883979976177 0.0145563492551446 -0.0010000000474975
vn -3.0345455983423157 0.0000003532675306 -3.6651911375649311
v -0.0175563469529152 0.0155563494190574 0.0010000000474975
# 1817 vertices, 0 vertices normals

f 1//1 2//2 3//3
f 4//4 5//5 3//3
f 3//3 5//5 6//6
f 3//3 6//6 1//1
f 2//2 7//7 3//3
f 3//3 7//7 8//8
f 3//3 8//8 9//9
f 4//4 3//3 10//10
f 10//10 3//3 9//9
f 10//10 9//9 11//11
f 11//11 9//9 12//12
f 11//11 12//12 13//13
f 14//14 15//15 16//16
f 16//16 15//15 17//17
f 16//16 17//17 18//18
f 18//18 19//19 16//16
f 16//16 19//19 20//20
f 16//16 20//20 21//21
f 12//12 14//14 13//13
f 13//13 14//14 16//16
f 13//13 16//16 22//22
f 22//22 16//16 21//21
f 23//23 24//24 25//25
f 25//25 24//24 26//26
f 25//25 26//26 27//27
f 27//27 26//26 28//28
f 27//27 28//28 29//29
f 29//29 28//28 30//30
f 29//29 30//30 31//31
f 31//31 30//30 32//32
f 31//31 32//32 33//33
f 33//33 32//32 34//34
f 33//33 34//34 35//35
f 35//35 34//34 36//36
f 35//35 36//36 37//37
f 37//37 36//36 38//38
f 37//37 38//38 39//39
f 39//39 38//38 40//40
f 39//39 40//40 41//41
f 41//41 40//40 42//42
f 41//41 42//42 43//43
f 43//43 42//42 44//44
f 43//43 44//44 45//45
f 45//45 44//44 46//46
f 45//45 46//46 23//23
f 23//23 46//46 24//24
f 31//31 33//33 47//47
f 47//47 33//33 35//35
f 47//47 35//35 37//37
f 25//25 27//27 47//47
f 47//47 27//27 29//29
f 47//47 29//29 31//31
f 43//43 45//45 47//47
f 47//47 45//45 23//23
f 47//47 23//23 25//25
f 37//37 39//39 47//47
f 47//47 39//39 41//41
f 47//47 41//41 43//43
f 48//48 49//49 50//50
f 49//49 51//51 50//50
f 50//50 51//51 52//52
f 50//50 52//52 53//53
f 53//53 52//52 54//54
f 53//53 54//54 55//55
f 55//55 54//54 56//56
f 55//55 56//56 57//57
f 57//57 56//56 58//58
f 57//57 58//58 59//59
f 59//59 58//58 60//60
f 59//59 60//60 61//61
f 61//61 60//60 62//62
f 61//61 62//62 63//63
f 63//63 62//62 64//64
f 63//63 64//64 65//65
f 65//65 64//64 66//66
f 65//65 66//66 67//67
f 67//67 66//66 68//68
f 67//67 68//68 69//69
f 69//69 68//68 70//70
f 69//69 70//70 71//71
f 71//71 70//70 72//72
f 71//71 72//72 73//73
f 73//73 72//72 48//48
f 73//73 48//48 74//74
f 74//74 48//48 50//50
f 56//56 75//75 58//58
f 58//58 75//75 76//76
f 58//58 76//76 60//60
f 60//60 76//76 77//77
f 60//60 77//77 62//62
f 62//62 77//77 78//78
f 62//62 78//78 64//64
f 64//64 78//78 79//79
f 64//64 79//79 66//66
f 66//66 79//79 80//80
f 66//66 80//80 68//68
f 80//80 81//81 68//68
f 68//68 81//81 82//82
f 68//68 82//82 70//70
f 70//70 82//82 83//83
f 70//70 83//83 72//72
f 72//72 83//83 84//84
f 72//72 84//84 48//48
f 48//48 84//84 85//85
f 48//48 85//85 49//49
f 49//49 85//85 86//86
f 49//49 86//86 51//51
f 51//51 86//86 87//87
f 51//51 87//87 52//52
f 52//52 87//87 88//88
f 52//52 88//88 54//54
f 54//54 88//88 89//89
f 54//54 89//89 56//56
f 56//56 89//89 90//90
f 56//56 90//90 75//75
f 91//91 92//92 86//86
f 86//86 92//92 87//87
f 92//92 93//93 87//87
f 87//87 93//93 94//94
f 87//87 94//94 88//88
f 88//88 94//94 95//95
f 88//88 95//95 89//89
f 89//89 95//95 96//96
f 89//89 96//96 90//90
f 90//90 96//96 97//97
f 90//90 97//97 75//75
f 75//75 97//97 98//98
f 75//75 98//98 76//76
f 76//76 98//98 99//99
f 76//76 99//99 77//77
f 77//77 99//99 100//100
f 77//77 100//100 78//78
f 78//78 100//100 101//101
f 78//78 101//101 79//79
f 79//79 101//101 102//102
f 79//79 102//102 80//80
f 80//80 102//102 103//103
f 80//80 103//103 81//81
f 81//81 103//103 104//104
f 81//81 104//104 82//82
f 82//82 104//104 105//105
f 82//82 105//105 83//83
f 83//83 105//105 106//106
f 83//83 106//106 84//84
f 84//84 106//106 91//91
f 84//84 91//91 85//85
f 85//85 91//91 86//86
f 107//107 91//91 108//108
f 108//108 91//91 106//106
f 108//108 106//106 109//109
f 109//109 106//106 105//105
f 109//109 105//105 110//110
f 110//110 105//105 104//104
f 110//110 104//104 111//111
f 112//112 93//93 107//107
f 107//107 93//93 92//92
f 107//107 92//92 91//91
f 113//113 98//98 114//114
f 114//114 98//98 97//97
f 114//114 97//97 115//115
f 115//115 97//97 96//96
f 115//115 96//96 116//116
f 116//116 96//96 95//95
f 116//116 95//95 112//112
f 112//112 95//95 94//94
f 112//112 94//94 93//93
f 104//104 103//103 111//111
f 111//111 103//103 102//102
f 111//111 102//102 117//117
f 117//117 102//102 101//101
f 117//117 101//101 118//118
f 118//118 101//101 100//100
f 118//118 100//100 113//113
f 113//113 100//100 99//99
f 113//113 99//99 98//98
f 119//119 120//120 121//121
f 121//121 120//120 122//122
f 120//120 123//123 122//122
f 122//122 123//123 124//124
f 122//122 124//124 125//125
f 125//125 124//124 126//126
f 125//125 126//126 127//127
f 127//127 126//126 128//128
f 127//127 128//128 129//129
f 129//129 128//128 130//130
f 129//129 130//130 131//131
f 131//131 130//130 132//132
f 131//131 132//132 133//133
f 133//133 132//132 134//134
f 133//133 134//134 135//135
f 135//135 134//134 136//136
f 135//135 136//136 137//137
f 137//137 136//136 138//138
f 137//137 138//138 139//139
f 139//139 138//138 140//140
f 139//139 140//140 141//141
f 141//141 140//140 142//142
f 141//141 142//142 143//143
f 143//143 142//142 144//144
f 143//143 144//144 145//145
f 145//145 144//144 119//119
f 145//145 119//119 146//146
f 146//146 119//119 121//121
f 140//140 138//138 147//147
f 147//147 138//138 148//148
f 148//148 138//138 136//136
f 148//148 136//136 149//149
f 149//149 136//136 134//134
f 149//149 134//134 150//150
f 150//150 134//134 132//132
f 150//150 132//132 151//151
f 151//151 132//132 130//130
f 151//151 130//130 152//152
f 152//152 130//130 128//128
f 152//152 128//128 153//153
f 153//153 128//128 154//154
f 154//154 128//128 126//126
f 154//154 126//126 155//155
f 155//155 126//126 124//124
f 155//155 124//124 156//156
f 147//147 157//157 140//140
f 140//140 157//157 158//158
f 140//140 158//158 142//142
f 142//142 158//158 159//159
f 142//142 159//159 144//144
f 144//144 159//159 160//160
f 144//144 160//160 119//119
f 119//119 160//160 161//161
f 119//119 161//161 120//120
f 120//120 161//161 156//156
f 120//120 156//156 123//123
f 123//123 156//156 124//124
f 149//149 162//162 148//148
f 148//148 162//162 163//163
f 148//148 163//163 147//147
f 147//147 163//163 164//164
f 147//147 164//164 157//157
f 157//157 164//164 165//165
f 157//157 165//165 158//158
f 158//158 165//165 166//166
f 158//158 166//166 159//159
f 159//159 166//166 167//167
f 159//159 167//167 160//160
f 160//160 167//167 168//168
f 160//160 168//168 161//161
f 161//161 168//168 169//169
f 161//161 169//169 156//156
f 156//156 169//169 170//170
f 156//156 170//170 155//155
f 155//155 170//170 171//171
f 155//155 171//171 154//154
f 154//154 171//171 172//172
f 154//154 172//172 153//153
f 153//153 172//172 173//173
f 153//153 173//173 152//152
f 152//152 173//173 174//174
f 152//152 174//174 151//151
f 151//151 174//174 175//175
f 151//151 175//175 150//150
f 150//150 175//175 176//176
f 150//150 176//176 149//149
f 149//149 176//176 162//162
f 177//177 168//168 178//178
f 178//178 168//168 167//167
f 178//178 167//167 179//179
f 179//179 167//167 166//166
f 179//179 166//166 180//180
f 180//180 166//166 165//165
f 180//180 165//165 181//181
f 182//182 173//173 183//183
f 183//183 173//173 172//172
f 183//183 172//172 184//184
f 184//184 172//172 171//171
f 184//184 171//171 185//185
f 185//185 171//171 170//170
f 185//185 170//170 177//177
f 177//177 170//170 169//169
f 177//177 169//169 168//168
f 165//165 164//164 181//181
f 181//181 164//164 163//163
f 181//181 163//163 186//186
f 186//186 163//163 162//162
f 186//186 162//162 187//187
f 187//187 162//162 176//176
f 187//187 176//176 188//188
f 188//188 176//176 175//175
f 188//188 175//175 182//182
f 182//182 175//175 174//174
f 182//182 174//174 173//173
f 118//118 178//178 117//117
f 117//117 178//178 179//179
f 117//117 179//179 111//111
f 111//111 179//179 180//180
f 111//111 180//180 110//110
f 110//110 180//180 181//181
f 110//110 181//181 109//109
f 109//109 181//181 186//186
f 109//109 186//186 108//108
f 108//108 186//186 187//187
f 108//108 187//187 107//107
f 107//107 187//187 188//188
f 107//107 188//188 112//112
f 112//112 188//188 182//182
f 112//112 182//182 116//116
f 116//116 182//182 183//183
f 116//116 183//183 115//115
f 115//115 183//183 184//184
f 115//115 184//184 114//114
f 114//114 184//184 185//185
f 114//114 185//185 113//113
f 113//113 185//185 177//177
f 113//113 177//177 118//118
f 118//118 177//177 178//178
f 189//189 190//190 191//191
f 192//192 193//193 191//191
f 191//191 193//193 194//194
f 191//191 194//194 189//189
f 190//190 195//195 191//191
f 191//191 195//195 196//196
f 191//191 196//196 197//197
f 192//192 191//191 198//198
f 198//198 191//191 197//197
f 198//198 197//197 199//199
f 199//199 197//197 200//200
f 199//199 200//200 201//201
f 202//202 203//203 204//204
f 204//204 203//203 205//205
f 204//204 205//205 206//206
f 206//206 207//207 204//204
f 204//204 207//207 208//208
f 204//204 208//208 209//209
f 200//200 202//202 201//201
f 201//201 202//202 204//204
f 201//201 204//204 210//210
f 210//210 204//204 209//209
f 211//211 212//212 213//213
f 213//213 212//212 214//214
f 213//213 214//214 215//215
f 215//215 214//214 216//216
f 215//215 216//216 217//217
f 217//217 216//216 218//218
f 217//217 218//218 219//219
f 219//219 218//218 220//220
f 219//219 220//220 221//221
f 221//221 220//220 222//222
f 221//221 222//222 223//223
f 223//223 222//222 224//224
f 223//223 224//224 225//225
f 225//225 224//224 226//226
f 225//225 226//226 227//227
f 227//227 226//226 228//228
f 227//227 228//228 229//229
f 229//229 228//228 230//230
f 229//229 230//230 231//231
f 231//231 230//230 232//232
f 231//231 232//232 233//233
f 233//233 232//232 234//234
f 233//233 234//234 211//211
f 211//211 234//234 212//212
f 226//226 224//224 235//235
f 235//235 224//224 222//222
f 235//235 222//222 220//220
f 232//232 230//230 235//235
f 235//235 230//230 228//228
f 235//235 228//228 226//226
f 214//214 212//212 235//235
f 235//235 212//212 234//234
f 235//235 234//234 232//232
f 220//220 218//218 235//235
f 235//235 218//218 216//216
f 235//235 216//216 214//214
f 236//236 237//237 238//238
f 239//239 240//240 241//241
f 241//241 240//240 242//242
f 238//238 243//243 236//236
f 236//236 243//243 244//244
f 236//236 244//244 242//242
f 242//242 244//244 245//245
f 242//242 245//245 241//241
f 246//246 247//247 248//248
f 248//248 249//249 246//246
f 246//246 249//249 250//250
f 246//246 250//250 251//251
f 252//252 253//253 254//254
f 254//254 253//253 251//251
f 254//254 251//251 255//255
f 255//255 251//251 250//250
f 255//255 250//250 256//256
f 256//256 250//250 257//257
f 240//240 239//239 258//258
f 259//259 238//238 237//237
f 240//240 258//258 237//237
f 237//237 258//258 259//259
f 259//259 258//258 260//260
f 259//259 260//260 261//261
f 260//260 253//253 252//252
f 252//252 256//256 260//260
f 260//260 256//256 257//257
f 260//260 257//257 261//261
f 261//261 257//257 248//248
f 261//261 248//248 247//247
f 262//262 263//263 264//264
f 264//264 263//263 265//265
f 266//266 267//267 268//268
f 268//268 267//267 269//269
f 268//268 269//269 270//270
f 271//271 272//272 273//273
f 274//274 275//275 276//276
f 276//276 275//275 277//277
f 276//276 277//277 266//266
f 266//266 277//277 278//278
f 266//266 278//278 267//267
f 274//274 279//279 275//275
f 275//275 279//279 280//280
f 275//275 280//280 281//281
f 281//281 280//280 282//282
f 283//283 284//284 270//270
f 270//270 284//284 285//285
f 270//270 285//285 286//286
f 286//286 285//285 287//287
f 286//286 287//287 266//266
f 266//266 287//287 288//288
f 266//266 288//288 276//276
f 289//289 290//290 282//282
f 282//282 290//290 291//291
f 282//282 291//291 281//281
f 273//273 272//272 292//292
f 269//269 293//293 270//270
f 270//270 293//293 294//294
f 270//270 294//294 283//283
f 289//289 282//282 295//295
f 295//295 282//282 296//296
f 295//295 296//296 297//297
f 298//298 299//299 272//272
f 294//294 300//300 283//283
f 283//283 300//300 301//301
f 283//283 301//301 302//302
f 302//302 301//301 303//303
f 302//302 303//303 273//273
f 273//273 303//303 304//304
f 273//273 304//304 271//271
f 299//299 305//305 272//272
f 272//272 305//305 306//306
f 272//272 306//306 292//292
f 297//297 296//296 272//272
f 272//272 296//296 307//307
f 272//272 307//307 298//298
f 308//308 309//309 310//310
f 310//310 311//311 308//308
f 308//308 311//311 312//312
f 308//308 312//312 313//313
f 314//314 315//315 316//316
f 316//316 315//315 313//313
f 316//316 313//313 317//317
f 317//317 313//313 312//312
f 317//317 312//312 318//318
f 318//318 312//312 319//319
f 320//320 321//321 322//322
f 322//322 321//321 323//323
f 324//324 320//320 322//322
f 264//264 265//265 325//325
f 326//326 327//327 322//322
f 324//324 322//322 328//328
f 328//328 322//322 327//327
f 328//328 327//327 329//329
f 325//325 330//330 264//264
f 264//264 330//330 331//331
f 264//264 331//331 332//332
f 332//332 333//333 264//264
f 264//264 333//333 334//334
f 264//264 334//334 322//322
f 322//322 334//334 335//335
f 322//322 335//335 326//326
f 259//259 261//261 238//238
f 238//238 261//261 247//247
f 238//238 247//247 243//243
f 243//243 247//247 246//246
f 243//243 246//246 336//336
f 337//337 320//320 338//338
f 338//338 320//320 324//324
f 338//338 324//324 339//339
f 340//340 341//341 342//342
f 342//342 341//341 321//321
f 246//246 343//343 336//336
f 336//336 343//343 344//344
f 336//336 344//344 345//345
f 345//345 344//344 286//286
f 345//345 286//286 346//346
f 346//346 286//286 266//266
f 346//346 266//266 347//347
f 347//347 266//266 348//348
f 348//348 266//266 349//349
f 348//348 349//349 337//337
f 337//337 349//349 350//350
f 337//337 350//350 320//320
f 320//320 350//350 313//313
f 320//320 313//313 321//321
f 321//321 313//313 315//315
f 321//321 315//315 342//342
f 323//323 321//321 341//341
f 318//318 342//342 314//314
f 314//314 342//342 315//315
f 318//318 319//319 351//351
f 351//351 319//319 310//310
f 351//351 310//310 309//309
f 352//352 263//263 262//262
f 318//318 351//351 342//342
f 342//342 351//351 353//353
f 342//342 353//353 340//340
f 340//340 353//353 352//352
f 340//340 352//352 341//341
f 341//341 352//352 262//262
f 341//341 262//262 323//323
f 308//308 313//313 354//354
f 354//354 313//313 350//350
f 354//354 350//350 355//355
f 355//355 350//350 349//349
f 355//355 349//349 268//268
f 268//268 349//349 266//266
f 265//265 354//354 355//355
f 260//260 258//258 253//253
f 253//253 258//258 239//239
f 253//253 239//239 251//251
f 251//251 239//239 241//241
f 251//251 241//241 356//356
f 356//356 241//241 357//357
f 356//356 357//357 358//358
f 263//263 352//352 353//353
f 359//359 325//325 360//360
f 360//360 325//325 265//265
f 360//360 265//265 361//361
f 361//361 265//265 355//355
f 361//361 355//355 362//362
f 354//354 265//265 308//308
f 308//308 265//265 263//263
f 308//308 263//263 309//309
f 309//309 263//263 353//353
f 309//309 353//353 351//351
f 362//362 355//355 363//363
f 363//363 355//355 268//268
f 363//363 268//268 364//364
f 358//358 357//357 270//270
f 270//270 357//357 365//365
f 270//270 365//365 268//268
f 268//268 365//365 366//366
f 268//268 366//366 364//364
f 270//270 286//286 358//358
f 358//358 286//286 344//344
f 358//358 344//344 356//356
f 356//356 344//344 343//343
f 356//356 343//343 251//251
f 251//251 343//343 246//246
f 336//336 367//367 243//243
f 243//243 367//367 244//244
f 245//245 244//244 368//368
f 368//368 244//244 367//367
f 369//369 370//370 371//371
f 371//371 370//370 372//372
f 373//373 374//374 375//375
f 375//375 376//376 373//373
f 373//373 376//376 368//368
f 373//373 368//368 372//372
f 372//372 368//368 367//367
f 372//372 367//367 371//371
f 368//368 357//357 245//245
f 245//245 357//357 241//241
f 335//335 377//377 378//378
f 335//335 378//378 326//326
f 378//378 379//379 326//326
f 326//326 379//379 380//380
f 326//326 380//380 327//327
f 381//381 329//329 382//382
f 382//382 329//329 327//327
f 382//382 327//327 383//383
f 383//383 327//327 380//380
f 381//381 384//384 329//329
f 329//329 384//384 328//328
f 339//339 324//324 385//385
f 385//385 324//324 328//328
f 385//385 328//328 386//386
f 386//386 328//328 384//384
f 359//359 387//387 325//325
f 325//325 387//387 330//330
f 388//388 331//331 389//389
f 389//389 331//331 330//330
f 389//389 330//330 390//390
f 390//390 330//330 387//387
f 388//388 391//391 331//331
f 331//331 391//391 332//332
f 391//391 392//392 332//332
f 332//332 392//392 393//393
f 332//332 393//393 333//333
f 394//394 334//334 395//395
f 395//395 334//334 333//333
f 395//395 333//333 396//396
f 396//396 333//333 393//393
f 377//377 335//335 394//394
f 394//394 335//335 334//334
f 397//397 336//336 345//345
f 345//345 398//398 397//397
f 397//397 398//398 399//399
f 397//397 399//399 400//400
f 400//400 399//399 401//401
f 400//400 401//401 402//402
f 402//402 401//401 403//403
f 402//402 403//403 404//404
f 405//405 406//406 407//407
f 405//405 407//407 408//408
f 408//408 407//407 409//409
f 408//408 409//409 410//410
f 410//410 409//409 338//338
f 410//410 338//338 339//339
f 411//411 412//412 413//413
f 345//345 346//346 398//398
f 398//398 346//346 414//414
f 347//347 348//348 415//415
f 415//415 348//348 416//416
f 415//415 416//416 417//417
f 417//417 416//416 418//418
f 417//417 418//418 419//419
f 337//337 338//338 420//420
f 420//420 338//338 409//409
f 420//420 409//409 421//421
f 421//421 409//409 407//407
f 412//412 403//403 413//413
f 413//413 403//403 401//401
f 413//413 401//401 414//414
f 414//414 401//401 399//399
f 414//414 399//399 398//398
f 419//419 411//411 417//417
f 417//417 411//411 413//413
f 417//417 413//413 415//415
f 415//415 413//413 414//414
f 415//415 414//414 347//347
f 347//347 414//414 346//346
f 422//422 423//423 418//418
f 418//418 423//423 424//424
f 418//418 424//424 419//419
f 348//348 337//337 416//416
f 416//416 337//337 420//420
f 416//416 420//420 418//418
f 418//418 420//420 421//421
f 418//418 421//421 422//422
f 422//422 421//421 407//407
f 422//422 407//407 406//406
f 425//425 426//426 427//427
f 427//427 428//428 425//425
f 425//425 428//428 429//429
f 425//425 429//429 430//430
f 430//430 429//429 431//431
f 430//430 431//431 432//432
f 432//432 431//431 365//365
f 432//432 365//365 357//357
f 433//433 434//434 435//435
f 434//434 436//436 437//437
f 436//436 360//360 361//361
f 436//436 361//361 437//437
f 437//437 361//361 362//362
f 437//437 362//362 438//438
f 438//438 362//362 363//363
f 438//438 363//363 439//439
f 439//439 363//363 364//364
f 439//439 364//364 440//440
f 440//440 364//364 366//366
f 440//440 366//366 441//441
f 366//366 365//365 441//441
f 441//441 365//365 431//431
f 441//441 431//431 429//429
f 434//434 437//437 435//435
f 435//435 437//437 438//438
f 435//435 438//438 442//442
f 442//442 438//438 439//439
f 442//442 439//439 443//443
f 443//443 439//439 440//440
f 443//443 440//440 444//444
f 444//444 440//440 441//441
f 444//444 441//441 445//445
f 445//445 441//441 429//429
f 445//445 429//429 428//428
f 433//433 435//435 446//446
f 446//446 435//435 442//442
f 446//446 442//442 447//447
f 447//447 442//442 443//443
f 447//447 443//443 448//448
f 448//448 443//443 444//444
f 448//448 444//444 449//449
f 449//449 444//444 445//445
f 449//449 445//445 450//450
f 450//450 445//445 428//428
f 450//450 428//428 427//427
f 433//433 451//451 452//452
f 433//433 452//452 434//434
f 434//434 452//452 453//453
f 434//434 453//453 436//436
f 436//436 453//453 359//359
f 436//436 359//359 360//360
f 404//404 372//372 402//402
f 402//402 372//372 370//370
f 402//402 370//370 400//400
f 400//400 370//370 369//369
f 400//400 369//369 397//397
f 397//397 369//369 371//371
f 397//397 371//371 336//336
f 336//336 371//371 367//367
f 357//357 368//368 432//432
f 432//432 368//368 376//376
f 432//432 376//376 430//430
f 430//430 376//376 375//375
f 430//430 375//375 425//425
f 425//425 375//375 374//374
f 425//425 374//374 426//426
f 426//426 374//374 373//373
f 426//426 373//373 404//404
f 404//404 373//373 372//372
f 454//454 455//455 456//456
f 455//455 457//457 458//458
f 457//457 381//381 382//382
f 457//457 382//382 458//458
f 458//458 382//382 383//383
f 458//458 383//383 459//459
f 459//459 383//383 380//380
f 459//459 380//380 460//460
f 460//460 380//380 379//379
f 460//460 379//379 461//461
f 461//461 379//379 378//378
f 461//461 378//378 462//462
f 462//462 378//378 377//377
f 462//462 377//377 463//463
f 455//455 458//458 456//456
f 456//456 458//458 459//459
f 456//456 459//459 464//464
f 464//464 459//459 460//460
f 464//464 460//460 465//465
f 465//465 460//460 461//461
f 465//465 461//461 466//466
f 466//466 461//461 462//462
f 466//466 462//462 467//467
f 467//467 462//462 463//463
f 467//467 463//463 468//468
f 454//454 456//456 469//469
f 469//469 456//456 464//464
f 469//469 464//464 470//470
f 470//470 464//464 465//465
f 470//470 465//465 471//471
f 471//471 465//465 466//466
f 471//471 466//466 472//472
f 472//472 466//466 467//467
f 472//472 467//467 473//473
f 473//473 467//467 468//468
f 473//473 468//468 474//474
f 405//405 408//408 475//475
f 408//408 410//410 476//476
f 410//410 339//339 385//385
f 410//410 385//385 476//476
f 476//476 385//385 386//386
f 476//476 386//386 477//477
f 477//477 386//386 384//384
f 477//477 384//384 478//478
f 478//478 384//384 381//381
f 478//478 381//381 457//457
f 408//408 476//476 475//475
f 475//475 476//476 477//477
f 475//475 477//477 479//479
f 479//479 477//477 478//478
f 479//479 478//478 480//480
f 480//480 478//478 457//457
f 480//480 457//457 455//455
f 405//405 475//475 481//481
f 481//481 475//475 479//479
f 481//481 479//479 482//482
f 482//482 479//479 480//480
f 482//482 480//480 483//483
f 483//483 480//480 455//455
f 483//483 455//455 454//454
f 484//484 485//485 486//486
f 485//485 487//487 488//488
f 487//487 388//388 389//389
f 487//487 389//389 488//488
f 488//488 389//389 390//390
f 488//488 390//390 489//489
f 489//489 390//390 387//387
f 489//489 387//387 490//490
f 490//490 387//387 359//359
f 490//490 359//359 453//453
f 485//485 488//488 486//486
f 486//486 488//488 489//489
f 486//486 489//489 491//491
f 491//491 489//489 490//490
f 491//491 490//490 492//492
f 492//492 490//490 453//453
f 492//492 453//453 452//452
f 484//484 486//486 493//493
f 493//493 486//486 491//491
f 493//493 491//491 494//494
f 494//494 491//491 492//492
f 494//494 492//492 495//495
f 495//495 492//492 452//452
f 495//495 452//452 451//451
f 496//496 497//497 498//498
f 497//497 499//499 500//500
f 499//499 394//394 395//395
f 499//499 395//395 500//500
f 500//500 395//395 396//396
f 500//500 396//396 501//501
f 501//501 396//396 393//393
f 501//501 393//393 502//502
f 502//502 393//393 392//392
f 502//502 392//392 503//503
f 503//503 392//392 391//391
f 503//503 391//391 504//504
f 504//504 391//391 388//388
f 504//504 388//388 487//487
f 497//497 500//500 498//498
f 498//498 500//500 501//501
f 498//498 501//501 505//505
f 505//505 501//501 502//502
f 505//505 502//502 506//506
f 506//506 502//502 503//503
f 506//506 503//503 507//507
f 507//507 503//503 504//504
f 507//507 504//504 508//508
f 508//508 504//504 487//487
f 508//508 487//487 485//485
f 496//496 498//498 509//509
f 509//509 498//498 505//505
f 509//509 505//505 510//510
f 510//510 505//505 506//506
f 510//510 506//506 511//511
f 511//511 506//506 507//507
f 511//511 507//507 512//512
f 512//512 507//507 508//508
f 512//512 508//508 513//513
f 513//513 508//508 485//485
f 513//513 485//485 484//484
f 496//496 474//474 468//468
f 496//496 468//468 497//497
f 497//497 468//468 463//463
f 497//497 463//463 499//499
f 499//499 463//463 377//377
f 499//499 377//377 394//394
f 404//404 403//403 426//426
f 426//426 403//403 427//427
f 474//474 406//406 405//405
f 511//511 512//512 451//451
f 511//511 451//451 510//510
f 469//469 470//470 405//405
f 405//405 470//470 471//471
f 406//406 474//474 433//433
f 433//433 474//474 496//496
f 433//433 496//496 451//451
f 451//451 496//496 509//509
f 451//451 509//509 510//510
f 471//471 472//472 405//405
f 405//405 472//472 473//473
f 405//405 473//473 474//474
f 405//405 481//481 482//482
f 512//512 513//513 451//451
f 451//451 513//513 484//484
f 451//451 484//484 495//495
f 495//495 484//484 493//493
f 495//495 493//493 494//494
f 482//482 483//483 405//405
f 405//405 483//483 454//454
f 405//405 454//454 469//469
f 449//449 419//419 448//448
f 448//448 419//419 424//424
f 448//448 424//424 447//447
f 447//447 424//424 423//423
f 447//447 423//423 446//446
f 446//446 423//423 422//422
f 446//446 422//422 433//433
f 433//433 422//422 406//406
f 427//427 403//403 450//450
f 450//450 403//403 412//412
f 450//450 412//412 449//449
f 449//449 412//412 411//411
f 449//449 411//411 419//419
f 514//514 515//515 516//516
f 516//516 515//515 517//517
f 517//517 515//515 518//518
f 517//517 518//518 519//519
f 519//519 518//518 520//520
f 519//519 520//520 521//521
f 521//521 520//520 522//522
f 521//521 522//522 523//523
f 524//524 525//525 526//526
f 526//526 525//525 527//527
f 526//526 527//527 528//528
f 528//528 527//527 529//529
f 528//528 529//529 530//530
f 530//530 529//529 531//531
f 530//530 531//531 522//522
f 522//522 531//531 532//532
f 522//522 532//532 523//523
f 516//516 533//533 514//514
f 514//514 533//533 534//534
f 514//514 534//534 535//535
f 535//535 534//534 536//536
f 535//535 536//536 537//537
f 537//537 536//536 538//538
f 537//537 538//538 539//539
f 539//539 538//538 540//540
f 539//539 540//540 524//524
f 524//524 540//540 541//541
f 524//524 541//541 525//525
f 542//542 539//539 543//543
f 543//543 539//539 524//524
f 543//543 524//524 544//544
f 544//544 524//524 526//526
f 544//544 526//526 545//545
f 545//545 526//526 528//528
f 545//545 528//528 546//546
f 546//546 528//528 530//530
f 546//546 530//530 547//547
f 547//547 530//530 522//522
f 547//547 522//522 548//548
f 548//548 522//522 520//520
f 548//548 520//520 549//549
f 549//549 520//520 518//518
f 549//549 518//518 550//550
f 550//550 518//518 515//515
f 550//550 515//515 551//551
f 551//551 515//515 514//514
f 551//551 514//514 552//552
f 552//552 514//514 535//535
f 552//552 535//535 553//553
f 553//553 535//535 537//537
f 553//553 537//537 542//542
f 542//542 537//537 539//539
f 554//554 555//555 548//548
f 548//548 555//555 556//556
f 548//548 556//556 547//547
f 547//547 556//556 557//557
f 547//547 557//557 546//546
f 546//546 557//557 558//558
f 546//546 558//558 545//545
f 545//545 558//558 559//559
f 545//545 559//559 544//544
f 544//544 559//559 560//560
f 544//544 560//560 543//543
f 543//543 560//560 561//561
f 543//543 561//561 542//542
f 542//542 561//561 562//562
f 542//542 562//562 553//553
f 553//553 562//562 563//563
f 553//553 563//563 552//552
f 552//552 563//563 564//564
f 552//552 564//564 551//551
f 551//551 564//564 565//565
f 551//551 565//565 550//550
f 550//550 565//565 566//566
f 550//550 566//566 549//549
f 549//549 566//566 567//567
f 549//549 567//567 548//548
f 548//548 567//567 554//554
f 556//556 555//555 568//568
f 568//568 555//555 569//569
f 555//555 554//554 569//569
f 569//569 554//554 567//567
f 569//569 567//567 570//570
f 570//570 567//567 566//566
f 570//570 566//566 571//571
f 571//571 566//566 565//565
f 571//571 565//565 572//572
f 572//572 565//565 564//564
f 572//572 564//564 573//573
f 573//573 564//564 563//563
f 573//573 563//563 574//574
f 574//574 563//563 562//562
f 574//574 562//562 575//575
f 575//575 562//562 561//561
f 575//575 561//561 576//576
f 576//576 561//561 560//560
f 576//576 560//560 577//577
f 577//577 560//560 559//559
f 577//577 559//559 578//578
f 578//578 559//559 558//558
f 578//578 558//558 579//579
f 579//579 558//558 557//557
f 579//579 557//557 580//580
f 580//580 557//557 556//556
f 580//580 556//556 581//581
f 581//581 556//556 568//568
f 581//581 568//568 582//582
f 582//582 568//568 569//569
f 582//582 569//569 583//583
f 583//583 569//569 570//570
f 583//583 570//570 584//584
f 584//584 570//570 571//571
f 584//584 571//571 585//585
f 585//585 571//571 572//572
f 585//585 572//572 586//586
f 586//586 572//572 573//573
f 586//586 573//573 587//587
f 587//587 573//573 574//574
f 587//587 574//574 588//588
f 588//588 574//574 575//575
f 588//588 575//575 589//589
f 589//589 575//575 576//576
f 589//589 576//576 590//590
f 590//590 576//576 577//577
f 590//590 577//577 591//591
f 591//591 577//577 578//578
f 591//591 578//578 592//592
f 592//592 578//578 579//579
f 592//592 579//579 593//593
f 593//593 579//579 580//580
f 593//593 580//580 582//582
f 582//582 580//580 581//581
f 594//594 589//589 595//595
f 595//595 589//589 590//590
f 595//595 590//590 596//596
f 596//596 590//590 591//591
f 596//596 591//591 597//597
f 597//597 591//591 592//592
f 597//597 592//592 598//598
f 598//598 592//592 593//593
f 598//598 593//593 599//599
f 599//599 593//593 582//582
f 599//599 582//582 600//600
f 600//600 582//582 583//583
f 600//600 583//583 601//601
f 601//601 583//583 584//584
f 601//601 584//584 602//602
f 602//602 584//584 585//585
f 602//602 585//585 603//603
f 603//603 585//585 586//586
f 603//603 586//586 604//604
f 604//604 586//586 587//587
f 604//604 587//587 605//605
f 605//605 587//587 588//588
f 605//605 588//588 594//594
f 594//594 588//588 589//589
f 598//598 599//599 606//606
f 606//606 599//599 600//600
f 606//606 600//600 601//601
f 595//595 596//596 606//606
f 606//606 596//596 597//597
f 606//606 597//597 598//598
f 604//604 605//605 606//606
f 606//606 605//605 594//594
f 606//606 594//594 595//595
f 601//601 602//602 606//606
f 606//606 602//602 603//603
f 606//606 603//603 604//604
f 607//607 608//608 609//609
f 609//609 608//608 610//610
f 609//609 610//610 611//611
f 611//611 610//610 612//612
f 611//611 612//612 613//613
f 613//613 612//612 614//614
f 613//613 614//614 615//615
f 616//616 617//617 618//618
f 618//618 617//617 619//619
f 618//618 619//619 620//620
f 620//620 619//619 621//621
f 620//620 621//621 622//622
f 622//622 621//621 623//623
f 622//622 623//623 607//607
f 607//607 623//623 624//624
f 607//607 624//624 608//608
f 614//614 625//625 615//615
f 615//615 625//625 626//626
f 615//615 626//626 627//627
f 627//627 626//626 628//628
f 627//627 628//628 629//629
f 629//629 628//628 630//630
f 629//629 630//630 631//631
f 631//631 630//630 632//632
f 631//631 632//632 616//616
f 616//616 632//632 633//633
f 616//616 633//633 617//617
f 634//634 627//627 635//635
f 635//635 627//627 629//629
f 635//635 629//629 636//636
f 636//636 629//629 631//631
f 636//636 631//631 637//637
f 637//637 631//631 616//616
f 637//637 616//616 638//638
f 638//638 616//616 618//618
f 638//638 618//618 639//639
f 639//639 618//618 620//620
f 639//639 620//620 640//640
f 640//640 620//620 622//622
f 640//640 622//622 641//641
f 641//641 622//622 607//607
f 641//641 607//607 642//642
f 642//642 607//607 609//609
f 642//642 609//609 643//643
f 643//643 609//609 611//611
f 643//643 611//611 644//644
f 644//644 611//611 613//613
f 644//644 613//613 645//645
f 645//645 613//613 615//615
f 645//645 615//615 634//634
f 634//634 615//615 627//627
f 646//646 647//647 640//640
f 640//640 647//647 648//648
f 640//640 648//648 639//639
f 639//639 648//648 649//649
f 639//639 649//649 638//638
f 638//638 649//649 650//650
f 638//638 650//650 637//637
f 637//637 650//650 651//651
f 637//637 651//651 636//636
f 636//636 651//651 652//652
f 636//636 652//652 635//635
f 635//635 652//652 653//653
f 635//635 653//653 634//634
f 634//634 653//653 654//654
f 634//634 654//654 645//645
f 645//645 654//654 655//655
f 645//645 655//655 644//644
f 644//644 655//655 656//656
f 644//644 656//656 643//643
f 643//643 656//656 657//657
f 643//643 657//657 642//642
f 642//642 657//657 658//658
f 642//642 658//658 641//641
f 641//641 658//658 646//646
f 641//641 646//646 640//640
f 659//659 653//653 660//660
f 660//660 653//653 652//652
f 660//660 652//652 661//661
f 661//661 652//652 651//651
f 661//661 651//651 662//662
f 662//662 651//651 650//650
f 662//662 650//650 663//663
f 663//663 650//650 649//649
f 663//663 649//649 664//664
f 664//664 649//649 648//648
f 664//664 648//648 665//665
f 665//665 648//648 647//647
f 665//665 647//647 666//666
f 666//666 647//647 646//646
f 666//666 646//646 667//667
f 667//667 646//646 658//658
f 667//667 658//658 668//668
f 668//668 658//658 657//657
f 668//668 657//657 669//669
f 669//669 657//657 656//656
f 669//669 656//656 670//670
f 670//670 656//656 655//655
f 670//670 655//655 671//671
f 671//671 655//655 654//654
f 671//671 654//654 659//659
f 659//659 654//654 653//653
f 664//664 665//665 672//672
f 672//672 665//665 666//666
f 672//672 666//666 673//673
f 673//673 666//666 667//667
f 673//673 667//667 674//674
f 674//674 667//667 668//668
f 674//674 668//668 675//675
f 675//675 668//668 669//669
f 675//675 669//669 676//676
f 676//676 669//669 670//670
f 676//676 670//670 677//677
f 677//677 670//670 671//671
f 677//677 671//671 678//678
f 678//678 671//671 659//659
f 678//678 659//659 679//679
f 679//679 659//659 660//660
f 679//679 660//660 680//680
f 680//680 660//660 661//661
f 680//680 661//661 681//681
f 681//681 661//661 662//662
f 681//681 662//662 682//682
f 682//682 662//662 663//663
f 682//682 663//663 683//683
f 683//683 663//663 664//664
f 683//683 664//664 672//672
f 672//672 684//684 683//683
f 683//683 684//684 685//685
f 683//683 685//685 682//682
f 682//682 685//685 686//686
f 682//682 686//686 681//681
f 681//681 686//686 687//687
f 681//681 687//687 680//680
f 680//680 687//687 688//688
f 680//680 688//688 679//679
f 679//679 688//688 689//689
f 679//679 689//689 678//678
f 678//678 689//689 690//690
f 678//678 690//690 677//677
f 677//677 690//690 691//691
f 677//677 691//691 676//676
f 676//676 691//691 692//692
f 676//676 692//692 675//675
f 675//675 692//692 693//693
f 675//675 693//693 674//674
f 674//674 693//693 694//694
f 674//674 694//694 673//673
f 673//673 694//694 695//695
f 673//673 695//695 672//672
f 672//672 695//695 684//684
f 691//691 690//690 696//696
f 696//696 690//690 689//689
f 696//696 689//689 688//688
f 694//694 693//693 696//696
f 696//696 693//693 692//692
f 696//696 692//692 691//691
f 685//685 684//684 696//696
f 696//696 684//684 695//695
f 696//696 695//695 694//694
f 688//688 687//687 696//696
f 696//696 687//687 686//686
f 696//696 686//686 685//685
f 196//196 195//195 697//697
f 697//697 195//195 698//698
f 698//698 195//195 699//699
f 699//699 195//195 190//190
f 699//699 190//190 700//700
f 190//190 189//189 700//700
f 700//700 189//189 194//194
f 700//700 194//194 701//701
f 701//701 194//194 193//193
f 701//701 193//193 702//702
f 702//702 193//193 192//192
f 702//702 192//192 703//703
f 703//703 192//192 198//198
f 703//703 198//198 704//704
f 704//704 198//198 199//199
f 704//704 199//199 705//705
f 196//196 697//697 197//197
f 197//197 697//697 706//706
f 197//197 706//706 200//200
f 200//200 706//706 707//707
f 200//200 707//707 202//202
f 202//202 707//707 708//708
f 202//202 708//708 203//203
f 203//203 708//708 709//709
f 203//203 709//709 205//205
f 205//205 709//709 206//206
f 206//206 709//709 710//710
f 206//206 710//710 207//207
f 207//207 710//710 208//208
f 208//208 710//710 711//711
f 208//208 711//711 209//209
f 209//209 711//711 712//712
f 209//209 712//712 210//210
f 705//705 199//199 712//712
f 712//712 199//199 201//201
f 712//712 201//201 210//210
f 707//707 713//713 708//708
f 708//708 713//713 714//714
f 715//715 705//705 716//716
f 716//716 705//705 712//712
f 712//712 711//711 716//716
f 716//716 711//711 710//710
f 716//716 710//710 714//714
f 714//714 710//710 709//709
f 714//714 709//709 708//708
f 717//717 713//713 707//707
f 707//707 706//706 717//717
f 717//717 706//706 697//697
f 717//717 697//697 718//718
f 718//718 697//697 698//698
f 718//718 698//698 699//699
f 700//700 701//701 719//719
f 719//719 701//701 702//702
f 719//719 702//702 720//720
f 705//705 715//715 704//704
f 704//704 715//715 720//720
f 704//704 720//720 703//703
f 703//703 720//720 702//702
f 699//699 700//700 718//718
f 718//718 700//700 719//719
f 718//718 719//719 721//721
f 721//721 719//719 722//722
f 721//721 722//722 723//723
f 723//723 722//722 724//724
f 723//723 724//724 725//725
f 725//725 724//724 726//726
f 725//725 726//726 727//727
f 727//727 726//726 728//728
f 727//727 728//728 729//729
f 729//729 728//728 730//730
f 729//729 730//730 731//731
f 731//731 730//730 732//732
f 731//731 732//732 733//733
f 733//733 732//732 734//734
f 733//733 734//734 735//735
f 735//735 734//734 736//736
f 735//735 736//736 737//737
f 737//737 736//736 738//738
f 737//737 738//738 739//739
f 739//739 738//738 740//740
f 739//739 740//740 741//741
f 741//741 740//740 742//742
f 741//741 742//742 743//743
f 743//743 742//742 744//744
f 743//743 744//744 745//745
f 745//745 744//744 746//746
f 745//745 746//746 747//747
f 747//747 746//746 748//748
f 749//749 750//750 9//9
f 9//9 750//750 12//12
f 9//9 8//8 749//749
f 749//749 8//8 7//7
f 749//749 7//7 751//751
f 751//751 7//7 752//752
f 752//752 7//7 2//2
f 752//752 2//2 753//753
f 2//2 1//1 753//753
f 753//753 1//1 6//6
f 753//753 6//6 754//754
f 754//754 6//6 5//5
f 754//754 5//5 755//755
f 755//755 5//5 4//4
f 755//755 4//4 756//756
f 756//756 4//4 10//10
f 756//756 10//10 757//757
f 757//757 10//10 11//11
f 757//757 11//11 758//758
f 750//750 759//759 12//12
f 12//12 759//759 14//14
f 14//14 759//759 760//760
f 14//14 760//760 15//15
f 15//15 760//760 761//761
f 15//15 761//761 17//17
f 17//17 761//761 18//18
f 18//18 761//761 762//762
f 18//18 762//762 19//19
f 19//19 762//762 20//20
f 20//20 762//762 763//763
f 20//20 763//763 21//21
f 21//21 763//763 764//764
f 21//21 764//764 22//22
f 758//758 11//11 764//764
f 764//764 11//11 13//13
f 764//764 13//13 22//22
f 762//762 765//765 763//763
f 763//763 765//765 766//766
f 763//763 766//766 764//764
f 764//764 766//766 758//758
f 758//758 766//766 767//767
f 762//762 761//761 765//765
f 765//765 761//761 760//760
f 765//765 760//760 768//768
f 768//768 760//760 759//759
f 769//769 768//768 759//759
f 759//759 750//750 769//769
f 769//769 750//750 749//749
f 769//769 749//749 770//770
f 770//770 749//749 751//751
f 770//770 751//751 752//752
f 753//753 754//754 771//771
f 771//771 754//754 755//755
f 771//771 755//755 772//772
f 758//758 767//767 757//757
f 757//757 767//767 772//772
f 757//757 772//772 756//756
f 756//756 772//772 755//755
f 752//752 753//753 770//770
f 770//770 753//753 771//771
f 770//770 771//771 773//773
f 773//773 771//771 774//774
f 773//773 774//774 775//775
f 775//775 774//774 776//776
f 775//775 776//776 777//777
f 777//777 776//776 778//778
f 777//777 778//778 779//779
f 779//779 778//778 780//780
f 779//779 780//780 781//781
f 781//781 780//780 782//782
f 781//781 782//782 783//783
f 783//783 782//782 784//784
f 783//783 784//784 785//785
f 785//785 784//784 786//786
f 785//785 786//786 787//787
f 787//787 786//786 788//788
f 787//787 788//788 789//789
f 789//789 788//788 790//790
f 789//789 790//790 791//791
f 791//791 790//790 792//792
f 791//791 792//792 793//793
f 793//793 792//792 794//794
f 793//793 794//794 795//795
f 795//795 794//794 796//796
f 795//795 796//796 797//797
f 797//797 796//796 798//798
f 797//797 798//798 799//799
f 799//799 798//798 800//800
f 801//801 50//50 53//53
f 802//802 803//803 804//804
f 805//805 806//806 71//71
f 807//807 74//74 808//808
f 808//808 74//74 50//50
f 808//808 50//50 809//809
f 809//809 50//50 801//801
f 810//810 811//811 55//55
f 55//55 811//811 812//812
f 55//55 812//812 53//53
f 53//53 812//812 813//813
f 53//53 813//813 801//801
f 807//807 814//814 74//74
f 74//74 814//814 815//815
f 74//74 815//815 73//73
f 73//73 815//815 816//816
f 73//73 816//816 71//71
f 71//71 816//816 817//817
f 71//71 817//817 805//805
f 806//806 818//818 71//71
f 71//71 818//818 819//819
f 71//71 819//819 69//69
f 69//69 819//819 820//820
f 69//69 820//820 67//67
f 67//67 820//820 821//821
f 67//67 821//821 65//65
f 822//822 823//823 59//59
f 59//59 61//61 822//822
f 822//822 61//61 63//63
f 822//822 63//63 804//804
f 804//804 63//63 65//65
f 804//804 65//65 802//802
f 802//802 65//65 821//821
f 823//823 824//824 59//59
f 59//59 824//824 825//825
f 59//59 825//825 57//57
f 825//825 826//826 57//57
f 57//57 826//826 827//827
f 57//57 827//827 55//55
f 55//55 827//827 828//828
f 55//55 828//828 810//810
f 829//829 830//830 133//133
f 831//831 129//129 131//131
f 830//830 832//832 133//133
f 133//133 832//832 833//833
f 133//133 833//833 131//131
f 131//131 833//833 834//834
f 131//131 834//834 831//831
f 141//141 835//835 139//139
f 139//139 835//835 836//836
f 145//145 837//837 143//143
f 143//143 837//837 838//838
f 143//143 838//838 141//141
f 141//141 838//838 839//839
f 141//141 839//839 835//835
f 146//146 121//121 840//840
f 840//840 121//121 122//122
f 840//840 122//122 841//841
f 841//841 122//122 125//125
f 841//841 125//125 842//842
f 842//842 125//125 127//127
f 842//842 127//127 843//843
f 840//840 844//844 146//146
f 146//146 844//844 845//845
f 146//146 845//845 145//145
f 145//145 845//845 846//846
f 145//145 846//846 837//837
f 831//831 847//847 129//129
f 129//129 847//847 848//848
f 129//129 848//848 127//127
f 127//127 848//848 849//849
f 127//127 849//849 843//843
f 829//829 133//133 850//850
f 850//850 133//133 135//135
f 850//850 135//135 851//851
f 851//851 135//135 852//852
f 852//852 135//135 137//137
f 852//852 137//137 853//853
f 836//836 854//854 139//139
f 139//139 854//854 855//855
f 139//139 855//855 137//137
f 137//137 855//855 856//856
f 137//137 856//856 853//853
f 857//857 858//858 845//845
f 859//859 860//860 861//861
f 861//861 860//860 862//862
f 862//862 860//860 863//863
f 863//863 860//860 864//864
f 863//863 864//864 865//865
f 845//845 844//844 857//857
f 857//857 844//844 840//840
f 857//857 840//840 866//866
f 866//866 867//867 857//857
f 857//857 867//867 859//859
f 857//857 859//859 858//858
f 858//858 859//859 861//861
f 867//867 868//868 859//859
f 859//859 868//868 869//869
f 859//859 869//869 860//860
f 860//860 869//869 870//870
f 860//860 870//870 864//864
f 864//864 870//870 716//716
f 846//846 871//871 872//872
f 873//873 874//874 875//875
f 875//875 874//874 876//876
f 846//846 845//845 871//871
f 871//871 845//845 858//858
f 871//871 858//858 861//861
f 861//861 862//862 871//871
f 871//871 862//862 863//863
f 871//871 863//863 865//865
f 872//872 877//877 846//846
f 846//846 877//877 878//878
f 846//846 878//878 802//802
f 802//802 878//878 879//879
f 802//802 879//879 880//880
f 881//881 803//803 875//875
f 875//875 803//803 802//802
f 875//875 802//802 882//882
f 882//882 802//802 880//880
f 876//876 883//883 875//875
f 875//875 883//883 884//884
f 875//875 884//884 881//881
f 819//819 839//839 820//820
f 820//820 839//839 838//838
f 820//820 838//838 821//821
f 821//821 838//838 837//837
f 821//821 837//837 802//802
f 802//802 837//837 846//846
f 805//805 836//836 806//806
f 806//806 836//836 835//835
f 806//806 835//835 818//818
f 818//818 835//835 839//839
f 818//818 839//839 819//819
f 817//817 855//855 805//805
f 805//805 855//855 854//854
f 805//805 854//854 836//836
f 885//885 886//886 887//887
f 887//887 886//886 855//855
f 887//887 855//855 888//888
f 888//888 855//855 817//817
f 885//885 887//887 889//889
f 889//889 887//887 890//890
f 889//889 890//890 891//891
f 892//892 893//893 894//894
f 894//894 893//893 889//889
f 894//894 889//889 895//895
f 895//895 889//889 891//891
f 886//886 885//885 896//896
f 896//896 885//885 889//889
f 896//896 889//889 748//748
f 748//748 889//889 893//893
f 748//748 893//893 892//892
f 896//896 897//897 886//886
f 886//886 897//897 856//856
f 886//886 856//856 855//855
f 715//715 898//898 899//899
f 898//898 900//900 901//901
f 900//900 841//841 842//842
f 900//900 842//842 901//901
f 901//901 842//842 843//843
f 901//901 843//843 902//902
f 902//902 843//843 849//849
f 902//902 849//849 903//903
f 903//903 849//849 848//848
f 903//903 848//848 904//904
f 904//904 848//848 847//847
f 904//904 847//847 905//905
f 905//905 847//847 831//831
f 905//905 831//831 906//906
f 906//906 831//831 834//834
f 906//906 834//834 907//907
f 907//907 834//834 833//833
f 907//907 833//833 908//908
f 908//908 833//833 832//832
f 908//908 832//832 909//909
f 909//909 832//832 830//830
f 909//909 830//830 910//910
f 910//910 830//830 829//829
f 910//910 829//829 911//911
f 911//911 829//829 850//850
f 911//911 850//850 912//912
f 912//912 850//850 851//851
f 912//912 851//851 913//913
f 913//913 851//851 852//852
f 913//913 852//852 914//914
f 914//914 852//852 853//853
f 914//914 853//853 915//915
f 915//915 853//853 856//856
f 915//915 856//856 897//897
f 898//898 901//901 899//899
f 899//899 901//901 902//902
f 899//899 902//902 916//916
f 916//916 902//902 903//903
f 916//916 903//903 917//917
f 917//917 903//903 904//904
f 917//917 904//904 918//918
f 918//918 904//904 905//905
f 918//918 905//905 919//919
f 919//919 905//905 906//906
f 919//919 906//906 920//920
f 920//920 906//906 907//907
f 920//920 907//907 921//921
f 921//921 907//907 908//908
f 921//921 908//908 922//922
f 922//922 908//908 909//909
f 922//922 909//909 923//923
f 923//923 909//909 910//910
f 923//923 910//910 924//924
f 924//924 910//910 911//911
f 924//924 911//911 925//925
f 925//925 911//911 912//912
f 925//925 912//912 926//926
f 926//926 912//912 913//913
f 926//926 913//913 927//927
f 927//927 913//913 914//914
f 927//927 914//914 928//928
f 928//928 914//914 915//915
f 928//928 915//915 929//929
f 929//929 915//915 897//897
f 929//929 897//897 896//896
f 715//715 899//899 720//720
f 720//720 899//899 916//916
f 720//720 916//916 719//719
f 719//719 916//916 917//917
f 719//719 917//917 722//722
f 722//722 917//917 918//918
f 722//722 918//918 724//724
f 724//724 918//918 919//919
f 724//724 919//919 726//726
f 726//726 919//919 920//920
f 726//726 920//920 728//728
f 728//728 920//920 921//921
f 728//728 921//921 730//730
f 730//730 921//921 922//922
f 730//730 922//922 732//732
f 732//732 922//922 923//923
f 732//732 923//923 734//734
f 734//734 923//923 924//924
f 734//734 924//924 736//736
f 736//736 924//924 925//925
f 736//736 925//925 738//738
f 738//738 925//925 926//926
f 738//738 926//926 740//740
f 740//740 926//926 927//927
f 740//740 927//927 742//742
f 742//742 927//927 928//928
f 742//742 928//928 744//744
f 744//744 928//928 929//929
f 744//744 929//929 746//746
f 746//746 929//929 896//896
f 746//746 896//896 748//748
f 716//716 870//870 715//715
f 715//715 870//870 898//898
f 870//870 869//869 898//898
f 898//898 869//869 868//868
f 898//898 868//868 900//900
f 900//900 868//868 867//867
f 900//900 867//867 841//841
f 841//841 867//867 866//866
f 841//841 866//866 840//840
f 876//876 874//874 930//930
f 930//930 874//874 873//873
f 883//883 931//931 884//884
f 884//884 931//931 932//932
f 884//884 932//932 881//881
f 881//881 932//932 804//804
f 881//881 804//804 803//803
f 873//873 933//933 930//930
f 930//930 933//933 765//765
f 930//930 765//765 934//934
f 934//934 935//935 930//930
f 930//930 935//935 931//931
f 930//930 931//931 876//876
f 876//876 931//931 883//883
f 935//935 936//936 931//931
f 931//931 936//936 937//937
f 931//931 937//937 932//932
f 932//932 937//937 938//938
f 932//932 938//938 804//804
f 804//804 938//938 822//822
f 934//934 765//765 768//768
f 934//934 768//768 935//935
f 935//935 768//768 939//939
f 935//935 939//939 936//936
f 936//936 939//939 940//940
f 936//936 940//940 937//937
f 937//937 940//940 938//938
f 938//938 940//940 823//823
f 938//938 823//823 822//822
f 823//823 940//940 941//941
f 940//940 939//939 942//942
f 939//939 768//768 769//769
f 939//939 769//769 942//942
f 942//942 769//769 770//770
f 942//942 770//770 943//943
f 943//943 770//770 773//773
f 943//943 773//773 944//944
f 944//944 773//773 775//775
f 944//944 775//775 945//945
f 945//945 775//775 777//777
f 945//945 777//777 946//946
f 946//946 777//777 779//779
f 946//946 779//779 947//947
f 947//947 779//779 781//781
f 947//947 781//781 948//948
f 948//948 781//781 783//783
f 948//948 783//783 949//949
f 949//949 783//783 785//785
f 949//949 785//785 950//950
f 950//950 785//785 787//787
f 950//950 787//787 951//951
f 951//951 787//787 789//789
f 951//951 789//789 952//952
f 952//952 789//789 791//791
f 952//952 791//791 953//953
f 953//953 791//791 793//793
f 953//953 793//793 954//954
f 954//954 793//793 795//795
f 954//954 795//795 955//955
f 955//955 795//795 797//797
f 955//955 797//797 956//956
f 797//797 799//799 956//956
f 956//956 799//799 957//957
f 956//956 957//957 958//958
f 940//940 942//942 941//941
f 941//941 942//942 943//943
f 941//941 943//943 959//959
f 959//959 943//943 944//944
f 959//959 944//944 960//960
f 960//960 944//944 945//945
f 960//960 945//945 961//961
f 961//961 945//945 946//946
f 961//961 946//946 962//962
f 962//962 946//946 947//947
f 962//962 947//947 963//963
f 963//963 947//947 948//948
f 963//963 948//948 964//964
f 964//964 948//948 949//949
f 964//964 949//949 965//965
f 965//965 949//949 950//950
f 965//965 950//950 966//966
f 966//966 950//950 951//951
f 966//966 951//951 967//967
f 967//967 951//951 952//952
f 967//967 952//952 968//968
f 968//968 952//952 953//953
f 968//968 953//953 969//969
f 969//969 953//953 954//954
f 969//969 954//954 970//970
f 970//970 954//954 955//955
f 970//970 955//955 971//971
f 971//971 955//955 956//956
f 971//971 956//956 972//972
f 972//972 956//956 958//958
f 972//972 958//958 973//973
f 823//823 941//941 824//824
f 824//824 941//941 959//959
f 824//824 959//959 825//825
f 825//825 959//959 960//960
f 825//825 960//960 826//826
f 826//826 960//960 961//961
f 826//826 961//961 827//827
f 827//827 961//961 962//962
f 827//827 962//962 828//828
f 828//828 962//962 963//963
f 828//828 963//963 810//810
f 810//810 963//963 964//964
f 810//810 964//964 811//811
f 811//811 964//964 965//965
f 811//811 965//965 812//812
f 812//812 965//965 966//966
f 812//812 966//966 813//813
f 813//813 966//966 967//967
f 813//813 967//967 801//801
f 801//801 967//967 968//968
f 801//801 968//968 809//809
f 809//809 968//968 969//969
f 809//809 969//969 808//808
f 808//808 969//969 970//970
f 808//808 970//970 807//807
f 807//807 970//970 971//971
f 807//807 971//971 814//814
f 814//814 971//971 972//972
f 814//814 972//972 815//815
f 815//815 972//972 973//973
f 815//815 973//973 816//816
f 816//816 973//973 817//817
f 817//817 973//973 888//888
f 888//888 973//973 887//887
f 887//887 973//973 958//958
f 887//887 958//958 890//890
f 890//890 958//958 957//957
f 890//890 957//957 891//891
f 799//799 894//894 957//957
f 957//957 894//894 895//895
f 957//957 895//895 891//891
f 974//974 975//975 976//976
f 875//875 974//974 873//873
f 873//873 974//974 976//976
f 873//873 976//976 933//933
f 976//976 977//977 933//933
f 933//933 977//977 766//766
f 933//933 766//766 765//765
f 978//978 979//979 980//980
f 981//981 982//982 983//983
f 983//983 982//982 984//984
f 983//983 984//984 985//985
f 984//984 978//978 985//985
f 985//985 978//978 980//980
f 985//985 980//980 986//986
f 986//986 980//980 987//987
f 986//986 987//987 988//988
f 988//988 987//987 989//989
f 988//988 989//989 990//990
f 990//990 989//989 991//991
f 990//990 991//991 992//992
f 992//992 991//991 993//993
f 992//992 993//993 994//994
f 994//994 993//993 995//995
f 994//994 995//995 996//996
f 996//996 995//995 997//997
f 996//996 997//997 998//998
f 998//998 997//997 999//999
f 998//998 999//999 1000//1000
f 1000//1000 999//999 1001//1001
f 1000//1000 1001//1001 1002//1002
f 1002//1002 1001//1001 1003//1003
f 1002//1002 1003//1003 981//981
f 981//981 1003//1003 1004//1004
f 981//981 1004//1004 982//982
f 24//24 1005//1005 26//26
f 26//26 1005//1005 1006//1006
f 26//26 1006//1006 28//28
f 28//28 1006//1006 1007//1007
f 28//28 1007//1007 30//30
f 30//30 1007//1007 1008//1008
f 30//30 1008//1008 32//32
f 32//32 1008//1008 1009//1009
f 32//32 1009//1009 34//34
f 34//34 1009//1009 1010//1010
f 34//34 1010//1010 36//36
f 36//36 1010//1010 1011//1011
f 36//36 1011//1011 38//38
f 38//38 1011//1011 1012//1012
f 38//38 1012//1012 40//40
f 40//40 1012//1012 1013//1013
f 40//40 1013//1013 42//42
f 42//42 1013//1013 1014//1014
f 42//42 1014//1014 44//44
f 44//44 1014//1014 1015//1015
f 44//44 1015//1015 46//46
f 46//46 1015//1015 1016//1016
f 46//46 1016//1016 24//24
f 24//24 1016//1016 1005//1005
f 221//221 1017//1017 219//219
f 219//219 1017//1017 1018//1018
f 219//219 1018//1018 217//217
f 217//217 1018//1018 1019//1019
f 217//217 1019//1019 215//215
f 215//215 1019//1019 1020//1020
f 215//215 1020//1020 213//213
f 213//213 1020//1020 1021//1021
f 213//213 1021//1021 211//211
f 211//211 1021//1021 1022//1022
f 211//211 1022//1022 233//233
f 233//233 1022//1022 1023//1023
f 233//233 1023//1023 231//231
f 231//231 1023//1023 1024//1024
f 231//231 1024//1024 229//229
f 229//229 1024//1024 1025//1025
f 229//229 1025//1025 227//227
f 227//227 1025//1025 1026//1026
f 227//227 1026//1026 225//225
f 225//225 1026//1026 1027//1027
f 225//225 1027//1027 223//223
f 223//223 1027//1027 1028//1028
f 223//223 1028//1028 221//221
f 221//221 1028//1028 1017//1017
f 287//287 285//285 1029//1029
f 287//287 1029//1029 1030//1030
f 1030//1030 1029//1029 1031//1031
f 1030//1030 1031//1031 1032//1032
f 1032//1032 1031//1031 250//250
f 1032//1032 250//250 249//249
f 294//294 293//293 1033//1033
f 294//294 1033//1033 1034//1034
f 1034//1034 1033//1033 1035//1035
f 1034//1034 1035//1035 1036//1036
f 1036//1036 1035//1035 254//254
f 1036//1036 254//254 255//255
f 252//252 254//254 1037//1037
f 1038//1038 252//252 1039//1039
f 1039//1039 252//252 1037//1037
f 1039//1039 1037//1037 1040//1040
f 1040//1040 1037//1037 1041//1041
f 1040//1040 1041//1041 1042//1042
f 1042//1042 1041//1041 1043//1043
f 1042//1042 1043//1043 1044//1044
f 1044//1044 1045//1045 1046//1046
f 1044//1044 1046//1046 1042//1042
f 1042//1042 1046//1046 1047//1047
f 1042//1042 1047//1047 1040//1040
f 240//240 1038//1038 1039//1039
f 242//242 240//240 1047//1047
f 1047//1047 240//240 1039//1039
f 1047//1047 1039//1039 1040//1040
f 252//252 1038//1038 256//256
f 256//256 1038//1038 1048//1048
f 1049//1049 1050//1050 1051//1051
f 1049//1049 1051//1051 1052//1052
f 1052//1052 1051//1051 1053//1053
f 1052//1052 1053//1053 1054//1054
f 1054//1054 1053//1053 236//236
f 1054//1054 236//236 242//242
f 1055//1055 1056//1056 1057//1057
f 1057//1057 1056//1056 1058//1058
f 1057//1057 1058//1058 1059//1059
f 1059//1059 1058//1058 1060//1060
f 1059//1059 1060//1060 242//242
f 1056//1056 1049//1049 1058//1058
f 1058//1058 1049//1049 1052//1052
f 1058//1058 1052//1052 1060//1060
f 1060//1060 1052//1052 1054//1054
f 1060//1060 1054//1054 242//242
f 1045//1045 1055//1055 1046//1046
f 1046//1046 1055//1055 1057//1057
f 1046//1046 1057//1057 1047//1047
f 1047//1047 1057//1057 1059//1059
f 1047//1047 1059//1059 242//242
f 1049//1049 1061//1061 1050//1050
f 1050//1050 1061//1061 1062//1062
f 1063//1063 1064//1064 1065//1065
f 1063//1063 1065//1065 1066//1066
f 1066//1066 1065//1065 1067//1067
f 1066//1066 1067//1067 1068//1068
f 1068//1068 1067//1067 293//293
f 1068//1068 293//293 269//269
f 1064//1064 1069//1069 1065//1065
f 1065//1065 1069//1069 1070//1070
f 1065//1065 1070//1070 1067//1067
f 1067//1067 1070//1070 1071//1071
f 1067//1067 1071//1071 293//293
f 293//293 1071//1071 1033//1033
f 1069//1069 1072//1072 1070//1070
f 1070//1070 1072//1072 1073//1073
f 1070//1070 1073//1073 1071//1071
f 1071//1071 1073//1073 1074//1074
f 1071//1071 1074//1074 1033//1033
f 1033//1033 1074//1074 1035//1035
f 1072//1072 1043//1043 1073//1073
f 1073//1073 1043//1043 1041//1041
f 1073//1073 1041//1041 1074//1074
f 1074//1074 1041//1041 1037//1037
f 1074//1074 1037//1037 1035//1035
f 1035//1035 1037//1037 254//254
f 1075//1075 1076//1076 1077//1077
f 1075//1075 1077//1077 1078//1078
f 1078//1078 1077//1077 1079//1079
f 1078//1078 1079//1079 1080//1080
f 248//248 1081//1081 1082//1082
f 249//249 248//248 1079//1079
f 1079//1079 248//248 1082//1082
f 1079//1079 1082//1082 1080//1080
f 237//237 236//236 1083//1083
f 1081//1081 237//237 1082//1082
f 1082//1082 237//237 1083//1083
f 1082//1082 1083//1083 1080//1080
f 1080//1080 1083//1083 1084//1084
f 1080//1080 1084//1084 1078//1078
f 1078//1078 1084//1084 1085//1085
f 1078//1078 1085//1085 1075//1075
f 264//264 1086//1086 1087//1087
f 264//264 1087//1087 262//262
f 1088//1088 262//262 1089//1089
f 1089//1089 262//262 1087//1087
f 1089//1089 1087//1087 1090//1090
f 1090//1090 1087//1087 1091//1091
f 1090//1090 1091//1091 1092//1092
f 1092//1092 1091//1091 1093//1093
f 1092//1092 1093//1093 1094//1094
f 1094//1094 1095//1095 1096//1096
f 1094//1094 1096//1096 1092//1092
f 1092//1092 1096//1096 1097//1097
f 1092//1092 1097//1097 1090//1090
f 310//310 1088//1088 1089//1089
f 311//311 310//310 1097//1097
f 1097//1097 310//310 1089//1089
f 1097//1097 1089//1089 1090//1090
f 1098//1098 1099//1099 1100//1100
f 1098//1098 1100//1100 1101//1101
f 1101//1101 1100//1100 1102//1102
f 1101//1101 1102//1102 1103//1103
f 1103//1103 1102//1102 288//288
f 1103//1103 288//288 287//287
f 287//287 1030//1030 1103//1103
f 1103//1103 1030//1030 1104//1104
f 1103//1103 1104//1104 1101//1101
f 1101//1101 1104//1104 1105//1105
f 1101//1101 1105//1105 1098//1098
f 1098//1098 1105//1105 1106//1106
f 1030//1030 1032//1032 1104//1104
f 1104//1104 1032//1032 1107//1107
f 1104//1104 1107//1107 1105//1105
f 1105//1105 1107//1107 1108//1108
f 1105//1105 1108//1108 1106//1106
f 1106//1106 1108//1108 1109//1109
f 1032//1032 249//249 1107//1107
f 1107//1107 249//249 1079//1079
f 1107//1107 1079//1079 1108//1108
f 1108//1108 1079//1079 1077//1077
f 1108//1108 1077//1077 1109//1109
f 1109//1109 1077//1077 1076//1076
f 1110//1110 1111//1111 1112//1112
f 1112//1112 1111//1111 1113//1113
f 1112//1112 1113//1113 1114//1114
f 1114//1114 1113//1113 1115//1115
f 1114//1114 1115//1115 1116//1116
f 1117//1117 322//322 1112//1112
f 1112//1112 322//322 323//323
f 1112//1112 323//323 1110//1110
f 1110//1110 323//323 1118//1118
f 314//314 316//316 1119//1119
f 1118//1118 314//314 1110//1110
f 1110//1110 314//314 1119//1119
f 1110//1110 1119//1119 1111//1111
f 1111//1111 1119//1119 1120//1120
f 1111//1111 1120//1120 1113//1113
f 1113//1113 1120//1120 1121//1121
f 1113//1113 1121//1121 1115//1115
f 1122//1122 1123//1123 1115//1115
f 1085//1085 1122//1122 1075//1075
f 1075//1075 1122//1122 1115//1115
f 1075//1075 1115//1115 1076//1076
f 1076//1076 1115//1115 1121//1121
f 1124//1124 1125//1125 1010//1010
f 1010//1010 1125//1125 1011//1011
f 1009//1009 1126//1126 1010//1010
f 1010//1010 1126//1126 1127//1127
f 1010//1010 1127//1127 1124//1124
f 1007//1007 1128//1128 1008//1008
f 1008//1008 1128//1128 1129//1129
f 1008//1008 1129//1129 1009//1009
f 1009//1009 1129//1129 1130//1130
f 1009//1009 1130//1130 1126//1126
f 1106//1106 1109//1109 1098//1098
f 1098//1098 1109//1109 1076//1076
f 1098//1098 1076//1076 1099//1099
f 1099//1099 1076//1076 1121//1121
f 1099//1099 1121//1121 1131//1131
f 1131//1131 1121//1121 1132//1132
f 1133//1133 1013//1013 1134//1134
f 1134//1134 1013//1013 1012//1012
f 1134//1134 1012//1012 1135//1135
f 1125//1125 1136//1136 1011//1011
f 1011//1011 1136//1136 1137//1137
f 1011//1011 1137//1137 1012//1012
f 1012//1012 1137//1137 1138//1138
f 1012//1012 1138//1138 1135//1135
f 1139//1139 1116//1116 1115//1115
f 1014//1014 1140//1140 1015//1015
f 1015//1015 1140//1140 1141//1141
f 1015//1015 1141//1141 1016//1016
f 1016//1016 1141//1141 1142//1142
f 1016//1016 1142//1142 1005//1005
f 1005//1005 1142//1142 1143//1143
f 1133//1133 1144//1144 1013//1013
f 1013//1013 1144//1144 1145//1145
f 1013//1013 1145//1145 1014//1014
f 1014//1014 1145//1145 1146//1146
f 1014//1014 1146//1146 1140//1140
f 1143//1143 1147//1147 1005//1005
f 1005//1005 1147//1147 1148//1148
f 1005//1005 1148//1148 1006//1006
f 1006//1006 1148//1148 1149//1149
f 1006//1006 1149//1149 1150//1150
f 1007//1007 1006//1006 1128//1128
f 1128//1128 1006//1006 1150//1150
f 1128//1128 1150//1150 1151//1151
f 1151//1151 1150//1150 1152//1152
f 1151//1151 1152//1152 1123//1123
f 1123//1123 1152//1152 1153//1153
f 1123//1123 1153//1153 1115//1115
f 1115//1115 1153//1153 1154//1154
f 1115//1115 1154//1154 1155//1155
f 1156//1156 1157//1157 1158//1158
f 1158//1158 1157//1157 1139//1139
f 1158//1158 1139//1139 1159//1159
f 1159//1159 1139//1139 1115//1115
f 1159//1159 1115//1115 1160//1160
f 1160//1160 1115//1115 1155//1155
f 1161//1161 1162//1162 1163//1163
f 1163//1163 1162//1162 1164//1164
f 1163//1163 1164//1164 1165//1165
f 1165//1165 1164//1164 1166//1166
f 1165//1165 1166//1166 1117//1117
f 1162//1162 1167//1167 1164//1164
f 1164//1164 1167//1167 1168//1168
f 1164//1164 1168//1168 1166//1166
f 1166//1166 1168//1168 1169//1169
f 1166//1166 1169//1169 1117//1117
f 1116//1116 1161//1161 1114//1114
f 1114//1114 1161//1161 1163//1163
f 1114//1114 1163//1163 1112//1112
f 1112//1112 1163//1163 1165//1165
f 1112//1112 1165//1165 1117//1117
f 1117//1117 1086//1086 322//322
f 322//322 1086//1086 264//264
f 1170//1170 1118//1118 323//323
f 985//985 1171//1171 1172//1172
f 985//985 1172//1172 983//983
f 1173//1173 1170//1170 1174//1174
f 1174//1174 1170//1170 323//323
f 1174//1174 323//323 1175//1175
f 1175//1175 323//323 262//262
f 1175//1175 262//262 1088//1088
f 1176//1176 1177//1177 988//988
f 988//988 1177//1177 1173//1173
f 988//988 1173//1173 986//986
f 986//986 1173//1173 1174//1174
f 986//986 1174//1174 985//985
f 985//985 1174//1174 1178//1178
f 985//985 1178//1178 1171//1171
f 1048//1048 1038//1038 240//240
f 1179//1179 1180//1180 992//992
f 992//992 1180//1180 1181//1181
f 992//992 1181//1181 990//990
f 990//990 1181//1181 1182//1182
f 990//990 1182//1182 988//988
f 988//988 1182//1182 1183//1183
f 988//988 1183//1183 1176//1176
f 1184//1184 1048//1048 1185//1185
f 1185//1185 1048//1048 240//240
f 1185//1185 240//240 1186//1186
f 1186//1186 240//240 237//237
f 1186//1186 237//237 1081//1081
f 1187//1187 1188//1188 1000//1000
f 1000//1000 1188//1188 1184//1184
f 1000//1000 1184//1184 998//998
f 998//998 1184//1184 1185//1185
f 998//998 1185//1185 996//996
f 996//996 1185//1185 1189//1189
f 996//996 1189//1189 994//994
f 994//994 1189//1189 1190//1190
f 994//994 1190//1190 992//992
f 992//992 1190//1190 1191//1191
f 992//992 1191//1191 1179//1179
f 1172//1172 1192//1192 983//983
f 983//983 1192//1192 1193//1193
f 983//983 1193//1193 981//981
f 981//981 1193//1193 1194//1194
f 981//981 1194//1194 1002//1002
f 1002//1002 1194//1194 1195//1195
f 1002//1002 1195//1195 1000//1000
f 1000//1000 1195//1195 1196//1196
f 1000//1000 1196//1196 1187//1187
f 316//316 1197//1197 1119//1119
f 1119//1119 1197//1197 1198//1198
f 1119//1119 1198//1198 1120//1120
f 1120//1120 1198//1198 1199//1199
f 1120//1120 1199//1199 1121//1121
f 1121//1121 1199//1199 1132//1132
f 1197//1197 1200//1200 1198//1198
f 1198//1198 1200//1200 1201//1201
f 1198//1198 1201//1201 1199//1199
f 1199//1199 1201//1201 1202//1202
f 1199//1199 1202//1202 1132//1132
f 1132//1132 1202//1202 1131//1131
f 1200//1200 288//288 1201//1201
f 1201//1201 288//288 1102//1102
f 1201//1201 1102//1102 1202//1202
f 1202//1202 1102//1102 1100//1100
f 1202//1202 1100//1100 1131//1131
f 1131//1131 1100//1100 1099//1099
f 1118//1118 1170//1170 314//314
f 314//314 1170//1170 318//318
f 1203//1203 1204//1204 1205//1205
f 1205//1205 1204//1204 1206//1206
f 1205//1205 1206//1206 1207//1207
f 1207//1207 1206//1206 1208//1208
f 1207//1207 1208//1208 1086//1086
f 1204//1204 1093//1093 1206//1206
f 1206//1206 1093//1093 1091//1091
f 1206//1206 1091//1091 1208//1208
f 1208//1208 1091//1091 1087//1087
f 1208//1208 1087//1087 1086//1086
f 1209//1209 1203//1203 1210//1210
f 1210//1210 1203//1203 1205//1205
f 1210//1210 1205//1205 1211//1211
f 1211//1211 1205//1205 1207//1207
f 1211//1211 1207//1207 1086//1086
f 1094//1094 1044//1044 1095//1095
f 1095//1095 1044//1044 1043//1043
f 1212//1212 1028//1028 1213//1213
f 1213//1213 1028//1028 1027//1027
f 1213//1213 1027//1027 1214//1214
f 1214//1214 1027//1027 1215//1215
f 1215//1215 1027//1027 1026//1026
f 1215//1215 1026//1026 1216//1216
f 1217//1217 1218//1218 1063//1063
f 1063//1063 1218//1218 1095//1095
f 1063//1063 1095//1095 1064//1064
f 1064//1064 1095//1095 1043//1043
f 1064//1064 1043//1043 1069//1069
f 1069//1069 1043//1043 1072//1072
f 1219//1219 1220//1220 1025//1025
f 1025//1025 1220//1220 1221//1221
f 1025//1025 1221//1221 1026//1026
f 1026//1026 1221//1221 1222//1222
f 1026//1026 1222//1222 1216//1216
f 1219//1219 1025//1025 1223//1223
f 1223//1223 1025//1025 1024//1024
f 1223//1223 1024//1024 1224//1224
f 1225//1225 1226//1226 1227//1227
f 1228//1228 1225//1225 1022//1022
f 1022//1022 1225//1225 1227//1227
f 1022//1022 1227//1227 1023//1023
f 1023//1023 1227//1227 1229//1229
f 1023//1023 1229//1229 1024//1024
f 1024//1024 1229//1229 1230//1230
f 1024//1024 1230//1230 1224//1224
f 1231//1231 1232//1232 1094//1094
f 1094//1094 1232//1232 1233//1233
f 1094//1094 1233//1233 1234//1234
f 1045//1045 1044//1044 1235//1235
f 1235//1235 1044//1044 1094//1094
f 1235//1235 1094//1094 1236//1236
f 1236//1236 1094//1094 1234//1234
f 1234//1234 1237//1237 1236//1236
f 1236//1236 1237//1237 1238//1238
f 1236//1236 1238//1238 1239//1239
f 1239//1239 1238//1238 1240//1240
f 1228//1228 1022//1022 1241//1241
f 1241//1241 1022//1022 1021//1021
f 1241//1241 1021//1021 1240//1240
f 1240//1240 1021//1021 1020//1020
f 1240//1240 1020//1020 1019//1019
f 1242//1242 1243//1243 1244//1244
f 1212//1212 1245//1245 1028//1028
f 1028//1028 1245//1245 1246//1246
f 1028//1028 1246//1246 1017//1017
f 1017//1017 1246//1246 1247//1247
f 1017//1017 1247//1247 1018//1018
f 1018//1018 1247//1247 1248//1248
f 1018//1018 1248//1248 1019//1019
f 1019//1019 1248//1248 1249//1249
f 1019//1019 1249//1249 1240//1240
f 1240//1240 1249//1249 1250//1250
f 1240//1240 1250//1250 1239//1239
f 1094//1094 1093//1093 1231//1231
f 1231//1231 1093//1093 1242//1242
f 1231//1231 1242//1242 1251//1251
f 1251//1251 1242//1242 1244//1244
f 1095//1095 1218//1218 1096//1096
f 1096//1096 1218//1218 1252//1252
f 1096//1096 1252//1252 1097//1097
f 1097//1097 1252//1252 1253//1253
f 1097//1097 1253//1253 311//311
f 311//311 1253//1253 1254//1254
f 1218//1218 1217//1217 1252//1252
f 1252//1252 1217//1217 1255//1255
f 1252//1252 1255//1255 1253//1253
f 1253//1253 1255//1255 1256//1256
f 1253//1253 1256//1256 1254//1254
f 1254//1254 1256//1256 1257//1257
f 1217//1217 1063//1063 1255//1255
f 1255//1255 1063//1063 1066//1066
f 1255//1255 1066//1066 1256//1256
f 1256//1256 1066//1066 1068//1068
f 1256//1256 1068//1068 1257//1257
f 1257//1257 1068//1068 269//269
f 1175//1175 1088//1088 319//319
f 319//319 1088//1088 310//310
f 257//257 1186//1186 248//248
f 248//248 1186//1186 1081//1081
f 1258//1258 1259//1259 1260//1260
f 1260//1260 1259//1259 1261//1261
f 1260//1260 1261//1261 1262//1262
f 1262//1262 1261//1261 1263//1263
f 1262//1262 1263//1263 236//236
f 1259//1259 1085//1085 1261//1261
f 1261//1261 1085//1085 1084//1084
f 1261//1261 1084//1084 1263//1263
f 1263//1263 1084//1084 1083//1083
f 1263//1263 1083//1083 236//236
f 1050//1050 1258//1258 1051//1051
f 1051//1051 1258//1258 1260//1260
f 1051//1051 1260//1260 1053//1053
f 1053//1053 1260//1260 1262//1262
f 1053//1053 1262//1262 236//236
f 294//294 1034//1034 1264//1264
f 1034//1034 1036//1036 1265//1265
f 1036//1036 255//255 1266//1266
f 1036//1036 1266//1266 1265//1265
f 1265//1265 1266//1266 1267//1267
f 1265//1265 1267//1267 1268//1268
f 1268//1268 1267//1267 1269//1269
f 1268//1268 1269//1269 1270//1270
f 1270//1270 1269//1269 1271//1271
f 1270//1270 1271//1271 1272//1272
f 1272//1272 1271//1271 1273//1273
f 1272//1272 1273//1273 1274//1274
f 1034//1034 1265//1265 1264//1264
f 1264//1264 1265//1265 1268//1268
f 1264//1264 1268//1268 1275//1275
f 1275//1275 1268//1268 1270//1270
f 1275//1275 1270//1270 1276//1276
f 1276//1276 1270//1270 1272//1272
f 1276//1276 1272//1272 1277//1277
f 1277//1277 1272//1272 1274//1274
f 1277//1277 1274//1274 1278//1278
f 294//294 1264//1264 300//300
f 300//300 1264//1264 1275//1275
f 300//300 1275//1275 301//301
f 301//301 1275//1275 1276//1276
f 301//301 1276//1276 303//303
f 303//303 1276//1276 1277//1277
f 303//303 1277//1277 304//304
f 304//304 1277//1277 1278//1278
f 304//304 1278//1278 271//271
f 1279//1279 1280//1280 1281//1281
f 1280//1280 1282//1282 1283//1283
f 1282//1282 291//291 290//290
f 1282//1282 290//290 1283//1283
f 1283//1283 290//290 289//289
f 1283//1283 289//289 1284//1284
f 1284//1284 289//289 295//295
f 1284//1284 295//295 1285//1285
f 1285//1285 295//295 297//297
f 1285//1285 297//297 1286//1286
f 1286//1286 297//297 272//272
f 1286//1286 272//272 1287//1287
f 1287//1287 272//272 271//271
f 1287//1287 271//271 1278//1278
f 1280//1280 1283//1283 1281//1281
f 1281//1281 1283//1283 1284//1284
f 1281//1281 1284//1284 1288//1288
f 1288//1288 1284//1284 1285//1285
f 1288//1288 1285//1285 1289//1289
f 1289//1289 1285//1285 1286//1286
f 1289//1289 1286//1286 1290//1290
f 1290//1290 1286//1286 1287//1287
f 1290//1290 1287//1287 1291//1291
f 1291//1291 1287//1287 1278//1278
f 1291//1291 1278//1278 1274//1274
f 1279//1279 1281//1281 1292//1292
f 1292//1292 1281//1281 1288//1288
f 1292//1292 1288//1288 1293//1293
f 1293//1293 1288//1288 1289//1289
f 1293//1293 1289//1289 1294//1294
f 1294//1294 1289//1289 1290//1290
f 1294//1294 1290//1290 1295//1295
f 1295//1295 1290//1290 1291//1291
f 1295//1295 1291//1291 1296//1296
f 1296//1296 1291//1291 1274//1274
f 1296//1296 1274//1274 1273//1273
f 256//256 1048//1048 1184//1184
f 1195//1195 1273//1273 1271//1271
f 1195//1195 1271//1271 1196//1196
f 1196//1196 1271//1271 1269//1269
f 1196//1196 1269//1269 1187//1187
f 1187//1187 1269//1269 1267//1267
f 1187//1187 1267//1267 1188//1188
f 1188//1188 1267//1267 1266//1266
f 1188//1188 1266//1266 1184//1184
f 1184//1184 1266//1266 255//255
f 1184//1184 255//255 256//256
f 291//291 1282//1282 1297//1297
f 1282//1282 1280//1280 1298//1298
f 1280//1280 1279//1279 1299//1299
f 1280//1280 1299//1299 1298//1298
f 1298//1298 1299//1299 1300//1300
f 1298//1298 1300//1300 1301//1301
f 1301//1301 1300//1300 1302//1302
f 1301//1301 1302//1302 1303//1303
f 1303//1303 1302//1302 1304//1304
f 1303//1303 1304//1304 1305//1305
f 1305//1305 1304//1304 312//312
f 1305//1305 312//312 1306//1306
f 1282//1282 1298//1298 1297//1297
f 1297//1297 1298//1298 1301//1301
f 1297//1297 1301//1301 1307//1307
f 1307//1307 1301//1301 1303//1303
f 1307//1307 1303//1303 1308//1308
f 1308//1308 1303//1303 1305//1305
f 1308//1308 1305//1305 1309//1309
f 1309//1309 1305//1305 1306//1306
f 1309//1309 1306//1306 1310//1310
f 291//291 1297//1297 281//281
f 281//281 1297//1297 1307//1307
f 281//281 1307//1307 275//275
f 275//275 1307//1307 1308//1308
f 275//275 1308//1308 277//277
f 277//277 1308//1308 1309//1309
f 277//277 1309//1309 278//278
f 278//278 1309//1309 1310//1310
f 278//278 1310//1310 267//267
f 1279//1279 1292//1292 1192//1192
f 1192//1192 1292//1292 1193//1193
f 1292//1292 1293//1293 1193//1193
f 1193//1193 1293//1293 1294//1294
f 1193//1193 1294//1294 1194//1194
f 1273//1273 1195//1195 1296//1296
f 1296//1296 1195//1195 1194//1194
f 1296//1296 1194//1194 1295//1295
f 1295//1295 1194//1194 1294//1294
f 269//269 267//267 1310//1310
f 269//269 1310//1310 1257//1257
f 1257//1257 1310//1310 1306//1306
f 1257//1257 1306//1306 1254//1254
f 1254//1254 1306//1306 312//312
f 1254//1254 312//312 311//311
f 319//319 312//312 1304//1304
f 1174//1174 1175//1175 319//319
f 319//319 1304//1304 1174//1174
f 1174//1174 1304//1304 1302//1302
f 1174//1174 1302//1302 1178//1178
f 1178//1178 1302//1302 1300//1300
f 1178//1178 1300//1300 1171//1171
f 1171//1171 1300//1300 1299//1299
f 1171//1171 1299//1299 1172//1172
f 1172//1172 1299//1299 1279//1279
f 1172//1172 1279//1279 1192//1192
f 292//292 1311//1311 1312//1312
f 1311//1311 1313//1313 1314//1314
f 1313//1313 1315//1315 1316//1316
f 1313//1313 1316//1316 1314//1314
f 1314//1314 1316//1316 1317//1317
f 1314//1314 1317//1317 1318//1318
f 1318//1318 1317//1317 1319//1319
f 1318//1318 1319//1319 1320//1320
f 1320//1320 1319//1319 1321//1321
f 1320//1320 1321//1321 1322//1322
f 1322//1322 1321//1321 250//250
f 1322//1322 250//250 1031//1031
f 1311//1311 1314//1314 1312//1312
f 1312//1312 1314//1314 1318//1318
f 1312//1312 1318//1318 1323//1323
f 1323//1323 1318//1318 1320//1320
f 1323//1323 1320//1320 1324//1324
f 1324//1324 1320//1320 1322//1322
f 1324//1324 1322//1322 1325//1325
f 1325//1325 1322//1322 1031//1031
f 1325//1325 1031//1031 1029//1029
f 292//292 1312//1312 273//273
f 273//273 1312//1312 1323//1323
f 273//273 1323//1323 302//302
f 302//302 1323//1323 1324//1324
f 302//302 1324//1324 283//283
f 283//283 1324//1324 1325//1325
f 283//283 1325//1325 284//284
f 284//284 1325//1325 1029//1029
f 284//284 1029//1029 285//285
f 1315//1315 1313//1313 1326//1326
f 1313//1313 1311//1311 1327//1327
f 1311//1311 292//292 306//306
f 1311//1311 306//306 1327//1327
f 1327//1327 306//306 305//305
f 1327//1327 305//305 1328//1328
f 1328//1328 305//305 299//299
f 1328//1328 299//299 1329//1329
f 1329//1329 299//299 298//298
f 1329//1329 298//298 1330//1330
f 1330//1330 298//298 307//307
f 1330//1330 307//307 1331//1331
f 1331//1331 307//307 296//296
f 1331//1331 296//296 1332//1332
f 1313//1313 1327//1327 1326//1326
f 1326//1326 1327//1327 1328//1328
f 1326//1326 1328//1328 1333//1333
f 1333//1333 1328//1328 1329//1329
f 1333//1333 1329//1329 1334//1334
f 1334//1334 1329//1329 1330//1330
f 1334//1334 1330//1330 1335//1335
f 1335//1335 1330//1330 1331//1331
f 1335//1335 1331//1331 1336//1336
f 1336//1336 1331//1331 1332//1332
f 1336//1336 1332//1332 1337//1337
f 1315//1315 1326//1326 1338//1338
f 1338//1338 1326//1326 1333//1333
f 1338//1338 1333//1333 1339//1339
f 1339//1339 1333//1333 1334//1334
f 1339//1339 1334//1334 1340//1340
f 1340//1340 1334//1334 1335//1335
f 1340//1340 1335//1335 1341//1341
f 1341//1341 1335//1335 1336//1336
f 1341//1341 1336//1336 1342//1342
f 1342//1342 1336//1336 1337//1337
f 1342//1342 1337//1337 1343//1343
f 257//257 250//250 1321//1321
f 1185//1185 1186//1186 257//257
f 257//257 1321//1321 1185//1185
f 1185//1185 1321//1321 1319//1319
f 1185//1185 1319//1319 1189//1189
f 1189//1189 1319//1319 1317//1317
f 1189//1189 1317//1317 1190//1190
f 1190//1190 1317//1317 1316//1316
f 1190//1190 1316//1316 1191//1191
f 1191//1191 1316//1316 1315//1315
f 1191//1191 1315//1315 1179//1179
f 276//276 1344//1344 1345//1345
f 1344//1344 1346//1346 1347//1347
f 1346//1346 317//317 1348//1348
f 1346//1346 1348//1348 1347//1347
f 1347//1347 1348//1348 1349//1349
f 1347//1347 1349//1349 1350//1350
f 1350//1350 1349//1349 1351//1351
f 1350//1350 1351//1351 1352//1352
f 1352//1352 1351//1351 1353//1353
f 1352//1352 1353//1353 1354//1354
f 1354//1354 1353//1353 1343//1343
f 1354//1354 1343//1343 1337//1337
f 1344//1344 1347//1347 1345//1345
f 1345//1345 1347//1347 1350//1350
f 1345//1345 1350//1350 1355//1355
f 1355//1355 1350//1350 1352//1352
f 1355//1355 1352//1352 1356//1356
f 1356//1356 1352//1352 1354//1354
f 1356//1356 1354//1354 1357//1357
f 1357//1357 1354//1354 1337//1337
f 1357//1357 1337//1337 1332//1332
f 276//276 1345//1345 274//274
f 274//274 1345//1345 1355//1355
f 274//274 1355//1355 279//279
f 279//279 1355//1355 1356//1356
f 279//279 1356//1356 280//280
f 280//280 1356//1356 1357//1357
f 280//280 1357//1357 282//282
f 282//282 1357//1357 1332//1332
f 282//282 1332//1332 296//296
f 1179//1179 1315//1315 1338//1338
f 1179//1179 1338//1338 1180//1180
f 1338//1338 1339//1339 1180//1180
f 1180//1180 1339//1339 1340//1340
f 1180//1180 1340//1340 1181//1181
f 1343//1343 1182//1182 1342//1342
f 1342//1342 1182//1182 1181//1181
f 1342//1342 1181//1181 1341//1341
f 1341//1341 1181//1181 1340//1340
f 276//276 288//288 1200//1200
f 276//276 1200//1200 1344//1344
f 1344//1344 1200//1200 1197//1197
f 1344//1344 1197//1197 1346//1346
f 1346//1346 1197//1197 316//316
f 1346//1346 316//316 317//317
f 318//318 1170//1170 1173//1173
f 1182//1182 1343//1343 1353//1353
f 1182//1182 1353//1353 1183//1183
f 1183//1183 1353//1353 1351//1351
f 1183//1183 1351//1351 1176//1176
f 1176//1176 1351//1351 1349//1349
f 1176//1176 1349//1349 1177//1177
f 1177//1177 1349//1349 1348//1348
f 1177//1177 1348//1348 1173//1173
f 1173//1173 1348//1348 317//317
f 1173//1173 317//317 318//318
f 1358//1358 1003//1003 1001//1001
f 1358//1358 997//997 995//995
f 999//999 997//997 1358//1358
f 1001//1001 999//999 1358//1358
f 1358//1358 991//991 989//989
f 993//993 991//991 1358//1358
f 995//995 993//993 1358//1358
f 1358//1358 987//987 980//980
f 982//982 1004//1004 1359//1359
f 1358//1358 1360//1360 1361//1361
f 1359//1359 1004//1004 1361//1361
f 1361//1361 1004//1004 1003//1003
f 1361//1361 1003//1003 1358//1358
f 979//979 1362//1362 980//980
f 980//980 1362//1362 1358//1358
f 1360//1360 1358//1358 1362//1362
f 989//989 987//987 1358//1358
f 1167//1167 1209//1209 1210//1210
f 1167//1167 1210//1210 1168//1168
f 1168//1168 1210//1210 1211//1211
f 1168//1168 1211//1211 1169//1169
f 1169//1169 1211//1211 1086//1086
f 1169//1169 1086//1086 1117//1117
f 1122//1122 1085//1085 1259//1259
f 1122//1122 1259//1259 1363//1363
f 1363//1363 1259//1259 1258//1258
f 1363//1363 1258//1258 1364//1364
f 1364//1364 1258//1258 1050//1050
f 1364//1364 1050//1050 1062//1062
f 1045//1045 1235//1235 1365//1365
f 1045//1045 1365//1365 1055//1055
f 1055//1055 1365//1365 1366//1366
f 1055//1055 1366//1366 1056//1056
f 1056//1056 1366//1366 1061//1061
f 1056//1056 1061//1061 1049//1049
f 1139//1139 1367//1367 1116//1116
f 1116//1116 1367//1367 1161//1161
f 1367//1367 1368//1368 1161//1161
f 1161//1161 1368//1368 1369//1369
f 1161//1161 1369//1369 1162//1162
f 1370//1370 1167//1167 1371//1371
f 1371//1371 1167//1167 1162//1162
f 1371//1371 1162//1162 1372//1372
f 1372//1372 1162//1162 1369//1369
f 1373//1373 1374//1374 1375//1375
f 1128//1128 1151//1151 1376//1376
f 1376//1376 1151//1151 1377//1377
f 1376//1376 1377//1377 1378//1378
f 1378//1378 1377//1377 1375//1375
f 1378//1378 1375//1375 1379//1379
f 1379//1379 1375//1375 1374//1374
f 1380//1380 1373//1373 1381//1381
f 1381//1381 1373//1373 1375//1375
f 1381//1381 1375//1375 1382//1382
f 1382//1382 1375//1375 1377//1377
f 1382//1382 1377//1377 1123//1123
f 1123//1123 1377//1377 1151//1151
f 1123//1123 1122//1122 1382//1382
f 1382//1382 1122//1122 1363//1363
f 1382//1382 1363//1363 1381//1381
f 1381//1381 1363//1363 1364//1364
f 1381//1381 1364//1364 1380//1380
f 1380//1380 1364//1364 1062//1062
f 1129//1129 1128//1128 1376//1376
f 1129//1129 1376//1376 1383//1383
f 1383//1383 1376//1376 1378//1378
f 1383//1383 1378//1378 1384//1384
f 1384//1384 1378//1378 1379//1379
f 1384//1384 1379//1379 800//800
f 1129//1129 1383//1383 1385//1385
f 1383//1383 1384//1384 1386//1386
f 1383//1383 1386//1386 1385//1385
f 1385//1385 1386//1386 1387//1387
f 1385//1385 1387//1387 1388//1388
f 1388//1388 1387//1387 1389//1389
f 1388//1388 1389//1389 1390//1390
f 1390//1390 1389//1389 1391//1391
f 1390//1390 1391//1391 1392//1392
f 1392//1392 1391//1391 1393//1393
f 1392//1392 1393//1393 1394//1394
f 1394//1394 1393//1393 1395//1395
f 1394//1394 1395//1395 1396//1396
f 1396//1396 1395//1395 1397//1397
f 1396//1396 1397//1397 1398//1398
f 1398//1398 1397//1397 1399//1399
f 1398//1398 1399//1399 1400//1400
f 1400//1400 1399//1399 1401//1401
f 1400//1400 1401//1401 1402//1402
f 1402//1402 1401//1401 1403//1403
f 1402//1402 1403//1403 1404//1404
f 1404//1404 1403//1403 1405//1405
f 1404//1404 1405//1405 1406//1406
f 1406//1406 1405//1405 1407//1407
f 1406//1406 1407//1407 1408//1408
f 1408//1408 1407//1407 1409//1409
f 1408//1408 1409//1409 1410//1410
f 1410//1410 1409//1409 1411//1411
f 1410//1410 1411//1411 1412//1412
f 1412//1412 1411//1411 1413//1413
f 1412//1412 1413//1413 1414//1414
f 772//772 767//767 1415//1415
f 1415//1415 1413//1413 772//772
f 772//772 1413//1413 1411//1411
f 772//772 1411//1411 771//771
f 771//771 1411//1411 1409//1409
f 771//771 1409//1409 774//774
f 774//774 1409//1409 1407//1407
f 774//774 1407//1407 776//776
f 776//776 1407//1407 1405//1405
f 776//776 1405//1405 778//778
f 778//778 1405//1405 1403//1403
f 778//778 1403//1403 780//780
f 780//780 1403//1403 1401//1401
f 780//780 1401//1401 782//782
f 782//782 1401//1401 1399//1399
f 782//782 1399//1399 784//784
f 784//784 1399//1399 1397//1397
f 784//784 1397//1397 786//786
f 786//786 1397//1397 1395//1395
f 786//786 1395//1395 788//788
f 788//788 1395//1395 1393//1393
f 788//788 1393//1393 790//790
f 790//790 1393//1393 1391//1391
f 790//790 1391//1391 792//792
f 792//792 1391//1391 1389//1389
f 792//792 1389//1389 794//794
f 794//794 1389//1389 1387//1387
f 794//794 1387//1387 796//796
f 796//796 1387//1387 1386//1386
f 796//796 1386//1386 798//798
f 798//798 1386//1386 1384//1384
f 798//798 1384//1384 800//800
f 1415//1415 1416//1416 1413//1413
f 1413//1413 1416//1416 1417//1417
f 1413//1413 1417//1417 1414//1414
f 1414//1414 1417//1417 1418//1418
f 1414//1414 1418//1418 1419//1419
f 1129//1129 1385//1385 1130//1130
f 1130//1130 1385//1385 1388//1388
f 1130//1130 1388//1388 1126//1126
f 1126//1126 1388//1388 1390//1390
f 1126//1126 1390//1390 1127//1127
f 1127//1127 1390//1390 1392//1392
f 1127//1127 1392//1392 1124//1124
f 1124//1124 1392//1392 1394//1394
f 1124//1124 1394//1394 1125//1125
f 1125//1125 1394//1394 1396//1396
f 1125//1125 1396//1396 1136//1136
f 1136//1136 1396//1396 1398//1398
f 1136//1136 1398//1398 1137//1137
f 1137//1137 1398//1398 1400//1400
f 1137//1137 1400//1400 1138//1138
f 1138//1138 1400//1400 1402//1402
f 1138//1138 1402//1402 1135//1135
f 1135//1135 1402//1402 1404//1404
f 1135//1135 1404//1404 1134//1134
f 1134//1134 1404//1404 1406//1406
f 1134//1134 1406//1406 1133//1133
f 1133//1133 1406//1406 1408//1408
f 1133//1133 1408//1408 1144//1144
f 1144//1144 1408//1408 1410//1410
f 1144//1144 1410//1410 1145//1145
f 1145//1145 1410//1410 1412//1412
f 1145//1145 1412//1412 1146//1146
f 1146//1146 1412//1412 1414//1414
f 1146//1146 1414//1414 1140//1140
f 1140//1140 1414//1414 1419//1419
f 1140//1140 1419//1419 1141//1141
f 1141//1141 1419//1419 1142//1142
f 1142//1142 1419//1419 1420//1420
f 1420//1420 1419//1419 1421//1421
f 1421//1421 1419//1419 1418//1418
f 1421//1421 1418//1418 1422//1422
f 1422//1422 1418//1418 1417//1417
f 1422//1422 1417//1417 1423//1423
f 1423//1423 1417//1417 1416//1416
f 1423//1423 1416//1416 1424//1424
f 1416//1416 1415//1415 1424//1424
f 1424//1424 1415//1415 767//767
f 1424//1424 767//767 766//766
f 766//766 977//977 1424//1424
f 1424//1424 977//977 1425//1425
f 1424//1424 1425//1425 1423//1423
f 1423//1423 1425//1425 1422//1422
f 1422//1422 1425//1425 1426//1426
f 1422//1422 1426//1426 1421//1421
f 1421//1421 1426//1426 1420//1420
f 1420//1420 1426//1426 1143//1143
f 1420//1420 1143//1143 1142//1142
f 977//977 976//976 1425//1425
f 1425//1425 976//976 1427//1427
f 1425//1425 1427//1427 1426//1426
f 1426//1426 1427//1427 1428//1428
f 1426//1426 1428//1428 1143//1143
f 1143//1143 1428//1428 1147//1147
f 1148//1148 1147//1147 1428//1428
f 1148//1148 1428//1428 1429//1429
f 1429//1429 1428//1428 1427//1427
f 1429//1429 1427//1427 1430//1430
f 1430//1430 1427//1427 976//976
f 1430//1430 976//976 1431//1431
f 1432//1432 1433//1433 1434//1434
f 1433//1433 1435//1435 1436//1436
f 1435//1435 1159//1159 1160//1160
f 1435//1435 1160//1160 1436//1436
f 1436//1436 1160//1160 1155//1155
f 1436//1436 1155//1155 1437//1437
f 1437//1437 1155//1155 1154//1154
f 1437//1437 1154//1154 1438//1438
f 1438//1438 1154//1154 1153//1153
f 1438//1438 1153//1153 1439//1439
f 1439//1439 1153//1153 1152//1152
f 1439//1439 1152//1152 1440//1440
f 1440//1440 1152//1152 1150//1150
f 1440//1440 1150//1150 1441//1441
f 1441//1441 1150//1150 1149//1149
f 1441//1441 1149//1149 1442//1442
f 1442//1442 1149//1149 1148//1148
f 1442//1442 1148//1148 1429//1429
f 1433//1433 1436//1436 1434//1434
f 1434//1434 1436//1436 1437//1437
f 1434//1434 1437//1437 1443//1443
f 1443//1443 1437//1437 1438//1438
f 1443//1443 1438//1438 1444//1444
f 1444//1444 1438//1438 1439//1439
f 1444//1444 1439//1439 1445//1445
f 1445//1445 1439//1439 1440//1440
f 1445//1445 1440//1440 1446//1446
f 1446//1446 1440//1440 1441//1441
f 1446//1446 1441//1441 1447//1447
f 1447//1447 1441//1441 1442//1442
f 1447//1447 1442//1442 1448//1448
f 1448//1448 1442//1442 1429//1429
f 1448//1448 1429//1429 1430//1430
f 1432//1432 1434//1434 1449//1449
f 1449//1449 1434//1434 1443//1443
f 1449//1449 1443//1443 1450//1450
f 1450//1450 1443//1443 1444//1444
f 1450//1450 1444//1444 1451//1451
f 1451//1451 1444//1444 1445//1445
f 1451//1451 1445//1445 1452//1452
f 1452//1452 1445//1445 1446//1446
f 1452//1452 1446//1446 1453//1453
f 1453//1453 1446//1446 1447//1447
f 1453//1453 1447//1447 1454//1454
f 1454//1454 1447//1447 1448//1448
f 1454//1454 1448//1448 1455//1455
f 1455//1455 1448//1448 1430//1430
f 1455//1455 1430//1430 1431//1431
f 1158//1158 1159//1159 1456//1456
f 1456//1456 1159//1159 1435//1435
f 1456//1456 1435//1435 1457//1457
f 1457//1457 1435//1435 1458//1458
f 1458//1458 1435//1435 1433//1433
f 1458//1458 1433//1433 1459//1459
f 1459//1459 1433//1433 1460//1460
f 1460//1460 1433//1433 1432//1432
f 1460//1460 1432//1432 1461//1461
f 1462//1462 1463//1463 1370//1370
f 1461//1461 1464//1464 1460//1460
f 1460//1460 1464//1464 1465//1465
f 1460//1460 1465//1465 1459//1459
f 1459//1459 1465//1465 1466//1466
f 1370//1370 1371//1371 1462//1462
f 1462//1462 1371//1371 1372//1372
f 1462//1462 1372//1372 1467//1467
f 1468//1468 1457//1457 1466//1466
f 1466//1466 1457//1457 1458//1458
f 1466//1466 1458//1458 1459//1459
f 1156//1156 1158//1158 1468//1468
f 1468//1468 1158//1158 1456//1456
f 1468//1468 1456//1456 1457//1457
f 1464//1464 1463//1463 1465//1465
f 1465//1465 1463//1463 1462//1462
f 1465//1465 1462//1462 1466//1466
f 1466//1466 1462//1462 1467//1467
f 1466//1466 1467//1467 1468//1468
f 1468//1468 1467//1467 1469//1469
f 1468//1468 1469//1469 1156//1156
f 1156//1156 1469//1469 1157//1157
f 1372//1372 1369//1369 1467//1467
f 1467//1467 1369//1369 1368//1368
f 1467//1467 1368//1368 1469//1469
f 1469//1469 1368//1368 1367//1367
f 1469//1469 1367//1367 1157//1157
f 1157//1157 1367//1367 1139//1139
f 1242//1242 1093//1093 1470//1470
f 1470//1470 1093//1093 1204//1204
f 1470//1470 1204//1204 1471//1471
f 1471//1471 1204//1204 1472//1472
f 1472//1472 1204//1204 1203//1203
f 1472//1472 1203//1203 1473//1473
f 1473//1473 1203//1203 1474//1474
f 1474//1474 1203//1203 1209//1209
f 1474//1474 1209//1209 1475//1475
f 1476//1476 1243//1243 1242//1242
f 1251//1251 1244//1244 1477//1477
f 1477//1477 1244//1244 1478//1478
f 1477//1477 1478//1478 1479//1479
f 1479//1479 1478//1478 1480//1480
f 1242//1242 1470//1470 1476//1476
f 1476//1476 1470//1470 1471//1471
f 1476//1476 1471//1471 1481//1481
f 1482//1482 1483//1483 1480//1480
f 1480//1480 1483//1483 1484//1484
f 1480//1480 1484//1484 1479//1479
f 1485//1485 1486//1486 1482//1482
f 1482//1482 1486//1486 1487//1487
f 1482//1482 1487//1487 1483//1483
f 1244//1244 1243//1243 1478//1478
f 1478//1478 1243//1243 1476//1476
f 1478//1478 1476//1476 1480//1480
f 1480//1480 1476//1476 1481//1481
f 1480//1480 1481//1481 1482//1482
f 1482//1482 1481//1481 1488//1488
f 1482//1482 1488//1488 1485//1485
f 1485//1485 1488//1488 1489//1489
f 1471//1471 1472//1472 1481//1481
f 1481//1481 1472//1472 1473//1473
f 1481//1481 1473//1473 1488//1488
f 1488//1488 1473//1473 1474//1474
f 1488//1488 1474//1474 1489//1489
f 1489//1489 1474//1474 1475//1475
f 1486//1486 1490//1490 1487//1487
f 1487//1487 1490//1490 1491//1491
f 1487//1487 1491//1491 1483//1483
f 1483//1483 1491//1491 1484//1484
f 1484//1484 1491//1491 1492//1492
f 1484//1484 1492//1492 1479//1479
f 1479//1479 1492//1492 1477//1477
f 1477//1477 1492//1492 1231//1231
f 1477//1477 1231//1231 1251//1251
f 1493//1493 1228//1228 1241//1241
f 1494//1494 1495//1495 1496//1496
f 1497//1497 1498//1498 1499//1499
f 1231//1231 1492//1492 1500//1500
f 1492//1492 1491//1491 1501//1501
f 1491//1491 1490//1490 1502//1502
f 1491//1491 1502//1502 1501//1501
f 1501//1501 1502//1502 1503//1503
f 1501//1501 1503//1503 1504//1504
f 1504//1504 1503//1503 1505//1505
f 1504//1504 1505//1505 1506//1506
f 1506//1506 1505//1505 1507//1507
f 1506//1506 1507//1507 1508//1508
f 1508//1508 1507//1507 1509//1509
f 1508//1508 1509//1509 1510//1510
f 1510//1510 1509//1509 1511//1511
f 1510//1510 1511//1511 1512//1512
f 1512//1512 1511//1511 1513//1513
f 1512//1512 1513//1513 1499//1499
f 1499//1499 1513//1513 1514//1514
f 1499//1499 1514//1514 1497//1497
f 1492//1492 1501//1501 1500//1500
f 1500//1500 1501//1501 1504//1504
f 1500//1500 1504//1504 1515//1515
f 1515//1515 1504//1504 1506//1506
f 1515//1515 1506//1506 1516//1516
f 1516//1516 1506//1506 1508//1508
f 1516//1516 1508//1508 1517//1517
f 1517//1517 1508//1508 1510//1510
f 1517//1517 1510//1510 1518//1518
f 1518//1518 1510//1510 1512//1512
f 1518//1518 1512//1512 1519//1519
f 1519//1519 1512//1512 1499//1499
f 1519//1519 1499//1499 1496//1496
f 1496//1496 1499//1499 1498//1498
f 1496//1496 1498//1498 1494//1494
f 1231//1231 1500//1500 1232//1232
f 1232//1232 1500//1500 1515//1515
f 1232//1232 1515//1515 1233//1233
f 1233//1233 1515//1515 1516//1516
f 1233//1233 1516//1516 1234//1234
f 1234//1234 1516//1516 1517//1517
f 1234//1234 1517//1517 1237//1237
f 1237//1237 1517//1517 1518//1518
f 1237//1237 1518//1518 1238//1238
f 1238//1238 1518//1518 1519//1519
f 1238//1238 1519//1519 1240//1240
f 1240//1240 1519//1519 1496//1496
f 1240//1240 1496//1496 1241//1241
f 1241//1241 1496//1496 1495//1495
f 1241//1241 1495//1495 1493//1493
f 1520//1520 1521//1521 1514//1514
f 1514//1514 1521//1521 1497//1497
f 1497//1497 1521//1521 1498//1498
f 1498//1498 1521//1521 1522//1522
f 1498//1498 1522//1522 1494//1494
f 1494//1494 1522//1522 1523//1523
f 1494//1494 1523//1523 1495//1495
f 1495//1495 1523//1523 1524//1524
f 1495//1495 1524//1524 1493//1493
f 1524//1524 1525//1525 1493//1493
f 1493//1493 1525//1525 1225//1225
f 1493//1493 1225//1225 1228//1228
f 1526//1526 1527//1527 1528//1528
f 1525//1525 1524//1524 1528//1528
f 1529//1529 1227//1227 1226//1226
f 1225//1225 1525//1525 1226//1226
f 1226//1226 1525//1525 1528//1528
f 1226//1226 1528//1528 1529//1529
f 1529//1529 1528//1528 1527//1527
f 1524//1524 1523//1523 1528//1528
f 1528//1528 1523//1523 1530//1530
f 1528//1528 1530//1530 1526//1526
f 1526//1526 1530//1530 1531//1531
f 1531//1531 1530//1530 1532//1532
f 1532//1532 1530//1530 1533//1533
f 1532//1532 1533//1533 714//714
f 1520//1520 1533//1533 1521//1521
f 1521//1521 1533//1533 1530//1530
f 1521//1521 1530//1530 1522//1522
f 1522//1522 1530//1530 1523//1523
f 1227//1227 1529//1529 1229//1229
f 1229//1229 1529//1529 1534//1534
f 1534//1534 1529//1529 1535//1535
f 1535//1535 1529//1529 1527//1527
f 1535//1535 1527//1527 1536//1536
f 1536//1536 1527//1527 1526//1526
f 1536//1536 1526//1526 1537//1537
f 1537//1537 1526//1526 1531//1531
f 1537//1537 1531//1531 1538//1538
f 1531//1531 1532//1532 1538//1538
f 1538//1538 1532//1532 714//714
f 1538//1538 714//714 713//713
f 1539//1539 1540//1540 1541//1541
f 1541//1541 1540//1540 1542//1542
f 1543//1543 1544//1544 1545//1545
f 1545//1545 1544//1544 1539//1539
f 745//745 747//747 1543//1543
f 1539//1539 1541//1541 1545//1545
f 1545//1545 1541//1541 1546//1546
f 1545//1545 1546//1546 1547//1547
f 1547//1547 1546//1546 1548//1548
f 1547//1547 1548//1548 1549//1549
f 1549//1549 1548//1548 1550//1550
f 1549//1549 1550//1550 1551//1551
f 1551//1551 1550//1550 1552//1552
f 1551//1551 1552//1552 1553//1553
f 1553//1553 1552//1552 1554//1554
f 1553//1553 1554//1554 1555//1555
f 1555//1555 1554//1554 1556//1556
f 1555//1555 1556//1556 1557//1557
f 1557//1557 1556//1556 1558//1558
f 1557//1557 1558//1558 1559//1559
f 1559//1559 1558//1558 1560//1560
f 1559//1559 1560//1560 1561//1561
f 1561//1561 1560//1560 1562//1562
f 1561//1561 1562//1562 1563//1563
f 1563//1563 1562//1562 1564//1564
f 1563//1563 1564//1564 1565//1565
f 1565//1565 1564//1564 1566//1566
f 1565//1565 1566//1566 1567//1567
f 1567//1567 1566//1566 1568//1568
f 1567//1567 1568//1568 1569//1569
f 1569//1569 1568//1568 1570//1570
f 1569//1569 1570//1570 1571//1571
f 1571//1571 1570//1570 1572//1572
f 1571//1571 1572//1572 1573//1573
f 1230//1230 1229//1229 1534//1534
f 1534//1534 1572//1572 1230//1230
f 1230//1230 1572//1572 1570//1570
f 1230//1230 1570//1570 1224//1224
f 1224//1224 1570//1570 1568//1568
f 1224//1224 1568//1568 1223//1223
f 1223//1223 1568//1568 1566//1566
f 1223//1223 1566//1566 1219//1219
f 1219//1219 1566//1566 1564//1564
f 1219//1219 1564//1564 1220//1220
f 1220//1220 1564//1564 1562//1562
f 1220//1220 1562//1562 1221//1221
f 1221//1221 1562//1562 1560//1560
f 1221//1221 1560//1560 1222//1222
f 1222//1222 1560//1560 1558//1558
f 1222//1222 1558//1558 1216//1216
f 1216//1216 1558//1558 1556//1556
f 1216//1216 1556//1556 1215//1215
f 1215//1215 1556//1556 1554//1554
f 1215//1215 1554//1554 1214//1214
f 1214//1214 1554//1554 1552//1552
f 1214//1214 1552//1552 1213//1213
f 1213//1213 1552//1552 1550//1550
f 1213//1213 1550//1550 1212//1212
f 1212//1212 1550//1550 1548//1548
f 1212//1212 1548//1548 1245//1245
f 1245//1245 1548//1548 1546//1546
f 1245//1245 1546//1546 1246//1246
f 1246//1246 1546//1546 1541//1541
f 1246//1246 1541//1541 1247//1247
f 1247//1247 1541//1541 1542//1542
f 1247//1247 1542//1542 1248//1248
f 1534//1534 1535//1535 1572//1572
f 1572//1572 1535//1535 1536//1536
f 1572//1572 1536//1536 1573//1573
f 1573//1573 1536//1536 1537//1537
f 1573//1573 1537//1537 1538//1538
f 1543//1543 1545//1545 745//745
f 745//745 1545//1545 1547//1547
f 745//745 1547//1547 743//743
f 743//743 1547//1547 1549//1549
f 743//743 1549//1549 741//741
f 741//741 1549//1549 1551//1551
f 741//741 1551//1551 739//739
f 739//739 1551//1551 1553//1553
f 739//739 1553//1553 737//737
f 737//737 1553//1553 1555//1555
f 737//737 1555//1555 735//735
f 735//735 1555//1555 1557//1557
f 735//735 1557//1557 733//733
f 733//733 1557//1557 1559//1559
f 733//733 1559//1559 731//731
f 731//731 1559//1559 1561//1561
f 731//731 1561//1561 729//729
f 729//729 1561//1561 1563//1563
f 729//729 1563//1563 727//727
f 727//727 1563//1563 1565//1565
f 727//727 1565//1565 725//725
f 725//725 1565//1565 1567//1567
f 725//725 1567//1567 723//723
f 723//723 1567//1567 1569//1569
f 723//723 1569//1569 721//721
f 721//721 1569//1569 1571//1571
f 721//721 1571//1571 718//718
f 718//718 1571//1571 1573//1573
f 718//718 1573//1573 717//717
f 717//717 1573//1573 1538//1538
f 717//717 1538//1538 713//713
f 1248//1248 1542//1542 1249//1249
f 1249//1249 1542//1542 1574//1574
f 1574//1574 1542//1542 1575//1575
f 1575//1575 1542//1542 1540//1540
f 1575//1575 1540//1540 1576//1576
f 1576//1576 1540//1540 1539//1539
f 1576//1576 1539//1539 1577//1577
f 1577//1577 1539//1539 1544//1544
f 1577//1577 1544//1544 1578//1578
f 1544//1544 1543//1543 1578//1578
f 1578//1578 1543//1543 747//747
f 1578//1578 747//747 1579//1579
f 1578//1578 1579//1579 1580//1580
f 1576//1576 1577//1577 1581//1581
f 1581//1581 1577//1577 1578//1578
f 1574//1574 1575//1575 1582//1582
f 1582//1582 1575//1575 1576//1576
f 1250//1250 1249//1249 1574//1574
f 1578//1578 1580//1580 1581//1581
f 1581//1581 1580//1580 1583//1583
f 1581//1581 1583//1583 1584//1584
f 1584//1584 1583//1583 1585//1585
f 1584//1584 1585//1585 1586//1586
f 1586//1586 1585//1585 1061//1061
f 1586//1586 1061//1061 1366//1366
f 1576//1576 1581//1581 1582//1582
f 1582//1582 1581//1581 1584//1584
f 1582//1582 1584//1584 1587//1587
f 1587//1587 1584//1584 1586//1586
f 1587//1587 1586//1586 1588//1588
f 1588//1588 1586//1586 1366//1366
f 1588//1588 1366//1366 1365//1365
f 1574//1574 1582//1582 1250//1250
f 1250//1250 1582//1582 1587//1587
f 1250//1250 1587//1587 1239//1239
f 1239//1239 1587//1587 1588//1588
f 1239//1239 1588//1588 1236//1236
f 1236//1236 1588//1588 1365//1365
f 1236//1236 1365//1365 1235//1235
f 1579//1579 1379//1379 1580//1580
f 1580//1580 1379//1379 1374//1374
f 1580//1580 1374//1374 1583//1583
f 1583//1583 1374//1374 1373//1373
f 1583//1583 1373//1373 1585//1585
f 1585//1585 1373//1373 1380//1380
f 1585//1585 1380//1380 1061//1061
f 1061//1061 1380//1380 1062//1062
f 747//747 748//748 892//892
f 799//799 800//800 894//894
f 894//894 800//800 1379//1379
f 894//894 1379//1379 892//892
f 892//892 1379//1379 1579//1579
f 892//892 1579//1579 747//747
f 716//716 714//714 1533//1533
f 1589//1589 871//871 865//865
f 1590//1590 1589//1589 1520//1520
f 1520//1520 1589//1589 865//865
f 1520//1520 865//865 1533//1533
f 1533//1533 865//865 864//864
f 1533//1533 864//864 716//716
f 879//879 1591//1591 1592//1592
f 879//879 1592//1592 880//880
f 880//880 1592//1592 1593//1593
f 880//880 1593//1593 882//882
f 882//882 1593//1593 1594//1594
f 882//882 1594//1594 875//875
f 875//875 1594//1594 1595//1595
f 875//875 1595//1595 974//974
f 1596//1596 878//878 1597//1597
f 1597//1597 878//878 877//877
f 877//877 872//872 1597//1597
f 1597//1597 872//872 871//871
f 1597//1597 871//871 1598//1598
f 1598//1598 871//871 1589//1589
f 1598//1598 1589//1589 1599//1599
f 879//879 878//878 1591//1591
f 1591//1591 878//878 1596//1596
f 1209//1209 1167//1167 1600//1600
f 1600//1600 1167//1167 1370//1370
f 1475//1475 1209//1209 1601//1601
f 1601//1601 1209//1209 1600//1600
f 1601//1601 1600//1600 1602//1602
f 1602//1602 1600//1600 1603//1603
f 1604//1604 1605//1605 1606//1606
f 1606//1606 1605//1605 1431//1431
f 1606//1606 1431//1431 1607//1607
f 1607//1607 1431//1431 976//976
f 1607//1607 976//976 1608//1608
f 1608//1608 976//976 975//975
f 1432//1432 1449//1449 1609//1609
f 1609//1609 1449//1449 1610//1610
f 1449//1449 1450//1450 1610//1610
f 1610//1610 1450//1450 1451//1451
f 1610//1610 1451//1451 1611//1611
f 1451//1451 1452//1452 1611//1611
f 1611//1611 1452//1452 1453//1453
f 1611//1611 1453//1453 1612//1612
f 1431//1431 1605//1605 1455//1455
f 1455//1455 1605//1605 1612//1612
f 1455//1455 1612//1612 1454//1454
f 1454//1454 1612//1612 1453//1453
f 1432//1432 1609//1609 1461//1461
f 1461//1461 1609//1609 1613//1613
f 1461//1461 1613//1613 1614//1614
f 1615//1615 1370//1370 1616//1616
f 1616//1616 1370//1370 1463//1463
f 1616//1616 1463//1463 1617//1617
f 1615//1615 1618//1618 1370//1370
f 1370//1370 1618//1618 1619//1619
f 1370//1370 1619//1619 1600//1600
f 1617//1617 1463//1463 1614//1614
f 1614//1614 1463//1463 1464//1464
f 1614//1614 1464//1464 1461//1461
f 1620//1620 1486//1486 1485//1485
f 1489//1489 1621//1621 1485//1485
f 1485//1485 1621//1621 1622//1622
f 1485//1485 1622//1622 1620//1620
f 1475//1475 1601//1601 1623//1623
f 1623//1623 1624//1624 1475//1475
f 1475//1475 1624//1624 1625//1625
f 1475//1475 1625//1625 1489//1489
f 1489//1489 1625//1625 1626//1626
f 1489//1489 1626//1626 1621//1621
f 1486//1486 1620//1620 1490//1490
f 1490//1490 1620//1620 1627//1627
f 1514//1514 1513//1513 1628//1628
f 1628//1628 1513//1513 1629//1629
f 1513//1513 1511//1511 1629//1629
f 1629//1629 1511//1511 1509//1509
f 1629//1629 1509//1509 1630//1630
f 1509//1509 1507//1507 1630//1630
f 1630//1630 1507//1507 1505//1505
f 1630//1630 1505//1505 1631//1631
f 1490//1490 1627//1627 1502//1502
f 1502//1502 1627//1627 1631//1631
f 1502//1502 1631//1631 1503//1503
f 1503//1503 1631//1631 1505//1505
f 1632//1632 1633//1633 1590//1590
f 1514//1514 1628//1628 1634//1634
f 1634//1634 1635//1635 1514//1514
f 1514//1514 1635//1635 1632//1632
f 1514//1514 1632//1632 1520//1520
f 1520//1520 1632//1632 1590//1590
f 538//538 1636//1636 540//540
f 540//540 1636//1636 1637//1637
f 540//540 1637//1637 541//541
f 541//541 1637//1637 1638//1638
f 541//541 1638//1638 525//525
f 525//525 1638//1638 1639//1639
f 525//525 1639//1639 527//527
f 527//527 1639//1639 1640//1640
f 527//527 1640//1640 529//529
f 529//529 1640//1640 1641//1641
f 529//529 1641//1641 531//531
f 531//531 1641//1641 1642//1642
f 531//531 1642//1642 532//532
f 532//532 1642//1642 1643//1643
f 532//532 1643//1643 523//523
f 523//523 1643//1643 1644//1644
f 523//523 1644//1644 521//521
f 521//521 1644//1644 1645//1645
f 521//521 1645//1645 519//519
f 519//519 1645//1645 1646//1646
f 519//519 1646//1646 517//517
f 517//517 1646//1646 1647//1647
f 517//517 1647//1647 516//516
f 516//516 1647//1647 1648//1648
f 516//516 1648//1648 533//533
f 533//533 1648//1648 1649//1649
f 533//533 1649//1649 534//534
f 534//534 1649//1649 1650//1650
f 534//534 1650//1650 536//536
f 536//536 1650//1650 1651//1651
f 536//536 1651//1651 538//538
f 538//538 1651//1651 1636//1636
f 1637//1637 1652//1652 1638//1638
f 1638//1638 1652//1652 1653//1653
f 1638//1638 1653//1653 1639//1639
f 1639//1639 1653//1653 1654//1654
f 1639//1639 1654//1654 1640//1640
f 1640//1640 1654//1654 1655//1655
f 1640//1640 1655//1655 1641//1641
f 1641//1641 1655//1655 1656//1656
f 1641//1641 1656//1656 1642//1642
f 1642//1642 1656//1656 1657//1657
f 1642//1642 1657//1657 1643//1643
f 1643//1643 1657//1657 1658//1658
f 1643//1643 1658//1658 1644//1644
f 1644//1644 1658//1658 1659//1659
f 1644//1644 1659//1659 1645//1645
f 1645//1645 1659//1659 1660//1660
f 1645//1645 1660//1660 1646//1646
f 1646//1646 1660//1660 1661//1661
f 1646//1646 1661//1661 1647//1647
f 1647//1647 1661//1661 1662//1662
f 1647//1647 1662//1662 1648//1648
f 1648//1648 1662//1662 1663//1663
f 1648//1648 1663//1663 1649//1649
f 1649//1649 1663//1663 1664//1664
f 1649//1649 1664//1664 1650//1650
f 1650//1650 1664//1664 1665//1665
f 1650//1650 1665//1665 1651//1651
f 1651//1651 1665//1665 1666//1666
f 1651//1651 1666//1666 1636//1636
f 1636//1636 1666//1666 1667//1667
f 1636//1636 1667//1667 1637//1637
f 1637//1637 1667//1667 1652//1652
f 1668//1668 1617//1617 1614//1614
f 1669//1669 1608//1608 975//975
f 1670//1670 1671//1671 1666//1666
f 1672//1672 1660//1660 1604//1604
f 1604//1604 1660//1660 1605//1605
f 1660//1660 1659//1659 1605//1605
f 1605//1605 1659//1659 1658//1658
f 1605//1605 1658//1658 1612//1612
f 1612//1612 1658//1658 1657//1657
f 1612//1612 1657//1657 1611//1611
f 1611//1611 1657//1657 1656//1656
f 1611//1611 1656//1656 1610//1610
f 1610//1610 1656//1656 1609//1609
f 1609//1609 1656//1656 1655//1655
f 1609//1609 1655//1655 1613//1613
f 1671//1671 1673//1673 1666//1666
f 1666//1666 1673//1673 1674//1674
f 1666//1666 1674//1674 1667//1667
f 1667//1667 1674//1674 1668//1668
f 1667//1667 1668//1668 1652//1652
f 1652//1652 1668//1668 1614//1614
f 1652//1652 1614//1614 1653//1653
f 1653//1653 1614//1614 1613//1613
f 1653//1653 1613//1613 1654//1654
f 1654//1654 1613//1613 1655//1655
f 974//974 1663//1663 1662//1662
f 1670//1670 1666//1666 1675//1675
f 1675//1675 1666//1666 1665//1665
f 1675//1675 1665//1665 1595//1595
f 1595//1595 1665//1665 974//974
f 974//974 1665//1665 1664//1664
f 974//974 1664//1664 1663//1663
f 975//975 974//974 1669//1669
f 1669//1669 974//974 1662//1662
f 1669//1669 1662//1662 1672//1672
f 1672//1672 1662//1662 1661//1661
f 1672//1672 1661//1661 1660//1660
f 621//621 619//619 1676//1676
f 617//617 1677//1677 619//619
f 619//619 1677//1677 1678//1678
f 619//619 1678//1678 1676//1676
f 633//633 1679//1679 617//617
f 617//617 1679//1679 1680//1680
f 617//617 1680//1680 1677//1677
f 632//632 1681//1681 633//633
f 633//633 1681//1681 1682//1682
f 633//633 1682//1682 1679//1679
f 630//630 1683//1683 632//632
f 632//632 1683//1683 1684//1684
f 632//632 1684//1684 1681//1681
f 628//628 1685//1685 630//630
f 630//630 1685//1685 1686//1686
f 630//630 1686//1686 1683//1683
f 626//626 1687//1687 628//628
f 628//628 1687//1687 1688//1688
f 628//628 1688//1688 1685//1685
f 625//625 1689//1689 626//626
f 626//626 1689//1689 1690//1690
f 626//626 1690//1690 1687//1687
f 614//614 1691//1691 625//625
f 625//625 1691//1691 1692//1692
f 625//625 1692//1692 1689//1689
f 612//612 1693//1693 614//614
f 614//614 1693//1693 1694//1694
f 614//614 1694//1694 1691//1691
f 610//610 1695//1695 612//612
f 612//612 1695//1695 1696//1696
f 612//612 1696//1696 1693//1693
f 608//608 1697//1697 610//610
f 610//610 1697//1697 1698//1698
f 610//610 1698//1698 1695//1695
f 624//624 1699//1699 608//608
f 608//608 1699//1699 1700//1700
f 608//608 1700//1700 1697//1697
f 623//623 1701//1701 624//624
f 624//624 1701//1701 1702//1702
f 624//624 1702//1702 1699//1699
f 1676//1676 1703//1703 621//621
f 621//621 1703//1703 1704//1704
f 621//621 1704//1704 623//623
f 623//623 1704//1704 1705//1705
f 623//623 1705//1705 1701//1701
f 1706//1706 1707//1707 1692//1692
f 1692//1692 1691//1691 1706//1706
f 1706//1706 1691//1691 1694//1694
f 1706//1706 1694//1694 1708//1708
f 1694//1694 1693//1693 1708//1708
f 1708//1708 1693//1693 1696//1696
f 1708//1708 1696//1696 1709//1709
f 1696//1696 1695//1695 1709//1709
f 1709//1709 1695//1695 1698//1698
f 1709//1709 1698//1698 1710//1710
f 1698//1698 1697//1697 1710//1710
f 1710//1710 1697//1697 1700//1700
f 1710//1710 1700//1700 1711//1711
f 1700//1700 1699//1699 1711//1711
f 1711//1711 1699//1699 1702//1702
f 1711//1711 1702//1702 1712//1712
f 1702//1702 1701//1701 1712//1712
f 1712//1712 1701//1701 1705//1705
f 1712//1712 1705//1705 1713//1713
f 1705//1705 1704//1704 1713//1713
f 1713//1713 1704//1704 1703//1703
f 1713//1713 1703//1703 1714//1714
f 1703//1703 1676//1676 1714//1714
f 1714//1714 1676//1676 1678//1678
f 1714//1714 1678//1678 1715//1715
f 1678//1678 1677//1677 1715//1715
f 1715//1715 1677//1677 1680//1680
f 1715//1715 1680//1680 1716//1716
f 1680//1680 1679//1679 1716//1716
f 1716//1716 1679//1679 1682//1682
f 1716//1716 1682//1682 1717//1717
f 1682//1682 1681//1681 1717//1717
f 1717//1717 1681//1681 1684//1684
f 1717//1717 1684//1684 1718//1718
f 1684//1684 1683//1683 1718//1718
f 1718//1718 1683//1683 1686//1686
f 1718//1718 1686//1686 1719//1719
f 1686//1686 1685//1685 1719//1719
f 1719//1719 1685//1685 1688//1688
f 1719//1719 1688//1688 1720//1720
f 1688//1688 1687//1687 1720//1720
f 1720//1720 1687//1687 1690//1690
f 1720//1720 1690//1690 1707//1707
f 1707//1707 1690//1690 1689//1689
f 1707//1707 1689//1689 1692//1692
f 1633//1633 1721//1721 1590//1590
f 1590//1590 1721//1721 1589//1589
f 1622//1622 1621//1621 1722//1722
f 1723//1723 1713//1713 1714//1714
f 1712//1712 1724//1724 1711//1711
f 1711//1711 1724//1724 1599//1599
f 1711//1711 1599//1599 1710//1710
f 1710//1710 1599//1599 1589//1589
f 1710//1710 1589//1589 1709//1709
f 1709//1709 1589//1589 1721//1721
f 1709//1709 1721//1721 1708//1708
f 1708//1708 1721//1721 1725//1725
f 1708//1708 1725//1725 1706//1706
f 1706//1706 1725//1725 1634//1634
f 1706//1706 1634//1634 1707//1707
f 1707//1707 1634//1634 1628//1628
f 1707//1707 1628//1628 1720//1720
f 1720//1720 1628//1628 1629//1629
f 1720//1720 1629//1629 1719//1719
f 1719//1719 1629//1629 1630//1630
f 1719//1719 1630//1630 1718//1718
f 1718//1718 1630//1630 1631//1631
f 1718//1718 1631//1631 1717//1717
f 1717//1717 1631//1631 1627//1627
f 1717//1717 1627//1627 1716//1716
f 1716//1716 1627//1627 1620//1620
f 1716//1716 1620//1620 1715//1715
f 1715//1715 1620//1620 1622//1622
f 1715//1715 1622//1622 1714//1714
f 1714//1714 1622//1622 1722//1722
f 1714//1714 1722//1722 1723//1723
f 1723//1723 1726//1726 1713//1713
f 1713//1713 1726//1726 1727//1727
f 1713//1713 1727//1727 1712//1712
f 1712//1712 1727//1727 1728//1728
f 1712//1712 1728//1728 1724//1724
f 1593//1593 1592//1592 1729//1729
f 1592//1592 1591//1591 1730//1730
f 1595//1595 1594//1594 1731//1731
f 1731//1731 1594//1594 1593//1593
f 1592//1592 1730//1730 1729//1729
f 1729//1729 1730//1730 1732//1732
f 1729//1729 1732//1732 1733//1733
f 1733//1733 1732//1732 1734//1734
f 1733//1733 1734//1734 1735//1735
f 1735//1735 1734//1734 1736//1736
f 1735//1735 1736//1736 1737//1737
f 1737//1737 1736//1736 1738//1738
f 1737//1737 1738//1738 1739//1739
f 1739//1739 1738//1738 1603//1603
f 1739//1739 1603//1603 1740//1740
f 1593//1593 1729//1729 1731//1731
f 1731//1731 1729//1729 1733//1733
f 1731//1731 1733//1733 1741//1741
f 1741//1741 1733//1733 1735//1735
f 1741//1741 1735//1735 1742//1742
f 1742//1742 1735//1735 1737//1737
f 1742//1742 1737//1737 1743//1743
f 1743//1743 1737//1737 1739//1739
f 1743//1743 1739//1739 1744//1744
f 1744//1744 1739//1739 1740//1740
f 1744//1744 1740//1740 1745//1745
f 1595//1595 1731//1731 1675//1675
f 1675//1675 1731//1731 1741//1741
f 1675//1675 1741//1741 1670//1670
f 1670//1670 1741//1741 1742//1742
f 1670//1670 1742//1742 1671//1671
f 1671//1671 1742//1742 1743//1743
f 1671//1671 1743//1743 1673//1673
f 1673//1673 1743//1743 1744//1744
f 1673//1673 1744//1744 1674//1674
f 1674//1674 1744//1744 1745//1745
f 1674//1674 1745//1745 1668//1668
f 1596//1596 1597//1597 1746//1746
f 1597//1597 1598//1598 1747//1747
f 1598//1598 1599//1599 1724//1724
f 1598//1598 1724//1724 1747//1747
f 1747//1747 1724//1724 1728//1728
f 1747//1747 1728//1728 1748//1748
f 1748//1748 1728//1728 1727//1727
f 1748//1748 1727//1727 1749//1749
f 1749//1749 1727//1727 1726//1726
f 1749//1749 1726//1726 1750//1750
f 1750//1750 1726//1726 1723//1723
f 1750//1750 1723//1723 1751//1751
f 1751//1751 1723//1723 1722//1722
f 1751//1751 1722//1722 1752//1752
f 1597//1597 1747//1747 1746//1746
f 1746//1746 1747//1747 1748//1748
f 1746//1746 1748//1748 1753//1753
f 1753//1753 1748//1748 1749//1749
f 1753//1753 1749//1749 1754//1754
f 1754//1754 1749//1749 1750//1750
f 1754//1754 1750//1750 1755//1755
f 1755//1755 1750//1750 1751//1751
f 1755//1755 1751//1751 1756//1756
f 1756//1756 1751//1751 1752//1752
f 1756//1756 1752//1752 1757//1757
f 1596//1596 1746//1746 1758//1758
f 1758//1758 1746//1746 1753//1753
f 1758//1758 1753//1753 1759//1759
f 1759//1759 1753//1753 1754//1754
f 1759//1759 1754//1754 1760//1760
f 1760//1760 1754//1754 1755//1755
f 1760//1760 1755//1755 1761//1761
f 1761//1761 1755//1755 1756//1756
f 1761//1761 1756//1756 1762//1762
f 1762//1762 1756//1756 1757//1757
f 1762//1762 1757//1757 1602//1602
f 1602//1602 1603//1603 1762//1762
f 1762//1762 1603//1603 1738//1738
f 1762//1762 1738//1738 1761//1761
f 1761//1761 1738//1738 1736//1736
f 1761//1761 1736//1736 1760//1760
f 1760//1760 1736//1736 1734//1734
f 1760//1760 1734//1734 1759//1759
f 1759//1759 1734//1734 1732//1732
f 1759//1759 1732//1732 1758//1758
f 1758//1758 1732//1732 1730//1730
f 1758//1758 1730//1730 1596//1596
f 1596//1596 1730//1730 1591//1591
f 1617//1617 1668//1668 1616//1616
f 1616//1616 1668//1668 1745//1745
f 1616//1616 1745//1745 1615//1615
f 1615//1615 1745//1745 1740//1740
f 1615//1615 1740//1740 1618//1618
f 1603//1603 1600//1600 1740//1740
f 1740//1740 1600//1600 1619//1619
f 1740//1740 1619//1619 1618//1618
f 1623//1623 1601//1601 1602//1602
f 1623//1623 1602//1602 1624//1624
f 1602//1602 1757//1757 1624//1624
f 1624//1624 1757//1757 1752//1752
f 1624//1624 1752//1752 1625//1625
f 1722//1722 1621//1621 1752//1752
f 1752//1752 1621//1621 1626//1626
f 1752//1752 1626//1626 1625//1625
f 1763//1763 1721//1721 1632//1632
f 1632//1632 1721//1721 1633//1633
f 1763//1763 1764//1764 1721//1721
f 1721//1721 1764//1764 1725//1725
f 1725//1725 1764//1764 1634//1634
f 1634//1634 1764//1764 1635//1635
f 1765//1765 1672//1672 1606//1606
f 1606//1606 1672//1672 1604//1604
f 1765//1765 1766//1766 1672//1672
f 1672//1672 1766//1766 1669//1669
f 1669//1669 1766//1766 1608//1608
f 1608//1608 1766//1766 1607//1607
f 1766//1766 1765//1765 1607//1607
f 1607//1607 1765//1765 1606//1606
f 1764//1764 1763//1763 1635//1635
f 1635//1635 1763//1763 1632//1632
f 1361//1361 1360//1360 978//978
f 978//978 1360//1360 1362//1362
f 978//978 1362//1362 979//979
f 984//984 982//982 978//978
f 978//978 982//982 1359//1359
f 978//978 1359//1359 1361//1361
f 1767//1767 1768//1768 1769//1769
f 1769//1769 1768//1768 1770//1770
f 1769//1769 1770//1770 1771//1771
f 1771//1771 1770//1770 1772//1772
f 1771//1771 1772//1772 1773//1773
f 1773//1773 1772//1772 1774//1774
f 1773//1773 1774//1774 1775//1775
f 1775//1775 1774//1774 1776//1776
f 1775//1775 1776//1776 1777//1777
f 1777//1777 1776//1776 1778//1778
f 1777//1777 1778//1778 1779//1779
f 1779//1779 1778//1778 1780//1780
f 1779//1779 1780//1780 1781//1781
f 1781//1781 1780//1780 1782//1782
f 1781//1781 1782//1782 1783//1783
f 1783//1783 1782//1782 1784//1784
f 1783//1783 1784//1784 1785//1785
f 1785//1785 1784//1784 1786//1786
f 1785//1785 1786//1786 1787//1787
f 1787//1787 1786//1786 1788//1788
f 1787//1787 1788//1788 1789//1789
f 1789//1789 1788//1788 1790//1790
f 1789//1789 1790//1790 1791//1791
f 1791//1791 1790//1790 1792//1792
f 1791//1791 1792//1792 1793//1793
f 1793//1793 1792//1792 1767//1767
f 1793//1793 1767//1767 1769//1769
f 1794//1794 1795//1795 1796//1796
f 1796//1796 1795//1795 1797//1797
f 1796//1796 1797//1797 1798//1798
f 1798//1798 1797//1797 1799//1799
f 1798//1798 1799//1799 1800//1800
f 1800//1800 1799//1799 1801//1801
f 1800//1800 1801//1801 1802//1802
f 1802//1802 1801//1801 1803//1803
f 1802//1802 1803//1803 1804//1804
f 1804//1804 1803//1803 1805//1805
f 1804//1804 1805//1805 1806//1806
f 1806//1806 1805//1805 1807//1807
f 1806//1806 1807//1807 1808//1808
f 1808//1808 1807//1807 1809//1809
f 1808//1808 1809//1809 1810//1810
f 1810//1810 1809//1809 1811//1811
f 1810//1810 1811//1811 1812//1812
f 1812//1812 1811//1811 1813//1813
f 1812//1812 1813//1813 1814//1814
f 1814//1814 1813//1813 1815//1815
f 1814//1814 1815//1815 1816//1816
f 1816//1816 1815//1815 1817//1817
f 1816//1816 1817//1817 1794//1794
f 1794//1794 1817//1817 1795//1795
f 1772//1772 1770//1770 1806//1806
f 1806//1806 1770//1770 1768//1768
f 1806//1806 1768//1768 1804//1804
f 1804//1804 1768//1768 1767//1767
f 1804//1804 1767//1767 1802//1802
f 1802//1802 1767//1767 1792//1792
f 1802//1802 1792//1792 1800//1800
f 1800//1800 1792//1792 1790//1790
f 1800//1800 1790//1790 1798//1798
f 1798//1798 1790//1790 1788//1788
f 1798//1798 1788//1788 1796//1796
f 1796//1796 1788//1788 1786//1786
f 1796//1796 1786//1786 1794//1794
f 1794//1794 1786//1786 1784//1784
f 1794//1794 1784//1784 1816//1816
f 1816//1816 1784//1784 1782//1782
f 1816//1816 1782//1782 1814//1814
f 1814//1814 1782//1782 1780//1780
f 1814//1814 1780//1780 1812//1812
f 1812//1812 1780//1780 1778//1778
f 1812//1812 1778//1778 1810//1810
f 1810//1810 1778//1778 1776//1776
f 1810//1810 1776//1776 1808//1808
f 1808//1808 1776//1776 1774//1774
f 1808//1808 1774//1774 1806//1806
f 1806//1806 1774//1774 1772//1772
f 1793//1793 1769//1769 1805//1805
f 1805//1805 1769//1769 1771//1771
f 1805//1805 1771//1771 1807//1807
f 1807//1807 1771//1771 1773//1773
f 1807//1807 1773//1773 1809//1809
f 1809//1809 1773//1773 1775//1775
f 1809//1809 1775//1775 1811//1811
f 1811//1811 1775//1775 1777//1777
f 1811//1811 1777//1777 1813//1813
f 1813//1813 1777//1777 1779//1779
f 1813//1813 1779//1779 1815//1815
f 1815//1815 1779//1779 1781//1781
f 1815//1815 1781//1781 1817//1817
f 1817//1817 1781//1781 1783//1783
f 1817//1817 1783//1783 1795//1795
f 1795//1795 1783//1783 1785//1785
f 1795//1795 1785//1785 1797//1797
f 1797//1797 1785//1785 1787//1787
f 1797//1797 1787//1787 1799//1799
f 1799//1799 1787//1787 1789//1789
f 1799//1799 1789//1789 1801//1801
f 1801//1801 1789//1789 1791//1791
f 1801//1801 1791//1791 1803//1803
f 1803//1803 1791//1791 1793//1793
f 1803//1803 1793//1793 1805//1805
# 3662 faces, 0 coords texture

# End of File
