####
#
# OBJ File Generated by Meshlab
#
####
# Object Wheel_Link_FL1.obj
#
# Vertices: 2442
# Faces: 4868
#
####
vn 1.3120240718415710 -1.5823597519541699 -1.4492636353326953
v -0.0237582419067621 0.0296021662652493 -0.0728168189525604
vn 2.2476888544127624 -0.8161492502963758 -2.9403559420484062
v -0.0237691588699818 0.0293029062449932 -0.0727500766515732
vn 3.1363641633622894 -3.2409774161531604 0.1246211039438661
v -0.0237499997019768 0.0296021662652493 -0.0729449540376663
vn 2.1647915635214483 -0.6411159224388239 -2.4161339587754327
v -0.0238038860261440 0.0287495963275433 -0.0726210623979568
vn 1.3239960349004383 -0.6814212319782398 -0.8753889957624645
v -0.0240069739520550 0.0275030396878719 -0.0722755938768387
vn 2.4147444394878739 -2.7489037481580696 1.8980122616280248
v -0.0239784009754658 0.0266123376786709 -0.0723088458180428
vn 1.7765649570399527 -0.6796056478135023 -1.5317498124204465
v -0.0239418894052505 0.0277511887252331 -0.0723559185862541
vn 2.9832223075517463 -2.7980542686594876 0.8209684096094586
v -0.0237716306000948 0.0266131870448589 -0.0727380886673927
vn 3.1316418824416870 -3.0241658388829640 0.1669304534668676
v -0.0237499997019768 0.0266135595738888 -0.0729449540376663
vn 0.1702364818339210 -1.3471420295921293 0.2907528038744498
v -0.0242991801351309 0.0271021537482738 -0.0720523372292519
vn 1.8153347262576074 -3.0755336410727496 2.5537566386673491
v -0.0242991801351309 0.0266115926206112 -0.0720523372292519
vn 0.5928193040919079 -1.0353927642913978 -0.2115372477448230
v -0.0242297593504190 0.0271206907927990 -0.0720908567309380
vn 0.9671756046219397 -0.8493205278013723 -0.5226469686128798
v -0.0241376440972090 0.0272109322249889 -0.0721543356776237
vn -0.4107378610073772 -3.4061518677146720 -3.0869412769257947
v -0.0231126043945551 0.0256021581590176 -0.0723746418952942
vn -3.4571193305691192 -1.3062757349336946 -4.2896360311555410
v -0.0234999991953373 0.0256021581590176 -0.0722696930170059
vn -2.3561945127086914 -2.6815170653815126 -1.1107207304923159
v -0.0234999991953373 0.0256021581590176 -0.0729999989271164
vn 0.4167736888547851 -3.4157805946929694 -3.0852750985756976
v -0.0208873953670263 0.0256021581590176 -0.0723746418952942
vn 2.3561944804572041 -2.6815168922042325 -1.1107209036696279
v -0.0205000005662441 0.0256021581590176 -0.0729999989271164
vn 3.4510664279304435 -1.3162481747126693 -4.2912432325500909
v -0.0205000005662441 0.0256021581590176 -0.0722696930170059
vn 1.5879391783064647 -1.7352135105604072 1.6733415270153926
v -0.0234999991953373 0.0277636013925076 -0.0751614347100258
vn 1.1017652585596420 -1.9281660451241303 0.6829655987575307
v -0.0231811553239822 0.0280044339597225 -0.0754022747278214
vn 0.3893192492304342 -2.0023809642154355 0.8785390406991755
v -0.0228285379707813 0.0280992351472378 -0.0754970833659172
vn 0.0627910773929944 -2.1755152191643594 0.9188283680009992
v -0.0227499995380640 0.0281021557748318 -0.0754999965429306
vn -0.2362211235954458 -2.0582600477912121 0.9009168624218733
v -0.0212500002235174 0.0281021557748318 -0.0754999965429306
vn -0.8725775935981539 -1.8934946509671180 0.7564498636678866
v -0.0209104046225548 0.0280429981648922 -0.0754408389329910
vn -1.7169594300921025 -2.0217701893682416 0.3920706815895898
v -0.0205785781145096 0.0278433673083782 -0.0752412006258965
vn -1.9033398854038293 -1.7974286024751942 1.3538470987212061
v -0.0205000005662441 0.0277636013925076 -0.0751614347100258
vn -0.0442635515390006 -3.1702418980865090 3.1339410318974301
v -0.0212500002235174 0.0266193263232708 -0.0754999965429306
vn 0.1420181412753738 -3.2305681118614724 3.1298341336084561
v -0.0227499995380640 0.0266191475093365 -0.0754999965429306
vn -3.1083863091238229 -2.9442144967930481 0.3106376384913359
v -0.0202500000596046 0.0266139917075634 -0.0729449540376663
vn -3.1352340721969791 -3.2516392628885673 0.1370617935165101
v -0.0202500000596046 0.0296021662652493 -0.0729449540376663
vn -3.1406106273544325 -3.1744621893484917 0.0455503353768626
v -0.0202500000596046 0.0266173146665096 -0.0745000019669533
vn -3.1171329449132044 -2.9652491623601711 0.2761212406177448
v -0.0202500000596046 0.0296021662652493 -0.0745000019669533
vn -3.1035257654662773 -3.3244587757068729 0.3772543208781770
v -0.0202521607279778 0.0266174040734768 -0.0745657011866570
vn -2.9364187144519001 -3.4245934282100170 1.0276943375123941
v -0.0203118082135916 0.0266177915036678 -0.0748461186885834
vn -2.8951591177024567 -2.7802152633672721 1.0811673081275877
v -0.0203118082135916 0.0296021662652493 -0.0748461186885834
vn 0.2219711943164027 -0.5380907165027966 0.8050291064717552
v -0.0205000005662441 0.0296021662652493 -0.0751614347100258
vn -2.6586593290841463 -3.3980379341832183 1.6251970428235867
v -0.0203981511294842 0.0266180448234081 -0.0750237852334976
vn -2.1727132993297871 -3.4099502756374367 2.2255733381402321
v -0.0205428935587406 0.0266183577477932 -0.0752071067690849
vn -1.4690168458206676 -3.5270346626253102 2.7079764548611833
v -0.0207372084259987 0.0266187004745007 -0.0753585100173950
vn -0.4885932157217018 -3.3853583671852761 3.0709271220145244
v -0.0211925581097603 0.0266193412244320 -0.0754983499646187
vn 4.3177718861184449 -0.4325596515265420 -2.8653806817350715
v -0.0205000005662441 0.0266021601855755 -0.0722696930170059
vn 2.2113209739164081 -2.1665131896344225 -1.4158992203646734
v -0.0205000005662441 0.0296021662652493 -0.0728953704237938
vn -2.4136537932918771 -5.1064573595644047 -0.0000015840234307
v -0.0260799992829561 -0.0403978414833546 -0.0675000026822090
vn -5.0352899668303275 -1.9724713135583869 -0.0000020920197565
v -0.0270000007003546 -0.0394778437912464 -0.0675000026822090
vn -4.5366419133172382 -1.9724714846427762 -2.1847312185648473
v -0.0265048444271088 -0.0394778437912464 -0.0696694180369377
vn -2.1746278827675916 -5.1064560862095618 -1.0472455903352127
v -0.0256759524345398 -0.0403978414833546 -0.0692702457308769
vn -3.1404709406106792 -1.9742143926261422 -3.9362562202901823
v -0.0251174494624138 -0.0394778437912464 -0.0714091584086418
vn -1.5048887432036921 -5.1064573318177278 -1.8870702419520526
v -0.0245438385754824 -0.0403978414833546 -0.0706898719072342
vn -1.1194385209527893 -1.9742418802954571 -4.9095310182702141
v -0.0231126043945551 -0.0394778437912464 -0.0723746418952942
vn -0.5370865560840111 -5.1064623431024287 -2.3531349855713497
v -0.0229078847914934 -0.0403978414833546 -0.0714777037501335
vn 1.1204574292634137 -1.9724744827914327 -4.9090409345662245
v -0.0208873953670263 -0.0394778437912464 -0.0723746418952942
vn 0.5370879406565481 -5.1064615175962436 -2.3531352120739522
v -0.0210921149700880 -0.0403978414833546 -0.0714777037501335
vn 3.1394535204180674 -1.9725106779876704 -3.9367464391369889
v -0.0188825502991676 -0.0394778437912464 -0.0714091584086418
vn 1.5048885339500926 -5.1064562137486655 -1.8870713250940379
v -0.0194561611860991 -0.0403978414833546 -0.0706898719072342
vn 4.5366418329207852 -1.9724710319164105 -2.1847294730684066
v -0.0174951553344727 -0.0394778437912464 -0.0696694180369377
vn 2.1746281844481699 -5.1064555297250065 -1.0472457856521327
v -0.0183240473270416 -0.0403978414833546 -0.0692702457308769
vn 5.0352932403969017 -1.9724708108564954 -0.0000020397092385
v -0.0170000009238720 -0.0394778437912464 -0.0675000026822090
vn 2.4136557011862116 -5.1064550164597806 -0.0000014887701792
v -0.0179200004786253 -0.0403978414833546 -0.0675000026822090
vn -2.1746282619686221 -5.1064555210209708 1.0472454841475256
v -0.0256759524345398 -0.0403978414833546 -0.0657297521829605
vn 2.1746287017694019 -5.1064554891480975 1.0472446179576151
v -0.0183240473270416 -0.0403978414833546 -0.0657297521829605
vn -1.5048885339500926 -5.1064562137486647 1.8870713250940379
v -0.0245438385754824 -0.0403978414833546 -0.0643101260066032
vn -0.5370862881595373 -5.1064526727507902 2.3531430285384909
v -0.0229078847914934 -0.0403978414833546 -0.0635222941637039
vn 0.5370879286490957 -5.1064516946603131 2.3531432969032733
v -0.0210921149700880 -0.0403978414833546 -0.0635222941637039
vn 1.5048872440060572 -5.1064555282187021 1.8870729155857080
v -0.0194561611860991 -0.0403978414833546 -0.0643101260066032
vn 4.5366423437035674 -1.9724703225681668 2.1847275845110699
v -0.0174951553344727 -0.0394778437912464 -0.0653305798768997
vn 3.1394461743979871 -1.9724696284619001 3.9367495115112310
v -0.0188825502991676 -0.0394778437912464 -0.0635908395051956
vn 1.1204537615277235 -1.9724697530360429 4.9090526326172315
v -0.0208873953670263 -0.0394778437912464 -0.0626253634691238
vn -1.1204531044229911 -1.9724691947721660 4.9090535531509367
v -0.0231126043945551 -0.0394778437912464 -0.0626253634691238
vn -3.1394473614082705 -1.9724692371864592 3.9367492383582521
v -0.0251174494624138 -0.0394778437912464 -0.0635908395051956
vn -4.5366418189281257 -1.9724710747217091 2.1847296579945321
v -0.0265048444271088 -0.0394778437912464 -0.0653305798768997
vn 6.1501718392686522 -0.7855311309504662 -0.0996748952136957
v -0.0170000009238720 0.0266021601855755 -0.0675000026822090
vn 5.5802210210865173 -0.8029301241654262 2.5948591316224534
v -0.0174951553344727 0.0266021601855755 -0.0653305798768997
vn 3.8805289093986568 -0.8109363767017447 4.7792609901814274
v -0.0188825502991676 0.0266021601855755 -0.0635908395051956
vn 1.3883367665827180 -0.8142028069938256 5.9988758862312830
v -0.0208873953670263 0.0266021601855755 -0.0626253634691238
vn -1.4974722533609950 -0.7251255737677955 5.9708453245514770
v -0.0231126043945551 0.0266021601855755 -0.0626253634691238
vn -3.9266721940563842 -0.7347267497815840 4.7333841730103305
v -0.0251174494624138 0.0266021601855755 -0.0635908395051956
vn -5.5903424160892810 -0.7448800046540132 2.5579643471252975
v -0.0265048444271088 0.0266021601855755 -0.0653305798768997
vn -6.1470807896890696 -0.7754530071606023 -0.0711026442298173
v -0.0270000007003546 0.0266021601855755 -0.0675000026822090
vn 3.9853568067611596 -0.7480061577104551 -4.7083869927548054
v -0.0188825502991676 0.0266021601855755 -0.0714091584086418
vn -3.9140563701004436 -0.6716202537550137 -4.7670849346172712
v -0.0251174494624138 0.0266021601855755 -0.0714091584086418
vn -4.3388836917834475 -0.4267646024932458 -2.8562166938211990
v -0.0234999991953373 0.0266021601855755 -0.0722696930170059
vn -5.4982131731776684 -0.7466123423357125 -2.7513900307852470
v -0.0265048444271088 0.0266021601855755 -0.0696694180369377
vn 5.4982137456684130 -0.7466128358531272 -2.7513879734538493
v -0.0174951553344727 0.0266021601855755 -0.0696694180369377
vn -2.2105839684146971 -2.1659510769101744 -1.4162429992182606
v -0.0234999991953373 0.0296021662652493 -0.0728953704237938
vn -0.2219711943164027 -0.5380907165027971 0.8050291064717552
v -0.0234999991953373 0.0296021662652493 -0.0751614347100258
vn 2.8969031170633817 -2.7648311576535387 1.0710764503444816
v -0.0236881915479898 0.0296021662652493 -0.0748461186885834
vn 0.5639826840073903 -3.3328249572039517 3.0702120552904497
v -0.0229270420968533 0.0266188941895962 -0.0754842013120651
vn 1.1273047329587098 -3.3630503639604905 2.9051723551715010
v -0.0230961162596941 0.0266186408698559 -0.0754381939768791
vn 1.7443564521873378 -3.3635328516166703 2.5834686888773883
v -0.0233207494020462 0.0266182683408260 -0.0753211230039597
vn 2.2652373872789591 -3.3834480498981883 2.1368726406143703
v -0.0234571062028408 0.0266180150210857 -0.0752071067690849
vn 2.7955935573421118 -3.5257557355394757 1.2920498254866231
v -0.0236365515738726 0.0266175828874111 -0.0749626308679581
vn 3.1152881501267666 -2.9505111776380186 0.2860538225389476
v -0.0237499997019768 0.0296021662652493 -0.0745000019669533
vn 3.0971332908055720 -3.3820656083930385 0.3673660231436565
v -0.0237499997019768 0.0266168825328350 -0.0745000019669533
vn 0.0000000000000000 2.7776645708198044 4.6027619659665548
v -0.0219999998807907 0.0319821648299694 -0.0705000013113022
vn -0.4197414802186012 5.9437384547737864 1.3421787135009857
v -0.0212669782340527 0.0319821648299694 -0.0704090669751167
vn -1.3603508329087146 2.0943934347868742 2.3561922216637869
v -0.0202679485082626 0.0319821648299694 -0.0705000013113022
vn -0.8945851007762504 5.9500058735874628 1.0660081898368050
v -0.0199759881943464 0.0319821648299694 -0.0697143599390984
vn -3.9654860649845860 2.7774313554704739 2.3368464967672034
v -0.0194019246846437 0.0319821648299694 -0.0689999982714653
vn -2.7206985136686108 2.0943944241626991 0.0000029258380684
v -0.0185358989983797 0.0319821648299694 -0.0675000026822090
vn -2.7207211467043106 4.1887900615413010 0.0000019349127113
v -0.0185358989983797 0.0351021550595760 -0.0675000026822090
vn -1.3603612781552281 4.1887912415236785 2.3562121868160282
v -0.0202679485082626 0.0351021550595760 -0.0705000013113022
vn -3.9654825096409807 2.7774316447328409 -2.3368400818922295
v -0.0194019246846437 0.0319821648299694 -0.0659999996423721
vn -0.8945875789754344 5.9500039994432967 -1.0660119426897565
v -0.0199759881943464 0.0319821648299694 -0.0652856454253197
vn -1.3603508329087146 2.0943934347868747 -2.3561922216637869
v -0.0202679485082626 0.0319821648299694 -0.0644999966025352
vn -0.4197427133652111 5.9437406025792461 -1.3421735794778060
v -0.0212669782340527 0.0319821648299694 -0.0645909309387207
vn 0.0000000000000000 2.7776660451317872 -4.6027591883136392
v -0.0219999998807907 0.0319821648299694 -0.0644999966025352
vn 1.3603501014516650 2.0943943661088533 -2.3561934885880778
v -0.0237320512533188 0.0319821648299694 -0.0644999966025352
vn 1.3603607771936066 4.1887911315880446 -2.3562120879285784
v -0.0237320512533188 0.0351021550595760 -0.0644999966025352
vn -1.3603616351137129 4.1887916817024218 -2.3562113332147949
v -0.0202679485082626 0.0351021550595760 -0.0644999966025352
vn 0.4197427133652111 5.9437406025792461 -1.3421735794778060
v -0.0227330215275288 0.0319821648299694 -0.0645909309387207
vn 0.8945872936868891 5.9500036736784745 -1.0660131878807113
v -0.0240240115672350 0.0319821648299694 -0.0652856454253197
vn 3.9654808654527676 2.7774298983311065 -2.3368402939101625
v -0.0245980769395828 0.0319821648299694 -0.0659999996423721
vn 2.7206999765872517 2.0943962868089696 0.0000029258364953
v -0.0254641007632017 0.0319821648299694 -0.0675000026822090
vn 2.7207141481009995 4.1887889613433602 0.0000019349200560
v -0.0254641007632017 0.0351021550595760 -0.0675000026822090
vn 1.3603501014516650 2.0943943661088529 2.3561934885880778
v -0.0237320512533188 0.0319821648299694 -0.0705000013113022
vn 1.3603605484497621 4.1887906914107829 2.3562127070263892
v -0.0237320512533188 0.0351021550595760 -0.0705000013113022
vn 3.9654844208002271 2.7774296090713726 2.3368467087886127
v -0.0245980769395828 0.0319821648299694 -0.0689999982714653
vn 0.8945848154934872 5.9500055478253469 1.0660094350218103
v -0.0240240115672350 0.0319821648299694 -0.0697143599390984
vn 0.4197414802186012 5.9437384547737864 1.3421787135009857
v -0.0227330215275288 0.0319821648299694 -0.0704090669751167
vn 0.0000030255441884 4.6858003400723183 0.0000016855879520
v -0.0219999998807907 0.0302501134574413 -0.0675000026822090
vn 1.3893446135485559 5.9220816955182087 0.4322344984198557
v -0.0248316507786512 0.0319821648299694 -0.0684908404946327
vn -1.4201016973542151 5.9378823899163446 0.0000000000000000
v -0.0189999993890524 0.0319821648299694 -0.0675000026822090
vn -1.3893556635290174 5.9220717498623499 0.4322711884482523
v -0.0191683508455753 0.0319821648299694 -0.0684908404946327
vn 1.4201624516770854 5.9378544273515219 0.0000000000000000
v -0.0249999538064003 0.0319821648299694 -0.0675000026822090
vn 1.3893482647986519 5.9220804686290078 -0.4322316133671752
v -0.0248316507786512 0.0319821648299694 -0.0665091648697853
vn -1.3893593147811953 5.9220705229717332 -0.4322683033940131
v -0.0191683508455753 0.0319821648299694 -0.0665091648697853
vn -1.6120911952555119 5.2904628379211625 1.6120963007425775
v -0.0261542405933142 0.0351021699607372 -0.0633457601070404
vn -1.9743977640308370 5.2904711418772301 1.1399187156956965
v -0.0270878840237856 0.0351021699607372 -0.0645625069737434
vn -2.2021534343619513 5.2904683354115383 0.5900539837428553
v -0.0276747979223728 0.0351021699607372 -0.0659794434905052
vn -2.2798824080104545 5.2904609347388778 -0.0000016880816206
v -0.0278750006109476 0.0351021550595760 -0.0675000026822090
vn 2.2021577004535606 5.2904670378168053 0.5900637004010830
v -0.0163252018392086 0.0351021699607372 -0.0659794434905052
vn 2.2798363081522002 5.2904708561206739 0.0000001470883944
v -0.0161250177770853 0.0351021699607372 -0.0675000026822090
vn 2.2021565564798049 5.2904681363286503 -0.5900645778918774
v -0.0163252018392086 0.0351021699607372 -0.0690205544233322
vn 1.1399203944044243 5.2904598056695047 -1.9744067662090647
v -0.0190625078976154 0.0351021699607372 -0.0725878849625587
vn 1.6120869091330920 5.2904782074815113 -1.6120815239284392
v -0.0178457591682673 0.0351021699607372 -0.0716542378067970
vn 1.9744023464104421 5.2904667222910025 -1.1399214701932552
v -0.0169121157377958 0.0351021699607372 -0.0704374909400940
vn -1.1399217674895255 5.2904691095785834 1.9743959838761600
v -0.0249374918639660 0.0351021699607372 -0.0624121166765690
vn -0.5900666478604681 5.2904584611704726 2.2021660679071653
v -0.0235205572098494 0.0351021699607372 -0.0618252009153366
vn -0.0000018049623628 5.2904715628556342 2.2798390301981426
v -0.0219999998807907 0.0351021699607372 -0.0616250187158585
vn 0.5900701567888482 5.2904586173178725 2.2021640472017623
v -0.0204794425517321 0.0351021699607372 -0.0618252009153366
vn -1.1399241420103945 5.2904614027421104 -1.9744027064125076
v -0.0249374918639660 0.0351021699607372 -0.0725878849625587
vn -1.6120834214921698 5.2904773474687525 -1.6120847052554534
v -0.0261542405933142 0.0351021699607372 -0.0716542378067970
vn -1.9743974071507611 5.2904719510973868 -1.1399180164964628
v -0.0270878840237856 0.0351021699607372 -0.0704374909400940
vn -2.2021535407565032 5.2904684572109941 -0.5900532661887656
v -0.0276747979223728 0.0351021699607372 -0.0690205544233322
vn 1.1399189441911906 5.2904687007876268 1.9743979981137412
v -0.0190625078976154 0.0351021699607372 -0.0624121166765690
vn 1.6120937762649399 5.2904626044562475 1.6120952847514474
v -0.0178457591682673 0.0351021699607372 -0.0633457601070404
vn 1.9744026865807298 5.2904659694106213 1.1399221066350411
v -0.0169121157377958 0.0351021699607372 -0.0645625069737434
vn 0.5900652831741988 5.2904684883321575 -2.2021557261482383
v -0.0204794425517321 0.0351021699607372 -0.0731747969985008
vn 0.0000001602939856 5.2904727701697629 -2.2798368917491652
v -0.0219999998807907 0.0351021699607372 -0.0733749791979790
vn -0.5900630486209176 5.2904697624927390 -2.2021552512209759
v -0.0235205572098494 0.0351021699607372 -0.0731747969985008
vn -4.4279681538928113 4.1935781981252749 1.1864720840914791
v -0.0280543360859156 0.0347305648028851 -0.0658777430653572
vn -4.5841741144849681 4.1935747503798506 -0.0000017459081235
v -0.0282679107040167 0.0347305648028851 -0.0675000026822090
vn -5.2131157794884571 3.2808357225479119 -0.0000006169747049
v -0.0294280331581831 0.0332848988473415 -0.0675000026822090
vn 3.0447502627587864 3.8948260919341058 0.0984340073896103
v -0.0132537018507719 0.0296026878058910 -0.0672477260231972
vn 3.0302683131658785 3.9613182818977752 -0.1082498376659723
v -0.0132501283660531 0.0296032391488552 -0.0675000026822090
vn 5.7795871695950378 2.1165672262520894 0.0014557329513681
v -0.0136992800980806 0.0315094254910946 -0.0675000026822090
vn 4.5841670887747048 4.1935806624623853 -0.0000006472619542
v -0.0157320890575647 0.0347305648028851 -0.0675000026822090
vn 4.4279674209274233 4.1935784060564885 1.1864717517559105
v -0.0159456636756659 0.0347305648028851 -0.0658777430653572
vn 3.9700067912925432 4.1935763100647190 2.2920888214845547
v -0.0165718309581280 0.0347305648028851 -0.0643660426139832
vn 3.2415023998888577 4.1935745496262156 3.2415005368930307
v -0.0175679177045822 0.0347305648028851 -0.0630679205060005
vn 2.2920833708555430 4.1935791583359716 3.9700069195651873
v -0.0188660454005003 0.0347305648028851 -0.0620718300342560
vn 1.1864733087952737 4.1935744158194881 4.4279734762084413
v -0.0203777458518744 0.0347305648028851 -0.0614456646144390
vn -0.0000022689989212 4.1935804214297550 4.5841675368584056
v -0.0219999998807907 0.0347305648028851 -0.0612320899963379
vn -1.1864691945431800 4.1935744583284524 4.4279744713206313
v -0.0236222539097071 0.0347305648028851 -0.0614456646144390
vn -2.2920860393821392 4.1935791670949474 3.9700056044527035
v -0.0251339543610811 0.0347305648028851 -0.0620718300342560
vn -3.2414979037895670 4.1935767431195341 3.2415032274923350
v -0.0264320820569992 0.0347305648028851 -0.0630679205060005
vn -3.9700055848337099 4.1935784538587910 2.2920839877783030
v -0.0274281706660986 0.0347305648028851 -0.0643660426139832
vn 5.0354828896013455 3.2808369575536922 1.3492537300056802
v -0.0148250712081790 0.0332848988473415 -0.0655774846673012
vn 4.5146902986601498 3.2808352518712907 2.6065599686364056
v -0.0155671350657940 0.0332848988473415 -0.0637859851121902
vn 3.6862312413042981 3.2808363727679382 3.6862283350865943
v -0.0167475882917643 0.0332848988473415 -0.0622475892305374
vn 2.6065585431055003 3.2808360601256839 4.5146891686187880
v -0.0182859841734171 0.0332848988473415 -0.0610671341419220
vn 1.3492528808111022 3.2808368803293684 5.0354824732106422
v -0.0200774837285280 0.0332848988473415 -0.0603250712156296
vn -0.0000006330117706 3.2808357478102490 5.2131158061373402
v -0.0219999998807907 0.0332848988473415 -0.0600719675421715
vn -1.3492518006261063 3.2808368522013955 5.0354827393689332
v -0.0239225160330534 0.0332848988473415 -0.0603250712156296
vn -2.6065580626405636 3.2808363598130166 4.5146896281285063
v -0.0257140155881643 0.0332848988473415 -0.0610671341419220
vn -3.6862309773622473 3.2808347364634951 3.6862286358081890
v -0.0272524133324623 0.0332848988473415 -0.0622475892305374
vn -4.5146925865825906 3.2808342475663608 2.6065591608043768
v -0.0284328646957874 0.0332848988473415 -0.0637859851121902
vn -5.0354821992167782 3.2808367520758805 1.3492532759272435
v -0.0291749294847250 0.0332848988473415 -0.0655774846673012
vn -5.7826172947452088 2.0922436479064990 0.0309316631602941
v -0.0303007196635008 0.0315094254910946 -0.0675000026822090
vn 5.2131156041880962 3.2808352372806655 -0.0000018072855268
v -0.0145719666033983 0.0332848988473415 -0.0675000026822090
vn 5.5829714838773086 2.0754440739293383 1.5181822260631355
v -0.0139821199700236 0.0315094254910946 -0.0653516128659248
vn 3.0187861526335280 3.9965344317707858 0.3157902605073319
v -0.0132644474506378 0.0296021662652493 -0.0669973790645599
vn -5.5909199406267405 2.0538654036417077 1.4980842391663918
v -0.0300178807228804 0.0315094254910946 -0.0653516128659248
vn -5.0126818797302715 2.0538677325506836 2.8940759687022202
v -0.0291886348277330 0.0315094254910946 -0.0633496418595314
vn -4.0928405424805288 2.0538657100110562 4.0928385752623999
v -0.0278694946318865 0.0315094254910946 -0.0616305060684681
vn -2.8940759803000584 2.0538643553050226 5.0126822389281900
v -0.0261503607034683 0.0315094254910946 -0.0603113658726215
vn -1.4980811469993853 2.0538644107661121 5.5909222077296281
v -0.0241483841091394 0.0315094254910946 -0.0594821199774742
vn -0.0000010039783225 2.0538663412794418 5.7881489230303051
v -0.0219999998807907 0.0315094254910946 -0.0591992810368538
vn 1.4980822902686062 2.0538650511541512 5.5909218734306396
v -0.0198516156524420 0.0315094254910946 -0.0594821199774742
vn 2.8940762767352584 2.0538643799030174 5.0126818140639102
v -0.0178496390581131 0.0315094254910946 -0.0603113658726215
vn 4.0928406654798426 2.0538657654228327 4.0928375557456995
v -0.0161305051296949 0.0315094254910946 -0.0616305060684681
vn 5.0126820867046398 2.0538671379480462 2.8940770850573863
v -0.0148113658651710 0.0315094254910946 -0.0633496418595314
vn -3.0095879396273690 -2.2730049942612829 0.1521013346355883
v -0.0307500008493662 0.0296021662652493 -0.0675000026822090
vn -2.8739164376555224 -2.1789239198446193 0.7700644674724790
v -0.0304518509656191 0.0296021662652493 -0.0652353316545486
vn -2.5766816501113139 -2.1789206174519573 1.4876491462504802
v -0.0295777227729559 0.0296021662652493 -0.0631249994039536
vn -2.1038529363253575 -2.1789242255046863 2.1038535008601813
v -0.0281871836632490 0.0296021662652493 -0.0613128170371056
vn -1.4876490519884782 -2.1789233567884434 2.5766827583097740
v -0.0263749994337559 0.0296021662652493 -0.0599222779273987
vn -0.7700635350669759 -2.1789235096647048 2.8739165823463106
v -0.0242646671831608 0.0296021662652493 -0.0590481497347355
vn -0.0000006843010638 -2.1789212058158904 2.9752965709889501
v -0.0219999998807907 0.0296021662652493 -0.0587499998509884
vn 0.7700642828172752 -2.1789241373176624 2.8739166246392256
v -0.0197353325784206 0.0296021662652493 -0.0590481497347355
vn 1.4876492476983614 -2.1789230200465273 2.5766825001137033
v -0.0176250003278255 0.0296021662652493 -0.0599222779273987
vn 2.1038530797459138 -2.1789231717332394 2.1038527700478347
v -0.0158128160983324 0.0296021662652493 -0.0613128170371056
vn 2.5766813917205593 -2.1789212869492758 1.4876501883635025
v -0.0144222779199481 0.0296021662652493 -0.0631249994039536
vn 2.8737087385584914 -2.2050467141806465 0.8136992147940668
v -0.0135481487959623 0.0296021662652493 -0.0652353316545486
vn 4.4279677876720598 4.1935780419020769 -1.1864735615342330
v -0.0159456636756659 0.0347305648028851 -0.0691222548484802
vn -3.0145259022600950 3.9836299199608041 -0.2360142719297460
v -0.0307355523109436 0.0296021662652493 -0.0680026188492775
vn -5.5804319903357209 2.1346421931321387 -1.4923418192303732
v -0.0300178807228804 0.0315094254910946 -0.0696483850479126
vn -2.9282692670252968 3.9466510305390212 -0.7916737739617703
v -0.0304514337331057 0.0296057723462582 -0.0697645545005798
vn -2.9787312290863128 4.0048391723374266 -0.4843968754131698
v -0.0306060668081045 0.0296044014394283 -0.0690790563821793
vn -2.8024398778707389 4.0169658204482115 -1.1030898504794830
v -0.0301871746778488 0.0296073667705059 -0.0705857276916504
vn -5.0024590516542968 2.1196773774793614 -2.8942878384584922
v -0.0291886348277330 0.0315094254910946 -0.0716503635048866
vn -2.6765399233692175 3.9522549544960333 -1.4199952431888512
v -0.0295769218355417 0.0296098552644253 -0.0718745365738869
vn -4.0896882519689699 2.1332286481905909 -4.0797969419728766
v -0.0278694946318865 0.0315094254910946 -0.0733694955706596
vn -2.3265254262175303 4.0067988553134359 -1.9139027878540495
v -0.0285747926682234 0.0296125970780849 -0.0732717067003250
vn -2.5161977646194522 3.9728790696145166 -1.6762777101098258
v -0.0294553507119417 0.0296102426946163 -0.0720785632729530
vn -1.3563042325754160 3.9658084857334921 -2.7017476488808763
v -0.0262245014309883 0.0296168141067028 -0.0751606225967407
vn -1.6052054168306447 3.9455998331231510 -2.5686982289804798
v -0.0263741295784712 0.0296165905892849 -0.0750762149691582
vn -2.8843728251950767 2.1229823465229156 -5.0076764561413167
v -0.0261503607034683 0.0315094254910946 -0.0746886357665062
vn -1.8609687210680421 4.0197027168110520 -2.3626596730752589
v -0.0274838004261255 0.0296148024499416 -0.0743164345622063
vn -2.1235630442706763 3.9451039443639848 -2.1616797787222066
v -0.0281862225383520 0.0296134613454342 -0.0736862197518349
vn -1.0663102398737385 4.0105434011807857 -2.8143788668210066
v -0.0248566791415215 0.0296185426414013 -0.0757684558629990
vn -1.4996428899520189 2.1357459500987912 -5.5781912555592701
v -0.0241483841091394 0.0315094254910946 -0.0755178779363632
vn -0.7664576447555649 3.9448356787359176 -2.9300664555211897
v -0.0242641363292933 0.0296191535890102 -0.0759498700499535
vn -0.4398971279335682 4.0195801001625941 -2.9741709025590017
v -0.0234154835343361 0.0296198986470699 -0.0761325806379318
vn 0.0091958654826249 2.1189717112051798 -5.7793424650298775
v -0.0219999998807907 0.0315094254910946 -0.0758007168769836
vn -0.1008668281617233 3.9551621789677460 -3.0239832141250882
v -0.0219999998807907 0.0296206437051296 -0.0762477666139603
vn 1.4846995552342830 2.1302751496865220 -5.5830257550179931
v -0.0198516156524420 0.0315094254910946 -0.0755178779363632
vn 0.5220981063017465 4.0039377781340830 -2.9656917081588108
v -0.0201728194952011 0.0296202562749386 -0.0760548636317253
vn 0.2156767148842558 3.9844459641375893 -3.0095377168775235
v -0.0217382889240980 0.0296206884086132 -0.0762438476085663
vn 2.8928660763198151 2.1219867845120444 -5.0032948734683078
v -0.0178496390581131 0.0315094254910946 -0.0746886357665062
vn 1.1266015541135739 4.0221635147248049 -2.7864309450407081
v -0.0188406128436327 0.0296192131936550 -0.0756574943661690
vn 0.8277395576834063 3.9397869951773572 -2.9150732496813609
v -0.0197358895093203 0.0296199731528759 -0.0759497731924057
vn 4.0837529297725386 2.1363979315926032 -4.0849972713352187
v -0.0161305051296949 0.0315094254910946 -0.0733694955706596
vn 1.8930810294917828 4.0143113669227990 -2.3387264713220608
v -0.0163492523133755 0.0296159647405148 -0.0741785019636154
vn 1.5400231582400838 4.0209544830768120 -2.5782087477928033
v -0.0175497047603130 0.0296177528798580 -0.0750315636396408
vn 5.0060984090332683 2.1184641778133724 -2.8892612275066996
v -0.0148113658651710 0.0315094254910946 -0.0716503635048866
vn 2.3511675218996366 4.0150917538380062 -1.8786446057288373
v -0.0152848260477185 0.0296139083802700 -0.0731075108051300
vn 2.1492594858825869 3.9454000321314400 -2.1353346458267315
v -0.0158139094710350 0.0296150110661983 -0.0736860930919647
vn 2.9767626551055275 4.0125669474116830 -0.4620342827846662
v -0.0133975716307759 0.0296064727008343 -0.0690973922610283
vn 2.9278521545094245 3.9431721768440928 -0.7888077824523405
v -0.0135487969964743 0.0296077542006969 -0.0697644948959351
vn 5.5803236398548783 2.1344131305975944 -1.4926127672814631
v -0.0139821199700236 0.0315094254910946 -0.0696483850479126
vn 2.8014145975146856 4.0178524116367500 -1.0988617140019343
v -0.0137944528833032 0.0296091847121716 -0.0705359056591988
vn 2.5917363008311289 4.0232243815647610 -1.5187897366249909
v -0.0144698703661561 0.0296117775142193 -0.0719541460275650
vn 3.9700089453652652 4.1935780043446789 -2.2920842228996889
v -0.0165718309581280 0.0347305648028851 -0.0706339552998543
vn 3.2414914301266662 4.1935843968978581 -3.2414915396673498
v -0.0175679177045822 0.0347305648028851 -0.0719320848584175
vn 2.2920837840125721 4.1935735125941829 -3.9700169892727182
v -0.0188660454005003 0.0347305648028851 -0.0729281678795815
vn 1.1864696055944119 4.1935782070558858 -4.4279662557889958
v -0.0203777458518744 0.0347305648028851 -0.0735543370246887
vn -0.0000010044254952 4.1935813377759095 -4.5841679878951638
v -0.0219999998807907 0.0347305648028851 -0.0737679079174995
vn -1.1864659563589570 4.1935773110258774 -4.4279685128410300
v -0.0236222539097071 0.0347305648028851 -0.0735543370246887
vn -2.2920872118072886 4.1935761451127735 -3.9700108944978361
v -0.0251339562237263 0.0347305648028851 -0.0729281678795815
vn -3.2414881964995668 4.1935860311487474 -3.2414928036247730
v -0.0264320820569992 0.0347305648028851 -0.0719320848584175
vn -3.9700066903463673 4.1935790372406192 -2.2920826673633075
v -0.0274281706660986 0.0347305648028851 -0.0706339552998543
vn -4.4279675665382943 4.1935795378773548 -1.1864714322775562
v -0.0280543360859156 0.0347305648028851 -0.0691222548484802
vn -5.0354826005241318 3.2808368183269865 -1.3492544230349850
v -0.0291749294847250 0.0332848988473415 -0.0694225132465363
vn -4.5146945635008207 3.2808404132928306 -2.6065526892711164
v -0.0284328646957874 0.0332848988473415 -0.0712140128016472
vn -3.6862264239937490 3.2808327977772760 -3.6862302129470157
v -0.0272524133324623 0.0332848988473415 -0.0727524161338806
vn -2.6065545876556175 3.2808375881879299 -4.5146935337558443
v -0.0257140155881643 0.0332848988473415 -0.0739328637719154
vn -1.3492511036320747 3.2808355975701184 -5.0354847665513640
v -0.0239225160330534 0.0332848988473415 -0.0746749266982079
vn -0.0000004765762200 3.2808348440120092 -5.2131166774995998
v -0.0219999998807907 0.0332848988473415 -0.0749280303716660
vn 1.3492534599435617 3.2808343652889782 -5.0354845785013689
v -0.0200774837285280 0.0332848988473415 -0.0746749266982079
vn 2.6065510592080203 3.2808400230876860 -4.5146935787668889
v -0.0182859841734171 0.0332848988473415 -0.0739328637719154
vn 3.6862303546706112 3.2808329292799550 -3.6862278854305095
v -0.0167475882917643 0.0332848988473415 -0.0727524161338806
vn 4.5146931896645945 3.2808378838334171 -2.6065552884618048
v -0.0155671350657940 0.0332848988473415 -0.0712140128016472
vn 5.0354830511080086 3.2808369655030596 -1.3492541474969451
v -0.0148250712081790 0.0332848988473415 -0.0694225132465363
vn -1.3133209328993525 -1.6166963140310762 -1.4644400418030552
v -0.0202417578548193 0.0296021662652493 -0.0728168189525604
vn 0.0000000000000000 -0.0000000000000004 0.0000000000000000
v -0.0275907535105944 0.0296021662652493 -0.0678216740489006
vn -0.0016684536025274 -0.0000007328960666 0.0011750895634411
v -0.0275154113769531 0.0296021662652493 -0.0665328726172447
vn 0.0000000000000000 0.0000000000000000 0.0000000000000000
v -0.0164092462509871 0.0296021662652493 -0.0671783238649368
vn 0.0000000000000000 -0.0000000000000002 0.0000000000000000
v -0.0165375471115112 0.0296021662652493 -0.0662682056427002
vn 0.0046013380113371 -0.0000090939898785 0.0058208910898044
v -0.0169584769755602 0.0296021662652493 -0.0650645643472672
vn 0.0095687721530491 -0.0000223077425736 0.0069066996107092
v -0.0176371894776821 0.0296021662652493 -0.0639898031949997
vn -0.0036191381724535 -0.0000032215502539 0.0025467738485918
v -0.0271481890231371 0.0296021662652493 -0.0652981325984001
vn -0.0049637746504703 -0.0000074168564754 0.0046142241865182
v -0.0265132915228605 0.0296021662652493 -0.0641866326332092
vn -0.0051965352319267 -0.0000123886099201 0.0070746869445849
v -0.0256402641534805 0.0296021662652493 -0.0632459893822670
vn -0.0043393325926155 -0.0000167184185329 0.0092392148111999
v -0.0245783776044846 0.0296021662652493 -0.0625312998890877
vn -0.0026249242932300 -0.0000190538122424 0.0105776915705263
v -0.0234062969684601 0.0296021662652493 -0.0620808340609074
vn -0.0005565851021114 -0.0000175410075143 0.0104311349743704
v -0.0221345070749521 0.0296021662652493 -0.0619038902223110
vn 0.0012432284501620 -0.0000133188029153 0.0089986541713843
v -0.0208615250885487 0.0296021662652493 -0.0620185434818268
vn 0.0042034893050184 -0.0000132276804876 0.0080477273933994
v -0.0196421202272177 0.0296021662652493 -0.0624222196638584
vn 0.0064142767899528 -0.0000162397131940 0.0077545913201479
v -0.0185515750199556 0.0296021662652493 -0.0630897060036659
vn -2.1672276238338428 -0.6358071269839142 -2.4240703923543294
v -0.0201974082738161 0.0287644229829311 -0.0726246684789658
vn -2.8282097691440171 -2.7443358125018960 1.2201691732071982
v -0.0201656520366669 0.0266133062541485 -0.0725429803133011
vn -1.7018108493890360 -3.1407698847364722 2.6328374046478387
v -0.0197008196264505 0.0266121588647366 -0.0720523372292519
vn -0.2786326432522636 -1.0668003639328254 0.0680712939030050
v -0.0197008196264505 0.0271021537482738 -0.0720523372292519
vn -1.9377202994366842 -2.9206298396295534 2.4470080098611509
v -0.0198757201433182 0.0266125015914440 -0.0721649006009102
vn -0.6060045192007226 -0.9877669345820759 -0.2224064824677237
v -0.0197826828807592 0.0271285437047482 -0.0720986276865005
vn -2.3811512436862703 -2.7976126294036301 1.9922313081999530
v -0.0199790969491005 0.0266127400100231 -0.0722605437040329
vn -1.2792908205166578 -0.8141788220697250 -0.8419917060166036
v -0.0198892690241337 0.0272542499005795 -0.0721761062741280
vn -1.7413109946755583 -0.6672370207804647 -1.4513596541343381
v -0.0200788490474224 0.0278495959937572 -0.0723853111267090
vn 0.1307267372142057 -0.6264701375326296 0.0336998644178202
v -0.0251797977834940 0.0271021537482738 -0.0714873373508453
vn -0.0096751996587316 -0.7520576333712105 0.1846695071047046
v -0.0252483412623405 0.0271021537482738 -0.0714317038655281
vn 0.1570437564483572 -0.6478203011067285 -0.0406495640652710
v -0.0265949405729771 0.0271021537482738 -0.0697128102183342
vn 0.1123398236328381 -0.8557058510239055 0.1835494117954144
v -0.0267168991267681 0.0271021537482738 -0.0694392919540405
vn 0.1193476355899384 -0.6246012718086462 -0.0830922306621441
v -0.0271000005304813 0.0271021537482738 -0.0675000026822090
vn -0.0210851962035353 -0.6921081973136209 -0.2005812526339726
v -0.0251797977834940 0.0271021537482738 -0.0635126605629921
vn 0.4315492122708239 -1.2912941116858279 -0.0187797321089114
v -0.0262367669492960 0.0271021537482738 -0.0646610185503960
vn 0.0611953269124244 -0.6267423616791057 -0.1844758702455210
v -0.0265949405729771 0.0271021537482738 -0.0652871951460838
vn 0.2970503449760631 -1.1200121531236562 0.1700096802618854
v -0.0270744469016790 0.0271021537482738 -0.0669901072978973
vn -0.0074890868901071 -1.1078540112532798 -0.2651147168824861
v -0.0219999998807907 0.0271021537482738 -0.0623999983072281
vn 0.0393453906185295 -0.4806648912532272 -0.1108699782038225
v -0.0231348574161530 0.0271021537482738 -0.0625278651714325
vn 0.3990333854959361 -1.4724486250923219 -0.3131244298089139
v -0.0244011674076319 0.0271021537482738 -0.0630006194114685
vn -0.1132789740272659 -1.0975029791197384 -0.2367704450671271
v -0.0195988323539495 0.0271021537482738 -0.0630006194114685
vn 0.1609987364835938 -0.2208385033645894 -0.0895844751791630
v -0.0208651423454285 0.0271021537482738 -0.0625278651714325
vn -0.2077103957806558 -1.0262023451799784 -0.1181517713626116
v -0.0177632328122854 0.0271021537482738 -0.0646610185503960
vn -0.0607652350681245 -0.6012915706734856 -0.0940151577980457
v -0.0188202019780874 0.0271021537482738 -0.0635126605629921
vn -0.2277719387937879 -1.0101170821213099 0.1101733425708639
v -0.0169255528599024 0.0271021537482738 -0.0669901072978973
vn -0.0876538673714287 -0.6083946265284771 -0.0826724879765532
v -0.0174050591886044 0.0271021537482738 -0.0652871951460838
vn -0.1075544254922101 -0.8837904593824321 0.2013780657762656
v -0.0172831006348133 0.0271021537482738 -0.0694392919540405
vn -0.1197172426554358 -0.6491375900247411 -0.0664665702559643
v -0.0168999992311001 0.0271021537482738 -0.0675000026822090
vn -0.0669898070582347 -0.6559780052109045 0.0966059262145472
v -0.0187516584992409 0.0271021537482738 -0.0714317038655281
vn -0.1424090526896070 -0.6770011763961841 -0.0170768402328751
v -0.0174050591886044 0.0271021537482738 -0.0697128102183342
vn -0.0394170348190956 -0.5845012878729083 0.0717416845931431
v -0.0188202019780874 0.0271021537482738 -0.0714873373508453
vn 1.5030611986097255 -3.2914081486447211 -2.7569658883841415
v -0.0244014691561460 0.0265922509133816 -0.0630000457167625
vn 3.1353476834596044 -3.2304247327420530 -0.1241921347695673
v -0.0270875245332718 0.0266007445752621 -0.0671338587999344
vn 3.0318700266886620 -3.7367122967594737 0.5368750176917172
v -0.0270380433648825 0.0266032330691814 -0.0682925432920456
vn 2.9029870114264833 -3.3184119772617011 1.1511375251090774
v -0.0267075728625059 0.0266057662665844 -0.0694630071520805
vn 2.4353411616817895 -3.8648563923271055 1.8343014813971497
v -0.0261466167867184 0.0266079865396023 -0.0704698786139488
vn 2.0722553332735711 -3.3767243705491912 2.3256278221307398
v -0.0253145918250084 0.0266100279986858 -0.0713761076331139
vn 2.9635829830313223 -3.6233748510657957 -0.9142894965746033
v -0.0268529541790485 0.0265982113778591 -0.0659307315945625
vn 3.1025025061841078 -3.2653426763581321 -0.4653190371390878
v -0.0270750317722559 0.0266004465520382 -0.0669899955391884
vn 1.7090916826090155 -3.4284617819109831 -2.6224375137735949
v -0.0248152334243059 0.0265927277505398 -0.0632474198937416
vn 2.2429843882148308 -3.5217406535936933 -2.1670455558607085
v -0.0256228949874640 0.0265940390527248 -0.0639096274971962
vn 2.5635912578606077 -3.3000576324329707 -1.8084829163019116
v -0.0262367464601994 0.0265955738723278 -0.0646610334515572
vn 2.6847778797417670 -3.4053705906533853 -1.6105655078108254
v -0.0263410899788141 0.0265959016978741 -0.0648230016231537
vn 0.0958835913426484 -3.2937037040514081 -3.1384637234865798
v -0.0219999998807907 0.0265912525355816 -0.0623999983072281
vn 0.4818391533370510 -3.4747797472109996 -3.0812752457376460
v -0.0227896664291620 0.0265912972390652 -0.0624613948166370
vn 0.9178242198440892 -3.7703791508043762 -2.9399001660211241
v -0.0238656327128410 0.0265917889773846 -0.0627528578042984
vn -1.7736228626162365 -3.3121719562094878 -2.5892103349268130
v -0.0191847663372755 0.0265934132039547 -0.0632474198937416
vn -1.3731792396053866 -3.3244175516746099 -2.8192081976844863
v -0.0195985585451126 0.0265928320586681 -0.0630000680685043
vn -1.0618735562366002 -3.6543131863021698 -2.9071016971361319
v -0.0203186571598053 0.0265920720994473 -0.0626847147941589
vn -0.5022902461502730 -3.6250911890313864 -3.0645110471621653
v -0.0215694773942232 0.0265913568437099 -0.0624180845916271
vn -2.9826068443090823 -3.6344614440117748 -0.8474395060735467
v -0.0170700717717409 0.0265999697148800 -0.0661937743425369
vn -2.7729635890900615 -3.2819952562610579 -1.4650565963446569
v -0.0175457969307899 0.0265973918139935 -0.0650151073932648
vn -2.5081629654827187 -3.3325658919290229 -1.8763302061230942
v -0.0177632309496403 0.0265966020524502 -0.0646610185503960
vn -2.3113659585807187 -3.8322950110254084 -2.0096226619771933
v -0.0182954166084528 0.0265951119363308 -0.0639939978718758
vn -3.0194487877596705 -3.7582057843401477 0.5830095921336882
v -0.0169998761266470 0.0266049169003963 -0.0685056820511818
vn -3.1344249394494876 -3.2598752973626843 -0.0297819301562384
v -0.0169032067060471 0.0266023539006710 -0.0673002749681473
vn -3.1117678966481335 -3.2558902483686274 -0.3986093755593537
v -0.0169249344617128 0.0266016833484173 -0.0669900104403496
vn -2.1011681764500230 -3.4448409564881097 2.2790087427341099
v -0.0187461096793413 0.0266109369695187 -0.0714273005723953
vn -2.1424826718788759 -4.4136493286848957 1.8969339375812431
v -0.0179288182407618 0.0266092084348202 -0.0705725848674774
vn -2.8049135478653824 -3.2400094321338515 1.3963430538663841
v -0.0173521563410759 0.0266072116792202 -0.0695999711751938
vn -2.9445767877576077 -3.2588159114130493 1.0720278526197609
v -0.0172826740890741 0.0266068689525127 -0.0694394335150719
vn -0.0052193562405296 6.1744627187683756 0.6104993495864899
v -0.0000000000000006 0.0254999957978725 -0.0094999996945262
vn -0.0055603156742016 3.4276124868370026 3.2761081958454108
v -0.0000000000000009 0.0254999957978725 -0.0135363601148129
vn -0.8367010254486900 6.1348846279231291 0.6063420245518560
v -0.0039890790358186 0.0251860581338406 -0.0094999996945262
vn -0.4284569982963879 3.4010938040281049 3.2505231597687940
v -0.0036290283314884 0.0252404473721981 -0.0135363601148129
vn -1.4108043357535904 6.0209646072330933 0.6876063957417653
v -0.0056742839515209 0.0248606614768505 -0.0094999996945262
vn -0.7543242442468486 3.3529236354445304 3.2074175890886134
v -0.0056742839515209 0.0248606614768505 -0.0135363601148129
vn -1.9749618002237255 5.8686743350652488 0.6090833827774080
v -0.0078799333423376 0.0242519341409206 -0.0094999996945262
vn -4.3878190857763375 4.3611578333295080 0.6296464571977320
v -0.0180312227457762 0.0180312208831310 -0.0094999996945262
vn -3.9474773429768253 4.7658963362715943 0.6741329445467628
v -0.0158989895135164 0.0199367068707943 -0.0094999996945262
vn -2.1224958348177965 2.6999560395232329 3.2127256352146114
v -0.0158989895135164 0.0199367068707943 -0.0135363601148129
vn -3.5147655605895030 5.1032308159718331 0.6251162859576735
v -0.0149885239079595 0.0206299386918545 -0.0094999996945262
vn -1.8361875708862865 2.8968649774634518 3.2394261940288884
v -0.0137863410636783 0.0214519612491131 -0.0135363601148129
vn -2.9852372929764326 5.4342066514633389 0.6217383896110421
v -0.0115767577663064 0.0227206610143185 -0.0094999996945262
vn -1.5644700004749452 3.0564143595985382 3.1890952894442677
v -0.0110640348866582 0.0229747109115124 -0.0135363601148129
vn -2.5283366957686466 5.6564461109517339 0.6540351678115048
v -0.0110640348866582 0.0229747109115124 -0.0094999996945262
vn -1.3352509206417102 3.1576781824439397 3.2056457733441053
v -0.0105930827558041 0.0231956206262112 -0.0135363601148129
vn -1.0156307590156426 3.2745076394084838 3.2299083592358144
v -0.0071841804310679 0.0244670771062374 -0.0135363601148129
vn -2.2810580645411878 2.5579324195735440 3.2518798635434041
v -0.0166989490389824 0.0192716084420681 -0.0135363601148129
vn -2.5430122242546118 2.2999895696526682 3.2077204721810837
v -0.0192716140300035 0.0166989527642727 -0.0135363601148129
vn -4.7380672650358662 3.9597283528045715 0.7381808195081458
v -0.0199367031455040 0.0158989839255810 -0.0094999996945262
vn -2.7210602055198372 2.1062618825888171 3.1880215703434649
v -0.0199367031455040 0.0158989839255810 -0.0135363601148129
vn -5.1032258419487695 3.5147754480712017 0.6251124812538639
v -0.0206299331039190 0.0149885239079595 -0.0094999996945262
vn -2.8955974896968515 1.8398144994386791 3.2393471371431071
v -0.0214519649744034 0.0137863429263234 -0.0135363601148129
vn -5.4342214830584519 2.9851985524477249 0.6217397697892102
v -0.0227206666022539 0.0115767540410161 -0.0094999996945262
vn -3.0555835223697274 1.5622407647066920 3.1892568793190881
v -0.0229747053235769 0.0110640348866582 -0.0135363601148129
vn -5.6564655082888402 2.5283091345733952 0.6540326673757410
v -0.0229747053235769 0.0110640348866582 -0.0094999996945262
vn -3.1576762921370221 1.3352543718847563 3.2056431042758589
v -0.0231956150382757 0.0105930836871266 -0.0135363601148129
vn -5.8713897544546487 1.9402469891199450 0.6442994539966138
v -0.0242519415915012 0.0078799398615956 -0.0094999996945262
vn -3.2725820173356053 1.0232112216875950 3.2187535848455315
v -0.0244670715183020 0.0071841748431325 -0.0135363601148129
vn -5.9794397906093923 1.4577557923043289 0.8053700153944825
v -0.0248606614768505 0.0056742848828435 -0.0094999996945262
vn -3.3678439264116067 0.7467689486716067 3.1941020225814647
v -0.0248606614768505 0.0056742848828435 -0.0135363601148129
vn -6.1351565412564311 0.8381682819675378 0.6156013938671068
v -0.0251860525459051 0.0039890827611089 -0.0094999996945262
vn -3.4033310202511693 0.4356491096569191 3.2407341837019779
v -0.0252404473721981 0.0036290257703513 -0.0135363601148129
vn -6.1744586042213054 -0.0052230819701328 0.6105090095355119
v -0.0254999995231628 -0.0000000029802334 -0.0094999996945262
vn -3.4276117256164191 -0.0055617413420243 3.2761114120574546
v -0.0254999995231628 -0.0000000029802334 -0.0135363601148129
vn -6.1348895700168908 -0.8366905879261597 0.6063434091625503
v -0.0251860525459051 -0.0039890734478831 -0.0094999996945262
vn -3.4010948184207588 -0.4284570928542916 3.2505250205222982
v -0.0252404473721981 -0.0036290318239480 -0.0135363601148129
vn -6.0209666779553386 -1.4107893567645009 0.6876113695012651
v -0.0248606614768505 -0.0056742904707789 -0.0094999996945262
vn -3.3529234030457871 -0.7543275600316262 3.2074183549070283
v -0.0248606614768505 -0.0056742904707789 -0.0135363601148129
vn -5.8686705056495772 -1.9749621819416250 0.6090869914672236
v -0.0242519415915012 -0.0078799305483699 -0.0094999996945262
vn -3.2745043868683177 -1.0156380271433039 3.2298930381677762
v -0.0244670715183020 -0.0071841804310679 -0.0135363601148129
vn -3.1576768890899904 -1.3352531799860110 3.2056445090046366
v -0.0231956150382757 -0.0105930892750621 -0.0135363601148129
vn -5.6564636237942949 -2.5283078255286231 0.6540405926597949
v -0.0229747053235769 -0.0110640404745936 -0.0094999996945262
vn -3.0564146771288554 -1.5644683814980560 3.1890913065938902
v -0.0229747053235769 -0.0110640404745936 -0.0135363601148129
vn -5.4342175521971523 -2.9851990987209156 0.6217513712086646
v -0.0227206666022539 -0.0115767596289515 -0.0094999996945262
vn -2.8968638703790530 -1.8361879951383506 3.2394247467999344
v -0.0214519649744034 -0.0137863336130977 -0.0135363601148129
vn -5.1032253226018849 -3.5147701409843362 0.6251256179337616
v -0.0206299331039190 -0.0149885294958949 -0.0094999996945262
vn -2.7142100702586007 -2.1057333035502772 3.1885879865809650
v -0.0199367031455040 -0.0158989913761616 -0.0135363601148129
vn -4.7718610086827633 -3.9407239772905855 0.6862662398950755
v -0.0199367031455040 -0.0158989913761616 -0.0094999996945262
vn -2.5430041386684743 -2.2999952510546615 3.2077055773528511
v -0.0192716140300035 -0.0166989453136921 -0.0135363601148129
vn -4.3565477623508979 -4.3929327743398296 0.6353197883695877
v -0.0180312227457762 -0.0180312283337116 -0.0094999996945262
vn -2.2999895495445384 -2.5430118991227859 3.2077160731063969
v -0.0166989490389824 -0.0192716158926487 -0.0135363601148129
vn -3.9597201272504021 -4.7380709979327671 0.7381885359596639
v -0.0158989895135164 -0.0199366994202137 -0.0094999996945262
vn -2.1062643388725508 -2.7210581017617073 3.1880233247633987
v -0.0158989895135164 -0.0199366994202137 -0.0135363601148129
vn -3.5147747695762099 -5.1032255560845083 0.6251206032223471
v -0.0149885239079595 -0.0206299312412739 -0.0094999996945262
vn -1.8398145631362302 -2.8955964917710086 3.2393492361826617
v -0.0137863410636783 -0.0214519686996937 -0.0135363601148129
vn -2.9851780285650267 -5.4342292546092485 0.6217383433343782
v -0.0115767577663064 -0.0227206684648991 -0.0094999996945262
vn -1.5622365217711502 -3.0555857795545887 3.1892548299605030
v -0.0110640348866582 -0.0229747034609318 -0.0135363601148129
vn -2.5282895547018551 -5.6564797535209586 0.6540231469296205
v -0.0110640348866582 -0.0229747034609318 -0.0094999996945262
vn -1.3352539817542195 -3.1576767401658978 3.2056421501477050
v -0.0105930827558041 -0.0231956131756306 -0.0135363601148129
vn -1.9402510055434625 -5.8713924563453768 0.6442887943500757
v -0.0078799333423376 -0.0242519415915012 -0.0094999996945262
vn -1.0232203066640941 -3.2725782929364318 3.2187500808574141
v -0.0071841804310679 -0.0244670696556568 -0.0135363601148129
vn -1.4577550436602547 -5.9794298378798159 0.8053909728153342
v -0.0056742839515209 -0.0248606689274311 -0.0094999996945262
vn -0.7467747441184173 -3.3678429503419465 3.1941093267927272
v -0.0056742839515209 -0.0248606689274311 -0.0135363601148129
vn -0.8381575950161391 -6.1351603344110419 0.6156080025164572
v -0.0039890790358186 -0.0251860506832600 -0.0094999996945262
vn -0.4356502034366529 -3.4033325779902657 3.2407409268849774
v -0.0036290283314884 -0.0252404548227787 -0.0135363601148129
vn 0.0052263087794606 -6.1744537070580696 0.6105265947099840
v 0.0000000000000010 -0.0255000032484531 -0.0094999996945262
vn 0.0055636880066711 -3.4276126064903987 3.2761110691340893
v 0.0000000000000007 -0.0255000032484531 -0.0135363601148129
vn -0.0000000000000646 3.1218391226806252 2.9171939987974693
v 0.0000000000000010 -0.0234999991953373 -0.0225000008940697
vn -0.0000000000000646 3.1218391226806261 -2.9171939987974698
v 0.0000000000000010 -0.0234999991953373 -0.0085000004619360
vn -0.6946750157589965 3.0435676337686246 2.9171920052993037
v 0.0052292421460152 -0.0229108072817326 -0.0225000008940697
vn -0.6946750157589964 3.0435676337686237 -2.9171920052993037
v 0.0052292421460152 -0.0229108072817326 -0.0085000004619360
vn -1.3545143833298381 2.8126805385999800 2.9171953820791763
v 0.0101962676271796 -0.0211727656424046 -0.0225000008940697
vn -1.3545143833298381 2.8126805385999800 -2.9171953820791767
v 0.0101962676271796 -0.0211727656424046 -0.0085000004619360
vn -1.9464327105667840 2.4407533397103025 2.9171918625327504
v 0.0146520100533962 -0.0183730460703373 -0.0225000008940697
vn -1.9464327105667840 2.4407533397103025 -2.9171918625327500
v 0.0146520100533962 -0.0183730460703373 -0.0085000004619360
vn -2.4407522959103738 1.9464342073341663 2.9171925285922859
v 0.0183730404824018 -0.0146520165726542 -0.0225000008940697
vn -2.4407522959103738 1.9464342073341661 -2.9171925285922864
v 0.0183730404824018 -0.0146520165726542 -0.0085000004619360
vn -2.8126803923830686 1.3545138314281151 2.9171932714711546
v 0.0211727675050497 -0.0101962713524699 -0.0225000008940697
vn -2.8126803923830686 1.3545138314281151 -2.9171932714711546
v 0.0211727675050497 -0.0101962713524699 -0.0085000004619360
vn -3.0435681629162508 0.6946740477421726 2.9171937137803634
v 0.0229108054190874 -0.0052292374894023 -0.0225000008940697
vn -3.0435681629162525 0.6946740477421611 -2.9171937137803581
v 0.0229108054190874 -0.0052292374894023 -0.0085000004619360
vn -3.1218389989599444 0.0000005072550509 2.9171932953317636
v 0.0234999991953373 -0.0000000029802321 -0.0225000008940697
vn -3.1218389989599453 0.0000005072550141 -2.9171932953317636
v 0.0234999991953373 -0.0000000029802316 -0.0085000004619360
vn -3.0435677348665484 -0.6946749271191629 2.9171924535684903
v 0.0229108054190874 0.0052292468026280 -0.0225000008940697
vn -3.0435677348665466 -0.6946749271191741 -2.9171924535684952
v 0.0229108054190874 0.0052292468026280 -0.0085000004619360
vn -2.8126799071794779 -1.3545152180601492 2.9171942067110868
v 0.0211727675050497 0.0101962657645345 -0.0225000008940697
vn -2.8126799071794779 -1.3545152180601492 -2.9171942067110868
v 0.0211727675050497 0.0101962657645345 -0.0085000004619360
vn -2.4407520179120907 -1.9464344853323101 2.9171922783059587
v 0.0183730404824018 0.0146520109847188 -0.0225000008940697
vn -2.4407520179120907 -1.9464344853323103 -2.9171922783059587
v 0.0183730404824018 0.0146520109847188 -0.0085000004619360
vn -1.9464356215061396 -2.4407516139672012 2.9171945104598289
v 0.0146520100533962 0.0183730386197567 -0.0225000008940697
vn -1.9464356215061396 -2.4407516139672012 -2.9171945104598285
v 0.0146520100533962 0.0183730386197567 -0.0085000004619360
vn -1.3545136094979755 -2.8126799214892038 2.9171903116749274
v 0.0101962676271796 0.0211727730929852 -0.0225000008940697
vn -1.3545136094979755 -2.8126799214892033 -2.9171903116749274
v 0.0101962676271796 0.0211727730929852 -0.0085000004619360
vn -0.6946754451981564 -3.0435685255115974 2.9171974919229564
v 0.0052292421460152 0.0229107998311520 -0.0225000008940697
vn -0.6946754451981556 -3.0435685255115978 -2.9171974919229551
v 0.0052292421460152 0.0229107998311520 -0.0085000004619360
vn 0.0000000000000348 -3.1218381329056228 2.9171883710770978
v -0.0000000000000005 0.0235000066459179 -0.0225000008940697
vn 0.0000000000000371 -3.1218381329056228 -2.9171883710770978
v -0.0000000000000006 0.0235000066459179 -0.0085000004619360
vn 0.0000034946278167 -5.4522383040843501 2.3335297179495296
v -0.0000000000000004 0.0190000049769878 -0.0234999991953373
vn 0.0000026853321306 -2.0930692085993376 5.4763012219368852
v -0.0000000000000004 0.0199999921023846 -0.0225000008940697
vn 1.3048041911495685 -5.2937896976355168 2.3335417173083797
v -0.0045469976030290 0.0184478871524334 -0.0234999991953373
vn 0.5008990073066615 -2.0322327895075323 5.4763161289110744
v -0.0047863135114312 0.0194188319146633 -0.0225000008940697
vn 2.5337686624335127 -4.8277067383147774 2.3335422254549734
v -0.0088297398760915 0.0168236605823040 -0.0234999991953373
vn 0.9726901549267642 -1.8533097439157409 5.4763133494063041
v -0.0092944633215666 0.0177091173827648 -0.0225000008940697
vn 3.6154956565097853 -4.0810571847222743 2.3335339372956634
v -0.0125993303954601 0.0142217101529241 -0.0234999991953373
vn 1.3879590535730555 -1.5666808296254831 5.4763055435020700
v -0.0132624534890056 0.0149702103808522 -0.0225000008940697
vn 4.4870943215356984 -3.0972182584041623 2.3335389828507882
v -0.0156366936862469 0.0107932360842824 -0.0234999991953373
vn 1.7225519432740417 -1.1889923800891564 5.4763121322187658
v -0.0164596773684025 0.0113612981513143 -0.0225000008940697
vn 5.0979190288699305 -1.9333857125069145 2.3335402569755299
v -0.0177653077989817 0.0067374976351857 -0.0234999991953373
vn 1.9570424178035786 -0.7422080471241401 5.4763123015435982
v -0.0187003239989281 0.0070921005681157 -0.0225000008940697
vn 5.4124726460517216 -0.6571937111234244 2.3335402565027126
v -0.0188614688813686 0.0022902011405677 -0.0234999991953373
vn 2.0777964750935265 -0.2522900988736994 5.4763121289421601
v -0.0198541767895222 0.0024107366334647 -0.0225000008940697
vn 5.4124726922721269 0.6571939488416402 2.3335401783180743
v -0.0188614688813686 -0.0022901922930032 -0.0234999991953373
vn 2.0777963619714082 0.2522902349664646 5.4763122067754626
v -0.0198541767895222 -0.0024107277859002 -0.0225000008940697
vn 5.0979191174965344 1.9333855210231548 2.3335402200032229
v -0.0177653077989817 -0.0067374883219600 -0.0234999991953373
vn 1.9570424747436788 0.7422078654653916 5.4763123110678524
v -0.0187003239989281 -0.0070920912548900 -0.0225000008940697
vn 4.4870944374372561 3.0972172532844877 2.3335395947528026
v -0.0156366936862469 -0.0107932267710567 -0.0234999991953373
vn 1.7225531039961328 1.1889918408002129 5.4763116386891593
v -0.0164596773684025 -0.0113612888380885 -0.0225000008940697
vn 3.6154945552831541 4.0810426377482969 2.3335447177971451
v -0.0125993303954601 -0.0142217008396983 -0.0234999991953373
vn 1.3879516742046210 1.5666708589389784 5.4763166783183799
v -0.0132624534890056 -0.0149702159687877 -0.0225000008940697
vn 2.5337753519359789 4.8277039097169103 2.3335436414304249
v -0.0088297398760915 -0.0168236680328846 -0.0234999991953373
vn 0.9726908403210908 1.8533077395131685 5.4763145320084927
v -0.0092944633215666 -0.0177091248333454 -0.0225000008940697
vn 1.3047991474013587 5.2937904030620313 2.3335447407567660
v -0.0045469976030290 -0.0184478946030140 -0.0234999991953373
vn 0.5008994477984952 2.0322325278777544 5.4763162501607834
v -0.0047863135114312 -0.0194188393652439 -0.0225000008940697
vn -0.0000001724121742 5.4522218284195088 2.3335435737946488
v 0.0000000000000008 -0.0189999975264072 -0.0234999991953373
vn -0.0000001324845778 2.0930545137257477 5.4763146589660101
v 0.0000000000000009 -0.0199999995529652 -0.0225000008940697
vn -0.0000034946298796 -5.4522403491890250 -2.3335274164965698
v -0.0000000000000004 0.0190000049769878 -0.0252999998629093
vn 1.3048082186727530 -5.2937894897081419 -2.3335410668057923
v -0.0045469976030290 0.0184478871524334 -0.0252999998629093
vn 2.5337715179314104 -4.8277087559725107 -2.3335385493448850
v -0.0088297398760915 0.0168236605823040 -0.0252999998629093
vn 3.6154950135968660 -4.0810610800167302 -2.3335310642897986
v -0.0125993303954601 0.0142217101529241 -0.0252999998629093
vn 4.4870961205375819 -3.0972184150444724 -2.3335372933130558
v -0.0156366936862469 0.0107932360842824 -0.0252999998629093
vn 5.0979210582519494 -1.9333861856669201 -2.3335379295870315
v -0.0177653077989817 0.0067374976351857 -0.0252999998629093
vn 5.4124747249859091 -0.6571941271586851 -2.3335378665391238
v -0.0188614688813686 0.0022902011405677 -0.0252999998629093
vn 5.4124746733801272 0.6571940245244482 -2.3335379660856583
v -0.0188614688813686 -0.0022901922930032 -0.0252999998629093
vn 5.0979209116172086 1.9333864992644920 -2.3335379451975244
v -0.0177653077989817 -0.0067374883219600 -0.0252999998629093
vn 4.4870964672304794 3.0972171777617028 -2.3335378305215539
v -0.0156366936862469 -0.0107932267710567 -0.0252999998629093
vn 3.6154944443492711 4.0810452501454133 -2.3335426264451655
v -0.0125993303954601 -0.0142217008396983 -0.0252999998629093
vn 2.5337773968364639 4.8277052654345365 -2.3335412041005559
v -0.0088297398760915 -0.0168236680328846 -0.0252999998629093
vn 1.3047989875713077 5.2937924208406173 -2.3335425991567735
v -0.0045469976030290 -0.0184478946030140 -0.0252999998629093
vn 0.0000001724120446 5.4522238735438151 -2.3335412723601623
v 0.0000000000000008 -0.0189999975264072 -0.0252999998629093
vn 0.0000001324845945 2.0930565610329448 -5.4763128076452903
v 0.0000000000000009 -0.0199999995529652 -0.0263000000268221
vn 0.5008994972581927 2.0322347773244429 -5.4763142775924463
v -0.0047863135114312 -0.0194188393652439 -0.0263000000268221
vn 0.9726925363377629 1.8533090188304180 -5.4763127837747554
v -0.0092944633215666 -0.0177091248333454 -0.0263000000268221
vn 1.3879521171992946 1.5666734626049177 -5.4763146676388965
v -0.0132624534890056 -0.0149702159687877 -0.0263000000268221
vn 1.7225557304089010 1.1889925190466257 -5.4763093798446594
v -0.0164596773684025 -0.0113612888380885 -0.0263000000268221
vn 1.9570443362822694 0.7422088003049159 -5.4763104395414297
v -0.0187003239989281 -0.0070920912548900 -0.0263000000268221
vn 2.0777984918447734 0.2522903668931917 -5.4763102877813630
v -0.0198541767895222 -0.0024107277859002 -0.0263000000268221
vn 2.0777984107200496 -0.2522904596195631 -5.4763103447734807
v -0.0198541767895222 0.0024107366334647 -0.0263000000268221
vn 1.9570443850434847 -0.7422085653768606 -5.4763104699070961
v -0.0187003239989281 0.0070921005681157 -0.0263000000268221
vn 1.7225544862098852 -1.1889933015285479 -5.4763098167128081
v -0.0164596773684025 0.0113612981513143 -0.0263000000268221
vn 1.3879582963282719 -1.5666835257159009 -5.4763041257321259
v -0.0132624534890056 0.0149702103808522 -0.0263000000268221
vn 0.9726915947356445 -1.8533098569143847 -5.4763125409049627
v -0.0092944633215666 0.0177091173827648 -0.0263000000268221
vn 0.5009028193117746 -2.0322355394523304 -5.4763130252011880
v -0.0047863135114312 0.0194188319146633 -0.0263000000268221
vn -0.0000026853342890 -2.0930712558939542 -5.4762993706036420
v -0.0000000000000004 0.0199999921023846 -0.0263000000268221
vn 0.0000009377448644 -6.1772284441457135 -0.6055603376029096
v 0.0000000000000011 -0.0272499956190586 -0.0222999993711710
vn 0.7767052493341959 -6.1438887014019876 -0.5498595678586831
v 0.0040614018216729 -0.0269456394016743 -0.0222999993711710
vn 0.0000000000000715 -3.1295698515679984 -3.2994559720393890
v 0.0000000000000011 -0.0272499956190586 -0.0193000007420778
vn 0.6473644347942902 -3.0633239894241862 -3.2641706670080328
v 0.0056655937805772 -0.0266545154154301 -0.0193000007420778
vn 2.3814552909857127 -5.7177753977244512 -0.6560169613613608
v 0.0110835731029510 -0.0248941071331501 -0.0222999993711710
vn 1.2851086815855068 -2.8537899131500013 -3.2829350927677936
v 0.0110835731029510 -0.0248941071331501 -0.0193000007420778
vn 1.8376274486126465 -5.9052620479742703 -0.5616174174803801
v 0.0080320788547397 -0.0260393656790257 -0.0222999993711710
vn 1.3815009404919165 -6.0044217406173432 -0.7797413494763625
v 0.0056655937805772 -0.0266545154154301 -0.0222999993711710
vn 2.8756571628202767 -5.4905078406034207 -0.5639212100187897
v 0.0118233319371939 -0.0245513953268528 -0.0222999993711710
vn 3.3170601702802438 -5.2356642666907414 -0.5639472157396712
v 0.0153504712507129 -0.0225150026381016 -0.0222999993711710
vn 1.8568803739537032 -2.5154744563707214 -3.3192201300383899
v 0.0160171482712030 -0.0220457203686237 -0.0193000007420778
vn 3.7980231321017857 -4.8896198779200599 -0.6147369080296705
v 0.0160171482712030 -0.0220457203686237 -0.0222999993711710
vn 2.3159716676675526 -2.1046093611315815 -3.2730669209621777
v 0.0202506966888905 -0.0182338096201420 -0.0193000007420778
vn 4.1185049346323455 -4.6107177401691137 -0.4170835541640850
v 0.0185347069054842 -0.0199756659567356 -0.0222999993711710
vn 4.5623010674390594 -4.1780011519301379 -0.6880948304775414
v 0.0202506966888905 -0.0182338096201420 -0.0222999993711710
vn 4.9324168327680953 -3.7445835752765739 -0.5498679751903850
v 0.0213049072772264 -0.0169900991022587 -0.0222999993711710
vn 2.7102871590746300 -1.5647845087493037 -3.2994570790417583
v 0.0235991925001144 -0.0136249987408519 -0.0193000007420778
vn 5.3496327319610186 -3.0886127013188660 -0.6055753250217573
v 0.0235991925001144 -0.0136249987408519 -0.0222999993711710
vn 5.7091146250000069 -2.3993015012402408 -0.5498666572050448
v 0.0253663100302219 -0.0099555430933833 -0.0222999993711710
vn 2.9765988693357950 -0.9710264113898515 -3.2641748722029744
v 0.0259162895381451 -0.0084207085892558 -0.0193000007420778
vn 6.1424599278036833 -0.7964926489082576 -0.6560360580361410
v 0.0271007213741541 -0.0028484046924859 -0.0222999993711710
vn 3.1140082896573422 -0.3139602617729511 -3.2829386199299262
v 0.0271007213741541 -0.0028484046924859 -0.0193000007420778
vn 6.0329238610776361 -1.3612045896914631 -0.5616186322435025
v 0.0265667848289013 -0.0060637025162578 -0.0222999993711710
vn 5.8907278577773390 -1.8057831993195521 -0.7797609984567269
v 0.0259162895381451 -0.0084207085892558 -0.0222999993711710
vn 6.1927426133437056 -0.2548645197601216 -0.5639422975186585
v 0.0271738041192293 -0.0020363957155496 -0.0222999993711710
vn 6.1927426133437056 0.2548645197601216 -0.5639422975186585
v 0.0271738041192293 0.0020363896619529 -0.0222999993711710
vn 3.1069051771811416 0.3503730530514301 -3.3192129944330144
v 0.0271007213741541 0.0028483986388892 -0.0193000007420778
vn 6.1335489113657431 0.8444070268109847 -0.6147282626413256
v 0.0271007213741541 0.0028483986388892 -0.0222999993711710
vn 2.9806307517749762 0.9533855486867849 -3.2730692456411949
v 0.0259162895381451 0.0084207179024816 -0.0193000007420778
vn 6.0522531271451614 1.2613648310779768 -0.4170789504917513
v 0.0265667848289013 0.0060636969283223 -0.0222999993711710
vn 5.8994034931861288 1.8620708578793828 -0.6880963047677123
v 0.0259162895381451 0.0084207179024816 -0.0222999993711710
vn 5.7091128436818934 2.3993094844772180 -0.5498680698488468
v 0.0253663100302219 0.0099555375054479 -0.0222999993711710
vn 2.7102866679145010 1.5647854256015234 -3.2994571830650483
v 0.0235991925001144 0.0136249931529164 -0.0193000007420778
vn 5.3496349242554135 3.0886146319707142 -0.6055629490055187
v 0.0235991925001144 0.0136249931529164 -0.0222999993711710
vn 4.9324160652991615 3.7445850176501980 -0.5498675329570615
v 0.0213049072772264 0.0169900916516781 -0.0222999993711710
vn 2.3292337506624441 2.0922960741235430 -3.2641761748973392
v 0.0202506966888905 0.0182338021695614 -0.0193000007420778
vn 3.7610201851710912 4.9212765404980461 -0.6560309615494841
v 0.0160171482712030 0.0220457129180431 -0.0222999993711710
vn 1.8289030728421576 2.5398290630761493 -3.2829390448783684
v 0.0160171482712030 0.0220457129180431 -0.0193000007420778
vn 4.1953063093644438 4.5440625948876221 -0.5616052122481673
v 0.0185347069054842 0.0199756585061550 -0.0222999993711710
vn 4.5092171837145747 4.1986269760933679 -0.7797638813898831
v 0.0202506966888905 0.0182338021695614 -0.0222999993711710
vn 3.3170946495119620 5.2356360991848021 -0.5639410602086645
v 0.0153504712507129 0.0225150100886822 -0.0222999993711710
vn 2.8756518917483476 5.4905048358329562 -0.5639429115979691
v 0.0118233319371939 0.0245514027774334 -0.0222999993711710
vn 1.2500205921981198 2.8658452907467327 -3.3192134297605023
v 0.0110835731029510 0.0248941145837307 -0.0193000007420778
vn 2.3354942670258341 5.7340125946452432 -0.6147315199846233
v 0.0110835731029510 0.0248941145837307 -0.0222999993711710
vn 0.6646586366869427 3.0579948755623065 -3.2730708392407846
v 0.0056655937805772 0.0266545228660107 -0.0193000007420778
vn 1.9337508461411526 5.8720860120412457 -0.4170893764245749
v 0.0080320788547397 0.0260393582284451 -0.0222999993711710
vn 0.0000032549693640 6.1772193797854849 -0.6055848783744269
v -0.0000000000000006 0.0272500030696392 -0.0222999993711710
vn -0.0000000000000433 3.1295693011562484 -3.2994622574252750
v -0.0000000000000007 0.0272500030696392 -0.0193000007420778
vn 0.7766872008928674 6.1438951893627261 -0.5498698020677157
v 0.0040614018216729 0.0269456319510937 -0.0222999993711710
vn 1.3370930607334115 6.0400680499491344 -0.6881007742492091
v 0.0056655937805772 0.0266545228660107 -0.0222999993711710
vn -4.1081665087145645 -4.7182848011547414 -0.4995689118772003
v 0.0251780021935701 0.0236167125403881 -0.0199999995529652
vn -4.5336558533673781 -4.3378251939539849 -0.2519775661948310
v 0.0259132049977779 0.0229064486920834 -0.0199999995529652
vn -2.2519834263451775 -2.1811386208957448 -3.0369985734460987
v 0.0259132049977779 0.0229064486920834 -0.0193000007420778
vn -6.1760200038260447 -1.0703397523843656 -0.3817147056828225
v 0.0351173952221870 0.0044002356007695 -0.0199999995529652
vn -6.2406340034493857 -0.5947176988492467 -0.3403359143303202
v 0.0351569652557373 0.0041021527722478 -0.0199999995529652
vn -3.1125913691433782 -0.3618560763683907 -3.0187301842105425
v 0.0351569652557373 0.0041021527722478 -0.0193000007420778
vn -4.4470858677708511 4.4111439324800763 -0.4296826826727783
v 0.0251771695911884 -0.0236174501478672 -0.0199999995529652
vn -4.0377593236511515 4.8039154958871793 -0.2342390524950456
v 0.0246101487427950 -0.0241353996098042 -0.0199999995529652
vn -2.0427746461028158 2.3768824096350039 -3.0296846507888993
v 0.0246101487427950 -0.0241353996098042 -0.0193000007420778
vn -1.8765857815467122 5.9353908547013106 -0.5927167945422527
v 0.0118494555354118 -0.0311338640749454 -0.0199999995529652
vn -1.4502727618685887 6.1125482271994187 -0.0699916756877336
v 0.0103224702179432 -0.0315252430737019 -0.0199999995529652
vn -0.7144796442351036 3.0556691347138347 -3.0908454726851082
v 0.0103224702179432 -0.0315252430737019 -0.0193000007420778
vn 1.7583024525911553 -2.5974296307705060 -3.0290195713018373
v -0.0155142014846206 0.0265015773475170 -0.0193000007420778
vn 3.5195305824000656 -5.1871181277084091 0.0960336953271477
v -0.0155142648145556 0.0265014432370663 -0.0199999976903200
vn 3.0346112247337991 -5.4903093111264818 0.0781921893249791
v -0.0117353647947311 0.0287624560296535 -0.0199999995529652
vn 3.6872344633368854 5.0813598812028085 0.1005648533090531
v -0.0155143244192004 -0.0265015251934528 -0.0199999995529652
vn 1.8446937793415090 2.5418907027958402 -3.0944077745210388
v -0.0155142024159431 -0.0265015847980976 -0.0193000007420778
vn 3.3779104676344152 5.2883815392348632 0.1170190324532695
v -0.0154950544238091 -0.0265148021280766 -0.0199999995529652
vn 1.6969045164153409 2.6418189069550451 -3.0761775338386856
v -0.0154950544238091 -0.0265148021280766 -0.0193000007420778
vn 3.0445007401581039 5.4755673469972290 -0.0028262086610283
v -0.0117360036820173 -0.0287621803581715 -0.0199999995529652
vn 1.3475920058490467 2.8329575364071755 -3.0609547711747176
v -0.0110828746110201 -0.0290883816778660 -0.0193000007420778
vn 2.6129692276028438 5.7033871730889505 0.1409527705561316
v -0.0110828746110201 -0.0290883816778660 -0.0199999995529652
vn 2.2190550002570144 5.8447313519518271 -0.1746535618944171
v -0.0076900366693735 -0.0305068381130695 -0.0199999995529652
vn 0.8898663200658060 3.0092780738947877 -3.0692520054224666
v -0.0062982807867229 -0.0309617556631565 -0.0193000007420778
vn 1.7555350740325923 6.0256317378378403 0.0935654360433070
v -0.0062982807867229 -0.0309617556631565 -0.0199999995529652
vn 1.3033307259999012 6.1061830163860797 -0.3103204231345368
v -0.0034424669574946 -0.0316850878298283 -0.0199999995529652
vn 0.4608112240103298 3.1061270548317088 -3.0907590105930258
v -0.0011850651353598 -0.0320673920214176 -0.0193000007420778
vn 0.9007776586079583 6.2149817058851751 0.0545898847894618
v -0.0011850651353598 -0.0320673920214176 -0.0199999995529652
vn 0.2780647489625397 3.1273474829327332 -3.1007914186632313
v -0.0002789748541545 -0.0321750529110432 -0.0193000007420778
vn 0.6383365169240494 6.2490286798134687 0.0439818680233919
v -0.0002789748541545 -0.0321750529110432 -0.0199999995529652
vn -0.1231456367828172 3.1331224824676047 -3.0356158774414457
v 0.0050154267810285 -0.0322883762419224 -0.0193000007420778
vn -0.1647580259867596 6.2765055047268596 -0.0275734812878423
v 0.0050154267810285 -0.0322883762419224 -0.0199999995529652
vn 0.2026578284971600 6.2423401070173261 -0.3462825398604098
v 0.0009267869754694 -0.0322778709232807 -0.0199999995529652
vn -1.1770243481438483 6.1679890413102907 -0.1506469908203095
v 0.0097064068540931 -0.0316606946289539 -0.0199999995529652
vn -0.8633454630620674 6.1829112004636642 -0.4671597046159626
v 0.0075320610776544 -0.0320384390652180 -0.0199999995529652
vn -0.5422899993077844 6.2581095286513886 -0.0597094334734802
v 0.0053370678797364 -0.0322673656046391 -0.0199999995529652
vn -2.3181392016004780 5.8307104680617456 -0.1430720198065312
v 0.0154779739677906 -0.0298731364309788 -0.0199999995529652
vn -1.1515023653530525 2.9154831256081204 -3.0149162680401602
v 0.0154779739677906 -0.0298731364309788 -0.0193000007420778
vn -2.8588404442279538 5.5494442255609053 -0.5470120970190447
v 0.0179954189807177 -0.0287002958357334 -0.0199999995529652
vn -1.6608172032895210 2.6620807593631941 -3.0685812138073256
v 0.0201991535723209 -0.0274421162903309 -0.0193000007420778
vn -3.2932140987785985 5.3459587961965918 -0.1605757874994155
v 0.0201991535723209 -0.0274421162903309 -0.0199999995529652
vn -3.7230353248613994 4.9570029566568028 -0.7983633565705364
v 0.0217599868774414 -0.0264032818377018 -0.0199999995529652
vn -4.8464709636472998 3.9754620669224217 -0.2577800740949266
v 0.0281523186713457 -0.0204303301870823 -0.0199999995529652
vn -2.4197889711085283 1.9897629076020451 -2.9931891049202308
v 0.0281523186713457 -0.0204303301870823 -0.0193000007420778
vn -5.2390466681839065 3.4366995719808995 -0.4279242896976724
v 0.0307206455618143 -0.0167915113270283 -0.0199999995529652
vn -2.7306681059453584 1.5439295680203715 -3.0600636562995920
v 0.0311084222048521 -0.0161351896822453 -0.0193000007420778
vn -5.5032632852332437 3.0123140156661470 -0.2704183955482666
v 0.0311084222048521 -0.0161351896822453 -0.0199999995529652
vn -5.6798170400928250 2.6124341033389618 -0.5812139827554363
v 0.0327461101114750 -0.0128758726641536 -0.0199999995529652
vn -2.9397619382053342 1.0979106947484769 -3.0689023836801907
v 0.0333104804158211 -0.0114893047139049 -0.0193000007420778
vn -5.8851248595960026 2.1698746178854069 -0.2902790008505495
v 0.0333104804158211 -0.0114893047139049 -0.0199999995529652
vn -5.9972522030620539 1.7161945905131282 -0.6903627975726132
v 0.0342223569750786 -0.0087205646559596 -0.0199999995529652
vn -3.0756685942580884 0.6219467535741546 -3.0697511627269907
v 0.0347685255110264 -0.0064522204920650 -0.0193000007420778
vn -6.1427551089535317 1.2639083324692422 -0.3036998074481359
v 0.0347685255110264 -0.0064522204920650 -0.0199999995529652
vn -3.1298654444594907 0.1751537012486616 -3.0335679282463643
v 0.0353972949087620 -0.0012017071712762 -0.0193000007420778
vn -6.2345712345355508 -0.2187947306326559 -0.6902255414198721
v 0.0354200005531311 -0.0000006139278526 -0.0199999995529652
vn -6.2572065977095415 0.3802486586965113 -0.3430876241529114
v 0.0353972949087620 -0.0012017071712762 -0.0199999995529652
vn -6.1449808490821241 0.6919075133122916 -0.9682189619894599
v 0.0351172052323818 -0.0044015673920512 -0.0199999995529652
vn -6.0856124813622507 -1.4753938864102434 -0.4830200570198716
v 0.0342226885259151 0.0087194265797734 -0.0199999995529652
vn -2.9949086381426313 -0.9316992824921736 -3.0571966614248174
v 0.0340236127376556 0.0094022871926427 -0.0193000007420778
vn -5.9558394283335527 -1.9674418293887821 -0.2905620882685982
v 0.0340236127376556 0.0094022871926427 -0.0199999995529652
vn -5.7730911070862048 -2.3719619088930441 -0.6572650844673806
v 0.0327465794980526 0.0128748388960958 -0.0199999995529652
vn -2.8014710680815873 -1.4141153421975483 -3.0701010001450637
v 0.0319927334785461 0.0144891412928700 -0.0193000007420778
vn -5.5859465226802332 -2.8571591388707245 -0.2628743159700805
v 0.0319927334785461 0.0144891412928700 -0.0199999995529652
vn -5.3339093577650383 -3.2348504155448481 -0.6657236142446545
v 0.0307212434709072 0.0167905800044537 -0.0199999995529652
vn -2.5421540652837127 -1.8393788683061687 -3.0689014517564708
v 0.0292380694299936 0.0190195105969906 -0.0193000007420778
vn -5.0976307032639863 -3.6591452766237467 -0.2508579077843965
v 0.0292380694299936 0.0190195105969906 -0.0199999995529652
vn -4.7158068992079976 -4.0511695764921765 -0.7661974595655793
v 0.0281828604638577 0.0203928016126156 -0.0199999995529652
vn -3.8396676431661265 -4.9655010303767710 -0.2087690062081974
v 0.0220649335533381 0.0261847637593746 -0.0199999995529652
vn -1.8670472033003169 -2.5173356390250143 -3.0264104849192215
v 0.0220649335533381 0.0261847637593746 -0.0193000007420778
vn -3.4306252458856012 -5.2542978449403348 -0.2582724146150063
v 0.0217609684914351 0.0264026485383511 -0.0199999995529652
vn -1.4010282011752866 -2.8052144893448459 -3.0433623777066208
v 0.0176406316459179 0.0288818441331387 -0.0193000007420778
vn -3.0884997684921180 -5.4626376352645298 -0.2389192189309587
v 0.0179964415729046 0.0286998264491558 -0.0199999995529652
vn -1.4814005284281253 -6.0601523910225019 -0.5045610273963780
v 0.0118506234139204 0.0311336033046246 -0.0199999995529652
vn -1.9362635267867885 -5.9761338569225320 -0.0890984090379073
v 0.0131601812317967 0.0307334922254086 -0.0199999995529652
vn -0.9736205408592811 -2.9830739913990958 -3.0912957628365572
v 0.0131601812317967 0.0307334922254086 -0.0193000007420778
vn -2.2788548230207031 -5.8430154706598030 -0.2699642301178449
v 0.0139526426792145 0.0304617099463940 -0.0199999995529652
vn -2.6639368706401285 -5.6867240269273323 -0.1246824630364234
v 0.0176406316459179 0.0288818441331387 -0.0199999995529652
vn -1.0297247596712433 -6.1891097478886001 -0.0678990460786613
v 0.0079740677028894 0.0319741033017635 -0.0199999995529652
vn -0.5285638374261762 -3.0898856113049433 -3.0166756304308224
v 0.0079740677028894 0.0319741033017635 -0.0193000007420778
vn -0.4279418926947976 -6.2280465462688772 -0.4189536932244898
v 0.0053383857011795 0.0322673581540585 -0.0199999995529652
vn 0.0267953670364659 -3.1380952477617026 -3.0695398149307556
v 0.0026483780238777 0.0323453210294247 -0.0193000007420778
vn 0.0393671385075602 -6.2792028953057475 0.0092929791282297
v 0.0026483780238777 0.0323453210294247 -0.0199999995529652
vn 0.4206527429233439 -3.1079520241058822 -3.0428956813265255
v -0.0015813678037375 0.0320121757686138 -0.0193000007420778
vn 0.9071405120603953 -3.0003267265879607 -3.0319198722583436
v -0.0068916776217520 0.0307764224708080 -0.0193000007420778
vn 1.7725042866409195 -6.0185678817825554 0.0661047695562442
v -0.0068916776217520 0.0307764224708080 -0.0199999995529652
vn 1.4275876970909180 -6.0318721177088461 -0.5396285475573749
v -0.0034415344707668 0.0316853784024715 -0.0199999995529652
vn 0.8437488396219059 -6.2192215380281910 0.0262422090727285
v -0.0015813678037375 0.0320121757686138 -0.0199999995529652
vn 0.5343613561071787 -6.2151935689175497 -0.4120893682138225
v 0.0009278437355533 0.0322780124843121 -0.0199999995529652
vn 1.3772173306086493 -2.8160765860052752 -3.0266715325128404
v -0.0114931380376220 0.0288855098187923 -0.0193000007420778
vn 2.6370088916925400 -5.6916773053097689 0.1260759118279414
v -0.0114931380376220 0.0288855098187923 -0.0199999995529652
vn 2.3009073191581018 -5.8212389813509580 -0.1051671914010532
v -0.0076891439966857 0.0305072329938412 -0.0199999995529652
vn -2.9177916390468335 -3.2987995068141585 1.1463457886744126
v -0.0171733368188143 -0.0296062715351582 -0.0691474080085754
vn -2.6510038500492294 -3.3648465192059525 1.6577428198629529
v -0.0177034847438335 -0.0296085663139820 -0.0702490732073784
vn -0.6290152480322804 -6.2189712686531688 -0.0508726770895237
v -0.0123190721496940 -0.0296258963644505 -0.0780883282423019
vn -3.0505011252485352 -3.2630682945172409 0.7348576441301418
v -0.0170679446309805 -0.0296055413782597 -0.0688002333045006
vn -0.0245345648588339 -2.8965312822300007 -3.1104682394248648
v -0.0221761055290699 -0.0296336747705936 -0.0822645500302315
vn 0.5521868855646035 -3.0302093075768100 -3.0805951300620675
v -0.0185496732592583 -0.0296331979334354 -0.0818342790007591
vn -0.7839790966599548 -3.2663741494321652 3.0426070257796556
v -0.0204779356718063 -0.0296127386391163 -0.0723674371838570
vn -2.3682362830546193 -3.2554665548564725 2.0639861926936769
v -0.0182839389890432 -0.0296100713312626 -0.0709926784038544
vn -2.1026367475571344 -3.2669027994841788 2.3323244723426697
v -0.0183974578976631 -0.0296103097498417 -0.0711095407605171
vn 1.8593009077665512 -4.6035385457988651 -1.4508982440818250
v -0.0121656283736229 -0.0296306051313877 -0.0802550315856934
vn -1.6059326241221639 -3.3860211023359201 2.6811774732887281
v -0.0193597022444010 -0.0296117998659611 -0.0718641132116318
vn 1.9357125221225542 -1.8009377368703809 -1.4516608272062153
v -0.0121626276522875 -0.0296306945383549 -0.0802974104881287
vn -1.1475889998863726 -3.2769570718046124 2.9243313660695041
v -0.0203971173614264 -0.0296126939356327 -0.0723412930965424
vn -0.3247488246840854 -3.2780019782982017 3.1231419722239728
v -0.0216780975461006 -0.0296130664646626 -0.0725899338722229
vn 0.1387655047707226 -3.2916395600775905 3.1363265537779075
v -0.0220002159476280 -0.0296130515635014 -0.0725998878479004
vn -0.7936630076798383 -2.9005730928118538 -3.0087872507776807
v -0.0256871506571770 -0.0296322293579578 -0.0817926228046417
vn 0.7387365786463105 -3.3801344669220703 3.0369781744699034
v -0.0232108663767576 -0.0296125896275043 -0.0724543407559395
vn -1.4951275115879219 -2.9097562000125481 -2.7318147758357325
v -0.0290960911661386 -0.0296288914978504 -0.0804272294044495
vn 1.4439207111741468 -3.3823654257821443 2.7710015209684533
v -0.0243582520633936 -0.0296115316450596 -0.0720222145318985
vn -2.1132326547284754 -2.8931447750517294 -2.2847131729904051
v -0.0320464782416821 -0.0296240486204624 -0.0783277750015259
vn -1.1320112671254590 -6.0701353474919513 -0.0860710184488136
v -0.0142896007746458 -0.0295627005398273 -0.0503485687077045
vn -4.4420708847949966 -2.9011691723581192 0.5992432812214712
v -0.0155644696205854 -0.0295279659330845 -0.0323935672640800
vn -2.9753600620573373 -3.2943446734998134 0.9806187050932152
v -0.0165989696979523 -0.0295367129147053 -0.0365452282130718
vn 1.9792291364616648 -3.3127311422721570 2.4315343633509663
v -0.0253642983734608 -0.0296099372208118 -0.0713326409459114
vn 2.3063917412478503 -3.2661768875487183 2.1311215809157638
v -0.0257161892950535 -0.0296091623604298 -0.0709925666451454
vn -2.6121547750031233 -2.9025925250752485 -1.6979072850582955
v -0.0343179814517498 -0.0296179987490177 -0.0756269097328186
vn 2.6035288902400184 -3.3306761741386413 1.7385562311357283
v -0.0261795781552792 -0.0296078957617283 -0.0704234838485718
vn -2.9449767184864908 -2.9004204224050500 -1.0203820532586381
v -0.0359527878463268 -0.0296106971800327 -0.0723018050193787
vn -0.6367741651153854 -3.3127767339593994 -3.0575654367631664
v -0.0207880474627018 -0.0295917280018330 -0.0625454261898994
vn -1.0746508286904359 -3.2620387427371846 -2.9387149209316523
v -0.0203058365732431 -0.0295921005308628 -0.0626896172761917
vn -1.5136168313517357 -3.3342130289616572 -2.7289310126638546
v -0.0196428075432777 -0.0295927859842777 -0.0629768893122673
vn -1.9890457910239583 -3.3236009407917533 -2.4076352348439207
v -0.0186400022357702 -0.0295943804085255 -0.0636626780033112
vn -2.3272173494422086 -3.2648997052394670 -2.0939489021022064
v -0.0182181186974049 -0.0295953191816807 -0.0640777125954628
vn -2.6080695123533681 -3.3227981039757650 -1.7208315600527622
v -0.0178197678178549 -0.0295964367687702 -0.0645764991641045
vn -2.8693537744842295 -3.3292649041722568 -1.2358756499366539
v -0.0172835215926170 -0.0295985974371433 -0.0655599683523178
vn -3.0330762545959242 -3.2620496421851670 -0.7831426641191107
v -0.0170440804213285 -0.0296001918613911 -0.0662930682301521
vn -3.1103023450021814 -3.3071586894257754 -0.3433553398769484
v -0.0169571600854397 -0.0296011455357075 -0.0667337253689766
vn -3.1175448167946529 -3.3456971585751525 0.2308599781601538
v -0.0169202331453562 -0.0296037681400776 -0.0679573342204094
vn -3.0801783536807603 -2.9017239324901736 0.5008530962109605
v -0.0365793257951736 -0.0295955128967762 -0.0652253404259682
vn 3.0493670099478170 -3.2661048691874357 -0.7224197190157163
v -0.0269555114209652 -0.0295989699661732 -0.0662931054830551
vn -2.8680821975871953 -2.8898007080902048 1.2283679050254697
v -0.0355535112321377 -0.0295879729092121 -0.0616372413933277
vn 2.8993305225836803 -3.3273082758951578 -1.1690021919796558
v -0.0267887171357870 -0.0295978225767612 -0.0657461658120155
vn -2.4813317486764563 -2.8907358250902586 1.8943546036971561
v -0.0337480418384075 -0.0295815654098988 -0.0585365518927574
vn -2.7706509457152477 -3.3173633531900650 1.4583575472663193
v -0.0190800148993731 -0.0295491851866245 -0.0425308942794800
vn -2.4678445212787450 -3.3163942427453228 1.9296460105102746
v -0.0225883349776268 -0.0295603908598423 -0.0479784160852432
vn -2.1114244459491132 -3.2957391057427952 2.3202014768498178
v -0.0270115491002798 -0.0295699574053288 -0.0527132935822010
vn 2.8810854874153433 -3.3140846263843833 1.2283977119027698
v -0.0267551168799400 -0.0296055115759373 -0.0693431049585342
vn 3.0341340457490982 -3.2655746013556053 0.7967218203752533
v -0.0269319973886013 -0.0296043343842030 -0.0688001140952110
vn -3.1048743795236549 -2.8877918586976943 -0.2644784485012570
v -0.0367211438715458 -0.0296030528843403 -0.0687655359506607
vn 3.1118107044888808 -3.3327798196381941 0.3197432199668917
v -0.0270572509616613 -0.0296029485762119 -0.0681601688265800
vn 3.1166117928458492 -3.3348534673149484 -0.2494599682952116
v -0.0270691458135843 -0.0296003259718418 -0.0669347941875458
vn 2.6341552361535507 -3.3542571889462636 -1.6745001425956565
v -0.0262346994131804 -0.0295955725014210 -0.0646564066410065
vn 2.3543377713597593 -3.2714460746543579 -2.0637570568181474
v -0.0257815551012754 -0.0295943804085255 -0.0640779286623001
vn -2.0948335076183540 -3.0056972436918246 2.3389627702827127
v -0.0313603207468987 -0.0295766480267048 -0.0560927949845791
vn 2.0005073389607353 -3.3550582421946085 -2.3970512302065177
v -0.0254298839718103 -0.0295936800539494 -0.0637249350547791
vn -1.9344804950467995 -3.1297760390877607 2.4823302838669217
v -0.0309687536209822 -0.0295760370790958 -0.0557848960161209
vn 1.5405976514621851 -3.3981660937948988 -2.7073395064639501
v -0.0244281776249409 -0.0295922793447971 -0.0630150139331818
vn 1.1143877455732545 -3.2920164806022889 -2.9225266921669659
v -0.0236942749470472 -0.0295916832983494 -0.0626892670989037
vn 0.7184731734614330 -3.2833829048164662 -3.0435952697469553
v -0.0232945829629898 -0.0295914597809315 -0.0625662729144096
vn 0.3038697449101994 -3.2431514475964862 -3.1154253388421722
v -0.0222929567098618 -0.0295912511646748 -0.0624084211885929
vn 0.0899052299922617 -3.1702963480001278 -3.1332933809715477
v -0.0221465378999710 -0.0295912511646748 -0.0624021068215370
vn -0.1650091267179630 -3.2753970280039817 -3.1235268908234683
v -0.0219999998807907 -0.0295912660658360 -0.0623999983072281
vn -0.0912868680389182 3.1726638907393814 3.1332407770574298
v -0.0218534618616104 -0.0266130603849888 -0.0725978910923004
vn 0.1711882329145953 3.2782224736331007 3.1228698103952515
v -0.0219999998807907 -0.0266130454838276 -0.0725999996066093
vn -1.7491473934580148 3.3683491528155112 2.5788133627546301
v -0.0191127285361290 -0.0266112275421619 -0.0717040076851845
vn -2.1762234792956190 3.2465241088903571 2.2520618950922717
v -0.0182837788015604 -0.0266097821295261 -0.0709928050637245
vn -2.4076404032294838 3.2510919484563505 2.0035847669990687
v -0.0182498916983604 -0.0266097076237202 -0.0709563940763474
vn -0.2236920592926866 3.2008778686528085 3.1255351535524185
v -0.0217070430517197 -0.0266130603849888 -0.0725915804505348
vn -0.5564338584668503 3.2932992865392525 3.0755498471777418
v -0.0212666615843773 -0.0266130007803440 -0.0725470036268234
vn -1.1713288411871865 3.3797279820650248 2.8852819576288780
v -0.0201055500656366 -0.0266123451292515 -0.0722350850701332
vn -2.6856437687366248 3.3640103986546972 1.5860738172783988
v -0.0176292676478624 -0.0266080684959888 -0.0701280608773232
vn -2.9305993387562763 3.2900998659922962 1.0996115548167495
v -0.0171579588204622 -0.0266060419380665 -0.0691014528274536
vn -3.0518609272683492 3.2561912136181608 0.7134581317147054
v -0.0170684996992350 -0.0266054458916187 -0.0688001140952110
vn -3.1164103272388086 3.3453952719753897 0.2180677232742069
v -0.0169211737811565 -0.0266037471592426 -0.0679642409086227
vn -3.1106774845204477 3.3057063732651226 -0.3596194889036422
v -0.0169584117829800 -0.0266011543571949 -0.0667303279042244
vn -3.0362788019633844 3.2574895731785314 -0.7935356116998400
v -0.0170448198914528 -0.0266002453863621 -0.0662932768464088
vn -2.8689949046786229 3.3346155047743689 -1.2507313551790997
v -0.0172728188335896 -0.0265987850725651 -0.0655859038233757
vn -2.5909897495217118 3.3168043941512639 -1.7620051873459783
v -0.0178749281913042 -0.0265965200960636 -0.0645010322332382
vn -2.3102333483269755 3.2651560836941211 -2.1268979125559708
v -0.0182184595614672 -0.0265956111252308 -0.0640780180692673
vn -1.9542821127254322 3.3287572073751877 -2.4494380409974594
v -0.0187192019075155 -0.0265945382416248 -0.0635953396558762
vn -1.4345059439935697 3.3570613278113361 -2.7800605545519259
v -0.0196777563542128 -0.0265930034220219 -0.0629593878984451
vn -0.1699072072832914 3.2780097170193745 -3.1362237735103036
v -0.0219999998807907 -0.0265912599861622 -0.0623999983072281
vn -0.7411225076221242 3.3603643731726427 -3.0385383006332338
v -0.0207435246556997 -0.0265918709337711 -0.0625571981072426
vn 0.0906324778264768 3.1702963667116233 -3.1466416214712907
v -0.0221465378999710 -0.0265912450850010 -0.0624021068215370
vn 0.2261363744140917 3.1993681117314927 -3.1388500963447288
v -0.0222929567098618 -0.0265912450850010 -0.0624084211885929
vn 0.5542921237840633 3.2891956414305223 -3.0895321322734581
v -0.0227333307266235 -0.0265913046896458 -0.0624529980123043
vn 1.1678947584926083 3.3684139437844487 -2.9015302245829404
v -0.0238944441080093 -0.0265919603407383 -0.0627649128437042
vn 1.7841912869201515 3.4205970826679239 -2.5634110525141822
v -0.0248872637748718 -0.0265930779278278 -0.0632959902286530
vn 2.1747168564075037 3.2928654554261501 -2.2641914190190318
v -0.0257501024752855 -0.0265945978462696 -0.0640435963869095
vn 2.4167446569147244 3.2533496871171095 -2.0072577282962474
v -0.0257815010845661 -0.0265946574509144 -0.0640779733657837
vn 2.6938892833480175 3.3661674705986817 -1.5882692547772741
v -0.0263707246631384 -0.0265962369740009 -0.0648719295859337
vn 2.9344002578362085 3.3079267862117687 -1.1014048363675233
v -0.0268420409411192 -0.0265982635319233 -0.0658985525369644
vn 3.0589123074721458 3.2597839708454877 -0.7007901567355331
v -0.0269551593810320 -0.0265990532934666 -0.0662931874394417
vn 3.1197278170648151 3.3428419730106311 -0.2136010892297572
v -0.0270788259804249 -0.0266005583107471 -0.0670357570052147
vn 3.1081942900433508 3.3227724842923152 0.3578286228736347
v -0.0270415879786015 -0.0266031511127949 -0.0682696774601936
vn 3.0293794388978958 3.2610493429799501 0.8058921211238508
v -0.0269315317273140 -0.0266042537987232 -0.0687999948859215
vn 2.8659404322226889 3.3232315895483122 1.2483409085557229
v -0.0267271772027016 -0.0266055203974247 -0.0694141015410423
vn 2.5295530109670117 3.3630059645799468 1.8202107163951962
v -0.0261250641196966 -0.0266077853739262 -0.0704989731311798
vn 2.0058424087143525 3.3661884359746717 2.3842305317175900
v -0.0252807885408401 -0.0266097821295261 -0.0714046657085419
vn 1.4261535252283570 3.3736415844591638 2.7695704794208993
v -0.0243222322314978 -0.0266113169491291 -0.0720406174659729
vn 0.7539326171372112 3.3774474011437245 3.0206511792706361
v -0.0232564769685268 -0.0266124345362186 -0.0724427998065948
vn -0.9229021945294954 3.4980371360832465 -2.9715734068363431
v -0.0175295751541853 -0.0265196152031422 -0.0284853391349316
vn -0.1467262051517491 0.2671082132133926 -6.2643185932042913
v -0.0184593331068754 -0.0265189148485661 -0.0283503793179989
vn 2.3373393209860560 5.6478957706138937 -0.5195724969159088
v -0.0150367328897119 -0.0265192575752735 -0.0282999984920025
vn -1.7508973132167882 3.4757057973882484 -2.5729512088980888
v -0.0166864898055792 -0.0265205688774586 -0.0289018563926220
vn 0.5529161529048030 3.0168864709021719 -3.0935407868987426
v -0.0185493044555187 -0.0266332067549229 -0.0818406865000725
vn -2.8617709971902059 3.3759309751016655 -1.2795106820764208
v -0.0157408714294434 -0.0265244878828526 -0.0300010703504086
vn -2.6411675449844028 3.3090319605770735 -1.6960949663310612
v -0.0158618986606598 -0.0265237130224705 -0.0297836121171713
vn -2.3360464493114286 3.3983962423232215 -2.0732093479417602
v -0.0161254145205021 -0.0265216119587421 -0.0294179730117321
vn -2.4681031621112797 3.3252143139166286 1.9157158502073708
v -0.0225879661738873 -0.0265603996813297 -0.0479848235845566
vn -2.7713351097811527 3.3242459696697209 1.4449005485544710
v -0.0190796460956335 -0.0265491940081120 -0.0425373017787933
vn 1.1286099025832907 6.0727419402971616 0.0628373126456694
v -0.0137697793543339 -0.0265663452446461 -0.0503187626600266
vn -2.9776331363667055 3.2999878423919511 0.9632087816185129
v -0.0165986008942127 -0.0265367217361927 -0.0365516357123852
vn -3.0873340678947958 3.3315207645978053 0.4876148228641861
v -0.0154636893421412 -0.0265268273651600 -0.0318525023758411
vn -3.0961680738372968 3.5615911868477230 0.2463714514735384
v -0.0154376979917288 -0.0265264995396137 -0.0316731818020344
vn -3.0797680732222408 3.4555693825756055 -0.5722213106324276
v -0.0154725266620517 -0.0265257395803928 -0.0307933073490858
vn -2.4805461251719700 2.8994113691166574 1.8819391750152763
v -0.0337476730346680 -0.0265815742313862 -0.0585429593920708
vn -2.0940477224008842 3.0161759086176927 2.3260444027390781
v -0.0313599519431591 -0.0265766568481922 -0.0560992024838924
vn 0.8786869140198186 3.0998681248920263 -2.9423025977099559
v -0.0120461843907833 -0.0266306586563587 -0.0802758857607841
vn -1.9336851927533973 3.1408265322965185 2.4688666031487609
v -0.0309683848172426 -0.0265760459005833 -0.0557913035154343
vn -2.1106072302107899 3.3061391221339966 2.3060739740028517
v -0.0270111802965403 -0.0265699662268162 -0.0527197010815144
vn -2.8673246053607517 2.8957265536036356 1.2159938362637392
v -0.0355531424283981 -0.0265879817306995 -0.0616436488926411
vn -3.0794480054517779 2.9045941773856603 0.4884589737079172
v -0.0365789569914341 -0.0265955217182636 -0.0652317479252815
vn -3.1041654525442661 2.8873990727616183 -0.2768047024873231
v -0.0367207750678062 -0.0266030617058277 -0.0687719434499741
vn -2.9442888669964402 2.8967592388802652 -1.0327591744743319
v -0.0359524190425873 -0.0266107060015202 -0.0723082125186920
vn -0.0238129140126588 2.8832238860934494 -3.1228373694599227
v -0.0221757367253304 -0.0266336835920811 -0.0822709575295448
vn -2.6114958342308805 2.8959552792273269 -1.7103145308301664
v -0.0343176126480103 -0.0266180075705051 -0.0756333172321320
vn -2.1125851660800086 2.8838782290735105 -2.2971132900460605
v -0.0320461094379425 -0.0266240574419498 -0.0783341825008392
vn -1.4944471890160260 2.8984276440171031 -2.7442890087966081
v -0.0290957223623991 -0.0266289003193378 -0.0804336369037628
vn -0.7929479170180682 2.8878890493804281 -3.0212040212186708
v -0.0256867818534374 -0.0266322381794453 -0.0817990303039551
vn -2.3894751056262153 -2.5759847748565030 -3.1495589493290801
v -0.0182590484619141 -0.0279304422438145 -0.0283871926367283
vn -2.1662575787196570 0.1798859594333257 -5.8109639943167490
v -0.0174066424369812 -0.0281106419861317 -0.0285658389329910
vn -3.1866848886115466 -2.7520642427414765 -2.8563911419578143
v -0.0173775032162666 -0.0285500921308994 -0.0285882391035557
vn -6.0820428135676217 0.0256160406384840 -1.2154620143731754
v -0.0154841290786862 -0.0280648507177830 -0.0308042280375957
vn -5.3294635830465467 0.0981483628200011 -3.1864147976692281
v -0.0158669091761112 -0.0280870832502842 -0.0298229362815619
vn -1.9542211213390472 -2.4508211607527324 -3.2236677228187709
v -0.0184625778347254 -0.0277765728533268 -0.0283791273832321
vn -3.9692902655507241 0.1244142268878197 -4.7709637416864661
v -0.0164806228131056 -0.0281018055975437 -0.0291040707379580
vn -3.5422081625279525 -2.8117762650940419 -2.4956759956841408
v -0.0165732540190220 -0.0290729887783527 -0.0290561430156231
vn -3.8568672783591262 -2.7741701389317193 -2.2651195006449494
v -0.0163409095257521 -0.0292007364332676 -0.0292639583349228
vn -4.1119389552067860 -2.8414669036580005 -1.9334497474888512
v -0.0161056723445654 -0.0293266512453556 -0.0295252501964569
vn -4.4424617392177357 -2.9398695277078866 -1.2624121471756460
v -0.0156911071389914 -0.0295358039438725 -0.0302093122154474
vn -4.4470310914292561 -3.0895748154545704 -0.4570910435427153
v -0.0154581507667899 -0.0296316482126713 -0.0310531593859196
vn -4.4545945106383025 -2.9926121520050653 0.1922380640352916
v -0.0154791008681059 -0.0295883603394032 -0.0319345369935036
vn 0.5095660780752849 -3.1812595285111733 -3.0781840372179903
v -0.0121415806934237 -0.0296327061951160 -0.0802485272288322
vn -3.5811855560115604 -5.1389060590905391 0.2093761530211437
v -0.0171997211873531 -0.0289684720337391 -0.0204240530729294
vn -3.4148791550076298 -5.2409785181208779 0.2641611835291078
v -0.0170428864657879 -0.0290756113827229 -0.0204287189990282
vn -2.6679875548308938 -5.6814409522603997 -0.2565599251965208
v -0.0110531589016318 -0.0309199728071690 -0.0504165701568127
vn -0.1638421959678880 -3.1461363148924830 -3.1678797586452991
v -0.0090503655374050 -0.0304568447172642 -0.0792667195200920
vn -0.4644931321491715 -3.1542941609989730 -3.1687336782375324
v -0.0084225991740823 -0.0307688750326633 -0.0790106207132339
vn -2.5583882301446090 -5.6606705101687922 0.4490536220341153
v -0.0110054975375533 -0.0324072279036045 -0.0204679686576128
vn -2.8283071314637915 -5.5387650817257201 0.3631304870557144
v -0.0131296021863818 -0.0313973911106586 -0.0204849205911160
vn -2.6818717823842233 -5.6748344563450548 -0.2676176704663771
v -0.0091935098171234 -0.0318798460066319 -0.0495536290109158
vn -0.5249747407339801 -3.1027877257762291 -3.0851781085069545
v -0.0073800771497190 -0.0313487239181995 -0.0786391496658325
vn -2.0584892648416995 -3.0356178231445829 2.3599690248185694
v -0.0309690106660128 0.0265760384500027 -0.0557903721928596
vn -2.0615367705065681 3.0249954531955288 2.3754250025987416
v -0.0309693794697523 0.0295760296285152 -0.0557839646935463
vn -2.4391451576603758 2.8853871838397263 1.9511902596661566
v -0.0335869267582893 0.0295811556279659 -0.0583304204046726
vn -2.4362721101916485 -2.8942931078655105 1.9373100078531291
v -0.0335865579545498 0.0265812240540981 -0.0583368279039860
vn -2.8441563673221770 2.8911405531541350 1.2886995303120630
v -0.0354308113455772 0.0295873843133450 -0.0613553561270237
vn -2.8415241515872638 -2.8973174615399238 1.2756960744593318
v -0.0354304425418377 0.0265874527394772 -0.0613617636263371
vn -3.0696652855053652 2.9025141353911721 0.5684195713413207
v -0.0365162529051304 0.0295947454869747 -0.0648634955286980
vn -3.0679935161655076 -2.9056712325737983 0.5563178342115116
v -0.0365158841013908 0.0265948139131069 -0.0648699030280113
vn -3.1104417446559105 2.8885541022195573 -0.1930592464302084
v -0.0367426797747612 0.0296024344861507 -0.0684775337576866
vn -3.1097610689556316 -2.8884687961180937 -0.2053891013276409
v -0.0367423109710217 0.0266025029122829 -0.0684839338064194
vn -2.9685684618674042 2.9009526320720358 -0.9500851672761307
v -0.0360744334757328 0.0296099148690701 -0.0719427615404129
vn -2.9680004370754909 -2.8975973790382419 -0.9624719964170337
v -0.0360740646719933 0.0266099981963634 -0.0719491690397263
vn -2.6515590997206626 2.9017691734296402 -1.6351123178642568
v -0.0345203429460526 0.0296172909438610 -0.0753063485026360
vn -2.6511394899921892 -2.8954095844223153 -1.6476095280150131
v -0.0345199741423130 0.0266173593699932 -0.0753127560019493
vn -2.1648220445557791 2.8921157711013583 -2.2350847520426496
v -0.0322566814720631 0.0296235941350460 -0.0781297162175179
vn -2.1645686453841599 -2.8830731829459042 -2.2477599067544700
v -0.0322563126683235 0.0266236774623394 -0.0781361237168312
vn -1.5547964444044502 2.9087423229275853 -2.6974916523969936
v -0.0294169243425131 0.0296284817159176 -0.0802484229207039
vn -1.5544747264508385 -2.8975736235951852 -2.7105786109511065
v -0.0294165555387735 0.0266285501420498 -0.0802548304200172
vn -0.8562825556194710 2.8990578549652239 -2.9909040277223711
v -0.0259833987802267 0.0296320132911205 -0.0817104876041412
vn -0.8556214888996769 -2.8864642147675350 -3.0038361989095117
v -0.0259830299764872 0.0266320966184139 -0.0817168951034546
vn -0.0954343981106989 2.9017191252377037 -3.1099606232734276
v -0.0224376879632473 0.0296336226165295 -0.0822599455714226
vn -0.0946581078763307 -2.8884301222147086 -3.1225561835223896
v -0.0224373191595078 0.0266337059438229 -0.0822663530707359
vn 0.4893487323884184 3.0201152323008191 -3.0900495112929671
v -0.0190357789397240 0.0296333692967892 -0.0819434449076653
vn 0.4898427621426147 -3.0067930950908415 -3.1034107367981827
v -0.0190354101359844 0.0266334377229214 -0.0819498449563980
vn 0.7112872842597486 3.1329777266776597 -3.0528620213498407
v -0.0185496732592583 0.0296331904828548 -0.0818342790007591
vn 0.7118542787574915 -3.1197215444134345 -3.0666234037669176
v -0.0185493044555187 0.0266331993043423 -0.0818406865000725
vn 1.9355487406146494 1.8001752573686189 -1.4511501694237481
v -0.0121609000489116 0.0296307019889355 -0.0802969932556152
vn 0.8735699028488668 -3.1065746364172524 -2.9444671154170772
v -0.0120461834594607 0.0266306512057781 -0.0802758857607841
vn 1.8612186208790551 4.6017497468945816 -1.4501588874266091
v -0.0121638523414731 0.0296306125819683 -0.0802552103996277
vn 1.4460270151772192 -3.1915905645741280 -2.5745824808165367
v 0.0057581416331232 -0.0352376140654087 -0.0722085088491440
vn 1.0078251287886593 -3.2404968192956725 -2.7088510098682681
v 0.0029991150368005 -0.0349078215658665 -0.0739087238907814
vn 2.1608974363691189 2.8240159925341093 -2.7205271330042269
v 0.0034645872656256 -0.0319431461393833 -0.0738647133111954
vn 2.1166800782435558 2.9575231319166222 -2.6369469488783239
v 0.0051936213858426 -0.0321747697889805 -0.0727293416857719
vn 2.0013821784750574 3.0598226138517033 -2.5924107017085549
v 0.0077815945260227 -0.0323265083134174 -0.0708718523383141
vn 1.8227333656525568 -3.0617284932667563 -2.4645848750915160
v 0.0085634868592024 -0.0353245921432972 -0.0702931806445122
vn 1.9082350374924761 3.0830165015331819 -2.4639750159364815
v 0.0103511344641447 -0.0322418697178364 -0.0688232481479645
vn 1.7393255363961646 3.2266236038888820 -2.4585308727460422
v 0.0110829360783100 -0.0321739353239536 -0.0681988820433617
vn 2.1592344545122271 -2.8976778074561977 -2.3809912241635067
v 0.0113553479313850 -0.0351600684225559 -0.0681833252310753
vn 1.6479257993739038 3.3636197761826914 -2.4291848885615153
v 0.0128873987123370 -0.0319183953106403 -0.0665735825896263
vn 2.4214461055799270 -2.8040593818220305 -2.3309017257423483
v 0.0133645543828607 -0.0348792113363743 -0.0665240362286568
vn 0.1918712569289587 3.9900908096507819 -2.0293375140718655
v 0.0263903737068176 -0.0250329412519932 -0.0483939126133919
vn 3.9039652555811597 -0.9949444752927977 -1.7009047257512873
v 0.0282840114086866 -0.0273502208292484 -0.0482047870755196
vn 3.8249624336984733 -1.1937317017733533 -1.6894866405119151
v 0.0268230307847261 -0.0286650098860264 -0.0507357418537140
vn 0.5001785119660258 3.9585498057095911 -2.1005222872842273
v 0.0244704913347960 -0.0267362333834171 -0.0519843325018883
vn 3.6698221249684124 -1.4870385643510382 -1.7805718806176503
v 0.0252113733440638 -0.0299186594784260 -0.0532517768442631
vn 0.7974503496291040 3.8494977928998493 -2.2134624561797938
v 0.0223560314625502 -0.0282513685524464 -0.0553927496075630
vn 2.6430072930908923 -2.6885843474480997 -2.2350786759242860
v 0.0144355092197657 -0.0346709825098515 -0.0655853152275085
vn 1.5086811524709371 3.4977363776462260 -2.3486875341147004
v 0.0154105611145496 -0.0313476510345936 -0.0640747025609016
vn 2.8299943450760732 -2.4986752141922937 -2.1542565508053153
v 0.0164186246693134 -0.0341740436851978 -0.0637353137135506
vn 1.3073569082600980 3.5913796829829439 -2.2626066392062669
v 0.0178234037011862 -0.0305468030273914 -0.0614003874361515
vn 3.0305637695893926 -2.2775637519907557 -2.0798729252262245
v 0.0183863714337349 -0.0335313118994236 -0.0617438703775406
vn 1.1039321768952541 3.6570507250399493 -2.1838706998945376
v 0.0200371649116278 -0.0295686013996601 -0.0586512051522732
vn 3.2083857147590935 -2.0277976901447596 -2.0052440407340715
v 0.0203276406973600 -0.0327395536005497 -0.0596071481704712
vn 3.3344705801077499 -1.7469425228259741 -1.9471474720354669
v 0.0221651121973991 -0.0318300910294056 -0.0574014335870743
vn 0.0696102236518785 3.9898767937994712 -2.0057224671818257
v 0.0263997279107571 -0.0250237621366978 -0.0483749955892563
vn 4.0034052676766336 -0.9126437080417800 -1.6623946932312705
v 0.0282943975180387 -0.0273401923477650 -0.0481857694685459
vn -0.8482039674615551 3.9895491434643566 -2.0402485842650884
v 0.0303339883685112 -0.0199933983385563 -0.0383526794612408
vn 4.2216282011582820 -0.1290308738754629 -1.5600318501499824
v 0.0326861888170242 -0.0218411423265934 -0.0381177626550198
vn -0.5154453121587010 4.0856240633819567 -1.8890162904405312
v 0.0299662556499243 -0.0205979384481907 -0.0395446866750717
vn 4.1274586218761966 -0.1493923354971225 -1.4381578328326359
v 0.0322101563215256 -0.0225988067686558 -0.0394875742495060
vn -0.2571419398245285 4.0082705135582088 -1.9753868442802660
v 0.0285856202244759 -0.0225679762661457 -0.0434322319924831
vn 4.0481120804991786 -0.4711898581281251 -1.5258936423877976
v 0.0307282358407974 -0.0246568359434605 -0.0432181693613529
vn 4.0242256412603430 -0.6862564396992044 -1.5516450997412345
v 0.0296095535159111 -0.0259793885052204 -0.0456407554447651
vn -0.0987467920774257 3.9946434514560956 -1.9334901308652022
v 0.0275822486728430 -0.0237773396074772 -0.0458433069288731
vn -0.0461714197559875 4.0379470420916892 -1.9584722010147364
v 0.0275086537003517 -0.0238600857555866 -0.0460096783936024
vn -2.6693183938559737 -1.3361991668904709 -3.4171470790605705
v 0.0356279015541077 0.0064439745619893 -0.0285751409828663
vn 3.5518551501441458 0.0329384981116955 -2.6649532037214856
v 0.0384238623082638 0.0077242674306035 -0.0284470450133085
vn 3.5199758018023379 0.0180680769478477 -2.7065632063763858
v 0.0387663580477238 0.0057344557717443 -0.0280166994780302
vn -0.8407036591073858 -4.0072543153081845 -2.0160548779191902
v 0.0303340014070272 0.0199941806495190 -0.0383526794612408
vn 4.1653072863855396 0.2201585411510552 -1.5788403569153400
v 0.0326861664652824 0.0218419246375561 -0.0381177179515362
vn 4.1193736687770901 0.1816971328915184 -1.8152560862221954
v 0.0332917012274265 0.0208645574748516 -0.0367566570639610
vn -0.9940297203890838 -3.8349778289049774 -2.2458682506390497
v 0.0306556932628155 0.0194702409207821 -0.0375356934964657
vn 4.0244673043608401 0.0946041448692940 -1.9284846751488942
v 0.0340269692242146 0.0195985548198223 -0.0352629832923412
vn -1.1985815601778831 -3.6696020979219406 -2.4265941727594247
v 0.0314744673669338 0.0180564187467098 -0.0356497615575790
vn -1.3808743379527950 -3.4063399745790104 -2.5912305798050621
v 0.0320490077137947 0.0169803164899349 -0.0344606228172779
vn 3.8964587048999970 0.0906135115642352 -2.1088135929775054
v 0.0347685813903809 0.0182120613753796 -0.0338951386511326
vn -1.5356629674923148 -3.2527274426451607 -2.7058235119595597
v 0.0323024392127991 0.0164784602820873 -0.0339640639722347
vn 3.8597143915264471 0.0459091699341341 -2.2054140741150015
v 0.0352023504674435 0.0173377506434917 -0.0331457257270813
vn -1.7895350843102662 -2.9965954055720929 -2.9082666910149930
v 0.0330959111452103 0.0147754969075322 -0.0325031168758869
vn 3.8081897535630707 0.0514181295462992 -2.2828642010320688
v 0.0355032458901405 0.0166988782584667 -0.0326451882719994
vn 3.7690610930933426 0.0577653452959129 -2.3533703281980625
v 0.0362004786729813 0.0150958718731999 -0.0315412431955338
vn -1.9863682430488154 -2.7333692738831430 -3.0152735228008214
v 0.0338008739054203 0.0130462320521474 -0.0313100107014179
vn 3.7420117995979538 0.1109840013924593 -2.4579306100745986
v 0.0368602983653545 0.0133762331679463 -0.0305614452809095
vn -2.1301494110958377 -2.5538993670808074 -3.0671005382542575
v 0.0338149853050709 0.0130089642480016 -0.0312870219349861
vn 3.6928923888982244 0.0795340007652642 -2.5201370648379324
v 0.0374748818576336 0.0115171493962407 -0.0296980198472738
vn -2.3449938850156213 -2.2999976562876459 -3.2127373173659231
v 0.0344806872308254 0.0110942395403981 -0.0302382055670023
vn 3.6190730655567691 0.0252243046898920 -2.6048708564661491
v 0.0379890985786915 0.0096618803218007 -0.0290088783949614
vn -2.4468759525900490 -1.9465470222556642 -3.2784747455984866
v 0.0351162254810333 0.0088465036824346 -0.0292962528765202
vn -2.5205490561239769 -1.6758938129498619 -3.3164286789758259
v 0.0351263508200645 0.0088056148961186 -0.0292816720902920
vn 3.5207012645061111 -0.0176672207322086 -2.7256725837472544
v 0.0389683172106743 -0.0041245399042964 -0.0277674477547407
vn -2.9046710178525554 0.2078906494293798 -3.5231363256438981
v 0.0361850820481777 -0.0010411471594125 -0.0278232339769602
vn 3.5211252159369164 -0.0143764778776613 -2.7377988900017090
v 0.0391297973692417 -0.0020832151640207 -0.0275714751332998
vn -2.9384759659506341 -0.3109553464251966 -3.5156038136706251
v 0.0361707359552383 0.0014658241998404 -0.0278423950076103
vn 3.5517695619318319 0.0243504934941886 -2.7119900426753665
v 0.0391854979097843 -0.0000248581163760 -0.0275050476193428
vn -2.8315029998853953 -0.5989721766370533 -3.4691359564060642
v 0.0360401384532452 0.0034094720613211 -0.0280153732746840
vn 3.5203021712431033 0.0257629271839054 -2.7090899208053303
v 0.0390083044767380 0.0037254064809531 -0.0277185719460249
vn -2.7644646123390544 -0.7974722992443661 -3.4224299127526105
v 0.0359854213893414 0.0039504142478108 -0.0280886180698872
vn -2.7434464991371681 -0.9752743729009785 -3.4295718827714210
v 0.0359286293387413 0.0044423015788198 -0.0281650293618441
vn -2.6980058123655670 1.2633642337712789 -3.4236372093178837
v 0.0356929972767830 -0.0060604689642787 -0.0284842811524868
vn -2.7787902798423438 0.9678436495619496 -3.4327495286645640
v 0.0359256006777287 -0.0044569997116923 -0.0281678903847933
vn -2.8153436776041296 0.6459307802112966 -3.4803317913849154
v 0.0360225103795528 -0.0035824507940561 -0.0280378423631191
vn 3.5365073533658649 -0.0507618502406963 -2.6940004442944496
v 0.0387050025165081 -0.0061384914442897 -0.0280931312590837
vn 3.5611314024905711 -0.0249537508440264 -2.6523908458708010
v 0.0383435934782028 -0.0081174252554774 -0.0285494849085808
vn -2.5454062877861943 1.6207234836497910 -3.3353144279940876
v 0.0352059714496136 -0.0084719834849238 -0.0291662495583296
vn 3.5919502232195457 -0.0423224110694745 -2.6028963202268289
v 0.0378923378884792 -0.0100389746949077 -0.0291364546865225
vn -2.4431313361142752 1.8724867092434647 -3.2809553213895670
v 0.0351204909384251 -0.0088249919936061 -0.0292889419943094
vn 3.6410458646765020 -0.0436710941253337 -2.5362831564131030
v 0.0373647548258305 -0.0118731884285808 -0.0298494771122932
vn -2.3001217896798609 2.2169246060898882 -3.2187210382294080
v 0.0345800593495369 -0.0107738850638270 -0.0300866812467575
vn 3.7012918824245649 -0.0439572611552689 -2.4607118197768933
v 0.0367660894989967 -0.0136360106989741 -0.0306979380548000
vn -2.0799982639626480 2.5188123772127522 -3.0701365950838468
v 0.0338395200669765 -0.0129426745697856 -0.0312472824007273
vn 3.7200869767285241 -0.0291323670690999 -2.4175375062156697
v 0.0362602956593037 -0.0149486986920238 -0.0314500257372856
vn -1.9487766615050899 2.7308100518021519 -2.9982965752993986
v 0.0338077880442142 -0.0130267767235637 -0.0312988944351673
vn 3.7592702116723462 -0.0544569348717681 -2.3358358997545583
v 0.0361139513552189 -0.0153047917410731 -0.0316742770373821
vn 3.8316157004097535 -0.0690820349690651 -2.2265073123769588
v 0.0354266427457333 -0.0168634839355946 -0.0327711999416351
vn -1.7566848238593236 3.0399377031827326 -2.8831028406293928
v 0.0330052338540554 -0.0149809150025249 -0.0326632894575596
vn 3.9035167996364439 -0.0656767475075277 -2.1293066273926025
v 0.0347174815833569 -0.0183109827339649 -0.0339856855571270
vn -1.4831946299586725 3.2974555001414614 -2.6651178426505879
v 0.0321185067296028 -0.0168436355888844 -0.0343226976692677
vn -1.3382764035729209 3.4835483584684610 -2.5732323231629719
v 0.0320429652929306 -0.0169911868870258 -0.0344724357128143
vn 3.9708595358239114 -0.0977573665879996 -1.9963510291049409
v 0.0343424528837204 -0.0190230347216129 -0.0346663594245911
vn -1.1281628402210826 3.6970503757199022 -2.4162532687433500
v 0.0312112700194120 -0.0185238756239414 -0.0362287126481533
vn 4.0597116538674216 -0.1363526512080981 -1.8128792018372148
v 0.0332933701574802 -0.0208610780537128 -0.0367531590163708
vn -0.6382801406388086 -4.0340596653821903 -1.8416709868434480
v 0.0299711283296347 0.0205895118415356 -0.0395276695489883
vn -0.5067747978684010 -4.0349890434954858 -1.9119066028332288
v 0.0299502257257700 0.0206227116286755 -0.0395930185914040
vn 4.1377720753889085 0.2873395341049689 -1.4669068411155299
v 0.0311392564326525 0.0241275839507580 -0.0422507897019386
vn -0.2361901259428111 -3.9890772429382255 -1.9735198550574320
v 0.0285825375467539 0.0225734971463680 -0.0434406623244286
vn 4.1284726319113272 0.4309784493798956 -1.5457067069774399
v 0.0308367870748043 0.0245215855538845 -0.0429661273956299
vn 4.0038043907771339 0.5334715149158782 -1.5835118785080045
v 0.0307230167090893 0.0246647410094738 -0.0432276390492916
vn 0.9687404091610312 -3.8226267754929504 -2.1967852850182119
v 0.0206400640308857 0.0292550288140774 -0.0578431449830532
vn 3.4807361935216150 1.9150620911507263 -1.9421279729084064
v 0.0219173282384872 0.0319641344249249 -0.0577105768024921
vn 3.5940693082665511 1.7246257736743433 -1.8575291413050434
v 0.0236303526908159 0.0309803746640682 -0.0554925762116909
vn 3.9816266358366703 0.8406599441640177 -1.6032834707758787
v 0.0284829251468182 0.0271577648818493 -0.0478361546993256
vn 0.0773665825387808 -3.9074043755283370 -1.9210998280832419
v 0.0275425761938095 0.0238231383264065 -0.0459331721067429
vn 0.1779394851766606 -4.0215011525235695 -1.9996417999903802
v 0.0265696663409472 0.0248549692332745 -0.0480273403227329
vn 3.8560435533235973 1.0699176989156627 -1.6448890842335304
v 0.0280227735638618 0.0276008062064648 -0.0486763194203377
vn 0.3052390671041619 -3.9736577600770984 -2.0883811804560310
v 0.0252035856246948 0.0261242352426052 -0.0506737157702446
vn 0.7378645173091783 -3.8827069147331610 -2.1424055617247606
v 0.0221901182085276 0.0283526591956615 -0.0556366853415966
vn 3.7451421209543350 1.4677933137535364 -1.7725270299957825
v 0.0253495927900076 0.0298197679221630 -0.0530460402369499
vn 0.5283239779606665 -3.9397170914048067 -2.0966417477615260
v 0.0237431023269892 0.0272912494838238 -0.0532066300511360
vn 3.8043861092415163 1.2590715314320027 -1.6417082031250898
v 0.0269672498106956 0.0285446457564831 -0.0504974685609341
vn 3.7950873572068526 1.2192466423104813 -1.5767902978640975
v 0.0272402986884117 0.0283096246421337 -0.0500395484268665
vn 3.3746884195330207 1.9975109634956429 -1.9635304494851167
v 0.0219093505293131 0.0319683514535427 -0.0577204637229443
vn 1.2094763644015369 -3.6885427866320732 -2.2651501025350904
v 0.0180944465100765 0.0304360948503017 -0.0610770285129547
vn 3.1437574114826505 2.2798596857896234 -2.0338708284678435
v 0.0191037673503160 0.0332593880593777 -0.0609755665063858
vn 1.3768105459959856 -3.5995227521046624 -2.3111275547040897
v 0.0163173638284206 0.0310739986598492 -0.0631025433540344
vn 2.9197592594170869 2.4916514954574334 -2.1326003938282572
v 0.0171452630311251 0.0339563004672527 -0.0630190744996071
vn 1.5964941396250274 -3.4949652748940294 -2.3901403909894272
v 0.0145218353718519 0.0315773598849773 -0.0649861469864845
vn 2.6001069629710725 2.6788580957841814 -2.2157053617528937
v 0.0151663720607758 0.0345065854489803 -0.0649208053946495
vn 1.7899369287541853 -3.2839317846603975 -2.4808892158931513
v 0.0109763694927096 0.0321855507791042 -0.0682907178997993
vn 2.2083588572958615 2.9454168439975588 -2.3395064709897957
v 0.0112583879381418 0.0351721160113811 -0.0682610720396042
vn 1.9055319074013926 -3.1847429028583205 -2.5238448388829089
v 0.0090733142569661 0.0323151908814907 -0.0698685422539711
vn 1.9056323647279392 3.0832755234614870 -2.4595968783141116
v 0.0091657424345613 0.0353137515485287 -0.0698577016592026
vn 2.0063448617624413 -3.0752367498608697 -2.5768535383267217
v 0.0071647516451776 0.0323147140443325 -0.0713320448994637
vn 1.6198908551312283 3.1765423351226261 -2.5459747129102315
v 0.0070685772225261 0.0353131853044033 -0.0713397413492203
vn 2.0929076805930391 -2.9674551682112980 -2.6264523460828979
v 0.0052482439205050 0.0321847163140774 -0.0726918131113052
vn 1.3283591199435951 3.2463991118421998 -2.6310304152540946
v 0.0049622040241957 0.0351709537208080 -0.0727180615067482
vn 2.1570778028580775 -2.8566889259257913 -2.6781878148064799
v 0.0034643749240786 0.0319461040198803 -0.0738647282123566
vn 1.0784688253663031 3.2807337019880056 -2.7255033753944340
v 0.0029999585822225 0.0349096171557903 -0.0739088505506516
vn 0.8941849312689576 3.2801956184223657 -2.7726854090744744
v 0.0021924360189587 0.0347656123340130 -0.0743719488382339
vn 2.2502639738771792 -2.5850811971876637 -2.8244089745935916
v -0.0021085054613650 0.0304466001689434 -0.0769038796424866
vn 0.5929526750660403 3.2641846409101287 -2.8189399679206240
v 0.0003544362843968 0.0343574993312359 -0.0753612443804741
vn 2.2444036115346968 -2.6423641402914226 -2.8061531424637249
v -0.0006684130639769 0.0309437029063702 -0.0762067586183548
vn 2.2179144976598257 -2.7507876184152393 -2.7350244750939310
v 0.0018267888808623 0.0316209904849529 -0.0748569890856743
vn 2.2970374777981659 -2.5230597950283142 -2.8261900879956805
v -0.0031319749541581 0.0300444327294827 -0.0773647725582123
vn -0.1804261925784633 3.1631436028227409 -2.9947791250122036
v -0.0049554603174329 0.0325313024222851 -0.0777611508965492
vn 0.1900821420342627 3.2250411644401940 -2.9001785963664970
v -0.0023105738218874 0.0335645787417889 -0.0766471698880196
vn 2.3244490171618200 -2.5131859306540498 -2.8596265776533616
v -0.0041787270456553 0.0295897088944912 -0.0778072401881218
vn 2.3316542496668595 -2.4618788637234212 -2.8901868392270638
v -0.0055283699184656 0.0289374999701977 -0.0783351436257362
vn -0.4665481206883706 3.1004379885991811 -3.0912101269006134
v -0.0068705263547599 0.0316190831363201 -0.0784666687250137
vn -0.5859102096008808 3.0724710546165905 -3.1332189536115620
v -0.0071880756877363 0.0314524881541729 -0.0785746648907661
vn 2.2492033379908256 -2.5141458901256195 -2.8210671892397721
v -0.0073106130585074 0.0279688201844692 -0.0789628773927689
vn -0.6103279461329968 3.1196558724508461 -3.1450492662340146
v -0.0077315205708146 0.0311554186046124 -0.0787546560168266
vn -0.2795995925879436 3.1900289119137417 -3.2186950841388655
v -0.0086312452331185 0.0306590907275677 -0.0790984556078911
vn 1.2038358277674186 -3.0299344222551934 -2.9242348109082630
v -0.0112108103930950 0.0267235003411770 -0.0800748467445374
vn 0.3519231337025777 3.1747369433374248 -3.1783061506393357
v -0.0116345938295126 0.0296918116509914 -0.0801122784614563
vn 1.4833593688113698 -2.9320549405937837 -2.8857531048540754
v -0.0099816704168916 0.0269734673202038 -0.0797604620456696
vn 0.0879008907084277 3.1685735072762471 -3.2590116225328827
v -0.0102405650541186 0.0300062857568264 -0.0796919018030167
vn 1.7603850371993937 -2.8258825967920385 -2.8327881658139420
v -0.0092645604163408 0.0271767638623714 -0.0795616805553436
vn 2.0623646632030690 -2.6471027364877702 -2.8051895122487438
v -0.0075546842999756 0.0278495512902737 -0.0790426582098007
vn 0.5057734404659019 3.1915455491968365 -3.0796162560180131
v -0.0121377659961581 0.0296328626573086 -0.0802481397986412
vn -3.5992142059330807 5.1253325368999016 0.2080682716898768
v -0.0171995647251606 0.0289686284959316 -0.0204240363091230
vn -3.4271352499802630 5.2333715917640484 0.2658488375012995
v -0.0170440282672644 0.0290748141705990 -0.0204287301748991
vn -3.5541315300815266 2.8016214723990140 -2.4937044453863821
v -0.0165716111660004 0.0290740542113781 -0.0290575008839369
vn -3.9096259182895263 2.8477948337848962 -2.1235780761728256
v -0.0163389891386032 0.0292016081511974 -0.0292657762765884
vn -0.4352649158296488 6.2527477314721667 -0.0345471523986327
v -0.0123340422287583 0.0296253226697445 -0.0778551995754242
vn -2.6659404694840525 -3.3923605531028960 4.5219970008710675
v -0.0179333090782166 -0.0270576365292072 -0.0175331979990005
vn -3.0574376117703839 -3.9348091658368496 3.7754918444933061
v -0.0180487297475338 -0.0272072143852711 -0.0177456662058830
vn -2.9020487654586331 -3.8697220489074575 3.8950329735807698
v -0.0173612684011459 -0.0277238823473454 -0.0177479740232229
vn -3.7652716497355363 -4.8207226119455084 1.2172751804782806
v -0.0185425225645304 -0.0278472937643528 -0.0193521361798048
vn -3.8856858031767283 -4.9001324039069800 0.2585950794907104
v -0.0186113696545362 -0.0279365368187428 -0.0204055886715651
vn -3.6922223069248115 -5.0472218774178241 0.3038847727075297
v -0.0179028864949942 -0.0284659899771214 -0.0204141288995743
vn -3.4730099350172883 -4.7145327229522227 2.0583475233870252
v -0.0177712347358465 -0.0282856263220310 -0.0189772881567478
vn -3.1479925784206091 -4.3639695497041293 3.1093068799063621
v -0.0183098204433918 -0.0275456197559834 -0.0183752011507750
vn -3.6785931262061333 -4.5677942430516403 2.1791250798324642
v -0.0184738487005234 -0.0277582593262196 -0.0189732480794191
vn -2.1565391058104462 0.7353684082533394 5.2061708710212038
v -0.0163652319461107 -0.0250189490616322 -0.0163127239793539
vn -1.1717404633659123 -1.5696448763161972 5.8912984667778625
v -0.0169119741767645 -0.0257318206131458 -0.0164889283478260
vn -0.7973594911891879 -1.2020128347614962 6.0536085387148573
v -0.0160433277487755 -0.0259179510176182 -0.0163901578634977
vn -1.9910676573111448 -2.5404836386465988 5.3145947333075227
v -0.0174474809318781 -0.0264278836548328 -0.0168929900974035
vn -1.9435628343862965 -2.6321883553151029 5.2769198429274731
v -0.0168081335723400 -0.0269659496843815 -0.0169228781014681
vn -0.9504929505603684 -1.3989980575273706 5.9793014993450475
v -0.0155388526618481 -0.0265656597912312 -0.0164478737860918
vn -0.2301938805277279 -0.3995447694427825 6.2489734995191704
v -0.0149269979447126 -0.0256799794733524 -0.0163000002503395
vn -0.1518936953331919 -0.3069573192518139 6.2642809361526774
v -0.0155549915507436 -0.0252293385565281 -0.0163000002503395
vn -1.6254159401381847 -2.4056611318720869 4.6031055231167048
v -0.0161709580570459 -0.0247664339840412 -0.0163000002503395
vn -1.7909007012641918 -2.6480769601008296 5.3339817226362900
v -0.0160972345620394 -0.0273745097219944 -0.0168730206787586
vn -2.4267156272210220 -3.5755652329451815 4.5144622161432855
v -0.0165749005973339 -0.0280662812292576 -0.0175462663173676
vn -3.4419671094693975 -5.0671859976092657 1.1534473899830970
v -0.0171430055052042 -0.0288871712982655 -0.0194083675742149
vn -3.2452770311366743 -4.9048187543414024 2.1332587743129223
v -0.0170731283724308 -0.0287865139544010 -0.0189823694527149
vn -3.1026580933903563 -4.5069065430352957 2.9973158562319000
v -0.0169306118041277 -0.0285807736217976 -0.0184148531407118
vn -2.7460035316726525 -4.1288968852596906 3.8208688525526964
v -0.0166777055710554 -0.0282150693237782 -0.0177509319037199
vn -0.5561543296786360 -0.2356089248488120 -0.0586276970324774
v -0.0256780050694942 -0.0126506267115474 -0.0163000002503395
vn -0.5313424226139584 -0.2724730739620404 -0.0573276795945371
v -0.0252281017601490 -0.0136229721829295 -0.0163000002503395
vn -2.4915014080250462 -1.1378301677106508 -1.6103570758146883
v -0.0269042085856199 -0.0122867403551936 -0.0163000002503395
vn -2.0700139092719043 -1.7936762877514285 -1.6103556549755209
v -0.0223528239876032 -0.0193688310682774 -0.0163000002503395
vn -0.4477289731231994 -0.4166355289094786 -0.0601216609742076
v -0.0199171826243401 -0.0213642753660679 -0.0163000002503395
vn -1.7946572918639361 -2.0693465292099549 -1.6104648119990341
v -0.0193688329309225 -0.0223528183996677 -0.0163000002503395
vn -0.4111262353357013 -0.4405775020698431 -0.0583933586976653
v -0.0187106505036354 -0.0225855447351933 -0.0163000002503395
vn -1.9647684982135007 -2.4295361046948569 4.5881525685213305
v -0.0162079371511936 -0.0247404612600803 -0.0163000002503395
vn -2.4915018260105688 1.1378315964442958 -1.6103585934391247
v -0.0269042085856199 0.0122867347672582 -0.0163000002503395
vn -2.3042072661150623 1.4808238759129506 -1.6103485300158882
v -0.0248817764222622 0.0159905515611172 -0.0163000002503395
vn -0.5258778027015435 0.2924359978505875 -0.0582437790307355
v -0.0245289541780949 0.0149802984669805 -0.0163000002503395
vn -2.7111386033178917 0.3898030226643988 -1.6103511077027011
v -0.0292759742587805 0.0042092474177480 -0.0163000002503395
vn -0.6030437798327266 0.0497361975434077 -0.0588374819563211
v -0.0282498672604561 0.0024871050845832 -0.0163000002503395
vn -2.7390171094298195 -0.0000002320674828 -1.6103497671281999
v -0.0295770261436701 -0.0000000029802336 -0.0163000002503395
vn -0.5960461921938556 0.0053326054298160 -0.0571275613541737
v -0.0283411610871553 0.0007325232145377 -0.0163000002503395
vn -2.7111382083276743 -0.3898034691969312 -1.6103505927575872
v -0.0292759742587805 -0.0042092530056834 -0.0163000002503395
vn -0.6028142416057967 -0.0475574947640552 -0.0588762845388566
v -0.0282491631805897 -0.0025467604864389 -0.0163000002503395
vn -2.6280705013836494 -0.7716704472260703 -1.6103546876826804
v -0.0283789485692978 -0.0083328066393733 -0.0163000002503395
vn -2.3042076918004306 -1.4808263909965649 -1.6103512984842780
v -0.0248817764222622 -0.0159905441105366 -0.0163000002503395
vn -0.5048757066745970 -0.3354446451748960 -0.0591424948816653
v -0.0231568757444620 -0.0172550417482853 -0.0163000002503395
vn -0.4683672789265147 -0.3767312702468645 -0.0580987835477058
v -0.0212267432361841 -0.0198691375553608 -0.0163000002503395
vn -0.5485440445713304 0.2529999498666161 -0.0586424894202164
v -0.0256862863898277 0.0126352580264211 -0.0163000002503395
vn -0.5581689027565522 0.2094486755670361 -0.0571406772320122
v -0.0261088144034147 0.0116327377036214 -0.0163000002503395
vn -2.6280661686985831 0.7716700148847421 -1.6103470722912610
v -0.0283789485692978 0.0083328159525990 -0.0163000002503395
vn -0.5846292651742854 0.1468485185949580 -0.0584828983155808
v -0.0273933466523886 0.0076774628832936 -0.0163000002503395
vn -0.5887082360768077 0.0910604533184289 -0.0570564827385325
v -0.0280297677963972 0.0044551761820912 -0.0163000002503395
vn -0.5856569944360857 -0.1121367875870457 -0.0571712021756097
v -0.0276455413550138 -0.0066074905917048 -0.0163000002503395
vn -0.5890432908455715 -0.1659805219241619 -0.0602089662672576
v -0.0273883473128080 -0.0076959161087871 -0.0163000002503395
vn -0.5682586827031215 -0.1916490219547218 -0.0578485428713986
v -0.0266403108835220 -0.0101950494572520 -0.0163000002503395
vn -1.9481413719621825 2.6595519987205716 4.5857213921044897
v -0.0162045285105705 0.0247430317103863 -0.0163000002503395
vn -0.4029480079787650 0.4506508890126046 -0.0587765875183169
v -0.0175805091857910 0.0236157588660717 -0.0163000002503395
vn -1.7994252402052031 2.0677664746736264 -1.6136359066084731
v -0.0193688329309225 0.0223528258502483 -0.0163000002503395
vn -0.4461470368820575 0.4164694540308017 -0.0599859257705753
v -0.0199851803481579 0.0212908647954464 -0.0163000002503395
vn -2.0700077469923062 1.7936705650078133 -1.6103403473586142
v -0.0223528239876032 0.0193688385188580 -0.0163000002503395
vn -0.4803118731210276 0.3596497613745612 -0.0578952827891035
v -0.0225551705807447 0.0181345753371716 -0.0163000002503395
vn -0.5220483765440891 0.3260599588424151 -0.0609120838867593
v -0.0231740213930607 0.0172315500676632 -0.0163000002503395
vn -2.9050296808297835 4.0208661866298980 3.8198993299603399
v -0.0166828483343124 0.0282227657735348 -0.0177622549235821
vn -3.1039034159040511 4.5018843734498102 2.9971057438177078
v -0.0169244688004255 0.0285722278058529 -0.0183954015374184
vn -3.4739374203587929 3.9709438403266542 3.2999645611619117
v -0.0198001246899366 0.0261718146502972 -0.0181723367422819
vn -6.2045610183605779 -0.4242131007258715 0.5934177737016109
v -0.0322436280548573 -0.0027246207464486 -0.0203029122203588
vn -6.1782965401678505 -0.6916084631809882 0.5946458961977328
v -0.0321902781724930 -0.0033399940002710 -0.0203036442399025
vn -5.8112180317967335 -0.5827395997996065 2.0193651303788234
v -0.0319218337535858 -0.0033146471250802 -0.0188447255641222
vn -3.6605648105725956 -3.7921422590207472 3.3095009355631726
v -0.0210498515516520 -0.0250274874269962 -0.0181666389107704
vn -3.0914516884894683 -3.2045827474787525 4.3500138013532172
v -0.0206874478608370 -0.0246491767466068 -0.0175016783177853
vn -0.2557642297160191 0.3456647406067863 6.2536167954666197
v -0.0155573096126318 0.0252282284200191 -0.0163000002503395
vn -0.2429416392634504 0.3504206761230292 6.2541097448191270
v -0.0149270808324218 0.0256798826158047 -0.0163000002503395
vn -0.9541493268793559 1.4208327189762815 5.9773185381364495
v -0.0155313573777676 0.0265547446906567 -0.0164442136883736
vn -1.3770430209810856 1.5524597648339318 5.8479288587417830
v -0.0185453724116087 0.0247268788516521 -0.0165806654840708
vn -1.5301520658842478 1.3844476985736320 5.8496352632653128
v -0.0213150121271610 0.0220110975205898 -0.0165787432342768
vn -1.6783434596070614 1.1993365334212491 5.8514211121290964
v -0.0237468704581261 0.0189821384847164 -0.0165770500898361
vn -2.0288976884727861 0.2949719623822877 5.8575569954399036
v -0.0294671971350908 0.0046620937064290 -0.0165730509907007
vn -1.9750270193805164 0.5336751672680429 5.8577450739732528
v -0.0286827199161053 0.0084946872666478 -0.0165736004710197
vn -1.9094502071273936 0.7606192094162932 5.8551251500182744
v -0.0274604819715023 0.0121734859421849 -0.0165744572877884
vn -1.8033376992682968 0.9893439992827463 5.8539448637749594
v -0.0258097052574158 0.0156784914433956 -0.0165756121277809
vn -2.0029798404464367 -0.4304660772841451 5.8575905529649379
v -0.0290658175945282 -0.0069139031693339 -0.0165733303874731
vn -2.0312552842220031 -0.1971561840604751 5.8593134689349027
v -0.0296581294387579 -0.0030996382702142 -0.0165729131549597
vn -2.0479283766392986 0.0452003322623104 5.8581953653639989
v -0.0297923181205988 0.0007664978620596 -0.0165728200227022
vn -1.9400063437570805 -0.6656831915928876 5.8566847410715077
v -0.0280154906213284 -0.0106694279238582 -0.0165740661323071
vn -1.8496427850931356 -0.9006919608173588 5.8542510627146704
v -0.0265401583164930 -0.0142575530335307 -0.0165750999003649
vn -1.7329778416230948 -1.1052062795563438 5.8536490313242826
v -0.0246463119983673 -0.0176446177065372 -0.0165764261037111
vn -1.5996179613372798 -1.3108496165734489 5.8497401105346878
v -0.0223583728075027 -0.0207992978394032 -0.0165780205279589
vn -1.4319489323762711 -1.5131844453980530 5.8423190961796774
v -0.0197270829230547 -0.0236466266214848 -0.0165798440575600
vn -4.1596404295995910 -4.6347344007307170 0.4511689625009548
v -0.0210387408733368 -0.0258839763700962 -0.0203885547816753
vn -4.0781168888810306 -4.2238317407228321 1.9434664032001581
v -0.0213047005236149 -0.0252935327589512 -0.0189093761146069
vn -4.3698430833689974 -4.4389280107362481 0.4563816758624595
v -0.0214760191738605 -0.0254724062979221 -0.0203855130821466
vn -4.5884484441628803 -4.1855800686828184 0.5426877919238752
v -0.0233748108148575 -0.0235082246363163 -0.0203722752630711
vn -4.5321537098983598 -3.7150334726525536 1.9773200820297008
v -0.0241187661886215 -0.0222462750971317 -0.0188923664391041
vn -4.8163344799728876 -3.9448258514449375 0.4878257487478645
v -0.0243172273039818 -0.0224093534052372 -0.0203656014055014
vn -4.9149628532627112 -3.1832142189317736 1.9818014034362235
v -0.0265649873763323 -0.0188708789646626 -0.0188774969428778
vn -5.1877440316698236 -3.4279737470555034 0.5431647369848080
v -0.0267875771969557 -0.0190131403505802 -0.0203477106988430
vn -5.0169578735907772 -3.6156742414328917 0.6723722338431192
v -0.0254752319306135 -0.0209224559366703 -0.0203572884202003
vn -5.2709466875260791 -2.5357181956477364 2.0003900302695685
v -0.0285891387611628 -0.0152485547587276 -0.0188651308417320
vn -5.4394007867530352 -2.9870885896596668 0.6121454757809882
v -0.0279829539358616 -0.0170002020895481 -0.0203388296067715
vn -5.3472847460892501 -3.1720864382183520 0.5672626560950124
v -0.0273138266056776 -0.0181644894182682 -0.0203438214957714
vn -5.5234463579622597 -1.9061530904831026 2.0280888585509991
v -0.0301659163087606 -0.0114112375304103 -0.0188554879277945
vn -5.7813204213043576 -2.2673015558653362 0.5899226981464684
v -0.0301576014608145 -0.0122387586161494 -0.0203220807015896
vn -5.6303038889744217 -2.6322714460073144 0.5397079305343684
v -0.0288773607462645 -0.0152595816180110 -0.0203320626169443
vn -6.1191147010566675 -1.0687057692629658 0.6304733358279145
v -0.0318452157080173 -0.0059381751343608 -0.0203074812889099
vn -6.0789324170159791 -1.3207813764305301 0.5676897963457805
v -0.0315534248948097 -0.0074505535885692 -0.0203102771192789
vn -5.7076430722645251 -1.2297446167150523 2.0405778295851977
v -0.0312888845801353 -0.0073934970423579 -0.0188486240804195
vn -5.9807334776810759 -1.6406803461045587 0.6398330143918731
v -0.0311527047306299 -0.0091117648407817 -0.0203138478100300
vn -5.9019837463071960 -1.9651449093860234 0.5573995060646990
v -0.0304220765829086 -0.0114995567128062 -0.0203199498355389
vn -6.1168352836059929 -0.8609029350230676 0.7647516164803907
v -0.0319157429039478 -0.0055086789652705 -0.0203067623078823
vn -6.1984486245532020 -0.1955235320478622 0.6622131540816663
v -0.0323349051177502 -0.0010245919693261 -0.0203012321144342
vn -5.8359713594335805 0.1506693284776940 2.0409007179301177
v -0.0320652350783348 0.0008197248098440 -0.0188438519835472
vn -6.2127168281223319 0.1364422362499798 0.5836873180951822
v -0.0323462039232254 0.0005129248020239 -0.0203001517802477
vn -6.1760361650814604 0.5434899251484738 0.6500584316000129
v -0.0321856662631035 0.0033873587381095 -0.0203010775148869
vn -5.7758410949063776 0.8351733879000548 2.0525545832413163
v -0.0317179523408413 0.0049861194565892 -0.0188460126519203
vn -6.1585457046500283 0.8742256339697497 0.5779879381584970
v -0.0319886393845081 0.0050250859931111 -0.0203028973191977
vn -5.6400122857492034 1.5184445582447448 2.0289673593092590
v -0.0308793708682060 0.0090842070057988 -0.0188511312007904
vn -5.9748578947320556 1.7196735117245689 0.5626681124862606
v -0.0311262682080269 0.0092101367190480 -0.0203104391694069
vn -6.0515964961366455 1.3883418390263373 0.6238105407462110
v -0.0313421785831451 0.0083701582625508 -0.0203086044639349
vn -6.0844108258761338 1.1812649841455789 0.6672819325551972
v -0.0317730009555817 0.0063468785956502 -0.0203048456460238
vn -5.8681192979227568 2.0257400664685137 0.6049091361996678
v -0.0302213057875633 0.0120658250525594 -0.0203178953379393
vn -5.4212443227046281 2.1837830935420550 2.0166664917699677
v -0.0295730810612440 0.0130186351016164 -0.0188591349869967
vn -5.7746910656308872 2.3213326419892382 0.5377931616280915
v -0.0299282614141703 0.0128416838124394 -0.0203202534466982
vn -4.9866928597645916 3.7225857657429566 0.5217325563783000
v -0.0255046449601650 0.0208816342055798 -0.0203542094677687
vn -5.1702589180537419 3.4527218367909569 0.5252378697561036
v -0.0261020809412003 0.0200432054698467 -0.0203497242182493
vn -4.7754002711517920 3.3883325243406044 1.9908808511424663
v -0.0256031509488821 0.0203023962676525 -0.0188833251595497
vn -5.3220941056069462 3.2033410587072861 0.5651841281929991
v -0.0276306960731745 0.0176260434091091 -0.0203381516039371
vn -5.1517207826117506 2.7790712466212000 1.9770061137233317
v -0.0278084482997656 0.0167680941522121 -0.0188699010759592
vn -5.4944816768851954 2.9126012050407049 0.5493002936448276
v -0.0279761608690023 0.0170127563178539 -0.0203355103731155
vn -5.5715605835536914 2.6636893512451909 0.7135208684606592
v -0.0290515404194593 0.0148913385346532 -0.0203271899372339
vn -4.8146852727073348 3.9200437615329502 0.5680945465327311
v -0.0244220662862062 0.0222804807126522 -0.0203622989356518
vn -4.3373148029625836 3.9448841514792536 1.9670544143267166
v -0.0230028871446848 0.0235431902110577 -0.0188991110771894
vn -4.6394343064428876 4.1565645424450155 0.4714103198907740
v -0.0231900084763765 0.0237130336463451 -0.0203714743256569
vn -4.4258517026126398 4.3655952216127272 0.5082472548291616
v -0.0226307306438684 0.0243148617446423 -0.0203756373375654
vn -3.8619313252827059 4.4290031441117339 1.9166447080431821
v -0.0200411938130856 0.0264494232833385 -0.0189170371741056
vn -4.1289746725876251 4.6500394746377580 0.4485461356849828
v -0.0203983709216118 0.0264631472527981 -0.0203923638910055
vn -3.5565814247903145 4.9366953047734752 1.2009540526084157
v -0.0171437598764896 0.0288886241614819 -0.0194156393408775
vn -3.8151928613046522 4.9160380093241205 0.4443215006542417
v -0.0183534268289804 0.0281328074634075 -0.0204084105789661
vn -3.5222769047450049 4.7265163031090438 2.0639267618583932
v -0.0170745737850666 0.0287889502942562 -0.0189905650913715
vn -2.3818667326831662 -2.4996956765026477 5.1876059225966262
v -0.0202352534979582 -0.0241771079599857 -0.0169638507068157
vn -3.4357557227298896 -2.8232636719580135 4.3543957829750024
v -0.0234281271696091 -0.0216786004602909 -0.0174934286624193
vn -2.6642550937367879 -2.1894139947536755 5.1924476789531049
v -0.0229241624474525 -0.0212643630802631 -0.0169593375176191
vn -3.7358796737963704 -2.3925687901224384 4.3660129138213071
v -0.0258104782551527 -0.0183886624872684 -0.0174862220883369
vn -2.8962264153788109 -1.8549246115942135 5.1990429835342651
v -0.0252617858350277 -0.0180379785597324 -0.0169553942978382
vn -3.9847458537194389 -1.9285133538677826 4.3752870061255855
v -0.0277818199247122 -0.0148580847308040 -0.0174802318215370
vn -3.0886789235977385 -1.4948969133541889 5.2041280125586997
v -0.0271963812410831 -0.0145749328657985 -0.0169521179050207
vn -4.1788558179049069 -1.4405935610416107 4.3831772150016297
v -0.0293173491954803 -0.0111185191199183 -0.0174755640327930
vn -3.2384590850090968 -1.1164505759443220 5.2087101928102708
v -0.0287033487111330 -0.0109067140147090 -0.0169495623558760
vn -4.3144191255366939 -0.9364816323051397 4.3883028182729156
v -0.0304107200354338 -0.0072040436789393 -0.0174722429364920
vn -3.3432141822377224 -0.7257264925163109 5.2115226434332493
v -0.0297762863337994 -0.0070671765133739 -0.0169477462768555
vn -4.3921635987276222 -0.4163655256510690 4.3912032614913086
v -0.0310270786285400 -0.0032296658027917 -0.0174703560769558
vn -3.4032790041892702 -0.3226429916951534 5.2131195004748552
v -0.0303812250494957 -0.0031683177221566 -0.0169467125087976
vn -4.4102309660162984 0.1074052412586696 4.3919999989771847
v -0.0311667099595070 0.0007986843702383 -0.0174699332565069
vn -3.4171811828299088 0.0832463739944398 5.2136204598964371
v -0.0305182710289955 0.0007835000869818 -0.0169464815407991
vn -4.3679546023987674 0.6284120466926109 4.3902086255819865
v -0.0308284834027290 0.0048580737784505 -0.0174709782004356
vn -3.3845987965685644 0.4869420981585295 5.2125771682050575
v -0.0301862675696611 0.0047656120732427 -0.0169470533728600
vn -4.2662363877434997 1.1433777814531840 4.3860370621278308
v -0.0300119780004025 0.0088514210656285 -0.0174734555184841
vn -3.3061291785051568 0.8860538136616686 5.2101754168272087
v -0.0293849725276232 0.0086831571534276 -0.0169484093785286
vn -4.1051246037339224 1.6451957550150746 4.3797230047724929
v -0.0287399198859930 0.0126853259280324 -0.0174773279577494
vn -3.1817142854368932 1.2751916841096835 5.2065938677555472
v -0.0281365606933832 0.0124439569190145 -0.0169505290687084
vn -3.8880684885041066 2.1243907188886997 4.3715956854873497
v -0.0270215123891830 0.0163390897214413 -0.0174825415015221
vn -3.0139402432630811 1.6468716676004298 5.2020916103376047
v -0.0264502335339785 0.0160276703536510 -0.0169533807784319
vn -3.6179309790633369 2.5742617007777793 4.3610698697134094
v -0.0248738527297974 0.0197836719453335 -0.0174890458583832
vn -2.8052105080776437 1.9960606021418781 5.1961436672508965
v -0.0243427809327841 0.0194059573113918 -0.0169569402933121
vn -3.2961222713830027 2.9921894846584114 4.3486670066245248
v -0.0223414096981287 0.0229427628219128 -0.0174966994673014
vn -2.5563948322440426 2.3207511040759012 5.1891237171333069
v -0.0218579713255167 0.0225039534270763 -0.0169611275196075
vn -2.9380083581992804 3.3556673164554067 4.3423785833038426
v -0.0194566659629345 0.0257762931287289 -0.0175053961575031
vn -2.2820410627183461 2.6119051405614182 5.1796077416807140
v -0.0190276782959700 0.0252822898328304 -0.0169658847153187
vn -2.4752894322699204 3.5417227616236611 4.5106373322169206
v -0.0165767930448055 0.0280692540109158 -0.0175500139594078
vn -1.8514932042551830 2.6035235832171786 5.3339516463748673
v -0.0160955209285021 0.0273721329867840 -0.0168712735176086
vn -4.0587199604724553 -3.3350924211761477 3.3339962191980521
v -0.0238329153507948 -0.0220113284885883 -0.0181539952754974
vn -4.4150765370666276 -2.8274574702436062 3.3513921756420211
v -0.0262520369142294 -0.0186708606779575 -0.0181429497897625
vn -4.7106429227616777 -2.2797887567209938 3.3655206111475144
v -0.0282536987215281 -0.0150863109156489 -0.0181337669491768
vn -4.9415525943266818 -1.7034848523974726 3.3770863683109082
v -0.0298128612339497 -0.0112894503399730 -0.0181266088038683
vn -5.1027467848672101 -1.1075433211613306 3.3849049562627056
v -0.0309231691062450 -0.0073145953938365 -0.0181215163320303
vn -5.1952011855831479 -0.4924618913807821 3.3893426406611629
v -0.0315490067005157 -0.0032792270649225 -0.0181186236441135
vn -5.2167180349970659 0.1270138089765874 3.3904453645319337
v -0.0316907912492752 0.0008109480259009 -0.0181179754436016
vn -5.1663564282984877 0.7432759354004306 3.3878417055609154
v -0.0313473902642727 0.0049327732995152 -0.0181195773184299
vn -5.0452570492492530 1.3521965267574592 3.3816684963058439
v -0.0305182673037052 0.0089873047545552 -0.0181233771145344
vn -4.8536594122084189 1.9451316004114552 3.3722568485455100
v -0.0292266141623259 0.0128800394013524 -0.0181293152272701
vn -4.5957422199696740 2.5109779672392136 3.3599424762550787
v -0.0274816993623972 0.0165899656713009 -0.0181373078376055
vn -4.2748207593384366 3.0416134311721628 3.3442326214337781
v -0.0253009088337421 0.0200874172151089 -0.0181472785770893
vn -3.8928517595978924 3.5338600437911261 3.3257079036583299
v -0.0227293726056814 0.0232949219644070 -0.0181590076535940
vn -0.4082417970063609 0.6327747043428645 3.0174953964286475
v -0.0142496852204204 0.0271050892770290 -0.0163849219679832
vn -0.7968181638219701 1.1539487614058468 6.0575266663515146
v -0.0148352878168225 0.0267246328294277 -0.0163845587521791
vn -0.1500688893163395 0.3316103495924194 6.2617741447810253
v -0.0138136791065335 0.0264118574559689 -0.0163000002503395
vn -0.2195636716437599 0.2822915612443817 6.2626237232045998
v -0.0143737308681011 0.0260508321225643 -0.0163000002503395
vn -1.7575735361095171 2.7156385481078185 5.2977084684797777
v -0.0155515149235725 0.0278115533292294 -0.0169089343398809
vn -2.6231437223601999 4.0917908233041462 3.8692437234462069
v -0.0160902645438910 0.0286291353404522 -0.0177706405520439
vn -3.1165096570808934 4.9791463205292024 1.9650200426680597
v -0.0164680629968643 0.0292024575173855 -0.0190052930265665
vn -3.3401163966335927 5.2759066091417539 0.3314474742733141
v -0.0159415006637573 0.0297950170934200 -0.0204631276428699
vn -3.0597468641869869 4.9839159888805780 1.9512341557102897
v -0.0158308874815702 0.0296191386878490 -0.0190174933522940
vn -2.6386097821855250 4.3448969928330641 3.6091453210267721
v -0.0154661647975445 0.0290392450988293 -0.0177776347845793
vn -2.3065799670728921 3.6732387833857385 4.4977061559761653
v -0.0153501238673925 0.0288547538220882 -0.0175302345305681
vn -1.6167654166131493 2.7026234543533554 5.3443705404817532
v -0.0149442525580525 0.0282094292342663 -0.0169117990881205
vn -0.4395661779082143 -6.2639342074783180 -0.0483776495433834
v 0.0035926380660385 -0.0352347232401371 -0.0502389557659626
vn -0.8697231789988502 -6.2183947912898629 -0.0895024347276075
v 0.0011830009752885 -0.0349815525114536 -0.0502593256533146
vn 1.7127678929257517 -6.0390331990265951 0.1722550506937076
v 0.0157537795603275 -0.0339835919439793 -0.0501355193555355
vn 1.2889215507381637 -6.1444093947411709 0.1289436711545097
v 0.0133674517273903 -0.0345727093517780 -0.0501557923853397
vn 6.1177360043466988 -0.4683409121648857 1.1442852204025005
v 0.0383247323334217 -0.0026460469234735 -0.0199030432850122
vn 6.1352884760554085 0.1061190063462124 1.1342824935339395
v 0.0384202413260937 0.0005842566606589 -0.0199020821601152
vn 3.2783091462688656 5.3410982593025569 0.3624196640485102
v 0.0242989379912615 0.0302825979888439 -0.0500630401074886
vn 1.2254808547983904 6.1572898129846898 0.1190990726089340
v 0.0130265280604362 0.0346442423760891 -0.0501586794853210
vn 1.6560059921444745 6.0546120041482165 0.1730032605068020
v 0.0154194561764598 0.0340781770646572 -0.0501383580267429
vn -4.3553654750520892 2.9763836335080800 -1.4599279422259459
v -0.0158055871725082 0.0294785611331463 -0.0299760084599257
vn -3.1302420332779661 5.3906289636629765 0.3641870896906435
v -0.0153777115046978 0.0301423333585262 -0.0204701144248247
vn -2.8312183194360268 5.5500059737097605 0.3144628347318996
v -0.0130080273374915 0.0314601920545101 -0.0204755291342735
vn -4.6197377388199703 3.0109359267589451 -0.7086783462862907
v -0.0154994102194905 0.0296169184148312 -0.0308066159486771
vn -1.1068211201540155 6.0784025474693770 -0.0658927353980981
v -0.0142852254211903 0.0295645706355572 -0.0502809993922710
vn -2.3333833608470789 5.8297130890666446 -0.1816597444453755
v -0.0135812219232321 0.0298307649791241 -0.0503048896789551
vn -4.4874787432310743 2.8760415351084085 0.5895703034603970
v -0.0155601557344198 0.0295279584825039 -0.0323855653405190
vn -2.7825892034184392 5.6273384594614857 -0.2520212497139260
v -0.0129929697141051 0.0307246707379818 -0.0351576991379261
vn -4.5308581085628443 2.8539702591466449 0.3480343165222645
v -0.0154781555756927 0.0295870713889599 -0.0319346301257610
vn -4.5869513860384377 2.9834238764235410 -0.0842050799414108
v -0.0154420733451843 0.0296172313392162 -0.0316355936229229
vn -2.7076691837220284 5.6636375770250602 -0.2646871788621536
v -0.0101568242534995 0.0313624553382397 -0.0503538399934769
vn -2.5563577533317958 5.7322165440363477 -0.2380712496649827
v -0.0118720196187496 0.0305443815886974 -0.0503403320908546
vn -2.4337611026345090 5.7796022350094232 -0.2438431281572542
v -0.0081543968990445 0.0323230139911175 -0.0503382980823517
vn -1.8492020080631766 5.9940424421631562 -0.1909821993318478
v -0.0038034063763916 0.0339083485305309 -0.0503014735877514
vn -1.3557350434048063 6.1299489749358473 -0.1391437375604855
v -0.0015117494622245 0.0344961397349834 -0.0502821281552315
vn -0.9313544166747174 6.2093348076428736 -0.0915350858969468
v 0.0008442100952379 0.0349342189729214 -0.0502621419727802
vn -0.5012942487334398 6.2590791025963490 -0.0481498761305176
v 0.0032502003014088 0.0352117381989956 -0.0502417050302029
vn -0.0697876301843474 6.2788106404783948 -0.0024435051400529
v 0.0056895120069385 0.0353234820067883 -0.0502209886908531
vn 0.3621420936807303 6.2683569792232019 0.0441200090238579
v 0.0081440620124340 0.0352674387395382 -0.0502001456916332
vn 0.7894573132304398 6.2286090581728510 0.0790353500815783
v 0.0105957509949803 0.0350416265428066 -0.0501793250441551
vn 2.0683526808352077 5.9247586323136572 0.2196862057339488
v 0.0177587121725082 0.0333509407937527 -0.0501184985041618
vn 2.4618739858521059 5.7710022380487427 0.2558968403140929
v 0.0200285222381353 0.0324702970683575 -0.0500992350280285
vn 2.8592829144169309 5.5831691704071442 0.2944073933524022
v 0.0222131349146366 0.0314439795911312 -0.0500807091593742
vn 4.1679218915103196 4.5500620952183199 0.9639817184875250
v 0.0268189199268818 0.0261950902640820 -0.0200332794338465
vn 3.9272840581365402 4.7661667345370535 0.9522931531718510
v 0.0255962740629911 0.0272508077323437 -0.0200473144650459
vn 4.9980130684743296 3.5981180511872255 1.0545098550754939
v 0.0315402932465076 0.0209671370685101 -0.0199792087078094
vn 4.7795515400767856 3.8629501433355973 1.0860826761729003
v 0.0310648623853922 0.0215978734195232 -0.0199845824390650
vn 4.5955223322938465 4.0614061027074042 1.1128142346970831
v 0.0290352422744036 0.0240030549466610 -0.0200077686458826
vn 4.4248059782866234 4.2957094720987854 0.9964683636198575
v 0.0287797451019287 0.0242767594754696 -0.0200107078999281
vn 5.3649344841605870 3.0080847785821550 1.0946268808819577
v 0.0339497327804565 0.0172198973596096 -0.0199521854519844
vn 5.4848713490959113 2.7487346279111655 1.1365178650899610
v 0.0345670133829117 0.0160619579255581 -0.0199452992528677
vn 5.1865107822720731 3.3098737671572893 1.0651865226945993
v 0.0329432561993599 0.0189141444861889 -0.0199634414166212
vn 5.6896802153845245 2.2929550845801003 1.1213083551833078
v 0.0359159559011459 0.0130843194201589 -0.0199302881956100
vn 5.8850221627795580 1.7480794029784099 1.1177226494109820
v 0.0369796529412270 0.0100091518834233 -0.0199184585362673
vn 6.1243916874532385 0.5222438712239033 1.1378028377535894
v 0.0382301360368729 0.0036910891067237 -0.0199043639004230
vn 6.0956268325820853 0.7791047456333803 1.1497055258517659
v 0.0382161512970924 0.0038214146625251 -0.0199045259505510
vn 6.0211291530448454 1.2009654515897290 1.1301838460788975
v 0.0377484671771526 0.0068760486319661 -0.0199098549783230
vn 6.0503658949916170 -1.0094446271352828 1.1444032325742424
v 0.0379307977855206 -0.0058792112395167 -0.0199073646217585
vn 5.9332480751208774 -1.5766616712145489 1.1224406410598577
v 0.0372397787868977 -0.0090787140652537 -0.0199150238186121
vn 5.7662664347719552 -2.1089978948167967 1.1199916025844365
v 0.0362630002200603 -0.0121772913262248 -0.0199258849024773
vn 5.6187220128989539 -2.4955345424861601 1.1212525728077769
v 0.0351592563092709 -0.0148430345579982 -0.0199382063001394
vn 5.1866985370080574 -3.3125560199647399 1.0658785933505159
v 0.0329867601394653 -0.0188450999557972 -0.0199626181274652
vn 5.3237905681839273 -3.0831011337155165 1.0594504769805049
v 0.0335136875510216 -0.0179803855717182 -0.0199566818773746
vn 5.5076226138390041 -2.7397736248620257 1.0987172992295702
v 0.0350205786526203 -0.0151392249390483 -0.0199397597461939
vn 4.7905506009127148 -3.8774263728996159 1.0302590086503163
v 0.0304249562323093 -0.0224033035337925 -0.0199917145073414
vn 5.0024119953534321 -3.5726286869373172 1.0806619621002216
v 0.0317648723721504 -0.0206586308777332 -0.0199764352291822
vn 3.8880989348539927 -4.7990635597791238 0.9300997831207279
v 0.0250356476753950 -0.0277037061750889 -0.0200539529323578
vn 4.2568223056575221 -4.4595382006414876 0.9530525589618084
v 0.0275421869009733 -0.0255225189030170 -0.0200250353664160
vn 4.6006332798521843 -4.1065384021270654 0.9900034112702312
v 0.0297929532825947 -0.0231548883020878 -0.0199989844113588
vn 3.5945200613676254 -5.1370183176424602 0.3601323138932963
v 0.0265451762825251 -0.0288112498819828 -0.0500440411269665
vn 3.2765075183374215 -5.3468301371943765 0.3273829145943473
v 0.0245841797441244 -0.0301074869930744 -0.0500606559216976
vn 2.9203906614225237 -5.5512638688167906 0.2910129461255567
v 0.0225133448839188 -0.0312865115702152 -0.0500781983137131
vn 2.5247405200396327 -5.7437263977120914 0.2604409655351522
v 0.0203423313796520 -0.0323326177895069 -0.0500965975224972
vn 2.1244176827790668 -5.9053653879086081 0.2164516782745411
v 0.0180839560925961 -0.0332342870533466 -0.0501157455146313
vn -0.0127144405680386 -6.2795090002967093 -0.0036427795077065
v 0.0060345982201397 -0.0353227742016315 -0.0502182245254517
vn 0.4183395974868104 -6.2654407743158043 0.0427482551404618
v 0.0084901712834835 -0.0352433063089848 -0.0501973181962967
vn 0.8543315506664508 -6.2204506106914863 0.0859744489634119
v 0.0109406448900700 -0.0349939204752445 -0.0501764453947544
vn -1.3891798764360308 -6.1182688938482288 -0.1406164940806282
v -0.0011775676393881 -0.0345673896372318 -0.0502791777253151
vn 0.6276568372443858 -3.2514402433251330 -2.7922930387132410
v 0.0002870463067666 -0.0343406982719898 -0.0753977522253990
vn -2.0019007542956766 -5.9443735204270807 -0.2014559838818538
v -0.0057073365896940 -0.0332923568785191 -0.0503173656761646
vn 0.1830003782245145 -3.2119151580074456 -2.9099369593610773
v -0.0023513552732766 -0.0335513241589069 -0.0766701325774193
vn -2.4382102344373076 -5.7833279507225930 -0.2418364268419427
v -0.0078558707609773 -0.0324508883059025 -0.0503357462584972
vn -0.1911813070490905 -3.1413757364038042 -2.9906718141731496
v -0.0049125202931464 -0.0325502343475819 -0.0777467861771584
vn -2.2277126537620306 -5.8210125569905031 0.3527134467474368
v -0.0096728969365358 -0.0329563207924366 -0.0204523783177137
vn -1.9323034915097241 -5.9250725253898393 0.3849492538149499
v -0.0075304443016648 -0.0337087549269199 -0.0204276181757450
vn -1.6221375735650612 -6.0133805131271183 0.4110044010486962
v -0.0065006725490093 -0.0340165235102177 -0.0204157903790474
vn -1.1377843850181557 -6.1156277233586955 0.4427536529917542
v -0.0032433310989290 -0.0347731746733189 -0.0203786063939333
vn -0.5851889763948633 -6.1873078512460005 0.5083212299577633
v -0.0002438645751681 -0.0351896472275257 -0.0203445572406054
vn -0.0338886413283387 -6.2023685978192091 0.5974220581337287
v 0.0027803003322333 -0.0353447534143925 -0.0203102976083755
vn 0.4550827929610458 -6.1920848152774477 0.6004210473726521
v 0.0058297784999013 -0.0352399386465549 -0.0202757474035025
vn 0.9963942792169449 -6.1241166934832769 0.6489497490923973
v 0.0088443309068680 -0.0348772741854191 -0.0202415194362402
vn 1.5253917320971919 -6.0049148942703123 0.7152197013918541
v 0.0117816748097539 -0.0342641808092594 -0.0202080272138119
vn 2.0386747549001130 -5.8339886588253709 0.8037302518692844
v 0.0146557763218880 -0.0334030129015446 -0.0201750509440899
vn 2.8274400531907746 -5.4939292337087275 0.8851813648461015
v 0.0199072267860174 -0.0310911722481251 -0.0201139897108078
vn 2.4922680260781465 -5.6611268971419140 0.8066259464698098
v 0.0174167715013027 -0.0323155261576176 -0.0201431028544903
vn 3.0842086239870881 -5.3678022097086053 0.8466630932631289
v 0.0202431213110685 -0.0309066064655781 -0.0201100390404463
vn 3.3885586361097877 -5.1705334165597101 0.8786273306438064
v 0.0226725433021784 -0.0294228978455067 -0.0200813114643097
vn 3.6438096233600703 -4.9931778529879818 0.9186545807620536
v 0.0241125524044037 -0.0284104235470295 -0.0200645606964827
vn 3.6466402368314514 4.9817525980236246 0.9253845796587963
v 0.0244034174829721 0.0281929038465023 -0.0200609806925058
vn 3.2792828372924405 5.2359414242687334 0.8650019224930041
v 0.0218366812914610 0.0299638770520687 -0.0200903471559286
vn 2.7858378605835536 5.5209917645839806 0.8133616410233212
v 0.0190730430185795 0.0315289609134197 -0.0201219618320465
vn 2.2604536609968968 5.7571603826187649 0.7788306516793537
v 0.0161877460777760 0.0328325591981411 -0.0201547890901566
vn 1.7502297559711890 5.9420388786905489 0.7217945019137660
v 0.0130158746615052 0.0339267067611217 -0.0201904512941837
vn 1.2103359836618290 6.0821252838714583 0.6640870304530059
v 0.0100692454725504 0.0346536897122860 -0.0202232860028744
vn 0.6806239812584309 6.1680803341123189 0.6126270758860706
v 0.0070785065181553 0.0351216904819012 -0.0202564056962729
vn 0.1296956642740116 6.2008031916751607 0.6023824130102556
v 0.0040356717072427 0.0353335700929165 -0.0202899761497974
vn -0.3619946234876474 6.2036616401628324 0.5201655298355873
v 0.0009971711551771 0.0352852605283260 -0.0203234590590000
vn -0.9054018881711839 6.1522161092715226 0.4719886040768444
v -0.0019890591502190 0.0349795483052731 -0.0203563999384642
vn -1.3382116510102100 6.0839451262315034 0.4359620306525094
v -0.0049446714110672 0.0344181917607784 -0.0203890688717365
vn -1.6066367361987939 6.0201028011849420 0.4271951019130125
v -0.0056538800708950 0.0342444144189358 -0.0203969161957502
vn -1.9644101365184781 5.9047363621014863 0.4104944703041774
v -0.0078297350555658 0.0336131714284420 -0.0204210169613361
vn -2.4864194389360161 5.7153491343904337 0.3478398530735412
v -0.0105548268184066 0.0326008312404156 -0.0204513035714626
vn -2.2525899455153957 5.8118188190384767 0.3689335499688003
v -0.0100471489131451 0.0328092090785503 -0.0204456318169832
vn -0.0978985716482905 -0.2501398634430795 -6.2705303913442414
v -0.0184592902660370 0.0265189073979855 -0.0283503439277411
vn -2.1577383976359723 2.4980920310083872 -3.1725117715367679
v -0.0184619929641485 0.0277766548097134 -0.0283790603280067
vn -0.6026068833445688 -3.4001011168393056 -3.0783334365201500
v -0.0177740603685379 0.0265193544328213 -0.0284204930067062
vn -2.6123498910299077 2.6029468617402398 -3.0903610477151227
v -0.0178498774766922 0.0282230190932751 -0.0284458324313164
vn -1.1033257625849795 -3.3737725210703036 -2.9361842559126052
v -0.0173875615000725 0.0265197716653347 -0.0285334270447493
vn -2.3400563006561175 -0.2691742322701938 -5.7665589433492475
v -0.0173910614103079 0.0281098447740078 -0.0285715088248253
vn -1.5732445145326410 -3.4063510582621266 -2.7059708171376231
v -0.0169083513319492 0.0265203081071377 -0.0287589505314827
vn -3.9834246167245242 -0.1441213416432501 -4.7603246542787137
v -0.0164815913885832 0.0281010679900646 -0.0291032362729311
vn -2.0004779843518579 -3.3626854680744556 -2.4106715272165311
v -0.0164774246513844 0.0265208445489407 -0.0290642641484737
vn -2.3826302063778684 -3.3950847565712676 -2.0247828806701080
v -0.0161839742213488 0.0265213958919048 -0.0293504893779755
vn -5.3324450104187120 -0.1273330717539868 -3.1687896255316477
v -0.0158677659928799 0.0280863605439663 -0.0298215337097645
vn -2.7915065230507659 -3.4565659725667288 -1.3671143811851494
v -0.0157391279935837 0.0265226624906063 -0.0300045143812895
vn -3.0995447457726737 -3.3738951410151645 0.3471499521477794
v -0.0154627356678247 0.0265268199145794 -0.0318526029586792
vn -3.0708826066646080 -3.4878235849410579 -0.4594863835587916
v -0.0154557805508375 0.0265249721705914 -0.0308907311409712
vn -6.0794425026521672 -0.0899702246825158 -1.1117309039664605
v -0.0154810333624482 0.0280637405812740 -0.0308201368898153
vn -3.5549103752872062 3.0022780455848923 -2.6120475738386850
v -0.0170522071421146 0.0287657789885998 -0.0287385974079370
vn -2.7312901241766960 -1.5018853380387069 -3.1235904257108689
v -0.0280843228101730 -0.0166732855141163 -0.0283240582793951
vn -2.6399239789094513 -1.6449062335666143 -3.1143742989534631
v -0.0270948093384504 -0.0183670260012150 -0.0283296890556812
vn -3.1111786823948524 -0.4204817961425649 -3.0957538724771823
v -0.0320765636861324 -0.0043357191607356 -0.0283015407621861
vn -3.0800212608670865 -0.5937530019411875 -3.0891734747466000
v -0.0316917896270752 -0.0067221550270915 -0.0283037088811398
vn -3.1266134487262223 -0.2897740318571330 -3.0940135365681973
v -0.0321630910038948 -0.0035837173927575 -0.0283010527491570
vn -1.9641811654734058 2.3561729353841416 -3.1663811024243329
v -0.0198432300239801 0.0266849361360073 -0.0283710882067680
vn -2.0821432009046985 2.2649115808294518 -3.1605876659469758
v -0.0209494289010763 0.0257241092622280 -0.0283647459000349
vn -2.1861153754146625 2.1812917861311085 -3.1554460359882963
v -0.0222139153629541 0.0245185159146786 -0.0283575188368559
vn -2.2545132393871512 2.1095129364918370 -3.1751773368808269
v -0.0230026915669441 0.0237009786069393 -0.0283530149608850
vn -2.3285611043737848 2.0336948125758711 -3.1511402443172649
v -0.0233050268143415 0.0233729593455791 -0.0283512901514769
vn -2.4402047935812585 1.9183690966365168 -3.1451353519711231
v -0.0252128373831511 0.0210872255265713 -0.0283404104411602
vn -2.4942090771761563 1.8468007614389206 -3.1678852506405746
v -0.0254110116511583 0.0208255164325237 -0.0283392816781998
vn -2.5508754415462742 1.7681270699568774 -3.1247307257607240
v -0.0257645025849342 0.0203455947339535 -0.0283372681587934
vn -2.6373849704087133 1.6503524513688004 -3.1094311329100739
v -0.0272619575262070 0.0180958621203899 -0.0283287521451712
vn -2.7069285675193782 1.5455511318810098 -3.1442109459527643
v -0.0277791135013103 0.0172198824584484 -0.0283258166164160
vn -2.7513247770007330 1.4651623242697991 -3.1314520146600033
v -0.0280844233930111 0.0166733525693417 -0.0283240862190723
vn -2.8155327732301703 1.3465687116776337 -3.0991812258362295
v -0.0288334935903549 0.0152237089350820 -0.0283198449760675
vn -2.8831985578697616 1.2116983587978072 -3.1163957242502205
v -0.0298145208507776 0.0130215855315328 -0.0283142998814583
vn -2.9138830902339179 1.1365682480365169 -3.1433880101274418
v -0.0299271494150162 0.0127398492768407 -0.0283136647194624
vn -2.9498080044737538 1.0389809032310462 -3.0984506633163722
v -0.0301225390285254 0.0122333737090230 -0.0283125620335340
vn -3.0069546830970717 0.8786855619128167 -3.0933589195039404
v -0.0311264060437679 0.0091356905177236 -0.0283069014549255
vn -3.0496213735738977 0.7266459178469518 -3.1024685483653798
v -0.0312663502991199 0.0086053879931569 -0.0283061116933823
vn -3.0868710706454543 0.5597330696569480 -3.0868706013591014
v -0.0318276062607765 0.0059909494593740 -0.0283029451966286
vn -3.1148859425237418 0.3926963557084128 -3.1004273870157073
v -0.0320764891803265 0.0043357135728002 -0.0283015407621861
vn -3.1315914579365618 0.2259698016745534 -3.0830741411188844
v -0.0322356000542641 0.0028016834985465 -0.0283006429672241
vn -3.1406039974667839 0.0510758607312444 -3.0961892835681608
v -0.0323499999940395 -0.0000000029802341 -0.0282999984920025
vn -3.1413234058004726 -0.0414280628934753 -3.1246208169503773
v -0.0323475152254105 -0.0004119753721170 -0.0283000133931637
vn -3.1383400819989489 -0.1352582387083598 -3.0996010183187206
v -0.0323341451585293 -0.0010412663687021 -0.0283000878989697
vn -2.7836113808073080 -1.4037681343391644 -3.1373114681334480
v -0.0286301989108324 -0.0156335271894932 -0.0283209625631571
vn -2.8371431009985177 -1.3025971606216435 -3.1112738487028171
v -0.0289523173123598 -0.0149770407006145 -0.0283191408962011
vn -2.9125580651910554 -1.1360291526861384 -3.0761657469573906
v -0.0299134850502014 -0.0127739487215877 -0.0283137150108814
vn -2.9943479092748726 -0.9178990674376252 -3.0937309386899128
v -0.0309362150728703 -0.0098065612837672 -0.0283079613000154
vn -3.0422244305014794 -0.7570772143954098 -3.1049013364203706
v -0.0312663577497005 -0.0086054829880595 -0.0283061042428017
vn -1.8999279925154511 -2.4020805365945450 -3.1970737205484481
v -0.0188739672303200 -0.0274634547531605 -0.0283767264336348
vn -1.9841381945978156 -2.3398701284701362 -3.1729895560552048
v -0.0198429655283689 -0.0266845859587193 -0.0283709987998009
vn -2.1071014042135650 -2.2428500475303501 -3.1505855161367760
v -0.0211923439055681 -0.0255010463297367 -0.0283632539212704
vn -2.2368794345711951 -2.1285014004321550 -3.1582313617330335
v -0.0230029299855232 -0.0237011797726154 -0.0283530186861753
vn -2.3329935485162636 -2.0235283711505625 -3.1482493670018910
v -0.0233639758080244 -0.0233086384832859 -0.0283509697765112
vn -2.4489882331579169 -1.8989605511163452 -3.1382892102173869
v -0.0253373645246029 -0.0209242589771748 -0.0283397268503904
vn -2.5429038168434861 -1.7796913567404919 -3.1382670520397609
v -0.0257648695260286 -0.0203458704054356 -0.0283372849225998
vn 2.4298979365168432 -5.5978637957941633 -0.4750307831385547
v -0.0150367897003889 0.0265193544328213 -0.0283000022172928
vn 2.0900864193515090 -2.4390335380168171 -3.1870945161275541
v -0.0181743893772364 0.0241654478013515 -0.0283000040799379
vn 2.3479368713231805 -2.1688625379842401 -3.2027508787246810
v -0.0209985636174679 0.0214426480233669 -0.0283000040799379
vn 2.5917339837852169 -1.8376446499272783 -3.2157600941692395
v -0.0234684608876705 0.0183953456580639 -0.0283000040799379
vn 2.7829018686679259 -1.5007694658892492 -3.2456824106570363
v -0.0255432128906250 0.0150679470971227 -0.0283000040799379
vn 2.9334928919160173 -1.1504039660382093 -3.2438128235984838
v -0.0271862708032131 0.0115072252228856 -0.0283000040799379
vn 3.0486005888730237 -0.7615128302910483 -3.2470536866691506
v -0.0283783748745918 0.0077697159722447 -0.0283000040799379
vn 3.1128137811923873 -0.3947237562752872 -3.2564495593110108
v -0.0291045904159546 0.0039143236353993 -0.0283000040799379
vn 3.1364054231068081 0.0000682523474186 -3.2541028820920377
v -0.0293499808758497 -0.0000000029802338 -0.0283000040799379
vn 3.1135375060654082 0.3923413377082903 -3.2533747167272877
v -0.0291045904159546 -0.0039143143221736 -0.0283000040799379
vn 3.0485021675514874 0.7642348913172523 -3.2440453094331447
v -0.0283783748745918 -0.0077697066590190 -0.0283000040799379
vn 2.9351979171498739 1.1466019545047512 -3.2391036082850801
v -0.0271862708032131 -0.0115072308108211 -0.0283000040799379
vn 2.7839452636197866 1.4998497759465423 -3.2342095494943619
v -0.0255432147532701 -0.0150679377838969 -0.0283000040799379
vn 2.5890266918494342 1.8390575031317060 -3.2091991859711411
v -0.0234684627503157 -0.0183953531086445 -0.0283000040799379
vn 2.3504223874622872 2.1621538836803409 -3.1906077875720804
v -0.0209985636174679 -0.0214426405727863 -0.0283000040799379
vn 2.0824455882831696 2.4453867413847838 -3.1762687275121837
v -0.0181743893772364 -0.0241654552519321 -0.0283000040799379
vn 3.9473846224676405 4.8809019934748594 0.0891535561921255
v -0.0177182536572218 -0.0248211361467838 -0.0199999995529652
vn 4.3179640590573012 4.5195206179155676 -0.2601908518575138
v -0.0185610968619585 -0.0240943916141987 -0.0199999995529652
vn 4.5465685463134058 4.2775262583153113 -0.3291669100698076
v -0.0212970618158579 -0.0213389433920383 -0.0199999995529652
vn 4.9107700395349170 3.9126949124842758 0.0531417475808885
v -0.0221313443034887 -0.0203518606722355 -0.0199999995529652
vn 5.1581673681234843 3.4565721880924678 -0.5212505644961311
v -0.0236828289926052 -0.0182747580111027 -0.0199999995529652
vn 5.5487942895431992 2.9217013173055975 0.0210911769414337
v -0.0255960132926702 -0.0151129839941859 -0.0199999995529652
vn 5.7738198212834746 2.3056074803211670 -0.5050790024622968
v -0.0272692218422890 -0.0114051727578044 -0.0199999995529652
vn 6.0052183558852619 1.8374957213772425 0.0154283411351176
v -0.0279812458902597 -0.0093026040121913 -0.0199999995529652
vn 6.0922303590504701 1.3219264140649603 -0.4392407781386390
v -0.0284196883440018 -0.0076956925913692 -0.0199999995529652
vn 6.1958963420789628 0.9605082829435074 -0.1770337500271814
v -0.0291165355592966 -0.0038754821289331 -0.0199999995529652
vn 6.2607793337037698 0.4948493714132136 0.0037447115345160
v -0.0291968472301960 -0.0031404525507241 -0.0199999995529652
vn 6.2062824317036229 -0.0000000028827967 -0.5751957247176416
v -0.0293498840183020 -0.0000000029802336 -0.0199999995529652
vn 6.2607800818524657 -0.4948425489332504 0.0037446836157397
v -0.0291968472301960 0.0031404464971274 -0.0199999995529652
vn 6.1853701738035189 -0.9938794492300931 -0.2237378283402547
v -0.0291165355592966 0.0038754909764975 -0.0199999995529652
vn 6.0806843948492491 -1.2800791051577876 -0.5382571301908551
v -0.0284196883440018 0.0076956870034337 -0.0199999995529652
vn 6.0052202239283092 -1.8374903271347993 0.0154283113529114
v -0.0279812458902597 0.0093025984242558 -0.0199999995529652
vn 5.7722738355914691 -2.3089587714627773 -0.5007112094821948
v -0.0272692218422890 0.0114051820710301 -0.0199999995529652
vn 5.5471665616684867 -2.9233257892539166 0.0327226605644439
v -0.0255960132926702 0.0151129784062505 -0.0199999995529652
vn 5.1611792553352123 -3.4514242357437244 -0.5138232025212378
v -0.0236828289926052 0.0182747505605221 -0.0199999995529652
vn 4.9107863217896490 -3.9126760670145844 0.0531419921634522
v -0.0221313424408436 0.0203518532216549 -0.0199999995529652
vn 4.5461837124410103 -4.2808089316665656 -0.3023964569872872
v -0.0212970618158579 0.0213389508426189 -0.0199999995529652
vn 4.3211426957685894 -4.5183911782214858 -0.2340315557482972
v -0.0185610949993134 0.0240943841636181 -0.0199999995529652
vn 3.9473478446705030 -4.8809297325727536 0.0891433854267445
v -0.0177182536572218 0.0248211286962032 -0.0199999995529652
vn 2.0114231730599164 2.4084234548496046 -3.0728377020132069
v -0.0177182536572218 -0.0248211361467838 -0.0193000007420778
vn 2.0105618511365018 -2.4092410714116435 -3.0731082867478881
v -0.0177182536572218 0.0248211286962032 -0.0193000007420778
vn 2.4407092181274490 1.9711324778996331 -3.0734199412251244
v -0.0221313443034887 -0.0203518606722355 -0.0193000007420778
vn 3.0034672505042561 0.9077479900548173 -3.0756401396231978
v -0.0279812458902597 -0.0093026040121913 -0.0193000007420778
vn 2.7740491834072829 1.4603174814511228 -3.0205353453389328
v -0.0255960132926702 -0.0151129839941859 -0.0193000007420778
vn 3.1231044277604090 0.2923189792520735 -3.0662865802688901
v -0.0291968472301960 -0.0031404525507241 -0.0193000007420778
vn 3.1216985206187795 -0.3009294788946132 -3.0635328695308037
v -0.0291968472301960 0.0031404464971274 -0.0193000007420778
vn 3.0043274368344091 -0.9039286904296622 -3.0749511874976734
v -0.0279812458902597 0.0093025984242558 -0.0193000007420778
vn 2.4414006694085160 -1.9703887223617020 -3.0736441639304788
v -0.0221313424408436 0.0203518532216549 -0.0193000007420778
vn 2.7740480951767896 -1.4603197642012420 -3.0205365721871091
v -0.0255960132926702 0.0151129784062505 -0.0193000007420778
vn -1.2851064052802865 2.8537905117541853 -3.2829388050533765
v -0.0110835731029510 0.0248941145837307 -0.0193000007420778
vn -0.6473637993372562 3.0633235661218614 -3.2641801812174998
v -0.0056655937805772 0.0266545228660107 -0.0193000007420778
vn -1.2500180119912834 -2.8658467392579503 -3.3192119662075661
v -0.0110835731029510 -0.0248941071331501 -0.0193000007420778
vn -0.6646609701877221 -3.0579948040256166 -3.2730622003091883
v -0.0056655937805772 -0.0266545154154301 -0.0193000007420778
vn -1.8288984312857370 -2.5398318959165400 -3.2829448381729369
v -0.0160171482712030 -0.0220457203686237 -0.0193000007420778
vn -2.3292338745778114 -2.0922959091122393 -3.2641762551284046
v -0.0202506966888905 -0.0182338096201420 -0.0193000007420778
vn -2.7102871590746300 -1.5647845087493037 -3.2994570790417588
v -0.0235991925001144 -0.0136249987408519 -0.0193000007420778
vn -2.9806316039748189 -0.9533839277066729 -3.2730657401414680
v -0.0259162895381451 -0.0084207085892558 -0.0193000007420778
vn -3.1069049940209537 -0.3503739147520384 -3.3192135552641755
v -0.0271007213741541 -0.0028484046924859 -0.0193000007420778
vn -3.1140083752630257 0.3139598302891295 -3.2829384917437916
v -0.0271007213741541 0.0028483986388892 -0.0193000007420778
vn -2.9765980977073525 0.9710277446023907 -3.2641785541935651
v -0.0259162895381451 0.0084207179024816 -0.0193000007420778
vn -2.7102866679145006 1.5647854256015239 -3.2994571830650479
v -0.0235991925001144 0.0136249931529164 -0.0193000007420778
vn -2.3159715437521853 2.1046095261428852 -3.2730668407311128
v -0.0202506966888905 0.0182338021695614 -0.0193000007420778
vn -1.8568864825052958 2.5154707419730054 -3.3192131069798210
v -0.0160171482712030 0.0220457129180431 -0.0193000007420778
vn -0.7766905311562418 6.1438954449019896 -0.5498672626667894
v -0.0040614018216729 0.0269456319510937 -0.0222999993711710
vn -2.3814446874118644 5.7177726494659691 -0.6560391071181639
v -0.0110835731029510 0.0248941145837307 -0.0222999993711710
vn -1.8376260999956879 5.9052652110989188 -0.5616303713946729
v -0.0080320788547397 0.0260393582284451 -0.0222999993711710
vn -1.3814990703840249 6.0044072273060083 -0.7797731593892753
v -0.0056655937805772 0.0266545228660107 -0.0222999993711710
vn -2.8756512196189634 5.4905052580972633 -0.5639436445564862
v -0.0118233319371939 0.0245514027774334 -0.0222999993711710
vn -3.3170953512690380 5.2356357282366890 -0.5639417931677976
v -0.0153504712507129 0.0225150100886822 -0.0222999993711710
vn -3.7980596218087843 4.8896022084365187 -0.6147233288464182
v -0.0160171482712030 0.0220457129180431 -0.0222999993711710
vn -4.1185087115205539 4.6107209082048080 -0.4170625613153727
v -0.0185347069054842 0.0199756585061550 -0.0222999993711710
vn -4.5623055077317654 4.1779992367869401 -0.6880869873080281
v -0.0202506966888905 0.0182338021695614 -0.0222999993711710
vn -4.9324153500222518 3.7445865097445541 -0.5498662749241116
v -0.0213049072772264 0.0169900916516781 -0.0222999993711710
vn -5.3496364119980031 3.0886122461024961 -0.6055626252794692
v -0.0235991925001144 0.0136249931529164 -0.0222999993711710
vn -5.7091121496305854 2.3993104985702249 -0.5498690041321845
v -0.0253663100302219 0.0099555375054479 -0.0222999993711710
vn -6.1424599472969312 0.7964925765182627 -0.6560360476367083
v -0.0271007213741541 0.0028483986388892 -0.0222999993711710
vn -6.0329247440242924 1.3612016231966182 -0.5616209004829652
v -0.0265667848289013 0.0060636969283223 -0.0222999993711710
vn -5.8907235122955752 1.8057832504852351 -0.7797694148122847
v -0.0259162895381451 0.0084207179024816 -0.0222999993711710
vn -6.1927426133437056 0.2548645197601216 -0.5639422975186585
v -0.0271738041192293 0.0020363896619529 -0.0222999993711710
vn -6.1927426133437056 -0.2548645197601216 -0.5639422975186585
v -0.0271738041192293 -0.0020363957155496 -0.0222999993711710
vn -6.1335487823554340 -0.8444076226093000 -0.6147277947000389
v -0.0271007213741541 -0.0028484046924859 -0.0222999993711710
vn -6.0522514680257382 -1.2613688713790308 -0.4170773534193680
v -0.0265667848289013 -0.0060637025162578 -0.0222999993711710
vn -5.8994072066037822 -1.8620678597978713 -0.6880919088479649
v -0.0259162895381451 -0.0084207085892558 -0.0222999993711710
vn -5.7091142498481808 -2.3993020493815607 -0.5498671622078685
v -0.0253663100302219 -0.0099555430933833 -0.0222999993711710
vn -5.3496334762864333 -3.0886114759629035 -0.6055752167841983
v -0.0235991925001144 -0.0136249987408519 -0.0222999993711710
vn -4.9324164841012905 -3.7445843026105217 -0.5498673619524713
v -0.0213049072772264 -0.0169900991022587 -0.0222999993711710
vn -3.7609836954640925 -4.9212942099815864 -0.6560445407327365
v -0.0160171482712030 -0.0220457203686237 -0.0222999993711710
vn -4.1953006018862808 -4.5440619910438329 -0.5616235694342724
v -0.0185347069054842 -0.0199756659567356 -0.0222999993711710
vn -4.5092171837145747 -4.1986269760933679 -0.7797638813898831
v -0.0202506966888905 -0.0182338096201420 -0.0222999993711710
vn -3.3170655452762507 -5.2356618759372591 -0.5639467642530351
v -0.0153504712507129 -0.0225150026381016 -0.0222999993711710
vn -2.8756524048488941 -5.4905113001099517 -0.5639207585131744
v -0.0118233319371939 -0.0245513953268528 -0.0222999993711710
vn -2.3355005290433066 -5.7340170033426547 -0.6147054347428618
v -0.0110835731029510 -0.0248941071331501 -0.0222999993711710
vn -1.9337506732471188 -5.8720798864551096 -0.4170708999569038
v -0.0080320788547397 -0.0260393656790257 -0.0222999993711710
vn -0.7767062087663283 -6.1438887750234468 -0.5498588362699873
v -0.0040614018216729 -0.0269456394016743 -0.0222999993711710
vn -1.3371031033430814 -6.0400746013914466 -0.6880859735734498
v -0.0056655937805772 -0.0266545154154301 -0.0222999993711710
vn -1.6734088258034592 -5.3805104996298407 -2.3526867861860268
v -0.0079423310235143 -0.0257484056055546 -0.0238307341933250
vn -5.4963602998837935 -1.2410361126525062 -2.3526904563198214
v -0.0262699369341135 -0.0059959469363093 -0.0238307341933250
vn -3.8229508908926753 4.1394706273228721 -2.3526748835514901
v -0.0183276068419218 0.0197524689137936 -0.0238307341933250
vn -0.0956021624195072 0.6342803989581181 -6.2167779128744201
v -0.0034652326721698 0.0229903124272823 -0.0263000000268221
vn -0.1890698514764509 0.6129490488776372 -6.2167775139311265
v -0.0068530580028892 0.0222170613706112 -0.0263000000268221
vn -0.3572703599274620 2.3703223466098367 -5.6501955726564841
v -0.0036933766677976 0.0245039574801922 -0.0259955190122128
vn -0.7065547480649446 2.2905969650479481 -5.6502004597628792
v -0.0073042493313551 0.0236797891557217 -0.0259955190122128
vn -0.6484644431711946 4.3022602646922152 -4.2946125587911990
v -0.0038867879193276 0.0257871560752392 -0.0251284278929234
vn -1.2824357295896354 4.1575546470654530 -4.2946207068004014
v -0.0076867514289916 0.0249198339879513 -0.0251284278929234
vn -0.8158319905040903 5.5756183526329215 -2.3432852624530467
v -0.0040160212665796 0.0266445539891720 -0.0238307341933250
vn -1.6457873125155196 5.3925090740014898 -2.3265768766296020
v -0.0079423310235143 0.0257483981549740 -0.0238307341933250
vn -0.2783126618168352 0.5779239658488298 -6.2167774779695497
v -0.0100877964869142 0.0209475271403790 -0.0263000000268221
vn -1.0400631040434030 2.1597141570423020 -5.6501925844339969
v -0.0107519570738077 0.0223266743123531 -0.0259955190122128
vn -1.8877660279592385 3.9199831215475935 -4.2946218423138465
v -0.0113150058314204 0.0234958492219448 -0.0251284278929234
vn -2.4706722597085209 5.0642150288914491 -2.3461608573214074
v -0.0116912219673395 0.0242770723998547 -0.0238307341933250
vn -0.3613409285201781 0.5299887446623794 -6.2167772752307968
v -0.0130971912294626 0.0192100517451763 -0.0263000000268221
vn -1.3503354437356900 1.9805786956705835 -5.6501936488200801
v -0.0139594841748476 0.0204748027026653 -0.0259955190122128
vn -2.4509170731880685 3.5948414719185027 -4.2946334897204448
v -0.0146905006840825 0.0215470008552074 -0.0251284278929234
vn -3.1503950966059788 4.6717733971428217 -2.3461643835297874
v -0.0151789505034685 0.0222634337842464 -0.0238307341933250
vn -0.5971068892390750 0.2343468519182431 -6.2167773150634638
v -0.0216428153216839 0.0084941806271672 -0.0263000000268221
vn -0.6253647685232440 0.1427352212561867 -6.2167774236713234
v -0.0226670745760202 0.0051736058667302 -0.0263000000268221
vn -2.2313971212953421 0.8757585277375162 -5.6501950563696726
v -0.0230677351355553 0.0090534212067723 -0.0259955190122128
vn -2.3369967514712133 0.5334040364749708 -5.6501967729993003
v -0.0241594295948744 0.0055142315104604 -0.0259955190122128
vn -4.0500933740313920 1.5895438322621573 -4.2946236417339012
v -0.0242757238447666 0.0095275165513158 -0.0251284278929234
vn -4.2417649551083523 0.9681561685649498 -4.2946225762915997
v -0.0254245866090059 0.0058030011132360 -0.0251284278929234
vn -5.2365374462697725 2.0812768268391109 -2.3432930325055668
v -0.0250828750431538 0.0098443003371358 -0.0238307341933250
vn -5.4929429073120559 1.2709598483755622 -2.3265696957687165
v -0.0262699369341135 0.0059959413483739 -0.0238307341933250
vn -0.6396542595893213 0.0479353231967655 -6.2167772707602440
v -0.0231849886476994 0.0017374723684043 -0.0263000000268221
vn -2.3903947002763641 0.1791351830134562 -5.6501967308926071
v -0.0247114412486553 0.0018518685828894 -0.0259955190122128
vn -4.3386837265454812 0.3251397345695620 -4.2946240496926835
v -0.0260055065155029 0.0019488453399390 -0.0251284278929234
vn -5.6210785077105436 0.3924391843254081 -2.3461559282193334
v -0.0268701724708080 0.0020136355888098 -0.0238307341933250
vn -0.6396547321991729 -0.0479357492681271 -6.2167771648749612
v -0.0231849886476994 -0.0017374784220010 -0.0263000000268221
vn -2.3903948536822504 -0.1791343778155322 -5.6501968737670714
v -0.0247114412486553 -0.0018518597353250 -0.0259955190122128
vn -4.3386831230795924 -0.3251380438266907 -4.2946255282058834
v -0.0260055065155029 -0.0019488364923745 -0.0251284278929234
vn -5.6210773723785339 -0.3924402159819966 -2.3461573775798157
v -0.0268701724708080 -0.0020136416424066 -0.0238307341933250
vn -0.5015031105910404 -0.3999342538821226 -6.2167776934574306
v -0.0181775819510221 -0.0144961355254054 -0.0263000000268221
vn -0.4362958211766656 -0.4702149838484605 -6.2167771417960767
v -0.0158140156418085 -0.0170434601604939 -0.0263000000268221
vn -1.8741284369045701 -1.4945696990744881 -5.6501927681455095
v -0.0193743575364351 -0.0154505399987102 -0.0259955190122128
vn -1.6304431767716396 -1.7571973575932156 -5.6501957142868839
v -0.0168551802635193 -0.0181655623018742 -0.0259955190122128
vn -3.4016328774784634 -2.7127110977408142 -4.2946273917548989
v -0.0203889347612858 -0.0162596292793751 -0.0251284278929234
vn -2.9593306735706606 -3.1893972896938529 -4.2946258549184408
v -0.0177378356456757 -0.0191168375313282 -0.0251284278929234
vn -4.4207035767780454 -3.4943316433663698 -2.3432994195913985
v -0.0210668537765741 -0.0168002583086491 -0.0238307341933250
vn -3.8471533383570682 -4.1215458161398821 -2.3265779987989186
v -0.0183276068419218 -0.0197524614632130 -0.0238307341933250
vn -0.3613403938496680 -0.5299903462362547 -6.2167770467965333
v -0.0130971912294626 -0.0192100591957569 -0.0263000000268221
vn -1.3503345886636677 -1.9805809883398466 -5.6501919072977920
v -0.0139594841748476 -0.0204748101532459 -0.0259955190122128
vn -2.4509247121513056 -3.5948463870101968 -4.2946169754278634
v -0.0146905006840825 -0.0215470083057880 -0.0251284278929234
vn -3.1504032677087741 -4.6717804268774348 -2.3461591177832264
v -0.0151789505034685 -0.0222634263336658 -0.0238307341933250
vn -0.2783126227756736 -0.5779224505991021 -6.2167777898293322
v -0.0100877964869142 -0.0209475196897984 -0.0263000000268221
vn -1.0400595558534897 -2.1597027387186469 -5.6502018129780209
v -0.0107519570738077 -0.0223266668617725 -0.0259955190122128
vn -1.8877638959504432 -3.9199712308729691 -4.2946291150066935
v -0.0113150058314204 -0.0234958566725254 -0.0251284278929234
vn -2.4706777603590946 -5.0642167075316626 -2.3461348351948756
v -0.0116912219673395 -0.0242770798504353 -0.0238307341933250
vn -0.0000003688157603 0.6414461404058236 -6.2167776360340685
v -0.0000000000000005 0.0232499949634075 -0.0263000000268221
vn -0.0898168991591579 1.1985457563610566 -2.8251002115483548
v -0.0000000000000006 0.0247807316482067 -0.0259955190122128
vn 0.0000010448354689 4.3508527232178125 -4.2946166488533901
v -0.0000000000000006 0.0260784290730953 -0.0251284278929234
vn 0.0000036663351426 5.6396209016749417 -2.3128632968965284
v -0.0000000000000006 0.0269455127418041 -0.0238307341933250
vn -2.9593269177163597 3.1893988567018643 -4.2946254556767753
v -0.0177378356456757 0.0191168449819088 -0.0251284278929234
vn -1.6304392423747411 1.7571981125394738 -5.6501948068140742
v -0.0168551802635193 0.0181655697524548 -0.0259955190122128
vn -0.4362922613478226 0.4702126001087776 -6.2167780155876358
v -0.0158140156418085 0.0170434527099133 -0.0263000000268221
vn -4.4279523964970160 3.4849730932222873 -2.3478965361779967
v -0.0210668537765741 0.0168002508580685 -0.0238307341933250
vn -3.4016343374348903 2.7127101422298727 -4.2946195448074249
v -0.0203889347612858 0.0162596367299557 -0.0251284278929234
vn -1.8741261667016795 1.4945652106025498 -5.6501979784355285
v -0.0193743575364351 0.0154505344107747 -0.0259955190122128
vn -0.5015055742412130 0.3999369442513425 -6.2167769370057773
v -0.0181775819510221 0.0144961448386312 -0.0263000000268221
vn -0.5555093181050843 0.3207237420600578 -6.2167774402509064
v -0.0201350897550583 0.0116250040009618 -0.0263000000268221
vn -2.0759496057941016 1.1985502310517187 -5.6501941567711711
v -0.0214607454836369 0.0123903723433614 -0.0259955190122128
vn -3.7679471912930835 2.1754255970396073 -4.2946257890465471
v -0.0225845798850060 0.0130392136052251 -0.0251284278929234
vn -4.8840484539908138 2.8198085859446236 -2.3128520227133786
v -0.0233355034142733 0.0134727628901601 -0.0238307341933250
vn -4.2417652189985668 -0.9681532134794956 -4.2946262205190653
v -0.0254245866090059 -0.0058029918000102 -0.0251284278929234
vn -2.3369993621266754 -0.5334060833527581 -5.6501944420184360
v -0.0241594295948744 -0.0055142370983958 -0.0259955190122128
vn -0.6253650612508062 -0.1427353934735327 -6.2167773512485445
v -0.0226670745760202 -0.0051736114546657 -0.0263000000268221
vn -5.2320477394409393 -2.0922296228405863 -2.3478997729682778
v -0.0250828750431538 -0.0098443059250712 -0.0238307341933250
vn -4.0500890673031718 -1.5895422796734864 -4.2946259397547131
v -0.0242757238447666 -0.0095275221392512 -0.0251284278929234
vn -2.2313927701064444 -0.8757562330310942 -5.6501986528621728
v -0.0230677351355553 -0.0090534118935466 -0.0259955190122128
vn -0.5971064570336988 -0.2343473543316023 -6.2167773644764113
v -0.0216428153216839 -0.0084941713139415 -0.0263000000268221
vn -0.5555093907338524 -0.3207231338256690 -6.2167774931958464
v -0.0201350897550583 -0.0116249946877360 -0.0263000000268221
vn -2.0759444323332095 -1.1985446946138478 -5.6501994850332533
v -0.0214607454836369 -0.0123903630301356 -0.0259955190122128
vn -3.7679455077631774 -2.1754284551657221 -4.2946193874872680
v -0.0225845798850060 -0.0130392191931605 -0.0251284278929234
vn -4.8840539775859666 -2.8198096932688741 -2.3128583043448745
v -0.0233355034142733 -0.0134727535769343 -0.0238307341933250
vn -1.2824293471820469 -4.1575546655339020 -4.2946209711177392
v -0.0076867514289916 -0.0249198414385319 -0.0251284278929234
vn -0.7065553203481957 -2.2905981405034437 -5.6501988229776607
v -0.0073042493313551 -0.0236797966063023 -0.0259955190122128
vn -0.1890706436581450 -0.6129498067054047 -6.2167772993333159
v -0.0068530580028892 -0.0222170688211918 -0.0263000000268221
vn -0.8041023441685776 -5.5771942159736803 -2.3479033796588284
v -0.0040160212665796 -0.0266445614397526 -0.0238307341933250
vn -0.6484584946395489 -4.3022512064678562 -4.2946326406537967
v -0.0038867879193276 -0.0257871486246586 -0.0251284278929234
vn -0.3572690432531519 -2.3703252429120858 -5.6501971026338023
v -0.0036933766677976 -0.0245039500296116 -0.0259955190122128
vn -0.0956028169310420 -0.6342856856873911 -6.2167768044899967
v -0.0034652326721698 -0.0229903198778629 -0.0263000000268221
vn -0.0000006589259190 -0.6414468848966435 -6.2167774726264184
v 0.0000000000000010 -0.0232500024139881 -0.0263000000268221
vn 0.0000014743119923 -2.3971073955738631 -5.6501886544238458
v 0.0000000000000010 -0.0247807390987873 -0.0259955190122128
vn 0.0000013301266571 -4.3508511517927868 -4.2946309878889064
v 0.0000000000000011 -0.0260784216225147 -0.0251284278929234
vn 0.0000007298047167 -5.6396107209429998 -2.3128570494297742
v 0.0000000000000011 -0.0269455201923847 -0.0238307341933250
vn 1.6734133632007808 5.3805097120143053 -2.3526935353493252
v 0.0079423310235143 0.0257483981549740 -0.0238307341933250
vn 5.4963630538662009 1.2410349082745475 -2.3526882090825332
v 0.0262699369341135 0.0059959413483739 -0.0238307341933250
vn 3.8229475626369394 -4.1394691267863184 -2.3526966042574990
v 0.0183276068419218 -0.0197524614632130 -0.0238307341933250
vn 0.0956039051041306 -0.6342853780899871 -6.2167768356527073
v 0.0034652326721698 -0.0229903198778629 -0.0263000000268221
vn 0.1890706145323668 -0.6129503704896810 -6.2167771829704170
v 0.0068530580028892 -0.0222170688211918 -0.0263000000268221
vn 0.3572690691490343 -2.3703270919437323 -5.6501958008156405
v 0.0036933766677976 -0.0245039500296116 -0.0259955190122128
vn 0.7065552462992136 -2.2905986673173295 -5.6501981749315924
v 0.0073042493313551 -0.0236797966063023 -0.0259955190122128
vn 0.6484545770107986 -4.3022488573254503 -4.2946357988439487
v 0.0038867879193276 -0.0257871486246586 -0.0251284278929234
vn 1.2824328466588373 -4.1575519276947333 -4.2946226234719012
v 0.0076867514289916 -0.0249198414385319 -0.0251284278929234
vn 0.8158271905738566 -5.5756080469203821 -2.3432929163800069
v 0.0040160212665796 -0.0266445614397526 -0.0238307341933250
vn 1.6457920311309793 -5.3925081231203613 -2.3265729652332610
v 0.0079423310235143 -0.0257484056055546 -0.0238307341933250
vn 0.2783120726522180 -0.5779226721592372 -6.2167777984048316
v 0.0100877964869142 -0.0209475196897984 -0.0263000000268221
vn 1.0400556620269261 -2.1597034731244653 -5.6502026072135134
v 0.0107519570738077 -0.0223266668617725 -0.0259955190122128
vn 1.8877592708407724 -3.9199745629949909 -4.2946286239703353
v 0.0113150058314204 -0.0234958566725254 -0.0251284278929234
vn 2.4706790944769303 -5.0642165245253299 -2.3461317364169898
v 0.0116912219673395 -0.0242770798504353 -0.0238307341933250
vn 0.3613403179609119 -0.5299899651108998 -6.2167771252972850
v 0.0130971912294626 -0.0192100591957569 -0.0263000000268221
vn 1.3503370603253453 -1.9805784256596874 -5.6501926455204057
v 0.0139594841748476 -0.0204748101532459 -0.0259955190122128
vn 2.4509300604524533 -3.5948440076633341 -4.2946163895746468
v 0.0146905006840825 -0.0215470083057880 -0.0251284278929234
vn 3.1504025094023533 -4.6717813659449199 -2.3461561025745663
v 0.0151789505034685 -0.0222634263336658 -0.0238307341933250
vn 0.5971065097171451 -0.2343471602699821 -6.2167773692738137
v 0.0216428153216839 -0.0084941713139415 -0.0263000000268221
vn 0.6253648935190352 -0.1427356728087931 -6.2167773734978384
v 0.0226670745760202 -0.0051736114546657 -0.0263000000268221
vn 2.2313918190633126 -0.8757571483858987 -5.6501990790592753
v 0.0230677351355553 -0.0090534118935466 -0.0259955190122128
vn 2.3369993619335041 -0.5334046653075617 -5.6501947341759644
v 0.0241594295948744 -0.0055142370983958 -0.0259955190122128
vn 4.0500897482324492 -1.5895437905486027 -4.2946245032391293
v 0.0242757238447666 -0.0095275221392512 -0.0251284278929234
vn 4.2417660529742367 -0.9681528184749055 -4.2946254178226493
v 0.0254245866090059 -0.0058029918000102 -0.0251284278929234
vn 5.2365364372911376 -2.0812764431375603 -2.3432927283433043
v 0.0250828750431538 -0.0098443059250712 -0.0238307341933250
vn 5.4929395739339091 -1.2709602537263103 -2.3265740760716329
v 0.0262699369341135 -0.0059959469363093 -0.0238307341933250
vn 0.6396545866115901 -0.0479355129315033 -6.2167772006170861
v 0.0231849886476994 -0.0017374784220010 -0.0263000000268221
vn 2.3903952625219618 -0.1791347002061353 -5.6501966367167276
v 0.0247114412486553 -0.0018518597353250 -0.0259955190122128
vn 4.3386828234717516 -0.3251384405978053 -4.2946256731323214
v 0.0260055065155029 -0.0019488364923745 -0.0251284278929234
vn 5.6210773527755009 -0.3924402477229346 -2.3461573995715792
v 0.0268701724708080 -0.0020136416424066 -0.0238307341933250
vn 0.6396543054887119 0.0479353977072349 -6.2167772594918205
v 0.0231849886476994 0.0017374723684043 -0.0263000000268221
vn 2.3903946313661817 0.1791352017687000 -5.6501967538594471
v 0.0247114412486553 0.0018518685828894 -0.0259955190122128
vn 4.3386837362522357 0.3251396708641142 -4.2946240638078610
v 0.0260055065155029 0.0019488453399390 -0.0251284278929234
vn 5.6210785276278150 0.3924391520753875 -2.3461559058750412
v 0.0268701724708080 0.0020136355888098 -0.0238307341933250
vn 0.5015049888867700 0.3999382206814649 -6.2167768627756974
v 0.0181775819510221 0.0144961448386312 -0.0263000000268221
vn 0.4362935353672305 0.4702116946638123 -6.2167779710722204
v 0.0158140156418085 0.0170434527099133 -0.0263000000268221
vn 1.8741265714411435 1.4945645929831852 -5.6501978477857033
v 0.0193743575364351 0.0154505344107747 -0.0259955190122128
vn 1.6304394375456366 1.7571965597811843 -5.6501954539163899
v 0.0168551802635193 0.0181655697524548 -0.0259955190122128
vn 3.4016327232888379 2.7127115441302418 -4.2946199365655513
v 0.0203889347612858 0.0162596367299557 -0.0251284278929234
vn 2.9593282281814037 3.1894004447775237 -4.2946227496673384
v 0.0177378356456757 0.0191168449819088 -0.0251284278929234
vn 4.4207106803584919 3.4943392293017634 -2.3432860284141586
v 0.0210668537765741 0.0168002508580685 -0.0238307341933250
vn 3.8471563397668902 4.1215440402522265 -2.3265576797316667
v 0.0183276068419218 0.0197524689137936 -0.0238307341933250
vn 0.3613400344115587 0.5299890291455791 -6.2167773341897083
v 0.0130971912294626 0.0192100517451763 -0.0263000000268221
vn 1.3503341979613317 1.9805793957808615 -5.6501938863762193
v 0.0139594841748476 0.0204748027026653 -0.0259955190122128
vn 2.4509197191579664 3.5948400744410458 -4.2946333458858774
v 0.0146905006840825 0.0215470008552074 -0.0251284278929234
vn 3.1503976429816549 4.6717717397588308 -2.3461642521254205
v 0.0151789505034685 0.0222634337842464 -0.0238307341933250
vn 0.2783131034725020 0.5779238000604112 -6.2167774686946675
v 0.0100877964869142 0.0209475271403790 -0.0263000000268221
vn 1.0400622253406968 2.1597158429483598 -5.6501917057913085
v 0.0107519570738077 0.0223266743123531 -0.0259955190122128
vn 1.8877631359783136 3.9199818866738609 -4.2946246653234503
v 0.0113150058314204 0.0234958492219448 -0.0251284278929234
vn 2.4706725303563233 5.0642164937981331 -2.3461589689600908
v 0.0116912219673395 0.0242770723998547 -0.0238307341933250
vn 2.9593300285211739 -3.1893993764083750 -4.2946240799636097
v 0.0177378356456757 -0.0191168375313282 -0.0251284278929234
vn 1.6304419573054074 -1.7571979342590491 -5.6501958764898541
v 0.0168551802635193 -0.0181655623018742 -0.0259955190122128
vn 0.4362965229881685 -0.4702146964952136 -6.2167770832562379
v 0.0158140156418085 -0.0170434601604939 -0.0263000000268221
vn 4.4279431638312126 -3.4849698642654254 -2.3479065229730272
v 0.0210668537765741 -0.0168002583086491 -0.0238307341933250
vn 3.4016313097196358 -2.7127113663063991 -4.2946286747719569
v 0.0203889347612858 -0.0162596292793751 -0.0251284278929234
vn 1.8741301331680400 -1.4945679423372695 -5.6501924357275808
v 0.0193743575364351 -0.0154505399987102 -0.0259955190122128
vn 0.5015029220852848 -0.3999349625474803 -6.2167776288255059
v 0.0181775819510221 -0.0144961355254054 -0.0263000000268221
vn 0.5555092441726646 -0.3207230289901857 -6.2167775325597781
v 0.0201350897550583 -0.0116249946877360 -0.0263000000268221
vn 2.0759448168660404 -1.1985468727104289 -5.6501985119227225
v 0.0214607454836369 -0.0123903630301356 -0.0259955190122128
vn 3.7679448543492846 -2.1754257905509817 -4.2946212742275476
v 0.0225845798850060 -0.0130392191931605 -0.0251284278929234
vn 4.8840553686639119 -2.8198088324692510 -2.3128572143584849
v 0.0233355034142733 -0.0134727535769343 -0.0238307341933250
vn 4.2417654057140908 0.9681563171613567 -4.2946221294620681
v 0.0254245866090059 0.0058030011132360 -0.0251284278929234
vn 2.3369965921129690 0.5334033549233472 -5.6501970172361817
v 0.0241594295948744 0.0055142315104604 -0.0259955190122128
vn 0.6253647836244984 0.1427350444513036 -6.2167774290751741
v 0.0226670745760202 0.0051736058667302 -0.0263000000268221
vn 5.2320476207824971 2.0922287889301208 -2.3479035883043515
v 0.0250828750431538 0.0098443003371358 -0.0238307341933250
vn 4.0500939541691654 1.5895448329791422 -4.2946225359867176
v 0.0242757238447666 0.0095275165513158 -0.0251284278929234
vn 2.2313965334951460 0.8757588310815837 -5.6501953806485457
v 0.0230677351355553 0.0090534212067723 -0.0259955190122128
vn 0.5971068157625794 0.2343470593043458 -6.2167773134459896
v 0.0216428153216839 0.0084941806271672 -0.0263000000268221
vn 0.5555093907338524 0.3207231338256690 -6.2167774931958464
v 0.0201350897550583 0.0116250040009618 -0.0263000000268221
vn 2.0759498396818472 1.1985513694363064 -5.6501937062275323
v 0.0214607454836369 0.0123903723433614 -0.0259955190122128
vn 3.7679472381562489 2.1754235934219013 -4.2946268550774152
v 0.0225845798850060 0.0130392136052251 -0.0251284278929234
vn 4.8840486766779367 2.8198092687116154 -2.3128510437729251
v 0.0233355034142733 0.0134727628901601 -0.0238307341933250
vn 1.2824373492948893 4.1575526378219374 -4.2946226271622816
v 0.0076867514289916 0.0249198339879513 -0.0251284278929234
vn 0.7065570925587809 2.2905965806247983 -5.6502000850147063
v 0.0073042493313551 0.0236797891557217 -0.0259955190122128
vn 0.1890692088439279 0.6129495018868658 -6.2167774604934039
v 0.0068530580028892 0.0222170613706112 -0.0263000000268221
vn 0.8040973594113379 5.5772081005250538 -2.3478909184580656
v 0.0040160212665796 0.0266445539891720 -0.0238307341933250
vn 0.6484615151630674 4.3022604651717495 -4.2946130440149668
v 0.0038867879193276 0.0257871560752392 -0.0251284278929234
vn 0.3572691305324575 2.3703223653829264 -5.6501956289697386
v 0.0036933766677976 0.0245039574801922 -0.0259955190122128
vn 0.0956030815954643 0.6342803871767034 -6.2167778853622773
v 0.0034652326721698 0.0229903124272823 -0.0263000000268221
vn 0.0898175372314846 1.1985465605007284 -2.8250997506259181
v -0.0000000000000006 0.0247807316482067 -0.0259955190122128
vn -1.3879530318225684 1.5666723913698690 -5.4763148270002135
v 0.0132624534890056 -0.0149702159687877 -0.0263000000268221
vn -0.9726917917515285 1.8533095523124195 -5.4763126806886664
v 0.0092944633215666 -0.0177091248333454 -0.0263000000268221
vn -0.5008999377504935 2.0322345156945625 -5.4763143988423559
v 0.0047863135114312 -0.0194188393652439 -0.0263000000268221
vn -1.9570443890069618 0.7422085914494436 -5.4763104597451111
v 0.0187003239989281 -0.0070920912548900 -0.0263000000268221
vn -1.7225547888945836 1.1889930038009420 -5.4763097873659552
v 0.0164596773684025 -0.0113612888380885 -0.0263000000268221
vn -2.0777983943486009 0.2522904817418926 -5.4763103554528598
v 0.0198541767895222 -0.0024107277859002 -0.0263000000268221
vn -1.9570443320668092 -0.7422087731083340 -5.4763104502208408
v 0.0187003239989281 0.0070921005681157 -0.0263000000268221
vn -2.0777985074707548 -0.2522903456490039 -5.4763102776194064
v 0.0198541767895222 0.0024107366334647 -0.0263000000268221
vn -0.9726911063561710 -1.8533115567158835 -5.4763114980841978
v 0.0092944633215666 0.0177091173827648 -0.0263000000268221
vn -1.3879604111834352 -1.5666823620510053 -5.4763036921724186
v 0.0132624534890056 0.0149702103808522 -0.0263000000268221
vn -1.7225536281715312 -1.1889935430908243 -5.4763102808965591
v 0.0164596773684025 0.0113612981513143 -0.0263000000268221
vn -0.5008994972582049 -2.0322347773244465 -5.4763142775924418
v 0.0047863135114312 0.0194188319146633 -0.0263000000268221
vn -1.3048046805798712 -5.2937916833331951 -2.3335394158736902
v 0.0045469976030290 0.0184478871524334 -0.0252999998629093
vn -2.5337696128475038 -4.8277085491821392 -2.3335399240195462
v 0.0088297398760915 0.0168236605823040 -0.0252999998629093
vn -3.6154970126694512 -4.0810587155107916 -2.3335316358503251
v 0.0125993303954601 0.0142217101529241 -0.0252999998629093
vn -4.4870960046355464 -3.0972194201644907 -2.3335366814100142
v 0.0156366936862469 0.0107932360842824 -0.0252999998629093
vn -5.0979209410909716 -1.9333864377166123 -2.3335379555374018
v 0.0177653077989817 0.0067374976351857 -0.0252999998629093
vn -5.4124746762605547 -0.6571939576354904 -2.3335379550637523
v 0.0188614688813686 0.0022902011405677 -0.0252999998629093
vn -5.4124747224809111 0.6571941953538267 -2.3335378768789408
v 0.0188614688813686 -0.0022901922930032 -0.0252999998629093
vn -5.0979210297176234 1.9333862462327125 -2.3335379185650744
v 0.0177653077989817 -0.0067374883219600 -0.0252999998629093
vn -4.4870961205375810 3.0972184150444728 -2.3335372933130558
v 0.0156366936862469 -0.0107932267710567 -0.0252999998629093
vn -3.6154959114539444 4.0810441685459420 -2.3335424163632110
v 0.0125993303954601 -0.0142217008396983 -0.0252999998629093
vn -2.5337763023517623 4.8277057205826965 -2.3335413399922347
v 0.0088297398760915 -0.0168236680328846 -0.0252999998629093
vn -1.3047996368310151 5.2937923887597336 -2.3335424393216133
v 0.0045469976030290 -0.0184478946030140 -0.0252999998629093
vn -1.3047984981422560 5.2937904351426930 2.3335449005916211
v 0.0045469976030290 -0.0184478946030140 -0.0234999991953373
vn -2.5337764464200521 4.8277034545691304 2.3335435055389739
v 0.0088297398760915 -0.0168236680328846 -0.0234999991953373
vn -3.6154930881792797 4.0810437193469680 2.3335449278787470
v 0.0125993303954601 -0.0142217008396983 -0.0234999991953373
vn -4.4870947841295825 3.0972160160022399 2.3335401319603992
v 0.0156366936862469 -0.0107932267710567 -0.0234999991953373
vn -5.0979189993961729 1.9333857740547695 2.3335402466356285
v 0.0177653077989817 -0.0067374883219600 -0.0234999991953373
vn -5.4124726431713022 0.6571937780123591 2.3335402675246408
v 0.0188614688813686 -0.0022901922930032 -0.0234999991953373
vn -5.4124726947771160 -0.6571938806465225 2.3335401679782324
v 0.0188614688813686 0.0022902011405677 -0.0234999991953373
vn -5.0979191460308559 -1.9333854604573861 2.3335402310252027
v 0.0177653077989817 0.0067374976351857 -0.0234999991953373
vn -4.4870944374372561 -3.0972172532844877 2.3335395947528026
v 0.0156366936862469 0.0107932360842824 -0.0234999991953373
vn -3.6154936574387468 -4.0810595492270894 2.3335333657360957
v 0.0125993303954601 0.0142217101529241 -0.0234999991953373
vn -2.5337705675167510 -4.8277069451060006 2.3335408507826196
v 0.0088297398760915 0.0168236605823040 -0.0234999991953373
vn -1.3048077292398257 -5.2937875040105711 2.3335433682377285
v 0.0045469976030290 0.0184478871524334 -0.0234999991953373
vn -0.5008990073066737 2.0322327895075358 5.4763161289110691
v 0.0047863135114312 -0.0194188393652439 -0.0225000008940697
vn -0.9726915849066773 1.8533072060315359 5.4763146350943828
v 0.0092944633215666 -0.0177091248333454 -0.0225000008940697
vn -1.3879507595821785 1.5666719301732384 5.4763165189573693
v 0.0132624534890056 -0.0149702159687877 -0.0225000008940697
vn -1.7225540455099333 1.1889913560464715 5.4763112311686477
v 0.0164596773684025 -0.0113612888380885 -0.0225000008940697
vn -1.9570424220190439 0.7422080743206978 5.4763122908642075
v 0.0187003239989281 -0.0070920912548900 -0.0225000008940697
vn -2.0777964594675522 0.2522901201178643 5.4763121391040954
v 0.0198541767895222 -0.0024107277859002 -0.0225000008940697
vn -2.0777963783428492 -0.2522902128441588 5.4763121960961039
v 0.0198541767895222 0.0024107366334647 -0.0225000008940697
vn -1.9570424707801966 -0.7422078393928320 5.4763123212298161
v 0.0187003239989281 0.0070921005681157 -0.0225000008940697
vn -1.7225528013119817 -1.1889921385272793 5.4763116680359074
v 0.0164596773684025 0.0113612981513143 -0.0225000008940697
vn -1.3879569387194104 -1.5666819932891762 5.4763059770609450
v 0.0132624534890056 0.0149702103808522 -0.0225000008940697
vn -0.9726906433054674 -1.8533080441149343 5.4763143922250643
v 0.0092944633215666 0.0177091173827648 -0.0225000008940697
vn -0.5009023293576856 -2.0322335516357053 5.4763148765222462
v 0.0047863135114312 0.0194188319146633 -0.0225000008940697
vn 3.0435681629162454 0.6946740477422209 2.9171937137803918
v -0.0229108054190874 -0.0052292374894023 -0.0225000008940697
vn 2.8126803923830686 1.3545138314281151 2.9171932714711546
v -0.0211727675050497 -0.0101962713524699 -0.0225000008940697
vn 2.4407522959103738 1.9464342073341661 2.9171925285922864
v -0.0183730404824018 -0.0146520165726542 -0.0225000008940697
vn 1.9464327105667840 2.4407533397103025 2.9171918625327504
v -0.0146520100533962 -0.0183730460703373 -0.0225000008940697
vn 1.3545143833298381 2.8126805385999800 2.9171953820791758
v -0.0101962676271796 -0.0211727656424046 -0.0225000008940697
vn 0.6946750157589318 3.0435676337686308 2.9171920052992624
v -0.0052292421460152 -0.0229108072817326 -0.0225000008940697
vn 0.6946754451981916 -3.0435685255115934 2.9171974919229782
v -0.0052292421460152 0.0229107998311520 -0.0225000008940697
vn 1.3545136094979755 -2.8126799214892033 2.9171903116749274
v -0.0101962676271796 0.0211727730929852 -0.0225000008940697
vn 1.9464356215061396 -2.4407516139672012 2.9171945104598294
v -0.0146520100533962 0.0183730386197567 -0.0225000008940697
vn 2.4407520179120912 -1.9464344853323103 2.9171922783059587
v -0.0183730404824018 0.0146520109847188 -0.0225000008940697
vn 2.8126799071794784 -1.3545152180601492 2.9171942067110868
v -0.0211727675050497 0.0101962657645345 -0.0225000008940697
vn 3.0435677348665537 -0.6946749271191078 2.9171924535684530
v -0.0229108054190874 0.0052292468026280 -0.0225000008940697
vn 3.1218389989599435 0.0000005072551542 2.9171932953317548
v -0.0234999991953373 -0.0000000029802336 -0.0225000008940697
vn 0.6946754451981922 -3.0435685255115938 -2.9171974919229786
v -0.0052292421460152 0.0229107998311520 -0.0085000004619360
vn 1.3545136094979755 -2.8126799214892033 -2.9171903116749278
v -0.0101962676271796 0.0211727730929852 -0.0085000004619360
vn 1.9464356215061396 -2.4407516139672012 -2.9171945104598285
v -0.0146520100533962 0.0183730386197567 -0.0085000004619360
vn 2.4407520179120907 -1.9464344853323101 -2.9171922783059587
v -0.0183730404824018 0.0146520109847188 -0.0085000004619360
vn 2.8126799071794779 -1.3545152180601492 -2.9171942067110863
v -0.0211727675050497 0.0101962657645345 -0.0085000004619360
vn 3.0435677348665529 -0.6946749271191193 -2.9171924535684584
v -0.0229108054190874 0.0052292468026280 -0.0085000004619360
vn 3.1218389989599435 0.0000005072551173 -2.9171932953317548
v -0.0234999991953373 -0.0000000029802332 -0.0085000004619360
vn 3.0435681629162468 0.6946740477422093 -2.9171937137803874
v -0.0229108054190874 -0.0052292374894023 -0.0085000004619360
vn 2.8126803923830681 1.3545138314281149 -2.9171932714711550
v -0.0211727675050497 -0.0101962713524699 -0.0085000004619360
vn 2.4407522959103738 1.9464342073341663 -2.9171925285922864
v -0.0183730404824018 -0.0146520165726542 -0.0085000004619360
vn 1.9464327105667840 2.4407533397103025 -2.9171918625327504
v -0.0146520100533962 -0.0183730460703373 -0.0085000004619360
vn 1.3545143833298381 2.8126805385999800 -2.9171953820791758
v -0.0101962676271796 -0.0211727656424046 -0.0085000004619360
vn 0.6946750157589319 3.0435676337686308 -2.9171920052992624
v -0.0052292421460152 -0.0229108072817326 -0.0085000004619360
vn 2.0777969880506921 -0.2522901792848116 -5.4763116554039772
v -0.0208468865603209 0.0025312721263617 -0.0085000004619360
vn 1.9570448042863338 -0.7422090675800294 -5.4763099616012738
v -0.0196353401988745 0.0074467035010457 -0.0085000004619360
vn 1.7225541498318493 -1.1889939422483220 -5.4763097157148968
v -0.0172826610505581 0.0119293602183461 -0.0085000004619360
vn 1.3879527932086488 -1.5666754085456949 -5.4763129507508710
v -0.0139255756512284 0.0157187245786190 -0.0085000004619360
vn 0.9726921085788613 -1.8533106737801275 -5.4763117233201051
v -0.0097591867670417 0.0185945741832256 -0.0085000004619360
vn 0.5009001793106730 -2.0322347966283298 -5.4763140640943231
v -0.0050256289541721 0.0203897766768932 -0.0085000004619360
vn -0.0000001124150367 -2.0930572441348101 -5.4763122099015424
v -0.0000000000000002 0.0209999941289425 -0.0085000004619360
vn -0.5008998070746937 -2.0322350158900964 -5.4763139632422524
v 0.0050256289541721 0.0203897766768932 -0.0085000004619360
vn -0.9726926335723040 -1.8533104095656059 -5.4763117151528826
v 0.0097591867670417 0.0185945741832256 -0.0085000004619360
vn -1.3879522522218102 -1.5666762012508773 -5.4763127596436112
v 0.0139255756512284 0.0157187245786190 -0.0085000004619360
vn -1.7225548655666809 -1.1889935551173372 -5.4763094150338310
v 0.0172826610505581 0.0119293602183461 -0.0085000004619360
vn -1.9570446820152538 -0.7422089241936946 -5.4763100961467472
v 0.0196353401988745 0.0074467035010457 -0.0085000004619360
vn -2.0777968559149302 -0.2522903359674453 -5.4763117468703753
v 0.0208468865603209 0.0025312721263617 -0.0085000004619360
vn -2.0777970145585019 0.2522900676851567 -5.4763116563811005
v 0.0208468865603209 -0.0025312632787973 -0.0085000004619360
vn -1.9570387369823612 0.7422076090265260 -5.4763155135100652
v 0.0196353401988745 -0.0074467090889812 -0.0085000004619360
vn -1.7225476085938876 1.1889889457558527 -5.4763172515010314
v 0.0172826610505581 -0.0119293658062816 -0.0085000004619360
vn -1.3879520713610467 1.5666740405717841 -5.4763143081018910
v 0.0139255756512284 -0.0157187320291996 -0.0085000004619360
vn -0.9726921085788613 1.8533106737801275 -5.4763117233201051
v 0.0097591867670417 -0.0185945816338062 -0.0085000004619360
vn -0.5009001793106965 2.0322347966283365 -5.4763140640943142
v 0.0050256289541721 -0.0203897841274738 -0.0085000004619360
vn 0.0000001124149952 2.0930572441348105 -5.4763122099015416
v 0.0000000000000011 -0.0210000015795231 -0.0085000004619360
vn 0.5008998070746712 2.0322350158900897 -5.4763139632422622
v -0.0050256289541721 -0.0203897841274738 -0.0085000004619360
vn 0.9726927813453694 1.8533101439463184 -5.4763118507975008
v -0.0097591867670417 -0.0185945816338062 -0.0085000004619360
vn 1.3879516834074659 1.5666732119105304 -5.4763150229138589
v -0.0139255756512284 -0.0157187320291996 -0.0085000004619360
vn 1.7225467258143992 1.1889892098454382 -5.4763177210998633
v -0.0172826610505581 -0.0119293658062816 -0.0085000004619360
vn 1.9570387601164381 0.7422081242604811 -5.4763153470629788
v -0.0196353401988745 -0.0074467090889812 -0.0085000004619360
vn 2.0777973172522883 0.2522897087597326 -5.4763114468517307
v -0.0208468865603209 -0.0025312632787973 -0.0085000004619360
vn -0.0000001459425467 5.4522238063217827 2.3335411149174430
v 0.0000000000000011 -0.0199999995529652 -0.0065000001341105
vn 0.0000001459422762 5.4522243176019094 -2.3335405395592730
v 0.0000000000000011 -0.0199999995529652 -0.0074999998323619
vn 1.3048004550970336 5.2937924296967038 2.3335426072096173
v -0.0047863135114312 -0.0194188393652439 -0.0065000001341105
vn 1.3048000310722241 5.2937929546612192 -2.3335421646997641
v -0.0047863135114312 -0.0194188393652439 -0.0074999998323619
vn 2.5337755925450436 4.8277057970766837 2.3335408422911219
v -0.0092944633215666 -0.0177091248333454 -0.0065000001341105
vn 2.5337768585138116 4.8277058571636280 -2.3335400990113007
v -0.0092944633215666 -0.0177091248333454 -0.0074999998323619
vn 3.6154948498073516 4.0810443430059236 2.3335444262320078
v -0.0132624534890056 -0.0149702159687877 -0.0065000001341105
vn 3.6154959249713539 4.0810450493092869 -2.3335429092795357
v -0.0132624534890056 -0.0149702159687877 -0.0074999998323619
vn 4.4870907318596993 3.0972093790685302 2.3335472443073080
v -0.0164596773684025 -0.0113612888380885 -0.0065000001341105
vn 4.4870910173957412 3.0972107100713728 -2.3335460503789700
v -0.0164596773684025 -0.0113612888380885 -0.0074999998323619
vn 5.0979166498137882 1.9333820222887033 2.3335443755837773
v -0.0187003239989281 -0.0070920912548900 -0.0065000001341105
vn 5.0979167508397190 1.9333827181200411 -2.3335440194890076
v -0.0187003239989281 -0.0070920912548900 -0.0074999998323619
vn 5.4124727197327323 0.6571935353600813 2.3335400939211350
v -0.0198541767895222 -0.0024107277859002 -0.0065000001341105
vn 5.4124730762260196 0.6571930649557982 -2.3335397945672574
v -0.0198541767895222 -0.0024107277859002 -0.0074999998323619
vn 5.4124727880544476 -0.6571937028241550 2.3335399636130827
v -0.0198541767895222 0.0024107366334647 -0.0065000001341105
vn 5.4124732296642968 -0.6571935322027014 -2.3335395087393964
v -0.0198541767895222 0.0024107366334647 -0.0074999998323619
vn 5.0979210455517920 -1.9333863283337394 2.3335380758927808
v -0.0187003239989281 0.0070921005681157 -0.0065000001341105
vn 5.0979213533088252 -1.9333865709994356 -2.3335376777643377
v -0.0187003239989281 0.0070921005681157 -0.0074999998323619
vn 4.4870948476404351 -3.0972200865869994 2.3335380525021749
v -0.0164596773684025 0.0113612981513143 -0.0065000001341105
vn 4.4870949864340250 -3.0972213263659945 -2.3335370810650096
v -0.0164596773684025 0.0113612981513143 -0.0074999998323619
vn 3.6154914058195771 -4.0810496846984652 2.3335412048107687
v -0.0132624534890056 0.0149702103808522 -0.0065000001341105
vn 3.6154927786555033 -4.0810494124088432 -2.3335403777114871
v -0.0132624534890056 0.0149702103808522 -0.0074999998323619
vn 2.5337757992677421 -4.8277057510660235 2.3335405392508703
v -0.0092944633215666 0.0177091173827648 -0.0065000001341105
vn 2.5337753652265897 -4.8277065657122282 -2.3335399531337391
v -0.0092944633215666 0.0177091173827648 -0.0074999998323619
vn 1.3047999087151934 -5.2937924582377356 2.3335427400582667
v -0.0047863135114312 0.0194188319146633 -0.0065000001341105
vn 1.3048005774543170 -5.2937929261200978 -2.3335420318510303
v -0.0047863135114312 0.0194188319146633 -0.0074999998323619
vn 0.0000001459424276 -5.4522238063217818 2.3335411149174430
v -0.0000000000000002 0.0199999921023846 -0.0065000001341105
vn -0.0000001459423953 -5.4522243176019094 -2.3335405395592725
v -0.0000000000000002 0.0199999921023846 -0.0074999998323619
vn -1.3048000310722803 -5.2937929546612006 -2.3335421646997543
v 0.0047863135114312 0.0194188319146633 -0.0074999998323619
vn -2.5337760368712945 -4.8277062037816538 -2.3335399638919871
v 0.0092944633215666 0.0177091173827648 -0.0074999998323619
vn -3.6154917448608290 -4.0810500673973520 -2.3335406294524859
v 0.0132624534890056 0.0149702103808522 -0.0074999998323619
vn -4.4870952684146408 -3.0972203770265443 -2.3335374771425625
v 0.0164596773684025 0.0113612981513143 -0.0074999998323619
vn -5.0979215236061419 -1.9333865096358054 -2.3335375005335601
v 0.0187003239989281 0.0070921005681157 -0.0074999998323619
vn -5.4124732956062696 -0.6571937644521439 -2.3335393882541373
v 0.0198541767895222 0.0024107366334647 -0.0074999998323619
vn -5.4124732272845675 0.6571935969880423 -2.3335395185622345
v 0.0198541767895222 -0.0024107277859002 -0.0074999998323619
vn -5.0979171278697004 1.9333822035913331 -2.3335438002258071
v 0.0187003239989281 -0.0070920912548900 -0.0074999998323619
vn -4.4870911526363519 3.0972096695093847 -2.3335466689501816
v 0.0164596773684025 -0.0113612888380885 -0.0074999998323619
vn -3.6154951888492461 4.0810447257047988 -2.3335438508739692
v 0.0132624534890056 -0.0149702159687877 -0.0074999998323619
vn -2.5337758301485129 4.8277062497923557 -2.3335402669322303
v 0.0092944633215666 -0.0177091248333454 -0.0074999998323619
vn -1.3048005774543743 5.2937929261200782 -2.3335420318510209
v 0.0047863135114312 -0.0194188393652439 -0.0074999998323619
vn -1.3048004550970909 -5.2937924296966843 2.3335426072096084
v 0.0047863135114312 0.0194188319146633 -0.0065000001341105
vn -2.5337751276231448 -4.8277061129965411 2.3335405284926267
v 0.0092944633215666 0.0177091173827648 -0.0065000001341105
vn -3.6154924396141217 -4.0810490297100968 2.3335409530698756
v 0.0132624534890056 0.0149702103808522 -0.0065000001341105
vn -4.4870945656599304 -3.0972210359263448 2.3335376564247894
v 0.0164596773684025 0.0113612981513143 -0.0065000001341105
vn -5.0979208752544682 -1.9333863896973478 2.3335382531234847
v 0.0187003239989281 0.0070921005681157 -0.0065000001341105
vn -5.4124727221124598 -0.6571934705747460 2.3335400840982912
v 0.0198541767895222 0.0024107366334647 -0.0065000001341105
vn -5.4124725686741542 0.6571930033279143 2.3335403699260411
v 0.0198541767895222 -0.0024107277859002 -0.0065000001341105
vn -5.0979162727838245 1.9333825368173139 2.3335445948468854
v 0.0187003239989281 -0.0070920912548900 -0.0065000001341105
vn -4.4870905966192129 3.0972104196304255 2.3335466257363571
v 0.0164596773684025 -0.0113612888380885 -0.0065000001341105
vn -3.6154955859294708 4.0810446666105022 2.3335434846379703
v 0.0132624534890056 -0.0149702159687877 -0.0065000001341105
vn -2.5337766209101953 4.8277054044480483 2.3335406743702620
v 0.0092944633215666 -0.0177091248333454 -0.0065000001341105
vn -1.3047999087152498 5.2937924582377169 2.3335427400582578
v 0.0047863135114312 -0.0194188393652439 -0.0065000001341105
vn -0.0000001124150837 2.0930567323088334 5.4763126727315479
v 0.0000000000000011 -0.0210000015795231 -0.0054999999701977
vn -0.5008996845869811 2.0322345189367486 5.4763144260715571
v 0.0050256289541721 -0.0203897841274738 -0.0054999999701977
vn -0.9726925434880324 1.8533096907472610 5.4763123136273979
v 0.0097591867670417 -0.0185945816338062 -0.0054999999701977
vn -1.3879513440038247 1.5666728288031941 5.4763154857428615
v 0.0139255756512284 -0.0157187320291996 -0.0054999999701977
vn -1.7225463045891261 1.1889889190946461 5.4763181839282709
v 0.0172826610505581 -0.0119293658062816 -0.0054999999701977
vn -1.9570382815504128 0.7422079427643449 5.4763158098920250
v 0.0196353401988745 -0.0074467090889812 -0.0054999999701977
vn -2.0777968091583983 0.2522896470660776 5.4763119096818063
v 0.0208468865603209 -0.0025312632787973 -0.0054999999701977
vn -2.0777964799568425 -0.2522901175910227 5.4763121182339507
v 0.0208468865603209 0.0025312721263617 -0.0054999999701977
vn -1.9570443257213170 -0.7422088860842403 5.4763104244317331
v 0.0196353401988745 0.0074467035010457 -0.0054999999701977
vn -1.7225537286081312 -1.1889936514983896 5.4763101785452584
v 0.0172826610505581 0.0119293602183461 -0.0054999999701977
vn -1.3879524538052892 -1.5666750254384272 5.4763134135805576
v 0.0139255756512284 0.0157187245786190 -0.0054999999701977
vn -0.9726918707216755 -1.8533102205809815 5.4763121861500634
v 0.0097591867670417 0.0185945741832256 -0.0054999999701977
vn -0.5009000568228306 -2.0322342996749962 5.4763145269235993
v 0.0050256289541721 0.0203897766768932 -0.0054999999701977
vn 0.0000001124150422 -2.0930567323088329 5.4763126727315461
v -0.0000000000000002 0.0209999941289425 -0.0054999999701977
vn 0.5008996845869587 -2.0322345189367423 5.4763144260715659
v -0.0050256289541721 0.0203897766768932 -0.0054999999701977
vn 0.9726923957150100 -1.8533099563665163 5.4763121779828463
v -0.0097591867670417 0.0185945741832256 -0.0054999999701977
vn 1.3879519128185875 -1.5666758181434732 5.4763132224733910
v -0.0139255756512284 0.0157187245786190 -0.0054999999701977
vn 1.7225544443428620 -1.1889932643675187 5.4763098778643382
v -0.0172826610505581 0.0119293602183461 -0.0054999999701977
vn 1.9570442034502384 -0.7422087426979262 5.4763105589771417
v -0.0196353401988745 0.0074467035010457 -0.0054999999701977
vn 2.0777963478210912 -0.2522902742736217 5.4763122097003052
v -0.0208468865603209 0.0025312721263617 -0.0054999999701977
vn 2.0777965064646353 0.2522900059914224 5.4763121192110784
v -0.0208468865603209 -0.0025312632787973 -0.0054999999701977
vn 1.9570382584163106 0.7422074275304854 5.4763159763390323
v -0.0196353401988745 -0.0074467090889812 -0.0054999999701977
vn 1.7225471873685054 1.1889886550051667 5.4763177143296655
v -0.0172826610505581 -0.0119293658062816 -0.0054999999701977
vn 1.3879517319574153 1.5666736574643778 5.4763147709312374
v -0.0139255756512284 -0.0157187320291996 -0.0054999999701977
vn 0.9726918707216755 1.8533102205809815 5.4763121861500625
v -0.0097591867670417 -0.0185945816338062 -0.0054999999701977
vn 0.5009000568228071 2.0322342996749896 5.4763145269236073
v -0.0050256289541721 -0.0203897841274738 -0.0054999999701977
vn 0.6114083750132289 -0.1986584761885953 6.2164552468202157
v 0.0204477142542601 -0.0066438643261790 -0.0054999999701977
vn -0.1986585422490174 0.6114089732291451 6.2164551253261111
v -0.0066438652575016 0.0204477123916149 -0.0054999999701977
vn -0.2918585504939103 0.5728069242842483 6.2164546166871002
v -0.0097607960924506 0.0191566459834576 -0.0054999999701977
vn 0.3778709756479033 0.5200955411460185 6.2164551699694846
v 0.0126373833045363 0.0173938684165478 -0.0054999999701977
vn 0.2918592642779065 0.5728065981631809 6.2164546093057398
v 0.0097607960924506 0.0191566459834576 -0.0054999999701977
vn 0.1986588690847274 -0.6114088880395740 6.2164551160741102
v 0.0066438652575016 -0.0204477198421955 -0.0054999999701977
vn 0.2918582290909932 -0.5728009406757136 6.2164557722959444
v 0.0097607960924506 -0.0191566385328770 -0.0054999999701977
vn -0.5728057571920042 -0.2918588808555196 6.2164548070454604
v -0.0191566403955221 -0.0097607998177409 -0.0054999999701977
vn -0.5200939483889223 -0.3778710620772585 6.2164554314243503
v -0.0173938646912575 -0.0126373795792460 -0.0054999999701977
vn -0.6349589407594491 -0.1005676801748124 6.2164550248934765
v -0.0212353002279997 -0.0033633441198617 -0.0054999999701977
vn -0.6114083490945270 -0.1986589144552803 6.2164552223921898
v -0.0204477142542601 -0.0066438643261790 -0.0054999999701977
vn 0.1986580728632356 0.6114088821161574 6.2164551764176679
v 0.0066438652575016 0.0204477123916149 -0.0054999999701977
vn 0.1005683770756427 0.6349586139380677 6.2164550752313250
v 0.0033633410930634 0.0212352983653545 -0.0054999999701977
vn -0.0000002722494239 0.6428728163636293 6.2164552228521828
v -0.0000000000000005 0.0215000025928020 -0.0054999999701977
vn -0.1005680847401777 0.6349588238651630 6.2164550395951252
v -0.0033633410930634 0.0212352983653545 -0.0054999999701977
vn 0.5728036430827185 0.2918578777164069 6.2164552965165969
v 0.0191566403955221 0.0097607942298055 -0.0054999999701977
vn 0.5200974631128610 0.3778722399406709 6.2164546866363057
v 0.0173938646912575 0.0126373888924718 -0.0054999999701977
vn 0.4545806901473783 0.4545806959997624 6.2164549428182072
v 0.0152027960866690 0.0152028026059270 -0.0054999999701977
vn -0.1005671018950257 -0.6349596094597311 6.2164548971721292
v -0.0033633410930634 -0.0212353058159351 -0.0054999999701977
vn 0.0000003471033425 -0.6428711945321659 6.2164555909348351
v 0.0000000000000009 -0.0214999951422215 -0.0054999999701977
vn 0.1005667441123046 -0.6349598846977250 6.2164548495690592
v 0.0033633410930634 -0.0212353058159351 -0.0054999999701977
vn -0.4545803584099691 -0.4545802739060686 6.2164550551983169
v -0.0152027960866690 -0.0152027932927012 -0.0054999999701977
vn -0.3778714818598807 -0.5200944663202924 6.2164552956020049
v -0.0126373833045363 -0.0173938609659672 -0.0054999999701977
vn -0.2918572592376434 -0.5728015899824109 6.2164557418152784
v -0.0097607960924506 -0.0191566385328770 -0.0054999999701977
vn -0.1986596261775166 -0.6114091940342898 6.2164550003142480
v -0.0066438652575016 -0.0204477198421955 -0.0054999999701977
vn -0.6114083836682636 0.1986584681116648 6.2164552455172313
v -0.0204477142542601 0.0066438587382436 -0.0054999999701977
vn -0.6349589987643038 0.1005678321242723 6.2164550070598814
v -0.0212353002279997 0.0033633380662650 -0.0054999999701977
vn -0.6428737128348254 -0.0000000144710998 6.2164550437903952
v -0.0215000007301569 -0.0000000029802329 -0.0054999999701977
vn 0.6349590036053655 -0.1005678432261142 6.2164550055817376
v 0.0212353002279997 -0.0033633441198617 -0.0054999999701977
vn 0.6428737128081310 0.0000000159001691 6.2164550437962820
v 0.0215000007301569 -0.0000000029802316 -0.0054999999701977
vn 0.6349589361928070 0.1005676697083346 6.2164550262899390
v 0.0212353002279997 0.0033633380662650 -0.0054999999701977
vn 0.6114082047419809 0.1986584317233139 6.2164552855199826
v 0.0204477142542601 0.0066438587382436 -0.0054999999701977
vn 0.3778714011343555 -0.5200950347168136 6.2164552046669739
v 0.0126373833045363 -0.0173938609659672 -0.0054999999701977
vn 0.4545799870775783 -0.4545804338218670 6.2164550881626823
v 0.0152027960866690 -0.0152027932927012 -0.0054999999701977
vn 0.5200945796357133 -0.3778704970371349 6.2164553920493448
v 0.0173938646912575 -0.0126373795792460 -0.0054999999701977
vn 0.5728055426404264 -0.2918596986441986 6.2164547673318671
v 0.0191566403955221 -0.0097607998177409 -0.0054999999701977
vn -0.3778713718628854 0.5200950534432272 6.2164552056188400
v -0.0126373833045363 0.0173938684165478 -0.0054999999701977
vn -0.4545810289434100 0.4545808703388001 6.2164548628092877
v -0.0152027960866690 0.0152028026059270 -0.0054999999701977
vn -0.5200967533341909 0.3778728521567560 6.2164547339067440
v -0.0173938646912575 0.0126373888924718 -0.0054999999701977
vn -0.5728036533702899 0.2918570761500525 6.2164553747381532
v -0.0191566403955221 0.0097607942298055 -0.0054999999701977
vn -1.7590911270755563 5.3497268269084595 2.3496815113541420
v -0.0077858432196081 0.0239623598754406 -0.0079692667350173
vn -5.3632848882888648 1.7291405078718043 2.3207060614357733
v -0.0239623617380857 0.0077858390286565 -0.0079692667350173
vn -5.3497165869963057 -1.7590908498543409 2.3496972161980292
v -0.0239623617380857 -0.0077858446165919 -0.0079692667350173
vn -1.7291333511060369 -5.3632790276807754 2.3207012642118068
v -0.0077858432196081 -0.0239623673260212 -0.0079692667350173
vn -0.3752797986952265 -2.3694215697436798 5.6478850034612735
v -0.0036028004251420 -0.0227471925318241 -0.0058044819161296
vn -0.7413170699570868 -2.2815416809755211 5.6478865568676442
v -0.0071168881841004 -0.0219035334885120 -0.0058044819161296
vn -0.6805172556181645 -4.2966104989000042 4.2911772243685817
v -0.0038058045320213 -0.0240289010107517 -0.0066715730354190
vn -1.3442715442434645 -4.1372484442890380 4.2911886715557337
v -0.0075178975239396 -0.0231377072632313 -0.0066715730354190
vn -0.8562433317571225 -5.5661441748721856 2.3413549355486833
v -0.0039414474740624 -0.0248853154480457 -0.0079692667350173
vn -1.4100653594861021 -1.9407882322094063 5.6478926556098781
v -0.0135371256619692 -0.0186322517693043 -0.0058044819161296
vn -1.6963101971344063 -1.6963110233730441 5.6478931306593942
v -0.0162851884961128 -0.0162851847708225 -0.0058044819161296
vn -2.5569578596363147 -3.5193511635069266 4.2911833055857613
v -0.0142998909577727 -0.0196821130812168 -0.0066715730354190
vn -3.0760272301739411 -3.0760264423985122 4.2911813203251317
v -0.0172027964144945 -0.0172027982771397 -0.0066715730354190
vn -3.2915482616192575 -4.5691176236891522 2.3422583155711068
v -0.0148095544427633 -0.0203836001455784 -0.0079692667350173
vn -3.9667703840365482 -4.0007370549004939 2.3305316364819504
v -0.0178159214556217 -0.0178159214556217 -0.0079692667350173
vn -1.9407924437886055 -1.4100674412709959 5.6478885600658248
v -0.0186322554945946 -0.0135371265932918 -0.0058044819161296
vn -3.5193551511204380 -2.5569602782884608 4.2911834404442377
v -0.0196821112185717 -0.0142998872324824 -0.0066715730354190
vn -4.5762825827822766 -3.2810990777405973 2.3481181379169893
v -0.0203836020082235 -0.0148095516487956 -0.0079692667350173
vn -2.1374781986398816 -1.0890995169250755 5.6478920385794442
v -0.0205205343663692 -0.0104557303711772 -0.0058044819161296
vn -3.8760211474466661 -1.9749315227344071 4.2911789591272456
v -0.0216767881065607 -0.0110448775812984 -0.0066715730354190
vn -5.0073411417636819 -2.5778697409860110 2.3397893007472370
v -0.0224493704736233 -0.0114385215565562 -0.0079692667350173
vn -2.3694144534089623 0.3752790917358151 5.6478901992359489
v -0.0227471869438887 0.0036027997266501 -0.0058044819161296
vn -2.2815341379234706 0.7413129518822932 5.6478924967968984
v -0.0219035297632217 0.0071168811991811 -0.0058044819161296
vn -4.2966021380616608 0.6805140076927153 4.2911833303629043
v -0.0240289047360420 0.0038057982455939 -0.0066715730354190
vn -4.1372474575958025 1.3442739345935866 4.2911813574911646
v -0.0231377091258764 0.0075179012492299 -0.0066715730354190
vn -5.5661444877886836 0.8562466240323674 2.3413481088073951
v -0.0248853191733360 0.0039414437487721 -0.0079692667350173
vn -1.9407895295213808 1.4100630789241724 5.6478939536052737
v -0.0186322554945946 0.0135371210053563 -0.0058044819161296
vn -1.6963166498137092 1.6963182193437327 5.6478863020772785
v -0.0162851884961128 0.0162851922214031 -0.0058044819161296
vn -3.5193488519565617 2.5569574866081748 4.2911858964644907
v -0.0196821112185717 0.0142998965457082 -0.0066715730354190
vn -3.0760297790015816 3.0760362485657322 4.2911776168138864
v -0.0172027964144945 0.0172027908265591 -0.0066715730354190
vn -4.5691136553439256 3.2915464870581785 2.3422553007401419
v -0.0203836020082235 0.0148095609620214 -0.0079692667350173
vn -4.0007376614097510 3.9667720661724513 2.3305340148284923
v -0.0178159214556217 0.0178159140050411 -0.0079692667350173
vn -1.4100704427958559 1.9407977872189650 5.6478847573351549
v -0.0135371256619692 0.0186322592198849 -0.0058044819161296
vn -2.5569637911597622 3.5193490256231930 4.2911919194360868
v -0.0142998909577727 0.0196821056306362 -0.0066715730354190
vn -3.2810983376473155 4.5762733998830329 2.3481200614471778
v -0.0148095544427633 0.0203836075961590 -0.0079692667350173
vn -1.0891001725654319 2.1374805931866550 5.6478904333546875
v -0.0104557340964675 0.0205205343663692 -0.0058044819161296
vn -1.9749313325891318 3.8760187373550443 4.2911831920076144
v -0.0110448747873306 0.0216767899692059 -0.0066715730354190
vn -2.5778724593799303 5.0073408028505320 2.3397821922229598
v -0.0114385262131691 0.0224493704736233 -0.0079692667350173
vn 0.0000026536479916 -2.3989453490690473 5.6478931943861150
v 0.0000000000000009 -0.0230307318270206 -0.0058044819161296
vn -0.1711834915048679 -2.1750825529684672 2.1455862438792419
v 0.0000000000000010 -0.0243284292519093 -0.0066715730354190
vn -0.2217914858653798 -2.8181194382716352 1.1551724541903379
v 0.0000000000000010 -0.0251955129206181 -0.0079692667350173
vn -2.5778647668150243 -5.0073321189644480 2.3397856992739166
v -0.0114385262131691 -0.0224493779242039 -0.0079692667350173
vn -1.9749310242594240 -3.8760199962200073 4.2911944193101030
v -0.0110448747873306 -0.0216767825186253 -0.0066715730354190
vn -1.0891060706161333 -2.1374857803241505 5.6478826160416711
v -0.0104557340964675 -0.0205205418169498 -0.0058044819161296
vn -4.1372478985321566 -1.3442731742699185 4.2911857083134413
v -0.0231377091258764 -0.0075178919360042 -0.0066715730354190
vn -2.2815373015702005 -0.7413164523714687 5.6478895062762584
v -0.0219035297632217 -0.0071168867871165 -0.0058044819161296
vn -5.5679431580564565 -0.8441126100469136 2.3460292780689138
v -0.0248853191733360 -0.0039414493367076 -0.0079692667350173
vn -4.2966021713533813 -0.6805148548752198 4.2911828286400349
v -0.0240289047360420 -0.0038058042991906 -0.0066715730354190
vn -2.3694145899783421 -0.3752793344929680 5.6478901116947888
v -0.0227471869438887 -0.0036028057802469 -0.0058044819161296
vn -2.3989495452985090 0.0000000710571497 5.6478903312467628
v -0.0230307336896658 -0.0000000029802332 -0.0058044819161296
vn -4.3501592788300414 -0.0000002519497809 4.2911841293851980
v -0.0243284273892641 -0.0000000029802332 -0.0066715730354190
vn -5.6362356720079809 -0.0000001507907954 2.3103340247725086
v -0.0251955185085535 -0.0000000029802332 -0.0079692667350173
vn -5.0073378070674703 2.5778677923403537 2.3397831248423313
v -0.0224493704736233 0.0114385308697820 -0.0079692667350173
vn -3.8760219618427421 1.9749293634554399 4.2911858765244499
v -0.0216767881065607 0.0110448719933629 -0.0066715730354190
vn -2.1374810282282901 1.0891026824927388 5.6478878164651762
v -0.0205205343663692 0.0104557396844029 -0.0058044819161296
vn -1.3442726596760173 4.1372460808069116 4.2911784881290354
v -0.0075178975239396 0.0231377147138119 -0.0066715730354190
vn -0.7413145352095667 2.2815293726870007 5.6478956879689965
v -0.0071168881841004 0.0219035260379314 -0.0058044819161296
vn -0.8441148410840512 5.5679408227429645 2.3460325011885872
v -0.0039414474740624 0.0248853228986263 -0.0079692667350173
vn -0.6805126298860451 4.2965996902507824 4.2911824867983235
v -0.0038058045320213 0.0240289084613323 -0.0066715730354190
vn -0.3752797316492614 2.3694074565655665 5.6478953488791666
v -0.0036028004251420 0.0227471850812435 -0.0058044819161296
vn 0.0000032137251818 2.3989580045525196 5.6478832153948293
v -0.0000000000000005 0.0230307392776012 -0.0058044819161296
vn 0.0000003093721282 4.3501619874998232 4.2911907826517357
v -0.0000000000000006 0.0243284218013287 -0.0066715730354190
vn 0.0000004145202188 5.6362314060040664 2.3103337884183333
v -0.0000000000000006 0.0251955203711987 -0.0079692667350173
vn 1.4107819399473049 -6.0209649349474121 0.6876195705446497
v 0.0056742839515209 -0.0248606689274311 -0.0094999996945262
vn 1.9749735344525396 -5.8686687746944859 0.6090781212931546
v 0.0078799333423376 -0.0242519415915012 -0.0094999996945262
vn 1.7590878728880692 -5.3497138363000190 2.3496961053594934
v 0.0077858432196081 -0.0239623673260212 -0.0079692667350173
vn 5.6564636237942940 -2.5283078255286231 0.6540405926597949
v 0.0229747053235769 -0.0110640404745936 -0.0094999996945262
vn 5.8713933416124098 -1.9402455086891879 0.6442947832381374
v 0.0242519415915012 -0.0078799305483699 -0.0094999996945262
vn 5.3632823364124862 -1.7291399572190713 2.3207037547782421
v 0.0239623617380857 -0.0077858446165919 -0.0079692667350173
vn 6.0209672099223717 1.4107886951902895 0.6876132887195827
v 0.0248606614768505 0.0056742848828435 -0.0094999996945262
vn 5.8686670430230912 1.9749619223808565 0.6090943407838783
v 0.0242519415915012 0.0078799398615956 -0.0094999996945262
vn 5.3497216460697929 1.7590870178434737 2.3496972627047530
v 0.0239623617380857 0.0077858390286565 -0.0079692667350173
vn 2.5283366957686466 5.6564461109517330 0.6540351678115049
v 0.0110640348866582 0.0229747109115124 -0.0094999996945262
vn 1.9402465285524524 5.8713967998628167 0.6442939716539713
v 0.0078799333423376 0.0242519341409206 -0.0094999996945262
vn 1.7291436492337027 5.3632912402809545 2.3206875998919534
v 0.0077858432196081 0.0239623598754406 -0.0079692667350173
vn 0.3752773800330548 2.3694102909434842 5.6478935965867425
v 0.0036028004251420 0.0227471850812435 -0.0058044819161296
vn 0.7413126419956635 2.2815297349771408 5.6478959953103658
v 0.0071168881841004 0.0219035260379314 -0.0058044819161296
vn 0.6805104497125480 4.2965961716082175 4.2911865926734771
v 0.0038058045320213 0.0240289084613323 -0.0066715730354190
vn 1.3442741233609334 4.1372458961332335 4.2911785543242926
v 0.0075178975239396 0.0231377147138119 -0.0066715730354190
vn 0.8562484776586402 5.5661444466819896 2.3413446953228578
v 0.0039414474740624 0.0248853228986263 -0.0079692667350173
vn 1.4100709224986436 1.9407958336989515 5.6478856522705820
v 0.0135371256619692 0.0186322592198849 -0.0058044819161296
vn 1.6963195631411463 1.6963178693599028 5.6478851270525343
v 0.0162851884961128 0.0162851922214031 -0.0058044819161296
vn 2.5569608956876682 3.5193527043950135 4.2911910266628190
v 0.0142998909577727 0.0196821056306362 -0.0066715730354190
vn 3.0760320386042874 3.0760307062970798 4.2911800088391736
v 0.0172027964144945 0.0172027908265591 -0.0066715730354190
vn 3.2915361144387498 4.5691102055801283 2.3422720521008067
v 0.0148095544427633 0.0203836075961590 -0.0079692667350173
vn 3.9667746577032821 4.0007368314410927 2.3305309945748123
v 0.0178159214556217 0.0178159140050411 -0.0079692667350173
vn 1.9407876084321964 1.4100660346955163 5.6478936989974091
v 0.0186322554945946 0.0135371210053563 -0.0058044819161296
vn 3.5193470401361449 2.5569602284872484 4.2911851537508996
v 0.0196821112185717 0.0142998965457082 -0.0066715730354190
vn 4.5762794900506796 3.2811039331961669 2.3481029606911750
v 0.0203836020082235 0.0148095609620214 -0.0079692667350173
vn 2.1374815984799231 1.0891001563527072 5.6478881077549579
v 0.0205205343663692 0.0104557396844029 -0.0058044819161296
vn 3.8760222509980249 1.9749290766432301 4.2911860235804582
v 0.0216767881065607 0.0110448719933629 -0.0066715730354190
vn 5.0073372216895562 2.5778694265525073 2.3397828999272301
v 0.0224493704736233 0.0114385308697820 -0.0079692667350173
vn 2.3694144553561038 -0.3752791273881917 5.6478901894110347
v 0.0227471869438887 -0.0036028057802469 -0.0058044819161296
vn 2.2815375545724379 -0.7413174250300102 5.6478891567662082
v 0.0219035297632217 -0.0071168867871165 -0.0058044819161296
vn 4.2966022609772807 -0.6805156113191273 4.2911825557357046
v 0.0240289047360420 -0.0038058042991906 -0.0066715730354190
vn 4.1372475401594384 -1.3442714483712599 4.2911867545023403
v 0.0231377091258764 -0.0075178919360042 -0.0066715730354190
vn 5.5661442996140575 -0.8562480869285114 2.3413460206865619
v 0.0248853191733360 -0.0039414493367076 -0.0079692667350173
vn 1.9407911977201837 -1.4100689512826503 5.6478885546185396
v 0.0186322554945946 -0.0135371265932918 -0.0058044819161296
vn 1.6963116094560799 -1.6963109013632387 5.6478925212509070
v 0.0162851884961128 -0.0162851847708225 -0.0058044819161296
vn 3.5193553240693713 -2.5569603291535019 4.2911830729977360
v 0.0196821112185717 -0.0142998872324824 -0.0066715730354190
vn 3.0760267610557235 -3.0760253322422488 4.2911823917597234
v 0.0172027964144945 -0.0172027982771397 -0.0066715730354190
vn 4.5691163663306646 -3.2915407124878318 2.3422710380002671
v 0.0203836020082235 -0.0148095516487956 -0.0079692667350173
vn 4.0007378124512227 -3.9667705007892264 2.3305294474965725
v 0.0178159214556217 -0.0178159214556217 -0.0079692667350173
vn 1.4100662174707796 -1.9407848938858270 5.6478940942586693
v 0.0135371256619692 -0.0186322517693043 -0.0058044819161296
vn 2.5569585350517672 -3.5193545856259378 4.2911797977773158
v 0.0142998909577727 -0.0196821130812168 -0.0066715730354190
vn 3.2811029676623997 -4.5762840724205098 2.3481083382086694
v 0.0148095544427633 -0.0203836001455784 -0.0079692667350173
vn 1.0891027066108976 -2.1374864240194404 5.6478834124334405
v 0.0104557340964675 -0.0205205418169498 -0.0058044819161296
vn 1.9749332686757988 -3.8760211721729392 4.2911920087241811
v 0.0110448747873306 -0.0216767825186253 -0.0066715730354190
vn 2.5778668008598924 -5.0073296371204110 2.3397881942248340
v 0.0114385262131691 -0.0224493779242039 -0.0079692667350173
vn 0.8381686246769501 6.1351542199998477 0.6156006296043889
v 0.0039890790358186 0.0251860581338406 -0.0094999996945262
vn 1.4577731100144784 5.9794346586756415 0.8053759917588099
v 0.0056742839515209 0.0248606614768505 -0.0094999996945262
vn 2.9852381915736550 5.4342058921971876 0.6217392865867493
v 0.0115767577663064 0.0227206610143185 -0.0094999996945262
vn 2.5778743059240918 5.0073377677615571 2.3397837404396462
v 0.0114385262131691 0.0224493704736233 -0.0079692667350173
vn 1.9749342232303202 3.8760211802024602 4.2911791743364445
v 0.0110448747873306 0.0216767899692059 -0.0066715730354190
vn 1.0890991473493581 2.1374789800880656 5.6478918548413919
v 0.0104557340964675 0.0205205343663692 -0.0058044819161296
vn 3.5147644761232448 5.1032312719216675 0.6251171829298076
v 0.0149885239079595 0.0206299386918545 -0.0094999996945262
vn 5.6564655082888393 2.5283091345733952 0.6540326673757410
v 0.0229747053235769 0.0110640348866582 -0.0094999996945262
vn 5.4342215339824271 2.9851984921789034 0.6217397096294751
v 0.0227206666022539 0.0115767540410161 -0.0094999996945262
vn 5.1032258113678006 3.5147755208068063 0.6251124210932798
v 0.0206299331039190 0.0149885239079595 -0.0094999996945262
vn 4.7658998404520236 3.9474786995463180 0.6741237736942735
v 0.0199367031455040 0.0158989839255810 -0.0094999996945262
vn 4.3611631870079970 4.3878127914032747 0.6296468872765654
v 0.0180312227457762 0.0180312208831310 -0.0094999996945262
vn 3.9597305433905965 4.7380585853347483 0.7381915559936237
v 0.0158989895135164 0.0199367068707943 -0.0094999996945262
vn 4.1372467229447381 1.3442734333665167 4.2911822923721497
v 0.0231377091258764 0.0075179012492299 -0.0066715730354190
vn 2.2815342371843323 0.7413148053042926 5.6478920902174874
v 0.0219035297632217 0.0071168811991811 -0.0058044819161296
vn 6.1348871393166231 0.8366966491717038 0.6063452139383115
v 0.0251860525459051 0.0039890827611089 -0.0094999996945262
vn 5.5679425965478035 0.8441128649516612 2.3460319791839330
v 0.0248853191733360 0.0039414437487721 -0.0079692667350173
vn 4.2966027270449150 0.6805138387540323 4.2911827057638545
v 0.0240289047360420 0.0038057982455939 -0.0066715730354190
vn 2.3694143029581083 0.3752785855814012 5.6478904187720804
v 0.0227471869438887 0.0036027997266501 -0.0058044819161296
vn 2.3989495452770511 -0.0000000661480505 5.6478903312774458
v 0.0230307336896658 -0.0000000029802316 -0.0058044819161296
vn 4.3501592752540956 0.0000002504988804 4.2911841359413510
v 0.0243284273892641 -0.0000000029802316 -0.0066715730354190
vn 5.6362356494462107 -0.0000002325739839 2.3103342937162892
v 0.0251955185085535 -0.0000000029802316 -0.0079692667350173
vn 6.1744587002185360 0.0052217955338149 0.6105089758460591
v 0.0254999995231628 -0.0000000029802316 -0.0094999996945262
vn 6.1351588081147765 -0.8381636002028277 0.6155984370497420
v 0.0251860525459051 -0.0039890734478831 -0.0094999996945262
vn 5.9794372961134954 -1.4577574750444469 0.8053733643067402
v 0.0248606614768505 -0.0056742904707789 -0.0094999996945262
vn 5.4342175012726086 -2.9851991589898224 0.6217514313690731
v 0.0227206666022539 -0.0115767596289515 -0.0094999996945262
vn 5.0073400371830754 -2.5778723745706427 2.3397889764608384
v 0.0224493704736233 -0.0114385215565562 -0.0079692667350173
vn 3.8760205210154366 -1.9749327893733524 4.2911791512286959
v 0.0216767881065607 -0.0110448775812984 -0.0066715730354190
vn 2.1374786024231160 -1.0890979560002612 5.6478922050702938
v 0.0205205343663692 -0.0104557303711772 -0.0058044819161296
vn 5.1032253531824550 -3.5147700682491463 0.6251256780934310
v 0.0206299331039190 -0.0149885294958949 -0.0094999996945262
vn 2.5282895547018551 -5.6564797535209577 0.6540231469296205
v 0.0110640348866582 -0.0229747034609318 -0.0094999996945262
vn 2.9851770956075230 -5.4342300429128088 0.6217374120588555
v 0.0115767577663064 -0.0227206684648991 -0.0094999996945262
vn 3.5147758955123796 -5.1032250826950367 0.6251196719486942
v 0.0149885239079595 -0.0206299312412739 -0.0094999996945262
vn 3.9407204413158712 -4.7718666079164720 0.6862611534324571
v 0.0158989895135164 -0.0199366994202137 -0.0094999996945262
vn 4.3929286971117163 -4.3565513327297545 0.6353211227875991
v 0.0180312227457762 -0.0180312283337116 -0.0094999996945262
vn 4.7380627697186535 -3.9597249143887709 0.7381974205288682
v 0.0199367031455040 -0.0158989913761616 -0.0094999996945262
vn 1.3442733336060635 -4.1372460717405701 4.2911911982088204
v 0.0075178975239396 -0.0231377072632313 -0.0066715730354190
vn 0.7413184177148225 -2.2815422442503568 5.6478861205547553
v 0.0071168881841004 -0.0219035334885120 -0.0058044819161296
vn 0.8366789933913052 -6.1348915094409264 0.6063558147682042
v 0.0039890790358186 -0.0251860506832600 -0.0094999996945262
vn 0.8441047830549951 -5.5679452847035176 2.3460351381670064
v 0.0039414474740624 -0.0248853154480457 -0.0079692667350173
vn 0.6805140425082986 -4.2966083315642898 4.2911805690128073
v 0.0038058045320213 -0.0240289010107517 -0.0066715730354190
vn 0.3752768876842746 -2.3694230152508204 5.6478841509516995
v 0.0036028004251420 -0.0227471925318241 -0.0058044819161296
vn 0.1711837355207746 -2.1750804921330444 2.1455882277373419
v 0.0000000000000010 -0.0243284292519093 -0.0066715730354190
vn 0.2217919524385547 -2.8181203484201078 1.1551699806158300
v 0.0000000000000010 -0.0251955129206181 -0.0079692667350173
vn 0.4284540458414865 -3.4010971867618300 3.2505306705338954
v 0.0036290283314884 -0.0252404548227787 -0.0135363601148129
vn 0.7543338824199758 -3.3529227457111990 3.2074211489263300
v 0.0056742839515209 -0.0248606689274311 -0.0135363601148129
vn 1.0156473131933417 -3.2745000040365659 3.2298854571749214
v 0.0071841804310679 -0.0244670696556568 -0.0135363601148129
vn 1.3352537768484456 -3.1576770946315404 3.2056421266348734
v 0.0105930827558041 -0.0231956131756306 -0.0135363601148129
vn 1.5644609204308320 -3.0564184996624086 3.1890874155714561
v 0.0110640348866582 -0.0229747034609318 -0.0135363601148129
vn 1.8361913013884930 -2.8968626329843126 3.2394357782978322
v 0.0137863410636783 -0.0214519686996937 -0.0135363601148129
vn 2.1057282350011031 -2.7142139794699118 3.1885779043063796
v 0.0158989895135164 -0.0199366994202137 -0.0135363601148129
vn 2.2999891776418622 -2.5430119348379576 3.2077160945623895
v 0.0166989490389824 -0.0192716158926487 -0.0135363601148129
vn 2.5430041743838090 -2.2999948791570701 3.2077055988083600
v 0.0192716140300035 -0.0166989453136921 -0.0135363601148129
vn 2.7210551254536952 -2.1062694805971631 3.1880333288317959
v 0.0199367031455040 -0.0158989913761616 -0.0135363601148129
vn 2.8955975958519486 -1.8398116339307693 3.2393381964439953
v 0.0214519649744034 -0.0137863336130977 -0.0135363601148129
vn 3.0555818750664629 -1.5622437587484266 3.1892587381487845
v 0.0229747053235769 -0.0110640404745936 -0.0135363601148129
vn 3.1576768844020040 -1.3352531826960083 3.2056445093156047
v 0.0231956150382757 -0.0105930892750621 -0.0135363601148129
vn 3.2725825021997883 -1.0232127942550364 3.2187556022469752
v 0.0244670715183020 -0.0071841804310679 -0.0135363601148129
vn 3.3678447039393151 -0.7467685336444393 3.1941027308892531
v 0.0248606614768505 -0.0056742904707789 -0.0135363601148129
vn 3.4033309482573961 -0.4356499088956576 3.2407354311344321
v 0.0252404473721981 -0.0036290318239480 -0.0135363601148129
vn 3.4276117425767230 0.0055615265164639 3.2761111839662025
v 0.0254999995231628 -0.0000000029802318 -0.0135363601148129
vn 3.4010948216191461 0.4284572357788811 3.2505242311237121
v 0.0252404473721981 0.0036290257703513 -0.0135363601148129
vn 3.3529232696788749 0.7543264086386307 3.2074174308866090
v 0.0248606614768505 0.0056742848828435 -0.0135363601148129
vn 2.6999600057374389 2.1224875756112755 3.2127171316415453
v 0.0199367031455040 0.0158989839255810 -0.0135363601148129
vn 2.8968634487442575 1.8361914429470689 3.2394336837148421
v 0.0214519649744034 0.0137863429263234 -0.0135363601148129
vn 3.0564161340790994 1.5644648741187430 3.1890894865301789
v 0.0229747053235769 0.0110640348866582 -0.0135363601148129
vn 3.1576764755596791 1.3352542658532538 3.2056430921088679
v 0.0231956150382757 0.0105930836871266 -0.0135363601148129
vn 3.2745037539042574 1.0156375223470233 3.2298897557140416
v 0.0244670715183020 0.0071841748431325 -0.0135363601148129
vn 2.5579470317029620 2.2810412568782272 3.2519103973050658
v 0.0192716140300035 0.0166989527642727 -0.0135363601148129
vn 2.3000004945381032 2.5430015415540512 3.2077026161069599
v 0.0166989490389824 0.0192716084420681 -0.0135363601148129
vn 2.1062752633260744 2.7210543061965713 3.1880368507938202
v 0.0158989895135164 0.0199367068707943 -0.0135363601148129
vn 1.8398115588075523 2.8955987769344054 3.2393396186606895
v 0.0137863410636783 0.0214519612491131 -0.0135363601148129
vn 1.5622454217512602 3.0555815778849991 3.1892627177703092
v 0.0110640348866582 0.0229747109115124 -0.0135363601148129
vn 1.3352508485317984 3.1576783071863472 3.2056457650695318
v 0.0105930827558041 0.0231956206262112 -0.0135363601148129
vn 1.0232092042560768 3.2725849671627563 3.2187657314466036
v 0.0071841804310679 0.0244670771062374 -0.0135363601148129
vn 0.7467634811058729 3.3678459872777000 3.1940958575369072
v 0.0056742839515209 0.0248606614768505 -0.0135363601148129
vn 0.4356468991264333 3.4033306276118345 3.2407330346121594
v 0.0036290283314884 0.0252404473721981 -0.0135363601148129
vn 0.0000030715531241 2.7390184466109444 4.6728331029800678
v -0.0000000000000014 0.0295770280063152 -0.0163000002503395
vn 0.1771697629062443 2.4770990508526545 1.8186574857599085
v -0.0000000000000014 0.0289785526692867 -0.0151193691417575
vn 0.7050537294292790 4.9037693682680059 3.6373336814140473
v 0.0041240775026381 0.0286835841834545 -0.0151193691417575
vn 0.1247913753981270 1.7448189018186178 2.5395802349631200
v -0.0000000000000014 0.0280230902135372 -0.0142033081501722
vn 0.4966296777835483 3.4541325931422251 5.0791523851444760
v 0.0039881020784378 0.0277378521859646 -0.0142033081501722
vn 0.0580522069640203 0.8117099669411122 2.9818171071114086
v -0.0000000000000013 0.0268183164298534 -0.0136550450697541
vn 0.2310397124249339 1.6069104470215012 5.9636260942066395
v 0.0038166453596205 0.0265453569591045 -0.0136550450697541
vn 0.4600067130312859 1.5595539606238686 5.9634121849390294
v 0.0075555951334536 0.0257319919764996 -0.0136550450697541
vn 0.6737261039841582 1.4797622815074867 5.9634151500686627
v 0.0111407339572906 0.0243948064744473 -0.0136550450697541
vn 0.8789591757176354 1.3658968212968694 5.9635610129915344
v 0.0144990803673863 0.0225610099732876 -0.0136550450697541
vn 1.0662628805131344 1.2277101898318268 5.9634005187667753
v 0.0175622664391994 0.0202679298818111 -0.0136550450697541
vn 1.2274509022878772 1.0672881316239611 5.9633616369628681
v 0.0202679373323917 0.0175622664391994 -0.0136550450697541
vn 1.3680851990791814 0.8770411750078788 5.9634929562244015
v 0.0225610099732876 0.0144990803673863 -0.0136550450697541
vn 1.4790482246322574 0.6741828163053694 5.9634557322394839
v 0.0243948046118021 0.0111407311633229 -0.0136550450697541
vn 1.5596694590335964 0.4609891968223820 5.9633800503954406
v 0.0257319938391447 0.0075556011870503 -0.0136550450697541
vn 1.6096063724313212 0.2288857658206325 5.9634313638189589
v 0.0265453513711691 0.0038166462909430 -0.0136550450697541
vn 1.6234247555107508 -0.0000000708862637 5.9636314179288963
v 0.0268183238804340 -0.0000000029802316 -0.0136550450697541
vn 1.5595572509921354 -0.4600099984145229 5.9634098959883968
v 0.0257319938391447 -0.0075555918738246 -0.0136550450697541
vn 1.6069005198020805 -0.2310378502539018 5.9636315235909310
v 0.0265453513711691 -0.0038166523445398 -0.0136550450697541
vn 1.4797605303066399 -0.6737239158658418 5.9634162011727412
v 0.0243948046118021 -0.0111407367512584 -0.0136550450697541
vn 1.3658975900109753 -0.8789579428019689 5.9635607735980178
v 0.0225610099732876 -0.0144990859553218 -0.0136550450697541
vn 1.2277104893104072 -1.0662638259334094 5.9633992091429411
v 0.0202679373323917 -0.0175622738897800 -0.0136550450697541
vn 1.0672861605607764 -1.2274493602977654 5.9633629277000804
v 0.0175622664391994 -0.0202679373323917 -0.0136550450697541
vn 0.8770435979435278 -1.3680949099308497 5.9634879288423637
v 0.0144990803673863 -0.0225610174238682 -0.0136550450697541
vn 0.6741832125943444 -1.4790438955851255 5.9634577871327030
v 0.0111407339572906 -0.0243947990238667 -0.0136550450697541
vn 0.4609896313358829 -1.5596763279608177 5.9633765759072963
v 0.0075555951334536 -0.0257319994270802 -0.0136550450697541
vn 0.2288862390774301 -1.6096062181977673 5.9634321523797009
v 0.0038166453596205 -0.0265453495085239 -0.0136550450697541
vn 0.0580553671449195 -0.8117112758715221 2.9818163484865678
v 0.0000000000000004 -0.0268183238804340 -0.0136550450697541
vn 0.9831464974251708 3.3482925316716576 5.0791484531822055
v 0.0078950179740787 0.0268879644572735 -0.0142033081501722
vn 1.4496472387486170 3.1742874928862816 5.0791635632004493
v 0.0116412136703730 0.0254906974732876 -0.0142033081501722
vn 1.8866448681224472 2.9356726405991997 5.0791557946741879
v 0.0151504278182983 0.0235745273530483 -0.0142033081501722
vn 2.2852255525945671 2.6372917214499521 5.0791624419036241
v 0.0183512233197689 0.0211784355342388 -0.0142033081501722
vn 2.6373010357314399 2.2852335509901573 5.0791497010761146
v 0.0211784411221743 0.0183512233197689 -0.0142033081501722
vn 2.9356759095110463 1.8866451675585840 5.0791542592042083
v 0.0235745273530483 0.0151504250243306 -0.0142033081501722
vn 3.1742933063495231 1.4496519603393756 5.0791511090182260
v 0.0254907030612230 0.0116412164643407 -0.0142033081501722
vn 3.3482935503758391 0.9831476830733038 5.0791510695172075
v 0.0268879607319832 0.0078950198367238 -0.0142033081501722
vn 3.4541268461247858 0.4966283685877847 5.0791519927095230
v 0.0277378596365452 0.0039880992844701 -0.0142033081501722
vn 3.4896466919571880 -0.0000001223098247 5.0791519675020922
v 0.0280230939388275 -0.0000000029802316 -0.0142033081501722
vn 3.4541270535141400 -0.4966295976170422 5.0791514963351920
v 0.0277378596365452 -0.0039881048724055 -0.0142033081501722
vn 3.3482893953528490 -0.9831459265824666 5.0791559728684872
v 0.0268879607319832 -0.0078950105234981 -0.0142033081501722
vn 3.1742927440454629 -1.4496471592901776 5.0791568683080159
v 0.0254907030612230 -0.0116412071511149 -0.0142033081501722
vn 2.9356824703419808 -1.8866482901873036 5.0791467727202866
v 0.0235745273530483 -0.0151504306122661 -0.0142033081501722
vn 2.6373011565680038 -2.2852353609445970 5.0791480408355358
v 0.0211784411221743 -0.0183512307703495 -0.0142033081501722
vn 2.2852325090795138 -2.6373041824081147 5.0791479716485357
v 0.0183512233197689 -0.0211784429848194 -0.0142033081501722
vn 1.8866484853723775 -2.9356824591266544 5.0791523168877770
v 0.0151504278182983 -0.0235745199024677 -0.0142033081501722
vn 1.4496516801071930 -3.1742907300912937 5.0791513117819278
v 0.0116412136703730 -0.0254907049238682 -0.0142033081501722
vn 0.9831470115524876 -3.3482869745662400 5.0791616539159641
v 0.0078950179740787 -0.0268879570066929 -0.0142033081501722
vn 0.4966290301191831 -3.4541209780959297 5.0791565593694346
v 0.0039881020784378 -0.0277378596365452 -0.0142033081501722
vn 0.1247916912047063 -1.7448251827801382 2.5395729857373128
v 0.0000000000000004 -0.0280230976641178 -0.0142033081501722
vn 1.3957615583705245 4.7535284620430236 3.6373079999609299
v 0.0081642009317875 0.0278047136962414 -0.0151193691417575
vn 2.0580460288765434 4.5064993733686096 3.6373070563545475
v 0.0120381247252226 0.0263598226010799 -0.0151193691417575
vn 2.6784460072212561 4.1677418722671753 3.6373085022532123
v 0.0156669858843088 0.0243783108890057 -0.0151193691417575
vn 3.2443105264537788 3.7441332200372353 3.6373144464776450
v 0.0189769137650728 0.0219005309045315 -0.0151193691417575
vn 3.7441378206060580 3.2443120866728807 3.6373218313213194
v 0.0219005271792412 0.0189769081771374 -0.0151193691417575
vn 4.1677394342770686 2.6784443124234674 3.6373159173306369
v 0.0243783071637154 0.0156669877469540 -0.0151193691417575
vn 4.5065077048130249 2.0580511130216546 3.6373069859148237
v 0.0263598151504993 0.0120381237939000 -0.0151193691417575
vn 4.7535240711479751 1.3957597451911856 3.6373154438278856
v 0.0278047155588865 0.0081641944125295 -0.0151193691417575
vn 4.9037789525733304 0.7050555655101010 3.6373122819045944
v 0.0286835897713900 0.0041240723803639 -0.0151193691417575
vn 4.9542049568710507 0.0000002111204506 3.6373133562390905
v 0.0289785489439964 -0.0000000029802316 -0.0151193691417575
vn 4.9037782659317788 -0.7050568567847041 3.6373126714788264
v 0.0286835897713900 -0.0041240779682994 -0.0151193691417575
vn 4.7535220525443762 -1.3957605233083847 3.6373129683925280
v 0.0278047155588865 -0.0081642000004649 -0.0151193691417575
vn 4.5065006521753155 -2.0580518789542586 3.6373112761423441
v 0.0263598151504993 -0.0120381293818355 -0.0151193691417575
vn 4.1677479493610452 -2.6784474252106758 3.6373090847212581
v 0.0243783071637154 -0.0156669802963734 -0.0151193691417575
vn 3.7441422451843254 -3.2443180354730501 3.6373029297448980
v 0.0219005271792412 -0.0189769156277180 -0.0151193691417575
vn 3.2443150935439631 -3.7441448767872698 3.6373051046556060
v 0.0189769137650728 -0.0219005234539509 -0.0151193691417575
vn 2.6784452109376025 -4.1677312659029724 3.6373307125986147
v 0.0156669858843088 -0.0243783034384251 -0.0151193691417575
vn 2.0580518194603838 -4.5064990201494428 3.6373224839197777
v 0.0120381247252226 -0.0263598151504993 -0.0151193691417575
vn 1.3957585267756292 -4.7535146379811017 3.6373182434420244
v 0.0081642009317875 -0.0278047211468220 -0.0151193691417575
vn 0.7050523614664580 -4.9037816017303397 3.6373054053656739
v 0.0041240775026381 -0.0286835916340351 -0.0151193691417575
vn 0.1771633559991921 -2.4771082074110282 1.8186509254094410
v 0.0000000000000005 -0.0289785452187061 -0.0151193691417575
vn 0.3897996007591167 2.7111281604445190 4.6728535147098578
v 0.0042092497460544 0.0292759798467159 -0.0163000002503395
vn 0.7716726800477366 2.6280724358067316 4.6728264865185212
v 0.0083328112959862 0.0283789448440075 -0.0163000002503395
vn 1.1378331642906461 2.4915054345881922 4.6728194516808221
v 0.0122867403551936 0.0269042067229748 -0.0163000002503395
vn 1.4808263682488056 2.3042115869769244 4.6728279868963334
v 0.0159905478358269 0.0248817764222622 -0.0163000002503395
vn 1.7936771224439814 2.0700118168162622 4.6728315415972208
v 0.0193688329309225 0.0223528258502483 -0.0163000002503395
vn 2.0700050181859475 1.7936730012018460 4.6728457233809806
v 0.0223528239876032 0.0193688385188580 -0.0163000002503395
vn 2.3042082549020564 1.4808238485370728 4.6728354410915074
v 0.0248817764222622 0.0159905515611172 -0.0163000002503395
vn 2.4915012360191144 1.1378286923550152 4.6728298356627969
v 0.0269042085856199 0.0122867347672582 -0.0163000002503395
vn 2.6280650726311872 0.7716717260052883 4.6728391663376039
v 0.0283789485692978 0.0083328159525990 -0.0163000002503395
vn 2.7111387062364787 0.3898025143025090 4.6728341511967555
v 0.0292759742587805 0.0042092474177480 -0.0163000002503395
vn 2.7390171093716300 0.0000002150228587 4.6728355401465471
v 0.0295770261436701 -0.0000000029802316 -0.0163000002503395
vn 2.7111385521152633 -0.3898032301823496 4.6728342135732230
v 0.0292759742587805 -0.0042092530056834 -0.0163000002503395
vn 2.6280704831118937 -0.7716710930175467 4.6728303506378737
v 0.0283789485692978 -0.0083328066393733 -0.0163000002503395
vn 2.4914992901355792 -1.1378302956499355 4.6728315663219160
v 0.0269042085856199 -0.0122867403551936 -0.0163000002503395
vn 2.3042088516483084 -1.4808245100184425 4.6728340760824185
v 0.0248817764222622 -0.0159905441105366 -0.0163000002503395
vn 2.0700132072885542 -1.7936775453379019 4.6728291730257450
v 0.0223528239876032 -0.0193688310682774 -0.0163000002503395
vn 1.7936768210463192 -2.0700136190335758 4.6728297148473530
v 0.0193688329309225 -0.0223528183996677 -0.0163000002503395
vn 1.4808225085137507 -2.3041981129925273 4.6728518659578206
v 0.0159905478358269 -0.0248817838728428 -0.0163000002503395
vn 1.1378282833138578 -2.4914941022547725 4.6728417962338771
v 0.0122867403551936 -0.0269042141735554 -0.0163000002503395
vn 0.7716694283479451 -2.6280710887390861 4.6728300033069807
v 0.0083328112959862 -0.0283789522945881 -0.0163000002503395
vn 0.3897999178933010 -2.7111430424407521 4.6728270841368778
v 0.0042092497460544 -0.0292759723961353 -0.0163000002503395
vn 0.0000007752719555 -2.7390200551344623 4.6728304725550061
v 0.0000000000000005 -0.0295770205557346 -0.0163000002503395
vn -3.2443166862840673 -3.7441444658928926 3.6373048153637662
v -0.0189769137650728 -0.0219005234539509 -0.0151193691417575
vn -2.2852339227469374 -2.6373020233926416 5.0791488983199349
v -0.0183512233197689 -0.0211784429848194 -0.0142033081501722
vn -2.6373006860226411 -2.2852357654299031 5.0791483153955808
v -0.0211784411221743 -0.0183512307703495 -0.0142033081501722
vn -0.1771643758590833 -2.4771067934773079 1.8186525136629723
v 0.0000000000000009 -0.0289785452187061 -0.0151193691417575
vn -0.1247938138908149 -1.7448263222871454 2.5395717771764361
v 0.0000000000000008 -0.0280230976641178 -0.0142033081501722
vn -0.4966279965671422 -3.4541246178808285 5.0791536614217945
v -0.0039881020784378 -0.0277378596365452 -0.0142033081501722
vn -1.0662622480912818 -1.2277095537497458 5.9634006173730141
v -0.0175622664391994 -0.0202679373323917 -0.0136550450697541
vn -1.2274496434422242 -1.0672874567682147 5.9633617120501281
v -0.0202679373323917 -0.0175622738897800 -0.0136550450697541
vn -0.0580550708819041 -0.8117113757184725 2.9818163678566538
v 0.0000000000000007 -0.0268183238804340 -0.0136550450697541
vn -2.6688851338153503 -4.1669707353697314 3.6497312658468388
v -0.0156669877469540 -0.0243783034384251 -0.0151193691417575
vn -0.2310360872651074 -1.6068994958366121 5.9636330574683676
v -0.0038166453596205 -0.0265453495085239 -0.0136550450697541
vn -0.4600141425457258 -1.5595631811164974 5.9634060092815151
v -0.0075555951334536 -0.0257319994270802 -0.0136550450697541
vn -0.6737179450745110 -1.4797528014477033 5.9634211379756348
v -0.0111407339572906 -0.0243947990238667 -0.0136550450697541
vn -0.8789578420136446 -1.3658967512228071 5.9635612244821870
v -0.0144990803673863 -0.0225610174238682 -0.0136550450697541
vn -1.3680842503039359 -0.8770400381671100 5.9634931238164857
v -0.0225610099732876 -0.0144990859553218 -0.0136550450697541
vn -1.4790536794802096 -0.6741839970029719 5.9634530719012648
v -0.0243948046118021 -0.0111407367512584 -0.0136550450697541
vn -1.5596701008315721 -0.4609895980915727 5.9633801312763186
v -0.0257319938391447 -0.0075555918738246 -0.0136550450697541
vn -1.6096066184444013 -0.2288864428599435 5.9634311837730491
v -0.0265453513711691 -0.0038166523445398 -0.0136550450697541
vn -1.6234247585594150 0.0000000690084118 5.9636314163828406
v -0.0268183238804340 -0.0000000029802334 -0.0136550450697541
vn -1.5595569870101569 0.4600104504347119 5.9634095646668142
v -0.0257319938391447 0.0075556011870503 -0.0136550450697541
vn -1.6069003313671373 0.2310370759034040 5.9636317082610031
v -0.0265453513711691 0.0038166462909430 -0.0136550450697541
vn -1.4797555687311159 0.6737213084113348 5.9634189388942564
v -0.0243948046118021 0.0111407311633229 -0.0136550450697541
vn -1.3658978231880758 0.8789592193544449 5.9635609232676021
v -0.0225610099732876 0.0144990803673863 -0.0136550450697541
vn -1.2277113421999697 1.0662647303602453 5.9633991453479709
v -0.0202679373323917 0.0175622664391994 -0.0136550450697541
vn -1.0672871052567880 1.2274494742501632 5.9633628664292120
v -0.0175622664391994 0.0202679298818111 -0.0136550450697541
vn -0.8770412483409102 1.3680827828112876 5.9634937177049929
v -0.0144990803673863 0.0225610099732876 -0.0136550450697541
vn -0.6741846638162128 1.4790568739997143 5.9634517138711027
v -0.0111407339572906 0.0243948064744473 -0.0136550450697541
vn -0.4609900305815146 1.5596650596250972 5.9633827791700407
v -0.0075555951334536 0.0257319919764996 -0.0136550450697541
vn -0.2288834747765685 1.6096173627022561 5.9634258006953056
v -0.0038166453596205 0.0265453569591045 -0.0136550450697541
vn -0.0580543396258172 0.8117116084258297 2.9818163442704826
v -0.0000000000000010 0.0268183164298534 -0.0136550450697541
vn -0.9831454395932799 -3.3482865653646554 5.0791622674298118
v -0.0078950179740787 -0.0268879570066929 -0.0142033081501722
vn -1.4496463684781968 -3.1742907878205124 5.0791539418853198
v -0.0116412136703730 -0.0254907049238682 -0.0142033081501722
vn -1.8866517298735628 -2.9356847918707443 5.0791412231633535
v -0.0151504287496209 -0.0235745348036289 -0.0142033081501722
vn -2.9356848381601521 -1.8866465240784156 5.0791458406009085
v -0.0235745273530483 -0.0151504306122661 -0.0142033081501722
vn -3.1742914308305199 -1.4496490389173724 5.0791573439133249
v -0.0254907030612230 -0.0116412071511149 -0.0142033081501722
vn -3.3482885948685475 -0.9831460913233541 5.0791566548087799
v -0.0268879607319832 -0.0078950105234981 -0.0142033081501722
vn -3.4541265080684642 -0.4966289634183383 5.0791520820430334
v -0.0277378596365452 -0.0039881048724055 -0.0142033081501722
vn -3.4896466888277438 0.0000001030313757 5.0791519688640703
v -0.0280230939388275 -0.0000000029802334 -0.0142033081501722
vn -3.4541271614042706 0.4966281834787902 5.0791517988504937
v -0.0277378596365452 0.0039880992844701 -0.0142033081501722
vn -3.3482930811280012 0.9831481984736602 5.0791511941622050
v -0.0268879607319832 0.0078950198367238 -0.0142033081501722
vn -3.1742921031767386 1.4496508448361662 5.0791526044867528
v -0.0254907030612230 0.0116412164643407 -0.0142033081501722
vn -2.9356764571752194 1.8866444491992547 5.0791544112862672
v -0.0235745273530483 0.0151504250243306 -0.0142033081501722
vn -2.6372990073122944 2.2852364914649139 5.0791490914807422
v -0.0211784411221743 0.0183512233197689 -0.0142033081501722
vn -2.2852291109618363 2.6372892213624302 5.0791619524465315
v -0.0183512233197689 0.0211784355342388 -0.0142033081501722
vn -1.8866426738569744 2.9356740365811747 5.0791558666664969
v -0.0151504287496209 0.0235745273530483 -0.0142033081501722
vn -1.4496497417397662 3.1742850375744940 5.0791646484403179
v -0.0116412136703730 0.0254906974732876 -0.0142033081501722
vn -0.9831447006911030 3.3482925021853456 5.0791494219096247
v -0.0078950179740787 0.0268879644572735 -0.0142033081501722
vn -0.4966261919440400 3.4541342581490770 5.0791511005349674
v -0.0039881020784378 0.0277378521859646 -0.0142033081501722
vn -0.1247944448875753 1.7448180083083602 2.5395802098263229
v -0.0000000000000010 0.0280230902135372 -0.0142033081501722
vn -0.7050531515772224 -4.9037789667508456 3.6373077709448554
v -0.0041240775026381 -0.0286835916340351 -0.0151193691417575
vn -1.3957564411372865 -4.7535164261046781 3.6373161416129358
v -0.0081642009317875 -0.0278047211468220 -0.0151193691417575
vn -2.0580528954043817 -4.5065024688217825 3.6373179758747631
v -0.0120381247252226 -0.0263598151504993 -0.0151193691417575
vn -3.7441433531849153 -3.2443176614888523 3.6373020764685666
v -0.0219005271792412 -0.0189769156277180 -0.0151193691417575
vn -4.1677471523113203 -2.6784471521214326 3.6373098456141033
v -0.0243783071637154 -0.0156669802963734 -0.0151193691417575
vn -4.5064984555176304 -2.0580516255575318 3.6373112921716571
v -0.0263598170131445 -0.0120381293818355 -0.0151193691417575
vn -4.7535228440397201 -1.3957604857946744 3.6373121537491513
v -0.0278047155588865 -0.0081642000004649 -0.0151193691417575
vn -4.9037790684719171 -0.7050564956687939 3.6373116745253498
v -0.0286835897713900 -0.0041240779682994 -0.0151193691417575
vn -4.9542049569385842 -0.0000002429522950 3.6373133562512407
v -0.0289785489439964 -0.0000000029802336 -0.0151193691417575
vn -4.9037787510175477 0.7050562693402120 3.6373123310159583
v -0.0286835897713900 0.0041240723803639 -0.0151193691417575
vn -4.7535244474304275 1.3957570356910196 3.6373164837874530
v -0.0278047155588865 0.0081641944125295 -0.0151193691417575
vn -4.5065054083751903 2.0580534085931967 3.6373060240086947
v -0.0263598170131445 0.0120381237939000 -0.0151193691417575
vn -4.1677405109849603 2.6784443075756501 3.6373141908969324
v -0.0243783071637154 0.0156669877469540 -0.0151193691417575
vn -3.7441376872297534 3.2443106294558359 3.6373232852325739
v -0.0219005271792412 0.0189769081771374 -0.0151193691417575
vn -3.2471898797397278 3.7397548867479764 3.6408137623826873
v -0.0189769137650728 0.0219005309045315 -0.0151193691417575
vn -2.6647491053398600 4.1685184491395120 3.6521087462913995
v -0.0156669877469540 0.0243783108890057 -0.0151193691417575
vn -2.0580475994139418 4.5064998457951821 3.6373059296824484
v -0.0120381247252226 0.0263598226010799 -0.0151193691417575
vn -1.3957565663201672 4.7535327699207928 3.6373031780120071
v -0.0081642009317875 0.0278047136962414 -0.0151193691417575
vn -0.7050607036843517 4.9037671665022531 3.6373345209632926
v -0.0041240775026381 0.0286835841834545 -0.0151193691417575
vn -0.1771673698516104 2.4770974826187695 1.8186603520836528
v -0.0000000000000010 0.0289785526692867 -0.0151193691417575
vn -1.4132415369744606 -2.3862584916422032 4.6155933543210317
v -0.0159905478358269 -0.0248817838728428 -0.0163000002503395
vn -1.1378268036873800 -2.4914934224556533 4.6728438125916592
v -0.0122867403551936 -0.0269042141735554 -0.0163000002503395
vn -0.7716708116752931 -2.6280696848061877 4.6728315688431570
v -0.0083328112959862 -0.0283789522945881 -0.0163000002503395
vn -0.3898009949979314 -2.7111430953922420 4.6728267477544705
v -0.0042092497460544 -0.0292759723961353 -0.0163000002503395
vn -1.4193694419621603 2.3792708444306081 4.6206403474438726
v -0.0159905478358269 0.0248817764222622 -0.0163000002503395
vn -1.1378305592616460 2.4915064249278984 4.6728197482009071
v -0.0122867403551936 0.0269042067229748 -0.0163000002503395
vn -0.7716703604931551 2.6280709308311105 4.6728299165966423
v -0.0083328112959862 0.0283789448440075 -0.0163000002503395
vn -0.3898059951656615 2.7111270985473559 4.6728537453914658
v -0.0042092497460544 0.0292759798467159 -0.0163000002503395
vn -0.1952209431075607 0.5753687046463332 6.2238108052242662
v -0.0060734646394849 0.0299766622483730 -0.0163000002503395
vn -0.2378749862088797 0.5617192270860092 6.2233467286767610
v -0.0100567825138569 0.0284517221152782 -0.0163000002503395
vn -0.2794449932884139 0.5453087925982739 6.2228138727159603
v -0.0102950017899275 0.0283404551446438 -0.0163000002503395
vn -0.1503223084849489 0.5944934114866232 6.2227304382294406
v -0.0053629050962627 0.0301848165690899 -0.0163000002503395
vn -0.1054596335558215 0.5936585645081787 6.2247205596020585
v -0.0019274608930573 0.0309418700635433 -0.0163000002503395
vn -0.0611618793746391 0.6139181330213712 6.2219911601766018
v -0.0002192238462158 0.0311720781028271 -0.0163000002503395
vn -0.0238051758252266 0.5921555737161535 6.2267583767526524
v 0.0023159850388765 0.0313395075500011 -0.0163000002503395
vn 0.0140264494410857 0.6035312436805452 6.2246085312473145
v 0.0030226302333176 0.0313493423163891 -0.0163000002503395
vn 0.0567134878416506 0.5910236476931573 6.2265085275834826
v 0.0065598366782069 0.0311580710113049 -0.0163000002503395
vn 0.1048235217266538 0.5988885919859961 6.2237733391090098
v 0.0082414327189326 0.0309243761003017 -0.0163000002503395
vn 0.2295192563727607 0.5392562141740050 6.2279677899705961
v 0.0148074813187122 0.0290797911584377 -0.0163000002503395
vn 0.1849446686568177 0.5904283777898565 6.2216275543528248
v 0.0133135188370943 0.0296361111104488 -0.0163000002503395
vn 0.1509656880644854 0.5733665033983002 6.2266449096312453
v 0.0107567571103573 0.0303969942033291 -0.0163000002503395
vn 0.3757100390222153 -0.4409733195939646 6.2292210636576115
v 0.0237220991402864 -0.0236085988581181 -0.0163000002503395
vn 0.1189715931063062 -0.5781962897779485 6.2271780414387425
v 0.0085215028375387 -0.0308756567537785 -0.0163000002503395
vn 0.1611839259294040 -0.5630526885598550 6.2280647552838015
v 0.0126620484516025 -0.0298526622354984 -0.0163000002503395
vn 0.0741567233654783 -0.5926475147061013 6.2258547499499022
v 0.0079537248238921 -0.0309698022902012 -0.0163000002503395
vn 0.0328045055208806 -0.5952784053799987 6.2260383624030329
v 0.0042818835936487 -0.0313237197697163 -0.0163000002503395
vn -0.2662928010836514 -0.6021070743194915 6.2133983238336388
v -0.0102128777652979 -0.0283800996840000 -0.0163000002503395
vn -0.2992259047292042 -0.5340021468264629 6.2229138979364986
v -0.0120594380423427 -0.0274422951042652 -0.0163000002503395
vn 0.4441695790404587 0.3856419770238617 6.2276102504484925
v 0.0266771353781223 0.0206529758870602 -0.0163000002503395
vn 0.4176686342532598 -0.4146992133347888 6.2275408257730280
v 0.0256098844110966 -0.0218183882534504 -0.0163000002503395
vn 0.4366287244156983 -0.3686270957721557 6.2307224251629219
v 0.0267294868826866 -0.0206018872559071 -0.0163000002503395
vn 0.3086982878345412 -0.4919536159223140 6.2289623508788887
v 0.0203270483762026 -0.0261902846395969 -0.0163000002503395
vn 0.3774239392115086 -0.4844295695754894 6.2225515071412971
v 0.0216618739068508 -0.0252608247101307 -0.0163000002503395
vn 0.2071290520299562 -0.5541482993788963 6.2269438681453462
v 0.0130575988441706 -0.0297229625284672 -0.0163000002503395
vn 0.2350241953218647 -0.5326321935762885 6.2287216399187022
v 0.0166241060942411 -0.0282801277935505 -0.0163000002503395
vn 0.2836106531696267 -0.5193985038623775 6.2269078375262303
v 0.0171856861561537 -0.0280049927532673 -0.0163000002503395
vn -0.2253976800014509 -0.5742722172650805 6.2218989147192678
v -0.0082452325150371 -0.0292228944599628 -0.0163000002503395
vn -0.1752235851285554 -0.5898761957035245 6.2223029725281531
v -0.0050611770711839 -0.0302649773657322 -0.0163000002503395
vn -0.1250191728993383 -0.5919703109598140 6.2243164026479603
v -0.0041646235622466 -0.0304930396378040 -0.0163000002503395
vn -0.0652895860383990 -0.6023357188044244 6.2240980354829247
v 0.0000918982477742 -0.0312039740383625 -0.0163000002503395
vn -0.0154082317848881 -0.6126211018482990 6.2228168876008159
v 0.0027210991829634 -0.0313441641628742 -0.0163000002503395
vn 0.3004323265732738 0.4943495854030904 6.2294183042835760
v 0.0185700766742229 0.0272634439170361 -0.0163000002503395
vn 0.2641540974592954 0.5265645250846978 6.2274217284849840
v 0.0181031022220850 0.0275235883891582 -0.0163000002503395
vn 0.4027506454379375 0.4074113213038703 6.2304540697508877
v 0.0253780800849199 0.0220507048070431 -0.0163000002503395
vn 0.3799947716661365 0.4444230974301319 6.2282653632017997
v 0.0228976886719465 0.0243059359490871 -0.0163000002503395
vn 0.3378102175173243 0.4673858952124720 6.2297446332235999
v 0.0221935864537954 0.0248626135289669 -0.0163000002503395
vn 0.4977077135507018 0.3283875610195947 6.2260490504211621
v 0.0297858845442533 0.0164453797042370 -0.0163000002503395
vn 0.4625949328612169 0.3383509664759096 6.2303880722737937
v 0.0281663648784161 0.0188176594674587 -0.0163000002503395
vn 0.5203236081529692 0.2321162653399919 6.2310548626003275
v 0.0321428850293159 0.0117883952334523 -0.0163000002503395
vn 0.5025266684265319 0.2651564634801589 6.2313152549423823
v 0.0304861273616552 0.0152519466355443 -0.0163000002503395
vn 0.5589065871166977 0.0659936511721227 6.2323110413030456
v 0.0342880338430405 0.0031408190261573 -0.0163000002503395
vn 0.5780549617012816 0.0219301575698262 6.2294517294065166
v 0.0344052873551846 0.0015849738847464 -0.0163000002503395
vn 0.5168610650300529 -0.2257526085767647 6.2321040848428026
v 0.0313949100673199 -0.0134791610762477 -0.0163000002503395
vn 0.4644818389986416 -0.3390598938107123 6.2300749864060467
v 0.0289363563060760 -0.0177537389099598 -0.0163000002503395
vn 0.4828441006359795 -0.2974643480383512 6.2315292051669280
v 0.0292982049286366 -0.0172138996422291 -0.0163000002503395
vn 0.5014808595853224 -0.2640420785914798 6.2316083860969460
v 0.0312957800924778 -0.0136856762692332 -0.0163000002503395
vn 0.5582191059898263 0.1065879168318940 6.2313281334537933
v 0.0337059609591961 0.0067718746140599 -0.0163000002503395
vn 0.5429606168008990 0.1484682410202232 6.2322990918223331
v 0.0335783846676350 0.0073240818455815 -0.0163000002503395
vn 0.5312285098703435 0.1883836340389197 6.2321674455180451
v 0.0322966426610947 0.0114017399027944 -0.0163000002503395
vn 0.5996525925283039 -0.0538182569383508 6.2249287297413538
v 0.0342315509915352 -0.0036604136694223 -0.0163000002503395
vn 0.5666909478736222 -0.0261696966773565 6.2314565306805303
v 0.0344248190522194 -0.0011306733358651 -0.0163000002503395
vn 0.5320288717583572 -0.1867962379220301 6.2321192820206441
v 0.0329728014767170 -0.0094907162711024 -0.0163000002503395
vn 0.5585350862708105 -0.1430314163832289 6.2297920352690577
v 0.0331899002194405 -0.0087814955040812 -0.0163000002503395
vn 0.5549569174630038 -0.1078898292586283 6.2318307268533060
v 0.0339847505092621 -0.0053595332428813 -0.0163000002503395
vn 4.4356859966305002 -3.3542876477292882 2.6222496995430991
v 0.0309633016586304 -0.0211488939821720 -0.0186216235160828
vn 4.6333252303070198 -3.0716587549494010 2.6177032713548791
v 0.0323289409279823 -0.0192041732370853 -0.0186104774475098
vn 3.4945946303551949 -2.2913893153733835 4.5044191853440614
v 0.0315641760826111 -0.0187019594013691 -0.0173586420714855
vn 0.6240325988331497 -5.8180483369836926 2.0332606734007084
v 0.0068021551705897 -0.0348686464130878 -0.0188230853527784
vn 1.0223898900377235 -5.7485745039841429 2.0747770661835236
v 0.0091616753488779 -0.0345294810831547 -0.0188032463192940
vn 0.8966270630138461 -5.1199861367523614 3.4470654568870827
v 0.0090964948758483 -0.0341574437916279 -0.0180885531008244
vn -2.5159851727466731 -4.6895978052509015 3.2224094794944120
v -0.0136995650827885 -0.0304400362074375 -0.0182232242077589
vn -2.8087242414287243 -5.1991888541703091 1.8017401710109742
v -0.0138725750148296 -0.0307562537491322 -0.0189843792468309
vn 5.2447600675787323 -1.3153033361761397 2.8314067052777818
v 0.0370562076568604 -0.0082926033064723 -0.0185721591114998
vn 5.2712299097602626 -1.6440009922906365 2.6879201715240804
v 0.0364136435091496 -0.0105822710320354 -0.0185773652046919
vn 0.7555975030112732 1.8685254732493741 5.8709762651454742
v 0.0153403263539076 0.0304032973945141 -0.0165630280971527
vn 2.1825112643550040 -0.3837403100574994 5.7458302585196011
v 0.0353408232331276 -0.0055945096537471 -0.0165441092103720
vn -0.9906636716194841 -1.8543548125043388 5.8354166045612192
v -0.0127759007737041 -0.0287517942488194 -0.0165889076888561
vn -0.7603405036893551 -1.9556105292945363 5.8335604748775616
v -0.0087831998243928 -0.0306085981428623 -0.0165864322334528
vn -0.4808171817249601 -2.0314503972122346 5.8393902844369503
v -0.0045068012550473 -0.0319289006292820 -0.0165822841227055
vn -0.2083909093287907 -2.0595850938488294 5.8463710808847775
v -0.0001237331744051 -0.0326552428305149 -0.0165780298411846
vn 0.0811363780045688 -2.0561609163012067 5.8530633033671613
v 0.0043365787714720 -0.0327770300209522 -0.0165736973285675
vn 0.3550161214049486 -2.0088099534282327 5.8600434885636670
v 0.0087705757468939 -0.0322972275316715 -0.0165694076567888
vn 0.6148950707683165 -1.9267588469279979 5.8672961688570533
v 0.0130981141701341 -0.0312168784439564 -0.0165652278810740
vn 0.8627001720438767 -1.8134343697526401 5.8735780990658668
v 0.0172368008643389 -0.0295632369816303 -0.0165612399578094
vn 1.2601577997196109 -1.8754553619156036 5.7249194779771271
v 0.0211026538163424 -0.0273703821003437 -0.0165575295686722
vn 1.6737232780776612 -1.4821166476902246 5.7382613208496229
v 0.0277811624109745 -0.0215187855064869 -0.0165511723607779
vn 1.8492284534009955 -1.2094729332630572 5.7529719492709566
v 0.0304587427526712 -0.0179760195314884 -0.0165486559271812
vn 2.0053806385809021 -0.9323973401653303 5.7492894313245362
v 0.0326433442533016 -0.0140733299776912 -0.0165466181933880
vn 2.1146354895005550 -0.6774152770192389 5.7433567174259785
v 0.0342868603765965 -0.0099075762555003 -0.0165450908243656
vn 2.2112319154148787 -0.0838120591762641 5.7472609367895995
v 0.0357988141477108 -0.0011808604467660 -0.0165436882525682
vn 2.2051876493216307 0.2252990571900278 5.7464737352662691
v 0.0356565155088902 0.0032791614066809 -0.0165438167750835
vn 2.1544100475826147 0.5228908429075965 5.7453164277783912
v 0.0349176190793514 0.0076451571658254 -0.0165444985032082
vn 2.0692754848029180 0.8057136279518591 5.7431285272874719
v 0.0335824638605118 0.0119038196280599 -0.0165457408875227
vn 1.9505478947249100 1.0822679708153549 5.7383597052211455
v 0.0316965430974960 0.0159257315099239 -0.0165474917739630
vn 1.6007846059118984 1.5869133195654976 5.7270836346250151
v 0.0263718198984861 0.0230347476899624 -0.0165524911135435
vn 1.7930769293910083 1.3415261085153323 5.7339133713352979
v 0.0292789638042450 0.0196525715291500 -0.0165497511625290
vn 1.3673647878653845 1.7729003917639368 5.7377717202315726
v 0.0230510104447603 0.0259784273803234 -0.0165556389838457
vn 0.9941369092796049 1.7348838691503339 5.8773378317775862
v 0.0193377770483494 0.0284562073647976 -0.0165591966360807
vn 0.4997310928600975 1.9672465938038783 5.8648110895080059
v 0.0111077530309558 0.0317905955016613 -0.0165671091526747
vn 0.2227384891922189 2.0363675398343815 5.8572381905191131
v 0.0067192707210779 0.0325977616012096 -0.0165713597089052
vn -0.0527069729953404 2.0655303868877692 5.8500134576249865
v 0.0022794224787503 0.0327984057366848 -0.0165756493806839
vn -0.3377889932302010 2.0522710092371477 5.8434967161038855
v -0.0021635529119521 0.0323931835591793 -0.0165799949318171
vn -0.6181252737121063 1.9987413825798859 5.8370415718199000
v -0.0065069929696620 0.0313926301896572 -0.0165841151028872
vn -0.9378622990247428 1.9134481702146593 5.8147166581271534
v -0.0106813637539744 0.0298057310283184 -0.0165883339941502
vn -0.3106197890502941 0.6794380023608209 3.0102651089771526
v -0.0142496861517429 0.0271050892770290 -0.0163849219679832
vn -2.0872885389244811 5.5397836491590553 1.8070005921809753
v -0.0094311013817787 0.0328047089278698 -0.0189595744013786
vn -1.7404510935593431 5.6460762956880286 1.8566921052401215
v -0.0071749389171600 0.0335739217698574 -0.0189398676156998
vn -1.3245904031697291 5.7476875769822886 1.8955085902127662
v -0.0048736748285592 0.0341859720647335 -0.0189211554825306
vn -0.9604293931309822 5.8125519918534607 1.9121331157939803
v -0.0025292299687862 0.0346410982310772 -0.0189015995711088
vn -0.4743359633947488 5.6387048061943021 2.3012543571172843
v -0.0001575472706463 0.0349369905889034 -0.0188813861459494
vn 3.3708240745642848 4.4601682710845267 2.5444076145676635
v 0.0244209282100201 0.0277611874043941 -0.0186753477901220
vn 3.9990366679603775 3.8666850042135348 2.5985479843865278
v 0.0279657244682312 0.0246130637824535 -0.0186461191624403
vn 4.8196743193824956 2.7141903310640845 2.6755750233499209
v 0.0336498804390430 0.0170130543410778 -0.0185996666550636
vn 4.5779846802017303 2.9294547246999039 2.7928691027548256
v 0.0324304662644863 0.0190438590943813 -0.0186095554381609
vn 4.3834203706089925 3.3924411112962840 2.6516890814242320
v 0.0310695189982653 0.0209961943328381 -0.0186206549406052
vn 4.9614370450826772 2.2371489160584002 2.7328260813929628
v 0.0347258560359478 0.0149053754284978 -0.0185909792780876
vn 5.1316141309354828 2.0462217645969001 2.6852447179959156
v 0.0356619060039520 0.0127158137038350 -0.0185834132134914
vn 5.1732922969250223 1.5969478252094764 2.8271734944515425
v 0.0364527404308319 0.0104593010619283 -0.0185770019888878
vn 5.3441362502889298 0.8456863190407377 2.8294799079490960
v 0.0375599414110184 0.0058467807248235 -0.0185680426657200
vn 5.4794787657188992 0.5723354661486368 2.7227737840750730
v 0.0378748476505280 0.0035034387838095 -0.0185655243694782
vn 5.4012377810767624 0.1430140997565790 2.8482180484767889
v 0.0380308739840984 0.0011291026603431 -0.0185642931610346
vn 5.5124352624503334 -0.1595817672599449 2.7029218264206039
v 0.0380263887345791 -0.0012622505892068 -0.0185643341392279
vn 5.4591813280320407 -0.6104833435451511 2.7019120911734222
v 0.0378617197275162 -0.0036339790094644 -0.0185656454414129
vn 5.4513412202587315 -0.9370084953140189 2.6825823468385592
v 0.0375382676720619 -0.0059752790257335 -0.0185682494193316
vn 5.1011379597443813 -2.0290905986057721 2.7423268957596978
v 0.0356126725673676 -0.0128345070406795 -0.0185838416218758
vn 4.9970606660138417 -2.3872424520545161 2.6862019274297522
v 0.0346601568162441 -0.0150332031771541 -0.0185915492475033
vn 4.8466455731006750 -2.7041357479293699 2.6459787897545066
v 0.0335632190108299 -0.0171618796885014 -0.0186004415154457
vn 3.0381899649867625 -4.6961681496215011 2.5289650971410462
v 0.0223389323800802 -0.0292514748871326 -0.0186929199844599
vn 2.5430633333799437 -5.2229400650668385 2.1348802040713970
v 0.0182089060544968 -0.0315990038216114 -0.0187273845076561
vn 2.7750742573299609 -4.8009780138143032 2.5756450598280138
v 0.0203142948448658 -0.0304956473410130 -0.0187097992748022
vn -2.1983440529089813 -5.4769764173081725 1.8518668414343318
v -0.0096094030886889 -0.0327367521822453 -0.0189613830298185
vn -3.2510091689273439 -5.2886105400581753 0.4661440392559007
v -0.0158261321485043 -0.0298674292862415 -0.0204642191529274
vn -1.6610717336522880 -3.0941306793212782 5.1487015656737629
v -0.0131327537819743 -0.0294040329754353 -0.0169850643724203
vn -1.2609722479705183 -3.2589193533891327 5.1560185113397061
v -0.0090512242168188 -0.0312989689409733 -0.0169789306819439
vn -0.8059675922484226 -3.3759925644532651 5.1727721873451982
v -0.0046773478388786 -0.0326445586979389 -0.0169686637818813
vn -0.3384189014293541 -3.4298915049788410 5.1897206061089491
v -0.0001956511841854 -0.0333823300898075 -0.0169581566005945
vn 0.1286324326998731 -3.4188777431770632 5.2078523468633175
v 0.0043638511560857 -0.0335020013153553 -0.0169474687427282
vn 0.5867304398669785 -3.3453453000439177 5.2248281357412889
v 0.0088948747143149 -0.0330066718161106 -0.0169369038194418
vn 1.0281316916775427 -3.2113895515066626 5.2419527225080351
v 0.0133158294484019 -0.0318979807198048 -0.0169266238808632
vn 1.4466494700461201 -3.0181370546240922 5.2587203436489443
v 0.0175428148359060 -0.0302040912210941 -0.0169168356806040
vn 2.3235843910351650 -3.5423148543173255 4.4255871320509028
v 0.0218391902744770 -0.0284910686314106 -0.0173982083797455
vn 3.3048581443035672 -2.5057684916459761 4.5192203831257842
v 0.0302349030971527 -0.0205961801111698 -0.0173639822751284
vn 3.1219046457600537 -2.7829651113935294 4.4919841822635371
v 0.0287820436060429 -0.0223913975059986 -0.0173698458820581
vn 4.1861175133704460 -3.6699464582158718 2.6126245610799237
v 0.0294707193970680 -0.0229917950928211 -0.0186338517814875
vn -1.4931114479333107 3.1449857734027673 5.1592797574060114
v -0.0109924757853150 0.0304801873862743 -0.0169836450368166
vn -1.0197480553597607 3.3281015268258063 5.1658753553751051
v -0.0067230355925858 0.0320982597768307 -0.0169731955975294
vn -0.5550404280950405 3.4125477610794150 5.1829818797279570
v -0.0022812543902546 0.0331167094409466 -0.0169630106538534
vn -0.0875940901023847 3.4312333821036036 5.2005297159025030
v 0.0022611906751990 0.0335260294377804 -0.0169522836804390
vn 0.3772247690717953 3.3862636898739886 5.2179619024121724
v 0.0067988252267241 0.0333161167800426 -0.0169417094439268
vn 0.8262828880472443 3.2803031871898432 5.2352643169629474
v 0.0112829580903053 0.0324862264096737 -0.0169312488287687
vn 1.2536469539007529 3.1155007762050695 5.2516463267525531
v 0.0156064117327332 0.0310642085969448 -0.0169212222099304
vn 1.6584399801667526 2.8930895353017028 5.2673954194431207
v 0.0196882784366608 0.0290708653628826 -0.0169118233025074
vn 3.8524780430551826 1.5264055503184517 4.5178371235748020
v 0.0348084382712841 0.0123825492337346 -0.0173456855118275
vn 4.0148365184131718 0.9887679300455801 4.5264300256104892
v 0.0361950658261776 0.0079514207318425 -0.0173401609063148
vn 5.3581374285738379 1.3282292060375798 2.6891802042204063
v 0.0370867252349854 0.0081651927903295 -0.0185718648135662
vn 4.1070255048692657 0.4332574337215973 4.5316031494643765
v 0.0369621701538563 0.0034111558925360 -0.0173371303826571
vn 3.3223022387408521 2.5232092035507190 4.4886113552006126
v 0.0303383395075798 0.0204475335776806 -0.0173635184764862
vn 3.6197335100437655 2.0411251220366715 4.5045285505441655
v 0.0328499376773834 0.0165677629411221 -0.0173534657806158
vn 2.7465885193162061 3.0676428060651868 4.5239506539729897
v 0.0256419945508242 0.0255659781396389 -0.0173825286328793
vn 3.6965145257179528 4.1863472963369910 2.5752916109838089
v 0.0262451358139515 0.0262501202523708 -0.0186602845788002
vn 2.5537215814075060 3.3736240343528592 4.4457532307648266
v 0.0238657798618078 0.0270387344062328 -0.0173897631466389
vn 3.0150031727824254 2.9086970176609781 4.4726524567998318
v 0.0273171402513981 0.0239708237349987 -0.0173757281154394
vn 1.4208484418320073 5.6551363291765071 2.0996306069325010
v 0.0116605320945382 0.0339853279292583 -0.0187818910926580
vn 1.0252949111374710 5.7499749165504950 2.0685929438800432
v 0.0093242526054382 0.0345004461705685 -0.0188015755265951
vn 0.9344246231276461 4.8643494545133477 3.7063029498583804
v 0.0092572942376137 0.0341285727918148 -0.0180873144418001
vn 1.5855216403929193 4.0209883354315163 4.4832232058798729
v 0.0158453751355410 0.0316577516496181 -0.0174227897077799
vn 2.1385111616690633 3.7438107368298099 4.4898274556976725
v 0.0200036838650703 0.0296239666640759 -0.0174056533724070
vn 2.5444122295740867 4.4070654377053202 3.5955468109021105
v 0.0202628672122955 0.0300784818828106 -0.0180183686316013
vn 2.1773448304474621 4.3794627378470867 3.7912310991602984
v 0.0181794166564941 0.0311872772872448 -0.0180313661694527
vn 1.8394291958134297 4.8078995286744233 3.5096431027977331
v 0.0160408951342106 0.0321433953940868 -0.0180446747690439
vn 1.0667283232724247 4.2341581745445191 4.4340724127173283
v 0.0114399688318372 0.0331096164882183 -0.0174410790205002
vn 1.2759798081281326 4.9860727951555806 3.5103299775488095
v 0.0115678412839770 0.0336173139512539 -0.0180727317929268
vn 0.4549045909641433 4.3564170708049765 4.4238698304024977
v 0.0068699615076184 0.0339584164321423 -0.0174601655453444
vn 0.4879673857399454 5.1826749174545990 3.4200128933978267
v 0.0069276145659387 0.0344789437949657 -0.0181019995361567
vn 0.5936442508338046 5.8062904231606804 2.0562314784924913
v 0.0069690304808319 0.0348528437316418 -0.0188213828951120
vn -0.1672834127673690 5.2138854521131943 3.3916446480381222
v 0.0022318172268569 0.0346985124051571 -0.0181315764784813
vn 0.3086963926334464 5.6305429615283948 2.3310512474728986
v 0.0046003842726350 0.0350427143275738 -0.0188412647694349
vn -0.1384080445299645 5.8665364332823646 1.9161991731232768
v 0.0022224897984415 0.0350709222257137 -0.0188612379133701
vn -0.8211441380353390 5.1696235386949621 3.3729238029264370
v -0.0024700316134840 0.0342771671712399 -0.0181615725159645
vn -1.0944487844452770 4.9292950717494275 3.5700377312173988
v -0.0047902697697282 0.0338287167251110 -0.0181761216372252
vn -1.7660504448791090 4.7600186704007861 3.5279672135668374
v -0.0093015944585204 0.0324656032025814 -0.0182047318667173
vn -1.5803984591897251 5.0367524267430666 3.3102226320669303
v -0.0070680370554328 0.0332249216735363 -0.0181900504976511
vn -2.8868858055538595 5.1663788956695829 1.7769458608679334
v -0.0137743223458529 0.0308098755776882 -0.0189851429313421
vn -2.4876996168067009 5.3798743752761684 1.7973215344521094
v -0.0116380276158452 0.0318799875676632 -0.0189790576696396
vn -2.6104076849437354 4.6609640404208843 3.2011361931200395
v -0.0136022651568055 0.0304932259023190 -0.0182237941771746
vn -2.2328095633308265 4.8332176426741089 3.2446441152286543
v -0.0114868916571140 0.0315521620213985 -0.0182192586362362
vn -2.0186764288907648 3.7987274199290111 4.4571877457523197
v -0.0133528402075171 0.0300341956317425 -0.0175397023558617
vn -1.8644249925448080 4.0717777405772084 4.3257253583789579
v -0.0112680904567242 0.0310777239501476 -0.0175367370247841
vn -1.3372196540617598 4.2615163998025514 4.3320528055949037
v -0.0069148936308920 0.0327248387038708 -0.0175176486372948
vn 1.8322103409592805 5.2882956462222692 2.4285668236702254
v 0.0139556117355824 0.0333149544894695 -0.0187625922262669
vn 2.1135890282184278 5.3951608768558037 2.1788195341581078
v 0.0161838289350271 0.0324984304606915 -0.0187439825385809
vn 2.5097342885156610 5.2276778867025735 2.1885860814082263
v 0.0183464828878641 0.0315332077443600 -0.0187259837985039
vn 2.8678248656699639 5.0313229304213216 2.2088741923529502
v 0.0204538330435753 0.0304133556783199 -0.0187083967030048
vn 3.1550183308776023 4.5605400275309984 2.5496467411996075
v 0.0224883183836937 0.0291500203311443 -0.0186914037913084
vn -0.1127646652450411 4.4231023645754579 4.3725702921900398
v 0.0022449283860624 0.0341751240193844 -0.0174794644117355
vn -0.7148481498804737 4.3960943711751161 4.3413746600933214
v -0.0023860081564635 0.0337606333196163 -0.0174990464001894
vn -1.9995848811052328 -4.9151342089384071 3.2551388074478687
v -0.0094781043007970 -0.0323985405266285 -0.0182060804218054
vn 0.1746734237972731 -5.8715226297464191 1.9183469475222783
v 0.0044219009578228 -0.0350465960800648 -0.0188430976122618
vn 0.1438618721169781 -5.2080981956613535 3.4195029835254731
v 0.0044078612700105 -0.0346726663410664 -0.0181181095540524
vn -0.1794480249455980 -5.7724421375695627 2.1193661975693590
v 0.0020316313020885 -0.0350637175142765 -0.0188632123172283
vn -0.4655163953261394 -5.2168256750681659 3.3751878587557727
v -0.0003112435515504 -0.0345509983599186 -0.0181479994207621
vn -0.5699114970118222 -5.8535485992606411 1.9410811189093877
v -0.0003477045975160 -0.0349196381866932 -0.0188833419233561
vn 1.2164910467653989 -4.9219597694610382 3.5957409303245895
v 0.0114026581868529 -0.0336606092751026 -0.0180740412324667
vn 1.4025851082856180 -5.6573584005092288 2.1031361016742944
v 0.0114933513104916 -0.0340289808809757 -0.0187836587429047
vn 1.6154415272673477 -4.8899627054273695 3.5125054454866440
v 0.0136705432087183 -0.0330075956881046 -0.0180597938597202
vn -0.9627089075561607 -5.8112564690009858 1.9116562366609848
v -0.0027012587524951 -0.0346139557659626 -0.0189033374190331
vn -0.8554470201134742 -5.0907074781211978 3.4576013662281837
v -0.0026403039228171 -0.0342504866421223 -0.0181628651916981
vn -1.3669665641962427 -5.7428397651925858 1.8612676043841176
v -0.0050352099351585 -0.0341462083160877 -0.0189228504896164
vn -1.2295937653354876 -5.1400019978431066 3.3081709203156726
v -0.0049502132460475 -0.0337895639240742 -0.0181773826479912
vn -1.7626748047033651 -5.6364783420518849 1.8746709763137770
v -0.0073487567715347 -0.0335179753601551 -0.0189418569207191
vn -1.0329684923841578 -4.3167141393983046 4.3673727754737950
v -0.0048289466649294 -0.0332807041704655 -0.0175093729048967
vn -1.6508419390449696 -4.1659439105012694 4.3164305999522101
v -0.0092889294028282 -0.0319112576544285 -0.0175281241536140
vn -1.5427416571590733 -4.9567346226592104 3.4127594962777357
v -0.0072401622310281 -0.0331697501242161 -0.0181915313005447
vn -2.1312630790024993 -3.9759903979925033 4.2866303036156967
v -0.0134488092735410 -0.0299817062914371 -0.0175393298268318
vn 0.7495878967271615 -4.2857385011589608 4.4585479764063649
v 0.0090061295777559 -0.0336416698992252 -0.0174513962119818
vn 0.1290698288850958 -4.3936738097775176 4.4077589851599761
v 0.0043881968595088 -0.0341494269669056 -0.0174706764519215
vn 0.5369210293312531 -5.0726539968184721 3.5503594353384522
v 0.0067625478841364 -0.0344947464764118 -0.0181032605469227
vn -0.4001135859561797 -4.4075141483964400 4.3751604504436798
v -0.0002597259299364 -0.0340301431715488 -0.0174901839345694
vn 1.7650976108386316 -5.5508854880041287 2.1009467637590160
v 0.0137865580618382 -0.0333704538643360 -0.0187644157558680
vn 2.0658981470323368 -5.3307866271674786 2.2540045093765868
v 0.0160291343927383 -0.0325588323175907 -0.0187456235289574
vn 2.2360382897567317 -4.5631486985421947 3.5932753463390856
v 0.0180434249341488 -0.0312524624168873 -0.0180324018001556
vn 2.7505109674767230 -3.1558962301461584 4.4786291912741838
v 0.0255222916603088 -0.0256703682243824 -0.0173830986022949
vn 3.6734287788955404 -4.2202017372829648 2.5312565223211738
v 0.0261220689862967 -0.0263572968542576 -0.0186614729464054
vn 3.9282747124015454 -3.9017865478218114 2.6273763053874903
v 0.0278555192053318 -0.0247291810810566 -0.0186471436172724
vn 1.4810548258292295 -1.7053416210017152 5.7229129722450152
v 0.0246449261903763 -0.0246655084192753 -0.0165541451424360
vn 1.3551248736529533 -4.1210934114151119 4.4667632000934452
v 0.0135111333802342 -0.0325089432299137 -0.0174326449632645
vn 1.9070517142063905 -3.9018193435766140 4.4504432905893996
v 0.0178178958594799 -0.0307801701128483 -0.0174147933721542
vn 3.3575730216928044 -4.4177506524246315 2.6141827796611707
v 0.0242784973233938 -0.0278689451515675 -0.0186767764389515
vn 3.6025408917115307 -2.0225295794714100 4.5361892718286754
v 0.0327655784785748 -0.0167128182947636 -0.0173538364470005
vn 3.7644396362544881 -1.7462073175209956 4.5270697266693283
v 0.0338333100080490 -0.0146396784111857 -0.0173495784401894
vn 4.0555865087097809 -0.7128678961501979 4.5497952314509122
v 0.0366345122456551 -0.0058186678215861 -0.0173384323716164
vn 3.9514950567548328 -1.2299929051535945 4.5227360407368868
v 0.0355400331318378 -0.0103051243349910 -0.0173427928239107
vn 4.1266223363745658 -0.1196439930337791 4.5341284291310187
v 0.0371097698807716 -0.0012287676800042 -0.0173365622758865
vn -2.4204447851615472 -5.7931518461554692 -0.2120385670578453
v -0.0128533318638802 -0.0301238484680653 -0.0503897108137608
vn 0.0988375272895557 -3.1556613985796238 -3.2236734770978321
v -0.0099738491699100 -0.0300938375294209 -0.0796030610799789
vn 0.3358500640082452 -3.1489530858775665 -3.2148214069981558
v -0.0116375088691711 -0.0296922959387302 -0.0801126807928085
vn 1.1682988660809761 3.0363534933196092 -2.9498723930273383
v -0.0112108141183853 -0.0267244316637516 -0.0800748467445374
vn 2.2303262413327261 2.5091260033367586 -2.8121490786424892
v -0.0070376801304519 -0.0281105972826481 -0.0788715779781342
vn 2.0313430321460393 2.6381010077206555 -2.8158674913375545
v -0.0080281281843781 -0.0276358462870121 -0.0791937783360481
vn 1.7552292143081130 2.7861337955784862 -2.8268348760339208
v -0.0087642241269350 -0.0273469723761082 -0.0794174447655678
vn 1.4240535122901867 2.9423667409015026 -2.8742856498639213
v -0.0106121497228742 -0.0268323756754398 -0.0799262747168541
vn 2.2636351901131380 2.5934460906732424 -2.8630327035776464
v -0.0015189007390290 -0.0306570269167423 -0.0766262337565422
vn 2.2640940186047684 2.6812954018586201 -2.7748426655616929
v 0.0009808463510126 -0.0314143933355808 -0.0753360241651535
vn 2.3329051193194941 2.4530583751538275 -2.8948282526484146
v -0.0058289240114391 -0.0287752486765385 -0.0784463211894035
vn 2.3241133412639456 2.4935759876906549 -2.8846262293538132
v -0.0037134871818125 -0.0297956503927708 -0.0776153281331062
vn -3.5481501928567853 -5.1681372868234057 -0.3666282289698432
v 0.0244336798787117 0.0266484580934048 -0.0503187626600266
vn 2.2772006815015664 5.8392838225806862 0.2346054153085458
v -0.0058915507979691 -0.0300058908760548 -0.0503187626600266
vn 1.6063135113514060 6.0630554017776754 0.1750004105395246
v -0.0016776265110821 -0.0313628800213337 -0.0503187626600266
vn 2.5699034736401956 5.7270619116148174 0.2638867485520076
v -0.0098374662920833 -0.0281852968037128 -0.0503187626600266
vn 1.0954437176090348 6.1813160523653607 0.1226945586442883
v 0.0005127648473717 -0.0318291969597340 -0.0503187626600266
vn -0.6572245192616681 6.2444025082040948 -0.0574531133720258
v 0.0095652490854263 -0.0321426428854465 -0.0503187626600266
vn -0.2176618075226066 6.2751716868502641 -0.0059625497410626
v 0.0072850892320275 -0.0323031730949879 -0.0503187626600266
vn 0.2153883334842282 6.2751641416277488 0.0370216163653365
v 0.0050067002885044 -0.0323034711182117 -0.0503187626600266
vn 0.6637563240864416 6.2432628757502782 0.0796917383368298
v 0.0027446290478110 -0.0321447439491749 -0.0503187626600266
vn -1.1070438651083170 6.1799271532315414 -0.1065558443192092
v 0.0118326358497143 -0.0318206585943699 -0.0503187626600266
vn -1.5398520646622456 6.0856625677897300 -0.1484568824508430
v 0.0140728633850813 -0.0313370861113071 -0.0503187626600266
vn -1.9666966521347333 5.9601429736106635 -0.1965824319716827
v 0.0162721909582615 -0.0306962467730045 -0.0503187626600266
vn -2.3817757224572218 5.8049832701880977 -0.2433258966830566
v 0.0184170398861170 -0.0299034900963306 -0.0503187626600266
vn -2.7977913771883882 5.6145869888488047 -0.2697201205483725
v 0.0204938258975744 -0.0289642252027988 -0.0503187626600266
vn -3.1726333218902054 5.4097837602266283 -0.2995187296121974
v 0.0224897041916847 -0.0278846658766270 -0.0503187626600266
vn -3.5649276027847736 5.1560358632965428 -0.3438721872238966
v 0.0243947375565767 -0.0266743041574955 -0.0503187626600266
vn -3.1828655782378141 -5.4033116327139012 -0.3260964937422999
v 0.0225308779627085 0.0278614275157452 -0.0503187626600266
vn -2.7933473554516675 -5.6166124760677212 -0.2850593608383706
v 0.0205369647592306 0.0289439074695110 -0.0503187626600266
vn 0.2083096550007620 -6.2758092189696866 0.0168792349033733
v 0.0050549115985632 0.0323069356381893 -0.0503187626600266
vn -0.2314686017775038 -6.2748731242797140 -0.0300537331850504
v 0.0073339045047760 0.0323031060397625 -0.0503187626600266
vn -0.6737593540945317 -6.2424958264806500 -0.0641538087331553
v 0.0096140168607235 0.0321390889585018 -0.0503187626600266
vn 1.6031917895849104 -6.0649139868654238 0.1585505253101425
v -0.0016353018581867 0.0313767157495022 -0.0503187626600266
vn 1.0828805189537933 -6.1844645762609165 0.1020270136623894
v 0.0005573056405410 0.0318399034440517 -0.0503187626600266
vn 0.6497648717469368 -6.2453006509076499 0.0599376116033344
v 0.0027914075180888 0.0321518294513226 -0.0503187626600266
vn 2.2778795836849115 -5.8392378758325965 0.2282782906010704
v -0.0058513707481325 0.0300242565572262 -0.0503187626600266
vn 2.5735201651362947 -5.7255952522360305 0.2605174809090524
v -0.0098079610615969 0.0281972102820873 -0.0503187626600266
vn 2.3715509588188164 -5.8110389961606801 0.2418643225084465
v -0.0117960860952735 0.0273280851542950 -0.0503187626600266
vn 2.6876309441224562 -5.6731484089797428 0.2191201143627019
v -0.0107717718929052 0.0284800045192242 -0.0351593755185604
vn 1.1495594460946987 -6.0633079589411629 0.1014681679070956
v -0.0137697802856565 0.0265662930905819 -0.0503187663853168
vn 2.7384425901873515 5.6463447327632821 0.2394320614384845
v -0.0107868686318398 -0.0284739620983601 -0.0351593755185604
vn 2.3965905178326152 5.8030370373643620 0.2022476311421581
v -0.0118116363883018 -0.0273253060877323 -0.0503187626600266
vn -1.5506880857414518 -6.0826084454856186 -0.1610620269467110
v 0.0141202593222260 0.0313266180455685 -0.0503187626600266
vn -1.9808442796662675 -5.9547054412313098 -0.2109317300135862
v 0.0163184478878975 0.0306823663413525 -0.0503187626600266
vn -2.3857357612607268 -5.8028110415528333 -0.2511389790254546
v 0.0184618737548590 0.0298863016068935 -0.0503187626600266
vn -1.1101963884157495 -6.1791422514215704 -0.1046534520869512
v 0.0118808811530471 0.0318136475980282 -0.0503187626600266
vn -2.4676607901438286 -3.3252136853969629 1.9162223802503475
v -0.0225884504616261 0.0265603922307491 -0.0479836091399193
vn -2.1107518770674969 -3.3056368606430016 2.3060519253981657
v -0.0270126089453697 0.0265699587762356 -0.0527175255119801
vn -2.7710062372703579 -3.3242455707244329 1.4454647790619393
v -0.0190790202468634 0.0265492014586926 -0.0425368696451187
vn -2.9757826536949281 -3.2938488278558493 0.9702252363597403
v -0.0165967345237732 0.0265367142856121 -0.0365517809987068
vn -2.1142622927431400 3.2952279207017754 2.3230557458182663
v -0.0270129777491093 0.0295699499547482 -0.0527111180126667
vn -2.4717852296243850 3.3163828056971281 1.9328332111245148
v -0.0225888192653656 0.0295603834092617 -0.0479772016406059
vn -2.7775220106192320 3.3173470863782430 1.4621392242804034
v -0.0190793890506029 0.0295491926372051 -0.0425304621458054
vn -2.9930318739628312 3.2879126092047306 0.9931653227891805
v -0.0165971033275127 0.0295367054641247 -0.0365453734993935
# 2442 vertices, 0 vertices normals

f 1//1 2//2 3//3
f 3//3 2//2 4//4
f 5//5 6//6 7//7
f 7//7 6//6 8//8
f 7//7 8//8 4//4
f 4//4 8//8 9//9
f 4//4 9//9 3//3
f 10//10 11//11 12//12
f 12//12 11//11 6//6
f 12//12 6//6 13//13
f 13//13 6//6 5//5
f 14//14 15//15 16//16
f 14//14 16//16 17//17
f 17//17 16//16 18//18
f 17//17 18//18 19//19
f 16//16 20//20 21//21
f 21//21 22//22 16//16
f 16//16 22//22 23//23
f 16//16 23//23 18//18
f 18//18 23//23 24//24
f 24//24 25//25 18//18
f 18//18 25//25 26//26
f 18//18 26//26 27//27
f 28//28 24//24 29//29
f 29//29 24//24 23//23
f 30//30 31//31 32//32
f 32//32 31//31 33//33
f 34//34 32//32 33//33
f 34//34 33//33 35//35
f 36//36 37//37 27//27
f 33//33 36//36 35//35
f 35//35 36//36 27//27
f 35//35 27//27 38//38
f 38//38 27//27 39//39
f 27//27 26//26 39//39
f 39//39 26//26 25//25
f 39//39 25//25 40//40
f 40//40 25//25 41//41
f 41//41 25//25 24//24
f 41//41 24//24 28//28
f 19//19 18//18 42//42
f 42//42 18//18 27//27
f 42//42 27//27 43//43
f 43//43 27//27 37//37
f 44//44 45//45 46//46
f 44//44 46//46 47//47
f 47//47 46//46 48//48
f 47//47 48//48 49//49
f 49//49 48//48 50//50
f 49//49 50//50 51//51
f 51//51 50//50 52//52
f 51//51 52//52 53//53
f 53//53 52//52 54//54
f 53//53 54//54 55//55
f 55//55 54//54 56//56
f 55//55 56//56 57//57
f 57//57 56//56 58//58
f 57//57 58//58 59//59
f 44//44 47//47 60//60
f 60//60 47//47 61//61
f 62//62 60//60 63//63
f 63//63 60//60 61//61
f 63//63 61//61 64//64
f 64//64 61//61 65//65
f 51//51 53//53 49//49
f 49//49 53//53 55//55
f 49//49 55//55 47//47
f 47//47 55//55 57//57
f 47//47 57//57 61//61
f 61//61 57//57 59//59
f 59//59 58//58 66//66
f 59//59 66//66 61//61
f 61//61 66//66 67//67
f 61//61 67//67 65//65
f 65//65 67//67 68//68
f 65//65 68//68 64//64
f 64//64 68//68 69//69
f 64//64 69//69 63//63
f 63//63 69//69 70//70
f 63//63 70//70 62//62
f 62//62 70//70 71//71
f 62//62 71//71 60//60
f 60//60 71//71 45//45
f 60//60 45//45 44//44
f 58//58 72//72 73//73
f 58//58 73//73 66//66
f 66//66 73//73 74//74
f 66//66 74//74 67//67
f 67//67 74//74 75//75
f 67//67 75//75 68//68
f 68//68 75//75 76//76
f 68//68 76//76 69//69
f 69//69 76//76 77//77
f 69//69 77//77 70//70
f 70//70 77//77 78//78
f 70//70 78//78 71//71
f 71//71 78//78 79//79
f 71//71 79//79 45//45
f 19//19 42//42 80//80
f 81//81 82//82 15//15
f 17//17 19//19 54//54
f 54//54 52//52 17//17
f 17//17 52//52 50//50
f 17//17 50//50 14//14
f 14//14 50//50 15//15
f 15//15 50//50 48//48
f 15//15 48//48 81//81
f 81//81 48//48 46//46
f 81//81 46//46 83//83
f 83//83 46//46 45//45
f 83//83 45//45 79//79
f 19//19 80//80 54//54
f 54//54 80//80 84//84
f 54//54 84//84 56//56
f 56//56 84//84 72//72
f 56//56 72//72 58//58
f 85//85 86//86 82//82
f 82//82 86//86 20//20
f 82//82 20//20 15//15
f 15//15 20//20 16//16
f 20//20 86//86 87//87
f 29//29 23//23 88//88
f 88//88 23//23 22//22
f 88//88 22//22 89//89
f 89//89 22//22 21//21
f 89//89 21//21 90//90
f 90//90 21//21 20//20
f 90//90 20//20 91//91
f 91//91 20//20 92//92
f 20//20 87//87 92//92
f 92//92 87//87 93//93
f 92//92 93//93 94//94
f 94//94 93//93 9//9
f 9//9 93//93 3//3
f 95//95 96//96 97//97
f 97//97 96//96 98//98
f 97//97 98//98 99//99
f 100//100 101//101 99//99
f 99//99 101//101 102//102
f 99//99 102//102 97//97
f 103//103 104//104 105//105
f 105//105 104//104 106//106
f 105//105 106//106 107//107
f 108//108 109//109 107//107
f 107//107 109//109 110//110
f 107//107 110//110 105//105
f 107//107 111//111 108//108
f 108//108 111//111 112//112
f 108//108 112//112 113//113
f 114//114 115//115 113//113
f 113//113 115//115 109//109
f 113//113 109//109 108//108
f 116//116 117//117 118//118
f 118//118 117//117 115//115
f 118//118 115//115 114//114
f 97//97 102//102 95//95
f 95//95 102//102 117//117
f 95//95 117//117 116//116
f 118//118 119//119 116//116
f 116//116 119//119 120//120
f 116//116 120//120 95//95
f 121//121 98//98 96//96
f 99//99 98//98 121//121
f 121//121 120//120 119//119
f 95//95 120//120 121//121
f 118//118 122//122 121//121
f 123//123 124//124 121//121
f 121//121 122//122 125//125
f 119//119 118//118 121//121
f 96//96 95//95 121//121
f 124//124 99//99 121//121
f 114//114 113//113 126//126
f 126//126 125//125 114//114
f 114//114 125//125 122//122
f 114//114 122//122 118//118
f 121//121 112//112 111//111
f 113//113 112//112 121//121
f 121//121 106//106 104//104
f 107//107 106//106 121//121
f 121//121 127//127 123//123
f 103//103 127//127 121//121
f 126//126 121//121 125//125
f 104//104 103//103 121//121
f 111//111 107//107 121//121
f 126//126 113//113 121//121
f 100//100 99//99 124//124
f 124//124 123//123 100//100
f 100//100 123//123 127//127
f 100//100 127//127 103//103
f 105//105 110//110 103//103
f 103//103 110//110 101//101
f 103//103 101//101 100//100
f 128//128 109//109 129//129
f 129//129 109//109 115//115
f 129//129 115//115 130//130
f 130//130 115//115 131//131
f 132//132 133//133 101//101
f 101//101 133//133 134//134
f 135//135 102//102 136//136
f 136//136 102//102 101//101
f 136//136 101//101 137//137
f 137//137 101//101 134//134
f 128//128 138//138 109//109
f 109//109 138//138 139//139
f 109//109 139//139 110//110
f 110//110 139//139 140//140
f 110//110 140//140 141//141
f 142//142 143//143 117//117
f 117//117 143//143 144//144
f 117//117 144//144 115//115
f 115//115 144//144 145//145
f 115//115 145//145 131//131
f 141//141 146//146 110//110
f 110//110 146//146 147//147
f 110//110 147//147 101//101
f 101//101 147//147 148//148
f 101//101 148//148 132//132
f 135//135 149//149 102//102
f 102//102 149//149 150//150
f 102//102 150//150 117//117
f 117//117 150//150 151//151
f 117//117 151//151 142//142
f 152//152 153//153 154//154
f 153//153 152//152 131//131
f 155//155 156//156 157//157
f 158//158 133//133 159//159
f 159//159 133//133 132//132
f 159//159 132//132 160//160
f 160//160 132//132 148//148
f 160//160 148//148 161//161
f 161//161 148//148 147//147
f 161//161 147//147 162//162
f 162//162 147//147 146//146
f 162//162 146//146 163//163
f 163//163 146//146 141//141
f 163//163 141//141 164//164
f 164//164 141//141 140//140
f 164//164 140//140 165//165
f 165//165 140//140 139//139
f 165//165 139//139 166//166
f 166//166 139//139 138//138
f 166//166 138//138 167//167
f 167//167 138//138 128//128
f 167//167 128//128 168//168
f 168//168 128//128 129//129
f 168//168 129//129 152//152
f 152//152 129//129 130//130
f 152//152 130//130 131//131
f 158//158 159//159 169//169
f 169//169 159//159 160//160
f 169//169 160//160 170//170
f 170//170 160//160 161//161
f 170//170 161//161 171//171
f 171//171 161//161 162//162
f 171//171 162//162 172//172
f 172//172 162//162 163//163
f 172//172 163//163 173//173
f 173//173 163//163 164//164
f 173//173 164//164 174//174
f 174//174 164//164 165//165
f 174//174 165//165 175//175
f 175//175 165//165 166//166
f 175//175 166//166 176//176
f 176//176 166//166 167//167
f 176//176 167//167 177//177
f 177//177 167//167 168//168
f 177//177 168//168 178//178
f 178//178 168//168 152//152
f 178//178 152//152 179//179
f 179//179 152//152 154//154
f 179//179 154//154 180//180
f 181//181 182//182 157//157
f 157//157 182//182 183//183
f 157//157 183//183 155//155
f 180//180 184//184 179//179
f 179//179 184//184 185//185
f 179//179 185//185 178//178
f 178//178 185//185 186//186
f 178//178 186//186 177//177
f 177//177 186//186 187//187
f 177//177 187//187 176//176
f 176//176 187//187 188//188
f 176//176 188//188 175//175
f 175//175 188//188 189//189
f 175//175 189//189 174//174
f 174//174 189//189 190//190
f 174//174 190//190 173//173
f 173//173 190//190 191//191
f 173//173 191//191 172//172
f 172//172 191//191 192//192
f 172//172 192//192 171//171
f 171//171 192//192 193//193
f 171//171 193//193 170//170
f 170//170 193//193 182//182
f 170//170 182//182 169//169
f 169//169 182//182 181//181
f 169//169 181//181 158//158
f 180//180 194//194 184//184
f 184//184 194//194 195//195
f 184//184 195//195 185//185
f 185//185 195//195 196//196
f 185//185 196//196 186//186
f 186//186 196//196 197//197
f 186//186 197//197 187//187
f 187//187 197//197 198//198
f 187//187 198//198 188//188
f 188//188 198//198 199//199
f 188//188 199//199 189//189
f 189//189 199//199 200//200
f 189//189 200//200 190//190
f 190//190 200//200 201//201
f 190//190 201//201 191//191
f 191//191 201//201 202//202
f 191//191 202//202 192//192
f 192//192 202//202 203//203
f 192//192 203//203 193//193
f 193//193 203//203 204//204
f 193//193 204//204 182//182
f 182//182 204//204 205//205
f 182//182 205//205 183//183
f 206//206 158//158 181//181
f 207//207 194//194 180//180
f 208//208 209//209 210//210
f 209//209 208//208 211//211
f 211//211 208//208 212//212
f 211//211 212//212 213//213
f 214//214 215//215 212//212
f 212//212 215//215 216//216
f 212//212 216//216 213//213
f 217//217 218//218 219//219
f 219//219 218//218 220//220
f 219//219 220//220 214//214
f 214//214 220//220 221//221
f 214//214 221//221 215//215
f 217//217 219//219 222//222
f 222//222 219//219 223//223
f 222//222 223//223 224//224
f 224//224 223//223 225//225
f 225//225 223//223 226//226
f 225//225 226//226 227//227
f 228//228 229//229 226//226
f 226//226 229//229 230//230
f 226//226 230//230 227//227
f 231//231 232//232 228//228
f 228//228 232//232 233//233
f 228//228 233//233 229//229
f 234//234 235//235 231//231
f 231//231 235//235 236//236
f 231//231 236//236 232//232
f 237//237 238//238 234//234
f 234//234 238//238 239//239
f 234//234 239//239 235//235
f 240//240 241//241 242//242
f 242//242 241//241 243//243
f 242//242 243//243 237//237
f 237//237 243//243 244//244
f 237//237 244//244 238//238
f 133//133 158//158 134//134
f 134//134 158//158 206//206
f 134//134 206//206 137//137
f 137//137 206//206 245//245
f 137//137 245//245 136//136
f 136//136 245//245 246//246
f 136//136 246//246 135//135
f 135//135 246//246 247//247
f 135//135 247//247 149//149
f 149//149 247//247 248//248
f 149//149 248//248 150//150
f 150//150 248//248 249//249
f 150//150 249//249 151//151
f 151//151 249//249 250//250
f 151//151 250//250 142//142
f 142//142 250//250 251//251
f 142//142 251//251 143//143
f 143//143 251//251 252//252
f 143//143 252//252 144//144
f 144//144 252//252 253//253
f 144//144 253//253 145//145
f 145//145 253//253 254//254
f 131//131 145//145 153//153
f 153//153 145//145 254//254
f 153//153 254//254 255//255
f 255//255 254//254 253//253
f 255//255 253//253 256//256
f 256//256 253//253 252//252
f 256//256 252//252 257//257
f 257//257 252//252 251//251
f 257//257 251//251 258//258
f 258//258 251//251 250//250
f 258//258 250//250 259//259
f 259//259 250//250 249//249
f 259//259 249//249 260//260
f 260//260 249//249 248//248
f 260//260 248//248 261//261
f 261//261 248//248 247//247
f 261//261 247//247 262//262
f 262//262 247//247 246//246
f 262//262 246//246 263//263
f 263//263 246//246 245//245
f 263//263 245//245 264//264
f 264//264 245//245 206//206
f 264//264 206//206 265//265
f 265//265 206//206 181//181
f 265//265 181//181 157//157
f 154//154 208//208 180//180
f 180//180 208//208 210//210
f 180//180 210//210 207//207
f 156//156 240//240 157//157
f 157//157 240//240 242//242
f 157//157 242//242 265//265
f 265//265 242//242 237//237
f 265//265 237//237 264//264
f 264//264 237//237 234//234
f 264//264 234//234 263//263
f 263//263 234//234 231//231
f 263//263 231//231 262//262
f 262//262 231//231 228//228
f 262//262 228//228 261//261
f 261//261 228//228 226//226
f 261//261 226//226 260//260
f 260//260 226//226 223//223
f 260//260 223//223 259//259
f 259//259 223//223 219//219
f 259//259 219//219 258//258
f 258//258 219//219 214//214
f 258//258 214//214 257//257
f 257//257 214//214 212//212
f 257//257 212//212 256//256
f 256//256 212//212 208//208
f 256//256 208//208 255//255
f 255//255 208//208 154//154
f 255//255 154//154 153//153
f 31//31 266//266 43//43
f 31//31 43//43 33//33
f 33//33 43//43 37//37
f 33//33 37//37 36//36
f 85//85 1//1 3//3
f 85//85 3//3 86//86
f 86//86 3//3 93//93
f 86//86 93//93 87//87
f 207//207 267//267 194//194
f 194//194 267//267 268//268
f 194//194 268//268 195//195
f 195//195 268//268 196//196
f 269//269 183//183 270//270
f 270//270 183//183 205//205
f 270//270 205//205 271//271
f 271//271 205//205 204//204
f 271//271 204//204 272//272
f 272//272 204//204 203//203
f 268//268 273//273 196//196
f 196//196 273//273 274//274
f 196//196 274//274 197//197
f 197//197 274//274 275//275
f 197//197 275//275 198//198
f 198//198 275//275 276//276
f 198//198 276//276 199//199
f 199//199 276//276 277//277
f 199//199 277//277 200//200
f 200//200 277//277 278//278
f 200//200 278//278 201//201
f 201//201 278//278 279//279
f 201//201 279//279 202//202
f 202//202 279//279 280//280
f 202//202 280//280 203//203
f 203//203 280//280 281//281
f 203//203 281//281 272//272
f 266//266 31//31 282//282
f 282//282 31//31 30//30
f 282//282 30//30 283//283
f 284//284 285//285 286//286
f 286//286 285//285 287//287
f 286//286 287//287 288//288
f 288//288 287//287 289//289
f 288//288 289//289 283//283
f 283//283 289//289 290//290
f 283//283 290//290 282//282
f 10//10 12//12 82//82
f 82//82 12//12 13//13
f 82//82 13//13 5//5
f 5//5 7//7 82//82
f 82//82 7//7 4//4
f 82//82 4//4 85//85
f 85//85 4//4 2//2
f 85//85 2//2 1//1
f 10//10 82//82 291//291
f 291//291 82//82 81//81
f 291//291 81//81 292//292
f 292//292 81//81 83//83
f 292//292 83//83 293//293
f 293//293 83//83 294//294
f 294//294 83//83 79//79
f 294//294 79//79 295//295
f 78//78 77//77 296//296
f 296//296 297//297 78//78
f 78//78 297//297 298//298
f 78//78 298//298 79//79
f 79//79 298//298 299//299
f 79//79 299//299 295//295
f 75//75 300//300 76//76
f 76//76 300//300 301//301
f 76//76 301//301 77//77
f 77//77 301//301 302//302
f 77//77 302//302 296//296
f 74//74 303//303 75//75
f 75//75 303//303 304//304
f 75//75 304//304 300//300
f 73//73 305//305 74//74
f 74//74 305//305 306//306
f 74//74 306//306 303//303
f 72//72 307//307 73//73
f 73//73 307//307 308//308
f 73//73 308//308 305//305
f 84//84 309//309 72//72
f 72//72 309//309 310//310
f 72//72 310//310 307//307
f 80//80 311//311 84//84
f 84//84 311//311 312//312
f 84//84 312//312 309//309
f 290//290 289//289 42//42
f 290//290 42//42 282//282
f 282//282 42//42 43//43
f 282//282 43//43 266//266
f 289//289 287//287 42//42
f 42//42 287//287 285//285
f 42//42 285//285 80//80
f 80//80 285//285 313//313
f 80//80 313//313 311//311
f 296//296 302//302 314//314
f 299//299 315//315 295//295
f 295//295 315//315 316//316
f 295//295 316//316 294//294
f 294//294 316//316 317//317
f 294//294 317//317 293//293
f 293//293 317//317 318//318
f 293//293 318//318 292//292
f 292//292 318//318 319//319
f 292//292 319//319 291//291
f 291//291 319//319 11//11
f 291//291 11//11 10//10
f 298//298 320//320 299//299
f 299//299 320//320 321//321
f 299//299 321//321 315//315
f 314//314 322//322 296//296
f 296//296 322//322 323//323
f 296//296 323//323 297//297
f 297//297 323//323 324//324
f 297//297 324//324 298//298
f 298//298 324//324 325//325
f 298//298 325//325 320//320
f 300//300 326//326 301//301
f 301//301 326//326 327//327
f 301//301 327//327 302//302
f 302//302 327//327 328//328
f 302//302 328//328 314//314
f 306//306 329//329 303//303
f 303//303 329//329 330//330
f 303//303 330//330 304//304
f 304//304 330//330 331//331
f 304//304 331//331 300//300
f 300//300 331//331 332//332
f 300//300 332//332 326//326
f 307//307 333//333 308//308
f 308//308 333//333 334//334
f 308//308 334//334 305//305
f 305//305 334//334 335//335
f 305//305 335//335 306//306
f 306//306 335//335 336//336
f 306//306 336//336 329//329
f 309//309 337//337 310//310
f 310//310 337//337 338//338
f 310//310 338//338 307//307
f 307//307 338//338 339//339
f 307//307 339//339 333//333
f 340//340 341//341 312//312
f 312//312 341//341 342//342
f 312//312 342//342 309//309
f 309//309 342//342 343//343
f 309//309 343//343 337//337
f 285//285 284//284 313//313
f 313//313 284//284 340//340
f 313//313 340//340 311//311
f 311//311 340//340 312//312
f 344//344 345//345 346//346
f 346//346 345//345 347//347
f 346//346 347//347 348//348
f 348//348 347//347 349//349
f 348//348 349//349 350//350
f 351//351 352//352 353//353
f 353//353 352//352 354//354
f 353//353 354//354 355//355
f 355//355 354//354 356//356
f 355//355 356//356 357//357
f 357//357 356//356 358//358
f 357//357 358//358 359//359
f 359//359 358//358 350//350
f 359//359 350//350 360//360
f 360//360 350//350 349//349
f 353//353 361//361 351//351
f 351//351 361//361 362//362
f 351//351 362//362 363//363
f 363//363 362//362 364//364
f 363//363 364//364 365//365
f 365//365 364//364 366//366
f 365//365 366//366 367//367
f 367//367 366//366 368//368
f 367//367 368//368 369//369
f 369//369 368//368 370//370
f 369//369 370//370 371//371
f 371//371 370//370 372//372
f 371//371 372//372 373//373
f 373//373 372//372 374//374
f 373//373 374//374 375//375
f 375//375 374//374 376//376
f 375//375 376//376 377//377
f 377//377 376//376 378//378
f 377//377 378//378 379//379
f 379//379 378//378 380//380
f 379//379 380//380 381//381
f 381//381 380//380 382//382
f 381//381 382//382 383//383
f 382//382 384//384 383//383
f 383//383 384//384 385//385
f 383//383 385//385 386//386
f 386//386 385//385 387//387
f 386//386 387//387 388//388
f 388//388 387//387 389//389
f 388//388 389//389 390//390
f 390//390 389//389 391//391
f 390//390 391//391 392//392
f 392//392 391//391 393//393
f 392//392 393//393 394//394
f 394//394 393//393 395//395
f 394//394 395//395 396//396
f 396//396 395//395 397//397
f 396//396 397//397 398//398
f 398//398 397//397 399//399
f 398//398 399//399 400//400
f 400//400 399//399 401//401
f 400//400 401//401 402//402
f 402//402 401//401 403//403
f 402//402 403//403 404//404
f 404//404 403//403 405//405
f 404//404 405//405 406//406
f 406//406 405//405 407//407
f 406//406 407//407 408//408
f 408//408 407//407 409//409
f 408//408 409//409 410//410
f 410//410 409//409 411//411
f 412//412 413//413 414//414
f 414//414 413//413 415//415
f 414//414 415//415 416//416
f 416//416 415//415 417//417
f 416//416 417//417 418//418
f 418//418 417//417 419//419
f 418//418 419//419 420//420
f 420//420 419//419 421//421
f 420//420 421//421 422//422
f 422//422 421//421 423//423
f 422//422 423//423 424//424
f 424//424 423//423 425//425
f 424//424 425//425 426//426
f 426//426 425//425 427//427
f 426//426 427//427 428//428
f 428//428 427//427 429//429
f 428//428 429//429 430//430
f 430//430 429//429 431//431
f 430//430 431//431 432//432
f 432//432 431//431 433//433
f 432//432 433//433 434//434
f 434//434 433//433 435//435
f 434//434 435//435 436//436
f 436//436 435//435 437//437
f 436//436 437//437 438//438
f 438//438 437//437 439//439
f 438//438 439//439 440//440
f 440//440 439//439 441//441
f 442//442 443//443 444//444
f 444//444 443//443 445//445
f 444//444 445//445 446//446
f 446//446 445//445 447//447
f 446//446 447//447 448//448
f 448//448 447//447 449//449
f 448//448 449//449 450//450
f 450//450 449//449 451//451
f 450//450 451//451 452//452
f 452//452 451//451 453//453
f 452//452 453//453 454//454
f 454//454 453//453 455//455
f 454//454 455//455 456//456
f 456//456 455//455 457//457
f 456//456 457//457 458//458
f 458//458 457//457 459//459
f 458//458 459//459 460//460
f 460//460 459//459 461//461
f 460//460 461//461 462//462
f 462//462 461//461 463//463
f 462//462 463//463 464//464
f 464//464 463//463 465//465
f 464//464 465//465 466//466
f 466//466 465//465 467//467
f 466//466 467//467 468//468
f 468//468 467//467 469//469
f 470//470 442//442 471//471
f 471//471 442//442 444//444
f 471//471 444//444 472//472
f 472//472 444//444 446//446
f 472//472 446//446 473//473
f 473//473 446//446 448//448
f 473//473 448//448 474//474
f 474//474 448//448 450//450
f 474//474 450//450 475//475
f 475//475 450//450 452//452
f 475//475 452//452 476//476
f 476//476 452//452 454//454
f 476//476 454//454 477//477
f 477//477 454//454 456//456
f 477//477 456//456 478//478
f 478//478 456//456 458//458
f 478//478 458//458 479//479
f 479//479 458//458 460//460
f 479//479 460//460 480//480
f 480//480 460//460 462//462
f 480//480 462//462 481//481
f 481//481 462//462 464//464
f 481//481 464//464 482//482
f 482//482 464//464 466//466
f 482//482 466//466 483//483
f 483//483 466//466 468//468
f 483//483 484//484 482//482
f 482//482 484//484 485//485
f 482//482 485//485 481//481
f 481//481 485//485 486//486
f 481//481 486//486 480//480
f 480//480 486//486 487//487
f 480//480 487//487 479//479
f 479//479 487//487 488//488
f 479//479 488//488 478//478
f 478//478 488//488 489//489
f 478//478 489//489 477//477
f 477//477 489//489 490//490
f 477//477 490//490 476//476
f 476//476 490//490 491//491
f 476//476 491//491 475//475
f 475//475 491//491 492//492
f 475//475 492//492 474//474
f 474//474 492//492 493//493
f 474//474 493//493 473//473
f 473//473 493//493 494//494
f 473//473 494//494 472//472
f 472//472 494//494 495//495
f 472//472 495//495 471//471
f 471//471 495//495 496//496
f 471//471 496//496 470//470
f 470//470 496//496 497//497
f 498//498 499//499 500//500
f 500//500 499//499 501//501
f 502//502 503//503 504//504
f 504//504 503//503 501//501
f 504//504 501//501 505//505
f 505//505 501//501 499//499
f 502//502 506//506 503//503
f 503//503 506//506 507//507
f 503//503 507//507 508//508
f 508//508 507//507 509//509
f 508//508 509//509 510//510
f 510//510 509//509 511//511
f 511//511 512//512 510//510
f 510//510 512//512 513//513
f 510//510 513//513 514//514
f 513//513 515//515 514//514
f 514//514 515//515 516//516
f 514//514 516//516 517//517
f 518//518 519//519 520//520
f 520//520 519//519 517//517
f 520//520 517//517 521//521
f 521//521 517//517 516//516
f 518//518 522//522 519//519
f 519//519 522//522 523//523
f 519//519 523//523 524//524
f 524//524 523//523 525//525
f 524//524 525//525 526//526
f 526//526 525//525 527//527
f 527//527 528//528 526//526
f 526//526 528//528 529//529
f 526//526 529//529 530//530
f 529//529 531//531 530//530
f 530//530 531//531 532//532
f 530//530 532//532 533//533
f 534//534 535//535 536//536
f 536//536 535//535 533//533
f 536//536 533//533 537//537
f 537//537 533//533 532//532
f 534//534 538//538 535//535
f 535//535 538//538 539//539
f 535//535 539//539 540//540
f 540//540 539//539 541//541
f 540//540 541//541 542//542
f 542//542 541//541 543//543
f 544//544 545//545 546//546
f 546//546 545//545 542//542
f 546//546 542//542 547//547
f 547//547 542//542 543//543
f 548//548 549//549 550//550
f 551//551 552//552 553//553
f 554//554 555//555 556//556
f 557//557 558//558 559//559
f 560//560 561//561 562//562
f 563//563 564//564 565//565
f 565//565 564//564 566//566
f 565//565 566//566 567//567
f 567//567 566//566 568//568
f 567//567 568//568 569//569
f 569//569 568//568 570//570
f 570//570 568//568 571//571
f 570//570 571//571 572//572
f 572//572 571//571 573//573
f 573//573 571//571 574//574
f 573//573 574//574 575//575
f 575//575 574//574 576//576
f 575//575 576//576 577//577
f 578//578 579//579 576//576
f 576//576 579//579 580//580
f 576//576 580//580 577//577
f 558//558 581//581 559//559
f 559//559 581//581 582//582
f 559//559 582//582 578//578
f 578//578 582//582 583//583
f 578//578 583//583 579//579
f 557//557 559//559 584//584
f 584//584 559//559 585//585
f 584//584 585//585 586//586
f 586//586 585//585 587//587
f 586//586 587//587 588//588
f 556//556 555//555 587//587
f 587//587 555//555 589//589
f 587//587 589//589 588//588
f 554//554 556//556 590//590
f 590//590 556//556 591//591
f 590//590 591//591 592//592
f 592//592 591//591 593//593
f 592//592 593//593 594//594
f 594//594 593//593 595//595
f 595//595 593//593 596//596
f 595//595 596//596 597//597
f 597//597 596//596 598//598
f 598//598 596//596 599//599
f 598//598 599//599 600//600
f 553//553 552//552 601//601
f 552//552 602//602 601//601
f 601//601 602//602 603//603
f 601//601 603//603 599//599
f 599//599 603//603 604//604
f 599//599 604//604 600//600
f 551//551 553//553 605//605
f 605//605 553//553 606//606
f 605//605 606//606 607//607
f 607//607 606//606 608//608
f 608//608 606//606 609//609
f 608//608 609//609 610//610
f 610//610 609//609 611//611
f 611//611 609//609 612//612
f 611//611 612//612 613//613
f 550//550 549//549 612//612
f 612//612 549//549 614//614
f 612//612 614//614 613//613
f 548//548 550//550 615//615
f 615//615 550//550 616//616
f 615//615 616//616 617//617
f 617//617 616//616 618//618
f 617//617 618//618 619//619
f 620//620 621//621 622//622
f 622//622 621//621 623//623
f 622//622 623//623 618//618
f 618//618 623//623 624//624
f 618//618 624//624 619//619
f 620//620 622//622 625//625
f 625//625 622//622 626//626
f 625//625 626//626 627//627
f 627//627 626//626 628//628
f 627//627 628//628 629//629
f 630//630 631//631 632//632
f 632//632 633//633 630//630
f 630//630 633//633 634//634
f 630//630 634//634 628//628
f 628//628 634//634 635//635
f 628//628 635//635 629//629
f 560//560 562//562 636//636
f 636//636 562//562 637//637
f 636//636 637//637 631//631
f 631//631 637//637 638//638
f 631//631 638//638 632//632
f 639//639 640//640 641//641
f 639//639 641//641 642//642
f 643//643 644//644 645//645
f 640//640 646//646 641//641
f 641//641 646//646 647//647
f 641//641 647//647 648//648
f 648//648 647//647 649//649
f 648//648 649//649 650//650
f 650//650 649//649 644//644
f 644//644 649//649 651//651
f 644//644 651//651 645//645
f 645//645 652//652 643//643
f 643//643 652//652 653//653
f 643//643 653//653 654//654
f 654//654 653//653 655//655
f 654//654 655//655 656//656
f 656//656 655//655 657//657
f 656//656 657//657 658//658
f 659//659 660//660 661//661
f 657//657 662//662 658//658
f 658//658 662//662 663//663
f 658//658 663//663 664//664
f 664//664 663//663 665//665
f 664//664 665//665 666//666
f 667//667 668//668 659//659
f 659//659 668//668 669//669
f 659//659 669//669 670//670
f 670//670 671//671 659//659
f 659//659 671//671 672//672
f 659//659 672//672 673//673
f 673//673 674//674 659//659
f 659//659 674//674 675//675
f 659//659 675//675 641//641
f 641//641 675//675 676//676
f 641//641 676//676 642//642
f 677//677 678//678 679//679
f 679//679 678//678 680//680
f 679//679 680//680 681//681
f 661//661 682//682 659//659
f 659//659 682//682 683//683
f 659//659 683//683 667//667
f 667//667 683//683 684//684
f 665//665 685//685 666//666
f 666//666 685//685 686//686
f 666//666 686//686 687//687
f 687//687 686//686 688//688
f 687//687 688//688 677//677
f 677//677 688//688 689//689
f 677//677 689//689 678//678
f 680//680 690//690 681//681
f 681//681 690//690 691//691
f 681//681 691//691 692//692
f 692//692 691//691 693//693
f 692//692 693//693 694//694
f 694//694 693//693 695//695
f 694//694 695//695 684//684
f 695//695 696//696 684//684
f 684//684 696//696 697//697
f 684//684 697//697 698//698
f 698//698 699//699 684//684
f 684//684 699//699 700//700
f 684//684 700//700 667//667
f 701//701 702//702 653//653
f 703//703 647//647 704//704
f 704//704 647//647 646//646
f 704//704 646//646 705//705
f 701//701 653//653 706//706
f 706//706 653//653 652//652
f 706//706 652//652 707//707
f 707//707 652//652 645//645
f 707//707 645//645 708//708
f 708//708 645//645 651//651
f 708//708 651//651 703//703
f 703//703 651//651 649//649
f 703//703 649//649 647//647
f 705//705 646//646 709//709
f 709//709 646//646 640//640
f 709//709 640//640 710//710
f 710//710 640//640 639//639
f 710//710 639//639 711//711
f 711//711 639//639 642//642
f 711//711 642//642 712//712
f 712//712 642//642 676//676
f 712//712 676//676 713//713
f 713//713 676//676 675//675
f 713//713 675//675 714//714
f 714//714 675//675 674//674
f 714//714 674//674 715//715
f 715//715 674//674 673//673
f 715//715 673//673 716//716
f 716//716 673//673 672//672
f 716//716 672//672 717//717
f 717//717 672//672 671//671
f 717//717 671//671 718//718
f 718//718 671//671 670//670
f 718//718 670//670 719//719
f 700//700 720//720 667//667
f 667//667 720//720 721//721
f 667//667 721//721 668//668
f 668//668 721//721 719//719
f 668//668 719//719 669//669
f 669//669 719//719 670//670
f 720//720 700//700 722//722
f 722//722 700//700 699//699
f 722//722 699//699 723//723
f 723//723 699//699 698//698
f 723//723 698//698 724//724
f 724//724 698//698 697//697
f 724//724 697//697 725//725
f 725//725 697//697 696//696
f 725//725 696//696 726//726
f 726//726 696//696 695//695
f 726//726 695//695 727//727
f 727//727 695//695 693//693
f 727//727 693//693 728//728
f 728//728 693//693 691//691
f 728//728 691//691 729//729
f 729//729 691//691 690//690
f 729//729 690//690 730//730
f 730//730 690//690 680//680
f 730//730 680//680 731//731
f 731//731 680//680 678//678
f 731//731 678//678 732//732
f 732//732 678//678 689//689
f 732//732 689//689 733//733
f 733//733 689//689 688//688
f 733//733 688//688 734//734
f 734//734 688//688 686//686
f 734//734 686//686 735//735
f 686//686 685//685 735//735
f 735//735 685//685 665//665
f 735//735 665//665 736//736
f 736//736 665//665 663//663
f 736//736 663//663 737//737
f 737//737 663//663 662//662
f 737//737 662//662 738//738
f 738//738 662//662 657//657
f 738//738 657//657 739//739
f 739//739 657//657 655//655
f 739//739 655//655 702//702
f 702//702 655//655 653//653
f 740//740 741//741 742//742
f 740//740 742//742 743//743
f 707//707 708//708 744//744
f 745//745 746//746 742//742
f 742//742 746//746 747//747
f 742//742 747//747 743//743
f 748//748 749//749 750//750
f 750//750 749//749 751//751
f 751//751 752//752 750//750
f 750//750 752//752 753//753
f 750//750 753//753 742//742
f 742//742 753//753 754//754
f 742//742 754//754 745//745
f 755//755 756//756 727//727
f 744//744 708//708 757//757
f 727//727 756//756 726//726
f 726//726 756//756 758//758
f 726//726 758//758 725//725
f 725//725 758//758 759//759
f 725//725 759//759 724//724
f 724//724 759//759 748//748
f 724//724 748//748 723//723
f 727//727 728//728 755//755
f 755//755 728//728 729//729
f 755//755 729//729 760//760
f 760//760 729//729 730//730
f 760//760 730//730 761//761
f 730//730 731//731 761//761
f 761//761 731//731 732//732
f 761//761 732//732 762//762
f 762//762 732//732 733//733
f 762//762 733//733 763//763
f 707//707 744//744 706//706
f 706//706 744//744 764//764
f 706//706 764//764 701//701
f 719//719 721//721 750//750
f 750//750 721//721 720//720
f 750//750 720//720 748//748
f 748//748 720//720 722//722
f 748//748 722//722 723//723
f 733//733 734//734 763//763
f 763//763 734//734 735//735
f 763//763 735//735 765//765
f 765//765 735//735 736//736
f 765//765 736//736 766//766
f 766//766 736//736 737//737
f 766//766 737//737 767//767
f 767//767 737//737 738//738
f 767//767 738//738 768//768
f 768//768 738//738 739//739
f 768//768 739//739 764//764
f 764//764 739//739 702//702
f 764//764 702//702 701//701
f 708//708 703//703 757//757
f 757//757 703//703 704//704
f 757//757 704//704 705//705
f 705//705 709//709 757//757
f 757//757 709//709 710//710
f 757//757 710//710 711//711
f 711//711 712//712 757//757
f 757//757 712//712 713//713
f 757//757 713//713 750//750
f 713//713 714//714 750//750
f 750//750 714//714 715//715
f 750//750 715//715 716//716
f 716//716 717//717 750//750
f 750//750 717//717 718//718
f 750//750 718//718 719//719
f 769//769 770//770 771//771
f 753//753 752//752 772//772
f 773//773 745//745 772//772
f 772//772 745//745 754//754
f 772//772 754//754 753//753
f 774//774 741//741 769//769
f 769//769 741//741 740//740
f 769//769 740//740 770//770
f 770//770 740//740 743//743
f 770//770 743//743 775//775
f 775//775 743//743 747//747
f 775//775 747//747 773//773
f 773//773 747//747 746//746
f 773//773 746//746 745//745
f 771//771 770//770 776//776
f 776//776 770//770 775//775
f 776//776 775//775 777//777
f 777//777 775//775 778//778
f 778//778 775//775 773//773
f 778//778 773//773 779//779
f 779//779 773//773 772//772
f 779//779 772//772 780//780
f 780//780 772//772 752//752
f 780//780 752//752 781//781
f 648//648 782//782 641//641
f 776//776 777//777 783//783
f 783//783 777//777 784//784
f 785//785 786//786 787//787
f 788//788 789//789 790//790
f 790//790 789//789 785//785
f 790//790 785//785 791//791
f 791//791 785//785 787//787
f 792//792 793//793 794//794
f 792//792 794//794 795//795
f 795//795 794//794 796//796
f 795//795 796//796 797//797
f 797//797 796//796 798//798
f 797//797 798//798 799//799
f 799//799 798//798 800//800
f 799//799 800//800 801//801
f 801//801 800//800 802//802
f 801//801 802//802 803//803
f 803//803 802//802 804//804
f 803//803 804//804 805//805
f 805//805 804//804 806//806
f 805//805 806//806 807//807
f 807//807 806//806 808//808
f 807//807 808//808 809//809
f 809//809 808//808 810//810
f 809//809 810//810 811//811
f 811//811 810//810 812//812
f 811//811 812//812 813//813
f 813//813 812//812 814//814
f 813//813 814//814 815//815
f 815//815 814//814 816//816
f 815//815 816//816 817//817
f 816//816 818//818 817//817
f 817//817 818//818 819//819
f 818//818 820//820 819//819
f 821//821 822//822 823//823
f 823//823 824//824 821//821
f 821//821 824//824 825//825
f 821//821 825//825 826//826
f 825//825 827//827 826//826
f 826//826 827//827 828//828
f 826//826 828//828 829//829
f 829//829 828//828 830//830
f 829//829 830//830 831//831
f 832//832 833//833 834//834
f 832//832 834//834 835//835
f 835//835 834//834 836//836
f 835//835 836//836 837//837
f 831//831 830//830 838//838
f 838//838 830//830 839//839
f 838//838 839//839 840//840
f 840//840 839//839 841//841
f 840//840 841//841 842//842
f 842//842 841//841 843//843
f 842//842 843//843 844//844
f 844//844 843//843 837//837
f 844//844 837//837 845//845
f 845//845 837//837 836//836
f 846//846 847//847 832//832
f 832//832 847//847 833//833
f 848//848 849//849 850//850
f 850//850 849//849 851//851
f 850//850 851//851 852//852
f 851//851 853//853 852//852
f 852//852 853//853 854//854
f 852//852 854//854 855//855
f 847//847 846//846 854//854
f 854//854 846//846 856//856
f 854//854 856//856 855//855
f 857//857 858//858 859//859
f 860//860 861//861 862//862
f 860//860 862//862 863//863
f 863//863 862//862 864//864
f 863//863 864//864 865//865
f 865//865 864//864 866//866
f 866//866 864//864 867//867
f 866//866 867//867 868//868
f 868//868 867//867 869//869
f 868//868 869//869 870//870
f 869//869 871//871 870//870
f 870//870 871//871 872//872
f 870//870 872//872 873//873
f 873//873 872//872 874//874
f 873//873 874//874 875//875
f 875//875 874//874 876//876
f 875//875 876//876 877//877
f 877//877 876//876 878//878
f 877//877 878//878 879//879
f 858//858 857//857 878//878
f 878//878 857//857 880//880
f 878//878 880//880 879//879
f 881//881 882//882 883//883
f 883//883 882//882 884//884
f 883//883 884//884 885//885
f 885//885 884//884 886//886
f 885//885 886//886 887//887
f 887//887 886//886 888//888
f 887//887 888//888 859//859
f 859//859 888//888 889//889
f 859//859 889//889 857//857
f 890//890 891//891 881//881
f 881//881 891//891 892//892
f 881//881 892//892 882//882
f 881//881 893//893 890//890
f 890//890 893//893 894//894
f 890//890 894//894 895//895
f 895//895 894//894 896//896
f 895//895 896//896 897//897
f 897//897 896//896 898//898
f 897//897 898//898 899//899
f 899//899 898//898 900//900
f 899//899 900//900 901//901
f 901//901 900//900 902//902
f 901//901 902//902 903//903
f 902//902 904//904 903//903
f 903//903 904//904 905//905
f 903//903 905//905 906//906
f 906//906 905//905 907//907
f 906//906 907//907 908//908
f 908//908 907//907 909//909
f 909//909 907//907 910//910
f 909//909 910//910 911//911
f 910//910 912//912 911//911
f 911//911 912//912 849//849
f 911//911 849//849 848//848
f 860//860 913//913 861//861
f 861//861 913//913 914//914
f 861//861 914//914 915//915
f 915//915 914//914 916//916
f 915//915 916//916 917//917
f 917//917 916//916 918//918
f 919//919 920//920 921//921
f 922//922 918//918 916//916
f 916//916 923//923 922//922
f 922//922 923//923 924//924
f 922//922 924//924 925//925
f 925//925 924//924 926//926
f 919//919 921//921 927//927
f 927//927 921//921 928//928
f 927//927 928//928 929//929
f 929//929 928//928 930//930
f 929//929 930//930 926//926
f 926//926 930//930 931//931
f 926//926 931//931 925//925
f 919//919 932//932 920//920
f 932//932 919//919 933//933
f 932//932 933//933 934//934
f 934//934 933//933 935//935
f 934//934 935//935 936//936
f 936//936 935//935 937//937
f 936//936 937//937 938//938
f 938//938 937//937 939//939
f 938//938 939//939 940//940
f 940//940 939//939 941//941
f 940//940 941//941 942//942
f 942//942 941//941 943//943
f 942//942 943//943 944//944
f 944//944 943//943 945//945
f 944//944 945//945 946//946
f 946//946 945//945 947//947
f 946//946 947//947 948//948
f 949//949 948//948 947//947
f 950//950 951//951 952//952
f 952//952 951//951 949//949
f 952//952 949//949 953//953
f 953//953 949//949 947//947
f 954//954 955//955 950//950
f 950//950 955//955 956//956
f 950//950 956//956 951//951
f 954//954 957//957 955//955
f 955//955 957//957 958//958
f 955//955 958//958 959//959
f 959//959 958//958 960//960
f 960//960 958//958 961//961
f 960//960 961//961 962//962
f 962//962 961//961 963//963
f 964//964 965//965 966//966
f 966//966 965//965 967//967
f 966//966 967//967 968//968
f 968//968 967//967 969//969
f 969//969 967//967 963//963
f 969//969 963//963 961//961
f 965//965 964//964 970//970
f 970//970 964//964 819//819
f 970//970 819//819 820//820
f 971//971 972//972 973//973
f 973//973 972//972 974//974
f 820//820 975//975 970//970
f 976//976 977//977 978//978
f 979//979 980//980 981//981
f 978//978 977//977 982//982
f 982//982 977//977 983//983
f 982//982 983//983 984//984
f 985//985 986//986 987//987
f 987//987 986//986 988//988
f 987//987 988//988 989//989
f 989//989 988//988 976//976
f 990//990 991//991 992//992
f 993//993 985//985 992//992
f 992//992 985//985 987//987
f 992//992 987//987 990//990
f 990//990 987//987 989//989
f 990//990 989//989 994//994
f 976//976 978//978 989//989
f 989//989 978//978 995//995
f 989//989 995//995 994//994
f 996//996 997//997 982//982
f 982//982 997//997 998//998
f 982//982 998//998 978//978
f 978//978 998//998 999//999
f 978//978 999//999 995//995
f 783//783 996//996 981//981
f 981//981 996//996 982//982
f 981//981 982//982 979//979
f 979//979 982//982 984//984
f 1000//1000 1001//1001 1002//1002
f 1003//1003 1004//1004 1005//1005
f 1005//1005 1004//1004 1006//1006
f 1005//1005 1006//1006 1007//1007
f 1008//1008 1009//1009 1010//1010
f 1011//1011 1012//1012 1013//1013
f 1013//1013 1012//1012 1014//1014
f 1013//1013 1014//1014 1015//1015
f 1015//1015 1014//1014 1016//1016
f 1015//1015 1016//1016 1017//1017
f 1002//1002 1001//1001 1018//1018
f 1018//1018 1001//1001 1019//1019
f 1018//1018 1019//1019 1003//1003
f 1003//1003 1019//1019 1020//1020
f 1003//1003 1020//1020 1004//1004
f 1010//1010 1021//1021 1008//1008
f 1008//1008 1021//1021 1022//1022
f 1008//1008 1022//1022 1023//1023
f 1023//1023 1022//1022 1024//1024
f 1023//1023 1024//1024 1011//1011
f 1011//1011 1024//1024 1025//1025
f 1011//1011 1025//1025 1012//1012
f 1016//1016 1026//1026 1017//1017
f 1017//1017 1026//1026 1027//1027
f 1017//1017 1027//1027 1002//1002
f 1002//1002 1027//1027 1028//1028
f 1002//1002 1028//1028 1000//1000
f 1029//1029 1030//1030 1031//1031
f 1031//1031 1030//1030 1032//1032
f 1031//1031 1032//1032 1033//1033
f 1033//1033 1032//1032 1034//1034
f 1033//1033 1034//1034 1009//1009
f 1009//1009 1034//1034 1035//1035
f 1009//1009 1035//1035 1010//1010
f 1036//1036 1037//1037 1038//1038
f 1039//1039 1040//1040 1041//1041
f 984//984 983//983 1042//1042
f 977//977 976//976 1043//1043
f 1044//1044 1045//1045 1046//1046
f 1044//1044 1046//1046 1029//1029
f 1029//1029 1046//1046 1047//1047
f 1029//1029 1047//1047 1030//1030
f 1030//1030 1047//1047 1048//1048
f 1030//1030 1048//1048 1032//1032
f 1032//1032 1048//1048 1049//1049
f 1032//1032 1049//1049 1034//1034
f 1050//1050 1024//1024 1051//1051
f 1051//1051 1024//1024 1022//1022
f 1051//1051 1022//1022 1052//1052
f 1052//1052 1022//1022 1021//1021
f 1052//1052 1021//1021 1053//1053
f 1053//1053 1021//1021 1010//1010
f 1053//1053 1010//1010 1049//1049
f 1049//1049 1010//1010 1035//1035
f 1049//1049 1035//1035 1034//1034
f 1027//1027 1026//1026 1054//1054
f 1054//1054 1026//1026 1016//1016
f 1054//1054 1016//1016 1055//1055
f 1055//1055 1016//1016 1014//1014
f 1055//1055 1014//1014 1056//1056
f 1056//1056 1014//1014 1012//1012
f 1056//1056 1012//1012 1050//1050
f 1050//1050 1012//1012 1025//1025
f 1050//1050 1025//1025 1024//1024
f 1027//1027 1054//1054 1028//1028
f 1028//1028 1054//1054 1057//1057
f 1028//1028 1057//1057 1000//1000
f 1000//1000 1057//1057 1058//1058
f 1000//1000 1058//1058 1001//1001
f 1001//1001 1058//1058 1059//1059
f 1001//1001 1059//1059 1019//1019
f 1019//1019 1059//1059 1060//1060
f 1019//1019 1060//1060 1020//1020
f 1020//1020 1060//1060 1004//1004
f 1004//1004 1060//1060 1061//1061
f 1004//1004 1061//1061 1006//1006
f 985//985 993//993 1007//1007
f 1006//1006 1061//1061 1007//1007
f 1007//1007 1061//1061 986//986
f 1007//1007 986//986 985//985
f 980//980 979//979 1062//1062
f 1062//1062 979//979 1063//1063
f 1062//1062 1063//1063 1064//1064
f 1064//1064 1063//1063 1065//1065
f 1065//1065 1063//1063 1066//1066
f 1065//1065 1066//1066 1067//1067
f 1068//1068 1069//1069 1066//1066
f 1066//1066 1069//1069 1070//1070
f 1066//1066 1070//1070 1067//1067
f 1071//1071 1072//1072 1068//1068
f 1068//1068 1072//1072 1073//1073
f 1068//1068 1073//1073 1069//1069
f 1074//1074 1075//1075 1071//1071
f 1071//1071 1075//1075 1076//1076
f 1071//1071 1076//1076 1072//1072
f 1077//1077 1078//1078 1079//1079
f 1079//1079 1078//1078 1080//1080
f 1079//1079 1080//1080 1074//1074
f 1074//1074 1080//1080 1081//1081
f 1074//1074 1081//1081 1075//1075
f 1041//1041 1040//1040 1079//1079
f 1079//1079 1040//1040 1082//1082
f 1079//1079 1082//1082 1077//1077
f 1039//1039 1041//1041 1083//1083
f 1083//1083 1041//1041 1084//1084
f 1083//1083 1084//1084 1085//1085
f 1085//1085 1084//1084 1086//1086
f 1086//1086 1084//1084 1087//1087
f 1086//1086 1087//1087 1088//1088
f 1089//1089 1090//1090 1091//1091
f 1089//1089 1091//1091 1087//1087
f 1087//1087 1091//1091 1092//1092
f 1087//1087 1092//1092 1088//1088
f 1090//1090 1089//1089 1093//1093
f 1093//1093 1089//1089 1094//1094
f 1093//1093 1094//1094 1095//1095
f 1096//1096 1097//1097 1098//1098
f 1098//1098 1097//1097 1099//1099
f 1098//1098 1099//1099 1100//1100
f 1100//1100 1099//1099 1101//1101
f 1100//1100 1101//1101 1094//1094
f 1094//1094 1101//1101 1102//1102
f 1094//1094 1102//1102 1095//1095
f 1096//1096 1098//1098 1103//1103
f 1103//1103 1098//1098 1104//1104
f 1103//1103 1104//1104 1105//1105
f 1105//1105 1104//1104 1106//1106
f 1106//1106 1104//1104 1107//1107
f 1106//1106 1107//1107 1108//1108
f 1109//1109 971//971 1110//1110
f 1108//1108 1107//1107 1110//1110
f 1110//1110 1107//1107 1111//1111
f 1110//1110 1111//1111 1109//1109
f 976//976 988//988 1043//1043
f 1043//1043 988//988 1112//1112
f 1043//1043 1112//1112 1113//1113
f 1113//1113 1112//1112 1114//1114
f 1113//1113 1114//1114 1115//1115
f 1115//1115 1114//1114 1116//1116
f 1115//1115 1116//1116 1117//1117
f 1117//1117 1116//1116 1118//1118
f 1117//1117 1118//1118 1119//1119
f 1119//1119 1118//1118 1120//1120
f 1119//1119 1120//1120 1121//1121
f 1121//1121 1120//1120 1122//1122
f 1121//1121 1122//1122 1123//1123
f 1123//1123 1122//1122 1124//1124
f 1123//1123 1124//1124 1125//1125
f 1125//1125 1124//1124 1126//1126
f 1125//1125 1126//1126 1127//1127
f 1127//1127 1126//1126 1128//1128
f 1127//1127 1128//1128 1129//1129
f 1129//1129 1128//1128 1130//1130
f 1129//1129 1130//1130 1131//1131
f 1131//1131 1130//1130 1132//1132
f 1131//1131 1132//1132 1133//1133
f 1133//1133 1132//1132 1134//1134
f 1133//1133 1134//1134 1135//1135
f 1135//1135 1134//1134 1136//1136
f 1135//1135 1136//1136 1137//1137
f 1137//1137 1136//1136 1138//1138
f 1137//1137 1138//1138 1139//1139
f 1139//1139 1138//1138 1140//1140
f 1139//1139 1140//1140 1141//1141
f 1141//1141 1140//1140 1142//1142
f 988//988 986//986 1112//1112
f 1112//1112 986//986 1061//1061
f 1112//1112 1061//1061 1114//1114
f 1114//1114 1061//1061 1060//1060
f 1114//1114 1060//1060 1116//1116
f 1116//1116 1060//1060 1059//1059
f 1116//1116 1059//1059 1118//1118
f 1118//1118 1059//1059 1058//1058
f 1118//1118 1058//1058 1120//1120
f 1120//1120 1058//1058 1057//1057
f 1120//1120 1057//1057 1122//1122
f 1122//1122 1057//1057 1054//1054
f 1122//1122 1054//1054 1124//1124
f 1124//1124 1054//1054 1055//1055
f 1124//1124 1055//1055 1126//1126
f 1126//1126 1055//1055 1056//1056
f 1126//1126 1056//1056 1128//1128
f 1128//1128 1056//1056 1050//1050
f 1128//1128 1050//1050 1130//1130
f 1130//1130 1050//1050 1051//1051
f 1130//1130 1051//1051 1132//1132
f 1132//1132 1051//1051 1052//1052
f 1132//1132 1052//1052 1134//1134
f 1134//1134 1052//1052 1053//1053
f 1134//1134 1053//1053 1136//1136
f 1136//1136 1053//1053 1049//1049
f 1136//1136 1049//1049 1138//1138
f 1138//1138 1049//1049 1048//1048
f 1138//1138 1048//1048 1140//1140
f 1140//1140 1048//1048 1047//1047
f 1140//1140 1047//1047 1142//1142
f 1142//1142 1047//1047 1046//1046
f 979//979 984//984 1063//1063
f 1063//1063 984//984 1042//1042
f 1063//1063 1042//1042 1066//1066
f 1066//1066 1042//1042 1143//1143
f 1066//1066 1143//1143 1068//1068
f 1068//1068 1143//1143 1144//1144
f 1068//1068 1144//1144 1071//1071
f 1071//1071 1144//1144 1145//1145
f 1071//1071 1145//1145 1074//1074
f 1074//1074 1145//1145 1146//1146
f 1074//1074 1146//1146 1079//1079
f 1079//1079 1146//1146 1147//1147
f 1079//1079 1147//1147 1041//1041
f 1041//1041 1147//1147 1148//1148
f 1041//1041 1148//1148 1084//1084
f 1084//1084 1148//1148 1149//1149
f 1084//1084 1149//1149 1087//1087
f 1087//1087 1149//1149 1150//1150
f 1087//1087 1150//1150 1089//1089
f 1089//1089 1150//1150 1151//1151
f 1089//1089 1151//1151 1094//1094
f 1094//1094 1151//1151 1152//1152
f 1094//1094 1152//1152 1100//1100
f 1100//1100 1152//1152 1153//1153
f 1100//1100 1153//1153 1098//1098
f 1098//1098 1153//1153 1154//1154
f 1098//1098 1154//1154 1104//1104
f 1104//1104 1154//1154 1155//1155
f 1104//1104 1155//1155 1107//1107
f 1107//1107 1155//1155 1038//1038
f 1107//1107 1038//1038 1111//1111
f 1111//1111 1038//1038 1037//1037
f 983//983 977//977 1042//1042
f 1042//1042 977//977 1043//1043
f 1042//1042 1043//1043 1143//1143
f 1143//1143 1043//1043 1113//1113
f 1143//1143 1113//1113 1144//1144
f 1144//1144 1113//1113 1115//1115
f 1144//1144 1115//1115 1145//1145
f 1145//1145 1115//1115 1117//1117
f 1145//1145 1117//1117 1146//1146
f 1146//1146 1117//1117 1119//1119
f 1146//1146 1119//1119 1147//1147
f 1147//1147 1119//1119 1121//1121
f 1147//1147 1121//1121 1148//1148
f 1148//1148 1121//1121 1123//1123
f 1148//1148 1123//1123 1149//1149
f 1149//1149 1123//1123 1125//1125
f 1149//1149 1125//1125 1150//1150
f 1150//1150 1125//1125 1127//1127
f 1150//1150 1127//1127 1151//1151
f 1151//1151 1127//1127 1129//1129
f 1151//1151 1129//1129 1152//1152
f 1152//1152 1129//1129 1131//1131
f 1152//1152 1131//1131 1153//1153
f 1153//1153 1131//1131 1133//1133
f 1153//1153 1133//1133 1154//1154
f 1154//1154 1133//1133 1135//1135
f 1154//1154 1135//1135 1155//1155
f 1155//1155 1135//1135 1137//1137
f 1155//1155 1137//1137 1038//1038
f 1038//1038 1137//1137 1139//1139
f 1038//1038 1139//1139 1036//1036
f 1036//1036 1139//1139 1141//1141
f 1156//1156 1157//1157 1158//1158
f 1158//1158 1157//1157 1159//1159
f 1160//1160 1142//1142 1046//1046
f 1142//1142 1160//1160 1141//1141
f 1141//1141 1160//1160 1161//1161
f 1141//1141 1161//1161 1036//1036
f 1036//1036 1161//1161 1037//1037
f 1037//1037 1161//1161 1162//1162
f 1037//1037 1162//1162 1111//1111
f 1111//1111 1162//1162 1109//1109
f 1109//1109 1162//1162 972//972
f 1109//1109 972//972 971//971
f 1045//1045 1159//1159 1046//1046
f 1046//1046 1159//1159 1157//1157
f 1046//1046 1157//1157 1160//1160
f 1160//1160 1157//1157 1156//1156
f 1163//1163 972//972 1164//1164
f 1164//1164 972//972 1162//1162
f 1164//1164 1162//1162 1165//1165
f 1165//1165 1162//1162 1161//1161
f 1165//1165 1161//1161 1166//1166
f 1166//1166 1161//1161 1160//1160
f 1166//1166 1160//1160 1167//1167
f 1167//1167 1160//1160 1156//1156
f 821//821 1168//1168 1169//1169
f 840//840 1170//1170 1171//1171
f 883//883 885//885 1172//1172
f 1172//1172 885//885 1173//1173
f 925//925 931//931 1174//1174
f 938//938 1175//1175 1176//1176
f 974//974 972//972 1177//1177
f 1177//1177 972//972 1163//1163
f 1163//1163 1178//1178 1177//1177
f 1177//1177 1178//1178 1179//1179
f 1177//1177 1179//1179 1180//1180
f 975//975 1181//1181 1182//1182
f 1182//1182 1181//1181 1183//1183
f 1182//1182 1183//1183 1184//1184
f 1184//1184 1183//1183 1185//1185
f 1184//1184 1185//1185 1186//1186
f 1187//1187 967//967 1188//1188
f 1188//1188 967//967 965//965
f 960//960 962//962 1187//1187
f 1187//1187 962//962 963//963
f 1187//1187 963//963 967//967
f 960//960 1187//1187 959//959
f 959//959 1187//1187 1189//1189
f 959//959 1189//1189 955//955
f 955//955 1190//1190 956//956
f 956//956 1190//1190 1191//1191
f 956//956 1191//1191 951//951
f 951//951 1191//1191 949//949
f 949//949 1191//1191 1192//1192
f 949//949 1192//1192 948//948
f 948//948 1192//1192 1193//1193
f 948//948 1193//1193 946//946
f 946//946 1193//1193 1194//1194
f 946//946 1194//1194 944//944
f 944//944 1194//1194 1195//1195
f 944//944 1195//1195 942//942
f 942//942 1195//1195 1196//1196
f 942//942 1196//1196 940//940
f 938//938 1176//1176 936//936
f 936//936 1176//1176 1197//1197
f 936//936 1197//1197 934//934
f 934//934 1197//1197 1198//1198
f 934//934 1198//1198 932//932
f 920//920 1199//1199 921//921
f 921//921 1199//1199 1174//1174
f 931//931 930//930 1174//1174
f 1174//1174 930//930 928//928
f 1174//1174 928//928 921//921
f 922//922 925//925 1200//1200
f 1200//1200 925//925 1201//1201
f 1202//1202 862//862 1203//1203
f 1203//1203 862//862 861//861
f 1203//1203 861//861 1204//1204
f 1204//1204 861//861 1205//1205
f 861//861 915//915 1205//1205
f 1205//1205 915//915 917//917
f 1205//1205 917//917 1200//1200
f 1200//1200 917//917 918//918
f 1200//1200 918//918 922//922
f 872//872 1206//1206 1207//1207
f 872//872 1207//1207 874//874
f 872//872 871//871 1206//1206
f 1206//1206 871//871 869//869
f 1206//1206 869//869 1208//1208
f 1208//1208 869//869 867//867
f 1208//1208 867//867 1202//1202
f 1202//1202 867//867 864//864
f 1202//1202 864//864 862//862
f 1207//1207 1209//1209 874//874
f 874//874 1209//1209 1210//1210
f 874//874 1210//1210 876//876
f 1173//1173 885//885 1211//1211
f 1211//1211 885//885 887//887
f 1211//1211 887//887 1212//1212
f 1212//1212 887//887 859//859
f 1212//1212 859//859 1213//1213
f 1213//1213 859//859 858//858
f 1213//1213 858//858 1210//1210
f 1210//1210 858//858 878//878
f 1210//1210 878//878 876//876
f 883//883 1172//1172 881//881
f 881//881 1172//1172 1214//1214
f 881//881 1214//1214 893//893
f 893//893 1214//1214 1215//1215
f 893//893 1215//1215 894//894
f 894//894 1215//1215 896//896
f 896//896 1215//1215 1216//1216
f 896//896 1216//1216 898//898
f 898//898 1216//1216 900//900
f 900//900 1216//1216 1217//1217
f 900//900 1217//1217 902//902
f 1218//1218 910//910 907//907
f 907//907 905//905 1218//1218
f 1218//1218 905//905 904//904
f 1218//1218 904//904 1219//1219
f 902//902 1217//1217 904//904
f 904//904 1217//1217 1220//1220
f 904//904 1220//1220 1219//1219
f 1221//1221 849//849 912//912
f 910//910 1218//1218 912//912
f 912//912 1218//1218 1222//1222
f 912//912 1222//1222 1221//1221
f 1223//1223 847//847 1224//1224
f 1224//1224 847//847 854//854
f 1224//1224 854//854 1225//1225
f 1225//1225 854//854 853//853
f 1225//1225 853//853 1221//1221
f 1221//1221 853//853 851//851
f 1221//1221 851//851 849//849
f 833//833 1226//1226 834//834
f 834//834 1226//1226 1227//1227
f 834//834 1227//1227 836//836
f 836//836 1227//1227 1228//1228
f 836//836 1228//1228 845//845
f 845//845 1228//1228 1229//1229
f 845//845 1229//1229 844//844
f 844//844 1229//1229 1230//1230
f 844//844 1230//1230 842//842
f 1231//1231 826//826 1232//1232
f 1232//1232 826//826 829//829
f 1232//1232 829//829 1233//1233
f 1233//1233 829//829 831//831
f 1233//1233 831//831 1171//1171
f 1171//1171 831//831 838//838
f 1171//1171 838//838 840//840
f 821//821 1169//1169 822//822
f 822//822 1169//1169 1234//1234
f 822//822 1234//1234 1235//1235
f 1235//1235 1234//1234 1236//1236
f 1235//1235 1236//1236 1237//1237
f 1237//1237 1236//1236 1238//1238
f 1237//1237 1238//1238 1239//1239
f 1239//1239 1238//1238 790//790
f 1239//1239 790//790 791//791
f 788//788 790//790 1240//1240
f 1240//1240 790//790 1238//1238
f 1240//1240 1238//1238 1241//1241
f 1241//1241 1238//1238 1236//1236
f 1241//1241 1236//1236 1242//1242
f 1242//1242 1236//1236 1234//1234
f 1242//1242 1234//1234 1243//1243
f 1243//1243 1234//1234 1169//1169
f 1243//1243 1169//1169 1244//1244
f 1244//1244 1169//1169 1168//1168
f 1244//1244 1168//1168 1245//1245
f 821//821 826//826 1168//1168
f 1168//1168 826//826 1231//1231
f 1168//1168 1231//1231 1245//1245
f 1245//1245 1231//1231 1232//1232
f 1245//1245 1232//1232 1246//1246
f 1246//1246 1232//1232 1233//1233
f 1246//1246 1233//1233 1247//1247
f 1247//1247 1233//1233 1171//1171
f 1247//1247 1171//1171 1248//1248
f 1248//1248 1171//1171 1170//1170
f 1248//1248 1170//1170 1249//1249
f 1250//1250 1251//1251 1229//1229
f 1229//1229 1251//1251 1249//1249
f 1229//1229 1249//1249 1230//1230
f 1230//1230 1249//1249 1170//1170
f 1230//1230 1170//1170 842//842
f 842//842 1170//1170 840//840
f 1250//1250 1229//1229 1252//1252
f 1252//1252 1229//1229 1228//1228
f 1252//1252 1228//1228 1253//1253
f 1253//1253 1228//1228 1227//1227
f 1253//1253 1227//1227 1254//1254
f 1254//1254 1227//1227 1226//1226
f 1254//1254 1226//1226 1223//1223
f 1223//1223 1226//1226 833//833
f 1223//1223 833//833 847//847
f 1201//1201 925//925 1255//1255
f 1255//1255 925//925 1174//1174
f 1255//1255 1174//1174 1256//1256
f 1256//1256 1174//1174 1199//1199
f 1256//1256 1199//1199 1257//1257
f 920//920 932//932 1199//1199
f 1199//1199 932//932 1198//1198
f 1199//1199 1198//1198 1257//1257
f 1257//1257 1198//1198 1197//1197
f 1257//1257 1197//1197 1258//1258
f 1258//1258 1197//1197 1176//1176
f 1258//1258 1176//1176 1259//1259
f 1259//1259 1176//1176 1175//1175
f 1259//1259 1175//1175 1260//1260
f 938//938 940//940 1175//1175
f 1175//1175 940//940 1196//1196
f 1175//1175 1196//1196 1260//1260
f 1260//1260 1196//1196 1195//1195
f 1260//1260 1195//1195 1261//1261
f 1261//1261 1195//1195 1194//1194
f 1261//1261 1194//1194 1262//1262
f 1262//1262 1194//1194 1193//1193
f 1262//1262 1193//1193 1263//1263
f 1263//1263 1193//1193 1192//1192
f 1263//1263 1192//1192 1264//1264
f 1264//1264 1192//1192 1191//1191
f 1264//1264 1191//1191 1265//1265
f 1265//1265 1191//1191 1190//1190
f 1265//1265 1190//1190 1266//1266
f 955//955 1189//1189 1190//1190
f 1190//1190 1189//1189 1267//1267
f 1190//1190 1267//1267 1266//1266
f 1268//1268 1184//1184 1179//1179
f 1179//1179 1184//1184 1186//1186
f 1179//1179 1186//1186 1180//1180
f 970//970 975//975 965//965
f 965//965 975//975 1182//1182
f 965//965 1182//1182 1188//1188
f 1188//1188 1182//1182 1184//1184
f 1188//1188 1184//1184 1187//1187
f 1187//1187 1184//1184 1268//1268
f 1187//1187 1268//1268 1189//1189
f 1189//1189 1268//1268 1269//1269
f 1189//1189 1269//1269 1267//1267
f 1270//1270 1271//1271 1272//1272
f 1272//1272 1271//1271 1273//1273
f 1272//1272 1273//1273 1274//1274
f 1274//1274 1273//1273 1275//1275
f 1274//1274 1275//1275 1276//1276
f 1276//1276 1275//1275 1277//1277
f 1276//1276 1277//1277 1278//1278
f 1278//1278 1277//1277 1279//1279
f 1279//1279 1277//1277 1280//1280
f 1279//1279 1280//1280 1281//1281
f 1282//1282 1283//1283 1284//1284
f 1284//1284 1283//1283 1281//1281
f 1281//1281 1280//1280 1284//1284
f 1284//1284 1280//1280 1180//1180
f 1284//1284 1180//1180 1282//1282
f 1282//1282 1180//1180 1186//1186
f 1282//1282 1186//1186 1185//1185
f 1273//1273 1285//1285 1275//1275
f 1275//1275 1285//1285 973//973
f 1275//1275 973//973 1277//1277
f 1277//1277 973//973 974//974
f 1277//1277 974//974 1280//1280
f 1280//1280 974//974 1177//1177
f 1280//1280 1177//1177 1180//1180
f 1273//1273 1110//1110 1285//1285
f 1285//1285 1110//1110 971//971
f 1285//1285 971//971 973//973
f 1072//1072 1286//1286 1287//1287
f 1082//1082 1288//1288 1289//1289
f 1288//1288 1082//1082 1290//1290
f 1110//1110 1273//1273 1271//1271
f 1110//1110 1271//1271 1108//1108
f 1271//1271 1291//1291 1108//1108
f 1108//1108 1291//1291 1292//1292
f 1108//1108 1292//1292 1106//1106
f 1106//1106 1292//1292 1293//1293
f 1106//1106 1293//1293 1105//1105
f 1293//1293 1294//1294 1105//1105
f 1105//1105 1294//1294 1295//1295
f 1105//1105 1295//1295 1103//1103
f 1103//1103 1295//1295 1296//1296
f 1103//1103 1296//1296 1096//1096
f 1096//1096 1296//1296 1297//1297
f 1096//1096 1297//1297 1097//1097
f 1097//1097 1297//1297 1298//1298
f 1097//1097 1298//1298 1099//1099
f 1099//1099 1298//1298 1299//1299
f 1099//1099 1299//1299 1101//1101
f 1299//1299 1300//1300 1101//1101
f 1101//1101 1300//1300 1301//1301
f 1101//1101 1301//1301 1102//1102
f 1102//1102 1301//1301 1302//1302
f 1102//1102 1302//1302 1095//1095
f 1302//1302 1303//1303 1095//1095
f 1095//1095 1303//1303 1304//1304
f 1095//1095 1304//1304 1093//1093
f 1093//1093 1304//1304 1305//1305
f 1093//1093 1305//1305 1090//1090
f 1090//1090 1305//1305 1306//1306
f 1090//1090 1306//1306 1091//1091
f 1306//1306 1307//1307 1091//1091
f 1091//1091 1307//1307 1308//1308
f 1091//1091 1308//1308 1092//1092
f 1092//1092 1308//1308 1088//1088
f 1088//1088 1308//1308 1309//1309
f 1088//1088 1309//1309 1086//1086
f 1086//1086 1309//1309 1310//1310
f 1086//1086 1310//1310 1085//1085
f 1085//1085 1310//1310 1311//1311
f 1085//1085 1311//1311 1083//1083
f 1311//1311 1312//1312 1083//1083
f 1083//1083 1312//1312 1313//1313
f 1083//1083 1313//1313 1039//1039
f 1039//1039 1313//1313 1290//1290
f 1039//1039 1290//1290 1040//1040
f 1040//1040 1290//1290 1082//1082
f 1286//1286 1072//1072 1314//1314
f 1314//1314 1072//1072 1076//1076
f 1314//1314 1076//1076 1315//1315
f 1315//1315 1076//1076 1075//1075
f 1315//1315 1075//1075 1316//1316
f 1316//1316 1075//1075 1081//1081
f 1316//1316 1081//1081 1317//1317
f 1317//1317 1081//1081 1080//1080
f 1317//1317 1080//1080 1318//1318
f 1318//1318 1080//1080 1078//1078
f 1318//1318 1078//1078 1289//1289
f 1289//1289 1078//1078 1077//1077
f 1289//1289 1077//1077 1082//1082
f 1319//1319 980//980 1320//1320
f 1320//1320 980//980 1062//1062
f 1320//1320 1062//1062 1321//1321
f 1321//1321 1062//1062 1064//1064
f 1321//1321 1064//1064 1322//1322
f 1322//1322 1064//1064 1065//1065
f 1322//1322 1065//1065 1323//1323
f 1323//1323 1065//1065 1067//1067
f 1323//1323 1067//1067 1324//1324
f 1324//1324 1067//1067 1070//1070
f 1324//1324 1070//1070 1325//1325
f 1325//1325 1070//1070 1069//1069
f 1325//1325 1069//1069 1287//1287
f 1287//1287 1069//1069 1073//1073
f 1287//1287 1073//1073 1072//1072
f 1319//1319 774//774 980//980
f 980//980 774//774 769//769
f 980//980 769//769 981//981
f 981//981 769//769 771//771
f 981//981 771//771 783//783
f 783//783 771//771 776//776
f 1270//1270 1326//1326 1327//1327
f 1271//1271 1270//1270 1291//1291
f 1291//1291 1270//1270 1327//1327
f 1291//1291 1327//1327 1292//1292
f 1292//1292 1327//1327 1328//1328
f 1292//1292 1328//1328 1293//1293
f 1329//1329 1298//1298 1297//1297
f 1297//1297 1296//1296 1329//1329
f 1329//1329 1296//1296 1295//1295
f 1329//1329 1295//1295 1328//1328
f 1328//1328 1295//1295 1294//1294
f 1328//1328 1294//1294 1293//1293
f 1298//1298 1329//1329 1299//1299
f 1299//1299 1329//1329 1330//1330
f 1299//1299 1330//1330 1300//1300
f 1304//1304 1303//1303 1331//1331
f 1331//1331 1303//1303 1302//1302
f 1331//1331 1302//1302 1330//1330
f 1330//1330 1302//1302 1301//1301
f 1330//1330 1301//1301 1300//1300
f 1332//1332 1306//1306 1331//1331
f 1331//1331 1306//1306 1305//1305
f 1331//1331 1305//1305 1304//1304
f 1333//1333 1308//1308 1332//1332
f 1332//1332 1308//1308 1307//1307
f 1332//1332 1307//1307 1306//1306
f 1312//1312 1311//1311 1334//1334
f 1334//1334 1311//1311 1310//1310
f 1334//1334 1310//1310 1333//1333
f 1333//1333 1310//1310 1309//1309
f 1333//1333 1309//1309 1308//1308
f 1335//1335 1290//1290 1334//1334
f 1334//1334 1290//1290 1313//1313
f 1334//1334 1313//1313 1312//1312
f 1336//1336 1289//1289 1335//1335
f 1335//1335 1289//1289 1288//1288
f 1335//1335 1288//1288 1290//1290
f 1337//1337 1317//1317 1336//1336
f 1336//1336 1317//1317 1318//1318
f 1336//1336 1318//1318 1289//1289
f 1286//1286 1314//1314 1338//1338
f 1338//1338 1314//1314 1315//1315
f 1338//1338 1315//1315 1337//1337
f 1337//1337 1315//1315 1316//1316
f 1337//1337 1316//1316 1317//1317
f 1286//1286 1338//1338 1287//1287
f 1287//1287 1338//1338 1339//1339
f 1287//1287 1339//1339 1325//1325
f 1325//1325 1339//1339 1324//1324
f 1324//1324 1339//1339 1340//1340
f 1324//1324 1340//1340 1323//1323
f 1341//1341 742//742 741//741
f 774//774 1319//1319 741//741
f 741//741 1319//1319 1320//1320
f 741//741 1320//1320 1341//1341
f 1341//1341 1320//1320 1321//1321
f 1341//1341 1321//1321 1340//1340
f 1340//1340 1321//1321 1322//1322
f 1340//1340 1322//1322 1323//1323
f 563//563 742//742 1342//1342
f 1342//1342 742//742 1341//1341
f 1342//1342 1341//1341 1343//1343
f 1343//1343 1341//1341 1340//1340
f 1343//1343 1340//1340 1344//1344
f 1344//1344 1340//1340 1345//1345
f 1345//1345 1340//1340 1339//1339
f 1345//1345 1339//1339 1346//1346
f 1346//1346 1339//1339 1338//1338
f 1346//1346 1338//1338 1347//1347
f 1347//1347 1338//1338 1337//1337
f 1347//1347 1337//1337 1348//1348
f 1348//1348 1337//1337 1349//1349
f 1349//1349 1337//1337 1336//1336
f 1349//1349 1336//1336 1350//1350
f 1350//1350 1336//1336 1335//1335
f 1350//1350 1335//1335 1351//1351
f 1351//1351 1335//1335 1352//1352
f 1352//1352 1335//1335 1334//1334
f 1352//1352 1334//1334 1353//1353
f 1353//1353 1334//1334 1354//1354
f 1354//1354 1334//1334 1333//1333
f 1354//1354 1333//1333 1355//1355
f 1355//1355 1333//1333 1332//1332
f 1355//1355 1332//1332 1356//1356
f 1356//1356 1332//1332 1357//1357
f 1357//1357 1332//1332 1331//1331
f 1357//1357 1331//1331 1358//1358
f 1358//1358 1331//1331 1330//1330
f 1358//1358 1330//1330 1359//1359
f 1359//1359 1330//1330 1329//1329
f 1359//1359 1329//1329 1360//1360
f 1360//1360 1329//1329 1361//1361
f 1361//1361 1329//1329 1328//1328
f 1361//1361 1328//1328 1362//1362
f 1362//1362 1328//1328 1327//1327
f 1362//1362 1327//1327 1363//1363
f 1363//1363 1327//1327 1364//1364
f 1364//1364 1327//1327 1326//1326
f 1364//1364 1326//1326 561//561
f 1365//1365 564//564 563//563
f 1366//1366 1364//1364 560//560
f 560//560 1364//1364 561//561
f 563//563 1342//1342 1365//1365
f 1365//1365 1342//1342 1343//1343
f 1365//1365 1343//1343 1367//1367
f 1367//1367 1343//1343 1344//1344
f 1348//1348 1368//1368 1369//1369
f 1344//1344 1345//1345 1367//1367
f 1367//1367 1345//1345 1346//1346
f 1367//1367 1346//1346 1369//1369
f 1369//1369 1346//1346 1347//1347
f 1369//1369 1347//1347 1348//1348
f 1348//1348 1349//1349 1368//1368
f 1368//1368 1349//1349 1350//1350
f 1368//1368 1350//1350 1370//1370
f 1370//1370 1350//1350 1351//1351
f 1351//1351 1352//1352 1370//1370
f 1370//1370 1352//1352 1353//1353
f 1370//1370 1353//1353 1371//1371
f 1353//1353 1354//1354 1371//1371
f 1371//1371 1354//1354 1355//1355
f 1371//1371 1355//1355 1372//1372
f 1372//1372 1355//1355 1356//1356
f 1360//1360 1373//1373 1374//1374
f 1356//1356 1357//1357 1372//1372
f 1372//1372 1357//1357 1358//1358
f 1372//1372 1358//1358 1374//1374
f 1374//1374 1358//1358 1359//1359
f 1374//1374 1359//1359 1360//1360
f 1360//1360 1361//1361 1373//1373
f 1373//1373 1361//1361 1362//1362
f 1373//1373 1362//1362 1366//1366
f 1366//1366 1362//1362 1363//1363
f 1366//1366 1363//1363 1364//1364
f 545//545 628//628 542//542
f 542//542 628//628 626//626
f 542//542 626//626 540//540
f 1375//1375 636//636 1376//1376
f 1376//1376 636//636 631//631
f 1376//1376 631//631 545//545
f 545//545 631//631 630//630
f 545//545 630//630 628//628
f 568//568 1377//1377 571//571
f 571//571 1377//1377 1378//1378
f 571//571 1378//1378 574//574
f 574//574 1378//1378 500//500
f 503//503 559//559 501//501
f 501//501 559//559 578//578
f 501//501 578//578 500//500
f 500//500 578//578 576//576
f 500//500 576//576 574//574
f 530//530 609//609 526//526
f 526//526 609//609 606//606
f 526//526 606//606 524//524
f 524//524 606//606 553//553
f 524//524 553//553 519//519
f 626//626 622//622 540//540
f 540//540 622//622 618//618
f 540//540 618//618 535//535
f 535//535 618//618 616//616
f 535//535 616//616 533//533
f 533//533 616//616 550//550
f 533//533 550//550 530//530
f 530//530 550//550 612//612
f 530//530 612//612 609//609
f 568//568 566//566 1377//1377
f 1377//1377 566//566 564//564
f 1377//1377 564//564 1379//1379
f 1379//1379 564//564 1365//1365
f 1379//1379 1365//1365 1380//1380
f 1380//1380 1365//1365 1367//1367
f 1380//1380 1367//1367 1381//1381
f 1381//1381 1367//1367 1369//1369
f 1381//1381 1369//1369 1382//1382
f 1382//1382 1369//1369 1368//1368
f 1382//1382 1368//1368 1383//1383
f 1383//1383 1368//1368 1370//1370
f 1383//1383 1370//1370 1384//1384
f 1384//1384 1370//1370 1371//1371
f 1384//1384 1371//1371 1385//1385
f 1385//1385 1371//1371 1372//1372
f 1385//1385 1372//1372 1386//1386
f 1386//1386 1372//1372 1374//1374
f 1386//1386 1374//1374 1387//1387
f 1387//1387 1374//1374 1373//1373
f 1387//1387 1373//1373 1388//1388
f 1388//1388 1373//1373 1366//1366
f 1388//1388 1366//1366 1375//1375
f 1375//1375 1366//1366 560//560
f 1375//1375 560//560 636//636
f 514//514 591//591 510//510
f 510//510 591//591 556//556
f 510//510 556//556 508//508
f 508//508 556//556 587//587
f 508//508 587//587 503//503
f 503//503 587//587 585//585
f 503//503 585//585 559//559
f 553//553 601//601 519//519
f 519//519 601//601 599//599
f 519//519 599//599 517//517
f 517//517 599//599 596//596
f 517//517 596//596 514//514
f 514//514 596//596 593//593
f 514//514 593//593 591//591
f 544//544 1389//1389 545//545
f 545//545 1389//1389 1376//1376
f 1390//1390 1375//1375 1391//1391
f 1391//1391 1375//1375 1376//1376
f 1391//1391 1376//1376 1392//1392
f 1392//1392 1376//1376 1389//1389
f 1390//1390 1393//1393 1375//1375
f 1375//1375 1393//1393 1394//1394
f 1375//1375 1394//1394 1388//1388
f 1388//1388 1394//1394 1395//1395
f 1388//1388 1395//1395 1387//1387
f 1387//1387 1395//1395 1396//1396
f 1396//1396 1397//1397 1387//1387
f 1387//1387 1397//1397 1398//1398
f 1387//1387 1398//1398 1386//1386
f 1398//1398 1399//1399 1386//1386
f 1386//1386 1399//1399 1400//1400
f 1386//1386 1400//1400 1385//1385
f 1401//1401 1384//1384 1402//1402
f 1402//1402 1384//1384 1385//1385
f 1402//1402 1385//1385 1403//1403
f 1403//1403 1385//1385 1400//1400
f 1401//1401 1404//1404 1384//1384
f 1384//1384 1404//1404 1405//1405
f 1384//1384 1405//1405 1383//1383
f 1383//1383 1405//1405 1406//1406
f 1383//1383 1406//1406 1382//1382
f 1382//1382 1406//1406 1407//1407
f 1407//1407 1408//1408 1382//1382
f 1382//1382 1408//1408 1409//1409
f 1382//1382 1409//1409 1381//1381
f 1409//1409 1410//1410 1381//1381
f 1381//1381 1410//1410 1411//1411
f 1381//1381 1411//1411 1380//1380
f 1412//1412 1379//1379 1413//1413
f 1413//1413 1379//1379 1380//1380
f 1413//1413 1380//1380 1414//1414
f 1414//1414 1380//1380 1411//1411
f 1412//1412 1415//1415 1379//1379
f 1379//1379 1415//1415 1416//1416
f 1379//1379 1416//1416 1377//1377
f 1377//1377 1416//1416 1417//1417
f 1377//1377 1417//1417 1378//1378
f 1378//1378 1417//1417 1418//1418
f 498//498 500//500 1419//1419
f 1419//1419 500//500 1378//1378
f 1419//1419 1378//1378 1420//1420
f 1420//1420 1378//1378 1418//1418
f 1420//1420 1418//1418 1421//1421
f 1408//1408 1407//1407 1422//1422
f 1397//1397 1396//1396 1423//1423
f 1424//1424 1425//1425 1426//1426
f 1426//1426 1425//1425 1427//1427
f 1426//1426 1427//1427 1428//1428
f 1428//1428 1427//1427 1429//1429
f 1428//1428 1429//1429 1430//1430
f 1430//1430 1429//1429 1431//1431
f 1425//1425 1432//1432 1427//1427
f 1427//1427 1432//1432 1433//1433
f 1427//1427 1433//1433 1429//1429
f 1429//1429 1433//1433 1434//1434
f 1429//1429 1434//1434 1431//1431
f 1431//1431 1434//1434 1435//1435
f 1432//1432 1436//1436 1433//1433
f 1433//1433 1436//1436 1437//1437
f 1433//1433 1437//1437 1434//1434
f 1434//1434 1437//1437 1438//1438
f 1434//1434 1438//1438 1435//1435
f 1435//1435 1438//1438 1439//1439
f 1440//1440 1441//1441 1442//1442
f 1442//1442 1441//1441 1443//1443
f 1442//1442 1443//1443 1444//1444
f 1444//1444 1443//1443 1445//1445
f 1444//1444 1445//1445 1446//1446
f 1446//1446 1445//1445 1447//1447
f 1441//1441 1448//1448 1443//1443
f 1443//1443 1448//1448 1449//1449
f 1443//1443 1449//1449 1445//1445
f 1445//1445 1449//1449 1450//1450
f 1445//1445 1450//1450 1447//1447
f 1447//1447 1450//1450 1451//1451
f 1448//1448 1452//1452 1449//1449
f 1449//1449 1452//1452 1453//1453
f 1449//1449 1453//1453 1450//1450
f 1450//1450 1453//1453 1454//1454
f 1450//1450 1454//1454 1451//1451
f 1451//1451 1454//1454 1455//1455
f 1456//1456 1457//1457 1458//1458
f 1458//1458 1457//1457 1459//1459
f 1458//1458 1459//1459 1460//1460
f 1460//1460 1459//1459 1461//1461
f 1460//1460 1461//1461 1462//1462
f 1462//1462 1461//1461 1463//1463
f 1457//1457 1464//1464 1459//1459
f 1459//1459 1464//1464 1465//1465
f 1459//1459 1465//1465 1461//1461
f 1461//1461 1465//1465 1466//1466
f 1461//1461 1466//1466 1463//1463
f 1463//1463 1466//1466 1467//1467
f 1464//1464 1468//1468 1465//1465
f 1465//1465 1468//1468 1469//1469
f 1465//1465 1469//1469 1466//1466
f 1466//1466 1469//1469 1470//1470
f 1466//1466 1470//1470 1467//1467
f 1467//1467 1470//1470 1471//1471
f 1472//1472 1424//1424 1473//1473
f 1473//1473 1424//1424 1426//1426
f 1473//1473 1426//1426 1474//1474
f 1474//1474 1426//1426 1428//1428
f 1474//1474 1428//1428 1475//1475
f 1475//1475 1428//1428 1430//1430
f 1475//1475 1430//1430 544//544
f 544//544 1430//1430 1389//1389
f 1395//1395 1394//1394 1439//1439
f 1439//1439 1394//1394 1393//1393
f 1439//1439 1393//1393 1435//1435
f 1435//1435 1393//1393 1390//1390
f 1435//1435 1390//1390 1431//1431
f 1431//1431 1390//1390 1391//1391
f 1431//1431 1391//1391 1430//1430
f 1430//1430 1391//1391 1392//1392
f 1430//1430 1392//1392 1389//1389
f 1396//1396 1395//1395 1423//1423
f 1423//1423 1395//1395 1439//1439
f 1423//1423 1439//1439 1476//1476
f 1476//1476 1439//1439 1438//1438
f 1476//1476 1438//1438 1477//1477
f 1477//1477 1438//1438 1437//1437
f 1477//1477 1437//1437 1478//1478
f 1478//1478 1437//1437 1436//1436
f 1398//1398 1397//1397 1479//1479
f 1479//1479 1397//1397 1423//1423
f 1479//1479 1423//1423 1480//1480
f 1480//1480 1423//1423 1476//1476
f 1480//1480 1476//1476 1481//1481
f 1481//1481 1476//1476 1477//1477
f 1481//1481 1477//1477 1482//1482
f 1482//1482 1477//1477 1478//1478
f 1482//1482 1483//1483 1481//1481
f 1481//1481 1483//1483 1484//1484
f 1481//1481 1484//1484 1480//1480
f 1480//1480 1484//1484 1485//1485
f 1480//1480 1485//1485 1479//1479
f 1479//1479 1485//1485 1486//1486
f 1479//1479 1486//1486 1398//1398
f 1398//1398 1486//1486 1399//1399
f 1483//1483 1440//1440 1484//1484
f 1484//1484 1440//1440 1442//1442
f 1484//1484 1442//1442 1485//1485
f 1485//1485 1442//1442 1444//1444
f 1485//1485 1444//1444 1486//1486
f 1486//1486 1444//1444 1446//1446
f 1486//1486 1446//1446 1399//1399
f 1399//1399 1446//1446 1400//1400
f 1406//1406 1405//1405 1455//1455
f 1455//1455 1405//1405 1404//1404
f 1455//1455 1404//1404 1451//1451
f 1451//1451 1404//1404 1401//1401
f 1451//1451 1401//1401 1447//1447
f 1447//1447 1401//1401 1402//1402
f 1447//1447 1402//1402 1446//1446
f 1446//1446 1402//1402 1403//1403
f 1446//1446 1403//1403 1400//1400
f 1407//1407 1406//1406 1422//1422
f 1422//1422 1406//1406 1455//1455
f 1422//1422 1455//1455 1487//1487
f 1487//1487 1455//1455 1454//1454
f 1487//1487 1454//1454 1488//1488
f 1488//1488 1454//1454 1453//1453
f 1488//1488 1453//1453 1489//1489
f 1489//1489 1453//1453 1452//1452
f 1409//1409 1408//1408 1490//1490
f 1490//1490 1408//1408 1422//1422
f 1490//1490 1422//1422 1491//1491
f 1491//1491 1422//1422 1487//1487
f 1491//1491 1487//1487 1492//1492
f 1492//1492 1487//1487 1488//1488
f 1492//1492 1488//1488 1493//1493
f 1493//1493 1488//1488 1489//1489
f 1493//1493 1494//1494 1492//1492
f 1492//1492 1494//1494 1495//1495
f 1492//1492 1495//1495 1491//1491
f 1491//1491 1495//1495 1496//1496
f 1491//1491 1496//1496 1490//1490
f 1490//1490 1496//1496 1497//1497
f 1490//1490 1497//1497 1409//1409
f 1409//1409 1497//1497 1410//1410
f 1494//1494 1456//1456 1495//1495
f 1495//1495 1456//1456 1458//1458
f 1495//1495 1458//1458 1496//1496
f 1496//1496 1458//1458 1460//1460
f 1496//1496 1460//1460 1497//1497
f 1497//1497 1460//1460 1462//1462
f 1497//1497 1462//1462 1410//1410
f 1410//1410 1462//1462 1411//1411
f 1417//1417 1416//1416 1471//1471
f 1471//1471 1416//1416 1415//1415
f 1471//1471 1415//1415 1467//1467
f 1467//1467 1415//1415 1412//1412
f 1467//1467 1412//1412 1463//1463
f 1463//1463 1412//1412 1413//1413
f 1463//1463 1413//1413 1462//1462
f 1462//1462 1413//1413 1414//1414
f 1462//1462 1414//1414 1411//1411
f 1418//1418 1417//1417 1421//1421
f 1421//1421 1417//1417 1471//1471
f 1421//1421 1471//1471 1498//1498
f 1498//1498 1471//1471 1470//1470
f 1498//1498 1470//1470 1499//1499
f 1499//1499 1470//1470 1469//1469
f 1499//1499 1469//1469 1500//1500
f 1500//1500 1469//1469 1468//1468
f 1419//1419 1420//1420 1501//1501
f 1501//1501 1420//1420 1421//1421
f 1501//1501 1421//1421 1502//1502
f 1502//1502 1421//1421 1498//1498
f 1502//1502 1498//1498 1503//1503
f 1503//1503 1498//1498 1499//1499
f 1503//1503 1499//1499 1504//1504
f 1504//1504 1499//1499 1500//1500
f 1504//1504 1505//1505 1503//1503
f 1503//1503 1505//1505 1506//1506
f 1503//1503 1506//1506 1502//1502
f 1502//1502 1506//1506 1507//1507
f 1502//1502 1507//1507 1501//1501
f 1501//1501 1507//1507 1508//1508
f 1501//1501 1508//1508 1419//1419
f 1419//1419 1508//1508 498//498
f 547//547 543//543 1509//1509
f 528//528 527//527 1510//1510
f 512//512 511//511 1511//1511
f 1512//1512 1513//1513 1514//1514
f 1514//1514 1513//1513 1515//1515
f 1514//1514 1515//1515 1516//1516
f 1516//1516 1515//1515 1517//1517
f 1516//1516 1517//1517 1518//1518
f 1518//1518 1517//1517 1519//1519
f 1513//1513 1520//1520 1515//1515
f 1515//1515 1520//1520 1521//1521
f 1515//1515 1521//1521 1517//1517
f 1517//1517 1521//1521 1522//1522
f 1517//1517 1522//1522 1519//1519
f 1519//1519 1522//1522 1523//1523
f 1520//1520 1524//1524 1521//1521
f 1521//1521 1524//1524 1525//1525
f 1521//1521 1525//1525 1522//1522
f 1522//1522 1525//1525 1526//1526
f 1522//1522 1526//1526 1523//1523
f 1523//1523 1526//1526 1527//1527
f 1528//1528 1529//1529 1530//1530
f 1530//1530 1529//1529 1531//1531
f 1530//1530 1531//1531 1532//1532
f 1532//1532 1531//1531 1533//1533
f 1532//1532 1533//1533 1534//1534
f 1534//1534 1533//1533 1535//1535
f 1529//1529 1536//1536 1531//1531
f 1531//1531 1536//1536 1537//1537
f 1531//1531 1537//1537 1533//1533
f 1533//1533 1537//1537 1538//1538
f 1533//1533 1538//1538 1535//1535
f 1535//1535 1538//1538 1539//1539
f 1536//1536 1540//1540 1537//1537
f 1537//1537 1540//1540 1541//1541
f 1537//1537 1541//1541 1538//1538
f 1538//1538 1541//1541 1542//1542
f 1538//1538 1542//1542 1539//1539
f 1539//1539 1542//1542 1543//1543
f 1544//1544 1545//1545 1546//1546
f 1546//1546 1545//1545 1547//1547
f 1546//1546 1547//1547 1548//1548
f 1548//1548 1547//1547 1549//1549
f 1548//1548 1549//1549 1550//1550
f 1550//1550 1549//1549 1551//1551
f 1545//1545 1552//1552 1547//1547
f 1547//1547 1552//1552 1553//1553
f 1547//1547 1553//1553 1549//1549
f 1549//1549 1553//1553 1554//1554
f 1549//1549 1554//1554 1551//1551
f 1551//1551 1554//1554 1555//1555
f 1552//1552 1556//1556 1553//1553
f 1553//1553 1556//1556 1557//1557
f 1553//1553 1557//1557 1554//1554
f 1554//1554 1557//1557 1558//1558
f 1554//1554 1558//1558 1555//1555
f 1555//1555 1558//1558 1559//1559
f 1505//1505 1512//1512 1506//1506
f 1506//1506 1512//1512 1514//1514
f 1506//1506 1514//1514 1507//1507
f 1507//1507 1514//1514 1516//1516
f 1507//1507 1516//1516 1508//1508
f 1508//1508 1516//1516 1518//1518
f 1508//1508 1518//1518 498//498
f 498//498 1518//1518 499//499
f 509//509 507//507 1527//1527
f 1527//1527 507//507 506//506
f 1527//1527 506//506 1523//1523
f 1523//1523 506//506 502//502
f 1523//1523 502//502 1519//1519
f 1519//1519 502//502 504//504
f 1519//1519 504//504 1518//1518
f 1518//1518 504//504 505//505
f 1518//1518 505//505 499//499
f 511//511 509//509 1511//1511
f 1511//1511 509//509 1527//1527
f 1511//1511 1527//1527 1560//1560
f 1560//1560 1527//1527 1526//1526
f 1560//1560 1526//1526 1561//1561
f 1561//1561 1526//1526 1525//1525
f 1561//1561 1525//1525 1562//1562
f 1562//1562 1525//1525 1524//1524
f 513//513 512//512 1563//1563
f 1563//1563 512//512 1511//1511
f 1563//1563 1511//1511 1564//1564
f 1564//1564 1511//1511 1560//1560
f 1564//1564 1560//1560 1565//1565
f 1565//1565 1560//1560 1561//1561
f 1565//1565 1561//1561 1566//1566
f 1566//1566 1561//1561 1562//1562
f 1566//1566 1567//1567 1565//1565
f 1565//1565 1567//1567 1568//1568
f 1565//1565 1568//1568 1564//1564
f 1564//1564 1568//1568 1569//1569
f 1564//1564 1569//1569 1563//1563
f 1563//1563 1569//1569 1570//1570
f 1563//1563 1570//1570 513//513
f 513//513 1570//1570 515//515
f 1567//1567 1528//1528 1568//1568
f 1568//1568 1528//1528 1530//1530
f 1568//1568 1530//1530 1569//1569
f 1569//1569 1530//1530 1532//1532
f 1569//1569 1532//1532 1570//1570
f 1570//1570 1532//1532 1534//1534
f 1570//1570 1534//1534 515//515
f 515//515 1534//1534 516//516
f 525//525 523//523 1543//1543
f 1543//1543 523//523 522//522
f 1543//1543 522//522 1539//1539
f 1539//1539 522//522 518//518
f 1539//1539 518//518 1535//1535
f 1535//1535 518//518 520//520
f 1535//1535 520//520 1534//1534
f 1534//1534 520//520 521//521
f 1534//1534 521//521 516//516
f 527//527 525//525 1510//1510
f 1510//1510 525//525 1543//1543
f 1510//1510 1543//1543 1571//1571
f 1571//1571 1543//1543 1542//1542
f 1571//1571 1542//1542 1572//1572
f 1572//1572 1542//1542 1541//1541
f 1572//1572 1541//1541 1573//1573
f 1573//1573 1541//1541 1540//1540
f 529//529 528//528 1574//1574
f 1574//1574 528//528 1510//1510
f 1574//1574 1510//1510 1575//1575
f 1575//1575 1510//1510 1571//1571
f 1575//1575 1571//1571 1576//1576
f 1576//1576 1571//1571 1572//1572
f 1576//1576 1572//1572 1577//1577
f 1577//1577 1572//1572 1573//1573
f 1577//1577 1578//1578 1576//1576
f 1576//1576 1578//1578 1579//1579
f 1576//1576 1579//1579 1575//1575
f 1575//1575 1579//1579 1580//1580
f 1575//1575 1580//1580 1574//1574
f 1574//1574 1580//1580 1581//1581
f 1574//1574 1581//1581 529//529
f 529//529 1581//1581 531//531
f 1578//1578 1544//1544 1579//1579
f 1579//1579 1544//1544 1546//1546
f 1579//1579 1546//1546 1580//1580
f 1580//1580 1546//1546 1548//1548
f 1580//1580 1548//1548 1581//1581
f 1581//1581 1548//1548 1550//1550
f 1581//1581 1550//1550 531//531
f 531//531 1550//1550 532//532
f 541//541 539//539 1559//1559
f 1559//1559 539//539 538//538
f 1559//1559 538//538 1555//1555
f 1555//1555 538//538 534//534
f 1555//1555 534//534 1551//1551
f 1551//1551 534//534 536//536
f 1551//1551 536//536 1550//1550
f 1550//1550 536//536 537//537
f 1550//1550 537//537 532//532
f 543//543 541//541 1509//1509
f 1509//1509 541//541 1559//1559
f 1509//1509 1559//1559 1582//1582
f 1582//1582 1559//1559 1558//1558
f 1582//1582 1558//1558 1583//1583
f 1583//1583 1558//1558 1557//1557
f 1583//1583 1557//1557 1584//1584
f 1584//1584 1557//1557 1556//1556
f 546//546 547//547 1585//1585
f 1585//1585 547//547 1509//1509
f 1585//1585 1509//1509 1586//1586
f 1586//1586 1509//1509 1582//1582
f 1586//1586 1582//1582 1587//1587
f 1587//1587 1582//1582 1583//1583
f 1587//1587 1583//1583 1588//1588
f 1588//1588 1583//1583 1584//1584
f 1588//1588 1472//1472 1587//1587
f 1587//1587 1472//1472 1589//1589
f 1587//1587 1589//1589 1586//1586
f 1586//1586 1589//1589 1474//1474
f 1586//1586 1474//1474 1585//1585
f 1585//1585 1474//1474 1475//1475
f 1585//1585 1475//1475 546//546
f 546//546 1475//1475 544//544
f 497//497 496//496 1424//1424
f 1590//1590 1524//1524 1591//1591
f 1591//1591 1524//1524 1520//1520
f 1591//1591 1520//1520 1592//1592
f 494//494 1436//1436 495//495
f 495//495 1436//1436 1432//1432
f 495//495 1432//1432 496//496
f 496//496 1432//1432 1425//1425
f 496//496 1425//1425 1424//1424
f 486//486 1464//1464 487//487
f 487//487 1464//1464 1457//1457
f 487//487 1457//1457 488//488
f 484//484 1504//1504 485//485
f 485//485 1504//1504 1500//1500
f 485//485 1500//1500 486//486
f 486//486 1500//1500 1468//1468
f 486//486 1468//1468 1464//1464
f 1593//1593 1567//1567 1594//1594
f 1594//1594 1567//1567 1566//1566
f 1594//1594 1566//1566 1590//1590
f 1590//1590 1566//1566 1562//1562
f 1590//1590 1562//1562 1524//1524
f 1520//1520 1513//1513 1592//1592
f 1592//1592 1513//1513 1512//1512
f 1592//1592 1512//1512 484//484
f 484//484 1512//1512 1505//1505
f 484//484 1505//1505 1504//1504
f 1595//1595 1529//1529 1593//1593
f 1593//1593 1529//1529 1528//1528
f 1593//1593 1528//1528 1567//1567
f 1596//1596 1573//1573 1597//1597
f 1597//1597 1573//1573 1540//1540
f 1597//1597 1540//1540 1595//1595
f 1595//1595 1540//1540 1536//1536
f 1595//1595 1536//1536 1529//1529
f 1598//1598 1552//1552 1599//1599
f 1599//1599 1552//1552 1545//1545
f 1599//1599 1545//1545 1600//1600
f 1424//1424 1472//1472 497//497
f 497//497 1472//1472 1588//1588
f 497//497 1588//1588 1601//1601
f 1601//1601 1588//1588 1584//1584
f 1601//1601 1584//1584 1598//1598
f 1598//1598 1584//1584 1556//1556
f 1598//1598 1556//1556 1552//1552
f 492//492 1483//1483 493//493
f 493//493 1483//1483 1482//1482
f 493//493 1482//1482 494//494
f 494//494 1482//1482 1478//1478
f 494//494 1478//1478 1436//1436
f 489//489 1489//1489 490//490
f 490//490 1489//1489 1452//1452
f 490//490 1452//1452 491//491
f 1457//1457 1456//1456 488//488
f 488//488 1456//1456 1494//1494
f 488//488 1494//1494 489//489
f 489//489 1494//1494 1493//1493
f 489//489 1493//1493 1489//1489
f 1545//1545 1544//1544 1600//1600
f 1600//1600 1544//1544 1578//1578
f 1600//1600 1578//1578 1596//1596
f 1596//1596 1578//1578 1577//1577
f 1596//1596 1577//1577 1573//1573
f 1452//1452 1448//1448 491//491
f 491//491 1448//1448 1441//1441
f 491//491 1441//1441 492//492
f 492//492 1441//1441 1440//1440
f 492//492 1440//1440 1483//1483
f 470//470 497//497 1602//1602
f 1602//1602 497//497 1601//1601
f 1602//1602 1601//1601 1603//1603
f 1603//1603 1601//1601 1598//1598
f 1603//1603 1598//1598 1604//1604
f 1604//1604 1598//1598 1599//1599
f 1604//1604 1599//1599 1605//1605
f 1605//1605 1599//1599 1600//1600
f 1605//1605 1600//1600 1606//1606
f 1606//1606 1600//1600 1596//1596
f 1606//1606 1596//1596 1607//1607
f 1607//1607 1596//1596 1597//1597
f 1607//1607 1597//1597 1608//1608
f 1608//1608 1597//1597 1595//1595
f 1608//1608 1595//1595 1609//1609
f 1609//1609 1595//1595 1593//1593
f 1609//1609 1593//1593 1610//1610
f 1610//1610 1593//1593 1594//1594
f 1610//1610 1594//1594 1611//1611
f 1611//1611 1594//1594 1590//1590
f 1611//1611 1590//1590 1612//1612
f 1612//1612 1590//1590 1591//1591
f 1612//1612 1591//1591 1613//1613
f 1613//1613 1591//1591 1592//1592
f 1613//1613 1592//1592 483//483
f 483//483 1592//1592 484//484
f 483//483 468//468 1613//1613
f 1613//1613 468//468 1614//1614
f 1613//1613 1614//1614 1612//1612
f 1612//1612 1614//1614 1615//1615
f 1612//1612 1615//1615 1611//1611
f 1611//1611 1615//1615 1616//1616
f 1611//1611 1616//1616 1610//1610
f 1610//1610 1616//1616 1617//1617
f 1610//1610 1617//1617 1609//1609
f 1609//1609 1617//1617 1618//1618
f 1609//1609 1618//1618 1608//1608
f 1608//1608 1618//1618 1619//1619
f 1608//1608 1619//1619 1607//1607
f 1607//1607 1619//1619 1620//1620
f 1607//1607 1620//1620 1606//1606
f 1606//1606 1620//1620 1621//1621
f 1606//1606 1621//1621 1605//1605
f 1605//1605 1621//1621 1622//1622
f 1605//1605 1622//1622 1604//1604
f 1604//1604 1622//1622 1623//1623
f 1604//1604 1623//1623 1603//1603
f 1603//1603 1623//1623 1624//1624
f 1603//1603 1624//1624 1602//1602
f 1602//1602 1624//1624 1625//1625
f 1602//1602 1625//1625 470//470
f 470//470 1625//1625 442//442
f 468//468 469//469 1614//1614
f 1614//1614 469//469 1626//1626
f 1614//1614 1626//1626 1615//1615
f 1615//1615 1626//1626 1627//1627
f 1615//1615 1627//1627 1616//1616
f 1616//1616 1627//1627 1628//1628
f 1616//1616 1628//1628 1617//1617
f 1617//1617 1628//1628 1629//1629
f 1617//1617 1629//1629 1618//1618
f 1618//1618 1629//1629 1630//1630
f 1618//1618 1630//1630 1619//1619
f 1619//1619 1630//1630 1631//1631
f 1619//1619 1631//1631 1620//1620
f 1620//1620 1631//1631 1632//1632
f 1620//1620 1632//1632 1621//1621
f 1621//1621 1632//1632 1633//1633
f 1621//1621 1633//1633 1622//1622
f 1622//1622 1633//1633 1634//1634
f 1622//1622 1634//1634 1623//1623
f 1623//1623 1634//1634 1635//1635
f 1623//1623 1635//1635 1624//1624
f 1624//1624 1635//1635 1636//1636
f 1624//1624 1636//1636 1625//1625
f 1625//1625 1636//1636 1637//1637
f 1625//1625 1637//1637 442//442
f 442//442 1637//1637 443//443
f 457//457 1638//1638 459//459
f 459//459 1638//1638 1639//1639
f 459//459 1639//1639 461//461
f 461//461 1639//1639 1640//1640
f 461//461 1640//1640 463//463
f 463//463 1640//1640 1641//1641
f 463//463 1641//1641 465//465
f 465//465 1641//1641 1642//1642
f 465//465 1642//1642 467//467
f 467//467 1642//1642 1643//1643
f 467//467 1643//1643 469//469
f 469//469 1643//1643 412//412
f 469//469 412//412 1626//1626
f 1626//1626 412//412 414//414
f 1626//1626 414//414 1627//1627
f 1627//1627 414//414 416//416
f 1627//1627 416//416 1628//1628
f 1628//1628 416//416 418//418
f 1628//1628 418//418 1629//1629
f 1629//1629 418//418 420//420
f 1629//1629 420//420 1630//1630
f 1630//1630 420//420 422//422
f 1630//1630 422//422 1631//1631
f 422//422 424//424 1631//1631
f 1631//1631 424//424 426//426
f 1631//1631 426//426 1632//1632
f 1632//1632 426//426 428//428
f 1632//1632 428//428 1633//1633
f 1633//1633 428//428 430//430
f 1633//1633 430//430 1634//1634
f 1634//1634 430//430 432//432
f 1634//1634 432//432 1635//1635
f 1635//1635 432//432 434//434
f 1635//1635 434//434 1636//1636
f 1636//1636 434//434 436//436
f 1636//1636 436//436 1637//1637
f 1637//1637 436//436 438//438
f 1637//1637 438//438 443//443
f 443//443 438//438 440//440
f 443//443 440//440 445//445
f 445//445 440//440 1644//1644
f 445//445 1644//1644 447//447
f 447//447 1644//1644 1645//1645
f 447//447 1645//1645 449//449
f 449//449 1645//1645 1646//1646
f 449//449 1646//1646 451//451
f 451//451 1646//1646 1647//1647
f 451//451 1647//1647 453//453
f 453//453 1647//1647 1648//1648
f 453//453 1648//1648 455//455
f 455//455 1648//1648 1649//1649
f 455//455 1649//1649 457//457
f 457//457 1649//1649 1650//1650
f 457//457 1650//1650 1638//1638
f 440//440 441//441 1644//1644
f 1644//1644 441//441 1651//1651
f 1644//1644 1651//1651 1645//1645
f 1645//1645 1651//1651 1652//1652
f 1645//1645 1652//1652 1646//1646
f 1646//1646 1652//1652 1653//1653
f 1646//1646 1653//1653 1647//1647
f 1647//1647 1653//1653 1654//1654
f 1647//1647 1654//1654 1648//1648
f 1648//1648 1654//1654 1655//1655
f 1648//1648 1655//1655 1649//1649
f 1649//1649 1655//1655 1656//1656
f 1649//1649 1656//1656 1650//1650
f 1650//1650 1656//1656 1657//1657
f 1650//1650 1657//1657 1638//1638
f 1638//1638 1657//1657 1658//1658
f 1638//1638 1658//1658 1639//1639
f 1639//1639 1658//1658 1659//1659
f 1639//1639 1659//1659 1640//1640
f 1640//1640 1659//1659 1660//1660
f 1640//1640 1660//1660 1641//1641
f 1641//1641 1660//1660 1661//1661
f 1641//1641 1661//1661 1642//1642
f 1642//1642 1661//1661 1662//1662
f 1642//1642 1662//1662 1643//1643
f 1643//1643 1662//1662 1663//1663
f 1643//1643 1663//1663 412//412
f 412//412 1663//1663 413//413
f 1664//1664 1656//1656 1665//1665
f 1665//1665 1656//1656 1655//1655
f 1665//1665 1655//1655 1666//1666
f 1666//1666 1655//1655 1654//1654
f 1666//1666 1654//1654 1667//1667
f 1667//1667 1654//1654 1653//1653
f 1667//1667 1653//1653 1668//1668
f 1668//1668 1653//1653 1652//1652
f 1668//1668 1652//1652 1669//1669
f 1669//1669 1652//1652 1651//1651
f 1669//1669 1651//1651 1670//1670
f 1670//1670 1651//1651 441//441
f 1670//1670 441//441 1671//1671
f 1671//1671 441//441 439//439
f 1671//1671 439//439 1672//1672
f 1672//1672 439//439 437//437
f 1672//1672 437//437 1673//1673
f 1673//1673 437//437 435//435
f 1673//1673 435//435 1674//1674
f 1674//1674 435//435 433//433
f 1674//1674 433//433 1675//1675
f 1675//1675 433//433 431//431
f 1675//1675 431//431 1676//1676
f 431//431 429//429 1676//1676
f 1676//1676 429//429 427//427
f 1676//1676 427//427 1677//1677
f 1677//1677 427//427 425//425
f 1677//1677 425//425 1678//1678
f 1678//1678 425//425 423//423
f 1678//1678 423//423 1679//1679
f 1679//1679 423//423 421//421
f 1679//1679 421//421 1680//1680
f 1680//1680 421//421 419//419
f 1680//1680 419//419 1681//1681
f 1681//1681 419//419 417//417
f 1681//1681 417//417 1682//1682
f 1682//1682 417//417 415//415
f 1682//1682 415//415 1683//1683
f 1683//1683 415//415 413//413
f 1683//1683 413//413 1684//1684
f 1684//1684 413//413 1663//1663
f 1684//1684 1663//1663 1685//1685
f 1685//1685 1663//1663 1662//1662
f 1685//1685 1662//1662 1686//1686
f 1686//1686 1662//1662 1661//1661
f 1686//1686 1661//1661 1687//1687
f 1687//1687 1661//1661 1660//1660
f 1687//1687 1660//1660 1688//1688
f 1688//1688 1660//1660 1659//1659
f 1688//1688 1659//1659 1689//1689
f 1689//1689 1659//1659 1658//1658
f 1689//1689 1658//1658 1664//1664
f 1664//1664 1658//1658 1657//1657
f 1664//1664 1657//1657 1656//1656
f 1690//1690 1691//1691 1692//1692
f 1692//1692 1691//1691 1693//1693
f 1692//1692 1693//1693 1694//1694
f 1694//1694 1693//1693 1695//1695
f 1694//1694 1695//1695 1696//1696
f 1696//1696 1695//1695 1697//1697
f 1696//1696 1697//1697 1698//1698
f 1698//1698 1697//1697 1699//1699
f 1698//1698 1699//1699 1700//1700
f 1700//1700 1699//1699 1701//1701
f 1700//1700 1701//1701 1702//1702
f 1702//1702 1701//1701 1703//1703
f 1702//1702 1703//1703 1704//1704
f 1704//1704 1703//1703 1705//1705
f 1704//1704 1705//1705 1706//1706
f 1706//1706 1705//1705 1707//1707
f 1706//1706 1707//1707 1708//1708
f 1708//1708 1707//1707 1709//1709
f 1708//1708 1709//1709 1710//1710
f 1710//1710 1709//1709 1711//1711
f 1710//1710 1711//1711 1712//1712
f 1712//1712 1711//1711 1713//1713
f 1712//1712 1713//1713 1714//1714
f 1714//1714 1713//1713 1715//1715
f 1714//1714 1715//1715 1716//1716
f 1716//1716 1715//1715 1717//1717
f 1691//1691 1683//1683 1693//1693
f 1693//1693 1683//1683 1684//1684
f 1693//1693 1684//1684 1695//1695
f 1695//1695 1684//1684 1685//1685
f 1695//1695 1685//1685 1697//1697
f 1697//1697 1685//1685 1686//1686
f 1697//1697 1686//1686 1699//1699
f 1699//1699 1686//1686 1687//1687
f 1699//1699 1687//1687 1701//1701
f 1701//1701 1687//1687 1688//1688
f 1701//1701 1688//1688 1703//1703
f 1703//1703 1688//1688 1689//1689
f 1703//1703 1689//1689 1705//1705
f 1705//1705 1689//1689 1664//1664
f 1705//1705 1664//1664 1707//1707
f 1707//1707 1664//1664 1665//1665
f 1707//1707 1665//1665 1709//1709
f 1709//1709 1665//1665 1666//1666
f 1709//1709 1666//1666 1711//1711
f 1711//1711 1666//1666 1667//1667
f 1711//1711 1667//1667 1713//1713
f 1713//1713 1667//1667 1668//1668
f 1713//1713 1668//1668 1715//1715
f 1715//1715 1668//1668 1669//1669
f 1715//1715 1669//1669 1717//1717
f 1717//1717 1669//1669 1670//1670
f 1717//1717 1670//1670 1718//1718
f 1718//1718 1670//1670 1671//1671
f 1718//1718 1671//1671 1719//1719
f 1719//1719 1671//1671 1672//1672
f 1719//1719 1672//1672 1720//1720
f 1720//1720 1672//1672 1673//1673
f 1720//1720 1673//1673 1721//1721
f 1721//1721 1673//1673 1674//1674
f 1721//1721 1674//1674 1722//1722
f 1722//1722 1674//1674 1675//1675
f 1722//1722 1675//1675 1723//1723
f 1723//1723 1675//1675 1676//1676
f 1723//1723 1676//1676 1724//1724
f 1724//1724 1676//1676 1677//1677
f 1724//1724 1677//1677 1725//1725
f 1725//1725 1677//1677 1678//1678
f 1725//1725 1678//1678 1726//1726
f 1726//1726 1678//1678 1679//1679
f 1726//1726 1679//1679 1727//1727
f 1727//1727 1679//1679 1680//1680
f 1727//1727 1680//1680 1728//1728
f 1728//1728 1680//1680 1681//1681
f 1728//1728 1681//1681 1729//1729
f 1729//1729 1681//1681 1682//1682
f 1729//1729 1682//1682 1691//1691
f 1691//1691 1682//1682 1683//1683
f 1716//1716 1717//1717 1730//1730
f 1730//1730 1717//1717 1718//1718
f 1730//1730 1718//1718 1731//1731
f 1731//1731 1718//1718 1719//1719
f 1731//1731 1719//1719 1732//1732
f 1732//1732 1719//1719 1720//1720
f 1732//1732 1720//1720 1733//1733
f 1733//1733 1720//1720 1721//1721
f 1733//1733 1721//1721 1734//1734
f 1734//1734 1721//1721 1722//1722
f 1734//1734 1722//1722 1735//1735
f 1735//1735 1722//1722 1723//1723
f 1735//1735 1723//1723 1736//1736
f 1736//1736 1723//1723 1724//1724
f 1736//1736 1724//1724 1737//1737
f 1737//1737 1724//1724 1725//1725
f 1737//1737 1725//1725 1738//1738
f 1738//1738 1725//1725 1726//1726
f 1738//1738 1726//1726 1739//1739
f 1739//1739 1726//1726 1727//1727
f 1739//1739 1727//1727 1740//1740
f 1740//1740 1727//1727 1728//1728
f 1740//1740 1728//1728 1741//1741
f 1741//1741 1728//1728 1729//1729
f 1741//1741 1729//1729 1690//1690
f 1690//1690 1729//1729 1691//1691
f 1690//1690 1742//1742 1741//1741
f 1741//1741 1742//1742 1743//1743
f 1741//1741 1743//1743 1740//1740
f 1740//1740 1743//1743 1744//1744
f 1740//1740 1744//1744 1739//1739
f 1739//1739 1744//1744 1745//1745
f 1739//1739 1745//1745 1738//1738
f 1738//1738 1745//1745 1746//1746
f 1738//1738 1746//1746 1737//1737
f 1737//1737 1746//1746 1747//1747
f 1737//1737 1747//1747 1736//1736
f 1736//1736 1747//1747 1748//1748
f 1736//1736 1748//1748 1735//1735
f 1735//1735 1748//1748 1749//1749
f 1735//1735 1749//1749 1734//1734
f 1734//1734 1749//1749 1750//1750
f 1734//1734 1750//1750 1733//1733
f 1733//1733 1750//1750 1751//1751
f 1733//1733 1751//1751 1732//1732
f 1732//1732 1751//1751 1752//1752
f 1732//1732 1752//1752 1731//1731
f 1731//1731 1752//1752 1753//1753
f 1731//1731 1753//1753 1730//1730
f 1730//1730 1753//1753 1754//1754
f 1730//1730 1754//1754 1716//1716
f 1716//1716 1754//1754 1755//1755
f 1716//1716 1755//1755 1714//1714
f 1714//1714 1755//1755 1756//1756
f 1714//1714 1756//1756 1712//1712
f 1712//1712 1756//1756 1757//1757
f 1712//1712 1757//1757 1710//1710
f 1710//1710 1757//1757 1758//1758
f 1710//1710 1758//1758 1708//1708
f 1708//1708 1758//1758 1759//1759
f 1708//1708 1759//1759 1706//1706
f 1706//1706 1759//1759 1760//1760
f 1706//1706 1760//1760 1704//1704
f 1704//1704 1760//1760 1761//1761
f 1704//1704 1761//1761 1702//1702
f 1702//1702 1761//1761 1762//1762
f 1702//1702 1762//1762 1700//1700
f 1700//1700 1762//1762 1763//1763
f 1700//1700 1763//1763 1698//1698
f 1698//1698 1763//1763 1764//1764
f 1698//1698 1764//1764 1696//1696
f 1696//1696 1764//1764 1765//1765
f 1696//1696 1765//1765 1694//1694
f 1694//1694 1765//1765 1766//1766
f 1694//1694 1766//1766 1692//1692
f 1692//1692 1766//1766 1767//1767
f 1692//1692 1767//1767 1690//1690
f 1690//1690 1767//1767 1742//1742
f 1748//1748 1747//1747 1768//1768
f 1756//1756 1769//1769 1757//1757
f 1757//1757 1769//1769 1770//1770
f 1757//1757 1770//1770 1758//1758
f 1752//1752 1771//1771 1753//1753
f 1753//1753 1771//1771 1772//1772
f 1753//1753 1772//1772 1754//1754
f 1743//1743 1773//1773 1744//1744
f 1744//1744 1773//1773 1774//1774
f 1744//1744 1774//1774 1745//1745
f 1763//1763 1775//1775 1764//1764
f 1764//1764 1775//1775 1776//1776
f 1764//1764 1776//1776 1765//1765
f 1762//1762 1777//1777 1763//1763
f 1763//1763 1777//1777 1778//1778
f 1763//1763 1778//1778 1775//1775
f 1772//1772 1779//1779 1754//1754
f 1754//1754 1779//1779 1780//1780
f 1754//1754 1780//1780 1755//1755
f 1755//1755 1780//1780 1781//1781
f 1755//1755 1781//1781 1756//1756
f 1756//1756 1781//1781 1782//1782
f 1756//1756 1782//1782 1769//1769
f 1750//1750 1783//1783 1751//1751
f 1751//1751 1783//1783 1784//1784
f 1751//1751 1784//1784 1752//1752
f 1752//1752 1784//1784 1785//1785
f 1752//1752 1785//1785 1771//1771
f 1767//1767 1786//1786 1742//1742
f 1742//1742 1786//1786 1787//1787
f 1742//1742 1787//1787 1743//1743
f 1743//1743 1787//1787 1788//1788
f 1743//1743 1788//1788 1773//1773
f 1776//1776 1789//1789 1765//1765
f 1765//1765 1789//1789 1790//1790
f 1765//1765 1790//1790 1766//1766
f 1766//1766 1790//1790 1791//1791
f 1766//1766 1791//1791 1767//1767
f 1767//1767 1791//1791 1792//1792
f 1767//1767 1792//1792 1786//1786
f 1760//1760 1793//1793 1761//1761
f 1761//1761 1793//1793 1794//1794
f 1761//1761 1794//1794 1762//1762
f 1762//1762 1794//1794 1795//1795
f 1762//1762 1795//1795 1777//1777
f 1768//1768 1796//1796 1748//1748
f 1748//1748 1796//1796 1797//1797
f 1748//1748 1797//1797 1749//1749
f 1749//1749 1797//1797 1798//1798
f 1749//1749 1798//1798 1750//1750
f 1750//1750 1798//1798 1799//1799
f 1750//1750 1799//1799 1783//1783
f 1774//1774 1800//1800 1745//1745
f 1745//1745 1800//1800 1801//1801
f 1745//1745 1801//1801 1746//1746
f 1746//1746 1801//1801 1802//1802
f 1746//1746 1802//1802 1747//1747
f 1747//1747 1802//1802 1803//1803
f 1747//1747 1803//1803 1768//1768
f 1770//1770 1804//1804 1758//1758
f 1758//1758 1804//1804 1805//1805
f 1758//1758 1805//1805 1759//1759
f 1759//1759 1805//1805 1806//1806
f 1759//1759 1806//1806 1760//1760
f 1760//1760 1806//1806 1807//1807
f 1760//1760 1807//1807 1793//1793
f 348//348 350//350 1808//1808
f 369//369 371//371 1809//1809
f 381//381 383//383 1810//1810
f 402//402 404//404 1811//1811
f 1786//1786 1792//1792 1812//1812
f 1812//1812 1792//1792 1813//1813
f 1812//1812 1813//1813 1814//1814
f 1814//1814 1813//1813 1815//1815
f 1814//1814 1815//1815 1816//1816
f 1816//1816 1815//1815 1811//1811
f 1790//1790 1789//1789 1817//1817
f 1817//1817 1789//1789 1818//1818
f 1817//1817 1818//1818 1819//1819
f 1819//1819 1818//1818 1820//1820
f 1819//1819 1820//1820 1821//1821
f 1821//1821 1820//1820 1822//1822
f 1789//1789 1776//1776 1818//1818
f 1818//1818 1776//1776 1823//1823
f 1818//1818 1823//1823 1820//1820
f 1820//1820 1823//1823 1824//1824
f 1820//1820 1824//1824 1822//1822
f 1822//1822 1824//1824 1825//1825
f 1776//1776 1775//1775 1823//1823
f 1823//1823 1775//1775 1826//1826
f 1823//1823 1826//1826 1824//1824
f 1824//1824 1826//1826 1827//1827
f 1824//1824 1827//1827 1825//1825
f 1825//1825 1827//1827 1828//1828
f 1794//1794 1793//1793 1829//1829
f 1829//1829 1793//1793 1830//1830
f 1829//1829 1830//1830 1831//1831
f 1831//1831 1830//1830 1832//1832
f 1831//1831 1832//1832 1833//1833
f 1833//1833 1832//1832 1809//1809
f 1806//1806 1805//1805 1834//1834
f 1834//1834 1805//1805 1835//1835
f 1834//1834 1835//1835 1836//1836
f 1836//1836 1835//1835 1837//1837
f 1836//1836 1837//1837 1838//1838
f 1838//1838 1837//1837 1839//1839
f 1805//1805 1804//1804 1835//1835
f 1835//1835 1804//1804 1840//1840
f 1835//1835 1840//1840 1837//1837
f 1837//1837 1840//1840 1841//1841
f 1837//1837 1841//1841 1839//1839
f 1839//1839 1841//1841 1842//1842
f 1804//1804 1770//1770 1840//1840
f 1840//1840 1770//1770 1843//1843
f 1840//1840 1843//1843 1841//1841
f 1841//1841 1843//1843 1844//1844
f 1841//1841 1844//1844 1842//1842
f 1842//1842 1844//1844 1845//1845
f 1787//1787 1786//1786 1846//1846
f 1846//1846 1786//1786 1812//1812
f 1846//1846 1812//1812 1847//1847
f 1847//1847 1812//1812 1814//1814
f 1847//1847 1814//1814 1848//1848
f 1848//1848 1814//1814 1816//1816
f 1848//1848 1816//1816 410//410
f 410//410 1816//1816 408//408
f 1811//1811 404//404 1816//1816
f 1816//1816 404//404 406//406
f 1816//1816 406//406 408//408
f 400//400 402//402 1849//1849
f 1849//1849 402//402 1811//1811
f 1849//1849 1811//1811 1850//1850
f 1850//1850 1811//1811 1815//1815
f 1850//1850 1815//1815 1851//1851
f 1851//1851 1815//1815 1813//1813
f 1851//1851 1813//1813 1791//1791
f 1791//1791 1813//1813 1792//1792
f 1791//1791 1790//1790 1851//1851
f 1851//1851 1790//1790 1817//1817
f 1851//1851 1817//1817 1850//1850
f 1850//1850 1817//1817 1819//1819
f 1850//1850 1819//1819 1849//1849
f 1849//1849 1819//1819 1821//1821
f 1849//1849 1821//1821 400//400
f 400//400 1821//1821 398//398
f 386//386 388//388 1828//1828
f 1828//1828 388//388 390//390
f 1828//1828 390//390 1825//1825
f 1825//1825 390//390 392//392
f 1825//1825 392//392 1822//1822
f 1822//1822 392//392 394//394
f 1822//1822 394//394 1821//1821
f 1821//1821 394//394 396//396
f 1821//1821 396//396 398//398
f 383//383 386//386 1810//1810
f 1810//1810 386//386 1828//1828
f 1810//1810 1828//1828 1852//1852
f 1852//1852 1828//1828 1827//1827
f 1852//1852 1827//1827 1853//1853
f 1853//1853 1827//1827 1826//1826
f 1853//1853 1826//1826 1778//1778
f 1778//1778 1826//1826 1775//1775
f 379//379 381//381 1854//1854
f 1854//1854 381//381 1810//1810
f 1854//1854 1810//1810 1855//1855
f 1855//1855 1810//1810 1852//1852
f 1855//1855 1852//1852 1856//1856
f 1856//1856 1852//1852 1853//1853
f 1856//1856 1853//1853 1777//1777
f 1777//1777 1853//1853 1778//1778
f 1777//1777 1795//1795 1856//1856
f 1856//1856 1795//1795 1857//1857
f 1856//1856 1857//1857 1855//1855
f 1855//1855 1857//1857 1858//1858
f 1855//1855 1858//1858 1854//1854
f 1854//1854 1858//1858 1859//1859
f 1854//1854 1859//1859 379//379
f 379//379 1859//1859 377//377
f 1795//1795 1794//1794 1857//1857
f 1857//1857 1794//1794 1829//1829
f 1857//1857 1829//1829 1858//1858
f 1858//1858 1829//1829 1831//1831
f 1858//1858 1831//1831 1859//1859
f 1859//1859 1831//1831 1833//1833
f 1859//1859 1833//1833 377//377
f 377//377 1833//1833 375//375
f 1809//1809 371//371 1833//1833
f 1833//1833 371//371 373//373
f 1833//1833 373//373 375//375
f 367//367 369//369 1860//1860
f 1860//1860 369//369 1809//1809
f 1860//1860 1809//1809 1861//1861
f 1861//1861 1809//1809 1832//1832
f 1861//1861 1832//1832 1862//1862
f 1862//1862 1832//1832 1830//1830
f 1862//1862 1830//1830 1807//1807
f 1807//1807 1830//1830 1793//1793
f 1807//1807 1806//1806 1862//1862
f 1862//1862 1806//1806 1834//1834
f 1862//1862 1834//1834 1861//1861
f 1861//1861 1834//1834 1836//1836
f 1861//1861 1836//1836 1860//1860
f 1860//1860 1836//1836 1838//1838
f 1860//1860 1838//1838 367//367
f 367//367 1838//1838 365//365
f 358//358 356//356 1845//1845
f 1845//1845 356//356 354//354
f 1845//1845 354//354 1842//1842
f 1842//1842 354//354 352//352
f 1842//1842 352//352 1839//1839
f 1839//1839 352//352 351//351
f 1839//1839 351//351 1838//1838
f 1838//1838 351//351 363//363
f 1838//1838 363//363 365//365
f 350//350 358//358 1808//1808
f 1808//1808 358//358 1845//1845
f 1808//1808 1845//1845 1863//1863
f 1863//1863 1845//1845 1844//1844
f 1863//1863 1844//1844 1864//1864
f 1864//1864 1844//1844 1843//1843
f 1864//1864 1843//1843 1769//1769
f 1769//1769 1843//1843 1770//1770
f 346//346 348//348 1865//1865
f 1865//1865 348//348 1808//1808
f 1865//1865 1808//1808 1866//1866
f 1866//1866 1808//1808 1863//1863
f 1866//1866 1863//1863 1867//1867
f 1867//1867 1863//1863 1864//1864
f 1867//1867 1864//1864 1782//1782
f 1782//1782 1864//1864 1769//1769
f 1782//1782 1781//1781 1867//1867
f 1867//1867 1781//1781 1868//1868
f 1867//1867 1868//1868 1866//1866
f 1866//1866 1868//1868 1869//1869
f 1866//1866 1869//1869 1865//1865
f 1865//1865 1869//1869 1870//1870
f 1865//1865 1870//1870 346//346
f 346//346 1870//1870 344//344
f 1871//1871 1872//1872 1873//1873
f 1874//1874 1875//1875 1876//1876
f 1877//1877 1878//1878 1879//1879
f 1880//1880 1881//1881 1882//1882
f 1780//1780 1779//1779 1883//1883
f 1883//1883 1779//1779 1884//1884
f 1883//1883 1884//1884 1885//1885
f 1885//1885 1884//1884 1886//1886
f 1885//1885 1886//1886 1887//1887
f 1887//1887 1886//1886 1882//1882
f 1771//1771 1785//1785 1888//1888
f 1888//1888 1785//1785 1889//1889
f 1888//1888 1889//1889 1890//1890
f 1890//1890 1889//1889 1891//1891
f 1890//1890 1891//1891 1892//1892
f 1892//1892 1891//1891 1893//1893
f 1785//1785 1784//1784 1889//1889
f 1889//1889 1784//1784 1894//1894
f 1889//1889 1894//1894 1891//1891
f 1891//1891 1894//1894 1895//1895
f 1891//1891 1895//1895 1893//1893
f 1893//1893 1895//1895 1896//1896
f 1784//1784 1783//1783 1894//1894
f 1894//1894 1783//1783 1897//1897
f 1894//1894 1897//1897 1895//1895
f 1895//1895 1897//1897 1898//1898
f 1895//1895 1898//1898 1896//1896
f 1896//1896 1898//1898 1899//1899
f 1796//1796 1768//1768 1900//1900
f 1900//1900 1768//1768 1901//1901
f 1900//1900 1901//1901 1902//1902
f 1902//1902 1901//1901 1903//1903
f 1902//1902 1903//1903 1904//1904
f 1904//1904 1903//1903 1876//1876
f 1802//1802 1801//1801 1905//1905
f 1905//1905 1801//1801 1906//1906
f 1905//1905 1906//1906 1907//1907
f 1907//1907 1906//1906 1908//1908
f 1907//1907 1908//1908 1909//1909
f 1909//1909 1908//1908 1910//1910
f 1801//1801 1800//1800 1906//1906
f 1906//1906 1800//1800 1911//1911
f 1906//1906 1911//1911 1908//1908
f 1908//1908 1911//1911 1912//1912
f 1908//1908 1912//1912 1910//1910
f 1910//1910 1912//1912 1913//1913
f 1800//1800 1774//1774 1911//1911
f 1911//1911 1774//1774 1914//1914
f 1911//1911 1914//1914 1912//1912
f 1912//1912 1914//1914 1915//1915
f 1912//1912 1915//1915 1913//1913
f 1913//1913 1915//1915 1916//1916
f 1781//1781 1780//1780 1868//1868
f 1868//1868 1780//1780 1883//1883
f 1868//1868 1883//1883 1869//1869
f 1869//1869 1883//1883 1885//1885
f 1869//1869 1885//1885 1870//1870
f 1870//1870 1885//1885 1887//1887
f 1870//1870 1887//1887 344//344
f 344//344 1887//1887 1917//1917
f 1882//1882 1881//1881 1887//1887
f 1887//1887 1881//1881 1918//1918
f 1887//1887 1918//1918 1917//1917
f 1919//1919 1880//1880 1920//1920
f 1920//1920 1880//1880 1882//1882
f 1920//1920 1882//1882 1921//1921
f 1921//1921 1882//1882 1886//1886
f 1921//1921 1886//1886 1922//1922
f 1922//1922 1886//1886 1884//1884
f 1922//1922 1884//1884 1772//1772
f 1772//1772 1884//1884 1779//1779
f 1772//1772 1771//1771 1922//1922
f 1922//1922 1771//1771 1888//1888
f 1922//1922 1888//1888 1921//1921
f 1921//1921 1888//1888 1890//1890
f 1921//1921 1890//1890 1920//1920
f 1920//1920 1890//1890 1892//1892
f 1920//1920 1892//1892 1919//1919
f 1919//1919 1892//1892 1923//1923
f 1924//1924 1925//1925 1899//1899
f 1899//1899 1925//1925 1926//1926
f 1899//1899 1926//1926 1896//1896
f 1896//1896 1926//1926 1927//1927
f 1896//1896 1927//1927 1893//1893
f 1893//1893 1927//1927 1928//1928
f 1893//1893 1928//1928 1892//1892
f 1892//1892 1928//1928 1929//1929
f 1892//1892 1929//1929 1923//1923
f 1878//1878 1924//1924 1879//1879
f 1879//1879 1924//1924 1899//1899
f 1879//1879 1899//1899 1930//1930
f 1930//1930 1899//1899 1898//1898
f 1930//1930 1898//1898 1931//1931
f 1931//1931 1898//1898 1897//1897
f 1931//1931 1897//1897 1799//1799
f 1799//1799 1897//1897 1783//1783
f 1932//1932 1877//1877 1933//1933
f 1933//1933 1877//1877 1879//1879
f 1933//1933 1879//1879 1934//1934
f 1934//1934 1879//1879 1930//1930
f 1934//1934 1930//1930 1935//1935
f 1935//1935 1930//1930 1931//1931
f 1935//1935 1931//1931 1798//1798
f 1798//1798 1931//1931 1799//1799
f 1798//1798 1797//1797 1935//1935
f 1935//1935 1797//1797 1936//1936
f 1935//1935 1936//1936 1934//1934
f 1934//1934 1936//1936 1937//1937
f 1934//1934 1937//1937 1933//1933
f 1933//1933 1937//1937 1938//1938
f 1933//1933 1938//1938 1932//1932
f 1932//1932 1938//1938 1939//1939
f 1797//1797 1796//1796 1936//1936
f 1936//1936 1796//1796 1900//1900
f 1936//1936 1900//1900 1937//1937
f 1937//1937 1900//1900 1902//1902
f 1937//1937 1902//1902 1938//1938
f 1938//1938 1902//1902 1904//1904
f 1938//1938 1904//1904 1939//1939
f 1939//1939 1904//1904 1940//1940
f 1876//1876 1875//1875 1904//1904
f 1904//1904 1875//1875 1941//1941
f 1904//1904 1941//1941 1940//1940
f 1942//1942 1874//1874 1943//1943
f 1943//1943 1874//1874 1876//1876
f 1943//1943 1876//1876 1944//1944
f 1944//1944 1876//1876 1903//1903
f 1944//1944 1903//1903 1945//1945
f 1945//1945 1903//1903 1901//1901
f 1945//1945 1901//1901 1803//1803
f 1803//1803 1901//1901 1768//1768
f 1803//1803 1802//1802 1945//1945
f 1945//1945 1802//1802 1905//1905
f 1945//1945 1905//1905 1944//1944
f 1944//1944 1905//1905 1907//1907
f 1944//1944 1907//1907 1943//1943
f 1943//1943 1907//1907 1909//1909
f 1943//1943 1909//1909 1942//1942
f 1942//1942 1909//1909 1946//1946
f 1947//1947 1948//1948 1916//1916
f 1916//1916 1948//1948 1949//1949
f 1916//1916 1949//1949 1913//1913
f 1913//1913 1949//1949 1950//1950
f 1913//1913 1950//1950 1910//1910
f 1910//1910 1950//1950 1951//1951
f 1910//1910 1951//1951 1909//1909
f 1909//1909 1951//1951 1952//1952
f 1909//1909 1952//1952 1946//1946
f 1872//1872 1947//1947 1873//1873
f 1873//1873 1947//1947 1916//1916
f 1873//1873 1916//1916 1953//1953
f 1953//1953 1916//1916 1915//1915
f 1953//1953 1915//1915 1954//1954
f 1954//1954 1915//1915 1914//1914
f 1954//1954 1914//1914 1773//1773
f 1773//1773 1914//1914 1774//1774
f 1955//1955 1871//1871 1956//1956
f 1956//1956 1871//1871 1873//1873
f 1956//1956 1873//1873 1957//1957
f 1957//1957 1873//1873 1953//1953
f 1957//1957 1953//1953 1958//1958
f 1958//1958 1953//1953 1954//1954
f 1958//1958 1954//1954 1788//1788
f 1788//1788 1954//1954 1773//1773
f 1788//1788 1787//1787 1958//1958
f 1958//1958 1787//1787 1846//1846
f 1958//1958 1846//1846 1957//1957
f 1957//1957 1846//1846 1959//1959
f 1957//1957 1959//1959 1956//1956
f 1956//1956 1959//1959 1960//1960
f 1956//1956 1960//1960 1955//1955
f 1955//1955 1960//1960 410//410
f 410//410 411//411 1955//1955
f 1955//1955 411//411 1961//1961
f 1955//1955 1961//1961 1871//1871
f 1871//1871 1961//1961 1962//1962
f 1871//1871 1962//1962 1872//1872
f 1962//1962 1963//1963 1872//1872
f 1872//1872 1963//1963 1964//1964
f 1872//1872 1964//1964 1947//1947
f 1947//1947 1964//1964 1965//1965
f 1947//1947 1965//1965 1948//1948
f 1948//1948 1965//1965 1966//1966
f 1948//1948 1966//1966 1949//1949
f 1949//1949 1966//1966 1967//1967
f 1949//1949 1967//1967 1950//1950
f 1950//1950 1967//1967 1968//1968
f 1950//1950 1968//1968 1951//1951
f 1951//1951 1968//1968 1969//1969
f 1951//1951 1969//1969 1952//1952
f 1952//1952 1969//1969 1970//1970
f 1952//1952 1970//1970 1946//1946
f 1946//1946 1970//1970 1971//1971
f 1946//1946 1971//1971 1942//1942
f 1942//1942 1971//1971 1972//1972
f 1942//1942 1972//1972 1874//1874
f 1874//1874 1972//1972 1973//1973
f 1874//1874 1973//1973 1875//1875
f 1875//1875 1973//1973 1974//1974
f 1875//1875 1974//1974 1941//1941
f 1941//1941 1974//1974 1975//1975
f 1941//1941 1975//1975 1940//1940
f 1940//1940 1975//1975 1976//1976
f 1940//1940 1976//1976 1939//1939
f 1939//1939 1976//1976 1977//1977
f 1939//1939 1977//1977 1932//1932
f 1932//1932 1977//1977 1978//1978
f 1932//1932 1978//1978 1877//1877
f 1877//1877 1978//1978 1979//1979
f 1877//1877 1979//1979 1878//1878
f 1928//1928 1927//1927 1980//1980
f 1980//1980 1927//1927 1926//1926
f 1980//1980 1926//1926 1981//1981
f 1981//1981 1926//1926 1925//1925
f 1981//1981 1925//1925 1982//1982
f 1982//1982 1925//1925 1924//1924
f 1982//1982 1924//1924 1983//1983
f 1983//1983 1924//1924 1878//1878
f 1983//1983 1878//1878 1984//1984
f 1984//1984 1878//1878 1979//1979
f 1980//1980 1985//1985 1928//1928
f 1928//1928 1985//1985 1986//1986
f 1928//1928 1986//1986 1929//1929
f 1929//1929 1986//1986 1987//1987
f 1929//1929 1987//1987 1923//1923
f 1923//1923 1987//1987 1988//1988
f 1923//1923 1988//1988 1919//1919
f 1919//1919 1988//1988 1989//1989
f 1919//1919 1989//1989 1880//1880
f 1880//1880 1989//1989 1990//1990
f 1880//1880 1990//1990 1881//1881
f 1881//1881 1990//1990 1991//1991
f 1881//1881 1991//1991 1918//1918
f 1918//1918 1991//1991 1992//1992
f 1918//1918 1992//1992 1917//1917
f 1917//1917 1992//1992 1993//1993
f 1917//1917 1993//1993 344//344
f 344//344 1993//1993 345//345
f 1994//1994 1995//1995 1996//1996
f 1995//1995 1997//1997 1998//1998
f 1999//1999 345//345 1993//1993
f 1997//1997 1999//1999 2000//2000
f 2000//2000 1999//1999 1993//1993
f 2000//2000 1993//1993 2001//2001
f 2001//2001 1993//1993 1992//1992
f 1992//1992 1991//1991 2001//2001
f 2001//2001 1991//1991 1990//1990
f 2001//2001 1990//1990 2002//2002
f 2002//2002 1990//1990 1989//1989
f 2002//2002 1989//1989 2003//2003
f 2003//2003 1989//1989 1988//1988
f 2003//2003 1988//1988 2004//2004
f 2004//2004 1988//1988 1987//1987
f 1987//1987 1986//1986 2004//2004
f 2004//2004 1986//1986 1985//1985
f 2004//2004 1985//1985 2005//2005
f 2005//2005 1985//1985 1980//1980
f 2005//2005 1980//1980 2006//2006
f 2006//2006 1980//1980 1981//1981
f 2006//2006 1981//1981 2007//2007
f 2007//2007 1981//1981 1982//1982
f 1982//1982 1983//1983 2007//2007
f 2007//2007 1983//1983 1984//1984
f 2007//2007 1984//1984 2008//2008
f 2008//2008 1984//1984 1979//1979
f 2008//2008 1979//1979 2009//2009
f 1976//1976 2010//2010 1977//1977
f 1977//1977 2010//2010 2009//2009
f 1977//1977 2009//2009 1978//1978
f 1978//1978 2009//2009 1979//1979
f 1975//1975 2011//2011 1976//1976
f 1976//1976 2011//2011 2012//2012
f 1976//1976 2012//2012 2010//2010
f 1975//1975 1974//1974 2011//2011
f 2011//2011 1974//1974 1973//1973
f 2011//2011 1973//1973 2013//2013
f 2013//2013 1973//1973 1972//1972
f 2013//2013 1972//1972 2014//2014
f 2014//2014 1972//1972 1971//1971
f 2014//2014 1971//1971 2015//2015
f 2015//2015 1971//1971 1970//1970
f 1970//1970 1969//1969 2015//2015
f 2015//2015 1969//1969 1968//1968
f 2015//2015 1968//1968 2016//2016
f 2016//2016 1968//1968 1967//1967
f 2016//2016 1967//1967 2017//2017
f 2017//2017 1967//1967 1966//1966
f 2017//2017 1966//1966 2018//2018
f 2018//2018 1966//1966 1965//1965
f 1965//1965 1964//1964 2018//2018
f 2018//2018 1964//1964 1963//1963
f 2018//2018 1963//1963 2019//2019
f 2019//2019 1963//1963 1962//1962
f 2019//2019 1962//1962 2020//2020
f 1962//1962 1961//1961 2020//2020
f 2020//2020 1961//1961 411//411
f 2020//2020 411//411 2021//2021
f 1997//1997 2000//2000 1998//1998
f 1998//1998 2000//2000 2001//2001
f 1998//1998 2001//2001 2022//2022
f 2022//2022 2001//2001 2002//2002
f 2022//2022 2002//2002 2023//2023
f 2023//2023 2002//2002 2003//2003
f 2023//2023 2003//2003 2024//2024
f 2024//2024 2003//2003 2004//2004
f 2024//2024 2004//2004 2025//2025
f 2025//2025 2004//2004 2005//2005
f 2025//2025 2005//2005 2026//2026
f 2026//2026 2005//2005 2006//2006
f 2026//2026 2006//2006 2027//2027
f 2027//2027 2006//2006 2007//2007
f 2027//2027 2007//2007 2028//2028
f 2028//2028 2007//2007 2008//2008
f 2028//2028 2008//2008 2029//2029
f 2029//2029 2008//2008 2009//2009
f 2029//2029 2009//2009 2030//2030
f 2030//2030 2009//2009 2010//2010
f 2030//2030 2010//2010 2031//2031
f 2031//2031 2010//2010 2012//2012
f 2031//2031 2012//2012 2032//2032
f 2032//2032 2012//2012 2011//2011
f 2032//2032 2011//2011 2033//2033
f 2033//2033 2011//2011 2013//2013
f 2033//2033 2013//2013 2034//2034
f 2034//2034 2013//2013 2014//2014
f 2034//2034 2014//2014 2035//2035
f 2035//2035 2014//2014 2015//2015
f 2035//2035 2015//2015 2036//2036
f 2036//2036 2015//2015 2016//2016
f 2036//2036 2016//2016 2037//2037
f 2037//2037 2016//2016 2017//2017
f 2037//2037 2017//2017 2038//2038
f 2038//2038 2017//2017 2018//2018
f 2038//2038 2018//2018 2039//2039
f 2039//2039 2018//2018 2019//2019
f 2039//2039 2019//2019 2040//2040
f 2040//2040 2019//2019 2020//2020
f 2040//2040 2020//2020 2041//2041
f 2041//2041 2020//2020 2021//2021
f 2041//2041 2021//2021 2042//2042
f 1995//1995 1998//1998 1996//1996
f 1996//1996 1998//1998 2022//2022
f 1996//1996 2022//2022 2043//2043
f 2043//2043 2022//2022 2023//2023
f 2043//2043 2023//2023 2044//2044
f 2044//2044 2023//2023 2024//2024
f 2044//2044 2024//2024 2045//2045
f 2045//2045 2024//2024 2025//2025
f 2045//2045 2025//2025 2046//2046
f 2046//2046 2025//2025 2026//2026
f 2046//2046 2026//2026 2047//2047
f 2047//2047 2026//2026 2027//2027
f 2047//2047 2027//2027 2048//2048
f 2048//2048 2027//2027 2028//2028
f 2048//2048 2028//2028 2049//2049
f 2049//2049 2028//2028 2029//2029
f 2049//2049 2029//2029 2050//2050
f 2050//2050 2029//2029 2030//2030
f 2050//2050 2030//2030 2051//2051
f 2051//2051 2030//2030 2031//2031
f 2051//2051 2031//2031 2052//2052
f 2052//2052 2031//2031 2032//2032
f 2052//2052 2032//2032 2053//2053
f 2053//2053 2032//2032 2033//2033
f 2053//2053 2033//2033 2054//2054
f 2054//2054 2033//2033 2034//2034
f 2054//2054 2034//2034 2055//2055
f 2055//2055 2034//2034 2035//2035
f 2055//2055 2035//2035 2056//2056
f 2056//2056 2035//2035 2036//2036
f 2056//2056 2036//2036 2057//2057
f 2057//2057 2036//2036 2037//2037
f 2057//2057 2037//2037 2058//2058
f 2058//2058 2037//2037 2038//2038
f 2058//2058 2038//2038 2059//2059
f 2059//2059 2038//2038 2039//2039
f 2059//2059 2039//2039 2060//2060
f 2060//2060 2039//2039 2040//2040
f 2060//2060 2040//2040 2061//2061
f 2061//2061 2040//2040 2041//2041
f 2061//2061 2041//2041 2062//2062
f 2062//2062 2041//2041 2042//2042
f 2062//2062 2042//2042 2063//2063
f 1994//1994 1996//1996 2064//2064
f 2064//2064 1996//1996 2043//2043
f 2064//2064 2043//2043 2065//2065
f 2065//2065 2043//2043 2044//2044
f 2065//2065 2044//2044 2066//2066
f 2066//2066 2044//2044 2045//2045
f 2066//2066 2045//2045 2067//2067
f 2067//2067 2045//2045 2046//2046
f 2067//2067 2046//2046 2068//2068
f 2068//2068 2046//2046 2047//2047
f 2068//2068 2047//2047 2069//2069
f 2069//2069 2047//2047 2048//2048
f 2069//2069 2048//2048 2070//2070
f 2070//2070 2048//2048 2049//2049
f 2070//2070 2049//2049 2071//2071
f 2071//2071 2049//2049 2050//2050
f 2071//2071 2050//2050 2072//2072
f 2072//2072 2050//2050 2051//2051
f 2072//2072 2051//2051 2073//2073
f 2073//2073 2051//2051 2052//2052
f 2073//2073 2052//2052 2074//2074
f 2074//2074 2052//2052 2053//2053
f 2074//2074 2053//2053 2075//2075
f 2075//2075 2053//2053 2054//2054
f 2075//2075 2054//2054 2076//2076
f 2076//2076 2054//2054 2055//2055
f 2076//2076 2055//2055 2077//2077
f 2077//2077 2055//2055 2056//2056
f 2077//2077 2056//2056 2078//2078
f 2078//2078 2056//2056 2057//2057
f 2078//2078 2057//2057 2079//2079
f 2079//2079 2057//2057 2058//2058
f 2079//2079 2058//2058 2080//2080
f 2080//2080 2058//2058 2059//2059
f 2080//2080 2059//2059 2081//2081
f 2081//2081 2059//2059 2060//2060
f 2081//2081 2060//2060 2082//2082
f 2082//2082 2060//2060 2061//2061
f 2082//2082 2061//2061 2083//2083
f 2083//2083 2061//2061 2062//2062
f 2083//2083 2062//2062 2084//2084
f 2084//2084 2062//2062 2063//2063
f 2084//2084 2063//2063 2085//2085
f 2086//2086 2087//2087 2088//2088
f 2089//2089 2090//2090 2091//2091
f 2087//2087 2092//2092 2093//2093
f 2094//2094 411//411 409//409
f 1005//1005 1007//1007 2095//2095
f 2095//2095 1007//1007 993//993
f 2090//2090 2094//2094 2096//2096
f 2096//2096 2094//2094 409//409
f 2096//2096 409//409 2097//2097
f 2097//2097 409//409 407//407
f 407//407 405//405 2097//2097
f 2097//2097 405//405 403//403
f 2097//2097 403//403 2098//2098
f 2098//2098 403//403 401//401
f 2098//2098 401//401 2099//2099
f 399//399 397//397 2092//2092
f 397//397 395//395 2092//2092
f 2092//2092 395//395 393//393
f 2092//2092 393//393 2093//2093
f 2093//2093 393//393 391//391
f 2093//2093 391//391 2100//2100
f 2100//2100 391//391 389//389
f 2100//2100 389//389 2101//2101
f 2101//2101 389//389 387//387
f 387//387 385//385 2101//2101
f 2101//2101 385//385 384//384
f 2101//2101 384//384 2102//2102
f 2102//2102 384//384 382//382
f 2102//2102 382//382 2103//2103
f 376//376 2104//2104 378//378
f 378//378 2104//2104 2103//2103
f 378//378 2103//2103 380//380
f 380//380 2103//2103 382//382
f 374//374 2105//2105 376//376
f 376//376 2105//2105 2106//2106
f 376//376 2106//2106 2104//2104
f 374//374 372//372 2105//2105
f 2105//2105 372//372 370//370
f 2105//2105 370//370 2107//2107
f 2107//2107 370//370 368//368
f 2107//2107 368//368 2108//2108
f 2108//2108 368//368 366//366
f 2108//2108 366//366 2109//2109
f 2109//2109 366//366 364//364
f 364//364 362//362 2109//2109
f 2109//2109 362//362 361//361
f 2109//2109 361//361 2110//2110
f 2110//2110 361//361 353//353
f 2110//2110 353//353 2111//2111
f 2111//2111 353//353 355//355
f 2111//2111 355//355 2112//2112
f 2112//2112 355//355 357//357
f 357//357 359//359 2112//2112
f 2112//2112 359//359 360//360
f 2112//2112 360//360 2113//2113
f 2113//2113 360//360 349//349
f 2113//2113 349//349 2114//2114
f 349//349 347//347 2114//2114
f 2114//2114 347//347 345//345
f 2114//2114 345//345 2115//2115
f 2090//2090 2096//2096 2091//2091
f 2091//2091 2096//2096 2097//2097
f 2091//2091 2097//2097 2116//2116
f 2116//2116 2097//2097 2098//2098
f 2116//2116 2098//2098 2117//2117
f 2117//2117 2098//2098 2099//2099
f 2117//2117 2099//2099 2118//2118
f 2087//2087 2093//2093 2088//2088
f 2088//2088 2093//2093 2100//2100
f 2088//2088 2100//2100 2119//2119
f 2119//2119 2100//2100 2101//2101
f 2119//2119 2101//2101 2120//2120
f 2120//2120 2101//2101 2102//2102
f 2120//2120 2102//2102 2121//2121
f 2121//2121 2102//2102 2103//2103
f 2121//2121 2103//2103 2122//2122
f 2122//2122 2103//2103 2104//2104
f 2122//2122 2104//2104 2123//2123
f 2123//2123 2104//2104 2106//2106
f 2123//2123 2106//2106 2124//2124
f 2124//2124 2106//2106 2105//2105
f 2124//2124 2105//2105 2125//2125
f 2125//2125 2105//2105 2107//2107
f 2125//2125 2107//2107 2126//2126
f 2126//2126 2107//2107 2108//2108
f 2126//2126 2108//2108 2127//2127
f 2127//2127 2108//2108 2109//2109
f 2127//2127 2109//2109 2128//2128
f 2128//2128 2109//2109 2110//2110
f 2128//2128 2110//2110 2129//2129
f 2129//2129 2110//2110 2111//2111
f 2129//2129 2111//2111 2130//2130
f 2130//2130 2111//2111 2112//2112
f 2130//2130 2112//2112 2131//2131
f 2131//2131 2112//2112 2113//2113
f 2131//2131 2113//2113 2132//2132
f 2132//2132 2113//2113 2114//2114
f 2132//2132 2114//2114 2133//2133
f 2133//2133 2114//2114 2115//2115
f 2133//2133 2115//2115 2134//2134
f 2089//2089 2091//2091 2135//2135
f 2135//2135 2091//2091 2116//2116
f 2135//2135 2116//2116 2136//2136
f 2136//2136 2116//2116 2117//2117
f 2136//2136 2117//2117 2137//2137
f 2137//2137 2117//2117 2118//2118
f 2137//2137 2118//2118 2095//2095
f 2086//2086 2088//2088 2138//2138
f 2138//2138 2088//2088 2119//2119
f 2138//2138 2119//2119 2139//2139
f 2139//2139 2119//2119 2120//2120
f 2139//2139 2120//2120 2140//2140
f 2140//2140 2120//2120 2121//2121
f 2140//2140 2121//2121 2141//2141
f 2141//2141 2121//2121 2122//2122
f 2141//2141 2122//2122 2142//2142
f 2142//2142 2122//2122 2123//2123
f 2142//2142 2123//2123 2143//2143
f 2143//2143 2123//2123 2124//2124
f 2143//2143 2124//2124 2144//2144
f 2144//2144 2124//2124 2125//2125
f 2144//2144 2125//2125 2145//2145
f 2145//2145 2125//2125 2126//2126
f 2145//2145 2126//2126 2146//2146
f 2146//2146 2126//2126 2127//2127
f 2146//2146 2127//2127 2147//2147
f 2147//2147 2127//2127 2128//2128
f 2147//2147 2128//2128 2148//2148
f 2148//2148 2128//2128 2129//2129
f 2148//2148 2129//2129 2149//2149
f 2149//2149 2129//2129 2130//2130
f 2149//2149 2130//2130 2150//2150
f 2150//2150 2130//2130 2131//2131
f 2150//2150 2131//2131 2151//2151
f 2151//2151 2131//2131 2132//2132
f 2151//2151 2132//2132 2152//2152
f 2152//2152 2132//2132 2133//2133
f 2152//2152 2133//2133 2153//2153
f 2153//2153 2133//2133 2134//2134
f 2153//2153 2134//2134 2154//2154
f 993//993 2155//2155 2095//2095
f 2095//2095 2155//2155 2156//2156
f 2095//2095 2156//2156 2137//2137
f 2137//2137 2156//2156 2157//2157
f 2137//2137 2157//2157 2136//2136
f 2136//2136 2157//2157 2158//2158
f 2136//2136 2158//2158 2135//2135
f 2135//2135 2158//2158 2085//2085
f 2135//2135 2085//2085 2089//2089
f 401//401 399//399 2099//2099
f 2099//2099 399//399 2092//2092
f 2099//2099 2092//2092 2118//2118
f 2118//2118 2092//2092 2087//2087
f 2118//2118 2087//2087 2095//2095
f 2095//2095 2087//2087 2086//2086
f 2095//2095 2086//2086 1005//1005
f 1005//1005 2086//2086 2138//2138
f 1005//1005 2138//2138 1003//1003
f 1003//1003 2138//2138 2139//2139
f 1003//1003 2139//2139 1018//1018
f 1018//1018 2139//2139 2140//2140
f 1018//1018 2140//2140 1002//1002
f 1002//1002 2140//2140 2141//2141
f 1002//1002 2141//2141 1017//1017
f 1017//1017 2141//2141 2142//2142
f 1017//1017 2142//2142 1015//1015
f 1015//1015 2142//2142 2143//2143
f 1015//1015 2143//2143 1013//1013
f 1013//1013 2143//2143 2144//2144
f 1013//1013 2144//2144 1011//1011
f 1011//1011 2144//2144 2145//2145
f 1011//1011 2145//2145 1023//1023
f 1023//1023 2145//2145 2146//2146
f 1023//1023 2146//2146 1008//1008
f 1008//1008 2146//2146 2147//2147
f 1008//1008 2147//2147 1009//1009
f 1009//1009 2147//2147 2148//2148
f 1009//1009 2148//2148 1033//1033
f 1033//1033 2148//2148 2149//2149
f 1033//1033 2149//2149 1031//1031
f 1031//1031 2149//2149 1029//1029
f 1029//1029 2149//2149 2150//2150
f 1029//1029 2150//2150 2159//2159
f 2159//2159 2150//2150 2151//2151
f 2159//2159 2151//2151 2160//2160
f 2160//2160 2151//2151 2152//2152
f 2160//2160 2152//2152 2161//2161
f 2161//2161 2152//2152 2153//2153
f 2161//2161 2153//2153 2162//2162
f 2162//2162 2153//2153 2154//2154
f 2162//2162 2154//2154 1994//1994
f 2155//2155 993//993 992//992
f 2163//2163 2164//2164 2161//2161
f 2161//2161 2164//2164 2165//2165
f 2161//2161 2165//2165 2160//2160
f 2160//2160 2165//2165 1158//1158
f 2160//2160 1158//1158 1159//1159
f 1159//1159 1045//1045 2160//2160
f 2160//2160 1045//1045 1044//1044
f 2160//2160 1044//1044 2159//2159
f 2159//2159 1044//1044 1029//1029
f 2163//2163 2161//2161 2166//2166
f 2166//2166 2161//2161 2162//2162
f 2166//2166 2162//2162 2167//2167
f 2167//2167 2162//2162 1994//1994
f 2167//2167 1994//1994 2168//2168
f 2155//2155 992//992 2156//2156
f 2168//2168 1994//1994 2169//2169
f 2169//2169 1994//1994 2064//2064
f 2169//2169 2064//2064 2170//2170
f 2170//2170 2064//2064 2171//2171
f 2171//2171 2064//2064 2065//2065
f 2171//2171 2065//2065 2172//2172
f 2067//2067 2173//2173 2066//2066
f 2066//2066 2173//2173 2174//2174
f 2066//2066 2174//2174 2065//2065
f 2065//2065 2174//2174 2175//2175
f 2065//2065 2175//2175 2172//2172
f 2176//2176 2079//2079 2080//2080
f 2177//2177 2178//2178 2083//2083
f 2083//2083 2178//2178 2082//2082
f 2177//2177 2083//2083 2179//2179
f 2179//2179 2083//2083 2084//2084
f 2179//2179 2084//2084 2180//2180
f 2181//2181 2157//2157 2182//2182
f 2182//2182 2157//2157 2156//2156
f 2182//2182 2156//2156 991//991
f 991//991 2156//2156 992//992
f 2183//2183 2069//2069 2070//2070
f 2176//2176 2184//2184 2079//2079
f 2079//2079 2184//2184 2185//2185
f 2079//2079 2185//2185 2078//2078
f 2081//2081 2186//2186 2080//2080
f 2080//2080 2186//2186 2187//2187
f 2080//2080 2187//2187 2176//2176
f 2178//2178 2188//2188 2082//2082
f 2082//2082 2188//2188 2189//2189
f 2082//2082 2189//2189 2081//2081
f 2081//2081 2189//2189 2190//2190
f 2081//2081 2190//2190 2186//2186
f 2181//2181 2191//2191 2157//2157
f 2157//2157 2191//2191 2192//2192
f 2157//2157 2192//2192 2158//2158
f 2158//2158 2192//2192 2193//2193
f 2158//2158 2193//2193 2085//2085
f 2085//2085 2193//2193 2194//2194
f 2085//2085 2194//2194 2084//2084
f 2084//2084 2194//2194 2195//2195
f 2084//2084 2195//2195 2180//2180
f 2068//2068 2196//2196 2067//2067
f 2067//2067 2196//2196 2197//2197
f 2067//2067 2197//2197 2173//2173
f 2183//2183 2198//2198 2069//2069
f 2069//2069 2198//2198 2199//2199
f 2069//2069 2199//2199 2068//2068
f 2068//2068 2199//2199 2200//2200
f 2068//2068 2200//2200 2196//2196
f 2071//2071 2201//2201 2070//2070
f 2070//2070 2201//2201 2202//2202
f 2070//2070 2202//2202 2183//2183
f 2072//2072 2203//2203 2071//2071
f 2071//2071 2203//2203 2204//2204
f 2071//2071 2204//2204 2201//2201
f 2205//2205 2073//2073 2206//2206
f 2206//2206 2073//2073 2074//2074
f 2076//2076 2077//2077 2207//2207
f 2185//2185 2208//2208 2078//2078
f 2078//2078 2208//2208 2209//2209
f 2078//2078 2209//2209 2077//2077
f 2077//2077 2209//2209 2210//2210
f 2077//2077 2210//2210 2207//2207
f 2205//2205 2211//2211 2073//2073
f 2073//2073 2211//2211 2212//2212
f 2073//2073 2212//2212 2072//2072
f 2072//2072 2212//2212 2213//2213
f 2072//2072 2213//2213 2203//2203
f 2075//2075 2214//2214 2074//2074
f 2074//2074 2214//2214 2215//2215
f 2074//2074 2215//2215 2206//2206
f 2207//2207 2216//2216 2076//2076
f 2076//2076 2216//2216 2217//2217
f 2076//2076 2217//2217 2075//2075
f 2075//2075 2217//2217 2218//2218
f 2075//2075 2218//2218 2214//2214
f 2219//2219 2220//2220 2221//2221
f 2222//2222 2223//2223 2224//2224
f 999//999 998//998 2225//2225
f 997//997 996//996 2226//2226
f 1215//1215 2227//2227 2228//2228
f 1178//1178 1163//1163 1164//1164
f 2174//2174 2173//2173 2229//2229
f 2214//2214 2218//2218 2230//2230
f 2181//2181 2182//2182 2231//2231
f 2231//2231 2182//2182 991//991
f 2231//2231 991//991 990//990
f 2181//2181 2231//2231 2191//2191
f 2191//2191 2231//2231 2232//2232
f 2191//2191 2232//2232 2192//2192
f 2192//2192 2232//2232 2233//2233
f 2192//2192 2233//2233 2193//2193
f 2193//2193 2233//2233 2234//2234
f 2193//2193 2234//2234 2194//2194
f 2194//2194 2234//2234 2195//2195
f 2195//2195 2234//2234 2235//2235
f 2195//2195 2235//2235 2180//2180
f 2180//2180 2235//2235 2179//2179
f 2179//2179 2235//2235 2236//2236
f 2179//2179 2236//2236 2177//2177
f 2177//2177 2236//2236 2237//2237
f 2177//2177 2237//2237 2178//2178
f 2238//2238 2189//2189 2237//2237
f 2237//2237 2189//2189 2188//2188
f 2237//2237 2188//2188 2178//2178
f 2176//2176 2187//2187 2239//2239
f 2239//2239 2187//2187 2186//2186
f 2239//2239 2186//2186 2238//2238
f 2238//2238 2186//2186 2190//2190
f 2238//2238 2190//2190 2189//2189
f 2208//2208 2185//2185 2240//2240
f 2240//2240 2185//2185 2184//2184
f 2209//2209 2241//2241 2210//2210
f 2210//2210 2241//2241 2242//2242
f 2210//2210 2242//2242 2207//2207
f 2207//2207 2242//2242 2243//2243
f 2207//2207 2243//2243 2216//2216
f 2230//2230 2218//2218 2243//2243
f 2243//2243 2218//2218 2217//2217
f 2243//2243 2217//2217 2216//2216
f 2214//2214 2230//2230 2215//2215
f 2215//2215 2230//2230 2244//2244
f 2215//2215 2244//2244 2206//2206
f 2206//2206 2244//2244 2245//2245
f 2206//2206 2245//2245 2205//2205
f 2205//2205 2245//2245 2211//2211
f 2211//2211 2245//2245 2246//2246
f 2211//2211 2246//2246 2212//2212
f 2212//2212 2246//2246 2247//2247
f 2212//2212 2247//2247 2213//2213
f 2248//2248 2204//2204 2247//2247
f 2247//2247 2204//2204 2203//2203
f 2247//2247 2203//2203 2213//2213
f 2249//2249 2183//2183 2250//2250
f 2250//2250 2183//2183 2202//2202
f 2250//2250 2202//2202 2248//2248
f 2248//2248 2202//2202 2201//2201
f 2248//2248 2201//2201 2204//2204
f 2251//2251 2199//2199 2249//2249
f 2249//2249 2199//2199 2198//2198
f 2249//2249 2198//2198 2183//2183
f 2252//2252 2196//2196 2200//2200
f 2229//2229 2173//2173 2252//2252
f 2252//2252 2173//2173 2197//2197
f 2252//2252 2197//2197 2196//2196
f 2174//2174 2229//2229 2175//2175
f 2175//2175 2229//2229 2253//2253
f 2175//2175 2253//2253 2172//2172
f 2172//2172 2253//2253 2254//2254
f 2172//2172 2254//2254 2171//2171
f 2171//2171 2254//2254 2170//2170
f 2170//2170 2254//2254 2255//2255
f 2170//2170 2255//2255 2169//2169
f 2169//2169 2255//2255 2168//2168
f 2168//2168 2255//2255 2256//2256
f 2168//2168 2256//2256 2167//2167
f 2167//2167 2256//2256 2166//2166
f 2166//2166 2256//2256 2257//2257
f 2166//2166 2257//2257 2163//2163
f 2163//2163 2257//2257 2258//2258
f 2163//2163 2258//2258 2164//2164
f 2259//2259 1158//1158 2258//2258
f 2258//2258 1158//1158 2165//2165
f 2258//2258 2165//2165 2164//2164
f 2260//2260 1269//1269 1268//1268
f 2261//2261 1267//1267 1269//1269
f 1266//1266 2262//2262 1265//1265
f 1265//1265 2262//2262 2263//2263
f 1265//1265 2263//2263 1264//1264
f 1264//1264 2263//2263 2264//2264
f 1264//1264 2264//2264 1263//1263
f 1201//1201 1255//1255 2265//2265
f 2265//2265 1255//1255 1256//1256
f 1203//1203 1204//1204 2266//2266
f 2266//2266 1204//1204 1205//1205
f 2266//2266 1205//1205 1200//1200
f 2267//2267 1208//1208 2268//2268
f 2268//2268 1208//1208 1202//1202
f 2268//2268 1202//1202 2269//2269
f 1206//1206 2270//2270 1207//1207
f 1207//1207 2270//2270 2271//2271
f 1207//1207 2271//2271 1209//1209
f 1209//1209 2271//2271 2272//2272
f 1209//1209 2272//2272 1210//1210
f 1213//1213 2273//2273 1212//1212
f 1212//1212 2273//2273 2274//2274
f 1211//1211 2275//2275 1173//1173
f 1173//1173 2275//2275 2276//2276
f 1173//1173 2276//2276 1172//1172
f 2276//2276 2277//2277 1172//1172
f 1172//1172 2277//2277 2278//2278
f 1172//1172 2278//2278 1214//1214
f 1215//1215 2228//2228 1216//1216
f 1216//1216 2228//2228 2279//2279
f 1216//1216 2279//2279 1217//1217
f 1217//1217 2279//2279 2280//2280
f 1217//1217 2280//2280 1220//1220
f 1221//1221 1222//1222 2219//2219
f 2219//2219 1222//1222 1218//1218
f 2219//2219 1218//1218 2220//2220
f 2220//2220 1218//1218 1219//1219
f 2220//2220 1219//1219 2281//2281
f 2282//2282 1253//1253 1254//1254
f 2283//2283 1251//1251 2284//2284
f 2284//2284 1251//1251 1250//1250
f 2284//2284 1250//1250 1252//1252
f 2226//2226 789//789 2285//2285
f 2285//2285 789//789 788//788
f 996//996 783//783 784//784
f 996//996 784//784 2226//2226
f 2226//2226 784//784 2286//2286
f 2226//2226 2286//2286 789//789
f 990//990 994//994 2231//2231
f 2231//2231 994//994 2287//2287
f 2231//2231 2287//2287 2232//2232
f 2232//2232 2287//2287 2288//2288
f 2232//2232 2288//2288 2233//2233
f 2233//2233 2288//2288 2289//2289
f 2233//2233 2289//2289 2234//2234
f 2234//2234 2289//2289 2290//2290
f 2234//2234 2290//2290 2235//2235
f 2235//2235 2290//2290 2291//2291
f 2235//2235 2291//2291 2236//2236
f 2236//2236 2291//2291 2292//2292
f 2236//2236 2292//2292 2237//2237
f 2237//2237 2292//2292 2293//2293
f 2237//2237 2293//2293 2238//2238
f 2238//2238 2293//2293 2294//2294
f 2238//2238 2294//2294 2239//2239
f 2239//2239 2294//2294 2295//2295
f 2209//2209 2208//2208 2241//2241
f 2241//2241 2208//2208 2240//2240
f 2241//2241 2240//2240 2296//2296
f 2296//2296 2240//2240 2297//2297
f 2296//2296 2297//2297 2298//2298
f 1167//1167 2259//2259 2299//2299
f 2299//2299 2259//2259 2258//2258
f 2299//2299 2258//2258 2300//2300
f 2300//2300 2258//2258 2257//2257
f 2300//2300 2257//2257 2301//2301
f 2301//2301 2257//2257 2256//2256
f 2301//2301 2256//2256 2302//2302
f 2302//2302 2256//2256 2255//2255
f 2302//2302 2255//2255 2303//2303
f 2303//2303 2255//2255 2254//2254
f 2303//2303 2254//2254 2304//2304
f 2304//2304 2254//2254 2253//2253
f 2304//2304 2253//2253 2305//2305
f 2305//2305 2253//2253 2229//2229
f 2305//2305 2229//2229 2306//2306
f 2306//2306 2229//2229 2252//2252
f 2306//2306 2252//2252 2251//2251
f 2251//2251 2252//2252 2200//2200
f 2251//2251 2200//2200 2199//2199
f 2307//2307 2308//2308 2309//2309
f 2310//2310 2274//2274 2308//2308
f 2308//2308 2274//2274 2273//2273
f 2308//2308 2273//2273 2309//2309
f 2309//2309 2273//2273 1213//1213
f 2311//2311 2312//2312 2267//2267
f 2313//2313 2266//2266 2314//2314
f 2314//2314 2266//2266 1200//1200
f 2314//2314 1200//1200 1201//1201
f 1201//1201 2265//2265 2314//2314
f 2314//2314 2265//2265 2315//2315
f 2314//2314 2315//2315 2313//2313
f 2267//2267 2268//2268 2311//2311
f 2311//2311 2268//2268 2269//2269
f 2311//2311 2269//2269 2316//2316
f 1213//1213 1210//1210 2309//2309
f 2309//2309 1210//1210 2272//2272
f 2309//2309 2272//2272 2307//2307
f 2307//2307 2272//2272 2271//2271
f 2307//2307 2271//2271 2312//2312
f 2312//2312 2271//2271 2270//2270
f 2312//2312 2270//2270 2267//2267
f 2267//2267 2270//2270 1206//1206
f 2267//2267 1206//1206 1208//1208
f 2317//2317 2318//2318 2319//2319
f 2320//2320 2321//2321 2322//2322
f 2322//2322 2323//2323 2320//2320
f 2320//2320 2323//2323 2324//2324
f 2320//2320 2324//2324 2325//2325
f 2325//2325 2324//2324 2326//2326
f 2325//2325 2326//2326 2327//2327
f 2319//2319 2318//2318 2328//2328
f 2328//2328 2318//2318 2329//2329
f 2328//2328 2329//2329 2330//2330
f 2329//2329 2331//2331 2330//2330
f 2330//2330 2331//2331 2332//2332
f 2330//2330 2332//2332 2333//2333
f 2262//2262 2334//2334 2263//2263
f 2263//2263 2334//2334 2333//2333
f 2263//2263 2333//2333 2264//2264
f 2264//2264 2333//2333 2332//2332
f 2264//2264 2332//2332 1263//1263
f 1263//1263 2332//2332 2331//2331
f 1263//1263 2331//2331 1262//1262
f 1262//1262 2331//2331 2329//2329
f 1262//1262 2329//2329 1261//1261
f 1261//1261 2329//2329 2318//2318
f 1261//1261 2318//2318 1260//1260
f 1260//1260 2318//2318 2317//2317
f 1260//1260 2317//2317 1259//1259
f 1269//1269 2260//2260 2261//2261
f 2261//2261 2260//2260 2335//2335
f 2261//2261 2335//2335 2336//2336
f 1179//1179 2337//2337 2338//2338
f 2338//2338 2337//2337 2339//2339
f 2338//2338 2339//2339 2340//2340
f 2340//2340 2339//2339 2341//2341
f 2340//2340 2341//2341 2342//2342
f 2343//2343 2336//2336 2342//2342
f 2342//2342 2336//2336 2335//2335
f 2342//2342 2335//2335 2340//2340
f 2340//2340 2335//2335 2260//2260
f 2340//2340 2260//2260 2338//2338
f 2338//2338 2260//2260 1268//1268
f 2338//2338 1268//1268 1179//1179
f 2344//2344 2326//2326 2345//2345
f 2345//2345 2326//2326 2324//2324
f 2345//2345 2324//2324 2346//2346
f 2346//2346 2324//2324 2323//2323
f 2346//2346 2323//2323 2347//2347
f 2347//2347 2323//2323 2322//2322
f 2347//2347 2322//2322 2348//2348
f 2321//2321 2315//2315 2322//2322
f 2322//2322 2315//2315 2265//2265
f 2322//2322 2265//2265 2348//2348
f 2348//2348 2265//2265 1256//1256
f 2348//2348 1256//1256 2347//2347
f 2347//2347 1256//1256 1257//1257
f 2347//2347 1257//1257 2346//2346
f 2346//2346 1257//1257 1258//1258
f 2346//2346 1258//1258 2345//2345
f 2345//2345 1258//1258 1259//1259
f 2345//2345 1259//1259 2344//2344
f 2344//2344 1259//1259 2317//2317
f 2344//2344 2317//2317 2326//2326
f 2326//2326 2317//2317 2319//2319
f 2326//2326 2319//2319 2327//2327
f 2327//2327 2319//2319 2328//2328
f 2327//2327 2328//2328 2349//2349
f 2349//2349 2328//2328 2330//2330
f 2349//2349 2330//2330 2350//2350
f 2350//2350 2330//2330 2333//2333
f 2350//2350 2333//2333 2343//2343
f 2343//2343 2333//2333 2334//2334
f 2343//2343 2334//2334 2336//2336
f 2336//2336 2334//2334 2262//2262
f 2336//2336 2262//2262 2261//2261
f 2261//2261 2262//2262 1266//1266
f 2261//2261 1266//1266 1267//1267
f 2285//2285 2351//2351 2226//2226
f 2226//2226 2351//2351 2225//2225
f 2226//2226 2225//2225 997//997
f 997//997 2225//2225 998//998
f 2352//2352 2353//2353 2354//2354
f 2354//2354 2353//2353 2355//2355
f 2354//2354 2355//2355 2356//2356
f 2224//2224 2223//2223 2357//2357
f 2357//2357 2223//2223 2358//2358
f 2357//2357 2358//2358 2359//2359
f 2356//2356 2355//2355 2360//2360
f 2360//2360 2355//2355 2361//2361
f 2360//2360 2361//2361 2362//2362
f 2362//2362 2361//2361 2363//2363
f 2362//2362 2363//2363 2364//2364
f 2365//2365 2366//2366 2367//2367
f 2285//2285 2367//2367 2351//2351
f 2351//2351 2367//2367 2366//2366
f 2351//2351 2366//2366 2225//2225
f 2225//2225 2366//2366 2368//2368
f 2225//2225 2368//2368 999//999
f 999//999 2368//2368 995//995
f 2369//2369 2370//2370 2371//2371
f 2352//2352 2371//2371 2353//2353
f 2353//2353 2371//2371 2370//2370
f 2353//2353 2370//2370 2355//2355
f 2355//2355 2370//2370 2372//2372
f 2355//2355 2372//2372 2361//2361
f 2361//2361 2372//2372 2365//2365
f 2361//2361 2365//2365 2363//2363
f 2363//2363 2365//2365 2367//2367
f 2363//2363 2367//2367 2364//2364
f 2364//2364 2367//2367 2285//2285
f 2358//2358 2373//2373 2359//2359
f 2359//2359 2373//2373 2374//2374
f 2359//2359 2374//2374 2375//2375
f 2284//2284 2375//2375 2283//2283
f 2283//2283 2375//2375 2374//2374
f 2283//2283 2374//2374 1251//1251
f 1251//1251 2374//2374 2373//2373
f 1251//1251 2373//2373 1249//1249
f 1249//1249 2373//2373 2358//2358
f 1249//1249 2358//2358 1248//1248
f 1248//1248 2358//2358 2223//2223
f 1248//1248 2223//2223 1247//1247
f 1247//1247 2223//2223 2222//2222
f 1247//1247 2222//2222 1246//1246
f 2376//2376 2377//2377 2378//2378
f 2378//2378 2377//2377 1224//1224
f 2378//2378 1224//1224 1225//1225
f 1225//1225 2298//2298 2378//2378
f 2378//2378 2298//2298 2297//2297
f 2378//2378 2297//2297 2376//2376
f 2376//2376 2297//2297 2240//2240
f 2376//2376 2240//2240 2379//2379
f 2379//2379 2240//2240 2184//2184
f 2379//2379 2184//2184 2176//2176
f 994//994 995//995 2287//2287
f 2287//2287 995//995 2368//2368
f 2287//2287 2368//2368 2288//2288
f 2288//2288 2368//2368 2366//2366
f 2288//2288 2366//2366 2289//2289
f 2289//2289 2366//2366 2365//2365
f 2289//2289 2365//2365 2290//2290
f 2290//2290 2365//2365 2372//2372
f 2290//2290 2372//2372 2291//2291
f 2291//2291 2372//2372 2370//2370
f 2291//2291 2370//2370 2292//2292
f 2292//2292 2370//2370 2369//2369
f 2292//2292 2369//2369 2293//2293
f 2293//2293 2369//2369 2380//2380
f 2293//2293 2380//2380 2294//2294
f 2294//2294 2380//2380 2381//2381
f 2294//2294 2381//2381 2295//2295
f 2295//2295 2381//2381 2282//2282
f 2295//2295 2282//2282 2382//2382
f 2382//2382 2282//2282 1254//1254
f 2382//2382 1254//1254 1223//1223
f 2176//2176 2239//2239 2379//2379
f 2379//2379 2239//2239 2295//2295
f 2379//2379 2295//2295 2376//2376
f 2376//2376 2295//2295 2382//2382
f 2376//2376 2382//2382 2377//2377
f 2377//2377 2382//2382 1223//1223
f 2377//2377 1223//1223 1224//1224
f 2221//2221 2220//2220 2383//2383
f 2383//2383 2220//2220 2281//2281
f 2383//2383 2281//2281 2384//2384
f 2227//2227 2385//2385 2228//2228
f 2228//2228 2385//2385 2386//2386
f 2228//2228 2386//2386 2279//2279
f 2279//2279 2386//2386 2384//2384
f 2279//2279 2384//2384 2280//2280
f 2280//2280 2384//2384 2281//2281
f 2280//2280 2281//2281 1220//1220
f 1220//1220 2281//2281 1219//1219
f 1225//1225 1221//1221 2298//2298
f 2298//2298 1221//1221 2219//2219
f 2298//2298 2219//2219 2296//2296
f 2296//2296 2219//2219 2221//2221
f 2296//2296 2221//2221 2241//2241
f 2241//2241 2221//2221 2383//2383
f 2241//2241 2383//2383 2242//2242
f 2242//2242 2383//2383 2384//2384
f 2242//2242 2384//2384 2243//2243
f 2243//2243 2384//2384 2386//2386
f 2243//2243 2386//2386 2230//2230
f 2230//2230 2386//2386 2385//2385
f 2230//2230 2385//2385 2244//2244
f 2244//2244 2385//2385 2387//2387
f 2244//2244 2387//2387 2245//2245
f 2245//2245 2387//2387 2310//2310
f 2245//2245 2310//2310 2246//2246
f 2246//2246 2310//2310 2308//2308
f 2246//2246 2308//2308 2247//2247
f 2247//2247 2308//2308 2307//2307
f 2247//2247 2307//2307 2248//2248
f 2248//2248 2307//2307 2312//2312
f 2248//2248 2312//2312 2250//2250
f 2250//2250 2312//2312 2311//2311
f 2250//2250 2311//2311 2249//2249
f 2249//2249 2311//2311 2316//2316
f 2249//2249 2316//2316 2251//2251
f 1252//1252 1253//1253 2284//2284
f 2284//2284 1253//1253 2282//2282
f 2284//2284 2282//2282 2375//2375
f 2375//2375 2282//2282 2381//2381
f 2375//2375 2381//2381 2359//2359
f 2359//2359 2381//2381 2380//2380
f 2359//2359 2380//2380 2357//2357
f 2357//2357 2380//2380 2369//2369
f 2357//2357 2369//2369 2224//2224
f 2224//2224 2369//2369 2371//2371
f 2224//2224 2371//2371 2222//2222
f 2222//2222 2371//2371 2352//2352
f 2222//2222 2352//2352 1246//1246
f 1246//1246 2352//2352 2354//2354
f 1246//1246 2354//2354 1245//1245
f 1245//1245 2354//2354 2356//2356
f 1245//1245 2356//2356 1244//1244
f 1244//1244 2356//2356 2360//2360
f 1244//1244 2360//2360 1243//1243
f 1243//1243 2360//2360 2362//2362
f 1243//1243 2362//2362 1242//1242
f 1242//1242 2362//2362 2364//2364
f 1242//1242 2364//2364 1241//1241
f 1241//1241 2364//2364 2285//2285
f 1241//1241 2285//2285 1240//1240
f 1240//1240 2285//2285 788//788
f 1202//1202 1203//1203 2269//2269
f 2269//2269 1203//1203 2266//2266
f 2269//2269 2266//2266 2316//2316
f 2316//2316 2266//2266 2313//2313
f 2316//2316 2313//2313 2251//2251
f 2251//2251 2313//2313 2315//2315
f 2251//2251 2315//2315 2306//2306
f 2306//2306 2315//2315 2321//2321
f 2306//2306 2321//2321 2305//2305
f 2305//2305 2321//2321 2320//2320
f 2305//2305 2320//2320 2304//2304
f 2304//2304 2320//2320 2325//2325
f 2304//2304 2325//2325 2303//2303
f 2303//2303 2325//2325 2327//2327
f 2303//2303 2327//2327 2302//2302
f 2302//2302 2327//2327 2349//2349
f 2302//2302 2349//2349 2301//2301
f 2301//2301 2349//2349 2350//2350
f 2301//2301 2350//2350 2300//2300
f 2300//2300 2350//2350 2343//2343
f 2300//2300 2343//2343 2299//2299
f 2299//2299 2343//2343 2342//2342
f 2299//2299 2342//2342 1167//1167
f 1167//1167 2342//2342 2341//2341
f 1167//1167 2341//2341 1166//1166
f 1166//1166 2341//2341 2339//2339
f 1166//1166 2339//2339 1165//1165
f 1165//1165 2339//2339 2337//2337
f 1165//1165 2337//2337 1164//1164
f 1164//1164 2337//2337 1179//1179
f 1164//1164 1179//1179 1178//1178
f 1215//1215 1214//1214 2227//2227
f 2227//2227 1214//1214 2278//2278
f 2227//2227 2278//2278 2385//2385
f 2385//2385 2278//2278 2277//2277
f 2385//2385 2277//2277 2387//2387
f 2387//2387 2277//2277 2276//2276
f 2387//2387 2276//2276 2310//2310
f 2310//2310 2276//2276 2275//2275
f 2310//2310 2275//2275 2274//2274
f 2274//2274 2275//2275 1211//1211
f 2274//2274 1211//1211 1212//1212
f 784//784 777//777 2286//2286
f 2286//2286 777//777 778//778
f 2286//2286 778//778 779//779
f 780//780 781//781 2388//2388
f 785//785 789//789 2286//2286
f 779//779 780//780 2286//2286
f 2286//2286 780//780 2388//2388
f 2286//2286 2388//2388 785//785
f 785//785 2388//2388 2389//2389
f 785//785 2389//2389 786//786
f 781//781 660//660 2388//2388
f 2388//2388 660//660 659//659
f 2388//2388 659//659 2389//2389
f 2389//2389 659//659 641//641
f 2389//2389 641//641 2390//2390
f 2390//2390 641//641 782//782
f 660//660 781//781 752//752
f 660//660 752//752 661//661
f 661//661 752//752 751//751
f 661//661 751//751 682//682
f 682//682 751//751 749//749
f 682//682 749//749 683//683
f 683//683 749//749 748//748
f 683//683 748//748 684//684
f 748//748 759//759 684//684
f 684//684 759//759 758//758
f 684//684 758//758 694//694
f 744//744 644//644 643//643
f 744//744 643//643 764//764
f 764//764 643//643 654//654
f 764//764 654//654 768//768
f 768//768 654//654 656//656
f 768//768 656//656 767//767
f 767//767 656//656 658//658
f 767//767 658//658 766//766
f 766//766 658//658 664//664
f 766//766 664//664 765//765
f 765//765 664//664 666//666
f 765//765 666//666 763//763
f 763//763 666//666 687//687
f 763//763 687//687 762//762
f 762//762 687//687 677//677
f 762//762 677//677 761//761
f 761//761 677//677 679//679
f 761//761 679//679 760//760
f 760//760 679//679 681//681
f 760//760 681//681 755//755
f 755//755 681//681 692//692
f 755//755 692//692 756//756
f 756//756 692//692 694//694
f 756//756 694//694 758//758
f 650//650 644//644 757//757
f 757//757 644//644 744//744
f 648//648 650//650 757//757
f 2391//2391 2390//2390 757//757
f 757//757 2390//2390 782//782
f 757//757 782//782 648//648
f 2392//2392 787//787 2393//2393
f 2393//2393 787//787 786//786
f 2393//2393 786//786 2394//2394
f 2394//2394 786//786 2389//2389
f 2394//2394 2389//2389 2395//2395
f 2395//2395 2389//2389 2390//2390
f 2395//2395 2390//2390 2391//2391
f 2396//2396 1237//1237 1239//1239
f 823//823 822//822 1235//1235
f 1237//1237 2396//2396 1235//1235
f 1235//1235 2396//2396 2397//2397
f 1235//1235 2397//2397 823//823
f 787//787 2392//2392 791//791
f 791//791 2392//2392 2398//2398
f 791//791 2398//2398 1239//1239
f 1239//1239 2398//2398 2399//2399
f 1239//1239 2399//2399 2396//2396
f 924//924 2400//2400 926//926
f 848//848 850//850 590//590
f 855//855 856//856 554//554
f 2399//2399 2401//2401 2402//2402
f 2398//2398 2392//2392 2403//2403
f 2399//2399 2402//2402 2396//2396
f 2396//2396 2402//2402 2404//2404
f 2396//2396 2404//2404 2397//2397
f 2405//2405 825//825 2406//2406
f 2406//2406 825//825 824//824
f 2406//2406 824//824 2407//2407
f 2407//2407 824//824 823//823
f 2407//2407 823//823 2408//2408
f 2408//2408 823//823 2397//2397
f 830//830 828//828 2405//2405
f 2405//2405 828//828 827//827
f 2405//2405 827//827 825//825
f 2405//2405 2409//2409 830//830
f 830//830 2409//2409 2410//2410
f 830//830 2410//2410 839//839
f 839//839 2410//2410 2411//2411
f 839//839 2411//2411 841//841
f 841//841 2411//2411 2412//2412
f 841//841 2412//2412 843//843
f 2412//2412 2413//2413 843//843
f 843//843 2413//2413 2414//2414
f 843//843 2414//2414 837//837
f 837//837 2414//2414 2415//2415
f 837//837 2415//2415 835//835
f 589//589 555//555 832//832
f 554//554 856//856 555//555
f 555//555 856//856 846//846
f 555//555 846//846 832//832
f 590//590 850//850 554//554
f 554//554 850//850 852//852
f 554//554 852//852 855//855
f 592//592 909//909 590//590
f 590//590 909//909 911//911
f 590//590 911//911 848//848
f 598//598 897//897 597//597
f 597//597 897//897 899//899
f 597//597 899//899 595//595
f 899//899 901//901 595//595
f 595//595 901//901 903//903
f 595//595 903//903 594//594
f 594//594 903//903 906//906
f 594//594 906//906 592//592
f 592//592 906//906 908//908
f 592//592 908//908 909//909
f 882//882 892//892 604//604
f 604//604 892//892 891//891
f 604//604 891//891 600//600
f 600//600 891//891 890//890
f 600//600 890//890 598//598
f 598//598 890//890 895//895
f 598//598 895//895 897//897
f 604//604 603//603 882//882
f 882//882 603//603 602//602
f 882//882 602//602 884//884
f 884//884 602//602 552//552
f 884//884 552//552 886//886
f 886//886 552//552 888//888
f 888//888 552//552 551//551
f 888//888 551//551 889//889
f 889//889 551//551 857//857
f 857//857 551//551 605//605
f 857//857 605//605 880//880
f 875//875 877//877 608//608
f 608//608 877//877 879//879
f 880//880 605//605 879//879
f 879//879 605//605 607//607
f 879//879 607//607 608//608
f 866//866 868//868 611//611
f 611//611 868//868 870//870
f 611//611 870//870 873//873
f 875//875 608//608 873//873
f 873//873 608//608 610//610
f 873//873 610//610 611//611
f 865//865 614//614 863//863
f 863//863 614//614 860//860
f 866//866 611//611 865//865
f 865//865 611//611 613//613
f 865//865 613//613 614//614
f 549//549 914//914 614//614
f 614//614 914//914 913//913
f 614//614 913//913 860//860
f 926//926 2400//2400 929//929
f 929//929 2400//2400 2416//2416
f 929//929 2416//2416 927//927
f 927//927 2416//2416 2417//2417
f 927//927 2417//2417 919//919
f 2418//2418 941//941 2419//2419
f 2419//2419 941//941 939//939
f 2419//2419 939//939 2420//2420
f 2420//2420 939//939 937//937
f 2421//2421 953//953 2422//2422
f 2422//2422 953//953 947//947
f 2422//2422 947//947 2423//2423
f 2423//2423 947//947 945//945
f 2423//2423 945//945 2418//2418
f 2418//2418 945//945 943//943
f 2418//2418 943//943 941//941
f 957//957 954//954 2424//2424
f 2424//2424 954//954 950//950
f 2424//2424 950//950 2421//2421
f 2421//2421 950//950 952//952
f 2421//2421 952//952 953//953
f 2425//2425 961//961 958//958
f 964//964 966//966 2426//2426
f 2426//2426 966//966 968//968
f 2426//2426 968//968 2425//2425
f 2425//2425 968//968 969//969
f 2425//2425 969//969 961//961
f 2427//2427 1326//1326 2428//2428
f 819//819 964//964 2428//2428
f 2428//2428 964//964 2426//2426
f 2428//2428 2426//2426 2427//2427
f 2427//2427 2426//2426 2425//2425
f 2427//2427 2425//2425 2424//2424
f 2424//2424 2425//2425 958//958
f 2424//2424 958//958 957//957
f 567//567 2429//2429 565//565
f 565//565 2429//2429 742//742
f 565//565 742//742 563//563
f 757//757 750//750 2391//2391
f 2391//2391 750//750 2430//2430
f 2392//2392 2393//2393 2403//2403
f 2403//2403 2393//2393 2394//2394
f 2403//2403 2394//2394 2430//2430
f 2430//2430 2394//2394 2395//2395
f 2430//2430 2395//2395 2391//2391
f 2431//2431 2432//2432 623//623
f 623//623 2432//2432 624//624
f 624//624 2432//2432 2433//2433
f 624//624 2433//2433 619//619
f 625//625 2434//2434 620//620
f 620//620 2434//2434 2431//2431
f 620//620 2431//2431 621//621
f 621//621 2431//2431 623//623
f 561//561 1326//1326 562//562
f 562//562 1326//1326 2427//2427
f 562//562 2427//2427 637//637
f 637//637 2427//2427 638//638
f 638//638 2427//2427 2424//2424
f 638//638 2424//2424 632//632
f 632//632 2424//2424 2421//2421
f 632//632 2421//2421 633//633
f 633//633 2421//2421 634//634
f 634//634 2421//2421 2422//2422
f 634//634 2422//2422 635//635
f 635//635 2422//2422 2423//2423
f 635//635 2423//2423 629//629
f 629//629 2423//2423 2418//2418
f 629//629 2418//2418 627//627
f 627//627 2418//2418 2419//2419
f 627//627 2419//2419 625//625
f 625//625 2419//2419 2420//2420
f 625//625 2420//2420 2434//2434
f 2434//2434 2420//2420 937//937
f 2434//2434 937//937 2431//2431
f 2431//2431 937//937 935//935
f 2431//2431 935//935 2432//2432
f 2432//2432 935//935 933//933
f 2432//2432 933//933 2433//2433
f 933//933 919//919 2433//2433
f 2433//2433 919//919 2417//2417
f 2433//2433 2417//2417 619//619
f 619//619 2417//2417 2416//2416
f 619//619 2416//2416 617//617
f 617//617 2416//2416 2400//2400
f 617//617 2400//2400 615//615
f 615//615 2400//2400 924//924
f 615//615 924//924 548//548
f 548//548 924//924 923//923
f 548//548 923//923 549//549
f 549//549 923//923 916//916
f 549//549 916//916 914//914
f 750//750 742//742 2430//2430
f 2430//2430 742//742 2429//2429
f 2430//2430 2429//2429 2403//2403
f 2403//2403 2429//2429 2401//2401
f 2403//2403 2401//2401 2398//2398
f 2398//2398 2401//2401 2399//2399
f 567//567 569//569 2429//2429
f 2429//2429 569//569 570//570
f 2429//2429 570//570 2401//2401
f 2401//2401 570//570 572//572
f 2401//2401 572//572 2402//2402
f 2397//2397 2404//2404 2408//2408
f 2408//2408 2404//2404 580//580
f 2408//2408 580//580 2407//2407
f 2407//2407 580//580 579//579
f 2407//2407 579//579 2406//2406
f 2406//2406 579//579 583//583
f 2406//2406 583//583 2405//2405
f 2405//2405 583//583 582//582
f 2405//2405 582//582 2409//2409
f 572//572 573//573 2402//2402
f 2402//2402 573//573 575//575
f 2402//2402 575//575 2404//2404
f 2404//2404 575//575 577//577
f 2404//2404 577//577 580//580
f 582//582 581//581 2409//2409
f 2409//2409 581//581 558//558
f 2409//2409 558//558 2410//2410
f 2410//2410 558//558 557//557
f 2410//2410 557//557 2411//2411
f 2411//2411 557//557 584//584
f 2411//2411 584//584 2412//2412
f 2412//2412 584//584 586//586
f 2412//2412 586//586 2413//2413
f 2413//2413 586//586 588//588
f 2413//2413 588//588 2414//2414
f 2414//2414 588//588 589//589
f 2414//2414 589//589 2415//2415
f 2415//2415 589//589 832//832
f 2415//2415 832//832 835//835
f 92//92 807//807 91//91
f 91//91 807//807 809//809
f 91//91 809//809 90//90
f 90//90 809//809 811//811
f 90//90 811//811 89//89
f 89//89 811//811 88//88
f 88//88 811//811 813//813
f 88//88 813//813 29//29
f 35//35 38//38 819//819
f 819//819 38//38 39//39
f 819//819 39//39 817//817
f 817//817 39//39 40//40
f 817//817 40//40 815//815
f 815//815 40//40 41//41
f 815//815 41//41 813//813
f 813//813 41//41 28//28
f 813//813 28//28 29//29
f 1270//1270 1272//1272 1326//1326
f 1326//1326 1272//1272 1274//1274
f 1326//1326 1274//1274 1276//1276
f 1276//1276 1278//1278 1326//1326
f 1326//1326 1278//1278 1279//1279
f 1326//1326 1279//1279 1281//1281
f 801//801 803//803 317//317
f 92//92 94//94 807//807
f 807//807 94//94 9//9
f 807//807 9//9 8//8
f 317//317 803//803 318//318
f 318//318 803//803 805//805
f 318//318 805//805 319//319
f 319//319 805//805 807//807
f 319//319 807//807 11//11
f 11//11 807//807 8//8
f 11//11 8//8 6//6
f 30//30 32//32 819//819
f 819//819 32//32 34//34
f 819//819 34//34 35//35
f 338//338 337//337 819//819
f 341//341 340//340 819//819
f 819//819 340//340 284//284
f 317//317 316//316 801//801
f 801//801 316//316 315//315
f 801//801 315//315 799//799
f 799//799 315//315 321//321
f 799//799 321//321 797//797
f 337//337 343//343 819//819
f 819//819 343//343 342//342
f 819//819 342//342 341//341
f 329//329 336//336 2428//2428
f 329//329 2428//2428 330//330
f 338//338 819//819 339//339
f 339//339 819//819 2428//2428
f 339//339 2428//2428 333//333
f 283//283 30//30 288//288
f 288//288 30//30 819//819
f 288//288 819//819 286//286
f 286//286 819//819 284//284
f 321//321 320//320 797//797
f 797//797 320//320 325//325
f 797//797 325//325 795//795
f 336//336 335//335 2428//2428
f 2428//2428 335//335 334//334
f 2428//2428 334//334 333//333
f 2435//2435 2436//2436 328//328
f 2437//2437 331//331 2438//2438
f 2438//2438 331//331 1282//1282
f 1281//1281 1283//1283 1326//1326
f 1326//1326 1283//1283 1282//1282
f 1326//1326 1282//1282 2428//2428
f 2428//2428 1282//1282 331//331
f 2428//2428 331//331 330//330
f 325//325 324//324 795//795
f 795//795 324//324 323//323
f 795//795 323//323 792//792
f 792//792 323//323 322//322
f 792//792 322//322 2436//2436
f 2436//2436 322//322 314//314
f 2436//2436 314//314 328//328
f 328//328 327//327 2435//2435
f 2435//2435 327//327 326//326
f 2435//2435 326//326 2437//2437
f 2437//2437 326//326 332//332
f 2437//2437 332//332 331//331
f 793//793 792//792 2439//2439
f 2439//2439 792//792 2436//2436
f 2439//2439 2436//2436 2440//2440
f 2440//2440 2436//2436 2435//2435
f 2440//2440 2435//2435 2441//2441
f 2441//2441 2435//2435 2437//2437
f 2441//2441 2437//2437 2442//2442
f 2442//2442 2437//2437 2438//2438
f 2442//2442 2438//2438 1183//1183
f 1183//1183 2438//2438 1282//1282
f 1183//1183 1282//1282 1185//1185
f 268//268 267//267 207//207
f 238//238 244//244 975//975
f 975//975 244//244 243//243
f 271//271 183//183 270//270
f 270//270 183//183 269//269
f 2439//2439 276//276 793//793
f 793//793 276//276 275//275
f 793//793 275//275 794//794
f 794//794 275//275 274//274
f 794//794 274//274 796//796
f 796//796 274//274 273//273
f 796//796 273//273 798//798
f 243//243 241//241 975//975
f 975//975 241//241 240//240
f 975//975 240//240 156//156
f 2441//2441 279//279 2440//2440
f 2440//2440 279//279 278//278
f 2440//2440 278//278 2439//2439
f 2439//2439 278//278 277//277
f 2439//2439 277//277 276//276
f 272//272 281//281 1181//1181
f 1181//1181 281//281 280//280
f 1181//1181 280//280 1183//1183
f 1183//1183 280//280 279//279
f 1183//1183 279//279 2442//2442
f 2442//2442 279//279 2441//2441
f 816//816 232//232 818//818
f 818//818 232//232 236//236
f 818//818 236//236 820//820
f 820//820 236//236 235//235
f 820//820 235//235 975//975
f 975//975 235//235 239//239
f 975//975 239//239 238//238
f 156//156 155//155 975//975
f 975//975 155//155 183//183
f 975//975 183//183 1181//1181
f 1181//1181 183//183 271//271
f 1181//1181 271//271 272//272
f 273//273 268//268 798//798
f 798//798 268//268 207//207
f 798//798 207//207 800//800
f 800//800 207//207 210//210
f 800//800 210//210 802//802
f 215//215 806//806 216//216
f 216//216 806//806 804//804
f 222//222 810//810 217//217
f 217//217 810//810 808//808
f 222//222 224//224 810//810
f 810//810 224//224 225//225
f 810//810 225//225 812//812
f 210//210 209//209 802//802
f 802//802 209//209 211//211
f 802//802 211//211 804//804
f 804//804 211//211 213//213
f 804//804 213//213 216//216
f 215//215 221//221 806//806
f 806//806 221//221 220//220
f 806//806 220//220 808//808
f 808//808 220//220 218//218
f 808//808 218//218 217//217
f 225//225 227//227 812//812
f 812//812 227//227 230//230
f 812//812 230//230 814//814
f 814//814 230//230 229//229
f 814//814 229//229 816//816
f 816//816 229//229 233//233
f 816//816 233//233 232//232
# 4868 faces, 0 coords texture

# End of File
